epoch,fold,dice_train,loss_train,bce_train,accuracy_train,precision_train,f1_train,dice_test,loss_test,bce_test,accuracy_test,precision_test,f1_test
0.0,0.0,0.02724841982126236,0.9727515578269958,0.4502955675125122,0.9048604369163513,0.025362160056829453,0.036801956593990326,0.011954612098634243,0.9880453944206238,0.43886491656303406,0.881039559841156,0.012633518315851688,0.020416883751749992
0.0,1.0,0.029766909778118134,0.9702330827713013,0.449134886264801,0.846233606338501,0.03181487321853638,0.05346601828932762,0.038365546613931656,0.9616344571113586,0.4586458206176758,0.8098028898239136,0.039026401937007904,0.06856267899274826
0.0,2.0,0.04194336384534836,0.9580566883087158,0.4538484513759613,0.7731828093528748,0.03683088719844818,0.0641942098736763,0.05537492781877518,0.9446249604225159,0.3754744827747345,0.8462321162223816,0.05079285055398941,0.08495621383190155
0.0,3.0,0.05867036059498787,0.9413297772407532,0.27153995633125305,0.9139159321784973,0.070121169090271,0.10453007370233536,0.1311754584312439,0.8688245415687561,0.247406005859375,0.9310834407806396,0.14452095329761505,0.21075549721717834
0.0,4.0,0.11373858153820038,0.8862614035606384,0.17869658768177032,0.9482790231704712,0.15157625079154968,0.16121672093868256,0.19441655278205872,0.8055833578109741,0.03895089775323868,0.9953612685203552,0.26835712790489197,0.22347134351730347
1.0,0.0,0.4385682940483093,0.5614318251609802,0.2800370454788208,0.9925114512443542,0.24004189670085907,0.22593028843402863,0.796337902545929,0.20366203784942627,0.4627046585083008,0.9953728914260864,0.0,0.0
1.0,1.0,0.5892189145088196,0.4107811152935028,1.0523666143417358,0.9894763827323914,0.0,0.0,0.5041986107826233,0.4958013892173767,1.1695499420166016,0.9883045554161072,0.0,0.0
1.0,2.0,0.5687655210494995,0.43123453855514526,1.0751229524612427,0.9892489314079285,0.0,0.0,0.5830915570259094,0.41690847277641296,1.0817755460739136,0.9891822934150696,0.0,0.0
1.0,3.0,0.609307050704956,0.39069294929504395,0.9367603659629822,0.9906322956085205,0.0,0.0,0.4126715064048767,0.5873284935951233,1.6676682233810425,0.983323335647583,0.0,0.0
1.0,4.0,0.5770106315612793,0.4229893684387207,1.0850200653076172,0.989149808883667,0.0,0.0,0.5493102073669434,0.45068976283073425,1.0404146909713745,0.9895958304405212,0.0,0.0
2.0,0.0,0.5134783387184143,0.4865216910839081,1.2356228828430176,0.9876437783241272,0.0,0.0,0.7963423728942871,0.20365765690803528,0.4627046585083008,0.9953729510307312,0.0,0.0
2.0,1.0,0.5892192721366882,0.41078075766563416,1.0523667335510254,0.9894763231277466,0.0,0.0,0.5041986107826233,0.4958014190196991,1.1695499420166016,0.9883044958114624,0.0,0.0
2.0,2.0,0.5687655210494995,0.4312345087528229,1.0751230716705322,0.9892486929893494,0.0,0.0,0.5830915570259094,0.41690847277641296,1.0817755460739136,0.9891822934150696,0.0,0.0
2.0,3.0,0.6093071103096008,0.39069294929504395,0.9367602467536926,0.9906324744224548,0.0,0.0,0.41267144680023193,0.5873285531997681,1.6676684617996216,0.9833232164382935,0.0,0.0
2.0,4.0,0.5770106911659241,0.4229893386363983,1.0850201845169067,0.9891497492790222,0.0,0.0,0.5493101477622986,0.45068982243537903,1.0404146909713745,0.9895958304405212,0.0,0.0
3.0,0.0,0.5134782195091248,0.48652178049087524,1.2356230020523071,0.987643837928772,0.0,0.0,0.7963423728942871,0.20365765690803528,0.4627046585083008,0.9953729510307312,0.0,0.0
3.0,1.0,0.5892192125320435,0.41078075766563416,1.0523667335510254,0.9894763827323914,0.0,0.0,0.5041986703872681,0.4958013892173767,1.1695499420166016,0.9883045554161072,0.0,0.0
3.0,2.0,0.5687654614448547,0.43123453855514526,1.0751229524612427,0.9892486929893494,0.0,0.0,0.5830915570259094,0.41690847277641296,1.0817755460739136,0.98918217420578,0.0,0.0
3.0,3.0,0.609307050704956,0.3906928598880768,0.9367601275444031,0.9906324744224548,0.0,0.0,0.41267144680023193,0.5873284935951233,1.6676682233810425,0.983323335647583,0.0,0.0
3.0,4.0,0.5770106315612793,0.4229893684387207,1.0850200653076172,0.9891498684883118,0.0,0.0,0.5493101477622986,0.45068979263305664,1.0404146909713745,0.9895958304405212,0.0,0.0
4.0,0.0,0.5134782195091248,0.48652175068855286,1.2356228828430176,0.9876437783241272,0.0,0.0,0.7963423728942871,0.20365765690803528,0.4627046585083008,0.9953728914260864,0.0,0.0
4.0,1.0,0.5892192721366882,0.41078075766563416,1.0523667335510254,0.9894763231277466,0.0,0.0,0.5041986107826233,0.4958013594150543,1.169549822807312,0.9883044958114624,0.0,0.0
4.0,2.0,0.5687655210494995,0.4312345087528229,1.0751230716705322,0.9892488121986389,0.0,0.0,0.5830915570259094,0.4169084429740906,1.0817755460739136,0.9891822934150696,0.0,0.0
4.0,3.0,0.609307050704956,0.39069294929504395,0.9367600679397583,0.9906324148178101,0.0,0.0,0.4126715064048767,0.5873284935951233,1.6676684617996216,0.983323335647583,0.0,0.0
4.0,4.0,0.5770106315612793,0.4229893088340759,1.0850201845169067,0.989149808883667,0.0,0.0,0.5493102073669434,0.45068979263305664,1.0404146909713745,0.9895958304405212,0.0,0.0
5.0,0.0,0.5134782195091248,0.48652178049087524,1.2356228828430176,0.987643837928772,0.0,0.0,0.7963423728942871,0.2036575973033905,0.4627046585083008,0.9953728914260864,0.0,0.0
5.0,1.0,0.5892192125320435,0.41078078746795654,1.0523667335510254,0.9894762635231018,0.0,0.0,0.5041986107826233,0.4958014190196991,1.1695499420166016,0.9883045554161072,0.0,0.0
5.0,2.0,0.5687655210494995,0.4312345087528229,1.0751230716705322,0.9892486929893494,0.0,0.0,0.5830915570259094,0.41690847277641296,1.0817755460739136,0.9891822934150696,0.0,0.0
5.0,3.0,0.609307050704956,0.39069294929504395,0.9367602467536926,0.9906324148178101,0.0,0.0,0.41267144680023193,0.5873285531997681,1.6676684617996216,0.9833232164382935,0.0,0.0
5.0,4.0,0.5770106911659241,0.4229893386363983,1.0850200653076172,0.989149808883667,0.0,0.0,0.5493101477622986,0.45068979263305664,1.0404146909713745,0.9895958304405212,0.0,0.0
6.0,0.0,0.5134782195091248,0.48652178049087524,1.2356228828430176,0.9876437783241272,0.0,0.0,0.7963423728942871,0.20365765690803528,0.4627046585083008,0.9953728914260864,0.0,0.0
6.0,1.0,0.5892192125320435,0.41078078746795654,1.0523667335510254,0.9894763231277466,0.0,0.0,0.5041986107826233,0.4958014190196991,1.1695499420166016,0.9883045554161072,0.0,0.0
6.0,2.0,0.5687655806541443,0.4312344193458557,1.0751230716705322,0.9892487525939941,0.0,0.0,0.5830915570259094,0.41690847277641296,1.0817755460739136,0.9891822934150696,0.0,0.0
6.0,3.0,0.609307050704956,0.39069297909736633,0.9367600679397583,0.9906324744224548,0.0,0.0,0.41267144680023193,0.5873284935951233,1.6676682233810425,0.983323335647583,0.0,0.0
6.0,4.0,0.5770106315612793,0.4229893088340759,1.0850201845169067,0.9891496300697327,0.0,0.0,0.5493102073669434,0.45068979263305664,1.0404146909713745,0.9895958304405212,0.0,0.0
7.0,0.0,0.5134782195091248,0.48652172088623047,1.2356228828430176,0.9876437783241272,0.0,0.0,0.7963423728942871,0.20365767180919647,0.4627046585083008,0.9953728914260864,0.0,0.0
7.0,1.0,0.5892192721366882,0.41078072786331177,1.0523667335510254,0.9894762635231018,0.0,0.0,0.5041986107826233,0.4958013892173767,1.1695499420166016,0.9883045554161072,0.0,0.0
7.0,2.0,0.5687655806541443,0.4312344789505005,1.0751229524612427,0.9892488121986389,0.0,0.0,0.5830915570259094,0.4169084429740906,1.0817755460739136,0.9891822934150696,0.0,0.0
7.0,3.0,0.609307050704956,0.39069294929504395,0.9367601275444031,0.9906324744224548,0.0,0.0,0.4126715064048767,0.5873284935951233,1.6676682233810425,0.9833232164382935,0.0,0.0
7.0,4.0,0.5770106911659241,0.4229893088340759,1.0850201845169067,0.9891498684883118,0.0,0.0,0.5493101477622986,0.45068982243537903,1.0404146909713745,0.9895958304405212,0.0,0.0
8.0,0.0,0.5134782195091248,0.48652175068855286,1.2356228828430176,0.9876437783241272,0.0,0.0,0.7963423728942871,0.20365765690803528,0.4627046585083008,0.9953729510307312,0.0,0.0
8.0,1.0,0.5892192125320435,0.41078078746795654,1.0523667335510254,0.9894763827323914,0.0,0.0,0.5041986107826233,0.4958013892173767,1.169549822807312,0.9883044958114624,0.0,0.0
8.0,2.0,0.5687655210494995,0.4312345087528229,1.0751229524612427,0.9892488121986389,0.0,0.0,0.5830915570259094,0.41690847277641296,1.0817755460739136,0.9891822934150696,0.0,0.0
8.0,3.0,0.609307050704956,0.39069294929504395,0.9367602467536926,0.9906324148178101,0.0,0.0,0.4126715064048767,0.5873284935951233,1.6676684617996216,0.983323335647583,0.0,0.0
8.0,4.0,0.5770106911659241,0.42298927903175354,1.0850201845169067,0.989149808883667,0.0,0.0,0.5493101477622986,0.45068982243537903,1.0404146909713745,0.9895958304405212,0.0,0.0
9.0,0.0,0.5134782195091248,0.48652175068855286,1.2356228828430176,0.987643837928772,0.0,0.0,0.7963423728942871,0.20365765690803528,0.4627046585083008,0.9953729510307312,0.0,0.0
9.0,1.0,0.589219331741333,0.41078075766563416,1.052366852760315,0.9894761443138123,0.0,0.0,0.5041986107826233,0.4958014190196991,1.1695499420166016,0.9883044958114624,0.0,0.0
9.0,2.0,0.5687655210494995,0.4312345087528229,1.0751229524612427,0.9892487525939941,0.0,0.0,0.5830915570259094,0.41690847277641296,1.0817755460739136,0.9891822934150696,0.0,0.0
9.0,3.0,0.609307050704956,0.39069294929504395,0.9367602467536926,0.9906324148178101,0.0,0.0,0.41267141699790955,0.5873285531997681,1.6676682233810425,0.9833233952522278,0.0,0.0
9.0,4.0,0.5770106315612793,0.4229893684387207,1.0850201845169067,0.9891497492790222,0.0,0.0,0.5493102073669434,0.45068982243537903,1.0404146909713745,0.9895958304405212,0.0,0.0
10.0,0.0,0.5134782195091248,0.48652175068855286,1.2356230020523071,0.9876437783241272,0.0,0.0,0.7963424324989319,0.20365767180919647,0.4627046585083008,0.9953728914260864,0.0,0.0
10.0,1.0,0.5892192125320435,0.41078072786331177,1.0523667335510254,0.9894763827323914,0.0,0.0,0.5041986107826233,0.4958013892173767,1.1695499420166016,0.9883044958114624,0.0,0.0
10.0,2.0,0.5687655210494995,0.43123453855514526,1.0751230716705322,0.9892487525939941,0.0,0.0,0.5830916166305542,0.41690847277641296,1.0817755460739136,0.9891822934150696,0.0,0.0
10.0,3.0,0.609307050704956,0.39069288969039917,0.9367602467536926,0.9906324148178101,0.0,0.0,0.41267141699790955,0.5873285531997681,1.6676684617996216,0.983323335647583,0.0,0.0
10.0,4.0,0.5770106315612793,0.4229893088340759,1.0850201845169067,0.9891497492790222,0.0,0.0,0.5493102073669434,0.45068979263305664,1.0404146909713745,0.9895958304405212,0.0,0.0
11.0,0.0,0.5134782195091248,0.48652172088623047,1.2356228828430176,0.9876437783241272,0.0,0.0,0.7963423728942871,0.20365765690803528,0.4627046585083008,0.9953729510307312,0.0,0.0
11.0,1.0,0.589219331741333,0.41078072786331177,1.0523667335510254,0.9894763231277466,0.0,0.0,0.5041986107826233,0.4958013892173767,1.1695499420166016,0.9883045554161072,0.0,0.0
11.0,2.0,0.5687655210494995,0.43123453855514526,1.0751229524612427,0.9892489314079285,0.0,0.0,0.5830915570259094,0.4169084131717682,1.0817755460739136,0.9891822934150696,0.0,0.0
11.0,3.0,0.6093071103096008,0.39069294929504395,0.9367601275444031,0.9906323552131653,0.0,0.0,0.41267144680023193,0.5873285531997681,1.6676684617996216,0.983323335647583,0.0,0.0
11.0,4.0,0.5770106911659241,0.4229893088340759,1.0850200653076172,0.989149808883667,0.0,0.0,0.5493101477622986,0.45068979263305664,1.0404146909713745,0.9895958304405212,0.0,0.0
12.0,0.0,0.5134782791137695,0.4865216910839081,1.2356228828430176,0.9876437783241272,0.0,0.0,0.7963424324989319,0.2036576271057129,0.4627046585083008,0.9953728914260864,0.0,0.0
12.0,1.0,0.5892192721366882,0.41078075766563416,1.0523666143417358,0.9894763231277466,0.0,0.0,0.5041986107826233,0.4958013892173767,1.169549822807312,0.9883045554161072,0.0,0.0
12.0,2.0,0.5687655210494995,0.4312344193458557,1.0751230716705322,0.9892487525939941,0.0,0.0,0.5830916166305542,0.4169084429740906,1.0817755460739136,0.9891822934150696,0.0,0.0
12.0,3.0,0.6093071103096008,0.39069288969039917,0.9367602467536926,0.9906324148178101,0.0,0.0,0.4126715064048767,0.5873284935951233,1.6676682233810425,0.983323335647583,0.0,0.0
12.0,4.0,0.5770106315612793,0.4229893386363983,1.0850201845169067,0.989149808883667,0.0,0.0,0.5493102073669434,0.45068979263305664,1.0404146909713745,0.9895958304405212,0.0,0.0
13.0,0.0,0.5134782195091248,0.48652175068855286,1.2356230020523071,0.9876438975334167,0.0,0.0,0.7963424324989319,0.2036575973033905,0.4627046585083008,0.9953728914260864,0.0,0.0
13.0,1.0,0.5892192125320435,0.41078075766563416,1.0523666143417358,0.9894763827323914,0.0,0.0,0.5041986703872681,0.4958013892173767,1.1695499420166016,0.9883045554161072,0.0,0.0
13.0,2.0,0.5687655210494995,0.4312345087528229,1.0751230716705322,0.9892486929893494,0.0,0.0,0.5830915570259094,0.4169084429740906,1.0817755460739136,0.9891822934150696,0.0,0.0
13.0,3.0,0.609307050704956,0.39069294929504395,0.9367600679397583,0.9906325340270996,0.0,0.0,0.4126715362071991,0.5873284935951233,1.6676684617996216,0.9833232164382935,0.0,0.0
13.0,4.0,0.5770106911659241,0.4229893088340759,1.0850200653076172,0.989149808883667,0.0,0.0,0.5493102073669434,0.45068976283073425,1.0404146909713745,0.9895958304405212,0.0,0.0
14.0,0.0,0.5134782791137695,0.48652175068855286,1.2356228828430176,0.987643837928772,0.0,0.0,0.7963424324989319,0.2036575973033905,0.4627046585083008,0.9953728914260864,0.0,0.0
14.0,1.0,0.5892192125320435,0.41078075766563416,1.0523667335510254,0.9894762635231018,0.0,0.0,0.5041986703872681,0.4958013594150543,1.169549822807312,0.9883044958114624,0.0,0.0
14.0,2.0,0.5687655210494995,0.4312345087528229,1.0751230716705322,0.9892487525939941,0.0,0.0,0.5830915570259094,0.4169084429740906,1.0817755460739136,0.9891822934150696,0.0,0.0
14.0,3.0,0.6093071103096008,0.39069294929504395,0.9367600679397583,0.9906324744224548,0.0,0.0,0.4126715064048767,0.5873284935951233,1.6676684617996216,0.983323335647583,0.0,0.0
14.0,4.0,0.5770107507705688,0.42298927903175354,1.0850201845169067,0.9891497492790222,0.0,0.0,0.5493102073669434,0.45068979263305664,1.0404146909713745,0.9895959496498108,0.0,0.0
15.0,0.0,0.5134782195091248,0.48652172088623047,1.2356228828430176,0.9876437187194824,0.0,0.0,0.7963424324989319,0.2036575824022293,0.4627046585083008,0.9953728914260864,0.0,0.0
15.0,1.0,0.5892192125320435,0.41078072786331177,1.0523667335510254,0.9894763231277466,0.0,0.0,0.5041986703872681,0.4958013594150543,1.1695499420166016,0.9883045554161072,0.0,0.0
15.0,2.0,0.5687655210494995,0.4312345087528229,1.0751230716705322,0.9892487525939941,0.0,0.0,0.5830916166305542,0.4169084131717682,1.0817755460739136,0.98918217420578,0.0,0.0
15.0,3.0,0.609307050704956,0.39069288969039917,0.9367601275444031,0.9906324744224548,0.0,0.0,0.4126715064048767,0.5873284935951233,1.6676684617996216,0.9833233952522278,0.0,0.0
15.0,4.0,0.5770106315612793,0.4229893386363983,1.0850201845169067,0.9891497492790222,0.0,0.0,0.5493102073669434,0.45068976283073425,1.0404146909713745,0.9895958304405212,0.0,0.0
16.0,0.0,0.5134782195091248,0.48652178049087524,1.2356228828430176,0.9876437187194824,0.0,0.0,0.7963424324989319,0.2036575824022293,0.4627046585083008,0.9953728914260864,0.0,0.0
16.0,1.0,0.5892192125320435,0.41078072786331177,1.0523667335510254,0.9894763827323914,0.0,0.0,0.5041986703872681,0.4958013594150543,1.1695499420166016,0.9883044958114624,0.0,0.0
16.0,2.0,0.5687655210494995,0.4312344789505005,1.0751230716705322,0.9892486929893494,0.0,0.0,0.5830916166305542,0.4169084429740906,1.0817755460739136,0.9891822934150696,0.0,0.0
16.0,3.0,0.6093071103096008,0.39069288969039917,0.9367601275444031,0.9906324744224548,0.0,0.0,0.4126715064048767,0.5873284935951233,1.6676682233810425,0.983323335647583,0.0,0.0
16.0,4.0,0.5770106315612793,0.4229893386363983,1.0850201845169067,0.9891497492790222,0.0,0.0,0.5493102073669434,0.45068973302841187,1.0404146909713745,0.9895957708358765,0.0,0.0
17.0,0.0,0.5134782791137695,0.48652172088623047,1.2356228828430176,0.9876437783241272,0.0,0.0,0.7963423728942871,0.2036575973033905,0.4627046585083008,0.9953728914260864,0.0,0.0
17.0,1.0,0.5892192125320435,0.41078072786331177,1.0523666143417358,0.9894763231277466,0.0,0.0,0.5041986703872681,0.4958014190196991,1.169549822807312,0.9883045554161072,0.0,0.0
17.0,2.0,0.5687655210494995,0.4312345087528229,1.0751230716705322,0.9892486929893494,0.0,0.0,0.5830916166305542,0.4169084131717682,1.0817755460739136,0.98918217420578,0.0,0.0
17.0,3.0,0.609307050704956,0.39069288969039917,0.9367602467536926,0.9906323552131653,0.0,0.0,0.4126715064048767,0.5873284935951233,1.6676684617996216,0.983323335647583,0.0,0.0
17.0,4.0,0.5770106315612793,0.4229893088340759,1.0850200653076172,0.989149808883667,0.0,0.0,0.5493102073669434,0.45068979263305664,1.0404146909713745,0.9895957708358765,0.0,0.0
18.0,0.0,0.5134783387184143,0.48652172088623047,1.2356228828430176,0.987643837928772,0.0,0.0,0.7963423728942871,0.2036575973033905,0.4627046585083008,0.9953728914260864,0.0,0.0
18.0,1.0,0.5892192721366882,0.41078075766563416,1.0523667335510254,0.9894763231277466,0.0,0.0,0.5041986107826233,0.4958013892173767,1.169549822807312,0.9883045554161072,0.0,0.0
18.0,2.0,0.5687655210494995,0.4312344789505005,1.0751229524612427,0.9892487525939941,0.0,0.0,0.5830915570259094,0.4169084131717682,1.0817755460739136,0.9891822934150696,0.0,0.0
18.0,3.0,0.609307050704956,0.39069288969039917,0.9367602467536926,0.9906322956085205,0.0,0.0,0.4126715064048767,0.5873284935951233,1.6676684617996216,0.9833233952522278,0.0,0.0
18.0,4.0,0.5770106315612793,0.4229893386363983,1.0850201845169067,0.989149808883667,0.0,0.0,0.5493102669715881,0.45068976283073425,1.0404146909713745,0.9895957708358765,0.0,0.0
19.0,0.0,0.5134782195091248,0.48652178049087524,1.2356230020523071,0.9876437187194824,0.0,0.0,0.7963424324989319,0.2036575973033905,0.4627046585083008,0.9953729510307312,0.0,0.0
19.0,1.0,0.5892192721366882,0.41078072786331177,1.0523667335510254,0.9894763827323914,0.0,0.0,0.5041986703872681,0.4958013594150543,1.169549822807312,0.9883044958114624,0.0,0.0
19.0,2.0,0.5687655210494995,0.4312344193458557,1.0751229524612427,0.9892489910125732,0.0,0.0,0.5830916166305542,0.4169084131717682,1.0817755460739136,0.98918217420578,0.0,0.0
19.0,3.0,0.609307050704956,0.39069288969039917,0.9367601275444031,0.9906324148178101,0.0,0.0,0.4126715064048767,0.5873284935951233,1.6676684617996216,0.983323335647583,0.0,0.0
19.0,4.0,0.5770107507705688,0.4229893088340759,1.0850201845169067,0.989149808883667,0.0,0.0,0.5493102073669434,0.45068976283073425,1.0404146909713745,0.9895957708358765,0.0,0.0
20.0,0.0,0.5134782195091248,0.48652175068855286,1.2356228828430176,0.9876437187194824,0.0,0.0,0.7963424324989319,0.2036575824022293,0.4627046585083008,0.9953728914260864,0.0,0.0
20.0,1.0,0.5892192125320435,0.41078075766563416,1.0523667335510254,0.9894762635231018,0.0,0.0,0.5041986703872681,0.4958013594150543,1.169549822807312,0.9883045554161072,0.0,0.0
20.0,2.0,0.5687655210494995,0.4312345087528229,1.0751229524612427,0.9892487525939941,0.0,0.0,0.5830916166305542,0.4169084429740906,1.0817755460739136,0.9891822934150696,0.0,0.0
20.0,3.0,0.6093071103096008,0.39069297909736633,0.9367601275444031,0.9906324148178101,0.0,0.0,0.4126715064048767,0.5873284935951233,1.6676684617996216,0.9833232164382935,0.0,0.0
20.0,4.0,0.5770107507705688,0.42298927903175354,1.0850201845169067,0.9891497492790222,0.0,0.0,0.5493102669715881,0.45068976283073425,1.0404146909713745,0.9895958304405212,0.0,0.0
21.0,0.0,0.5134783387184143,0.48652172088623047,1.2356228828430176,0.9876437783241272,0.0,0.0,0.7963423728942871,0.2036575973033905,0.4627046585083008,0.9953729510307312,0.0,0.0
21.0,1.0,0.5892192125320435,0.41078075766563416,1.0523667335510254,0.9894763827323914,0.0,0.0,0.5041986703872681,0.4958013594150543,1.169549822807312,0.9883045554161072,0.0,0.0
21.0,2.0,0.5687655806541443,0.4312344789505005,1.0751230716705322,0.9892486929893494,0.0,0.0,0.5830916166305542,0.4169084429740906,1.0817755460739136,0.9891822934150696,0.0,0.0
21.0,3.0,0.6093071103096008,0.39069288969039917,0.9367600679397583,0.9906324744224548,0.0,0.0,0.41267144680023193,0.5873285531997681,1.6676684617996216,0.983323335647583,0.0,0.0
21.0,4.0,0.5770106315612793,0.4229893386363983,1.0850201845169067,0.989149808883667,0.0,0.0,0.5493102669715881,0.45068976283073425,1.0404146909713745,0.9895958304405212,0.0,0.0
22.0,0.0,0.5134782791137695,0.4865216612815857,1.2356230020523071,0.9876436591148376,0.0,0.0,0.7963424324989319,0.2036575973033905,0.4627046585083008,0.9953728914260864,0.0,0.0
22.0,1.0,0.5892192125320435,0.41078072786331177,1.0523667335510254,0.9894764423370361,0.0,0.0,0.5041986703872681,0.4958013892173767,1.1695499420166016,0.9883045554161072,0.0,0.0
22.0,2.0,0.5687655210494995,0.4312344789505005,1.0751229524612427,0.9892487525939941,0.0,0.0,0.583091676235199,0.4169084131717682,1.0817755460739136,0.9891822934150696,0.0,0.0
22.0,3.0,0.6093071103096008,0.39069294929504395,0.9367601275444031,0.9906324148178101,0.0,0.0,0.4126715064048767,0.5873284935951233,1.6676684617996216,0.983323335647583,0.0,0.0
22.0,4.0,0.5770107507705688,0.42298927903175354,1.0850200653076172,0.9891497492790222,0.0,0.0,0.5493102073669434,0.45068979263305664,1.0404146909713745,0.9895958304405212,0.0,0.0
23.0,0.0,0.5134782195091248,0.48652178049087524,1.2356228828430176,0.9876438975334167,0.0,0.0,0.7963424324989319,0.2036575824022293,0.4627046585083008,0.9953728914260864,0.0,0.0
23.0,1.0,0.5892192721366882,0.41078075766563416,1.0523667335510254,0.9894763231277466,0.0,0.0,0.5041986703872681,0.4958014190196991,1.169549822807312,0.9883045554161072,0.0,0.0
23.0,2.0,0.5687655806541443,0.4312344193458557,1.0751229524612427,0.9892487525939941,0.0,0.0,0.5830916166305542,0.4169084429740906,1.0817755460739136,0.98918217420578,0.0,0.0
23.0,3.0,0.6093071699142456,0.39069288969039917,0.9367602467536926,0.9906323552131653,0.0,0.0,0.4126715064048767,0.5873285531997681,1.6676682233810425,0.983323335647583,0.0,0.0
23.0,4.0,0.5770107507705688,0.4229893386363983,1.0850200653076172,0.9891498684883118,0.0,0.0,0.5493102669715881,0.45068976283073425,1.0404146909713745,0.9895957708358765,0.0,0.0
24.0,0.0,0.5134782195091248,0.48652175068855286,1.2356230020523071,0.9876437783241272,0.0,0.0,0.7963423728942871,0.2036575973033905,0.4627046585083008,0.9953728914260864,0.0,0.0
24.0,1.0,0.589219331741333,0.41078075766563416,1.0523667335510254,0.9894763231277466,0.0,0.0,0.5041986107826233,0.4958013892173767,1.1695499420166016,0.9883044958114624,0.0,0.0
24.0,2.0,0.5687655210494995,0.4312344789505005,1.0751229524612427,0.9892487525939941,0.0,0.0,0.5830916166305542,0.4169084131717682,1.0817755460739136,0.9891822934150696,0.0,0.0
24.0,3.0,0.6093071103096008,0.3906928598880768,0.9367602467536926,0.9906324148178101,0.0,0.0,0.41267144680023193,0.5873285531997681,1.6676684617996216,0.9833233952522278,0.0,0.0
24.0,4.0,0.5770106315612793,0.4229893982410431,1.0850200653076172,0.989149808883667,0.0,0.0,0.5493102073669434,0.45068976283073425,1.0404146909713745,0.9895958304405212,0.0,0.0
25.0,0.0,0.5134782791137695,0.48652175068855286,1.2356226444244385,0.987643837928772,0.0,0.0,0.7963424324989319,0.2036575973033905,0.4627046585083008,0.9953728914260864,0.0,0.0
25.0,1.0,0.5892192721366882,0.41078072786331177,1.0523666143417358,0.9894764423370361,0.0,0.0,0.5041986703872681,0.4958013892173767,1.1695499420166016,0.9883044958114624,0.0,0.0
25.0,2.0,0.5687655210494995,0.4312345087528229,1.0751230716705322,0.9892487525939941,0.0,0.0,0.5830915570259094,0.4169084131717682,1.0817755460739136,0.98918217420578,0.0,0.0
25.0,3.0,0.6093071103096008,0.3906928598880768,0.9367602467536926,0.9906323552131653,0.0,0.0,0.4126715362071991,0.5873284935951233,1.6676684617996216,0.983323335647583,0.0,0.0
25.0,4.0,0.5770106911659241,0.4229893386363983,1.0850201845169067,0.989149808883667,0.0,0.0,0.5493102073669434,0.45068976283073425,1.0404146909713745,0.9895957708358765,0.0,0.0
26.0,0.0,0.5134783387184143,0.48652172088623047,1.2356228828430176,0.987643837928772,0.0,0.0,0.7963424324989319,0.2036575824022293,0.4627046585083008,0.9953729510307312,0.0,0.0
26.0,1.0,0.589219331741333,0.41078072786331177,1.0523667335510254,0.9894763827323914,0.0,0.0,0.5041986703872681,0.4958013594150543,1.169549822807312,0.9883045554161072,0.0,0.0
26.0,2.0,0.5687655210494995,0.43123453855514526,1.0751229524612427,0.9892487525939941,0.0,0.0,0.5830916166305542,0.4169084131717682,1.0817755460739136,0.9891822934150696,0.0,0.0
26.0,3.0,0.6093071103096008,0.3906928300857544,0.9367602467536926,0.9906322956085205,0.0,0.0,0.4126715064048767,0.5873285531997681,1.6676682233810425,0.983323335647583,0.0,0.0
26.0,4.0,0.5770106911659241,0.4229893386363983,1.0850201845169067,0.9891497492790222,0.0,0.0,0.5493102669715881,0.45068976283073425,1.0404146909713745,0.9895958304405212,0.0,0.0
27.0,0.0,0.5134782195091248,0.48652172088623047,1.2356230020523071,0.987643837928772,0.0,0.0,0.7963424324989319,0.2036575824022293,0.4627046585083008,0.9953729510307312,0.0,0.0
27.0,1.0,0.5892192721366882,0.41078078746795654,1.0523667335510254,0.9894763827323914,0.0,0.0,0.5041986107826233,0.4958013892173767,1.1695499420166016,0.9883044958114624,0.0,0.0
27.0,2.0,0.5687655210494995,0.4312344789505005,1.0751229524612427,0.9892488121986389,0.0,0.0,0.5830916166305542,0.4169084429740906,1.0817755460739136,0.9891822934150696,0.0,0.0
27.0,3.0,0.609307050704956,0.39069294929504395,0.9367600679397583,0.9906324148178101,0.0,0.0,0.41267144680023193,0.5873284935951233,1.6676684617996216,0.983323335647583,0.0,0.0
27.0,4.0,0.5770107507705688,0.42298927903175354,1.0850201845169067,0.9891497492790222,0.0,0.0,0.5493102669715881,0.45068976283073425,1.0404146909713745,0.9895958304405212,0.0,0.0
28.0,0.0,0.5134782195091248,0.48652175068855286,1.2356226444244385,0.9876437187194824,0.0,0.0,0.7963424324989319,0.2036575824022293,0.4627046585083008,0.9953729510307312,0.0,0.0
28.0,1.0,0.589219331741333,0.41078075766563416,1.0523667335510254,0.9894763231277466,0.0,0.0,0.5041986703872681,0.4958013594150543,1.169549822807312,0.9883044958114624,0.0,0.0
28.0,2.0,0.5687655806541443,0.4312345087528229,1.0751229524612427,0.9892487525939941,0.0,0.0,0.5830916166305542,0.4169084429740906,1.0817755460739136,0.9891822934150696,0.0,0.0
28.0,3.0,0.6093071103096008,0.39069294929504395,0.9367601275444031,0.9906324744224548,0.0,0.0,0.4126715064048767,0.5873285531997681,1.6676682233810425,0.983323335647583,0.0,0.0
28.0,4.0,0.5770107507705688,0.4229893088340759,1.0850201845169067,0.9891497492790222,0.0,0.0,0.5493102073669434,0.45068979263305664,1.0404146909713745,0.9895958304405212,0.0,0.0
29.0,0.0,0.5134783387184143,0.4865216910839081,1.2356228828430176,0.9876437783241272,0.0,0.0,0.7963424324989319,0.2036575824022293,0.4627046585083008,0.9953729510307312,0.0,0.0
29.0,1.0,0.5892192125320435,0.41078075766563416,1.0523667335510254,0.9894762635231018,0.0,0.0,0.5041986703872681,0.4958013892173767,1.169549822807312,0.9883044958114624,0.0,0.0
29.0,2.0,0.5687655210494995,0.4312344789505005,1.0751230716705322,0.9892486929893494,0.0,0.0,0.5830916166305542,0.4169084131717682,1.0817755460739136,0.9891822934150696,0.0,0.0
29.0,3.0,0.6093071103096008,0.39069294929504395,0.9367603063583374,0.9906322956085205,0.0,0.0,0.41267144680023193,0.5873284935951233,1.6676684617996216,0.9833233952522278,0.0,0.0
29.0,4.0,0.5770106315612793,0.4229893088340759,1.0850201845169067,0.9891497492790222,0.0,0.0,0.5493101477622986,0.45068976283073425,1.0404146909713745,0.9895958304405212,0.0,0.0
30.0,0.0,0.5134782195091248,0.48652175068855286,1.2356228828430176,0.987643837928772,0.0,0.0,0.7963424324989319,0.2036575824022293,0.4627046585083008,0.9953728914260864,0.0,0.0
30.0,1.0,0.5892192125320435,0.41078072786331177,1.0523667335510254,0.9894764423370361,0.0,0.0,0.5041986107826233,0.4958013892173767,1.169549822807312,0.9883045554161072,0.0,0.0
30.0,2.0,0.5687655806541443,0.4312345087528229,1.0751229524612427,0.9892488121986389,0.0,0.0,0.5830916166305542,0.4169084131717682,1.0817755460739136,0.9891822934150696,0.0,0.0
30.0,3.0,0.609307050704956,0.3906928598880768,0.9367602467536926,0.9906324148178101,0.0,0.0,0.4126715064048767,0.5873284935951233,1.6676682233810425,0.983323335647583,0.0,0.0
30.0,4.0,0.5770106911659241,0.4229893386363983,1.0850200653076172,0.989149808883667,0.0,0.0,0.5493101477622986,0.45068976283073425,1.0404146909713745,0.9895959496498108,0.0,0.0
31.0,0.0,0.5134782791137695,0.48652175068855286,1.2356228828430176,0.987643837928772,0.0,0.0,0.7963424324989319,0.2036575824022293,0.4627046585083008,0.9953729510307312,0.0,0.0
31.0,1.0,0.5892192125320435,0.41078075766563416,1.0523667335510254,0.9894763231277466,0.0,0.0,0.5041986703872681,0.4958013594150543,1.1695499420166016,0.9883045554161072,0.0,0.0
31.0,2.0,0.5687655210494995,0.43123453855514526,1.0751230716705322,0.9892486929893494,0.0,0.0,0.5830916166305542,0.4169084429740906,1.0817755460739136,0.9891822934150696,0.0,0.0
31.0,3.0,0.6093071699142456,0.3906928598880768,0.9367601275444031,0.9906324744224548,0.0,0.0,0.41267144680023193,0.5873284935951233,1.6676682233810425,0.983323335647583,0.0,0.0
31.0,4.0,0.5770107507705688,0.4229893088340759,1.0850200653076172,0.989149808883667,0.0,0.0,0.5493102073669434,0.45068979263305664,1.0404146909713745,0.9895958304405212,0.0,0.0
32.0,0.0,0.5134782791137695,0.48652172088623047,1.2356228828430176,0.9876437187194824,0.0,0.0,0.7963424324989319,0.2036575824022293,0.4627046585083008,0.9953729510307312,0.0,0.0
32.0,1.0,0.589219331741333,0.41078072786331177,1.0523666143417358,0.9894764423370361,0.0,0.0,0.5041986107826233,0.4958013892173767,1.1695499420166016,0.9883044958114624,0.0,0.0
32.0,2.0,0.5687655210494995,0.4312345087528229,1.0751230716705322,0.9892487525939941,0.0,0.0,0.5830916166305542,0.4169084429740906,1.0817755460739136,0.9891822934150696,0.0,0.0
32.0,3.0,0.6093071103096008,0.39069294929504395,0.9367602467536926,0.9906323552131653,0.0,0.0,0.4126715362071991,0.5873284935951233,1.6676682233810425,0.983323335647583,0.0,0.0
32.0,4.0,0.5770106315612793,0.4229893684387207,1.0850201845169067,0.9891496896743774,0.0,0.0,0.5493102073669434,0.45068976283073425,1.0404146909713745,0.9895959496498108,0.0,0.0
33.0,0.0,0.5134782195091248,0.48652175068855286,1.2356228828430176,0.9876437187194824,0.0,0.0,0.7963424324989319,0.2036575824022293,0.4627046585083008,0.9953729510307312,0.0,0.0
33.0,1.0,0.589219331741333,0.4107806980609894,1.0523667335510254,0.9894762635231018,0.0,0.0,0.5041986703872681,0.4958013594150543,1.1695499420166016,0.9883045554161072,0.0,0.0
33.0,2.0,0.5687655210494995,0.4312345087528229,1.0751230716705322,0.9892487525939941,0.0,0.0,0.5830916166305542,0.4169084131717682,1.0817755460739136,0.9891822934150696,0.0,0.0
33.0,3.0,0.6093071103096008,0.39069288969039917,0.9367602467536926,0.9906323552131653,0.0,0.0,0.4126715064048767,0.5873284935951233,1.6676682233810425,0.9833232164382935,0.0,0.0
33.0,4.0,0.5770106315612793,0.4229893684387207,1.0850201845169067,0.9891497492790222,0.0,0.0,0.5493102073669434,0.45068976283073425,1.0404146909713745,0.9895958304405212,0.0,0.0
34.0,0.0,0.5134783387184143,0.4865216910839081,1.2356228828430176,0.9876437783241272,0.0,0.0,0.7963424324989319,0.2036575824022293,0.4627046585083008,0.9953729510307312,0.0,0.0
34.0,1.0,0.5892192125320435,0.41078072786331177,1.0523667335510254,0.9894763231277466,0.0,0.0,0.5041986703872681,0.4958013594150543,1.1695499420166016,0.9883045554161072,0.0,0.0
34.0,2.0,0.5687655210494995,0.4312345087528229,1.0751229524612427,0.9892487525939941,0.0,0.0,0.5830915570259094,0.4169084131717682,1.0817755460739136,0.9891822934150696,0.0,0.0
34.0,3.0,0.609307050704956,0.39069297909736633,0.9367600679397583,0.9906324148178101,0.0,0.0,0.4126715064048767,0.5873284935951233,1.6676684617996216,0.9833233952522278,0.0,0.0
34.0,4.0,0.5770107507705688,0.4229893088340759,1.0850201845169067,0.9891496896743774,0.0,0.0,0.5493102073669434,0.45068979263305664,1.0404146909713745,0.9895958304405212,0.0,0.0
35.0,0.0,0.5134782195091248,0.48652172088623047,1.2356228828430176,0.987643837928772,0.0,0.0,0.7963423728942871,0.2036575973033905,0.4627046585083008,0.9953728914260864,0.0,0.0
35.0,1.0,0.589219331741333,0.4107806980609894,1.0523667335510254,0.9894763231277466,0.0,0.0,0.5041986107826233,0.4958013892173767,1.1695499420166016,0.9883045554161072,0.0,0.0
35.0,2.0,0.5687655210494995,0.4312345087528229,1.0751230716705322,0.9892488121986389,0.0,0.0,0.5830916166305542,0.4169084131717682,1.0817755460739136,0.9891822934150696,0.0,0.0
35.0,3.0,0.6093071103096008,0.39069294929504395,0.9367601275444031,0.9906323552131653,0.0,0.0,0.41267144680023193,0.5873284935951233,1.6676682233810425,0.9833232164382935,0.0,0.0
35.0,4.0,0.5770106911659241,0.4229893088340759,1.0850200653076172,0.989149808883667,0.0,0.0,0.5493102669715881,0.45068976283073425,1.0404146909713745,0.9895958304405212,0.0,0.0
36.0,0.0,0.5134782195091248,0.4865216910839081,1.2356230020523071,0.9876437783241272,0.0,0.0,0.7963424324989319,0.2036575824022293,0.4627046585083008,0.9953729510307312,0.0,0.0
36.0,1.0,0.5892192721366882,0.41078072786331177,1.0523667335510254,0.9894763827323914,0.0,0.0,0.5041986703872681,0.4958013594150543,1.1695499420166016,0.9883045554161072,0.0,0.0
36.0,2.0,0.5687655210494995,0.4312344789505005,1.0751230716705322,0.9892486929893494,0.0,0.0,0.5830916166305542,0.4169084131717682,1.0817755460739136,0.98918217420578,0.0,0.0
36.0,3.0,0.609307050704956,0.39069288969039917,0.9367602467536926,0.9906324148178101,0.0,0.0,0.4126715362071991,0.5873284935951233,1.6676684617996216,0.983323335647583,0.0,0.0
36.0,4.0,0.5770107507705688,0.4229893386363983,1.0850200653076172,0.9891498684883118,0.0,0.0,0.5493102669715881,0.45068976283073425,1.0404146909713745,0.9895957708358765,0.0,0.0
37.0,0.0,0.5134782791137695,0.48652175068855286,1.2356228828430176,0.9876437783241272,0.0,0.0,0.7963424324989319,0.2036575824022293,0.4627046585083008,0.9953729510307312,0.0,0.0
37.0,1.0,0.5892192721366882,0.41078078746795654,1.0523667335510254,0.9894763231277466,0.0,0.0,0.5041986107826233,0.4958013892173767,1.169549822807312,0.9883045554161072,0.0,0.0
37.0,2.0,0.5687655210494995,0.4312345087528229,1.0751230716705322,0.9892486929893494,0.0,0.0,0.5830916166305542,0.4169084429740906,1.0817755460739136,0.9891822934150696,0.0,0.0
37.0,3.0,0.6093071103096008,0.39069288969039917,0.9367600679397583,0.9906325340270996,0.0,0.0,0.4126715064048767,0.5873284935951233,1.6676682233810425,0.983323335647583,0.0,0.0
37.0,4.0,0.5770106911659241,0.42298927903175354,1.0850201845169067,0.9891497492790222,0.0,0.0,0.5493102669715881,0.45068976283073425,1.0404146909713745,0.9895958304405212,0.0,0.0
38.0,0.0,0.5134782195091248,0.48652178049087524,1.2356226444244385,0.9876437783241272,0.0,0.0,0.7963424324989319,0.2036575824022293,0.4627046585083008,0.9953729510307312,0.0,0.0
38.0,1.0,0.5892192125320435,0.41078075766563416,1.0523667335510254,0.9894763231277466,0.0,0.0,0.5041986107826233,0.4958013892173767,1.169549822807312,0.9883044958114624,0.0,0.0
38.0,2.0,0.5687655806541443,0.4312345087528229,1.0751229524612427,0.9892487525939941,0.0,0.0,0.5830916166305542,0.4169084131717682,1.0817755460739136,0.9891822934150696,0.0,0.0
38.0,3.0,0.609307050704956,0.39069288969039917,0.9367602467536926,0.9906324148178101,0.0,0.0,0.4126715064048767,0.5873284935951233,1.6676684617996216,0.9833233952522278,0.0,0.0
38.0,4.0,0.5770107507705688,0.42298927903175354,1.0850201845169067,0.9891497492790222,0.0,0.0,0.5493102073669434,0.45068976283073425,1.0404146909713745,0.9895957708358765,0.0,0.0
39.0,0.0,0.5134782791137695,0.48652175068855286,1.2356228828430176,0.987643837928772,0.0,0.0,0.7963424324989319,0.2036575973033905,0.4627046585083008,0.9953728914260864,0.0,0.0
39.0,1.0,0.5892192721366882,0.41078072786331177,1.0523667335510254,0.9894763231277466,0.0,0.0,0.5041986703872681,0.4958014190196991,1.169549822807312,0.9883045554161072,0.0,0.0
39.0,2.0,0.5687655210494995,0.4312344789505005,1.0751230716705322,0.9892488121986389,0.0,0.0,0.5830916166305542,0.4169084131717682,1.0817755460739136,0.9891822934150696,0.0,0.0
39.0,3.0,0.6093071103096008,0.39069297909736633,0.9367601275444031,0.9906323552131653,0.0,0.0,0.4126715064048767,0.5873284935951233,1.6676682233810425,0.9833233952522278,0.0,0.0
39.0,4.0,0.5770107507705688,0.4229893088340759,1.0850201845169067,0.9891496896743774,0.0,0.0,0.5493102073669434,0.45068976283073425,1.0404146909713745,0.9895958304405212,0.0,0.0
40.0,0.0,0.5134782195091248,0.48652175068855286,1.2356230020523071,0.987643837928772,0.0,0.0,0.7963424324989319,0.2036575824022293,0.4627046585083008,0.9953729510307312,0.0,0.0
40.0,1.0,0.5892192125320435,0.41078075766563416,1.0523667335510254,0.9894763231277466,0.0,0.0,0.5041986703872681,0.4958013892173767,1.1695499420166016,0.9883045554161072,0.0,0.0
40.0,2.0,0.5687654614448547,0.4312345087528229,1.0751229524612427,0.9892488121986389,0.0,0.0,0.5830916166305542,0.4169084131717682,1.0817755460739136,0.9891822934150696,0.0,0.0
40.0,3.0,0.6093071103096008,0.39069294929504395,0.9367602467536926,0.9906323552131653,0.0,0.0,0.4126715064048767,0.5873284935951233,1.6676682233810425,0.983323335647583,0.0,0.0
40.0,4.0,0.5770106911659241,0.4229893088340759,1.0850200653076172,0.9891497492790222,0.0,0.0,0.5493102073669434,0.45068976283073425,1.0404146909713745,0.9895957708358765,0.0,0.0
41.0,0.0,0.5134782195091248,0.48652175068855286,1.2356228828430176,0.987643837928772,0.0,0.0,0.7963424324989319,0.2036575824022293,0.4627046585083008,0.9953728914260864,0.0,0.0
41.0,1.0,0.5892192721366882,0.4107806980609894,1.0523667335510254,0.9894763231277466,0.0,0.0,0.5041986107826233,0.4958014190196991,1.1695499420166016,0.9883045554161072,0.0,0.0
41.0,2.0,0.5687655210494995,0.4312344789505005,1.0751230716705322,0.9892487525939941,0.0,0.0,0.5830916166305542,0.4169084131717682,1.0817755460739136,0.9891822934150696,0.0,0.0
41.0,3.0,0.6093071103096008,0.39069288969039917,0.9367601275444031,0.9906324148178101,0.0,0.0,0.4126715064048767,0.5873284935951233,1.6676682233810425,0.983323335647583,0.0,0.0
41.0,4.0,0.5770106911659241,0.4229893386363983,1.0850200653076172,0.9891498684883118,0.0,0.0,0.5493102669715881,0.45068976283073425,1.0404146909713745,0.9895958304405212,0.0,0.0
42.0,0.0,0.5134782195091248,0.48652172088623047,1.2356228828430176,0.9876437783241272,0.0,0.0,0.7963424324989319,0.2036575824022293,0.4627046585083008,0.9953729510307312,0.0,0.0
42.0,1.0,0.5892192721366882,0.41078072786331177,1.0523667335510254,0.9894763231277466,0.0,0.0,0.5041986107826233,0.4958013594150543,1.1695499420166016,0.9883045554161072,0.0,0.0
42.0,2.0,0.5687655210494995,0.4312343895435333,1.0751230716705322,0.9892486929893494,0.0,0.0,0.5830916166305542,0.4169084429740906,1.0817755460739136,0.9891822934150696,0.0,0.0
42.0,3.0,0.609307050704956,0.39069294929504395,0.9367602467536926,0.9906323552131653,0.0,0.0,0.4126715064048767,0.5873284935951233,1.6676684617996216,0.983323335647583,0.0,0.0
42.0,4.0,0.5770106315612793,0.4229893386363983,1.0850200653076172,0.9891497492790222,0.0,0.0,0.5493102669715881,0.45068979263305664,1.0404146909713745,0.9895959496498108,0.0,0.0
43.0,0.0,0.5134782195091248,0.48652178049087524,1.2356226444244385,0.9876438975334167,0.0,0.0,0.7963424324989319,0.2036575973033905,0.4627046585083008,0.9953729510307312,0.0,0.0
43.0,1.0,0.5892192125320435,0.41078075766563416,1.0523667335510254,0.9894763827323914,0.0,0.0,0.5041986703872681,0.4958013892173767,1.169549822807312,0.988304615020752,0.0,0.0
43.0,2.0,0.5687655210494995,0.4312345087528229,1.0751230716705322,0.9892487525939941,0.0,0.0,0.5830916166305542,0.4169084429740906,1.0817755460739136,0.98918217420578,0.0,0.0
43.0,3.0,0.6093071103096008,0.39069297909736633,0.9367603659629822,0.9906322956085205,0.0,0.0,0.4126715064048767,0.5873284935951233,1.6676684617996216,0.983323335647583,0.0,0.0
43.0,4.0,0.5770106315612793,0.4229893386363983,1.0850200653076172,0.9891498684883118,0.0,0.0,0.5493101477622986,0.45068976283073425,1.0404146909713745,0.9895958304405212,0.0,0.0
44.0,0.0,0.5134782791137695,0.48652172088623047,1.2356228828430176,0.987643837928772,0.0,0.0,0.7963424324989319,0.2036575824022293,0.4627046585083008,0.9953728914260864,0.0,0.0
44.0,1.0,0.5892192125320435,0.41078072786331177,1.0523667335510254,0.9894763231277466,0.0,0.0,0.5041986107826233,0.4958013892173767,1.169549822807312,0.9883044958114624,0.0,0.0
44.0,2.0,0.5687655210494995,0.4312344789505005,1.0751230716705322,0.9892487525939941,0.0,0.0,0.5830916166305542,0.4169084131717682,1.0817755460739136,0.9891822934150696,0.0,0.0
44.0,3.0,0.609307050704956,0.39069288969039917,0.9367601275444031,0.9906324148178101,0.0,0.0,0.4126715362071991,0.5873284935951233,1.6676682233810425,0.983323335647583,0.0,0.0
44.0,4.0,0.5770106315612793,0.4229893088340759,1.0850200653076172,0.989149808883667,0.0,0.0,0.5493102073669434,0.45068976283073425,1.0404146909713745,0.9895957708358765,0.0,0.0
45.0,0.0,0.5134782195091248,0.48652184009552,1.2356228828430176,0.987643837928772,0.0,0.0,0.7963424324989319,0.2036575824022293,0.4627046585083008,0.9953728914260864,0.0,0.0
45.0,1.0,0.589219331741333,0.4107806980609894,1.0523667335510254,0.9894763827323914,0.0,0.0,0.5041986703872681,0.4958013594150543,1.169549822807312,0.9883045554161072,0.0,0.0
45.0,2.0,0.5687655210494995,0.4312345087528229,1.0751230716705322,0.9892486929893494,0.0,0.0,0.5830916166305542,0.4169084131717682,1.0817755460739136,0.98918217420578,0.0,0.0
45.0,3.0,0.6093071103096008,0.39069297909736633,0.9367601275444031,0.9906323552131653,0.0,0.0,0.4126715064048767,0.5873284935951233,1.6676682233810425,0.983323335647583,0.0,0.0
45.0,4.0,0.5770107507705688,0.42298927903175354,1.0850200653076172,0.989149808883667,0.0,0.0,0.5493102073669434,0.45068979263305664,1.0404146909713745,0.9895958304405212,0.0,0.0
46.0,0.0,0.5134782195091248,0.48652184009552,1.2356230020523071,0.9876437783241272,0.0,0.0,0.7963424324989319,0.2036575973033905,0.4627046585083008,0.9953729510307312,0.0,0.0
46.0,1.0,0.5892192125320435,0.41078075766563416,1.0523666143417358,0.9894763827323914,0.0,0.0,0.5041986703872681,0.4958013594150543,1.169549822807312,0.9883045554161072,0.0,0.0
46.0,2.0,0.5687655806541443,0.4312344193458557,1.0751230716705322,0.9892486333847046,0.0,0.0,0.5830916166305542,0.4169084131717682,1.0817755460739136,0.9891822934150696,0.0,0.0
46.0,3.0,0.6093071103096008,0.39069297909736633,0.9367601275444031,0.9906324744224548,0.0,0.0,0.41267144680023193,0.5873284935951233,1.6676684617996216,0.983323335647583,0.0,0.0
46.0,4.0,0.5770107507705688,0.4229893386363983,1.0850201845169067,0.989149808883667,0.0,0.0,0.5493101477622986,0.45068979263305664,1.0404146909713745,0.9895958304405212,0.0,0.0
47.0,0.0,0.5134782195091248,0.48652178049087524,1.2356226444244385,0.9876437187194824,0.0,0.0,0.7963424324989319,0.2036575824022293,0.4627046585083008,0.9953729510307312,0.0,0.0
47.0,1.0,0.5892192721366882,0.41078072786331177,1.0523667335510254,0.9894762635231018,0.0,0.0,0.5041986107826233,0.4958013892173767,1.1695499420166016,0.9883044958114624,0.0,0.0
47.0,2.0,0.5687655210494995,0.4312345087528229,1.0751230716705322,0.9892487525939941,0.0,0.0,0.5830916166305542,0.4169084429740906,1.0817755460739136,0.98918217420578,0.0,0.0
47.0,3.0,0.609307050704956,0.39069288969039917,0.9367602467536926,0.9906323552131653,0.0,0.0,0.4126715064048767,0.5873284935951233,1.6676682233810425,0.983323335647583,0.0,0.0
47.0,4.0,0.5770106315612793,0.4229893386363983,1.0850201845169067,0.989149808883667,0.0,0.0,0.5493102073669434,0.45068976283073425,1.0404146909713745,0.9895957708358765,0.0,0.0
48.0,0.0,0.5134782195091248,0.4865216910839081,1.2356226444244385,0.9876437187194824,0.0,0.0,0.7963424324989319,0.2036575824022293,0.4627046585083008,0.9953728914260864,0.0,0.0
48.0,1.0,0.5892192125320435,0.41078075766563416,1.0523667335510254,0.9894763231277466,0.0,0.0,0.5041986107826233,0.4958013892173767,1.169549822807312,0.9883044958114624,0.0,0.0
48.0,2.0,0.5687655210494995,0.4312344193458557,1.0751229524612427,0.9892488121986389,0.0,0.0,0.5830916166305542,0.4169084429740906,1.0817755460739136,0.98918217420578,0.0,0.0
48.0,3.0,0.609307050704956,0.3906928598880768,0.9367603063583374,0.9906322956085205,0.0,0.0,0.4126715064048767,0.5873284935951233,1.6676684617996216,0.9833233952522278,0.0,0.0
48.0,4.0,0.5770107507705688,0.4229893088340759,1.0850201845169067,0.9891497492790222,0.0,0.0,0.5493102073669434,0.45068979263305664,1.0404146909713745,0.9895958304405212,0.0,0.0
49.0,0.0,0.5134782791137695,0.48652172088623047,1.2356230020523071,0.9876438975334167,0.0,0.0,0.7963424324989319,0.2036575824022293,0.4627046585083008,0.9953728914260864,0.0,0.0
49.0,1.0,0.5892192721366882,0.41078075766563416,1.0523667335510254,0.9894763231277466,0.0,0.0,0.5041986703872681,0.4958013594150543,1.1695499420166016,0.9883045554161072,0.0,0.0
49.0,2.0,0.5687655210494995,0.4312344789505005,1.0751230716705322,0.9892486929893494,0.0,0.0,0.5830916166305542,0.4169084429740906,1.0817755460739136,0.9891822934150696,0.0,0.0
49.0,3.0,0.6093071103096008,0.3906928300857544,0.9367602467536926,0.9906324744224548,0.0,0.0,0.4126715362071991,0.5873284935951233,1.6676684617996216,0.983323335647583,0.0,0.0
49.0,4.0,0.5770106911659241,0.4229893386363983,1.0850201845169067,0.989149808883667,0.0,0.0,0.5493102073669434,0.45068976283073425,1.0404146909713745,0.9895958304405212,0.0,0.0
50.0,0.0,0.5134782791137695,0.48652175068855286,1.2356230020523071,0.9876437783241272,0.0,0.0,0.7963424324989319,0.2036575824022293,0.4627046585083008,0.9953728914260864,0.0,0.0
50.0,1.0,0.589219331741333,0.410780668258667,1.0523667335510254,0.9894763231277466,0.0,0.0,0.5041986107826233,0.4958013892173767,1.169549822807312,0.9883045554161072,0.0,0.0
50.0,2.0,0.5687655806541443,0.4312345087528229,1.0751230716705322,0.9892487525939941,0.0,0.0,0.5830916166305542,0.4169084131717682,1.0817755460739136,0.98918217420578,0.0,0.0
50.0,3.0,0.609307050704956,0.39069288969039917,0.9367601275444031,0.9906324744224548,0.0,0.0,0.4126715362071991,0.5873284935951233,1.6676684617996216,0.983323335647583,0.0,0.0
50.0,4.0,0.5770106315612793,0.4229893088340759,1.0850200653076172,0.9891498684883118,0.0,0.0,0.5493101477622986,0.45068976283073425,1.0404146909713745,0.9895959496498108,0.0,0.0
51.0,0.0,0.5134782195091248,0.48652175068855286,1.2356226444244385,0.9876437783241272,0.0,0.0,0.7963423728942871,0.2036575973033905,0.4627046585083008,0.9953728914260864,0.0,0.0
51.0,1.0,0.5892192721366882,0.41078075766563416,1.0523667335510254,0.9894762635231018,0.0,0.0,0.5041986107826233,0.4958013892173767,1.1695499420166016,0.9883045554161072,0.0,0.0
51.0,2.0,0.5687655210494995,0.4312344789505005,1.0751229524612427,0.9892488121986389,0.0,0.0,0.5830916166305542,0.4169084131717682,1.0817755460739136,0.9891822934150696,0.0,0.0
51.0,3.0,0.6093071103096008,0.39069288969039917,0.9367601275444031,0.9906324148178101,0.0,0.0,0.4126715064048767,0.5873284935951233,1.6676685810089111,0.9833232164382935,0.0,0.0
51.0,4.0,0.5770106315612793,0.4229893386363983,1.0850200653076172,0.989149808883667,0.0,0.0,0.5493102073669434,0.45068979263305664,1.0404146909713745,0.9895959496498108,0.0,0.0
52.0,0.0,0.5134782195091248,0.48652172088623047,1.2356228828430176,0.987643837928772,0.0,0.0,0.7963424324989319,0.2036575824022293,0.4627046585083008,0.9953728914260864,0.0,0.0
52.0,1.0,0.5892192125320435,0.41078078746795654,1.052366852760315,0.9894762635231018,0.0,0.0,0.5041986107826233,0.4958013892173767,1.1695499420166016,0.9883044958114624,0.0,0.0
52.0,2.0,0.5687654614448547,0.4312345087528229,1.0751229524612427,0.9892488121986389,0.0,0.0,0.5830916166305542,0.4169084429740906,1.0817755460739136,0.9891822934150696,0.0,0.0
52.0,3.0,0.609307050704956,0.3906928598880768,0.9367602467536926,0.9906323552131653,0.0,0.0,0.41267144680023193,0.5873284935951233,1.6676682233810425,0.9833233952522278,0.0,0.0
52.0,4.0,0.5770107507705688,0.42298927903175354,1.0850200653076172,0.9891498684883118,0.0,0.0,0.5493102073669434,0.45068976283073425,1.0404146909713745,0.9895958304405212,0.0,0.0
53.0,0.0,0.5134783387184143,0.4865216910839081,1.2356230020523071,0.987643837928772,0.0,0.0,0.7963424324989319,0.2036575824022293,0.4627046585083008,0.9953729510307312,0.0,0.0
53.0,1.0,0.589219331741333,0.41078075766563416,1.0523666143417358,0.9894763827323914,0.0,0.0,0.5041986703872681,0.4958013594150543,1.1695499420166016,0.9883044958114624,0.0,0.0
53.0,2.0,0.5687655210494995,0.4312344789505005,1.0751230716705322,0.9892487525939941,0.0,0.0,0.5830916166305542,0.4169084429740906,1.0817755460739136,0.9891822934150696,0.0,0.0
53.0,3.0,0.609307050704956,0.39069294929504395,0.9367602467536926,0.9906322956085205,0.0,0.0,0.4126715362071991,0.5873284935951233,1.6676682233810425,0.9833232164382935,0.0,0.0
53.0,4.0,0.5770107507705688,0.4229893088340759,1.0850200653076172,0.9891498684883118,0.0,0.0,0.5493102073669434,0.45068976283073425,1.0404146909713745,0.9895958304405212,0.0,0.0
54.0,0.0,0.5134782195091248,0.48652178049087524,1.2356230020523071,0.987643837928772,0.0,0.0,0.7963424324989319,0.2036575824022293,0.4627046585083008,0.9953729510307312,0.0,0.0
54.0,1.0,0.5892192125320435,0.41078072786331177,1.0523667335510254,0.9894763231277466,0.0,0.0,0.5041986107826233,0.4958013594150543,1.1695499420166016,0.9883045554161072,0.0,0.0
54.0,2.0,0.5687655210494995,0.4312345087528229,1.0751230716705322,0.9892486929893494,0.0,0.0,0.5830915570259094,0.4169084131717682,1.0817755460739136,0.9891823530197144,0.0,0.0
54.0,3.0,0.6093071103096008,0.39069297909736633,0.9367601275444031,0.9906324148178101,0.0,0.0,0.4126715064048767,0.5873284935951233,1.6676682233810425,0.9833232164382935,0.0,0.0
54.0,4.0,0.5770107507705688,0.4229893088340759,1.0850201845169067,0.9891496896743774,0.0,0.0,0.5493102073669434,0.45068979263305664,1.0404146909713745,0.9895958304405212,0.0,0.0
55.0,0.0,0.5134782791137695,0.48652172088623047,1.2356226444244385,0.9876437783241272,0.0,0.0,0.7963424324989319,0.2036575824022293,0.4627046585083008,0.9953728914260864,0.0,0.0
55.0,1.0,0.5892192721366882,0.41078078746795654,1.0523667335510254,0.9894763231277466,0.0,0.0,0.5041986703872681,0.4958013892173767,1.1695499420166016,0.9883045554161072,0.0,0.0
55.0,2.0,0.5687654614448547,0.4312345087528229,1.0751230716705322,0.9892487525939941,0.0,0.0,0.5830916166305542,0.4169084429740906,1.0817755460739136,0.9891822934150696,0.0,0.0
55.0,3.0,0.6093071103096008,0.39069288969039917,0.9367602467536926,0.9906324148178101,0.0,0.0,0.4126715064048767,0.5873284935951233,1.6676684617996216,0.983323335647583,0.0,0.0
55.0,4.0,0.5770107507705688,0.4229893386363983,1.0850201845169067,0.9891497492790222,0.0,0.0,0.5493102669715881,0.45068976283073425,1.0404146909713745,0.9895958304405212,0.0,0.0
56.0,0.0,0.5134782195091248,0.48652175068855286,1.2356228828430176,0.9876437783241272,0.0,0.0,0.7963424324989319,0.2036575824022293,0.4627046585083008,0.9953729510307312,0.0,0.0
56.0,1.0,0.589219331741333,0.4107806980609894,1.0523667335510254,0.9894763827323914,0.0,0.0,0.5041986107826233,0.4958013892173767,1.1695499420166016,0.9883044958114624,0.0,0.0
56.0,2.0,0.5687655210494995,0.4312344789505005,1.0751229524612427,0.9892489314079285,0.0,0.0,0.5830916166305542,0.4169084131717682,1.0817755460739136,0.98918217420578,0.0,0.0
56.0,3.0,0.6093071103096008,0.39069294929504395,0.9367601275444031,0.9906324148178101,0.0,0.0,0.41267144680023193,0.5873285531997681,1.6676682233810425,0.983323335647583,0.0,0.0
56.0,4.0,0.5770106911659241,0.4229893088340759,1.0850201845169067,0.989149808883667,0.0,0.0,0.5493102073669434,0.45068976283073425,1.0404146909713745,0.9895958304405212,0.0,0.0
57.0,0.0,0.5134782195091248,0.48652178049087524,1.2356228828430176,0.9876437783241272,0.0,0.0,0.7963424324989319,0.2036575824022293,0.4627046585083008,0.9953728914260864,0.0,0.0
57.0,1.0,0.5892192125320435,0.41078078746795654,1.0523667335510254,0.9894763827323914,0.0,0.0,0.5041986703872681,0.4958013594150543,1.169549822807312,0.9883045554161072,0.0,0.0
57.0,2.0,0.5687655210494995,0.43123453855514526,1.0751230716705322,0.9892487525939941,0.0,0.0,0.5830916166305542,0.4169084429740906,1.0817755460739136,0.9891822934150696,0.0,0.0
57.0,3.0,0.6093071103096008,0.39069288969039917,0.9367601275444031,0.9906324148178101,0.0,0.0,0.4126715064048767,0.5873284935951233,1.6676682233810425,0.9833232164382935,0.0,0.0
57.0,4.0,0.5770106315612793,0.4229893386363983,1.0850201845169067,0.989149808883667,0.0,0.0,0.5493102669715881,0.45068976283073425,1.0404146909713745,0.9895958304405212,0.0,0.0
58.0,0.0,0.51347815990448,0.4865218698978424,1.2356228828430176,0.9876437783241272,0.0,0.0,0.7963424324989319,0.2036575824022293,0.4627046585083008,0.9953729510307312,0.0,0.0
58.0,1.0,0.5892192125320435,0.41078075766563416,1.0523667335510254,0.9894762635231018,0.0,0.0,0.5041986703872681,0.4958013594150543,1.169549822807312,0.9883044958114624,0.0,0.0
58.0,2.0,0.5687655210494995,0.4312344789505005,1.0751230716705322,0.9892487525939941,0.0,0.0,0.5830916166305542,0.4169084429740906,1.0817755460739136,0.9891822934150696,0.0,0.0
58.0,3.0,0.6093071103096008,0.39069288969039917,0.9367602467536926,0.9906323552131653,0.0,0.0,0.41267144680023193,0.5873284935951233,1.6676682233810425,0.983323335647583,0.0,0.0
58.0,4.0,0.5770106315612793,0.4229893386363983,1.0850200653076172,0.9891498684883118,0.0,0.0,0.5493102669715881,0.45068976283073425,1.0404146909713745,0.9895957708358765,0.0,0.0
59.0,0.0,0.5134783387184143,0.48652175068855286,1.2356228828430176,0.987643837928772,0.0,0.0,0.7963424324989319,0.2036575973033905,0.4627046585083008,0.9953729510307312,0.0,0.0
59.0,1.0,0.5892192721366882,0.41078075766563416,1.0523667335510254,0.9894762635231018,0.0,0.0,0.5041986107826233,0.4958013594150543,1.169549822807312,0.9883044958114624,0.0,0.0
59.0,2.0,0.5687655210494995,0.4312344789505005,1.0751230716705322,0.9892487525939941,0.0,0.0,0.5830916166305542,0.4169084131717682,1.0817755460739136,0.9891822934150696,0.0,0.0
59.0,3.0,0.6093071699142456,0.39069294929504395,0.9367601275444031,0.9906324744224548,0.0,0.0,0.4126715362071991,0.5873284935951233,1.6676682233810425,0.983323335647583,0.0,0.0
59.0,4.0,0.5770106911659241,0.4229893088340759,1.0850201845169067,0.9891497492790222,0.0,0.0,0.5493101477622986,0.45068976283073425,1.0404146909713745,0.9895958304405212,0.0,0.0
60.0,0.0,0.5134782195091248,0.48652172088623047,1.2356228828430176,0.9876437783241272,0.0,0.0,0.7963424324989319,0.2036575973033905,0.4627046585083008,0.9953728914260864,0.0,0.0
60.0,1.0,0.5892192125320435,0.41078072786331177,1.0523667335510254,0.9894763231277466,0.0,0.0,0.5041986703872681,0.4958013892173767,1.1695499420166016,0.9883045554161072,0.0,0.0
60.0,2.0,0.5687655210494995,0.4312344789505005,1.0751230716705322,0.9892486929893494,0.0,0.0,0.5830916166305542,0.4169084429740906,1.0817755460739136,0.9891822934150696,0.0,0.0
60.0,3.0,0.609307050704956,0.39069294929504395,0.9367601275444031,0.9906324148178101,0.0,0.0,0.4126715064048767,0.5873284935951233,1.6676682233810425,0.983323335647583,0.0,0.0
60.0,4.0,0.5770106911659241,0.4229893386363983,1.0850201845169067,0.9891496896743774,0.0,0.0,0.5493102073669434,0.45068976283073425,1.0404146909713745,0.9895958304405212,0.0,0.0
61.0,0.0,0.5134782195091248,0.48652175068855286,1.2356230020523071,0.9876437783241272,0.0,0.0,0.7963424324989319,0.2036575824022293,0.4627046585083008,0.9953728914260864,0.0,0.0
61.0,1.0,0.589219331741333,0.41078075766563416,1.0523667335510254,0.9894762635231018,0.0,0.0,0.5041986703872681,0.4958013594150543,1.169549822807312,0.9883045554161072,0.0,0.0
61.0,2.0,0.5687655210494995,0.4312345087528229,1.0751230716705322,0.9892486929893494,0.0,0.0,0.5830915570259094,0.4169084429740906,1.0817755460739136,0.9891822934150696,0.0,0.0
61.0,3.0,0.6093071699142456,0.39069288969039917,0.9367602467536926,0.9906324148178101,0.0,0.0,0.4126715064048767,0.5873284935951233,1.6676684617996216,0.9833233952522278,0.0,0.0
61.0,4.0,0.5770106911659241,0.4229893386363983,1.0850201845169067,0.989149808883667,0.0,0.0,0.5493102073669434,0.45068979263305664,1.0404146909713745,0.9895958304405212,0.0,0.0
62.0,0.0,0.5134782195091248,0.48652178049087524,1.2356228828430176,0.987643837928772,0.0,0.0,0.7963424324989319,0.2036575824022293,0.4627046585083008,0.9953728914260864,0.0,0.0
62.0,1.0,0.5892192125320435,0.41078075766563416,1.0523667335510254,0.9894763827323914,0.0,0.0,0.5041986703872681,0.4958013892173767,1.169549822807312,0.9883045554161072,0.0,0.0
62.0,2.0,0.5687655210494995,0.4312345087528229,1.0751230716705322,0.9892486929893494,0.0,0.0,0.5830915570259094,0.4169084131717682,1.0817755460739136,0.9891822934150696,0.0,0.0
62.0,3.0,0.6093071103096008,0.39069288969039917,0.9367602467536926,0.9906323552131653,0.0,0.0,0.41267144680023193,0.5873284935951233,1.6676682233810425,0.983323335647583,0.0,0.0
62.0,4.0,0.5770107507705688,0.4229893088340759,1.0850200653076172,0.989149808883667,0.0,0.0,0.5493102073669434,0.45068976283073425,1.0404146909713745,0.9895958304405212,0.0,0.0
63.0,0.0,0.5134782195091248,0.48652172088623047,1.2356228828430176,0.9876436591148376,0.0,0.0,0.7963424324989319,0.2036575973033905,0.4627046585083008,0.9953729510307312,0.0,0.0
63.0,1.0,0.5892192125320435,0.41078072786331177,1.0523667335510254,0.9894763231277466,0.0,0.0,0.5041986703872681,0.4958013892173767,1.1695499420166016,0.9883044362068176,0.0,0.0
63.0,2.0,0.5687655210494995,0.4312345087528229,1.0751229524612427,0.9892487525939941,0.0,0.0,0.5830915570259094,0.4169084131717682,1.0817755460739136,0.98918217420578,0.0,0.0
63.0,3.0,0.609307050704956,0.39069288969039917,0.9367602467536926,0.9906323552131653,0.0,0.0,0.4126715064048767,0.5873285531997681,1.6676682233810425,0.9833232164382935,0.0,0.0
63.0,4.0,0.5770106911659241,0.4229893088340759,1.0850201845169067,0.9891497492790222,0.0,0.0,0.5493102073669434,0.45068976283073425,1.0404146909713745,0.9895958304405212,0.0,0.0
64.0,0.0,0.5134782791137695,0.48652175068855286,1.2356228828430176,0.9876437783241272,0.0,0.0,0.7963424324989319,0.2036575824022293,0.4627046585083008,0.9953729510307312,0.0,0.0
64.0,1.0,0.5892192125320435,0.41078075766563416,1.0523667335510254,0.9894762635231018,0.0,0.0,0.5041986107826233,0.4958013892173767,1.1695499420166016,0.9883044958114624,0.0,0.0
64.0,2.0,0.5687655210494995,0.4312344789505005,1.0751230716705322,0.9892486333847046,0.0,0.0,0.5830916166305542,0.4169084131717682,1.0817755460739136,0.9891823530197144,0.0,0.0
64.0,3.0,0.6093071103096008,0.39069294929504395,0.9367601275444031,0.9906324148178101,0.0,0.0,0.4126715064048767,0.5873284935951233,1.6676682233810425,0.983323335647583,0.0,0.0
64.0,4.0,0.5770106911659241,0.4229893386363983,1.0850201845169067,0.9891496896743774,0.0,0.0,0.5493102073669434,0.45068979263305664,1.0404146909713745,0.9895958304405212,0.0,0.0
65.0,0.0,0.5134782195091248,0.48652172088623047,1.2356228828430176,0.987643837928772,0.0,0.0,0.7963424324989319,0.2036575824022293,0.4627046585083008,0.9953728914260864,0.0,0.0
65.0,1.0,0.5892192125320435,0.41078075766563416,1.0523667335510254,0.9894762635231018,0.0,0.0,0.5041986107826233,0.4958013892173767,1.1695499420166016,0.9883044958114624,0.0,0.0
65.0,2.0,0.5687655210494995,0.4312345087528229,1.0751229524612427,0.9892487525939941,0.0,0.0,0.5830916166305542,0.4169084131717682,1.0817755460739136,0.9891822934150696,0.0,0.0
65.0,3.0,0.609307050704956,0.39069294929504395,0.9367600679397583,0.9906324148178101,0.0,0.0,0.41267144680023193,0.5873284935951233,1.6676684617996216,0.9833233952522278,0.0,0.0
65.0,4.0,0.5770106315612793,0.4229893088340759,1.0850200653076172,0.989149808883667,0.0,0.0,0.5493102073669434,0.45068976283073425,1.0404146909713745,0.9895958304405212,0.0,0.0
66.0,0.0,0.51347815990448,0.48652184009552,1.2356228828430176,0.9876437783241272,0.0,0.0,0.7963424324989319,0.2036575824022293,0.4627046585083008,0.9953728914260864,0.0,0.0
66.0,1.0,0.5892192125320435,0.41078078746795654,1.0523667335510254,0.9894762635231018,0.0,0.0,0.5041986107826233,0.4958013594150543,1.169549822807312,0.9883044362068176,0.0,0.0
66.0,2.0,0.5687655210494995,0.4312344789505005,1.0751229524612427,0.9892488121986389,0.0,0.0,0.5830916166305542,0.4169084131717682,1.0817755460739136,0.9891822934150696,0.0,0.0
66.0,3.0,0.6093071103096008,0.39069294929504395,0.9367602467536926,0.9906324148178101,0.0,0.0,0.4126715064048767,0.5873284935951233,1.667668104171753,0.9833232164382935,0.0,0.0
66.0,4.0,0.5770106911659241,0.42298927903175354,1.0850200653076172,0.9891497492790222,0.0,0.0,0.5493102669715881,0.45068976283073425,1.0404146909713745,0.9895957708358765,0.0,0.0
67.0,0.0,0.5134782791137695,0.48652175068855286,1.2356230020523071,0.9876437187194824,0.0,0.0,0.7963424324989319,0.2036575824022293,0.4627046585083008,0.9953728914260864,0.0,0.0
67.0,1.0,0.5892192125320435,0.41078072786331177,1.0523667335510254,0.9894763827323914,0.0,0.0,0.5041986107826233,0.4958013594150543,1.169549822807312,0.9883044958114624,0.0,0.0
67.0,2.0,0.5687655210494995,0.4312345087528229,1.0751230716705322,0.9892485737800598,0.0,0.0,0.5830916166305542,0.4169084131717682,1.0817755460739136,0.9891822934150696,0.0,0.0
67.0,3.0,0.6093071103096008,0.39069294929504395,0.9367602467536926,0.9906322956085205,0.0,0.0,0.4126715064048767,0.5873284935951233,1.6676682233810425,0.983323335647583,0.0,0.0
67.0,4.0,0.5770106911659241,0.4229893386363983,1.0850201845169067,0.9891497492790222,0.0,0.0,0.5493101477622986,0.45068979263305664,1.0404146909713745,0.9895958304405212,0.0,0.0
68.0,0.0,0.51347815990448,0.48652184009552,1.2356228828430176,0.987643837928772,0.0,0.0,0.7963423728942871,0.2036575973033905,0.4627046585083008,0.9953729510307312,0.0,0.0
68.0,1.0,0.589219331741333,0.41078075766563416,1.052366852760315,0.9894763231277466,0.0,0.0,0.5041986107826233,0.4958013594150543,1.1695499420166016,0.9883045554161072,0.0,0.0
68.0,2.0,0.5687655806541443,0.4312345087528229,1.0751229524612427,0.9892488121986389,0.0,0.0,0.5830916166305542,0.4169084429740906,1.0817755460739136,0.98918217420578,0.0,0.0
68.0,3.0,0.6093071103096008,0.39069288969039917,0.9367601275444031,0.9906324148178101,0.0,0.0,0.4126715064048767,0.5873284935951233,1.6676682233810425,0.983323335647583,0.0,0.0
68.0,4.0,0.5770106911659241,0.4229893386363983,1.0850201845169067,0.989149808883667,0.0,0.0,0.5493102073669434,0.45068979263305664,1.0404146909713745,0.9895958304405212,0.0,0.0
69.0,0.0,0.5134782791137695,0.48652175068855286,1.2356228828430176,0.9876437187194824,0.0,0.0,0.7963423728942871,0.2036575973033905,0.4627046585083008,0.9953729510307312,0.0,0.0
69.0,1.0,0.5892192125320435,0.41078078746795654,1.0523667335510254,0.9894762635231018,0.0,0.0,0.5041986703872681,0.4958013892173767,1.169549822807312,0.9883044958114624,0.0,0.0
69.0,2.0,0.5687655806541443,0.4312344193458557,1.0751229524612427,0.9892488121986389,0.0,0.0,0.5830916166305542,0.4169084429740906,1.0817755460739136,0.9891822934150696,0.0,0.0
69.0,3.0,0.6093071699142456,0.3906928598880768,0.9367602467536926,0.9906323552131653,0.0,0.0,0.4126715362071991,0.5873284935951233,1.6676682233810425,0.983323335647583,0.0,0.0
69.0,4.0,0.5770106911659241,0.4229893386363983,1.0850201845169067,0.9891498684883118,0.0,0.0,0.5493102669715881,0.45068976283073425,1.0404146909713745,0.9895958304405212,0.0,0.0
70.0,0.0,0.5134782791137695,0.48652172088623047,1.2356228828430176,0.9876437783241272,0.0,0.0,0.7963424324989319,0.2036575824022293,0.4627046585083008,0.9953729510307312,0.0,0.0
70.0,1.0,0.5892192125320435,0.41078072786331177,1.0523667335510254,0.9894762635231018,0.0,0.0,0.5041986107826233,0.4958013892173767,1.169549822807312,0.9883045554161072,0.0,0.0
70.0,2.0,0.5687655210494995,0.4312344789505005,1.0751229524612427,0.9892487525939941,0.0,0.0,0.5830916166305542,0.4169084131717682,1.0817755460739136,0.98918217420578,0.0,0.0
70.0,3.0,0.6093071103096008,0.39069294929504395,0.9367601275444031,0.9906324148178101,0.0,0.0,0.4126715362071991,0.5873284935951233,1.6676684617996216,0.9833232164382935,0.0,0.0
70.0,4.0,0.5770106315612793,0.4229893386363983,1.0850201845169067,0.9891497492790222,0.0,0.0,0.5493102073669434,0.45068976283073425,1.0404146909713745,0.9895958304405212,0.0,0.0
71.0,0.0,0.5134783387184143,0.48652172088623047,1.2356228828430176,0.9876437783241272,0.0,0.0,0.7963424324989319,0.2036575973033905,0.4627046585083008,0.9953728914260864,0.0,0.0
71.0,1.0,0.5892192721366882,0.41078072786331177,1.0523667335510254,0.9894763231277466,0.0,0.0,0.5041986107826233,0.4958013892173767,1.1695499420166016,0.9883045554161072,0.0,0.0
71.0,2.0,0.5687655210494995,0.4312344789505005,1.0751230716705322,0.9892486333847046,0.0,0.0,0.5830916166305542,0.4169084131717682,1.0817755460739136,0.9891822934150696,0.0,0.0
71.0,3.0,0.6093071103096008,0.39069294929504395,0.9367601275444031,0.9906324744224548,0.0,0.0,0.4126715064048767,0.5873284935951233,1.6676684617996216,0.983323335647583,0.0,0.0
71.0,4.0,0.5770106911659241,0.4229893386363983,1.0850201845169067,0.9891497492790222,0.0,0.0,0.5493102669715881,0.45068976283073425,1.0404146909713745,0.9895958304405212,0.0,0.0
72.0,0.0,0.5134782195091248,0.48652172088623047,1.2356228828430176,0.987643837928772,0.0,0.0,0.7963424324989319,0.2036575824022293,0.4627046585083008,0.9953728914260864,0.0,0.0
72.0,1.0,0.589219331741333,0.41078072786331177,1.0523667335510254,0.9894762635231018,0.0,0.0,0.5041986107826233,0.4958013594150543,1.169549822807312,0.9883044958114624,0.0,0.0
72.0,2.0,0.5687655210494995,0.4312344789505005,1.0751230716705322,0.9892487525939941,0.0,0.0,0.5830915570259094,0.4169084131717682,1.0817755460739136,0.9891822934150696,0.0,0.0
72.0,3.0,0.609307050704956,0.39069294929504395,0.9367602467536926,0.9906323552131653,0.0,0.0,0.4126715064048767,0.5873284935951233,1.6676682233810425,0.983323335647583,0.0,0.0
72.0,4.0,0.5770107507705688,0.4229893386363983,1.0850200653076172,0.9891498684883118,0.0,0.0,0.5493102073669434,0.45068976283073425,1.0404146909713745,0.9895958304405212,0.0,0.0
73.0,0.0,0.5134782195091248,0.48652175068855286,1.2356228828430176,0.9876437783241272,0.0,0.0,0.7963424324989319,0.2036575824022293,0.4627046585083008,0.9953729510307312,0.0,0.0
73.0,1.0,0.5892192721366882,0.41078072786331177,1.0523667335510254,0.9894762635231018,0.0,0.0,0.5041986703872681,0.4958013892173767,1.1695499420166016,0.988304615020752,0.0,0.0
73.0,2.0,0.5687655210494995,0.4312345087528229,1.0751229524612427,0.9892487525939941,0.0,0.0,0.5830916166305542,0.4169084131717682,1.0817755460739136,0.9891822934150696,0.0,0.0
73.0,3.0,0.6093071103096008,0.39069294929504395,0.9367602467536926,0.9906323552131653,0.0,0.0,0.4126715064048767,0.5873285531997681,1.6676684617996216,0.983323335647583,0.0,0.0
73.0,4.0,0.5770107507705688,0.42298924922943115,1.0850200653076172,0.9891498684883118,0.0,0.0,0.5493102073669434,0.45068976283073425,1.0404146909713745,0.9895958304405212,0.0,0.0
74.0,0.0,0.5134782791137695,0.48652172088623047,1.2356228828430176,0.9876437187194824,0.0,0.0,0.7963424324989319,0.2036575824022293,0.4627046585083008,0.9953729510307312,0.0,0.0
74.0,1.0,0.5892192721366882,0.41078072786331177,1.0523667335510254,0.9894761443138123,0.0,0.0,0.5041986107826233,0.4958013892173767,1.1695499420166016,0.9883044958114624,0.0,0.0
74.0,2.0,0.5687655210494995,0.4312344193458557,1.0751230716705322,0.9892487525939941,0.0,0.0,0.5830916166305542,0.4169084429740906,1.0817755460739136,0.98918217420578,0.0,0.0
74.0,3.0,0.6093071103096008,0.39069288969039917,0.9367601275444031,0.9906324148178101,0.0,0.0,0.4126715064048767,0.5873284935951233,1.6676684617996216,0.9833233952522278,0.0,0.0
74.0,4.0,0.5770107507705688,0.4229893386363983,1.0850200653076172,0.989149808883667,0.0,0.0,0.5493101477622986,0.45068979263305664,1.0404146909713745,0.9895958304405212,0.0,0.0
75.0,0.0,0.5134783387184143,0.48652172088623047,1.2356228828430176,0.987643837928772,0.0,0.0,0.7963424324989319,0.2036575824022293,0.4627046585083008,0.9953728914260864,0.0,0.0
75.0,1.0,0.5892192125320435,0.41078075766563416,1.0523667335510254,0.9894762635231018,0.0,0.0,0.5041986703872681,0.4958013594150543,1.169549822807312,0.9883044958114624,0.0,0.0
75.0,2.0,0.5687655210494995,0.43123453855514526,1.0751230716705322,0.9892486333847046,0.0,0.0,0.5830916166305542,0.4169084131717682,1.0817755460739136,0.9891822934150696,0.0,0.0
75.0,3.0,0.609307050704956,0.39069288969039917,0.9367602467536926,0.9906324148178101,0.0,0.0,0.41267144680023193,0.5873285531997681,1.6676684617996216,0.983323335647583,0.0,0.0
75.0,4.0,0.5770106911659241,0.4229893684387207,1.0850201845169067,0.9891498684883118,0.0,0.0,0.5493102669715881,0.45068976283073425,1.0404146909713745,0.9895958304405212,0.0,0.0
76.0,0.0,0.5134782195091248,0.48652175068855286,1.2356228828430176,0.987643837928772,0.0,0.0,0.7963424324989319,0.2036575824022293,0.4627046585083008,0.9953728914260864,0.0,0.0
76.0,1.0,0.589219331741333,0.41078072786331177,1.0523667335510254,0.9894763231277466,0.0,0.0,0.5041986703872681,0.4958013892173767,1.169549822807312,0.9883044958114624,0.0,0.0
76.0,2.0,0.5687655806541443,0.4312345087528229,1.0751230716705322,0.9892488121986389,0.0,0.0,0.5830915570259094,0.4169084131717682,1.0817755460739136,0.9891822934150696,0.0,0.0
76.0,3.0,0.609307050704956,0.39069294929504395,0.9367601275444031,0.9906324744224548,0.0,0.0,0.4126715064048767,0.5873285531997681,1.6676682233810425,0.9833232164382935,0.0,0.0
76.0,4.0,0.5770107507705688,0.4229893386363983,1.0850200653076172,0.9891497492790222,0.0,0.0,0.5493102073669434,0.45068976283073425,1.0404146909713745,0.9895958304405212,0.0,0.0
77.0,0.0,0.5134783387184143,0.48652172088623047,1.2356228828430176,0.9876437783241272,0.0,0.0,0.7963424324989319,0.2036575824022293,0.4627046585083008,0.9953728914260864,0.0,0.0
77.0,1.0,0.5892192721366882,0.41078072786331177,1.0523667335510254,0.9894763231277466,0.0,0.0,0.5041986703872681,0.4958013594150543,1.169549822807312,0.9883044958114624,0.0,0.0
77.0,2.0,0.5687655210494995,0.43123456835746765,1.0751230716705322,0.9892487525939941,0.0,0.0,0.5830916166305542,0.4169084131717682,1.0817755460739136,0.9891822934150696,0.0,0.0
77.0,3.0,0.609307050704956,0.39069294929504395,0.9367602467536926,0.9906324148178101,0.0,0.0,0.4126715064048767,0.5873284935951233,1.6676682233810425,0.983323335647583,0.0,0.0
77.0,4.0,0.5770106911659241,0.4229893088340759,1.0850200653076172,0.9891499876976013,0.0,0.0,0.5493102073669434,0.45068976283073425,1.0404146909713745,0.9895957708358765,0.0,0.0
78.0,0.0,0.5134782195091248,0.48652175068855286,1.2356228828430176,0.987643837928772,0.0,0.0,0.7963424324989319,0.2036575824022293,0.4627046585083008,0.9953729510307312,0.0,0.0
78.0,1.0,0.5892192125320435,0.41078075766563416,1.0523667335510254,0.9894763231277466,0.0,0.0,0.5041986703872681,0.4958013892173767,1.1695499420166016,0.9883044362068176,0.0,0.0
78.0,2.0,0.5687655210494995,0.4312345087528229,1.0751230716705322,0.9892486333847046,0.0,0.0,0.583091676235199,0.4169084429740906,1.0817755460739136,0.98918217420578,0.0,0.0
78.0,3.0,0.6093069314956665,0.39069288969039917,0.9367602467536926,0.9906323552131653,0.0,0.0,0.4126715064048767,0.5873284935951233,1.6676682233810425,0.983323335647583,0.0,0.0
78.0,4.0,0.5770106911659241,0.4229893088340759,1.0850201845169067,0.9891496896743774,0.0,0.0,0.5493102073669434,0.45068976283073425,1.0404146909713745,0.9895958304405212,0.0,0.0
79.0,0.0,0.5134782195091248,0.48652175068855286,1.2356228828430176,0.987643837928772,0.0,0.0,0.7963423728942871,0.2036575824022293,0.4627046585083008,0.9953728914260864,0.0,0.0
79.0,1.0,0.5892192125320435,0.41078072786331177,1.0523667335510254,0.9894763827323914,0.0,0.0,0.5041986107826233,0.4958013892173767,1.1695499420166016,0.9883045554161072,0.0,0.0
79.0,2.0,0.5687655210494995,0.4312345087528229,1.0751229524612427,0.9892488121986389,0.0,0.0,0.5830916166305542,0.4169084131717682,1.0817755460739136,0.9891822934150696,0.0,0.0
79.0,3.0,0.609307050704956,0.39069288969039917,0.9367601275444031,0.9906324148178101,0.0,0.0,0.4126715064048767,0.5873285531997681,1.6676684617996216,0.9833233952522278,0.0,0.0
79.0,4.0,0.5770107507705688,0.4229893386363983,1.0850200653076172,0.9891498684883118,0.0,0.0,0.5493102073669434,0.45068976283073425,1.0404146909713745,0.9895958304405212,0.0,0.0
80.0,0.0,0.5134782791137695,0.48652175068855286,1.2356230020523071,0.987643837928772,0.0,0.0,0.7963424324989319,0.2036575824022293,0.4627046585083008,0.9953728914260864,0.0,0.0
80.0,1.0,0.589219331741333,0.41078078746795654,1.0523667335510254,0.9894763231277466,0.0,0.0,0.5041986107826233,0.4958013892173767,1.169549822807312,0.9883045554161072,0.0,0.0
80.0,2.0,0.5687655210494995,0.4312344193458557,1.0751229524612427,0.9892486333847046,0.0,0.0,0.5830916166305542,0.4169084429740906,1.0817755460739136,0.9891822934150696,0.0,0.0
80.0,3.0,0.6093071699142456,0.39069288969039917,0.9367603063583374,0.9906323552131653,0.0,0.0,0.4126715064048767,0.5873284935951233,1.6676684617996216,0.9833232164382935,0.0,0.0
80.0,4.0,0.5770106911659241,0.4229893386363983,1.0850201845169067,0.989149808883667,0.0,0.0,0.5493102073669434,0.45068976283073425,1.0404146909713745,0.9895959496498108,0.0,0.0
81.0,0.0,0.5134782195091248,0.48652175068855286,1.2356230020523071,0.9876437187194824,0.0,0.0,0.7963423728942871,0.2036575973033905,0.4627046585083008,0.9953728914260864,0.0,0.0
81.0,1.0,0.5892192721366882,0.41078072786331177,1.0523667335510254,0.9894763231277466,0.0,0.0,0.5041986107826233,0.4958013892173767,1.169549822807312,0.9883044958114624,0.0,0.0
81.0,2.0,0.5687654614448547,0.43123453855514526,1.0751230716705322,0.9892488121986389,0.0,0.0,0.5830915570259094,0.4169084429740906,1.0817755460739136,0.9891822934150696,0.0,0.0
81.0,3.0,0.609307050704956,0.39069294929504395,0.9367600679397583,0.9906324148178101,0.0,0.0,0.41267144680023193,0.5873285531997681,1.6676682233810425,0.9833232164382935,0.0,0.0
81.0,4.0,0.5770106911659241,0.4229893088340759,1.0850200653076172,0.9891497492790222,0.0,0.0,0.5493102073669434,0.45068976283073425,1.0404146909713745,0.9895958304405212,0.0,0.0
82.0,0.0,0.5134782791137695,0.48652178049087524,1.2356228828430176,0.987643837928772,0.0,0.0,0.7963424324989319,0.2036575824022293,0.4627046585083008,0.9953728914260864,0.0,0.0
82.0,1.0,0.5892192721366882,0.41078075766563416,1.0523666143417358,0.9894763231277466,0.0,0.0,0.5041986107826233,0.4958013594150543,1.1695499420166016,0.9883044958114624,0.0,0.0
82.0,2.0,0.5687655210494995,0.4312344789505005,1.0751230716705322,0.9892486929893494,0.0,0.0,0.5830916166305542,0.4169084131717682,1.0817755460739136,0.9891822934150696,0.0,0.0
82.0,3.0,0.609307050704956,0.39069288969039917,0.9367600679397583,0.9906324148178101,0.0,0.0,0.41267144680023193,0.5873284935951233,1.6676684617996216,0.983323335647583,0.0,0.0
82.0,4.0,0.5770107507705688,0.4229893088340759,1.0850200653076172,0.989149808883667,0.0,0.0,0.5493102669715881,0.45068976283073425,1.0404146909713745,0.9895958304405212,0.0,0.0
83.0,0.0,0.5134782195091248,0.48652184009552,1.2356228828430176,0.987643837928772,0.0,0.0,0.7963424324989319,0.2036575824022293,0.4627046585083008,0.9953728914260864,0.0,0.0
83.0,1.0,0.5892192125320435,0.41078078746795654,1.0523667335510254,0.9894763231277466,0.0,0.0,0.5041986107826233,0.4958014190196991,1.1695499420166016,0.9883045554161072,0.0,0.0
83.0,2.0,0.5687655210494995,0.4312344193458557,1.0751229524612427,0.9892487525939941,0.0,0.0,0.5830915570259094,0.4169084429740906,1.0817755460739136,0.9891822934150696,0.0,0.0
83.0,3.0,0.609307050704956,0.3906928598880768,0.9367602467536926,0.9906324148178101,0.0,0.0,0.41267144680023193,0.5873284935951233,1.6676684617996216,0.983323335647583,0.0,0.0
83.0,4.0,0.5770106315612793,0.4229893684387207,1.0850201845169067,0.9891497492790222,0.0,0.0,0.5493102073669434,0.45068976283073425,1.0404146909713745,0.9895958304405212,0.0,0.0
84.0,0.0,0.5134782195091248,0.48652178049087524,1.2356228828430176,0.9876437783241272,0.0,0.0,0.7963423728942871,0.2036575973033905,0.4627046585083008,0.9953728914260864,0.0,0.0
84.0,1.0,0.5892192721366882,0.41078078746795654,1.0523667335510254,0.9894763231277466,0.0,0.0,0.5041986703872681,0.4958013892173767,1.1695499420166016,0.9883045554161072,0.0,0.0
84.0,2.0,0.5687655210494995,0.4312344789505005,1.0751230716705322,0.9892487525939941,0.0,0.0,0.5830916166305542,0.4169084429740906,1.0817755460739136,0.9891822934150696,0.0,0.0
84.0,3.0,0.6093071103096008,0.3906928598880768,0.9367603063583374,0.9906322956085205,0.0,0.0,0.4126715064048767,0.5873284935951233,1.6676684617996216,0.9833233952522278,0.0,0.0
84.0,4.0,0.5770106911659241,0.4229893684387207,1.0850200653076172,0.989149808883667,0.0,0.0,0.5493102073669434,0.45068976283073425,1.0404146909713745,0.9895958304405212,0.0,0.0
85.0,0.0,0.5134783387184143,0.48652172088623047,1.2356228828430176,0.9876437783241272,0.0,0.0,0.7963424324989319,0.2036575824022293,0.4627046585083008,0.9953728914260864,0.0,0.0
85.0,1.0,0.5892192125320435,0.4107806980609894,1.0523667335510254,0.9894763827323914,0.0,0.0,0.5041986107826233,0.4958013892173767,1.1695499420166016,0.9883044958114624,0.0,0.0
85.0,2.0,0.5687655210494995,0.4312344789505005,1.0751230716705322,0.9892488121986389,0.0,0.0,0.5830916166305542,0.4169084131717682,1.0817755460739136,0.98918217420578,0.0,0.0
85.0,3.0,0.609307050704956,0.39069288969039917,0.9367600679397583,0.9906324744224548,0.0,0.0,0.4126715064048767,0.5873284935951233,1.6676684617996216,0.9833233952522278,0.0,0.0
85.0,4.0,0.5770106911659241,0.4229893386363983,1.0850201845169067,0.989149808883667,0.0,0.0,0.5493102669715881,0.45068979263305664,1.0404146909713745,0.9895958304405212,0.0,0.0
86.0,0.0,0.5134782791137695,0.48652172088623047,1.2356228828430176,0.9876437783241272,0.0,0.0,0.7963424324989319,0.2036575824022293,0.4627046585083008,0.9953728914260864,0.0,0.0
86.0,1.0,0.5892192125320435,0.41078078746795654,1.0523667335510254,0.9894762635231018,0.0,0.0,0.5041986703872681,0.4958013892173767,1.1695499420166016,0.9883044958114624,0.0,0.0
86.0,2.0,0.5687655210494995,0.43123453855514526,1.0751230716705322,0.9892487525939941,0.0,0.0,0.5830916166305542,0.4169084429740906,1.0817755460739136,0.9891822934150696,0.0,0.0
86.0,3.0,0.6093071699142456,0.3906928598880768,0.9367602467536926,0.9906323552131653,0.0,0.0,0.4126715362071991,0.5873284935951233,1.6676684617996216,0.983323335647583,0.0,0.0
86.0,4.0,0.5770107507705688,0.42298927903175354,1.0850201845169067,0.9891496896743774,0.0,0.0,0.5493102073669434,0.45068976283073425,1.0404146909713745,0.9895958304405212,0.0,0.0
87.0,0.0,0.5134782195091248,0.48652178049087524,1.2356228828430176,0.9876437187194824,0.0,0.0,0.7963424324989319,0.2036575973033905,0.4627046585083008,0.9953728914260864,0.0,0.0
87.0,1.0,0.5892192721366882,0.4107806980609894,1.0523667335510254,0.9894762635231018,0.0,0.0,0.5041986703872681,0.4958013594150543,1.169549822807312,0.9883045554161072,0.0,0.0
87.0,2.0,0.5687655806541443,0.4312345087528229,1.0751229524612427,0.9892488121986389,0.0,0.0,0.5830916166305542,0.4169084429740906,1.0817755460739136,0.9891822934150696,0.0,0.0
87.0,3.0,0.609307050704956,0.39069294929504395,0.9367600679397583,0.9906324148178101,0.0,0.0,0.41267144680023193,0.5873284935951233,1.6676684617996216,0.983323335647583,0.0,0.0
87.0,4.0,0.5770106911659241,0.4229893088340759,1.0850203037261963,0.9891497492790222,0.0,0.0,0.5493102669715881,0.45068976283073425,1.0404146909713745,0.9895958304405212,0.0,0.0
88.0,0.0,0.5134782195091248,0.48652178049087524,1.2356228828430176,0.987643837928772,0.0,0.0,0.7963424324989319,0.2036575824022293,0.4627046585083008,0.9953728914260864,0.0,0.0
88.0,1.0,0.5892192125320435,0.4107806980609894,1.0523667335510254,0.9894763231277466,0.0,0.0,0.5041986703872681,0.4958013594150543,1.1695499420166016,0.9883044958114624,0.0,0.0
88.0,2.0,0.5687655806541443,0.4312344789505005,1.0751230716705322,0.9892486929893494,0.0,0.0,0.5830916166305542,0.4169084429740906,1.0817755460739136,0.98918217420578,0.0,0.0
88.0,3.0,0.609307050704956,0.39069288969039917,0.9367601275444031,0.9906324148178101,0.0,0.0,0.4126715064048767,0.5873284935951233,1.6676682233810425,0.9833232164382935,0.0,0.0
88.0,4.0,0.5770107507705688,0.42298927903175354,1.0850200653076172,0.9891498684883118,0.0,0.0,0.5493101477622986,0.45068976283073425,1.0404146909713745,0.9895958304405212,0.0,0.0
89.0,0.0,0.5134782791137695,0.48652172088623047,1.2356228828430176,0.9876437783241272,0.0,0.0,0.7963424324989319,0.2036575824022293,0.4627046585083008,0.9953728914260864,0.0,0.0
89.0,1.0,0.5892192125320435,0.41078072786331177,1.0523667335510254,0.9894763231277466,0.0,0.0,0.5041986703872681,0.4958013594150543,1.1695499420166016,0.9883045554161072,0.0,0.0
89.0,2.0,0.5687654614448547,0.43123453855514526,1.0751230716705322,0.9892486929893494,0.0,0.0,0.5830916166305542,0.4169084131717682,1.0817755460739136,0.9891822934150696,0.0,0.0
89.0,3.0,0.6093071103096008,0.39069294929504395,0.9367601275444031,0.9906324148178101,0.0,0.0,0.4126715064048767,0.5873285531997681,1.6676684617996216,0.9833233952522278,0.0,0.0
89.0,4.0,0.5770107507705688,0.4229893088340759,1.0850200653076172,0.9891498684883118,0.0,0.0,0.5493102073669434,0.45068976283073425,1.0404146909713745,0.9895958304405212,0.0,0.0
90.0,0.0,0.5134782195091248,0.48652172088623047,1.2356228828430176,0.9876437187194824,0.0,0.0,0.7963424324989319,0.2036575824022293,0.4627046585083008,0.9953728914260864,0.0,0.0
90.0,1.0,0.5892192125320435,0.41078075766563416,1.0523667335510254,0.9894763827323914,0.0,0.0,0.5041986703872681,0.4958013594150543,1.1695499420166016,0.9883045554161072,0.0,0.0
90.0,2.0,0.5687654614448547,0.4312345087528229,1.0751230716705322,0.9892487525939941,0.0,0.0,0.5830915570259094,0.4169084429740906,1.0817755460739136,0.9891823530197144,0.0,0.0
90.0,3.0,0.6093071103096008,0.39069288969039917,0.9367602467536926,0.9906324148178101,0.0,0.0,0.4126715362071991,0.5873285531997681,1.6676682233810425,0.983323335647583,0.0,0.0
90.0,4.0,0.5770106911659241,0.4229893088340759,1.0850201845169067,0.9891497492790222,0.0,0.0,0.5493102073669434,0.45068976283073425,1.0404146909713745,0.9895958304405212,0.0,0.0
91.0,0.0,0.5134782791137695,0.48652172088623047,1.2356228828430176,0.9876437783241272,0.0,0.0,0.7963424324989319,0.2036575973033905,0.4627046585083008,0.9953728914260864,0.0,0.0
91.0,1.0,0.5892192125320435,0.41078075766563416,1.0523667335510254,0.9894763231277466,0.0,0.0,0.5041986703872681,0.4958013594150543,1.1695499420166016,0.9883045554161072,0.0,0.0
91.0,2.0,0.5687655210494995,0.4312345087528229,1.0751230716705322,0.9892486929893494,0.0,0.0,0.5830916166305542,0.4169084429740906,1.0817755460739136,0.98918217420578,0.0,0.0
91.0,3.0,0.6093071103096008,0.39069294929504395,0.9367600679397583,0.9906324148178101,0.0,0.0,0.4126715362071991,0.5873284935951233,1.6676682233810425,0.983323335647583,0.0,0.0
91.0,4.0,0.5770106315612793,0.4229893386363983,1.0850201845169067,0.989149808883667,0.0,0.0,0.5493102073669434,0.45068976283073425,1.0404146909713745,0.9895958304405212,0.0,0.0
92.0,0.0,0.5134783387184143,0.4865216910839081,1.2356226444244385,0.987643837928772,0.0,0.0,0.7963424324989319,0.2036575973033905,0.4627046585083008,0.9953729510307312,0.0,0.0
92.0,1.0,0.5892192721366882,0.41078072786331177,1.0523667335510254,0.9894763231277466,0.0,0.0,0.5041986703872681,0.4958013594150543,1.1695499420166016,0.9883045554161072,0.0,0.0
92.0,2.0,0.5687655210494995,0.4312344789505005,1.0751229524612427,0.9892488121986389,0.0,0.0,0.5830916166305542,0.4169084131717682,1.0817755460739136,0.9891822934150696,0.0,0.0
92.0,3.0,0.6093071103096008,0.3906928598880768,0.9367601275444031,0.9906324148178101,0.0,0.0,0.4126715362071991,0.5873284935951233,1.6676682233810425,0.983323335647583,0.0,0.0
92.0,4.0,0.5770106911659241,0.4229893088340759,1.0850201845169067,0.9891496896743774,0.0,0.0,0.5493102073669434,0.45068976283073425,1.0404146909713745,0.9895958304405212,0.0,0.0
93.0,0.0,0.5134783387184143,0.4865216910839081,1.2356228828430176,0.9876437783241272,0.0,0.0,0.7963424324989319,0.2036575824022293,0.4627046585083008,0.9953729510307312,0.0,0.0
93.0,1.0,0.5892192125320435,0.41078075766563416,1.0523667335510254,0.9894763827323914,0.0,0.0,0.5041986703872681,0.4958013594150543,1.1695499420166016,0.9883045554161072,0.0,0.0
93.0,2.0,0.5687655210494995,0.43123453855514526,1.0751230716705322,0.9892486929893494,0.0,0.0,0.5830916166305542,0.4169084131717682,1.0817755460739136,0.98918217420578,0.0,0.0
93.0,3.0,0.609307050704956,0.3906928300857544,0.9367600679397583,0.9906325340270996,0.0,0.0,0.4126715064048767,0.5873284935951233,1.6676684617996216,0.9833233952522278,0.0,0.0
93.0,4.0,0.5770106315612793,0.4229893386363983,1.0850203037261963,0.9891496300697327,0.0,0.0,0.5493102073669434,0.45068979263305664,1.0404146909713745,0.9895958304405212,0.0,0.0
94.0,0.0,0.5134782195091248,0.48652175068855286,1.2356228828430176,0.9876436591148376,0.0,0.0,0.7963424324989319,0.2036575824022293,0.4627046585083008,0.9953728914260864,0.0,0.0
94.0,1.0,0.589219331741333,0.4107806980609894,1.0523667335510254,0.9894763231277466,0.0,0.0,0.5041986703872681,0.4958013594150543,1.169549822807312,0.9883045554161072,0.0,0.0
94.0,2.0,0.5687655806541443,0.4312344789505005,1.0751229524612427,0.9892487525939941,0.0,0.0,0.583091676235199,0.4169084131717682,1.0817755460739136,0.9891822934150696,0.0,0.0
94.0,3.0,0.6093071103096008,0.39069294929504395,0.9367601275444031,0.9906324148178101,0.0,0.0,0.4126715064048767,0.5873285531997681,1.6676682233810425,0.9833232164382935,0.0,0.0
94.0,4.0,0.5770106315612793,0.4229893684387207,1.0850200653076172,0.9891498684883118,0.0,0.0,0.5493102073669434,0.45068976283073425,1.0404146909713745,0.9895957708358765,0.0,0.0
95.0,0.0,0.5134782791137695,0.48652175068855286,1.2356226444244385,0.9876437783241272,0.0,0.0,0.7963424324989319,0.2036575824022293,0.4627046585083008,0.9953729510307312,0.0,0.0
95.0,1.0,0.5892191529273987,0.41078072786331177,1.0523667335510254,0.9894763231277466,0.0,0.0,0.5041986107826233,0.4958013892173767,1.169549822807312,0.9883044958114624,0.0,0.0
95.0,2.0,0.5687655210494995,0.4312344789505005,1.0751230716705322,0.9892487525939941,0.0,0.0,0.5830916166305542,0.4169084429740906,1.0817755460739136,0.9891822934150696,0.0,0.0
95.0,3.0,0.609307050704956,0.39069294929504395,0.9367603063583374,0.9906323552131653,0.0,0.0,0.4126715064048767,0.5873284935951233,1.6676684617996216,0.983323335647583,0.0,0.0
95.0,4.0,0.5770106315612793,0.4229893386363983,1.0850200653076172,0.9891498684883118,0.0,0.0,0.5493102073669434,0.45068979263305664,1.0404146909713745,0.9895959496498108,0.0,0.0
96.0,0.0,0.5134782195091248,0.48652178049087524,1.2356230020523071,0.9876437783241272,0.0,0.0,0.7963424324989319,0.2036575824022293,0.4627046585083008,0.9953728914260864,0.0,0.0
96.0,1.0,0.5892192125320435,0.4107808470726013,1.0523666143417358,0.9894763827323914,0.0,0.0,0.5041986703872681,0.4958013892173767,1.1695499420166016,0.9883045554161072,0.0,0.0
96.0,2.0,0.5687655210494995,0.4312344789505005,1.0751229524612427,0.9892486929893494,0.0,0.0,0.5830916166305542,0.4169084131717682,1.0817755460739136,0.9891822934150696,0.0,0.0
96.0,3.0,0.609307050704956,0.39069294929504395,0.9367602467536926,0.9906324148178101,0.0,0.0,0.4126715064048767,0.5873284935951233,1.6676682233810425,0.983323335647583,0.0,0.0
96.0,4.0,0.5770106315612793,0.4229893088340759,1.0850200653076172,0.9891498684883118,0.0,0.0,0.5493102669715881,0.45068976283073425,1.0404146909713745,0.9895957708358765,0.0,0.0
97.0,0.0,0.5134782791137695,0.4865216910839081,1.2356226444244385,0.9876438975334167,0.0,0.0,0.7963424324989319,0.2036575824022293,0.4627046585083008,0.9953728914260864,0.0,0.0
97.0,1.0,0.589219331741333,0.41078075766563416,1.0523667335510254,0.9894763231277466,0.0,0.0,0.5041986107826233,0.4958014190196991,1.1695499420166016,0.9883044958114624,0.0,0.0
97.0,2.0,0.5687654614448547,0.4312345087528229,1.0751230716705322,0.9892486333847046,0.0,0.0,0.5830916166305542,0.4169084429740906,1.0817755460739136,0.9891822934150696,0.0,0.0
97.0,3.0,0.609307050704956,0.39069297909736633,0.9367601275444031,0.9906324148178101,0.0,0.0,0.4126715362071991,0.5873284935951233,1.6676684617996216,0.983323335647583,0.0,0.0
97.0,4.0,0.5770106911659241,0.4229893088340759,1.0850200653076172,0.9891498684883118,0.0,0.0,0.5493102669715881,0.45068976283073425,1.0404146909713745,0.9895957708358765,0.0,0.0
98.0,0.0,0.5134782195091248,0.48652175068855286,1.2356228828430176,0.987643837928772,0.0,0.0,0.7963424324989319,0.2036575824022293,0.4627046585083008,0.9953729510307312,0.0,0.0
98.0,1.0,0.5892192721366882,0.41078072786331177,1.0523666143417358,0.9894763231277466,0.0,0.0,0.5041986703872681,0.4958013892173767,1.169549822807312,0.9883045554161072,0.0,0.0
98.0,2.0,0.5687655806541443,0.4312345087528229,1.0751229524612427,0.9892487525939941,0.0,0.0,0.5830916166305542,0.4169084131717682,1.0817755460739136,0.9891822934150696,0.0,0.0
98.0,3.0,0.6093071699142456,0.39069288969039917,0.9367603063583374,0.9906322956085205,0.0,0.0,0.4126715064048767,0.5873284935951233,1.6676682233810425,0.983323335647583,0.0,0.0
98.0,4.0,0.5770106315612793,0.4229893088340759,1.0850200653076172,0.989149808883667,0.0,0.0,0.5493102669715881,0.45068976283073425,1.0404146909713745,0.9895958304405212,0.0,0.0
99.0,0.0,0.5134782195091248,0.48652172088623047,1.2356226444244385,0.9876439571380615,0.0,0.0,0.7963423728942871,0.2036575824022293,0.4627046585083008,0.9953728914260864,0.0,0.0
99.0,1.0,0.5892192125320435,0.41078072786331177,1.0523666143417358,0.9894763827323914,0.0,0.0,0.5041986107826233,0.4958013892173767,1.1695499420166016,0.9883045554161072,0.0,0.0
99.0,2.0,0.5687655210494995,0.4312344193458557,1.0751229524612427,0.9892487525939941,0.0,0.0,0.5830916166305542,0.4169084429740906,1.0817755460739136,0.9891822934150696,0.0,0.0
99.0,3.0,0.609307050704956,0.39069288969039917,0.9367602467536926,0.9906323552131653,0.0,0.0,0.4126715064048767,0.5873284935951233,1.6676682233810425,0.983323335647583,0.0,0.0
99.0,4.0,0.5770106911659241,0.4229893386363983,1.0850200653076172,0.9891498684883118,0.0,0.0,0.5493102073669434,0.45068976283073425,1.0404146909713745,0.9895957708358765,0.0,0.0
100.0,0.0,0.5134782195091248,0.48652175068855286,1.2356228828430176,0.9876437783241272,0.0,0.0,0.7963423728942871,0.2036575973033905,0.4627046585083008,0.9953728914260864,0.0,0.0
100.0,1.0,0.5892192125320435,0.41078075766563416,1.0523667335510254,0.9894763231277466,0.0,0.0,0.5041986107826233,0.4958013594150543,1.169549822807312,0.9883044958114624,0.0,0.0
100.0,2.0,0.5687655210494995,0.4312345087528229,1.0751230716705322,0.9892487525939941,0.0,0.0,0.5830915570259094,0.4169084131717682,1.0817755460739136,0.98918217420578,0.0,0.0
100.0,3.0,0.6093071103096008,0.39069294929504395,0.9367601275444031,0.9906324148178101,0.0,0.0,0.41267144680023193,0.5873285531997681,1.6676684617996216,0.983323335647583,0.0,0.0
100.0,4.0,0.5770106315612793,0.4229893088340759,1.0850201845169067,0.9891497492790222,0.0,0.0,0.5493101477622986,0.45068976283073425,1.0404146909713745,0.9895958304405212,0.0,0.0
101.0,0.0,0.5134783387184143,0.48652172088623047,1.2356230020523071,0.9876437187194824,0.0,0.0,0.7963424324989319,0.2036575824022293,0.4627046585083008,0.9953729510307312,0.0,0.0
101.0,1.0,0.5892192721366882,0.41078072786331177,1.0523667335510254,0.9894762635231018,0.0,0.0,0.5041986703872681,0.4958013594150543,1.1695499420166016,0.9883045554161072,0.0,0.0
101.0,2.0,0.5687655210494995,0.4312345087528229,1.0751230716705322,0.9892487525939941,0.0,0.0,0.5830916166305542,0.4169084131717682,1.0817755460739136,0.9891822934150696,0.0,0.0
101.0,3.0,0.609307050704956,0.39069288969039917,0.9367601275444031,0.9906324148178101,0.0,0.0,0.4126715064048767,0.5873284935951233,1.6676682233810425,0.983323335647583,0.0,0.0
101.0,4.0,0.5770107507705688,0.4229893088340759,1.0850201845169067,0.989149808883667,0.0,0.0,0.5493102073669434,0.45068976283073425,1.0404146909713745,0.9895958304405212,0.0,0.0
102.0,0.0,0.5134782195091248,0.48652175068855286,1.2356226444244385,0.987643837928772,0.0,0.0,0.7963424324989319,0.2036575973033905,0.4627046585083008,0.9953729510307312,0.0,0.0
102.0,1.0,0.589219331741333,0.4107806980609894,1.0523666143417358,0.9894763827323914,0.0,0.0,0.5041986107826233,0.4958013594150543,1.169549822807312,0.9883045554161072,0.0,0.0
102.0,2.0,0.5687655806541443,0.4312345087528229,1.0751230716705322,0.9892487525939941,0.0,0.0,0.5830916166305542,0.4169084429740906,1.0817755460739136,0.9891822934150696,0.0,0.0
102.0,3.0,0.609307050704956,0.39069297909736633,0.9367602467536926,0.9906324148178101,0.0,0.0,0.4126715362071991,0.5873284935951233,1.6676684617996216,0.9833233952522278,0.0,0.0
102.0,4.0,0.5770106911659241,0.4229893386363983,1.0850200653076172,0.9891498684883118,0.0,0.0,0.5493102073669434,0.45068979263305664,1.0404146909713745,0.9895958304405212,0.0,0.0
103.0,0.0,0.5134783387184143,0.4865216910839081,1.2356226444244385,0.9876439571380615,0.0,0.0,0.7963423728942871,0.2036575973033905,0.4627046585083008,0.9953728914260864,0.0,0.0
103.0,1.0,0.5892191529273987,0.4107808470726013,1.0523667335510254,0.9894763827323914,0.0,0.0,0.5041986107826233,0.4958013594150543,1.1695499420166016,0.9883045554161072,0.0,0.0
103.0,2.0,0.5687655210494995,0.4312344789505005,1.0751230716705322,0.9892487525939941,0.0,0.0,0.5830916166305542,0.4169084131717682,1.0817755460739136,0.9891822934150696,0.0,0.0
103.0,3.0,0.609307050704956,0.39069288969039917,0.9367601275444031,0.9906324744224548,0.0,0.0,0.4126715362071991,0.5873284935951233,1.6676682233810425,0.983323335647583,0.0,0.0
103.0,4.0,0.5770107507705688,0.4229893088340759,1.0850200653076172,0.989149808883667,0.0,0.0,0.5493102669715881,0.45068976283073425,1.0404146909713745,0.9895958304405212,0.0,0.0
104.0,0.0,0.5134782791137695,0.48652178049087524,1.2356228828430176,0.9876437783241272,0.0,0.0,0.7963423728942871,0.2036575973033905,0.4627046585083008,0.9953728914260864,0.0,0.0
104.0,1.0,0.5892192125320435,0.41078078746795654,1.0523667335510254,0.9894761443138123,0.0,0.0,0.5041986107826233,0.4958013892173767,1.1695499420166016,0.9883045554161072,0.0,0.0
104.0,2.0,0.5687655806541443,0.4312345087528229,1.0751230716705322,0.9892486929893494,0.0,0.0,0.5830915570259094,0.4169084131717682,1.0817755460739136,0.9891822934150696,0.0,0.0
104.0,3.0,0.6093071103096008,0.39069288969039917,0.9367601275444031,0.9906324148178101,0.0,0.0,0.4126715064048767,0.5873284935951233,1.6676682233810425,0.9833233952522278,0.0,0.0
104.0,4.0,0.5770106911659241,0.4229893088340759,1.0850201845169067,0.9891497492790222,0.0,0.0,0.5493102073669434,0.45068979263305664,1.0404146909713745,0.9895958304405212,0.0,0.0
105.0,0.0,0.5134782195091248,0.48652175068855286,1.2356226444244385,0.9876437187194824,0.0,0.0,0.7963424324989319,0.2036575824022293,0.4627046585083008,0.9953728914260864,0.0,0.0
105.0,1.0,0.589219331741333,0.41078075766563416,1.0523666143417358,0.9894763231277466,0.0,0.0,0.5041986107826233,0.4958013892173767,1.1695499420166016,0.9883044958114624,0.0,0.0
105.0,2.0,0.5687655806541443,0.4312344789505005,1.0751229524612427,0.9892487525939941,0.0,0.0,0.5830915570259094,0.4169084131717682,1.0817755460739136,0.9891822934150696,0.0,0.0
105.0,3.0,0.6093071103096008,0.39069294929504395,0.9367601275444031,0.9906324148178101,0.0,0.0,0.41267144680023193,0.5873284935951233,1.6676682233810425,0.983323335647583,0.0,0.0
105.0,4.0,0.5770107507705688,0.42298927903175354,1.0850201845169067,0.989149808883667,0.0,0.0,0.5493102073669434,0.45068976283073425,1.0404146909713745,0.9895957708358765,0.0,0.0
106.0,0.0,0.5134782791137695,0.48652175068855286,1.2356230020523071,0.987643837928772,0.0,0.0,0.7963424324989319,0.2036575824022293,0.4627046585083008,0.9953728914260864,0.0,0.0
106.0,1.0,0.589219331741333,0.41078072786331177,1.0523667335510254,0.9894762635231018,0.0,0.0,0.5041986107826233,0.4958013892173767,1.1695499420166016,0.9883045554161072,0.0,0.0
106.0,2.0,0.5687655210494995,0.4312345087528229,1.0751229524612427,0.9892487525939941,0.0,0.0,0.5830916166305542,0.4169084131717682,1.0817755460739136,0.9891822934150696,0.0,0.0
106.0,3.0,0.609307050704956,0.39069288969039917,0.9367600679397583,0.9906324744224548,0.0,0.0,0.4126715064048767,0.5873284935951233,1.6676684617996216,0.983323335647583,0.0,0.0
106.0,4.0,0.5770107507705688,0.4229893088340759,1.0850201845169067,0.989149808883667,0.0,0.0,0.5493102073669434,0.45068979263305664,1.0404146909713745,0.9895958304405212,0.0,0.0
107.0,0.0,0.5134782195091248,0.48652172088623047,1.2356228828430176,0.987643837928772,0.0,0.0,0.7963423728942871,0.2036575973033905,0.4627046585083008,0.9953728914260864,0.0,0.0
107.0,1.0,0.5892192721366882,0.41078072786331177,1.0523667335510254,0.9894762635231018,0.0,0.0,0.5041986703872681,0.4958013892173767,1.1695499420166016,0.9883044958114624,0.0,0.0
107.0,2.0,0.5687655210494995,0.43123453855514526,1.0751229524612427,0.9892486929893494,0.0,0.0,0.5830916166305542,0.4169084131717682,1.0817755460739136,0.9891822934150696,0.0,0.0
107.0,3.0,0.6093071103096008,0.39069297909736633,0.9367603063583374,0.9906323552131653,0.0,0.0,0.4126715064048767,0.5873284935951233,1.6676684617996216,0.9833233952522278,0.0,0.0
107.0,4.0,0.5770106315612793,0.4229893386363983,1.0850201845169067,0.9891496896743774,0.0,0.0,0.5493102073669434,0.45068976283073425,1.0404146909713745,0.9895958304405212,0.0,0.0
108.0,0.0,0.5134782195091248,0.48652184009552,1.2356226444244385,0.9876438975334167,0.0,0.0,0.7963424324989319,0.2036575824022293,0.4627046585083008,0.9953728914260864,0.0,0.0
108.0,1.0,0.5892192721366882,0.41078072786331177,1.0523667335510254,0.9894763231277466,0.0,0.0,0.5041986703872681,0.4958013892173767,1.169549822807312,0.9883045554161072,0.0,0.0
108.0,2.0,0.5687655210494995,0.4312345087528229,1.0751230716705322,0.9892487525939941,0.0,0.0,0.5830916166305542,0.4169084429740906,1.0817755460739136,0.9891823530197144,0.0,0.0
108.0,3.0,0.6093071103096008,0.39069288969039917,0.9367601275444031,0.9906324148178101,0.0,0.0,0.4126715064048767,0.5873285531997681,1.6676682233810425,0.9833232164382935,0.0,0.0
108.0,4.0,0.5770106315612793,0.4229893684387207,1.0850201845169067,0.9891497492790222,0.0,0.0,0.5493102073669434,0.45068976283073425,1.0404146909713745,0.9895958304405212,0.0,0.0
109.0,0.0,0.5134782195091248,0.48652175068855286,1.2356228828430176,0.987643837928772,0.0,0.0,0.7963423728942871,0.2036575824022293,0.4627046585083008,0.9953728914260864,0.0,0.0
109.0,1.0,0.5892192721366882,0.41078078746795654,1.0523667335510254,0.9894762635231018,0.0,0.0,0.5041986107826233,0.4958013892173767,1.1695499420166016,0.9883045554161072,0.0,0.0
109.0,2.0,0.5687655210494995,0.4312345087528229,1.0751230716705322,0.9892486929893494,0.0,0.0,0.5830916166305542,0.4169084131717682,1.0817755460739136,0.9891822934150696,0.0,0.0
109.0,3.0,0.6093071103096008,0.39069288969039917,0.9367602467536926,0.9906323552131653,0.0,0.0,0.4126715064048767,0.5873284935951233,1.6676684617996216,0.983323335647583,0.0,0.0
109.0,4.0,0.5770106911659241,0.4229893386363983,1.0850200653076172,0.989149808883667,0.0,0.0,0.5493102669715881,0.45068979263305664,1.0404146909713745,0.9895958304405212,0.0,0.0
110.0,0.0,0.5134782791137695,0.48652175068855286,1.2356226444244385,0.9876437187194824,0.0,0.0,0.7963424324989319,0.2036575973033905,0.4627046585083008,0.9953728914260864,0.0,0.0
110.0,1.0,0.5892192125320435,0.41078072786331177,1.0523667335510254,0.9894762635231018,0.0,0.0,0.5041986703872681,0.4958013892173767,1.1695499420166016,0.9883045554161072,0.0,0.0
110.0,2.0,0.5687655210494995,0.43123453855514526,1.0751229524612427,0.9892489314079285,0.0,0.0,0.5830916166305542,0.4169084429740906,1.0817755460739136,0.9891822934150696,0.0,0.0
110.0,3.0,0.6093071103096008,0.39069288969039917,0.9367603063583374,0.9906323552131653,0.0,0.0,0.4126715064048767,0.5873284935951233,1.6676682233810425,0.983323335647583,0.0,0.0
110.0,4.0,0.5770106315612793,0.4229893088340759,1.0850201845169067,0.989149808883667,0.0,0.0,0.5493102073669434,0.45068979263305664,1.0404146909713745,0.9895959496498108,0.0,0.0
111.0,0.0,0.5134782195091248,0.48652175068855286,1.2356228828430176,0.9876437783241272,0.0,0.0,0.7963424324989319,0.2036575973033905,0.4627046585083008,0.9953728914260864,0.0,0.0
111.0,1.0,0.5892191529273987,0.41078078746795654,1.0523666143417358,0.9894763827323914,0.0,0.0,0.5041986703872681,0.4958013892173767,1.1695499420166016,0.9883045554161072,0.0,0.0
111.0,2.0,0.5687655806541443,0.4312344789505005,1.0751230716705322,0.9892486929893494,0.0,0.0,0.5830915570259094,0.4169084131717682,1.0817755460739136,0.98918217420578,0.0,0.0
111.0,3.0,0.609307050704956,0.39069294929504395,0.9367601275444031,0.9906324148178101,0.0,0.0,0.4126715362071991,0.5873284935951233,1.6676684617996216,0.9833232164382935,0.0,0.0
111.0,4.0,0.5770106911659241,0.4229893088340759,1.0850201845169067,0.989149808883667,0.0,0.0,0.5493102073669434,0.45068979263305664,1.0404146909713745,0.9895959496498108,0.0,0.0
112.0,0.0,0.5134782791137695,0.48652172088623047,1.2356228828430176,0.9876437187194824,0.0,0.0,0.7963424324989319,0.2036575824022293,0.4627046585083008,0.9953728914260864,0.0,0.0
112.0,1.0,0.589219331741333,0.41078072786331177,1.0523667335510254,0.9894763231277466,0.0,0.0,0.5041986703872681,0.4958013594150543,1.1695499420166016,0.9883045554161072,0.0,0.0
112.0,2.0,0.5687655210494995,0.4312345087528229,1.0751229524612427,0.9892487525939941,0.0,0.0,0.5830916166305542,0.4169084429740906,1.0817755460739136,0.98918217420578,0.0,0.0
112.0,3.0,0.6093071103096008,0.39069294929504395,0.9367601275444031,0.9906324744224548,0.0,0.0,0.4126715064048767,0.5873284935951233,1.6676682233810425,0.983323335647583,0.0,0.0
112.0,4.0,0.5770107507705688,0.4229893088340759,1.0850200653076172,0.9891498684883118,0.0,0.0,0.5493102073669434,0.45068976283073425,1.0404146909713745,0.9895958304405212,0.0,0.0
113.0,0.0,0.5134782791137695,0.48652175068855286,1.2356228828430176,0.9876438975334167,0.0,0.0,0.7963423728942871,0.2036575973033905,0.4627046585083008,0.9953728914260864,0.0,0.0
113.0,1.0,0.5892192125320435,0.41078072786331177,1.0523667335510254,0.9894762635231018,0.0,0.0,0.5041986703872681,0.4958013594150543,1.1695499420166016,0.9883044958114624,0.0,0.0
113.0,2.0,0.5687655210494995,0.43123453855514526,1.0751229524612427,0.9892487525939941,0.0,0.0,0.5830916166305542,0.4169084131717682,1.0817755460739136,0.9891822934150696,0.0,0.0
113.0,3.0,0.609307050704956,0.39069294929504395,0.9367603063583374,0.9906324148178101,0.0,0.0,0.41267144680023193,0.5873284935951233,1.6676682233810425,0.983323335647583,0.0,0.0
113.0,4.0,0.5770106911659241,0.4229893386363983,1.0850200653076172,0.989149808883667,0.0,0.0,0.5493102073669434,0.45068976283073425,1.0404146909713745,0.9895958304405212,0.0,0.0
114.0,0.0,0.5134783387184143,0.48652172088623047,1.2356228828430176,0.9876437783241272,0.0,0.0,0.7963424324989319,0.2036575824022293,0.4627046585083008,0.9953728914260864,0.0,0.0
114.0,1.0,0.5892192125320435,0.4107808470726013,1.0523667335510254,0.9894763231277466,0.0,0.0,0.5041986703872681,0.4958013892173767,1.169549822807312,0.9883044958114624,0.0,0.0
114.0,2.0,0.5687655210494995,0.4312344193458557,1.0751229524612427,0.9892489314079285,0.0,0.0,0.5830915570259094,0.4169084131717682,1.0817755460739136,0.9891822934150696,0.0,0.0
114.0,3.0,0.609307050704956,0.39069288969039917,0.9367602467536926,0.9906324148178101,0.0,0.0,0.4126715064048767,0.5873284935951233,1.6676684617996216,0.983323335647583,0.0,0.0
114.0,4.0,0.5770107507705688,0.4229893088340759,1.0850201845169067,0.9891497492790222,0.0,0.0,0.5493102073669434,0.45068976283073425,1.0404146909713745,0.9895958304405212,0.0,0.0
115.0,0.0,0.5134782195091248,0.48652178049087524,1.2356228828430176,0.9876437187194824,0.0,0.0,0.7963423728942871,0.2036575973033905,0.4627046585083008,0.9953728914260864,0.0,0.0
115.0,1.0,0.5892192125320435,0.41078075766563416,1.0523667335510254,0.9894763827323914,0.0,0.0,0.5041986703872681,0.4958013892173767,1.1695499420166016,0.9883044958114624,0.0,0.0
115.0,2.0,0.5687655210494995,0.43123453855514526,1.0751230716705322,0.9892486333847046,0.0,0.0,0.5830916166305542,0.4169084429740906,1.0817755460739136,0.98918217420578,0.0,0.0
115.0,3.0,0.6093071103096008,0.3906928598880768,0.9367602467536926,0.9906324148178101,0.0,0.0,0.4126715064048767,0.5873284935951233,1.6676684617996216,0.983323335647583,0.0,0.0
115.0,4.0,0.5770106315612793,0.4229893684387207,1.0850201845169067,0.9891497492790222,0.0,0.0,0.5493102073669434,0.45068976283073425,1.0404146909713745,0.9895957708358765,0.0,0.0
116.0,0.0,0.5134782195091248,0.48652175068855286,1.2356230020523071,0.9876437783241272,0.0,0.0,0.7963424324989319,0.2036575824022293,0.4627046585083008,0.9953728914260864,0.0,0.0
116.0,1.0,0.5892192125320435,0.41078072786331177,1.0523667335510254,0.9894763231277466,0.0,0.0,0.5041986107826233,0.4958013892173767,1.1695499420166016,0.9883045554161072,0.0,0.0
116.0,2.0,0.5687655806541443,0.4312344193458557,1.0751230716705322,0.9892486929893494,0.0,0.0,0.5830916166305542,0.4169084429740906,1.0817755460739136,0.9891822934150696,0.0,0.0
116.0,3.0,0.6093071103096008,0.39069294929504395,0.9367601275444031,0.9906323552131653,0.0,0.0,0.4126715064048767,0.5873285531997681,1.6676684617996216,0.983323335647583,0.0,0.0
116.0,4.0,0.5770106315612793,0.4229893088340759,1.0850201845169067,0.9891497492790222,0.0,0.0,0.5493102073669434,0.45068976283073425,1.0404146909713745,0.9895958304405212,0.0,0.0
117.0,0.0,0.5134782791137695,0.48652172088623047,1.2356228828430176,0.9876437187194824,0.0,0.0,0.7963423728942871,0.2036575973033905,0.4627046585083008,0.9953728914260864,0.0,0.0
117.0,1.0,0.5892192721366882,0.41078072786331177,1.0523667335510254,0.9894762635231018,0.0,0.0,0.5041986703872681,0.4958013594150543,1.1695499420166016,0.9883045554161072,0.0,0.0
117.0,2.0,0.5687655210494995,0.4312345087528229,1.0751229524612427,0.9892488121986389,0.0,0.0,0.5830916166305542,0.4169084131717682,1.0817755460739136,0.9891822934150696,0.0,0.0
117.0,3.0,0.6093071103096008,0.39069297909736633,0.9367602467536926,0.9906324148178101,0.0,0.0,0.4126715064048767,0.5873284935951233,1.6676684617996216,0.983323335647583,0.0,0.0
117.0,4.0,0.5770106315612793,0.4229893684387207,1.0850201845169067,0.9891497492790222,0.0,0.0,0.5493102073669434,0.45068976283073425,1.0404146909713745,0.9895958304405212,0.0,0.0
118.0,0.0,0.5134783387184143,0.48652172088623047,1.2356228828430176,0.9876437187194824,0.0,0.0,0.7963424324989319,0.2036575973033905,0.4627046585083008,0.9953728914260864,0.0,0.0
118.0,1.0,0.5892192125320435,0.41078078746795654,1.0523667335510254,0.9894763231277466,0.0,0.0,0.5041986107826233,0.4958014190196991,1.169549822807312,0.9883045554161072,0.0,0.0
118.0,2.0,0.5687655210494995,0.4312344789505005,1.0751229524612427,0.9892487525939941,0.0,0.0,0.5830916166305542,0.4169084429740906,1.0817755460739136,0.9891822934150696,0.0,0.0
118.0,3.0,0.6093071103096008,0.39069297909736633,0.9367602467536926,0.9906323552131653,0.0,0.0,0.4126715064048767,0.5873284935951233,1.6676682233810425,0.983323335647583,0.0,0.0
118.0,4.0,0.5770107507705688,0.4229893386363983,1.0850201845169067,0.9891497492790222,0.0,0.0,0.5493102073669434,0.45068979263305664,1.0404146909713745,0.9895958304405212,0.0,0.0
119.0,0.0,0.5134782195091248,0.48652175068855286,1.2356230020523071,0.9876437783241272,0.0,0.0,0.7963423728942871,0.2036575973033905,0.4627046585083008,0.9953728914260864,0.0,0.0
119.0,1.0,0.5892192721366882,0.41078078746795654,1.0523667335510254,0.9894763231277466,0.0,0.0,0.5041986703872681,0.4958013594150543,1.1695499420166016,0.9883045554161072,0.0,0.0
119.0,2.0,0.5687655210494995,0.4312345087528229,1.0751229524612427,0.9892486929893494,0.0,0.0,0.5830915570259094,0.4169084131717682,1.0817755460739136,0.9891822934150696,0.0,0.0
119.0,3.0,0.609307050704956,0.39069288969039917,0.9367601275444031,0.9906324744224548,0.0,0.0,0.4126715064048767,0.5873285531997681,1.6676684617996216,0.983323335647583,0.0,0.0
119.0,4.0,0.5770106911659241,0.4229893386363983,1.0850200653076172,0.989149808883667,0.0,0.0,0.5493102669715881,0.45068976283073425,1.0404146909713745,0.9895957708358765,0.0,0.0
120.0,0.0,0.5134782195091248,0.48652172088623047,1.2356228828430176,0.987643837928772,0.0,0.0,0.7963424324989319,0.2036575973033905,0.4627046585083008,0.9953729510307312,0.0,0.0
120.0,1.0,0.5892192721366882,0.41078072786331177,1.0523666143417358,0.9894763231277466,0.0,0.0,0.5041986703872681,0.4958013892173767,1.1695499420166016,0.9883045554161072,0.0,0.0
120.0,2.0,0.5687655210494995,0.4312345087528229,1.0751229524612427,0.9892487525939941,0.0,0.0,0.5830916166305542,0.4169084131717682,1.0817755460739136,0.9891822934150696,0.0,0.0
120.0,3.0,0.609307050704956,0.39069294929504395,0.9367601275444031,0.9906324148178101,0.0,0.0,0.4126715064048767,0.5873285531997681,1.6676684617996216,0.983323335647583,0.0,0.0
120.0,4.0,0.5770106911659241,0.4229893088340759,1.0850200653076172,0.9891497492790222,0.0,0.0,0.5493102669715881,0.45068976283073425,1.0404146909713745,0.9895958304405212,0.0,0.0
121.0,0.0,0.5134783387184143,0.4865216910839081,1.2356226444244385,0.9876437783241272,0.0,0.0,0.7963424324989319,0.2036575824022293,0.4627046585083008,0.9953728914260864,0.0,0.0
121.0,1.0,0.5892192125320435,0.41078072786331177,1.0523667335510254,0.9894763231277466,0.0,0.0,0.5041986703872681,0.4958013594150543,1.1695499420166016,0.9883044362068176,0.0,0.0
121.0,2.0,0.5687655210494995,0.43123453855514526,1.0751229524612427,0.9892488121986389,0.0,0.0,0.5830916166305542,0.4169084131717682,1.0817755460739136,0.9891822934150696,0.0,0.0
121.0,3.0,0.6093071103096008,0.39069297909736633,0.9367601275444031,0.9906324744224548,0.0,0.0,0.41267144680023193,0.5873284935951233,1.6676684617996216,0.983323335647583,0.0,0.0
121.0,4.0,0.5770106315612793,0.4229893684387207,1.0850200653076172,0.989149808883667,0.0,0.0,0.5493102073669434,0.45068976283073425,1.0404146909713745,0.9895958304405212,0.0,0.0
122.0,0.0,0.5134782195091248,0.48652172088623047,1.2356228828430176,0.9876437783241272,0.0,0.0,0.7963424324989319,0.2036575973033905,0.4627046585083008,0.9953728914260864,0.0,0.0
122.0,1.0,0.5892192721366882,0.41078075766563416,1.0523667335510254,0.9894763231277466,0.0,0.0,0.5041986703872681,0.4958013594150543,1.1695499420166016,0.9883044958114624,0.0,0.0
122.0,2.0,0.5687655210494995,0.4312345087528229,1.0751230716705322,0.9892487525939941,0.0,0.0,0.5830916166305542,0.4169084131717682,1.0817755460739136,0.9891822934150696,0.0,0.0
122.0,3.0,0.609307050704956,0.3906928598880768,0.9367601275444031,0.9906324148178101,0.0,0.0,0.4126715362071991,0.5873284935951233,1.6676684617996216,0.983323335647583,0.0,0.0
122.0,4.0,0.5770107507705688,0.42298927903175354,1.0850201845169067,0.9891497492790222,0.0,0.0,0.5493102669715881,0.45068979263305664,1.0404146909713745,0.9895958304405212,0.0,0.0
123.0,0.0,0.5134782195091248,0.48652175068855286,1.2356228828430176,0.987643837928772,0.0,0.0,0.7963424324989319,0.2036575824022293,0.4627046585083008,0.9953729510307312,0.0,0.0
123.0,1.0,0.5892192125320435,0.41078078746795654,1.0523667335510254,0.9894763231277466,0.0,0.0,0.5041986107826233,0.4958013594150543,1.169549822807312,0.9883044958114624,0.0,0.0
123.0,2.0,0.5687655210494995,0.43123456835746765,1.0751230716705322,0.9892486929893494,0.0,0.0,0.5830916166305542,0.4169084429740906,1.0817755460739136,0.98918217420578,0.0,0.0
123.0,3.0,0.6093069314956665,0.39069288969039917,0.9367602467536926,0.9906323552131653,0.0,0.0,0.41267144680023193,0.5873284935951233,1.6676682233810425,0.9833232164382935,0.0,0.0
123.0,4.0,0.5770106911659241,0.4229893386363983,1.0850201845169067,0.9891497492790222,0.0,0.0,0.5493102073669434,0.45068976283073425,1.0404146909713745,0.9895957708358765,0.0,0.0
124.0,0.0,0.5134783387184143,0.4865216910839081,1.2356228828430176,0.987643837928772,0.0,0.0,0.7963424324989319,0.2036575824022293,0.4627046585083008,0.9953728914260864,0.0,0.0
124.0,1.0,0.5892192125320435,0.41078072786331177,1.0523667335510254,0.9894763231277466,0.0,0.0,0.5041986107826233,0.4958013594150543,1.169549822807312,0.9883045554161072,0.0,0.0
124.0,2.0,0.5687655210494995,0.43123453855514526,1.0751229524612427,0.9892488121986389,0.0,0.0,0.583091676235199,0.4169084131717682,1.0817755460739136,0.9891822934150696,0.0,0.0
124.0,3.0,0.609307050704956,0.39069288969039917,0.9367601275444031,0.9906324148178101,0.0,0.0,0.4126715362071991,0.5873284935951233,1.6676684617996216,0.983323335647583,0.0,0.0
124.0,4.0,0.5770107507705688,0.4229893088340759,1.0850200653076172,0.9891497492790222,0.0,0.0,0.5493102073669434,0.45068976283073425,1.0404146909713745,0.9895957708358765,0.0,0.0
125.0,0.0,0.5134782195091248,0.48652172088623047,1.2356228828430176,0.9876438975334167,0.0,0.0,0.7963424324989319,0.2036575824022293,0.4627046585083008,0.9953728914260864,0.0,0.0
125.0,1.0,0.589219331741333,0.41078072786331177,1.0523667335510254,0.9894763827323914,0.0,0.0,0.5041986703872681,0.4958013892173767,1.1695499420166016,0.9883045554161072,0.0,0.0
125.0,2.0,0.5687655806541443,0.4312344193458557,1.0751229524612427,0.9892488121986389,0.0,0.0,0.5830916166305542,0.4169084429740906,1.0817755460739136,0.9891822934150696,0.0,0.0
125.0,3.0,0.6093071103096008,0.39069288969039917,0.9367603063583374,0.9906323552131653,0.0,0.0,0.41267144680023193,0.5873284935951233,1.6676684617996216,0.983323335647583,0.0,0.0
125.0,4.0,0.5770106911659241,0.4229893088340759,1.0850200653076172,0.9891498684883118,0.0,0.0,0.5493102073669434,0.45068976283073425,1.0404146909713745,0.9895958304405212,0.0,0.0
126.0,0.0,0.5134783387184143,0.48652172088623047,1.2356228828430176,0.9876437783241272,0.0,0.0,0.7963424324989319,0.2036575824022293,0.4627046585083008,0.9953729510307312,0.0,0.0
126.0,1.0,0.589219331741333,0.41078072786331177,1.0523667335510254,0.9894762635231018,0.0,0.0,0.5041986107826233,0.4958013892173767,1.1695499420166016,0.9883045554161072,0.0,0.0
126.0,2.0,0.5687655210494995,0.4312345087528229,1.0751229524612427,0.9892488121986389,0.0,0.0,0.5830916166305542,0.4169084429740906,1.0817755460739136,0.9891822934150696,0.0,0.0
126.0,3.0,0.609307050704956,0.39069288969039917,0.9367602467536926,0.9906323552131653,0.0,0.0,0.41267144680023193,0.5873284935951233,1.6676684617996216,0.983323335647583,0.0,0.0
126.0,4.0,0.5770106911659241,0.4229893386363983,1.0850200653076172,0.989149808883667,0.0,0.0,0.5493102073669434,0.45068976283073425,1.0404146909713745,0.9895958304405212,0.0,0.0
127.0,0.0,0.5134782195091248,0.48652172088623047,1.2356228828430176,0.9876437783241272,0.0,0.0,0.7963424324989319,0.2036575824022293,0.4627046585083008,0.9953728914260864,0.0,0.0
127.0,1.0,0.5892192125320435,0.41078072786331177,1.0523667335510254,0.9894762635231018,0.0,0.0,0.5041986107826233,0.4958013892173767,1.169549822807312,0.9883044958114624,0.0,0.0
127.0,2.0,0.5687655210494995,0.4312345087528229,1.0751229524612427,0.9892488121986389,0.0,0.0,0.5830916166305542,0.4169084429740906,1.0817755460739136,0.9891822934150696,0.0,0.0
127.0,3.0,0.609307050704956,0.39069288969039917,0.9367601275444031,0.9906324148178101,0.0,0.0,0.41267144680023193,0.5873284935951233,1.6676682233810425,0.9833232164382935,0.0,0.0
127.0,4.0,0.5770106911659241,0.4229893386363983,1.0850201845169067,0.989149808883667,0.0,0.0,0.5493102073669434,0.45068979263305664,1.0404146909713745,0.9895958304405212,0.0,0.0
128.0,0.0,0.5134782791137695,0.48652175068855286,1.2356228828430176,0.9876437783241272,0.0,0.0,0.7963424324989319,0.2036575973033905,0.4627046585083008,0.9953728914260864,0.0,0.0
128.0,1.0,0.589219331741333,0.4107806980609894,1.0523667335510254,0.9894762635231018,0.0,0.0,0.5041986107826233,0.4958013892173767,1.1695499420166016,0.9883044958114624,0.0,0.0
128.0,2.0,0.5687655210494995,0.4312344193458557,1.0751229524612427,0.9892488121986389,0.0,0.0,0.5830916166305542,0.4169084429740906,1.0817755460739136,0.9891822934150696,0.0,0.0
128.0,3.0,0.6093071699142456,0.39069288969039917,0.9367601275444031,0.9906324148178101,0.0,0.0,0.4126715064048767,0.5873284935951233,1.6676682233810425,0.983323335647583,0.0,0.0
128.0,4.0,0.5770107507705688,0.42298927903175354,1.0850201845169067,0.989149808883667,0.0,0.0,0.5493102073669434,0.45068976283073425,1.0404146909713745,0.9895958304405212,0.0,0.0
129.0,0.0,0.5134782195091248,0.48652175068855286,1.2356228828430176,0.9876437783241272,0.0,0.0,0.7963424324989319,0.2036575824022293,0.4627046585083008,0.9953729510307312,0.0,0.0
129.0,1.0,0.5892192125320435,0.41078075766563416,1.0523667335510254,0.9894763231277466,0.0,0.0,0.5041986703872681,0.4958013892173767,1.169549822807312,0.9883045554161072,0.0,0.0
129.0,2.0,0.5687655210494995,0.4312344789505005,1.0751229524612427,0.9892487525939941,0.0,0.0,0.5830916166305542,0.4169084131717682,1.0817755460739136,0.9891822934150696,0.0,0.0
129.0,3.0,0.609307050704956,0.3906928300857544,0.9367602467536926,0.9906323552131653,0.0,0.0,0.4126715064048767,0.5873284935951233,1.6676682233810425,0.9833233952522278,0.0,0.0
129.0,4.0,0.5770107507705688,0.4229893088340759,1.0850201845169067,0.989149808883667,0.0,0.0,0.5493102073669434,0.45068979263305664,1.0404146909713745,0.9895958304405212,0.0,0.0
130.0,0.0,0.5134783387184143,0.48652172088623047,1.2356228828430176,0.9876437783241272,0.0,0.0,0.7963424324989319,0.2036575824022293,0.4627046585083008,0.9953728914260864,0.0,0.0
130.0,1.0,0.5892192125320435,0.41078072786331177,1.0523667335510254,0.9894763231277466,0.0,0.0,0.5041986107826233,0.4958013594150543,1.169549822807312,0.9883044958114624,0.0,0.0
130.0,2.0,0.5687655210494995,0.43123453855514526,1.0751229524612427,0.9892487525939941,0.0,0.0,0.5830915570259094,0.4169084131717682,1.0817755460739136,0.9891822934150696,0.0,0.0
130.0,3.0,0.609307050704956,0.39069294929504395,0.9367601275444031,0.9906324148178101,0.0,0.0,0.41267144680023193,0.5873284935951233,1.6676682233810425,0.9833232164382935,0.0,0.0
130.0,4.0,0.5770107507705688,0.4229893088340759,1.0850200653076172,0.989149808883667,0.0,0.0,0.5493102073669434,0.45068976283073425,1.0404146909713745,0.9895958304405212,0.0,0.0
131.0,0.0,0.5134783387184143,0.4865216910839081,1.2356228828430176,0.9876437783241272,0.0,0.0,0.7963424324989319,0.2036575824022293,0.4627046585083008,0.9953729510307312,0.0,0.0
131.0,1.0,0.5892192125320435,0.41078075766563416,1.0523667335510254,0.9894762635231018,0.0,0.0,0.5041986703872681,0.4958013594150543,1.169549822807312,0.9883045554161072,0.0,0.0
131.0,2.0,0.5687655806541443,0.4312344789505005,1.0751230716705322,0.9892486929893494,0.0,0.0,0.5830916166305542,0.4169084429740906,1.0817755460739136,0.9891822934150696,0.0,0.0
131.0,3.0,0.609307050704956,0.39069294929504395,0.9367603063583374,0.9906324148178101,0.0,0.0,0.4126715660095215,0.5873284935951233,1.6676682233810425,0.983323335647583,0.0,0.0
131.0,4.0,0.5770106911659241,0.4229893088340759,1.0850201845169067,0.9891496896743774,0.0,0.0,0.5493102669715881,0.45068976283073425,1.0404146909713745,0.9895957708358765,0.0,0.0
132.0,0.0,0.5134782791137695,0.48652172088623047,1.2356228828430176,0.9876437783241272,0.0,0.0,0.7963424324989319,0.2036575824022293,0.4627046585083008,0.9953729510307312,0.0,0.0
132.0,1.0,0.5892192125320435,0.41078075766563416,1.0523666143417358,0.9894763827323914,0.0,0.0,0.5041986703872681,0.4958013892173767,1.1695499420166016,0.9883045554161072,0.0,0.0
132.0,2.0,0.5687655210494995,0.4312345087528229,1.0751230716705322,0.9892486929893494,0.0,0.0,0.5830916166305542,0.4169084131717682,1.0817755460739136,0.98918217420578,0.0,0.0
132.0,3.0,0.609307050704956,0.39069288969039917,0.9367602467536926,0.9906323552131653,0.0,0.0,0.4126715064048767,0.5873284935951233,1.6676684617996216,0.9833233952522278,0.0,0.0
132.0,4.0,0.5770107507705688,0.4229893386363983,1.0850201845169067,0.9891497492790222,0.0,0.0,0.5493102073669434,0.45068976283073425,1.0404146909713745,0.9895957708358765,0.0,0.0
133.0,0.0,0.5134782195091248,0.48652178049087524,1.2356228828430176,0.9876437783241272,0.0,0.0,0.7963423728942871,0.2036575973033905,0.4627046585083008,0.9953729510307312,0.0,0.0
133.0,1.0,0.5892192125320435,0.41078075766563416,1.0523667335510254,0.9894764423370361,0.0,0.0,0.5041986107826233,0.4958013594150543,1.1695499420166016,0.9883044958114624,0.0,0.0
133.0,2.0,0.5687654614448547,0.43123453855514526,1.0751230716705322,0.9892486929893494,0.0,0.0,0.5830916166305542,0.4169084429740906,1.0817755460739136,0.9891822934150696,0.0,0.0
133.0,3.0,0.609307050704956,0.3906928598880768,0.9367601275444031,0.9906323552131653,0.0,0.0,0.4126715064048767,0.5873284935951233,1.6676684617996216,0.9833233952522278,0.0,0.0
133.0,4.0,0.5770107507705688,0.4229893088340759,1.0850201845169067,0.989149808883667,0.0,0.0,0.5493102073669434,0.45068976283073425,1.0404146909713745,0.9895958304405212,0.0,0.0
134.0,0.0,0.5134782195091248,0.48652175068855286,1.2356228828430176,0.987643837928772,0.0,0.0,0.7963424324989319,0.2036575824022293,0.4627046585083008,0.9953729510307312,0.0,0.0
134.0,1.0,0.5892192125320435,0.41078075766563416,1.0523667335510254,0.9894763231277466,0.0,0.0,0.5041986703872681,0.4958013594150543,1.169549822807312,0.9883045554161072,0.0,0.0
134.0,2.0,0.5687655210494995,0.43123456835746765,1.0751229524612427,0.9892488121986389,0.0,0.0,0.5830915570259094,0.4169084131717682,1.0817755460739136,0.98918217420578,0.0,0.0
134.0,3.0,0.609307050704956,0.39069297909736633,0.9367601275444031,0.9906325340270996,0.0,0.0,0.41267144680023193,0.5873284935951233,1.6676682233810425,0.9833232164382935,0.0,0.0
134.0,4.0,0.5770107507705688,0.42298927903175354,1.0850200653076172,0.9891498684883118,0.0,0.0,0.5493102073669434,0.45068979263305664,1.0404146909713745,0.9895958304405212,0.0,0.0
135.0,0.0,0.5134782195091248,0.48652175068855286,1.2356228828430176,0.9876437187194824,0.0,0.0,0.7963424324989319,0.2036575824022293,0.4627046585083008,0.9953728914260864,0.0,0.0
135.0,1.0,0.5892192125320435,0.4107806980609894,1.0523666143417358,0.9894763231277466,0.0,0.0,0.5041986107826233,0.4958013594150543,1.1695499420166016,0.9883045554161072,0.0,0.0
135.0,2.0,0.5687655210494995,0.43123453855514526,1.0751229524612427,0.9892488121986389,0.0,0.0,0.5830915570259094,0.4169084429740906,1.0817755460739136,0.9891822934150696,0.0,0.0
135.0,3.0,0.609307050704956,0.39069294929504395,0.9367601275444031,0.9906324744224548,0.0,0.0,0.4126715064048767,0.5873284935951233,1.6676682233810425,0.9833232164382935,0.0,0.0
135.0,4.0,0.5770106315612793,0.42298927903175354,1.0850200653076172,0.989149808883667,0.0,0.0,0.5493102073669434,0.45068976283073425,1.0404146909713745,0.9895958304405212,0.0,0.0
136.0,0.0,0.5134782791137695,0.48652172088623047,1.2356226444244385,0.9876437783241272,0.0,0.0,0.7963423728942871,0.2036575973033905,0.4627046585083008,0.9953728914260864,0.0,0.0
136.0,1.0,0.589219331741333,0.4107806980609894,1.0523667335510254,0.9894763827323914,0.0,0.0,0.5041986107826233,0.4958013892173767,1.169549822807312,0.9883045554161072,0.0,0.0
136.0,2.0,0.5687656402587891,0.4312345087528229,1.0751230716705322,0.9892486929893494,0.0,0.0,0.5830916166305542,0.4169084429740906,1.0817755460739136,0.9891823530197144,0.0,0.0
136.0,3.0,0.6093071103096008,0.39069288969039917,0.9367602467536926,0.9906323552131653,0.0,0.0,0.4126715064048767,0.5873284935951233,1.6676682233810425,0.983323335647583,0.0,0.0
136.0,4.0,0.5770106315612793,0.4229893386363983,1.0850200653076172,0.9891498684883118,0.0,0.0,0.5493102073669434,0.45068976283073425,1.0404146909713745,0.9895958304405212,0.0,0.0
137.0,0.0,0.5134782791137695,0.48652172088623047,1.2356228828430176,0.9876437783241272,0.0,0.0,0.7963424324989319,0.2036575973033905,0.4627046585083008,0.9953729510307312,0.0,0.0
137.0,1.0,0.5892192125320435,0.41078072786331177,1.0523667335510254,0.9894763231277466,0.0,0.0,0.5041986703872681,0.4958013594150543,1.1695499420166016,0.9883044958114624,0.0,0.0
137.0,2.0,0.5687655210494995,0.4312345087528229,1.0751229524612427,0.9892488121986389,0.0,0.0,0.5830916166305542,0.4169084429740906,1.0817755460739136,0.9891822934150696,0.0,0.0
137.0,3.0,0.6093071103096008,0.39069294929504395,0.9367601275444031,0.9906324744224548,0.0,0.0,0.41267144680023193,0.5873284935951233,1.6676682233810425,0.983323335647583,0.0,0.0
137.0,4.0,0.5770107507705688,0.4229893088340759,1.0850201845169067,0.989149808883667,0.0,0.0,0.5493102073669434,0.45068979263305664,1.0404146909713745,0.9895958304405212,0.0,0.0
138.0,0.0,0.5134782195091248,0.48652175068855286,1.2356228828430176,0.9876437187194824,0.0,0.0,0.7963424324989319,0.2036575973033905,0.4627046585083008,0.9953728914260864,0.0,0.0
138.0,1.0,0.5892192125320435,0.41078075766563416,1.0523667335510254,0.9894763231277466,0.0,0.0,0.5041986107826233,0.4958013892173767,1.1695499420166016,0.9883045554161072,0.0,0.0
138.0,2.0,0.5687655210494995,0.4312345087528229,1.0751229524612427,0.9892486929893494,0.0,0.0,0.5830916166305542,0.4169084429740906,1.0817755460739136,0.9891822934150696,0.0,0.0
138.0,3.0,0.609307050704956,0.39069288969039917,0.9367601275444031,0.9906324148178101,0.0,0.0,0.4126715064048767,0.5873284935951233,1.6676682233810425,0.983323335647583,0.0,0.0
138.0,4.0,0.5770106911659241,0.4229893088340759,1.0850201845169067,0.989149808883667,0.0,0.0,0.5493102073669434,0.45068979263305664,1.0404146909713745,0.9895958304405212,0.0,0.0
139.0,0.0,0.5134782791137695,0.48652172088623047,1.2356230020523071,0.9876437187194824,0.0,0.0,0.7963424324989319,0.2036575824022293,0.4627046585083008,0.9953728914260864,0.0,0.0
139.0,1.0,0.5892192721366882,0.41078075766563416,1.0523667335510254,0.9894763231277466,0.0,0.0,0.5041986703872681,0.4958013594150543,1.1695499420166016,0.9883045554161072,0.0,0.0
139.0,2.0,0.5687655806541443,0.4312344789505005,1.0751229524612427,0.9892487525939941,0.0,0.0,0.5830915570259094,0.4169084131717682,1.0817755460739136,0.9891823530197144,0.0,0.0
139.0,3.0,0.6093071699142456,0.39069288969039917,0.9367602467536926,0.9906323552131653,0.0,0.0,0.4126715064048767,0.5873284935951233,1.6676684617996216,0.9833233952522278,0.0,0.0
139.0,4.0,0.5770106315612793,0.4229893386363983,1.0850201845169067,0.9891497492790222,0.0,0.0,0.5493102669715881,0.45068976283073425,1.0404146909713745,0.9895958304405212,0.0,0.0
140.0,0.0,0.5134783387184143,0.4865216612815857,1.2356228828430176,0.987643837928772,0.0,0.0,0.7963424324989319,0.2036575824022293,0.4627046585083008,0.9953729510307312,0.0,0.0
140.0,1.0,0.5892192125320435,0.41078075766563416,1.0523667335510254,0.9894763231277466,0.0,0.0,0.5041986107826233,0.4958013594150543,1.1695499420166016,0.9883044958114624,0.0,0.0
140.0,2.0,0.5687655210494995,0.4312344789505005,1.0751229524612427,0.9892487525939941,0.0,0.0,0.5830916166305542,0.4169084429740906,1.0817755460739136,0.9891822934150696,0.0,0.0
140.0,3.0,0.6093071103096008,0.39069297909736633,0.9367600679397583,0.9906324744224548,0.0,0.0,0.4126715064048767,0.5873284935951233,1.6676682233810425,0.9833232164382935,0.0,0.0
140.0,4.0,0.5770106315612793,0.4229893386363983,1.0850201845169067,0.9891496896743774,0.0,0.0,0.5493102669715881,0.45068976283073425,1.0404146909713745,0.9895957708358765,0.0,0.0
141.0,0.0,0.5134782791137695,0.48652172088623047,1.2356228828430176,0.987643837928772,0.0,0.0,0.7963424324989319,0.2036575824022293,0.4627046585083008,0.9953729510307312,0.0,0.0
141.0,1.0,0.589219331741333,0.41078078746795654,1.0523666143417358,0.9894763827323914,0.0,0.0,0.5041986703872681,0.4958013594150543,1.1695499420166016,0.9883045554161072,0.0,0.0
141.0,2.0,0.5687655806541443,0.4312344193458557,1.0751230716705322,0.9892486929893494,0.0,0.0,0.5830916166305542,0.4169084131717682,1.0817755460739136,0.9891823530197144,0.0,0.0
141.0,3.0,0.6093071103096008,0.39069288969039917,0.9367602467536926,0.9906324148178101,0.0,0.0,0.4126715064048767,0.5873284935951233,1.6676682233810425,0.983323335647583,0.0,0.0
141.0,4.0,0.5770107507705688,0.4229893386363983,1.0850200653076172,0.989149808883667,0.0,0.0,0.5493102073669434,0.45068979263305664,1.0404146909713745,0.9895959496498108,0.0,0.0
142.0,0.0,0.5134783387184143,0.4865216910839081,1.2356228828430176,0.987643837928772,0.0,0.0,0.7963424324989319,0.2036575824022293,0.4627046585083008,0.9953729510307312,0.0,0.0
142.0,1.0,0.5892192721366882,0.41078072786331177,1.0523667335510254,0.9894763231277466,0.0,0.0,0.5041986703872681,0.4958013892173767,1.1695499420166016,0.9883044958114624,0.0,0.0
142.0,2.0,0.5687655210494995,0.4312345087528229,1.0751230716705322,0.9892486929893494,0.0,0.0,0.5830916166305542,0.4169084131717682,1.0817755460739136,0.9891822934150696,0.0,0.0
142.0,3.0,0.609307050704956,0.39069294929504395,0.9367602467536926,0.9906323552131653,0.0,0.0,0.41267144680023193,0.5873285531997681,1.6676684617996216,0.983323335647583,0.0,0.0
142.0,4.0,0.5770106315612793,0.4229893684387207,1.0850201845169067,0.9891496896743774,0.0,0.0,0.5493102073669434,0.45068976283073425,1.0404146909713745,0.9895958304405212,0.0,0.0
143.0,0.0,0.5134782195091248,0.48652178049087524,1.2356228828430176,0.9876437783241272,0.0,0.0,0.7963424324989319,0.2036575824022293,0.4627046585083008,0.9953729510307312,0.0,0.0
143.0,1.0,0.5892192721366882,0.41078078746795654,1.0523667335510254,0.9894763231277466,0.0,0.0,0.5041986703872681,0.4958013594150543,1.1695499420166016,0.9883044958114624,0.0,0.0
143.0,2.0,0.5687655806541443,0.4312345087528229,1.0751229524612427,0.9892486929893494,0.0,0.0,0.5830916166305542,0.4169084131717682,1.0817755460739136,0.9891822934150696,0.0,0.0
143.0,3.0,0.609307050704956,0.39069288969039917,0.9367601275444031,0.9906324744224548,0.0,0.0,0.41267144680023193,0.5873284935951233,1.6676682233810425,0.983323335647583,0.0,0.0
143.0,4.0,0.5770106911659241,0.4229893386363983,1.0850201845169067,0.989149808883667,0.0,0.0,0.5493102073669434,0.45068976283073425,1.0404146909713745,0.9895958304405212,0.0,0.0
144.0,0.0,0.5134782791137695,0.48652172088623047,1.2356228828430176,0.9876437783241272,0.0,0.0,0.7963424324989319,0.2036575824022293,0.4627046585083008,0.9953729510307312,0.0,0.0
144.0,1.0,0.5892192125320435,0.41078075766563416,1.0523667335510254,0.9894762635231018,0.0,0.0,0.5041986703872681,0.4958013892173767,1.1695499420166016,0.9883045554161072,0.0,0.0
144.0,2.0,0.5687655210494995,0.4312345087528229,1.0751229524612427,0.9892487525939941,0.0,0.0,0.5830916166305542,0.4169084131717682,1.0817755460739136,0.9891822934150696,0.0,0.0
144.0,3.0,0.609307050704956,0.39069294929504395,0.9367601275444031,0.9906324148178101,0.0,0.0,0.4126715064048767,0.5873284935951233,1.6676684617996216,0.9833233952522278,0.0,0.0
144.0,4.0,0.5770107507705688,0.4229893088340759,1.0850201845169067,0.9891497492790222,0.0,0.0,0.5493102073669434,0.45068976283073425,1.0404146909713745,0.9895958304405212,0.0,0.0
145.0,0.0,0.5134782791137695,0.48652172088623047,1.2356230020523071,0.9876437783241272,0.0,0.0,0.7963423728942871,0.2036575973033905,0.4627046585083008,0.9953728914260864,0.0,0.0
145.0,1.0,0.5892192125320435,0.41078075766563416,1.0523667335510254,0.9894763827323914,0.0,0.0,0.5041986107826233,0.4958013892173767,1.1695499420166016,0.9883044958114624,0.0,0.0
145.0,2.0,0.5687655210494995,0.4312344789505005,1.0751229524612427,0.9892488121986389,0.0,0.0,0.5830916166305542,0.4169084131717682,1.0817755460739136,0.98918217420578,0.0,0.0
145.0,3.0,0.6093071103096008,0.39069294929504395,0.9367602467536926,0.9906324148178101,0.0,0.0,0.41267144680023193,0.5873284935951233,1.6676682233810425,0.983323335647583,0.0,0.0
145.0,4.0,0.5770106315612793,0.4229893684387207,1.0850203037261963,0.9891496896743774,0.0,0.0,0.5493102073669434,0.45068979263305664,1.0404146909713745,0.9895958304405212,0.0,0.0
146.0,0.0,0.5134782195091248,0.48652172088623047,1.2356228828430176,0.9876437783241272,0.0,0.0,0.7963424324989319,0.2036575824022293,0.4627046585083008,0.9953728914260864,0.0,0.0
146.0,1.0,0.5892192721366882,0.41078072786331177,1.0523667335510254,0.9894763231277466,0.0,0.0,0.5041986703872681,0.4958013892173767,1.169549822807312,0.9883045554161072,0.0,0.0
146.0,2.0,0.5687655210494995,0.4312344789505005,1.0751229524612427,0.9892487525939941,0.0,0.0,0.5830916166305542,0.4169084429740906,1.0817755460739136,0.9891822934150696,0.0,0.0
146.0,3.0,0.6093071103096008,0.39069294929504395,0.9367603659629822,0.9906322956085205,0.0,0.0,0.4126715064048767,0.5873284935951233,1.6676682233810425,0.983323335647583,0.0,0.0
146.0,4.0,0.5770106911659241,0.4229893386363983,1.0850200653076172,0.9891497492790222,0.0,0.0,0.5493102073669434,0.45068979263305664,1.0404146909713745,0.9895958304405212,0.0,0.0
147.0,0.0,0.5134782195091248,0.48652184009552,1.2356228828430176,0.9876437783241272,0.0,0.0,0.7963424324989319,0.2036575824022293,0.4627046585083008,0.9953728914260864,0.0,0.0
147.0,1.0,0.5892192721366882,0.41078072786331177,1.0523666143417358,0.9894763231277466,0.0,0.0,0.5041986703872681,0.4958013594150543,1.1695499420166016,0.9883045554161072,0.0,0.0
147.0,2.0,0.5687655806541443,0.4312344193458557,1.0751229524612427,0.9892486333847046,0.0,0.0,0.5830916166305542,0.4169084131717682,1.0817755460739136,0.9891822934150696,0.0,0.0
147.0,3.0,0.609307050704956,0.39069294929504395,0.9367602467536926,0.9906324148178101,0.0,0.0,0.41267144680023193,0.5873284935951233,1.6676685810089111,0.9833232164382935,0.0,0.0
147.0,4.0,0.5770107507705688,0.4229893386363983,1.0850199460983276,0.9891498684883118,0.0,0.0,0.5493102073669434,0.45068976283073425,1.0404146909713745,0.9895958304405212,0.0,0.0
148.0,0.0,0.5134783387184143,0.48652172088623047,1.2356226444244385,0.9876438975334167,0.0,0.0,0.7963424324989319,0.2036575824022293,0.4627046585083008,0.9953728914260864,0.0,0.0
148.0,1.0,0.5892192125320435,0.41078075766563416,1.0523667335510254,0.9894763827323914,0.0,0.0,0.5041986107826233,0.4958013892173767,1.1695499420166016,0.9883045554161072,0.0,0.0
148.0,2.0,0.5687655806541443,0.4312343895435333,1.0751230716705322,0.9892487525939941,0.0,0.0,0.5830916166305542,0.4169084131717682,1.0817755460739136,0.98918217420578,0.0,0.0
148.0,3.0,0.6093071699142456,0.39069288969039917,0.9367602467536926,0.9906324148178101,0.0,0.0,0.4126715660095215,0.5873284935951233,1.6676682233810425,0.9833232164382935,0.0,0.0
148.0,4.0,0.5770106315612793,0.4229893088340759,1.0850201845169067,0.9891497492790222,0.0,0.0,0.5493102073669434,0.45068976283073425,1.0404146909713745,0.9895958304405212,0.0,0.0
149.0,0.0,0.5134782195091248,0.48652175068855286,1.2356230020523071,0.987643837928772,0.0,0.0,0.7963424324989319,0.2036575824022293,0.4627046585083008,0.9953729510307312,0.0,0.0
149.0,1.0,0.5892192125320435,0.41078072786331177,1.0523667335510254,0.9894763231277466,0.0,0.0,0.5041986107826233,0.4958013892173767,1.1695499420166016,0.9883044958114624,0.0,0.0
149.0,2.0,0.5687655210494995,0.4312345087528229,1.0751229524612427,0.9892488121986389,0.0,0.0,0.5830916166305542,0.4169084131717682,1.0817755460739136,0.98918217420578,0.0,0.0
149.0,3.0,0.609307050704956,0.39069297909736633,0.9367601275444031,0.9906323552131653,0.0,0.0,0.4126715064048767,0.5873285531997681,1.6676682233810425,0.9833232164382935,0.0,0.0
149.0,4.0,0.5770107507705688,0.4229893088340759,1.0850200653076172,0.9891498684883118,0.0,0.0,0.5493102073669434,0.45068976283073425,1.0404146909713745,0.9895958304405212,0.0,0.0
150.0,0.0,0.51347815990448,0.48652175068855286,1.2356228828430176,0.9876437187194824,0.0,0.0,0.7963424324989319,0.2036575973033905,0.4627046585083008,0.9953728914260864,0.0,0.0
150.0,1.0,0.5892192125320435,0.41078072786331177,1.0523667335510254,0.9894763231277466,0.0,0.0,0.5041986107826233,0.4958013892173767,1.169549822807312,0.9883044958114624,0.0,0.0
150.0,2.0,0.5687655806541443,0.4312344193458557,1.0751230716705322,0.9892487525939941,0.0,0.0,0.5830915570259094,0.4169084131717682,1.0817755460739136,0.9891822934150696,0.0,0.0
150.0,3.0,0.609307050704956,0.39069297909736633,0.9367602467536926,0.9906324148178101,0.0,0.0,0.4126715064048767,0.5873284935951233,1.6676684617996216,0.983323335647583,0.0,0.0
150.0,4.0,0.5770106911659241,0.4229893088340759,1.0850200653076172,0.989149808883667,0.0,0.0,0.5493102073669434,0.45068979263305664,1.0404146909713745,0.9895958304405212,0.0,0.0
151.0,0.0,0.5134782195091248,0.48652172088623047,1.2356228828430176,0.987643837928772,0.0,0.0,0.7963423728942871,0.2036575824022293,0.4627046585083008,0.9953728914260864,0.0,0.0
151.0,1.0,0.5892192125320435,0.41078072786331177,1.0523667335510254,0.9894762635231018,0.0,0.0,0.5041986107826233,0.4958013892173767,1.169549822807312,0.9883044958114624,0.0,0.0
151.0,2.0,0.5687655210494995,0.4312345087528229,1.0751230716705322,0.9892486333847046,0.0,0.0,0.5830916166305542,0.4169084429740906,1.0817755460739136,0.9891822934150696,0.0,0.0
151.0,3.0,0.609307050704956,0.39069294929504395,0.9367602467536926,0.9906324148178101,0.0,0.0,0.4126715064048767,0.5873284935951233,1.6676682233810425,0.983323335647583,0.0,0.0
151.0,4.0,0.5770106911659241,0.4229893088340759,1.0850200653076172,0.989149808883667,0.0,0.0,0.5493101477622986,0.45068976283073425,1.0404146909713745,0.9895958304405212,0.0,0.0
152.0,0.0,0.5134782791137695,0.4865216910839081,1.2356228828430176,0.987643837928772,0.0,0.0,0.7963424324989319,0.2036575824022293,0.4627046585083008,0.9953728914260864,0.0,0.0
152.0,1.0,0.5892192721366882,0.41078072786331177,1.0523667335510254,0.9894763231277466,0.0,0.0,0.5041986703872681,0.4958013594150543,1.1695499420166016,0.9883044958114624,0.0,0.0
152.0,2.0,0.5687654614448547,0.43123456835746765,1.0751230716705322,0.9892486929893494,0.0,0.0,0.5830916166305542,0.4169084131717682,1.0817755460739136,0.9891822934150696,0.0,0.0
152.0,3.0,0.6093071699142456,0.3906928598880768,0.9367601275444031,0.9906324148178101,0.0,0.0,0.4126715064048767,0.5873284339904785,1.6676682233810425,0.983323335647583,0.0,0.0
152.0,4.0,0.5770107507705688,0.4229893088340759,1.0850201845169067,0.9891497492790222,0.0,0.0,0.5493102669715881,0.45068976283073425,1.0404146909713745,0.9895958304405212,0.0,0.0
153.0,0.0,0.5134782791137695,0.48652175068855286,1.2356226444244385,0.9876437187194824,0.0,0.0,0.7963424324989319,0.2036575824022293,0.4627046585083008,0.9953729510307312,0.0,0.0
153.0,1.0,0.5892192721366882,0.41078075766563416,1.0523666143417358,0.9894763231277466,0.0,0.0,0.5041986703872681,0.4958013892173767,1.1695499420166016,0.9883044958114624,0.0,0.0
153.0,2.0,0.5687655210494995,0.4312344193458557,1.0751229524612427,0.9892487525939941,0.0,0.0,0.5830916166305542,0.4169084131717682,1.0817755460739136,0.9891822934150696,0.0,0.0
153.0,3.0,0.6093071699142456,0.3906928598880768,0.9367601275444031,0.9906324744224548,0.0,0.0,0.4126715064048767,0.5873284935951233,1.6676684617996216,0.983323335647583,0.0,0.0
153.0,4.0,0.5770106315612793,0.4229893684387207,1.0850201845169067,0.989149808883667,0.0,0.0,0.5493102073669434,0.45068976283073425,1.0404146909713745,0.9895958304405212,0.0,0.0
154.0,0.0,0.5134782195091248,0.48652178049087524,1.2356228828430176,0.9876437783241272,0.0,0.0,0.7963424324989319,0.2036575824022293,0.4627046585083008,0.9953729510307312,0.0,0.0
154.0,1.0,0.5892192125320435,0.41078075766563416,1.0523667335510254,0.9894762635231018,0.0,0.0,0.5041986107826233,0.4958013892173767,1.1695499420166016,0.9883045554161072,0.0,0.0
154.0,2.0,0.5687655210494995,0.4312345087528229,1.0751229524612427,0.9892487525939941,0.0,0.0,0.5830916166305542,0.4169084131717682,1.0817755460739136,0.98918217420578,0.0,0.0
154.0,3.0,0.609307050704956,0.39069294929504395,0.9367602467536926,0.9906323552131653,0.0,0.0,0.41267144680023193,0.5873285531997681,1.6676682233810425,0.9833232164382935,0.0,0.0
154.0,4.0,0.5770106315612793,0.4229893386363983,1.0850201845169067,0.9891497492790222,0.0,0.0,0.5493102073669434,0.45068976283073425,1.0404146909713745,0.9895958304405212,0.0,0.0
155.0,0.0,0.5134782195091248,0.48652178049087524,1.2356228828430176,0.987643837928772,0.0,0.0,0.7963424324989319,0.2036575824022293,0.4627046585083008,0.9953728914260864,0.0,0.0
155.0,1.0,0.5892192125320435,0.41078072786331177,1.0523667335510254,0.9894763231277466,0.0,0.0,0.5041986703872681,0.4958013892173767,1.1695499420166016,0.9883045554161072,0.0,0.0
155.0,2.0,0.5687655210494995,0.4312345087528229,1.0751229524612427,0.9892487525939941,0.0,0.0,0.5830916166305542,0.4169084429740906,1.0817755460739136,0.9891822934150696,0.0,0.0
155.0,3.0,0.6093071103096008,0.39069294929504395,0.9367602467536926,0.9906323552131653,0.0,0.0,0.41267144680023193,0.5873284935951233,1.6676682233810425,0.983323335647583,0.0,0.0
155.0,4.0,0.5770106911659241,0.4229893088340759,1.0850201845169067,0.9891497492790222,0.0,0.0,0.5493102073669434,0.45068979263305664,1.0404146909713745,0.9895958304405212,0.0,0.0
156.0,0.0,0.5134782195091248,0.48652178049087524,1.2356226444244385,0.987643837928772,0.0,0.0,0.7963424324989319,0.2036575824022293,0.4627046585083008,0.9953729510307312,0.0,0.0
156.0,1.0,0.5892192125320435,0.41078075766563416,1.0523667335510254,0.9894763231277466,0.0,0.0,0.5041986703872681,0.4958013892173767,1.169549822807312,0.9883044958114624,0.0,0.0
156.0,2.0,0.5687655210494995,0.4312344789505005,1.0751230716705322,0.9892486929893494,0.0,0.0,0.5830916166305542,0.4169084429740906,1.0817755460739136,0.9891822934150696,0.0,0.0
156.0,3.0,0.609307050704956,0.39069288969039917,0.9367600679397583,0.9906325340270996,0.0,0.0,0.4126715362071991,0.5873284935951233,1.6676684617996216,0.983323335647583,0.0,0.0
156.0,4.0,0.5770106315612793,0.4229893684387207,1.0850201845169067,0.9891497492790222,0.0,0.0,0.5493101477622986,0.45068976283073425,1.0404146909713745,0.9895958304405212,0.0,0.0
157.0,0.0,0.5134782195091248,0.48652175068855286,1.2356226444244385,0.9876437783241272,0.0,0.0,0.7963424324989319,0.2036575824022293,0.4627046585083008,0.9953728914260864,0.0,0.0
157.0,1.0,0.589219331741333,0.41078072786331177,1.0523666143417358,0.9894763231277466,0.0,0.0,0.5041986703872681,0.4958013892173767,1.1695499420166016,0.9883045554161072,0.0,0.0
157.0,2.0,0.5687655210494995,0.4312345087528229,1.0751230716705322,0.9892488121986389,0.0,0.0,0.5830916166305542,0.4169084131717682,1.0817755460739136,0.98918217420578,0.0,0.0
157.0,3.0,0.609307050704956,0.39069288969039917,0.9367602467536926,0.9906322956085205,0.0,0.0,0.4126715064048767,0.5873284935951233,1.6676684617996216,0.9833233952522278,0.0,0.0
157.0,4.0,0.5770106315612793,0.4229893386363983,1.0850201845169067,0.9891497492790222,0.0,0.0,0.5493102669715881,0.45068976283073425,1.0404146909713745,0.9895958304405212,0.0,0.0
158.0,0.0,0.5134782195091248,0.48652175068855286,1.2356228828430176,0.9876437187194824,0.0,0.0,0.7963424324989319,0.2036575824022293,0.4627046585083008,0.9953728914260864,0.0,0.0
158.0,1.0,0.5892192125320435,0.4107806980609894,1.0523667335510254,0.9894763231277466,0.0,0.0,0.5041986107826233,0.4958013594150543,1.1695499420166016,0.9883044958114624,0.0,0.0
158.0,2.0,0.5687655210494995,0.43123453855514526,1.0751230716705322,0.9892487525939941,0.0,0.0,0.5830916166305542,0.4169084429740906,1.0817755460739136,0.9891822934150696,0.0,0.0
158.0,3.0,0.6093071103096008,0.39069288969039917,0.9367602467536926,0.9906324148178101,0.0,0.0,0.4126715064048767,0.5873284935951233,1.6676682233810425,0.983323335647583,0.0,0.0
158.0,4.0,0.5770106315612793,0.4229893386363983,1.0850201845169067,0.989149808883667,0.0,0.0,0.5493102073669434,0.45068976283073425,1.0404146909713745,0.9895958304405212,0.0,0.0
159.0,0.0,0.5134782791137695,0.48652172088623047,1.2356230020523071,0.987643837928772,0.0,0.0,0.7963424324989319,0.2036575973033905,0.4627046585083008,0.9953728914260864,0.0,0.0
159.0,1.0,0.5892192721366882,0.41078075766563416,1.0523667335510254,0.9894763231277466,0.0,0.0,0.5041986703872681,0.4958013594150543,1.1695499420166016,0.9883044958114624,0.0,0.0
159.0,2.0,0.5687655210494995,0.43123453855514526,1.0751229524612427,0.9892488121986389,0.0,0.0,0.5830915570259094,0.4169084131717682,1.0817755460739136,0.9891822934150696,0.0,0.0
159.0,3.0,0.609307050704956,0.39069294929504395,0.9367600679397583,0.9906324744224548,0.0,0.0,0.4126715064048767,0.5873284935951233,1.6676682233810425,0.983323335647583,0.0,0.0
159.0,4.0,0.5770106315612793,0.4229893088340759,1.0850200653076172,0.9891498684883118,0.0,0.0,0.5493102669715881,0.45068976283073425,1.0404146909713745,0.9895958304405212,0.0,0.0
160.0,0.0,0.5134782195091248,0.48652175068855286,1.2356228828430176,0.9876437783241272,0.0,0.0,0.7963424324989319,0.2036575824022293,0.4627046585083008,0.9953729510307312,0.0,0.0
160.0,1.0,0.5892192721366882,0.41078078746795654,1.0523666143417358,0.9894763231277466,0.0,0.0,0.5041986703872681,0.4958013594150543,1.1695499420166016,0.9883044958114624,0.0,0.0
160.0,2.0,0.5687654614448547,0.4312345087528229,1.0751230716705322,0.9892487525939941,0.0,0.0,0.5830916166305542,0.4169084429740906,1.0817755460739136,0.9891822934150696,0.0,0.0
160.0,3.0,0.6093071103096008,0.39069288969039917,0.9367601275444031,0.9906324148178101,0.0,0.0,0.4126715362071991,0.5873284935951233,1.667668104171753,0.983323335647583,0.0,0.0
160.0,4.0,0.5770107507705688,0.42298927903175354,1.0850201845169067,0.9891498684883118,0.0,0.0,0.5493102073669434,0.45068976283073425,1.0404146909713745,0.9895958304405212,0.0,0.0
161.0,0.0,0.5134783387184143,0.48652178049087524,1.2356228828430176,0.9876437783241272,0.0,0.0,0.7963424324989319,0.2036575824022293,0.4627046585083008,0.9953728914260864,0.0,0.0
161.0,1.0,0.5892192125320435,0.41078075766563416,1.0523667335510254,0.9894763231277466,0.0,0.0,0.5041986107826233,0.4958013892173767,1.1695499420166016,0.9883044958114624,0.0,0.0
161.0,2.0,0.5687654614448547,0.4312345087528229,1.0751229524612427,0.9892487525939941,0.0,0.0,0.583091676235199,0.4169084429740906,1.0817755460739136,0.9891822934150696,0.0,0.0
161.0,3.0,0.6093071103096008,0.39069288969039917,0.9367601275444031,0.9906324148178101,0.0,0.0,0.4126715362071991,0.5873284935951233,1.6676684617996216,0.983323335647583,0.0,0.0
161.0,4.0,0.5770106315612793,0.4229893684387207,1.0850201845169067,0.9891496896743774,0.0,0.0,0.5493102669715881,0.45068976283073425,1.0404146909713745,0.9895957708358765,0.0,0.0
162.0,0.0,0.5134782791137695,0.48652175068855286,1.2356228828430176,0.987643837928772,0.0,0.0,0.7963423728942871,0.2036575824022293,0.4627046585083008,0.9953728914260864,0.0,0.0
162.0,1.0,0.5892192125320435,0.41078078746795654,1.0523666143417358,0.9894763827323914,0.0,0.0,0.5041986107826233,0.4958013892173767,1.1695499420166016,0.9883045554161072,0.0,0.0
162.0,2.0,0.5687655210494995,0.4312345087528229,1.0751230716705322,0.9892487525939941,0.0,0.0,0.5830916166305542,0.4169084131717682,1.0817755460739136,0.98918217420578,0.0,0.0
162.0,3.0,0.6093071699142456,0.39069288969039917,0.9367603063583374,0.9906322956085205,0.0,0.0,0.4126715064048767,0.5873285531997681,1.6676684617996216,0.9833233952522278,0.0,0.0
162.0,4.0,0.5770107507705688,0.42298927903175354,1.0850200653076172,0.9891498684883118,0.0,0.0,0.5493102073669434,0.45068979263305664,1.0404146909713745,0.9895958304405212,0.0,0.0
163.0,0.0,0.5134782791137695,0.48652175068855286,1.2356228828430176,0.987643837928772,0.0,0.0,0.7963424324989319,0.2036575824022293,0.4627046585083008,0.9953728914260864,0.0,0.0
163.0,1.0,0.5892192125320435,0.41078078746795654,1.0523667335510254,0.9894763827323914,0.0,0.0,0.5041986107826233,0.4958013892173767,1.169549822807312,0.9883044958114624,0.0,0.0
163.0,2.0,0.5687655210494995,0.4312344193458557,1.0751229524612427,0.9892487525939941,0.0,0.0,0.5830916166305542,0.4169084131717682,1.0817755460739136,0.9891822934150696,0.0,0.0
163.0,3.0,0.609307050704956,0.39069288969039917,0.9367601275444031,0.9906324744224548,0.0,0.0,0.41267144680023193,0.5873284935951233,1.6676682233810425,0.983323335647583,0.0,0.0
163.0,4.0,0.5770107507705688,0.4229893088340759,1.0850200653076172,0.989149808883667,0.0,0.0,0.5493102073669434,0.45068979263305664,1.0404146909713745,0.9895958304405212,0.0,0.0
164.0,0.0,0.51347815990448,0.48652178049087524,1.2356230020523071,0.9876437783241272,0.0,0.0,0.7963423728942871,0.2036575973033905,0.4627046585083008,0.9953728914260864,0.0,0.0
164.0,1.0,0.5892192721366882,0.41078072786331177,1.0523666143417358,0.9894763827323914,0.0,0.0,0.5041986107826233,0.4958013892173767,1.169549822807312,0.9883045554161072,0.0,0.0
164.0,2.0,0.5687655210494995,0.4312345087528229,1.0751229524612427,0.9892488121986389,0.0,0.0,0.5830915570259094,0.4169084131717682,1.0817755460739136,0.9891822934150696,0.0,0.0
164.0,3.0,0.6093071103096008,0.39069294929504395,0.9367602467536926,0.9906324148178101,0.0,0.0,0.4126715064048767,0.5873284935951233,1.6676684617996216,0.983323335647583,0.0,0.0
164.0,4.0,0.5770107507705688,0.4229893386363983,1.0850200653076172,0.989149808883667,0.0,0.0,0.5493101477622986,0.45068979263305664,1.0404146909713745,0.9895958304405212,0.0,0.0
165.0,0.0,0.5134782195091248,0.48652175068855286,1.2356226444244385,0.9876438975334167,0.0,0.0,0.7963424324989319,0.2036575824022293,0.4627046585083008,0.9953728914260864,0.0,0.0
165.0,1.0,0.5892192125320435,0.41078072786331177,1.0523667335510254,0.9894764423370361,0.0,0.0,0.5041986703872681,0.4958013892173767,1.1695499420166016,0.9883045554161072,0.0,0.0
165.0,2.0,0.5687655210494995,0.4312345087528229,1.0751229524612427,0.9892488121986389,0.0,0.0,0.5830916166305542,0.4169084429740906,1.0817755460739136,0.9891822934150696,0.0,0.0
165.0,3.0,0.6093071103096008,0.39069288969039917,0.9367602467536926,0.9906323552131653,0.0,0.0,0.4126715064048767,0.5873284935951233,1.6676682233810425,0.983323335647583,0.0,0.0
165.0,4.0,0.5770106911659241,0.4229893088340759,1.0850201845169067,0.9891497492790222,0.0,0.0,0.5493102073669434,0.45068976283073425,1.0404146909713745,0.9895958304405212,0.0,0.0
166.0,0.0,0.5134782195091248,0.48652178049087524,1.2356228828430176,0.9876437783241272,0.0,0.0,0.7963424324989319,0.2036575824022293,0.4627046585083008,0.9953729510307312,0.0,0.0
166.0,1.0,0.5892192721366882,0.41078072786331177,1.0523667335510254,0.9894763231277466,0.0,0.0,0.5041986703872681,0.4958013892173767,1.169549822807312,0.9883045554161072,0.0,0.0
166.0,2.0,0.5687655806541443,0.4312344193458557,1.0751229524612427,0.9892488121986389,0.0,0.0,0.5830916166305542,0.4169084429740906,1.0817755460739136,0.9891822934150696,0.0,0.0
166.0,3.0,0.6093071103096008,0.39069288969039917,0.9367602467536926,0.9906323552131653,0.0,0.0,0.4126715064048767,0.5873284935951233,1.6676684617996216,0.9833233952522278,0.0,0.0
166.0,4.0,0.5770106315612793,0.4229893088340759,1.0850201845169067,0.9891497492790222,0.0,0.0,0.5493102073669434,0.45068979263305664,1.0404146909713745,0.9895959496498108,0.0,0.0
167.0,0.0,0.5134782791137695,0.48652172088623047,1.2356228828430176,0.9876437783241272,0.0,0.0,0.7963424324989319,0.2036575824022293,0.4627046585083008,0.9953729510307312,0.0,0.0
167.0,1.0,0.5892192721366882,0.41078072786331177,1.0523666143417358,0.9894763827323914,0.0,0.0,0.5041986703872681,0.4958013594150543,1.169549822807312,0.9883045554161072,0.0,0.0
167.0,2.0,0.5687655210494995,0.4312345087528229,1.0751230716705322,0.9892486333847046,0.0,0.0,0.5830916166305542,0.4169084429740906,1.0817755460739136,0.9891822934150696,0.0,0.0
167.0,3.0,0.609307050704956,0.39069297909736633,0.9367602467536926,0.9906324148178101,0.0,0.0,0.4126715064048767,0.5873284935951233,1.6676682233810425,0.9833233952522278,0.0,0.0
167.0,4.0,0.5770106911659241,0.4229893386363983,1.0850201845169067,0.9891497492790222,0.0,0.0,0.5493102073669434,0.45068979263305664,1.0404146909713745,0.9895958304405212,0.0,0.0
168.0,0.0,0.5134782195091248,0.48652175068855286,1.2356226444244385,0.987643837928772,0.0,0.0,0.7963424324989319,0.2036575824022293,0.4627046585083008,0.9953728914260864,0.0,0.0
168.0,1.0,0.5892192125320435,0.41078075766563416,1.0523667335510254,0.9894763827323914,0.0,0.0,0.5041986703872681,0.4958013594150543,1.169549822807312,0.9883044362068176,0.0,0.0
168.0,2.0,0.5687655806541443,0.4312344789505005,1.0751229524612427,0.9892486929893494,0.0,0.0,0.5830916166305542,0.4169084131717682,1.0817755460739136,0.9891822934150696,0.0,0.0
168.0,3.0,0.609307050704956,0.3906928300857544,0.9367601275444031,0.9906324148178101,0.0,0.0,0.4126715362071991,0.5873284935951233,1.6676682233810425,0.9833232164382935,0.0,0.0
168.0,4.0,0.5770105719566345,0.4229893684387207,1.0850200653076172,0.989149808883667,0.0,0.0,0.5493102073669434,0.45068976283073425,1.0404146909713745,0.9895958304405212,0.0,0.0
169.0,0.0,0.5134782195091248,0.48652175068855286,1.2356228828430176,0.9876437783241272,0.0,0.0,0.7963424324989319,0.2036575824022293,0.4627046585083008,0.9953728914260864,0.0,0.0
169.0,1.0,0.5892192721366882,0.41078072786331177,1.0523667335510254,0.9894763231277466,0.0,0.0,0.5041986107826233,0.4958013892173767,1.1695499420166016,0.9883044958114624,0.0,0.0
169.0,2.0,0.5687655210494995,0.4312344789505005,1.0751229524612427,0.9892487525939941,0.0,0.0,0.5830916166305542,0.4169084429740906,1.0817755460739136,0.9891823530197144,0.0,0.0
169.0,3.0,0.609307050704956,0.39069294929504395,0.9367601275444031,0.9906324148178101,0.0,0.0,0.4126715064048767,0.5873285531997681,1.6676682233810425,0.983323335647583,0.0,0.0
169.0,4.0,0.5770106911659241,0.4229893088340759,1.0850201845169067,0.989149808883667,0.0,0.0,0.5493102073669434,0.45068976283073425,1.0404146909713745,0.9895958304405212,0.0,0.0
170.0,0.0,0.5134782195091248,0.48652175068855286,1.2356230020523071,0.9876436591148376,0.0,0.0,0.7963424324989319,0.2036575973033905,0.4627046585083008,0.9953728914260864,0.0,0.0
170.0,1.0,0.5892192721366882,0.41078075766563416,1.0523666143417358,0.9894763827323914,0.0,0.0,0.5041986703872681,0.4958013892173767,1.169549822807312,0.9883044958114624,0.0,0.0
170.0,2.0,0.5687655806541443,0.4312345087528229,1.0751230716705322,0.9892488121986389,0.0,0.0,0.5830915570259094,0.4169084131717682,1.0817755460739136,0.9891822934150696,0.0,0.0
170.0,3.0,0.6093071103096008,0.39069288969039917,0.9367601275444031,0.9906324148178101,0.0,0.0,0.41267144680023193,0.5873284935951233,1.6676682233810425,0.983323335647583,0.0,0.0
170.0,4.0,0.5770107507705688,0.4229893088340759,1.0850201845169067,0.989149808883667,0.0,0.0,0.5493102073669434,0.45068976283073425,1.0404146909713745,0.9895958304405212,0.0,0.0
171.0,0.0,0.5134783387184143,0.48652175068855286,1.2356228828430176,0.987643837928772,0.0,0.0,0.7963424324989319,0.2036575824022293,0.4627046585083008,0.9953729510307312,0.0,0.0
171.0,1.0,0.5892192721366882,0.41078078746795654,1.0523667335510254,0.9894763827323914,0.0,0.0,0.5041986107826233,0.4958013892173767,1.169549822807312,0.9883045554161072,0.0,0.0
171.0,2.0,0.5687655210494995,0.4312344789505005,1.0751229524612427,0.9892487525939941,0.0,0.0,0.5830915570259094,0.4169084429740906,1.0817755460739136,0.9891822934150696,0.0,0.0
171.0,3.0,0.609307050704956,0.39069294929504395,0.9367601275444031,0.9906323552131653,0.0,0.0,0.4126715362071991,0.5873284935951233,1.6676682233810425,0.9833232164382935,0.0,0.0
171.0,4.0,0.5770106315612793,0.4229893684387207,1.0850201845169067,0.9891496896743774,0.0,0.0,0.5493102073669434,0.45068979263305664,1.0404146909713745,0.9895958304405212,0.0,0.0
172.0,0.0,0.51347815990448,0.48652175068855286,1.2356228828430176,0.9876437187194824,0.0,0.0,0.7963424324989319,0.2036575824022293,0.4627046585083008,0.9953728914260864,0.0,0.0
172.0,1.0,0.589219331741333,0.41078072786331177,1.0523666143417358,0.9894763827323914,0.0,0.0,0.5041986107826233,0.4958013892173767,1.1695499420166016,0.9883045554161072,0.0,0.0
172.0,2.0,0.5687655210494995,0.4312344789505005,1.0751229524612427,0.9892487525939941,0.0,0.0,0.5830915570259094,0.4169084429740906,1.0817755460739136,0.9891822934150696,0.0,0.0
172.0,3.0,0.609307050704956,0.39069288969039917,0.9367602467536926,0.9906323552131653,0.0,0.0,0.41267144680023193,0.5873284935951233,1.6676684617996216,0.9833232164382935,0.0,0.0
172.0,4.0,0.5770106911659241,0.4229893386363983,1.0850199460983276,0.9891498684883118,0.0,0.0,0.5493102073669434,0.45068976283073425,1.0404146909713745,0.9895958304405212,0.0,0.0
173.0,0.0,0.5134782195091248,0.48652178049087524,1.2356228828430176,0.9876438975334167,0.0,0.0,0.7963423728942871,0.2036575973033905,0.4627046585083008,0.9953729510307312,0.0,0.0
173.0,1.0,0.589219331741333,0.41078078746795654,1.0523667335510254,0.9894763231277466,0.0,0.0,0.5041986703872681,0.4958013892173767,1.1695499420166016,0.9883045554161072,0.0,0.0
173.0,2.0,0.5687655210494995,0.4312344789505005,1.0751230716705322,0.9892486929893494,0.0,0.0,0.5830916166305542,0.4169084131717682,1.0817755460739136,0.9891822934150696,0.0,0.0
173.0,3.0,0.6093071103096008,0.39069288969039917,0.9367601275444031,0.9906324148178101,0.0,0.0,0.4126715064048767,0.5873284935951233,1.6676684617996216,0.983323335647583,0.0,0.0
173.0,4.0,0.5770106911659241,0.4229893088340759,1.0850201845169067,0.9891497492790222,0.0,0.0,0.5493101477622986,0.45068979263305664,1.0404146909713745,0.9895958304405212,0.0,0.0
174.0,0.0,0.5134783387184143,0.48652175068855286,1.2356228828430176,0.9876437783241272,0.0,0.0,0.7963424324989319,0.2036575824022293,0.4627046585083008,0.9953728914260864,0.0,0.0
174.0,1.0,0.5892192721366882,0.41078072786331177,1.0523667335510254,0.9894763231277466,0.0,0.0,0.5041986107826233,0.4958013594150543,1.1695499420166016,0.9883045554161072,0.0,0.0
174.0,2.0,0.5687655210494995,0.4312344789505005,1.0751229524612427,0.9892487525939941,0.0,0.0,0.5830916166305542,0.4169084131717682,1.0817755460739136,0.9891822934150696,0.0,0.0
174.0,3.0,0.609307050704956,0.39069294929504395,0.9367603063583374,0.9906322956085205,0.0,0.0,0.41267144680023193,0.5873285531997681,1.6676684617996216,0.983323335647583,0.0,0.0
174.0,4.0,0.5770106315612793,0.4229893088340759,1.0850201845169067,0.989149808883667,0.0,0.0,0.5493102073669434,0.45068979263305664,1.0404146909713745,0.9895958304405212,0.0,0.0
175.0,0.0,0.51347815990448,0.48652178049087524,1.2356228828430176,0.987643837928772,0.0,0.0,0.7963424324989319,0.2036575824022293,0.4627046585083008,0.9953728914260864,0.0,0.0
175.0,1.0,0.5892192125320435,0.41078075766563416,1.0523667335510254,0.9894763827323914,0.0,0.0,0.5041986107826233,0.4958013594150543,1.1695499420166016,0.9883044958114624,0.0,0.0
175.0,2.0,0.5687655210494995,0.43123453855514526,1.0751230716705322,0.9892487525939941,0.0,0.0,0.5830915570259094,0.4169084429740906,1.0817755460739136,0.9891822934150696,0.0,0.0
175.0,3.0,0.6093071699142456,0.39069288969039917,0.9367601275444031,0.9906324744224548,0.0,0.0,0.4126715064048767,0.5873284935951233,1.6676682233810425,0.9833232164382935,0.0,0.0
175.0,4.0,0.5770106315612793,0.4229893386363983,1.0850200653076172,0.9891498684883118,0.0,0.0,0.5493102073669434,0.45068976283073425,1.0404146909713745,0.9895958304405212,0.0,0.0
176.0,0.0,0.5134783387184143,0.48652172088623047,1.2356226444244385,0.987643837928772,0.0,0.0,0.7963424324989319,0.2036575824022293,0.4627046585083008,0.9953729510307312,0.0,0.0
176.0,1.0,0.5892192125320435,0.41078075766563416,1.0523667335510254,0.9894763231277466,0.0,0.0,0.5041986703872681,0.4958013892173767,1.1695499420166016,0.9883045554161072,0.0,0.0
176.0,2.0,0.5687655806541443,0.4312345087528229,1.0751230716705322,0.9892486929893494,0.0,0.0,0.5830916166305542,0.4169084131717682,1.0817755460739136,0.9891822934150696,0.0,0.0
176.0,3.0,0.6093071103096008,0.39069294929504395,0.9367603063583374,0.9906323552131653,0.0,0.0,0.41267144680023193,0.5873284935951233,1.6676682233810425,0.9833232164382935,0.0,0.0
176.0,4.0,0.5770106911659241,0.4229893088340759,1.0850201845169067,0.9891498684883118,0.0,0.0,0.5493102073669434,0.45068979263305664,1.0404146909713745,0.9895958304405212,0.0,0.0
177.0,0.0,0.5134782791137695,0.48652175068855286,1.2356228828430176,0.9876437783241272,0.0,0.0,0.7963424324989319,0.2036575824022293,0.4627046585083008,0.9953728914260864,0.0,0.0
177.0,1.0,0.5892192125320435,0.41078075766563416,1.0523667335510254,0.9894762635231018,0.0,0.0,0.5041986107826233,0.4958013892173767,1.1695499420166016,0.9883045554161072,0.0,0.0
177.0,2.0,0.5687655210494995,0.4312344193458557,1.0751229524612427,0.9892486929893494,0.0,0.0,0.5830916166305542,0.4169084131717682,1.0817755460739136,0.9891822934150696,0.0,0.0
177.0,3.0,0.6093071103096008,0.39069294929504395,0.9367600679397583,0.9906324148178101,0.0,0.0,0.4126715064048767,0.5873284935951233,1.6676684617996216,0.983323335647583,0.0,0.0
177.0,4.0,0.5770106315612793,0.4229893386363983,1.0850200653076172,0.9891498684883118,0.0,0.0,0.5493102669715881,0.45068976283073425,1.0404146909713745,0.9895958304405212,0.0,0.0
178.0,0.0,0.5134783387184143,0.48652175068855286,1.2356228828430176,0.987643837928772,0.0,0.0,0.7963424324989319,0.2036575824022293,0.4627046585083008,0.9953728914260864,0.0,0.0
178.0,1.0,0.5892192721366882,0.41078075766563416,1.0523667335510254,0.9894763231277466,0.0,0.0,0.5041986703872681,0.4958013594150543,1.1695499420166016,0.988304615020752,0.0,0.0
178.0,2.0,0.5687655806541443,0.4312344789505005,1.0751230716705322,0.9892487525939941,0.0,0.0,0.583091676235199,0.4169084131717682,1.0817755460739136,0.9891822934150696,0.0,0.0
178.0,3.0,0.609307050704956,0.39069294929504395,0.9367602467536926,0.9906323552131653,0.0,0.0,0.4126715064048767,0.5873284935951233,1.6676682233810425,0.9833232164382935,0.0,0.0
178.0,4.0,0.5770106911659241,0.4229893088340759,1.0850200653076172,0.9891497492790222,0.0,0.0,0.5493102073669434,0.45068976283073425,1.0404146909713745,0.9895958304405212,0.0,0.0
179.0,0.0,0.5134782195091248,0.48652178049087524,1.2356226444244385,0.9876438975334167,0.0,0.0,0.7963424324989319,0.2036575824022293,0.4627046585083008,0.9953728914260864,0.0,0.0
179.0,1.0,0.5892192125320435,0.41078078746795654,1.0523667335510254,0.9894763231277466,0.0,0.0,0.5041986703872681,0.4958013594150543,1.1695499420166016,0.9883045554161072,0.0,0.0
179.0,2.0,0.5687655210494995,0.43123453855514526,1.0751229524612427,0.9892486929893494,0.0,0.0,0.5830915570259094,0.4169084131717682,1.0817755460739136,0.9891822934150696,0.0,0.0
179.0,3.0,0.609307050704956,0.39069294929504395,0.9367601275444031,0.9906324744224548,0.0,0.0,0.41267144680023193,0.5873284935951233,1.6676682233810425,0.983323335647583,0.0,0.0
179.0,4.0,0.5770106315612793,0.4229893088340759,1.0850200653076172,0.989149808883667,0.0,0.0,0.5493102669715881,0.45068979263305664,1.0404146909713745,0.9895958304405212,0.0,0.0
180.0,0.0,0.5134783387184143,0.48652172088623047,1.2356226444244385,0.9876437187194824,0.0,0.0,0.7963424324989319,0.2036575973033905,0.4627046585083008,0.9953728914260864,0.0,0.0
180.0,1.0,0.5892192125320435,0.41078075766563416,1.0523667335510254,0.9894762635231018,0.0,0.0,0.5041986703872681,0.4958013892173767,1.169549822807312,0.9883045554161072,0.0,0.0
180.0,2.0,0.5687655806541443,0.4312344789505005,1.0751229524612427,0.9892487525939941,0.0,0.0,0.5830916166305542,0.4169084429740906,1.0817755460739136,0.98918217420578,0.0,0.0
180.0,3.0,0.6093071103096008,0.39069288969039917,0.9367601275444031,0.9906324148178101,0.0,0.0,0.4126715064048767,0.5873284935951233,1.6676684617996216,0.9833232164382935,0.0,0.0
180.0,4.0,0.5770106315612793,0.4229893386363983,1.0850200653076172,0.9891498684883118,0.0,0.0,0.5493102073669434,0.45068976283073425,1.0404146909713745,0.9895958304405212,0.0,0.0
181.0,0.0,0.5134782195091248,0.48652172088623047,1.2356228828430176,0.9876437783241272,0.0,0.0,0.7963424324989319,0.2036575973033905,0.4627046585083008,0.9953728914260864,0.0,0.0
181.0,1.0,0.5892192125320435,0.41078075766563416,1.0523667335510254,0.9894763231277466,0.0,0.0,0.5041986703872681,0.4958013594150543,1.1695499420166016,0.9883044958114624,0.0,0.0
181.0,2.0,0.5687655806541443,0.4312344789505005,1.0751230716705322,0.9892487525939941,0.0,0.0,0.5830915570259094,0.4169084131717682,1.0817755460739136,0.9891822934150696,0.0,0.0
181.0,3.0,0.6093071103096008,0.39069288969039917,0.9367601275444031,0.9906324148178101,0.0,0.0,0.4126715064048767,0.5873285531997681,1.6676682233810425,0.983323335647583,0.0,0.0
181.0,4.0,0.5770106315612793,0.4229893386363983,1.0850201845169067,0.9891497492790222,0.0,0.0,0.5493102669715881,0.45068976283073425,1.0404146909713745,0.9895957708358765,0.0,0.0
182.0,0.0,0.5134782791137695,0.4865216910839081,1.2356228828430176,0.987643837928772,0.0,0.0,0.7963424324989319,0.2036575824022293,0.4627046585083008,0.9953728914260864,0.0,0.0
182.0,1.0,0.5892192125320435,0.41078072786331177,1.0523667335510254,0.9894763827323914,0.0,0.0,0.5041986107826233,0.4958013892173767,1.1695499420166016,0.9883045554161072,0.0,0.0
182.0,2.0,0.5687655210494995,0.4312344789505005,1.0751230716705322,0.9892487525939941,0.0,0.0,0.5830916166305542,0.4169084131717682,1.0817755460739136,0.9891822934150696,0.0,0.0
182.0,3.0,0.609307050704956,0.39069294929504395,0.9367602467536926,0.9906323552131653,0.0,0.0,0.41267144680023193,0.5873284935951233,1.6676684617996216,0.9833233952522278,0.0,0.0
182.0,4.0,0.5770107507705688,0.4229893088340759,1.0850200653076172,0.989149808883667,0.0,0.0,0.5493102669715881,0.45068976283073425,1.0404146909713745,0.9895958304405212,0.0,0.0
183.0,0.0,0.5134782195091248,0.48652175068855286,1.2356228828430176,0.9876437187194824,0.0,0.0,0.7963423728942871,0.2036575824022293,0.4627046585083008,0.9953728914260864,0.0,0.0
183.0,1.0,0.5892192721366882,0.41078075766563416,1.0523667335510254,0.9894763231277466,0.0,0.0,0.5041986107826233,0.4958013892173767,1.1695499420166016,0.9883045554161072,0.0,0.0
183.0,2.0,0.5687655210494995,0.4312345087528229,1.0751230716705322,0.9892488121986389,0.0,0.0,0.5830916166305542,0.4169084131717682,1.0817755460739136,0.98918217420578,0.0,0.0
183.0,3.0,0.609307050704956,0.39069294929504395,0.9367602467536926,0.9906322956085205,0.0,0.0,0.4126715362071991,0.5873284935951233,1.6676684617996216,0.983323335647583,0.0,0.0
183.0,4.0,0.5770106911659241,0.4229893386363983,1.0850200653076172,0.9891498684883118,0.0,0.0,0.5493102073669434,0.45068976283073425,1.0404146909713745,0.9895958304405212,0.0,0.0
184.0,0.0,0.5134782195091248,0.4865216910839081,1.2356228828430176,0.9876437187194824,0.0,0.0,0.7963424324989319,0.2036575824022293,0.4627046585083008,0.9953729510307312,0.0,0.0
184.0,1.0,0.589219331741333,0.4107806980609894,1.0523667335510254,0.9894763827323914,0.0,0.0,0.5041986703872681,0.4958013594150543,1.169549822807312,0.9883044958114624,0.0,0.0
184.0,2.0,0.5687655210494995,0.4312344789505005,1.0751229524612427,0.9892488121986389,0.0,0.0,0.5830916166305542,0.4169084131717682,1.0817755460739136,0.98918217420578,0.0,0.0
184.0,3.0,0.609307050704956,0.39069297909736633,0.9367602467536926,0.9906324744224548,0.0,0.0,0.4126715064048767,0.5873284935951233,1.6676685810089111,0.9833232164382935,0.0,0.0
184.0,4.0,0.5770107507705688,0.4229893088340759,1.0850201845169067,0.989149808883667,0.0,0.0,0.5493102073669434,0.45068976283073425,1.0404146909713745,0.9895958304405212,0.0,0.0
185.0,0.0,0.5134783387184143,0.48652175068855286,1.2356226444244385,0.9876438975334167,0.0,0.0,0.7963424324989319,0.2036575824022293,0.4627046585083008,0.9953728914260864,0.0,0.0
185.0,1.0,0.5892192125320435,0.41078072786331177,1.0523667335510254,0.9894763231277466,0.0,0.0,0.5041986703872681,0.4958013892173767,1.169549822807312,0.9883045554161072,0.0,0.0
185.0,2.0,0.5687655210494995,0.4312344789505005,1.0751229524612427,0.9892488121986389,0.0,0.0,0.5830916166305542,0.4169084131717682,1.0817755460739136,0.9891822934150696,0.0,0.0
185.0,3.0,0.6093071103096008,0.39069288969039917,0.9367602467536926,0.9906323552131653,0.0,0.0,0.4126715064048767,0.5873284935951233,1.6676684617996216,0.983323335647583,0.0,0.0
185.0,4.0,0.5770106911659241,0.4229893088340759,1.0850201845169067,0.989149808883667,0.0,0.0,0.5493102073669434,0.45068979263305664,1.0404146909713745,0.9895958304405212,0.0,0.0
186.0,0.0,0.5134782195091248,0.48652172088623047,1.2356228828430176,0.987643837928772,0.0,0.0,0.7963424324989319,0.2036575973033905,0.4627046585083008,0.9953729510307312,0.0,0.0
186.0,1.0,0.5892192125320435,0.41078075766563416,1.0523667335510254,0.9894763231277466,0.0,0.0,0.5041986703872681,0.4958013892173767,1.169549822807312,0.9883044958114624,0.0,0.0
186.0,2.0,0.5687655806541443,0.4312343895435333,1.0751229524612427,0.9892489314079285,0.0,0.0,0.5830915570259094,0.4169084131717682,1.0817755460739136,0.9891822934150696,0.0,0.0
186.0,3.0,0.6093071103096008,0.39069288969039917,0.9367602467536926,0.9906323552131653,0.0,0.0,0.4126715064048767,0.5873284935951233,1.6676684617996216,0.983323335647583,0.0,0.0
186.0,4.0,0.5770106911659241,0.4229893088340759,1.0850200653076172,0.989149808883667,0.0,0.0,0.5493102073669434,0.45068976283073425,1.0404146909713745,0.9895958304405212,0.0,0.0
187.0,0.0,0.5134782195091248,0.48652175068855286,1.2356228828430176,0.987643837928772,0.0,0.0,0.7963424324989319,0.2036575824022293,0.4627046585083008,0.9953729510307312,0.0,0.0
187.0,1.0,0.5892192721366882,0.41078075766563416,1.0523667335510254,0.9894762635231018,0.0,0.0,0.5041986107826233,0.4958013892173767,1.1695499420166016,0.9883045554161072,0.0,0.0
187.0,2.0,0.5687655806541443,0.4312344789505005,1.0751229524612427,0.9892487525939941,0.0,0.0,0.5830916166305542,0.4169084131717682,1.0817755460739136,0.9891822934150696,0.0,0.0
187.0,3.0,0.609307050704956,0.39069288969039917,0.9367602467536926,0.9906324148178101,0.0,0.0,0.4126715064048767,0.5873284935951233,1.6676682233810425,0.983323335647583,0.0,0.0
187.0,4.0,0.5770106315612793,0.4229893088340759,1.0850201845169067,0.9891497492790222,0.0,0.0,0.5493102073669434,0.45068976283073425,1.0404146909713745,0.9895958304405212,0.0,0.0
188.0,0.0,0.5134782195091248,0.48652172088623047,1.2356230020523071,0.9876437187194824,0.0,0.0,0.7963424324989319,0.2036575824022293,0.4627046585083008,0.9953728914260864,0.0,0.0
188.0,1.0,0.5892192721366882,0.41078072786331177,1.0523667335510254,0.9894763827323914,0.0,0.0,0.5041986703872681,0.4958013594150543,1.1695499420166016,0.9883044958114624,0.0,0.0
188.0,2.0,0.5687655806541443,0.4312345087528229,1.0751230716705322,0.9892487525939941,0.0,0.0,0.5830916166305542,0.4169084131717682,1.0817755460739136,0.98918217420578,0.0,0.0
188.0,3.0,0.6093071103096008,0.39069294929504395,0.9367602467536926,0.9906322956085205,0.0,0.0,0.41267144680023193,0.5873285531997681,1.6676682233810425,0.9833232164382935,0.0,0.0
188.0,4.0,0.5770106315612793,0.4229893386363983,1.0850200653076172,0.9891497492790222,0.0,0.0,0.5493102669715881,0.45068976283073425,1.0404146909713745,0.9895958304405212,0.0,0.0
189.0,0.0,0.5134783387184143,0.4865216910839081,1.2356228828430176,0.9876437187194824,0.0,0.0,0.7963424324989319,0.2036575824022293,0.4627046585083008,0.9953729510307312,0.0,0.0
189.0,1.0,0.5892192125320435,0.41078072786331177,1.0523667335510254,0.9894763827323914,0.0,0.0,0.5041986107826233,0.4958013594150543,1.169549822807312,0.9883044958114624,0.0,0.0
189.0,2.0,0.5687655210494995,0.4312345087528229,1.0751230716705322,0.9892487525939941,0.0,0.0,0.5830916166305542,0.4169084429740906,1.0817755460739136,0.98918217420578,0.0,0.0
189.0,3.0,0.6093071103096008,0.3906928598880768,0.9367603063583374,0.9906322956085205,0.0,0.0,0.41267144680023193,0.5873285531997681,1.6676682233810425,0.983323335647583,0.0,0.0
189.0,4.0,0.5770106911659241,0.4229893386363983,1.0850203037261963,0.9891496896743774,0.0,0.0,0.5493102073669434,0.45068979263305664,1.0404146909713745,0.9895958304405212,0.0,0.0
190.0,0.0,0.5134782791137695,0.48652175068855286,1.2356228828430176,0.9876437783241272,0.0,0.0,0.7963424324989319,0.2036575824022293,0.4627046585083008,0.9953728914260864,0.0,0.0
190.0,1.0,0.5892192721366882,0.41078075766563416,1.0523667335510254,0.9894763827323914,0.0,0.0,0.5041986107826233,0.4958013892173767,1.1695499420166016,0.9883045554161072,0.0,0.0
190.0,2.0,0.5687655210494995,0.4312345087528229,1.0751229524612427,0.9892487525939941,0.0,0.0,0.5830916166305542,0.4169084131717682,1.0817755460739136,0.9891822934150696,0.0,0.0
190.0,3.0,0.6093071103096008,0.39069294929504395,0.9367602467536926,0.9906324148178101,0.0,0.0,0.4126715064048767,0.5873284935951233,1.6676684617996216,0.9833233952522278,0.0,0.0
190.0,4.0,0.5770107507705688,0.4229893386363983,1.0850200653076172,0.989149808883667,0.0,0.0,0.5493102669715881,0.45068976283073425,1.0404146909713745,0.9895958304405212,0.0,0.0
191.0,0.0,0.5134782195091248,0.48652172088623047,1.2356228828430176,0.9876437783241272,0.0,0.0,0.7963424324989319,0.2036575824022293,0.4627046585083008,0.9953728914260864,0.0,0.0
191.0,1.0,0.5892192125320435,0.41078072786331177,1.0523666143417358,0.9894763827323914,0.0,0.0,0.5041986703872681,0.4958013594150543,1.1695499420166016,0.9883044958114624,0.0,0.0
191.0,2.0,0.5687655210494995,0.4312344789505005,1.0751229524612427,0.9892489314079285,0.0,0.0,0.5830916166305542,0.4169084429740906,1.0817755460739136,0.9891822934150696,0.0,0.0
191.0,3.0,0.609307050704956,0.39069297909736633,0.9367602467536926,0.9906323552131653,0.0,0.0,0.4126715064048767,0.5873285531997681,1.6676684617996216,0.9833233952522278,0.0,0.0
191.0,4.0,0.5770106315612793,0.4229893684387207,1.0850201845169067,0.989149808883667,0.0,0.0,0.5493102073669434,0.45068976283073425,1.0404146909713745,0.9895959496498108,0.0,0.0
192.0,0.0,0.5134782195091248,0.48652178049087524,1.2356228828430176,0.9876437783241272,0.0,0.0,0.7963424324989319,0.2036575824022293,0.4627046585083008,0.9953729510307312,0.0,0.0
192.0,1.0,0.5892192125320435,0.41078075766563416,1.0523667335510254,0.9894763827323914,0.0,0.0,0.5041986703872681,0.4958013892173767,1.1695499420166016,0.9883044958114624,0.0,0.0
192.0,2.0,0.5687655210494995,0.43123456835746765,1.0751230716705322,0.9892487525939941,0.0,0.0,0.5830916166305542,0.4169084429740906,1.0817755460739136,0.9891822934150696,0.0,0.0
192.0,3.0,0.609307050704956,0.39069297909736633,0.9367601275444031,0.9906324148178101,0.0,0.0,0.4126715064048767,0.5873284935951233,1.6676684617996216,0.9833233952522278,0.0,0.0
192.0,4.0,0.5770106315612793,0.4229893088340759,1.0850201845169067,0.9891497492790222,0.0,0.0,0.5493102073669434,0.45068976283073425,1.0404146909713745,0.9895958304405212,0.0,0.0
193.0,0.0,0.5134782791137695,0.48652172088623047,1.2356228828430176,0.9876437783241272,0.0,0.0,0.7963423728942871,0.2036575973033905,0.4627046585083008,0.9953728914260864,0.0,0.0
193.0,1.0,0.5892192721366882,0.41078072786331177,1.0523667335510254,0.9894763231277466,0.0,0.0,0.5041986107826233,0.4958013594150543,1.1695499420166016,0.9883044362068176,0.0,0.0
193.0,2.0,0.5687655806541443,0.4312344789505005,1.0751229524612427,0.9892488121986389,0.0,0.0,0.5830916166305542,0.4169084131717682,1.0817755460739136,0.9891822934150696,0.0,0.0
193.0,3.0,0.6093071699142456,0.39069294929504395,0.9367601275444031,0.9906324744224548,0.0,0.0,0.41267144680023193,0.5873285531997681,1.6676682233810425,0.9833232164382935,0.0,0.0
193.0,4.0,0.5770107507705688,0.4229893088340759,1.0850201845169067,0.9891497492790222,0.0,0.0,0.5493102669715881,0.45068976283073425,1.0404146909713745,0.9895958304405212,0.0,0.0
194.0,0.0,0.5134782791137695,0.48652175068855286,1.2356226444244385,0.987643837928772,0.0,0.0,0.7963424324989319,0.2036575824022293,0.4627046585083008,0.9953728914260864,0.0,0.0
194.0,1.0,0.5892192125320435,0.41078075766563416,1.0523666143417358,0.9894763827323914,0.0,0.0,0.5041986703872681,0.4958013892173767,1.1695499420166016,0.9883044958114624,0.0,0.0
194.0,2.0,0.5687655806541443,0.4312344193458557,1.0751230716705322,0.9892487525939941,0.0,0.0,0.5830916166305542,0.4169084429740906,1.0817755460739136,0.9891822934150696,0.0,0.0
194.0,3.0,0.609307050704956,0.39069288969039917,0.9367600679397583,0.9906324744224548,0.0,0.0,0.4126715362071991,0.5873284935951233,1.6676682233810425,0.983323335647583,0.0,0.0
194.0,4.0,0.5770106911659241,0.4229893684387207,1.0850201845169067,0.989149808883667,0.0,0.0,0.5493102669715881,0.45068976283073425,1.0404146909713745,0.9895958304405212,0.0,0.0
195.0,0.0,0.5134783387184143,0.4865216910839081,1.2356228828430176,0.9876437783241272,0.0,0.0,0.7963424324989319,0.2036575824022293,0.4627046585083008,0.9953729510307312,0.0,0.0
195.0,1.0,0.5892192125320435,0.41078075766563416,1.0523667335510254,0.9894763231277466,0.0,0.0,0.5041986703872681,0.4958013892173767,1.1695499420166016,0.9883044958114624,0.0,0.0
195.0,2.0,0.5687655210494995,0.4312344193458557,1.0751230716705322,0.9892487525939941,0.0,0.0,0.5830916166305542,0.4169084131717682,1.0817755460739136,0.98918217420578,0.0,0.0
195.0,3.0,0.6093071103096008,0.3906928598880768,0.9367602467536926,0.9906323552131653,0.0,0.0,0.41267144680023193,0.5873284935951233,1.6676682233810425,0.983323335647583,0.0,0.0
195.0,4.0,0.5770106911659241,0.4229893386363983,1.0850201845169067,0.9891497492790222,0.0,0.0,0.5493102669715881,0.45068976283073425,1.0404146909713745,0.9895958304405212,0.0,0.0
196.0,0.0,0.5134782195091248,0.48652172088623047,1.2356228828430176,0.987643837928772,0.0,0.0,0.7963424324989319,0.2036575824022293,0.4627046585083008,0.9953728914260864,0.0,0.0
196.0,1.0,0.5892192721366882,0.41078072786331177,1.0523667335510254,0.9894763231277466,0.0,0.0,0.5041986107826233,0.4958013892173767,1.169549822807312,0.9883044958114624,0.0,0.0
196.0,2.0,0.5687655806541443,0.4312344193458557,1.0751229524612427,0.9892488121986389,0.0,0.0,0.5830916166305542,0.4169084131717682,1.0817755460739136,0.9891822934150696,0.0,0.0
196.0,3.0,0.6093071103096008,0.3906928598880768,0.9367603063583374,0.9906323552131653,0.0,0.0,0.4126715064048767,0.5873284935951233,1.6676684617996216,0.9833233952522278,0.0,0.0
196.0,4.0,0.5770107507705688,0.4229893088340759,1.0850201845169067,0.989149808883667,0.0,0.0,0.5493102669715881,0.45068976283073425,1.0404146909713745,0.9895958304405212,0.0,0.0
197.0,0.0,0.5134782791137695,0.48652175068855286,1.2356226444244385,0.987643837928772,0.0,0.0,0.7963424324989319,0.2036575824022293,0.4627046585083008,0.9953728914260864,0.0,0.0
197.0,1.0,0.589219331741333,0.41078072786331177,1.0523667335510254,0.9894763231277466,0.0,0.0,0.5041986703872681,0.4958013892173767,1.1695499420166016,0.9883044958114624,0.0,0.0
197.0,2.0,0.5687655806541443,0.4312345087528229,1.0751230716705322,0.9892486929893494,0.0,0.0,0.5830916166305542,0.4169084429740906,1.0817755460739136,0.9891822934150696,0.0,0.0
197.0,3.0,0.609307050704956,0.39069294929504395,0.9367601275444031,0.9906324744224548,0.0,0.0,0.4126715362071991,0.5873284935951233,1.6676684617996216,0.983323335647583,0.0,0.0
197.0,4.0,0.5770106911659241,0.4229893088340759,1.0850201845169067,0.989149808883667,0.0,0.0,0.5493102073669434,0.45068976283073425,1.0404146909713745,0.9895958304405212,0.0,0.0
198.0,0.0,0.5134782791137695,0.48652172088623047,1.2356228828430176,0.987643837928772,0.0,0.0,0.7963424324989319,0.2036575824022293,0.4627046585083008,0.9953728914260864,0.0,0.0
198.0,1.0,0.5892192125320435,0.41078078746795654,1.0523667335510254,0.9894762635231018,0.0,0.0,0.5041986107826233,0.4958013892173767,1.1695499420166016,0.9883044958114624,0.0,0.0
198.0,2.0,0.5687655210494995,0.43123456835746765,1.0751229524612427,0.9892487525939941,0.0,0.0,0.5830915570259094,0.4169084429740906,1.0817755460739136,0.9891822934150696,0.0,0.0
198.0,3.0,0.609307050704956,0.3906928598880768,0.9367601275444031,0.9906324148178101,0.0,0.0,0.4126715064048767,0.5873284935951233,1.6676684617996216,0.983323335647583,0.0,0.0
198.0,4.0,0.5770106315612793,0.4229893386363983,1.0850200653076172,0.9891498684883118,0.0,0.0,0.5493101477622986,0.45068976283073425,1.0404146909713745,0.9895958304405212,0.0,0.0
199.0,0.0,0.5134782791137695,0.4865216910839081,1.2356230020523071,0.987643837928772,0.0,0.0,0.7963424324989319,0.2036575824022293,0.4627046585083008,0.9953728914260864,0.0,0.0
199.0,1.0,0.5892192721366882,0.41078072786331177,1.0523667335510254,0.9894762635231018,0.0,0.0,0.5041986107826233,0.4958013594150543,1.169549822807312,0.9883045554161072,0.0,0.0
199.0,2.0,0.5687655210494995,0.4312345087528229,1.0751230716705322,0.9892486929893494,0.0,0.0,0.5830916166305542,0.4169084131717682,1.0817755460739136,0.9891822934150696,0.0,0.0
199.0,3.0,0.609307050704956,0.39069297909736633,0.9367600083351135,0.9906324744224548,0.0,0.0,0.4126715064048767,0.5873284935951233,1.6676684617996216,0.983323335647583,0.0,0.0
199.0,4.0,0.5770106911659241,0.4229893386363983,1.0850201845169067,0.9891496896743774,0.0,0.0,0.5493102669715881,0.45068976283073425,1.0404146909713745,0.9895958304405212,0.0,0.0
