epoch,fold,dice_train,loss_train,bce_train,accuracy_train,precision_train,f1_train,dice_test,loss_test,bce_test,accuracy_test,precision_test,f1_test
0.0,0.0,0.5830121040344238,0.4169882535934448,1.007023572921753,0.9124336838722229,0.575533390045166,0.543778657913208,0.7269891500473022,0.273010790348053,0.23541131615638733,0.9659665822982788,0.7628876566886902,0.6371719837188721
0.0,1.0,0.6833062171936035,0.3166934847831726,0.7775742411613464,0.9611065983772278,0.6416175961494446,0.5857291221618652,0.6994964480400085,0.30050352215766907,0.6065259575843811,0.9571841955184937,0.7278881072998047,0.5651861429214478
0.0,2.0,0.7221808433532715,0.27781933546066284,0.7969812154769897,0.9655024409294128,0.6679810881614685,0.6151657104492188,0.653829038143158,0.3461710214614868,1.8628698587417603,0.9651475548744202,0.6294092535972595,0.614474356174469
0.0,3.0,0.6948078870773315,0.30519312620162964,1.6007740497589111,0.9547874331474304,0.6174480319023132,0.5600413680076599,0.7766433954238892,0.2233571708202362,0.7875948548316956,0.9792950749397278,0.6494662165641785,0.6853128671646118
0.0,4.0,0.7585728168487549,0.24142710864543915,0.7497135996818542,0.969508171081543,0.6470385789871216,0.6132334470748901,0.8202803730964661,0.17971965670585632,0.8994314670562744,0.9750179648399353,0.703356921672821,0.7058279514312744
1.0,0.0,0.83197420835495,0.1680256426334381,0.5158396363258362,0.979312002658844,0.7149267792701721,0.6791108846664429,0.8873008489608765,0.11269906908273697,0.2341439127922058,0.9878901839256287,0.7585515975952148,0.7504978179931641
1.0,1.0,0.8358651399612427,0.16413448750972748,0.684253990650177,0.9785553216934204,0.7298117280006409,0.6827576756477356,0.8908968567848206,0.10910298675298691,0.47608864307403564,0.985660195350647,0.7281582355499268,0.7249420881271362
1.0,2.0,0.8276609778404236,0.1723393350839615,1.1024866104125977,0.9752301573753357,0.7125790119171143,0.6763392686843872,0.8867907524108887,0.11320948600769043,0.34540367126464844,0.9853958487510681,0.7438062429428101,0.6943276524543762
1.0,3.0,0.864315390586853,0.13568472862243652,0.3941369354724884,0.9822632670402527,0.7311948537826538,0.7063198685646057,0.879133403301239,0.12086676806211472,0.5915955305099487,0.9844441413879395,0.747186005115509,0.6999146342277527
1.0,4.0,0.8967985510826111,0.1032027080655098,0.2721562683582306,0.9873349070549011,0.7526010274887085,0.7323295474052429,0.9195308089256287,0.08046910911798477,0.1794823259115219,0.9902797341346741,0.791536271572113,0.7699093222618103
2.0,0.0,0.9122504591941833,0.08775007724761963,0.2180788516998291,0.9897211194038391,0.7579864263534546,0.7430262565612793,0.9187421202659607,0.08125796169042587,0.16938893496990204,0.9905526638031006,0.7998406291007996,0.7746506929397583
2.0,1.0,0.863797128200531,0.13620245456695557,0.4506225287914276,0.9837941527366638,0.7492880821228027,0.7184693813323975,0.9249342679977417,0.07506567984819412,0.17967058718204498,0.9913398027420044,0.765534520149231,0.7604406476020813
2.0,2.0,0.9120338559150696,0.08796584606170654,0.29739537835121155,0.9890144467353821,0.7744612693786621,0.7566527128219604,0.9117211699485779,0.08827915042638779,0.1971951723098755,0.9908897876739502,0.7633723616600037,0.7411231994628906
2.0,3.0,0.9028304815292358,0.09716948121786118,0.27254045009613037,0.9879769086837769,0.7585274577140808,0.7424694299697876,0.9301952123641968,0.06980464607477188,0.17794525623321533,0.9918937683105469,0.7656952142715454,0.7566551566123962
2.0,4.0,0.919853150844574,0.08014620840549469,0.22145110368728638,0.9901109337806702,0.7674587965011597,0.7521610856056213,0.9241101145744324,0.07588972896337509,0.17036178708076477,0.9900813698768616,0.8021558523178101,0.7655685544013977
3.0,0.0,0.921625018119812,0.07837575674057007,0.20456168055534363,0.990931510925293,0.7692110538482666,0.7566903233528137,0.9339959025382996,0.06600425392389297,0.16786468029022217,0.9920653700828552,0.79813152551651,0.780045747756958
3.0,1.0,0.9237135648727417,0.07628686726093292,0.19661639630794525,0.9909815192222595,0.7812364101409912,0.768613874912262,0.9256295561790466,0.07437075674533844,0.17752428352832794,0.9911922216415405,0.7831336855888367,0.7663253545761108
3.0,2.0,0.8958404660224915,0.10416006296873093,0.5730711817741394,0.9863174557685852,0.7633590698242188,0.7371160984039307,0.9310807585716248,0.0689190924167633,0.2127608209848404,0.991930365562439,0.7616736888885498,0.7443506717681885
3.0,3.0,0.9315810799598694,0.06841927021741867,0.20489610731601715,0.991912841796875,0.7789925336837769,0.7678362727165222,0.8870484232902527,0.1129518449306488,0.19613228738307953,0.9903783798217773,0.7696713209152222,0.7409934401512146
3.0,4.0,0.9324036240577698,0.06759694963693619,0.18531695008277893,0.9919445514678955,0.7761644124984741,0.7642486691474915,0.9418019652366638,0.0581982284784317,0.18633656203746796,0.9924879670143127,0.7922859191894531,0.7959264516830444
4.0,0.0,0.9397698044776917,0.060229841619729996,0.1715451031923294,0.9927943348884583,0.779415488243103,0.771906316280365,0.9581896662712097,0.04181063547730446,0.16514699161052704,0.9931693077087402,0.8113198280334473,0.8037086725234985
4.0,1.0,0.9357990622520447,0.06420152634382248,0.1969679445028305,0.9923050403594971,0.7893440127372742,0.781855046749115,0.8748172521591187,0.12518270313739777,0.21934394538402557,0.9899547100067139,0.7870532274246216,0.7526572346687317
4.0,2.0,0.9290245175361633,0.07097479701042175,0.21346019208431244,0.9919819235801697,0.7862342596054077,0.7736892700195312,0.9525848031044006,0.04741552099585533,0.17131617665290833,0.9932879209518433,0.7655940055847168,0.7663694024085999
4.0,3.0,0.9518808126449585,0.04811939597129822,0.1640440821647644,0.9931817650794983,0.793462872505188,0.7867571115493774,0.9467800259590149,0.053219862282276154,0.18942219018936157,0.9933014512062073,0.7748510837554932,0.7687792778015137
4.0,4.0,0.9134182333946228,0.0865819975733757,0.6158134341239929,0.9882262349128723,0.7591327428817749,0.7416017055511475,0.9525459408760071,0.04745412990450859,0.18053247034549713,0.9934238195419312,0.8042536377906799,0.8020000457763672
5.0,0.0,0.9491205811500549,0.05087999999523163,0.19128422439098358,0.9932991862297058,0.7872405648231506,0.7797472476959229,0.9593057632446289,0.0406942181289196,0.1694202870130539,0.9936254024505615,0.8101045489311218,0.8071305155754089
5.0,1.0,0.9552239775657654,0.04477701336145401,0.17416693270206451,0.9936986565589905,0.7944253087043762,0.7892967462539673,0.953553318977356,0.04644627496600151,0.15915456414222717,0.9940652847290039,0.789688229560852,0.7824460864067078
5.0,2.0,0.9516060948371887,0.0483940914273262,0.19117599725723267,0.9934819340705872,0.7981008887290955,0.7894495129585266,0.9584465026855469,0.04155348613858223,0.1748766154050827,0.9943267703056335,0.782746434211731,0.7733097076416016
5.0,3.0,0.9557973742485046,0.044202771037817,0.18437618017196655,0.9938451647758484,0.7966693043708801,0.7895926833152771,0.940775454044342,0.059224385768175125,0.22329925000667572,0.9936307072639465,0.7703390717506409,0.7618095278739929
5.0,4.0,0.9453365206718445,0.05466323345899582,0.21950462460517883,0.9935267567634583,0.784447193145752,0.7774894833564758,0.947701096534729,0.052299048751592636,0.1861194521188736,0.9934461712837219,0.8115878105163574,0.7918581962585449
6.0,0.0,0.9443274140357971,0.05567225441336632,0.25742945075035095,0.9927123785018921,0.785430371761322,0.7735748887062073,0.961014986038208,0.03898518532514572,0.1668417751789093,0.9938071370124817,0.8094378709793091,0.8074384927749634
6.0,1.0,0.9591602683067322,0.04084039106965065,0.18083353340625763,0.9940570592880249,0.7993351221084595,0.792701005935669,0.9547456502914429,0.045254629105329514,0.17657352983951569,0.9942730069160461,0.7896353006362915,0.7853245139122009
6.0,2.0,0.9479530453681946,0.05204782634973526,0.20050598680973053,0.9936621785163879,0.7985699772834778,0.7910144329071045,0.9662351608276367,0.033764373511075974,0.17333757877349854,0.9947496652603149,0.7805307507514954,0.7777579426765442
6.0,3.0,0.9641939997673035,0.035806793719530106,0.17898344993591309,0.9944019913673401,0.7992795705795288,0.7946211099624634,0.9583202600479126,0.04168026149272919,0.20837724208831787,0.9941788911819458,0.7872179746627808,0.7814570665359497
6.0,4.0,0.9594880938529968,0.040512289851903915,0.20407213270664215,0.9941495656967163,0.792898416519165,0.7853614091873169,0.9668756127357483,0.03312455490231514,0.17413276433944702,0.9947469234466553,0.8152347207069397,0.8112534880638123
7.0,0.0,0.956838071346283,0.043161265552043915,0.19050255417823792,0.9941796064376831,0.7920528054237366,0.7849015593528748,0.960704505443573,0.039295442402362823,0.1904069185256958,0.9940828680992126,0.8111642003059387,0.8073136806488037
7.0,1.0,0.9585839509963989,0.04141612350940704,0.18976014852523804,0.9941921830177307,0.7994632720947266,0.7926284074783325,0.9546994566917419,0.04530065879225731,0.18982413411140442,0.994418740272522,0.7898673415184021,0.7834593653678894
7.0,2.0,0.948332667350769,0.05166756361722946,0.22241878509521484,0.9937631487846375,0.8007225394248962,0.7923805117607117,0.9535121917724609,0.04648801311850548,0.28704044222831726,0.9931286573410034,0.7678215503692627,0.7716342210769653
7.0,3.0,0.9566121101379395,0.043388452380895615,0.20868942141532898,0.9940553307533264,0.7994521260261536,0.7927408218383789,0.9573325514793396,0.04266739636659622,0.20964786410331726,0.9943098425865173,0.7830139398574829,0.7797346711158752
7.0,4.0,0.9637393355369568,0.03626063093543053,0.19380754232406616,0.994575560092926,0.7932884693145752,0.788954496383667,0.9700810313224792,0.029919084161520004,0.17389263212680817,0.9949065446853638,0.8207374811172485,0.8162898421287537
8.0,0.0,0.9560824632644653,0.04391805827617645,0.20703600347042084,0.9940958619117737,0.7933048009872437,0.7865598201751709,0.9589395523071289,0.04106028750538826,0.19568192958831787,0.9943363070487976,0.8132203817367554,0.8082849383354187
8.0,1.0,0.9568921327590942,0.043107736855745316,0.24572867155075073,0.993907630443573,0.8020197153091431,0.79298335313797,0.966159462928772,0.03384101390838623,0.18378090858459473,0.9947360754013062,0.7920582294464111,0.7873789668083191
8.0,2.0,0.9525178074836731,0.047481827437877655,0.20298074185848236,0.994332492351532,0.8029208183288574,0.7951394319534302,0.9716758131980896,0.028324255719780922,0.1830051690340042,0.9951626062393188,0.7884707450866699,0.7853987216949463
8.0,3.0,0.9681084156036377,0.03189193457365036,0.19143177568912506,0.9948631525039673,0.8037687540054321,0.7993557453155518,0.9475607872009277,0.05243941769003868,0.24549682438373566,0.9942718148231506,0.7931103706359863,0.7680749297142029
8.0,4.0,0.9577497243881226,0.04225076735019684,0.20461733639240265,0.9943416118621826,0.7942662835121155,0.787405252456665,0.9680182337760925,0.031981728971004486,0.18388503789901733,0.9949871301651001,0.8162747025489807,0.8131573796272278
9.0,0.0,0.9655978083610535,0.03440232574939728,0.20355983078479767,0.9948261976242065,0.795344352722168,0.7909060716629028,0.9664577841758728,0.03354194015264511,0.21977613866329193,0.9946485161781311,0.8185971975326538,0.8109384775161743
9.0,1.0,0.9656368494033813,0.03436414524912834,0.2146993726491928,0.994736909866333,0.804324746131897,0.798148512840271,0.9675704836845398,0.03242951259016991,0.21719951927661896,0.994853675365448,0.7955396771430969,0.7864722609519958
9.0,2.0,0.9627598524093628,0.03723953291773796,0.22110570967197418,0.9946084022521973,0.8051570653915405,0.7973099946975708,0.9698982834815979,0.03010156936943531,0.20516040921211243,0.9952306747436523,0.7833716869354248,0.7807011604309082
9.0,3.0,0.9688100814819336,0.03119015507400036,0.19890519976615906,0.9949966073036194,0.803806722164154,0.7994002103805542,0.9625197649002075,0.03748077526688576,0.23355668783187866,0.9947130680084229,0.793956995010376,0.7864530086517334
9.0,4.0,0.9633151888847351,0.03668515384197235,0.22210417687892914,0.9947117567062378,0.7972818613052368,0.7912970781326294,0.9704723358154297,0.029527679085731506,0.1910749077796936,0.995093584060669,0.817683219909668,0.8179712891578674
10.0,0.0,0.961767852306366,0.0382329523563385,0.27869170904159546,0.9939849972724915,0.7963871359825134,0.7876600623130798,0.967161238193512,0.03283863514661789,0.22032788395881653,0.994509220123291,0.8112552165985107,0.812356173992157
10.0,1.0,0.9676453471183777,0.03235486522316933,0.21358329057693481,0.9948705434799194,0.8042660355567932,0.799396812915802,0.9690366983413696,0.030962977558374405,0.1985364407300949,0.9951089024543762,0.7931661009788513,0.7891282439231873
10.0,2.0,0.9657004475593567,0.03429921343922615,0.21921543776988983,0.994800329208374,0.8063396215438843,0.7993783950805664,0.9710406064987183,0.028959408402442932,0.19685345888137817,0.9953045845031738,0.7832762002944946,0.7832533121109009
10.0,3.0,0.9689740538597107,0.031025201082229614,0.21115657687187195,0.9949493408203125,0.8049658536911011,0.7990066409111023,0.9557168483734131,0.04428332671523094,0.26323679089546204,0.9943654537200928,0.7812370657920837,0.7782004475593567
10.0,4.0,0.9648646712303162,0.035135626792907715,0.2237260341644287,0.9948127865791321,0.7959030866622925,0.7894747853279114,0.9726080894470215,0.027392543852329254,0.19467996060848236,0.9952905774116516,0.821871817111969,0.8191258311271667
11.0,0.0,0.9561384916305542,0.04386081546545029,0.3058609664440155,0.9940848350524902,0.7924408316612244,0.7826708555221558,0.9672061204910278,0.03279421478509903,0.237247496843338,0.994653582572937,0.8163552284240723,0.8120669722557068
11.0,1.0,0.9599003195762634,0.04009918496012688,0.23485435545444489,0.9947323203086853,0.7987202405929565,0.7921850085258484,0.9624679684638977,0.03753213956952095,0.21198146045207977,0.9951720237731934,0.7912313938140869,0.784631609916687
11.0,2.0,0.9663873910903931,0.03361319378018379,0.22628800570964813,0.9949389100074768,0.8065026998519897,0.8002387881278992,0.973622739315033,0.02637716941535473,0.20790831744670868,0.9954528212547302,0.7883898019790649,0.7847865223884583
11.0,3.0,0.970431387424469,0.02956848219037056,0.21403345465660095,0.9951741099357605,0.8066485524177551,0.8015669584274292,0.9601048231124878,0.03989483416080475,0.25160345435142517,0.9948887825012207,0.791427731513977,0.7832694053649902
11.0,4.0,0.9588958024978638,0.04110454395413399,0.24287422001361847,0.9946358799934387,0.7941849231719971,0.7862365245819092,0.9729034304618835,0.027096230536699295,0.19975540041923523,0.9953107833862305,0.8202149271965027,0.8186944127082825
12.0,0.0,0.9647590517997742,0.03524111211299896,0.2218184620141983,0.9950245022773743,0.7988688945770264,0.7920582294464111,0.9611520767211914,0.038847554475069046,0.2825261652469635,0.9941661953926086,0.8169980645179749,0.8046203851699829
12.0,1.0,0.9680726528167725,0.031927015632390976,0.22850781679153442,0.9950021505355835,0.805065393447876,0.7990259528160095,0.9689016938209534,0.03109833598136902,0.2096569985151291,0.9953494668006897,0.800723135471344,0.7905917167663574
12.0,2.0,0.9663324356079102,0.033667728304862976,0.2269047200679779,0.9949774742126465,0.807526707649231,0.8002400994300842,0.9712370038032532,0.028763102367520332,0.2358267605304718,0.9952327013015747,0.7882463932037354,0.7820640206336975
12.0,3.0,0.9696093797683716,0.030391179025173187,0.22063679993152618,0.9951713681221008,0.8058781027793884,0.8004588484764099,0.9579174518585205,0.042082786560058594,0.2516929507255554,0.9948452711105347,0.7915717959403992,0.7836538553237915
12.0,4.0,0.9649749398231506,0.03502558544278145,0.23198302090168,0.9950616955757141,0.7984424829483032,0.7914720773696899,0.9693467020988464,0.03065313771367073,0.2081136256456375,0.9951554536819458,0.8144189715385437,0.8165344595909119
13.0,0.0,0.9687427282333374,0.03125692903995514,0.22555400431156158,0.9951906204223633,0.7995938062667847,0.7947370409965515,0.966090202331543,0.03390989080071449,0.2252984344959259,0.994723379611969,0.8255022168159485,0.81201171875
13.0,1.0,0.964858889579773,0.035140857100486755,0.24735714495182037,0.9947973489761353,0.8040680885314941,0.7972269058227539,0.954352855682373,0.04564753919839859,0.2489943504333496,0.9946814179420471,0.7861050963401794,0.7740908265113831
13.0,2.0,0.9661165475845337,0.03388432785868645,0.22208254039287567,0.9950212836265564,0.8071075081825256,0.8001806735992432,0.972866415977478,0.02713366225361824,0.22087141871452332,0.9953213334083557,0.7874885201454163,0.7857059836387634
13.0,3.0,0.9703812599182129,0.02961871214210987,0.21786952018737793,0.9952966570854187,0.8059054017066956,0.800844132900238,0.9623637795448303,0.03763626888394356,0.25389501452445984,0.9949250817298889,0.7889832854270935,0.786074161529541
13.0,4.0,0.9687472581863403,0.03125285357236862,0.23213818669319153,0.9952083826065063,0.8013054728507996,0.7946951985359192,0.9746313691139221,0.025369010865688324,0.210033118724823,0.9955531358718872,0.8252934217453003,0.8215154409408569
14.0,0.0,0.9680976271629333,0.0319027341902256,0.22889591753482819,0.9953200817108154,0.8015615344047546,0.7949523329734802,0.9698540568351746,0.030145909637212753,0.2270897924900055,0.9951369166374207,0.8196396231651306,0.815822958946228
14.0,1.0,0.9684699773788452,0.03152881935238838,0.22849448025226593,0.9952651858329773,0.8066604137420654,0.8015943169593811,0.9683427810668945,0.031657349318265915,0.21345731616020203,0.9953896999359131,0.8004876971244812,0.7919665575027466
14.0,2.0,0.960411787033081,0.039588261395692825,0.24622486531734467,0.9949202537536621,0.80802983045578,0.8000548481941223,0.9720707535743713,0.027929255738854408,0.21300339698791504,0.9955877661705017,0.7894473671913147,0.7818108201026917
14.0,3.0,0.9719518423080444,0.028048228472471237,0.2209641933441162,0.995411217212677,0.8082633018493652,0.8032552599906921,0.965525209903717,0.03447498008608818,0.256732314825058,0.9951431751251221,0.7945253849029541,0.7888733148574829
14.0,4.0,0.9661166667938232,0.033884089440107346,0.24154487252235413,0.9951044917106628,0.800200343132019,0.7923274040222168,0.9717615246772766,0.028238773345947266,0.25448179244995117,0.9946972727775574,0.8146449327468872,0.8183478713035583
15.0,0.0,0.9691909551620483,0.03080868348479271,0.230009987950325,0.9953240752220154,0.8009173274040222,0.7943317890167236,0.9711565375328064,0.028843140229582787,0.23305092751979828,0.9951552152633667,0.8232543468475342,0.8160775303840637
15.0,1.0,0.9700152277946472,0.029984377324581146,0.226972758769989,0.9953395128250122,0.8088136911392212,0.8018423318862915,0.9675567746162415,0.03244386985898018,0.2048942893743515,0.9956149458885193,0.7972044944763184,0.7915158867835999
15.0,2.0,0.9697023630142212,0.030297646299004555,0.23216895759105682,0.9952884316444397,0.8103293776512146,0.8037362694740295,0.9702722430229187,0.029727492481470108,0.21793870627880096,0.9954490065574646,0.7822677493095398,0.7817067503929138
15.0,3.0,0.9714247584342957,0.028574738651514053,0.21612517535686493,0.9954351782798767,0.8079215884208679,0.8021386861801147,0.9385058879852295,0.06149398535490036,0.349494606256485,0.9914219379425049,0.7964949011802673,0.7592716813087463
15.0,4.0,0.9680352807044983,0.031964849680662155,0.22569821774959564,0.995404839515686,0.8005808591842651,0.7931814193725586,0.9751333594322205,0.024866363033652306,0.1800859123468399,0.995855987071991,0.8193262815475464,0.8213473558425903
16.0,0.0,0.9721834659576416,0.027816319838166237,0.1925061047077179,0.995822548866272,0.8025299906730652,0.7976097464561462,0.973607063293457,0.026393380016088486,0.19587342441082,0.9957853555679321,0.8242465853691101,0.8179405927658081
16.0,1.0,0.9713784456253052,0.02862151525914669,0.20208735764026642,0.9957193732261658,0.8066797852516174,0.8027288317680359,0.9751198291778564,0.024880146607756615,0.1740889847278595,0.9960888028144836,0.7979435920715332,0.7940715551376343
16.0,2.0,0.9701383113861084,0.029861487448215485,0.19732242822647095,0.995770275592804,0.8100908994674683,0.8044846653938293,0.9759833812713623,0.02401706576347351,0.17100268602371216,0.9960653185844421,0.79483562707901,0.7877305746078491
16.0,3.0,0.9752042889595032,0.024795353412628174,0.18346750736236572,0.9960194230079651,0.8094069361686707,0.8057666420936584,0.9654951095581055,0.03450461104512215,0.20320312678813934,0.9959195852279663,0.7924047112464905,0.7858083248138428
16.0,4.0,0.9713276028633118,0.02867267280817032,0.20526853203773499,0.995714008808136,0.8018208146095276,0.7962811589241028,0.9787909388542175,0.021208791062235832,0.164035826921463,0.9962483644485474,0.8276857733726501,0.8254161477088928
17.0,0.0,0.973634660243988,0.026366068050265312,0.1758977770805359,0.9961063861846924,0.803229033946991,0.7988276481628418,0.9757269024848938,0.024273095652461052,0.17998360097408295,0.9960566759109497,0.821619987487793,0.8202957510948181
17.0,1.0,0.9740806221961975,0.025919225066900253,0.18342317640781403,0.9960324168205261,0.8084450960159302,0.8053922653198242,0.9733445048332214,0.026655687019228935,0.15784846246242523,0.9963207244873047,0.8017541766166687,0.7965476512908936
17.0,2.0,0.9717565774917603,0.0282434169203043,0.1794717013835907,0.9960358738899231,0.8091326951980591,0.8051069974899292,0.9750149250030518,0.024984784424304962,0.1869233250617981,0.9962068796157837,0.7893267869949341,0.789371132850647
17.0,3.0,0.9738955497741699,0.026103535667061806,0.174774169921875,0.9961182475090027,0.8091382384300232,0.8072471618652344,0.9709755778312683,0.029024695977568626,0.19490846991539001,0.9961050152778625,0.797749400138855,0.7941166758537292
17.0,4.0,0.9716917276382446,0.028308037668466568,0.1760794073343277,0.996127724647522,0.8024136424064636,0.798866331577301,0.976723313331604,0.02327701635658741,0.14990366995334625,0.996262788772583,0.8275855183601379,0.8227399587631226
18.0,0.0,0.9744226932525635,0.02557721734046936,0.16191041469573975,0.9962334036827087,0.8018763661384583,0.7993294596672058,0.9762193560600281,0.02378002554178238,0.16421212255954742,0.9961392879486084,0.825192391872406,0.8209052085876465
18.0,1.0,0.9752292633056641,0.02477104775607586,0.16793924570083618,0.9962376356124878,0.8094695806503296,0.806772768497467,0.9703706502914429,0.029629189521074295,0.16211605072021484,0.9963513612747192,0.7938749194145203,0.7943784594535828
18.0,2.0,0.9744039177894592,0.02559596113860607,0.16388197243213654,0.9962790608406067,0.8114402294158936,0.8096215128898621,0.980054497718811,0.01994537003338337,0.1432911604642868,0.99663245677948,0.79735267162323,0.7925794720649719
18.0,3.0,0.9760906100273132,0.023909026756882668,0.15624059736728668,0.9962698817253113,0.8099176287651062,0.8074095249176025,0.9722821712493896,0.027717288583517075,0.17046551406383514,0.996365487575531,0.7920892834663391,0.7941286563873291
18.0,4.0,0.9722984433174133,0.02770139090716839,0.15132346749305725,0.9962983727455139,0.80066978931427,0.7980067133903503,0.978687584400177,0.021312221884727478,0.15168635547161102,0.9960957765579224,0.8262324929237366,0.8253976106643677
19.0,0.0,0.9780271649360657,0.021973073482513428,0.12431040406227112,0.9967207312583923,0.8046888113021851,0.8037632703781128,0.978651762008667,0.02134796790778637,0.1190018504858017,0.9966949820518494,0.8263588547706604,0.8235282897949219
19.0,1.0,0.9758890867233276,0.024111084640026093,0.12783364951610565,0.9967014789581299,0.808600902557373,0.8083835244178772,0.9675716757774353,0.03242843970656395,0.11517757922410965,0.9968571662902832,0.7995495796203613,0.7978437542915344
19.0,2.0,0.9716535806655884,0.028347073122859,0.17014673352241516,0.9959524869918823,0.8105615973472595,0.8060987591743469,0.9824053049087524,0.017594553530216217,0.1202830970287323,0.997044563293457,0.7932155728340149,0.7948004007339478
19.0,3.0,0.9799127578735352,0.02008761279284954,0.11183968186378479,0.9969398975372314,0.8118956685066223,0.811223030090332,0.9775991439819336,0.022401167079806328,0.11075367033481598,0.997089684009552,0.8018537163734436,0.8013721704483032
19.0,4.0,0.9760938882827759,0.02390618622303009,0.12213217467069626,0.9967241883277893,0.8029717803001404,0.8018799424171448,0.9795168042182922,0.0204828679561615,0.1036628857254982,0.9968352317810059,0.8276064395904541,0.8245907425880432
20.0,0.0,0.9795851111412048,0.020414521917700768,0.10318184643983841,0.9970742464065552,0.8054938912391663,0.8052700161933899,0.9800595641136169,0.019940143451094627,0.10473358631134033,0.9970667958259583,0.8227865695953369,0.8248094320297241
20.0,1.0,0.9797534942626953,0.020247703418135643,0.10043163597583771,0.9971074461936951,0.8112943768501282,0.8113317489624023,0.9786256551742554,0.021374469622969627,0.09921470284461975,0.9971817135810852,0.7989506125450134,0.8012632727622986
20.0,2.0,0.9770263433456421,0.022973831743001938,0.10479265451431274,0.9969695806503296,0.8124181628227234,0.8113707304000854,0.9781132340431213,0.02188654989004135,0.09682126343250275,0.9973194003105164,0.7924495935440063,0.7890936136245728
20.0,3.0,0.9770339131355286,0.022965189069509506,0.09256932884454727,0.9971385598182678,0.8089078664779663,0.8081479072570801,0.9749401211738586,0.02505948580801487,0.10664121806621552,0.9967498183250427,0.8017023205757141,0.7982617020606995
20.0,4.0,0.9765524864196777,0.023448092862963676,0.1005646362900734,0.997016966342926,0.802965521812439,0.8028200268745422,0.9842360019683838,0.01576412469148636,0.0610559806227684,0.997489869594574,0.8337703347206116,0.8301960825920105
21.0,0.0,0.9789687395095825,0.021030889824032784,0.08168286830186844,0.9972869157791138,0.8058886528015137,0.8040793538093567,0.9806306958198547,0.01936922036111355,0.0726427212357521,0.9973220229148865,0.8280846476554871,0.8256281018257141
21.0,1.0,0.9789215326309204,0.021078746765851974,0.08536823093891144,0.9972065091133118,0.8114334940910339,0.8102636337280273,0.9813174605369568,0.01868240162730217,0.06910952180624008,0.997477114200592,0.8062201738357544,0.8020697832107544
21.0,2.0,0.9801574349403381,0.019842276349663734,0.07579270005226135,0.9973731637001038,0.8143658638000488,0.8143221139907837,0.9804629683494568,0.019536912441253662,0.08300723135471344,0.9974958896636963,0.7910685539245605,0.7957216501235962
21.0,3.0,0.9810267686843872,0.018973717465996742,0.07508344948291779,0.9973499774932861,0.8132203221321106,0.8122511506080627,0.9782010316848755,0.02179914154112339,0.06747668981552124,0.9973672032356262,0.8064642548561096,0.8022909164428711
21.0,4.0,0.9776064157485962,0.02239292301237583,0.08304676413536072,0.9972156286239624,0.8049294948577881,0.8041642308235168,0.9789965152740479,0.02100379578769207,0.07521577924489975,0.9966484904289246,0.8365116119384766,0.8246520757675171
22.0,0.0,0.9809603691101074,0.019039779901504517,0.06996642798185349,0.9974738955497742,0.8070926070213318,0.8067055940628052,0.9821898341178894,0.017810089513659477,0.07170285284519196,0.9974256157875061,0.8298925757408142,0.8269210457801819
22.0,1.0,0.9808487892150879,0.019151704385876656,0.07668139040470123,0.9974076747894287,0.8138270378112793,0.8133918046951294,0.9824638962745667,0.017536235973238945,0.07492984086275101,0.9974603056907654,0.8053637742996216,0.8042845726013184
22.0,2.0,0.9797124862670898,0.02028821036219597,0.07347551733255386,0.9973625540733337,0.8150864243507385,0.8139164447784424,0.9822997450828552,0.017699871212244034,0.088096022605896,0.9972466230392456,0.795073390007019,0.7947109937667847
22.0,3.0,0.9810993075370789,0.018901344388723373,0.06944794952869415,0.997500479221344,0.8130571246147156,0.8117637038230896,0.9795792698860168,0.02042108215391636,0.06965573132038116,0.9975669384002686,0.8010637760162354,0.8007429242134094
22.0,4.0,0.9827713966369629,0.017228780314326286,0.07116206735372543,0.9975345730781555,0.8079221248626709,0.8079634308815002,0.9828440546989441,0.017155997455120087,0.05736750736832619,0.9972455501556396,0.8322253227233887,0.8301463723182678
23.0,0.0,0.9829195141792297,0.01708110421895981,0.060966022312641144,0.9976170063018799,0.8091740608215332,0.8086276054382324,0.981270432472229,0.018729018047451973,0.07499430328607559,0.9974392056465149,0.826041579246521,0.8264303803443909
23.0,1.0,0.9819478392601013,0.018052279949188232,0.06936979293823242,0.9975075721740723,0.8140217661857605,0.8138253688812256,0.9843604564666748,0.015639595687389374,0.04961692914366722,0.9977374076843262,0.806360125541687,0.8054461479187012
23.0,2.0,0.9797194600105286,0.020280255004763603,0.07917752116918564,0.9972811937332153,0.8155156373977661,0.8143911957740784,0.9843554496765137,0.01564463973045349,0.054420433938503265,0.9978476166725159,0.7999353408813477,0.7973560094833374
23.0,3.0,0.9839771389961243,0.01602315902709961,0.05523690953850746,0.9977282881736755,0.815359354019165,0.8147916793823242,0.9806416630744934,0.019358227029442787,0.056686755269765854,0.9977797865867615,0.8037603497505188,0.8047540187835693
23.0,4.0,0.9820289611816406,0.017969951033592224,0.06461586803197861,0.9976076483726501,0.8078007698059082,0.8070416450500488,0.9835525751113892,0.01644735410809517,0.07449044287204742,0.9975534081459045,0.824134886264801,0.8304995894432068
24.0,0.0,0.9843034744262695,0.015697473660111427,0.05769338086247444,0.9977512359619141,0.8103862404823303,0.8099823594093323,0.9796503782272339,0.020349379628896713,0.06812871992588043,0.9975098371505737,0.8227531313896179,0.826407253742218
24.0,1.0,0.9793190956115723,0.020681867375969887,0.06400351971387863,0.9976205825805664,0.8128522634506226,0.8124080896377563,0.9836684465408325,0.016331404447555542,0.04688775911927223,0.9978761672973633,0.8037667274475098,0.8051927089691162
24.0,2.0,0.9832907319068909,0.01670919544994831,0.0568317212164402,0.9977511763572693,0.8176131248474121,0.8172051906585693,0.986423134803772,0.013577339239418507,0.050767261534929276,0.9979859590530396,0.7963259220123291,0.798695981502533
24.0,3.0,0.9834024906158447,0.016597582027316093,0.060268811881542206,0.9976809024810791,0.8155499696731567,0.8147178292274475,0.9783455729484558,0.02165457233786583,0.07335671037435532,0.9976949095726013,0.7994024753570557,0.802142322063446
24.0,4.0,0.9827060103416443,0.01729452796280384,0.06433276832103729,0.9977010488510132,0.8090195655822754,0.8079997897148132,0.9862518310546875,0.013748143799602985,0.04811953753232956,0.9977996945381165,0.835870623588562,0.8323953747749329
25.0,0.0,0.9823134541511536,0.0176855381578207,0.06649406254291534,0.9976732730865479,0.8079233765602112,0.8073971271514893,0.9656084775924683,0.034391772001981735,0.13122917711734772,0.9966192245483398,0.8184521794319153,0.8177011609077454
25.0,1.0,0.9808042049407959,0.019195085391402245,0.06568272411823273,0.997551679611206,0.8138376474380493,0.8131676316261292,0.9798933863639832,0.020106809213757515,0.051102522760629654,0.9978180527687073,0.8053096532821655,0.8041771650314331
25.0,2.0,0.982886552810669,0.017113856971263885,0.05942327529191971,0.9977518320083618,0.8182823657989502,0.8180550336837769,0.9865931272506714,0.013406839221715927,0.05178140103816986,0.9980147480964661,0.7996390461921692,0.7990351915359497
25.0,3.0,0.9829238653182983,0.017076779156923294,0.05683844909071922,0.9977492094039917,0.8153839111328125,0.8137447237968445,0.9781291484832764,0.021870732307434082,0.05025341734290123,0.9979216456413269,0.802660346031189,0.8004211187362671
25.0,4.0,0.9821298718452454,0.017871065065264702,0.056717779487371445,0.9977391958236694,0.8092868328094482,0.8087896704673767,0.9855481386184692,0.014451274648308754,0.039681918919086456,0.9977619647979736,0.835369348526001,0.8315171003341675
26.0,0.0,0.9844950437545776,0.015505244955420494,0.05151158198714256,0.9978591203689575,0.8105381727218628,0.8098289966583252,0.9846429228782654,0.015356786549091339,0.054087575525045395,0.9978424906730652,0.8294579386711121,0.829224705696106
26.0,1.0,0.9839552044868469,0.01604490913450718,0.055971041321754456,0.9977736473083496,0.8159947395324707,0.8159842491149902,0.9858530163764954,0.01414716336876154,0.04398329183459282,0.9980286955833435,0.8064239621162415,0.8064845204353333
26.0,2.0,0.9837414622306824,0.01625879853963852,0.05304960906505585,0.9978458285331726,0.8181947469711304,0.8178688883781433,0.9856164455413818,0.014383504167199135,0.04678286239504814,0.9978583455085754,0.8021140098571777,0.797783613204956
26.0,3.0,0.9846704006195068,0.015328530222177505,0.05452940985560417,0.9978052377700806,0.8155494332313538,0.8152183294296265,0.9849100708961487,0.015090027824044228,0.05124963819980621,0.9979902505874634,0.8080873489379883,0.8085119724273682
26.0,4.0,0.9847151041030884,0.015284938737750053,0.05371781438589096,0.997877299785614,0.8105238080024719,0.8099110722541809,0.985569179058075,0.014430808834731579,0.04316973686218262,0.9979065656661987,0.8302028775215149,0.8315082788467407
27.0,0.0,0.9828526973724365,0.017147807404398918,0.060591600835323334,0.9977818727493286,0.8094703555107117,0.8085849285125732,0.9817129969596863,0.018286630511283875,0.07863765209913254,0.9971379041671753,0.8317455053329468,0.8266769051551819
27.0,1.0,0.9839031100273132,0.016096044331789017,0.057566333562135696,0.9977903366088867,0.816645085811615,0.8165777325630188,0.9785818457603455,0.021417967975139618,0.08307249844074249,0.9975481033325195,0.8002659678459167,0.8038430213928223
27.0,2.0,0.9826400876045227,0.01735982671380043,0.05864684656262398,0.9977850317955017,0.8170043230056763,0.8165298700332642,0.9856377243995667,0.014362593181431293,0.07144341617822647,0.9977377653121948,0.8026021122932434,0.7979581356048584
27.0,3.0,0.9861257672309875,0.013874424621462822,0.05180230736732483,0.9979353547096252,0.8182058334350586,0.8172192573547363,0.9823043346405029,0.017695831134915352,0.0429471991956234,0.9980626106262207,0.8124098181724548,0.8058122992515564
27.0,4.0,0.9840199947357178,0.015979750081896782,0.05503760650753975,0.9978786706924438,0.8098517656326294,0.8088968396186829,0.9873736500740051,0.01262605469673872,0.042946167290210724,0.9979904294013977,0.8329067826271057,0.8329750299453735
28.0,0.0,0.9850023984909058,0.01499677263200283,0.05420945957303047,0.9978888034820557,0.8098026514053345,0.8099269866943359,0.984841525554657,0.015158573165535927,0.04919585585594177,0.9979172348976135,0.8308394551277161,0.8295792937278748
28.0,1.0,0.9838728904724121,0.016126982867717743,0.05347408726811409,0.9979117512702942,0.8167371153831482,0.8158215880393982,0.9860358834266663,0.013964299112558365,0.057808876037597656,0.9979310631752014,0.8056733012199402,0.806755542755127
28.0,2.0,0.9811643958091736,0.01883523538708687,0.05452881380915642,0.9978150725364685,0.8160216808319092,0.8144736886024475,0.9825307130813599,0.017469298094511032,0.04797239601612091,0.9978055953979492,0.8027559518814087,0.7935406565666199
28.0,3.0,0.9827601909637451,0.017240507528185844,0.05223240703344345,0.9978311061859131,0.8138448596000671,0.8133099675178528,0.9837795495986938,0.016220450401306152,0.05378374829888344,0.997839093208313,0.8096559643745422,0.8069772124290466
28.0,4.0,0.9829326868057251,0.017066840082406998,0.05665590986609459,0.9978585839271545,0.8095283508300781,0.8073033690452576,0.985593318939209,0.014406831935048103,0.042803727090358734,0.9978771805763245,0.832206666469574,0.8315214514732361
29.0,0.0,0.9851858615875244,0.014814596623182297,0.050383299589157104,0.997965395450592,0.8115882873535156,0.8113880157470703,0.9839813709259033,0.01601925678551197,0.05749407038092613,0.9978196620941162,0.8285302519798279,0.8289763927459717
29.0,1.0,0.9847978949546814,0.015202190726995468,0.05233680084347725,0.9979604482650757,0.8167887330055237,0.8167144060134888,0.9870671033859253,0.012932826764881611,0.048697635531425476,0.9980719685554504,0.8083709478378296,0.8063533306121826
29.0,2.0,0.98414146900177,0.01585840992629528,0.05001547187566757,0.9979466199874878,0.8184605836868286,0.8175980448722839,0.9853869676589966,0.014613204635679722,0.04743773490190506,0.9981480836868286,0.7961192727088928,0.7946601510047913
29.0,3.0,0.9837106466293335,0.016290107741951942,0.05572616681456566,0.9978440999984741,0.815214991569519,0.814092218875885,0.9810447692871094,0.018955303356051445,0.051020298153162,0.997871458530426,0.8021730184555054,0.8041321635246277
29.0,4.0,0.984830379486084,0.015170490369200706,0.04811212420463562,0.9979907274246216,0.8108673095703125,0.8098371028900146,0.9856216907501221,0.014378014951944351,0.041738416999578476,0.9979063272476196,0.8289034366607666,0.8318772912025452
30.0,0.0,0.9875606298446655,0.01243955735117197,0.03884134441614151,0.9981945753097534,0.8135347366333008,0.8134475946426392,0.985284686088562,0.014715507626533508,0.04614948853850365,0.9980921745300293,0.8315880298614502,0.8311440944671631
30.0,1.0,0.9879961609840393,0.012003748677670956,0.040387943387031555,0.9982191324234009,0.8206638693809509,0.8202138543128967,0.989030122756958,0.010969217866659164,0.0374055877327919,0.9982773661613464,0.8090732097625732,0.8089847564697266
30.0,2.0,0.9885146021842957,0.011485438793897629,0.03949606418609619,0.998234212398529,0.8230991363525391,0.8220929503440857,0.9896782636642456,0.010321437381207943,0.0385618582367897,0.9983559250831604,0.8011752963066101,0.8012523651123047
30.0,3.0,0.9889076352119446,0.01109265722334385,0.03844469040632248,0.9982656240463257,0.8206340074539185,0.8199041485786438,0.9878516793251038,0.012148364447057247,0.038903024047613144,0.9983168244361877,0.8112927675247192,0.8113917112350464
30.0,4.0,0.9890484809875488,0.010951315984129906,0.04074524715542793,0.9982814192771912,0.8137444853782654,0.8139535188674927,0.990234375,0.009765855967998505,0.03572992980480194,0.9982755780220032,0.8386533260345459,0.8373543620109558
31.0,0.0,0.9897425174713135,0.010257269255816936,0.03708333522081375,0.9983251690864563,0.8149374127388,0.8149144053459167,0.9873268008232117,0.012672808952629566,0.04557303339242935,0.9981714487075806,0.8321474194526672,0.8319535255432129
31.0,1.0,0.9892752170562744,0.010724878869950771,0.037925176322460175,0.9983033537864685,0.8215927481651306,0.8210829496383667,0.990434467792511,0.009565906599164009,0.03521038964390755,0.9983365535736084,0.8106990456581116,0.8093539476394653
31.0,2.0,0.9893234372138977,0.010676697827875614,0.03752455115318298,0.9982997179031372,0.8235725164413452,0.823033332824707,0.9912844896316528,0.008715018630027771,0.035803526639938354,0.9984100461006165,0.8039014935493469,0.803800106048584
31.0,3.0,0.989865779876709,0.010134736075997353,0.03745439648628235,0.9983159303665161,0.8216184377670288,0.8209380507469177,0.9885045289993286,0.011495525948703289,0.03674875199794769,0.9983553290367126,0.8122929930686951,0.8119629621505737
31.0,4.0,0.989360511302948,0.01063976064324379,0.03814646974205971,0.998340904712677,0.8144071102142334,0.8141009211540222,0.9909583926200867,0.009041477926075459,0.03470615670084953,0.9983160495758057,0.8381147980690002,0.8383409380912781
32.0,0.0,0.9903711676597595,0.009628363884985447,0.036092303693294525,0.9983705282211304,0.8164535760879517,0.8159496188163757,0.9879869222640991,0.012013210915029049,0.043172236531972885,0.9982241988182068,0.8330540657043457,0.8326721787452698
32.0,1.0,0.9898340106010437,0.010166449472308159,0.037510860711336136,0.9983389377593994,0.8224472999572754,0.8219476938247681,0.9908870458602905,0.00911275390535593,0.03567322716116905,0.9983607530593872,0.8105916976928711,0.8100540041923523
32.0,2.0,0.9894951581954956,0.010504142381250858,0.03841549530625343,0.9983194470405579,0.82356858253479,0.8231605887413025,0.9909310936927795,0.009069330990314484,0.036337293684482574,0.998441755771637,0.8043184280395508,0.8032457828521729
32.0,3.0,0.9904012084007263,0.009599513374269009,0.03745744004845619,0.9983466267585754,0.8215901851654053,0.8212159872055054,0.9886701107025146,0.011329706758260727,0.03891951963305473,0.9983738660812378,0.8114576935768127,0.8121569156646729
32.0,4.0,0.9899158477783203,0.010084315203130245,0.03827086463570595,0.9983589053153992,0.8150672316551208,0.8149040937423706,0.9912759065628052,0.008724691346287727,0.034257423132658005,0.9983496069908142,0.839758574962616,0.8387426733970642
33.0,0.0,0.9905547499656677,0.009446382522583008,0.036665696650743484,0.9983884692192078,0.8165216445922852,0.8160410523414612,0.9879607558250427,0.012038950808346272,0.04533430188894272,0.9982213973999023,0.8320438265800476,0.832707405090332
33.0,1.0,0.9899747371673584,0.01002559531480074,0.038965579122304916,0.998347818851471,0.8220821022987366,0.8220799565315247,0.991369903087616,0.0086302375420928,0.0351514108479023,0.9984080791473389,0.8103464841842651,0.8105694055557251
33.0,2.0,0.989872932434082,0.010127268731594086,0.03777148947119713,0.9983432292938232,0.8242323994636536,0.8236338496208191,0.9920194149017334,0.007980854250490665,0.03693883866071701,0.9984562397003174,0.8043448328971863,0.8046988844871521
33.0,3.0,0.9907554388046265,0.009244383312761784,0.03667806088924408,0.9983720183372498,0.8219891786575317,0.8217372298240662,0.9888774752616882,0.011122996918857098,0.03643229603767395,0.9984111785888672,0.8129034638404846,0.8123484253883362
33.0,4.0,0.9899917244911194,0.01000954955816269,0.03818777948617935,0.9983806014060974,0.8149771690368652,0.8149595856666565,0.9911954998970032,0.008804640732705593,0.03431612253189087,0.9983673095703125,0.8386512994766235,0.8386490345001221
34.0,0.0,0.9908593893051147,0.009140845388174057,0.035886965692043304,0.9984152913093567,0.8164951205253601,0.8165032863616943,0.9887032508850098,0.011296615935862064,0.04170617088675499,0.9982725381851196,0.8334535956382751,0.8333694934844971
34.0,1.0,0.9902171492576599,0.009782321751117706,0.0371377058327198,0.9983806014060974,0.8224547505378723,0.8222134113311768,0.9914611577987671,0.008538439869880676,0.03521393612027168,0.9983974695205688,0.8110765218734741,0.8105341196060181
34.0,2.0,0.9900328516960144,0.009966867044568062,0.03730563819408417,0.9983677864074707,0.824066698551178,0.8237003684043884,0.9914826154708862,0.008517389185726643,0.036331649869680405,0.9984683990478516,0.8049123883247375,0.8035600185394287
34.0,3.0,0.99092036485672,0.009078887291252613,0.036834169179201126,0.998390793800354,0.8221262693405151,0.8217983245849609,0.9892765283584595,0.010722430422902107,0.03695417568087578,0.998432457447052,0.8126403093338013,0.8127124905586243
34.0,4.0,0.9902616739273071,0.009738124907016754,0.03763134777545929,0.9983993768692017,0.8154529929161072,0.8152263164520264,0.9915799498558044,0.008419780060648918,0.03323642909526825,0.9983778595924377,0.8398345112800598,0.8389883041381836
35.0,0.0,0.9910606145858765,0.008939886465668678,0.03493087738752365,0.9984334707260132,0.8167406916618347,0.8166418075561523,0.9886044859886169,0.011395587585866451,0.0434131883084774,0.998278796672821,0.8333522081375122,0.8332807421684265
35.0,1.0,0.990233838558197,0.00976609904319048,0.03739064931869507,0.9983976483345032,0.8224551677703857,0.8221272230148315,0.9917363524436951,0.008263908326625824,0.03516900911927223,0.9984581470489502,0.8104511499404907,0.8108089566230774
35.0,2.0,0.9902016520500183,0.009798021055758,0.03665575757622719,0.9983922839164734,0.824212908744812,0.8239253759384155,0.9918113350868225,0.008188780397176743,0.035018566995859146,0.998488187789917,0.8052670955657959,0.8037893772125244
35.0,3.0,0.9908965229988098,0.009102778509259224,0.0367315299808979,0.9984063506126404,0.8223661184310913,0.8220221400260925,0.9890453815460205,0.010955210775136948,0.037642043083906174,0.9984353184700012,0.8128783106803894,0.8122870326042175
35.0,4.0,0.9903482794761658,0.009652648121118546,0.03735142946243286,0.9984230995178223,0.8154206275939941,0.8152498006820679,0.9915919303894043,0.008408100344240665,0.03540470451116562,0.9983997344970703,0.8393253684043884,0.8390296101570129
36.0,0.0,0.9913007616996765,0.008699367754161358,0.03519297391176224,0.9984556436538696,0.8171311020851135,0.8169780373573303,0.9888834357261658,0.011116933077573776,0.04212649539113045,0.9983044266700745,0.8340572714805603,0.8335598707199097
36.0,1.0,0.9905027151107788,0.009498372673988342,0.03688628971576691,0.9984164834022522,0.8229621052742004,0.8225647211074829,0.9913364052772522,0.00866400171071291,0.03454921767115593,0.9984678030014038,0.8105750679969788,0.8108648061752319
36.0,2.0,0.9903603196144104,0.009639430791139603,0.03662940114736557,0.9984119534492493,0.8244730830192566,0.8240824937820435,0.9922735691070557,0.007726864889264107,0.03598584979772568,0.9985055327415466,0.8050580620765686,0.8050999641418457
36.0,3.0,0.9912484884262085,0.008751426823437214,0.03667449206113815,0.9984238147735596,0.8227707147598267,0.8222965002059937,0.9894391894340515,0.010560906492173672,0.0363159105181694,0.9984498023986816,0.8130265474319458,0.8129400014877319
36.0,4.0,0.9905655980110168,0.009435195475816727,0.0373748317360878,0.9984390139579773,0.8153446912765503,0.815569281578064,0.992371678352356,0.007628332357853651,0.03422637656331062,0.9984378814697266,0.839763879776001,0.8399641513824463
37.0,0.0,0.9913681149482727,0.0086312061175704,0.03538252040743828,0.9984694123268127,0.8168132901191711,0.8170312643051147,0.9893942475318909,0.010606348514556885,0.04310932382941246,0.9983147978782654,0.8334450721740723,0.8342199921607971
37.0,1.0,0.9910308718681335,0.00896875187754631,0.036543577909469604,0.998439610004425,0.8231016993522644,0.8232064843177795,0.991680920124054,0.008319023065268993,0.03395044431090355,0.9984564185142517,0.8112683892250061,0.8107786774635315
37.0,2.0,0.9907277226448059,0.009272013790905476,0.03652413561940193,0.9984245896339417,0.8243368864059448,0.8244835138320923,0.9923384189605713,0.007661344017833471,0.03460606560111046,0.9985220432281494,0.8056594133377075,0.8051352500915527
37.0,3.0,0.9913303852081299,0.008669627830386162,0.036098215728998184,0.9984413385391235,0.8224536180496216,0.8225398659706116,0.9896662831306458,0.010333484970033169,0.036249153316020966,0.9984852075576782,0.8128628730773926,0.813159167766571
37.0,4.0,0.990818440914154,0.009182420559227467,0.03676918148994446,0.9984537363052368,0.8161827921867371,0.8158102631568909,0.9922087788581848,0.007790971081703901,0.033909399062395096,0.9984476566314697,0.8401930928230286,0.8397273421287537
38.0,0.0,0.9915415644645691,0.008458910509943962,0.03475084528326988,0.9984889626502991,0.8172652721405029,0.8172534108161926,0.9892052412033081,0.010794822126626968,0.04048623889684677,0.9983291625976562,0.8353831171989441,0.833926796913147
38.0,1.0,0.9906578063964844,0.009342444129288197,0.03649585694074631,0.9984478950500488,0.8225564360618591,0.8226834535598755,0.9916144013404846,0.00838601402938366,0.03416784852743149,0.9984952211380005,0.8108633756637573,0.8110458254814148
38.0,2.0,0.9908139109611511,0.009186243638396263,0.036556076258420944,0.9984467625617981,0.824464738368988,0.8246341347694397,0.9926273226737976,0.007373334839940071,0.03470601886510849,0.998532772064209,0.8053497076034546,0.8052048087120056
38.0,3.0,0.991633951663971,0.0083653274923563,0.036164361983537674,0.9984602928161621,0.8225874304771423,0.8227621912956238,0.9898589849472046,0.01014122273772955,0.03607969358563423,0.9985047578811646,0.813113808631897,0.8133158683776855
38.0,4.0,0.9909040927886963,0.009096103720366955,0.03713993355631828,0.9984654784202576,0.8156927824020386,0.8161314725875854,0.992640495300293,0.007359406910836697,0.03447285294532776,0.9984570145606995,0.8400235772132874,0.8402493000030518
39.0,0.0,0.9915274977684021,0.008472585119307041,0.03470280021429062,0.9984918832778931,0.8171302080154419,0.8171918392181396,0.9894044995307922,0.010595355182886124,0.041620370000600815,0.9983530044555664,0.8340954780578613,0.8345942497253418
39.0,1.0,0.9907196164131165,0.009281137958168983,0.037053417414426804,0.9984487295150757,0.8231059908866882,0.822846531867981,0.9919062256813049,0.008093741722404957,0.03664405271410942,0.9984750151634216,0.8104814887046814,0.8109422922134399
39.0,2.0,0.9909559488296509,0.009043619967997074,0.03673248365521431,0.9984513521194458,0.8244280219078064,0.8247244954109192,0.9924030303955078,0.00759665435180068,0.03491627052426338,0.9985526204109192,0.804680347442627,0.8049943447113037
39.0,3.0,0.9917354583740234,0.008264852687716484,0.03613924980163574,0.9984648823738098,0.8226124048233032,0.8227646350860596,0.989521861076355,0.010478034615516663,0.037255898118019104,0.998487651348114,0.8125035762786865,0.81309974193573
39.0,4.0,0.9909095168113708,0.00908944196999073,0.03674198314547539,0.9984723329544067,0.8156784772872925,0.8158750534057617,0.992656946182251,0.007343444041907787,0.03440270572900772,0.9984644055366516,0.8398861289024353,0.8401466608047485
40.0,0.0,0.9918378591537476,0.00816281046718359,0.034899502992630005,0.9985076189041138,0.8175219893455505,0.8175150156021118,0.9897444248199463,0.010255957022309303,0.041161127388477325,0.998375654220581,0.8345152139663696,0.8345703482627869
40.0,1.0,0.9912570714950562,0.008743721060454845,0.03672059625387192,0.9984744787216187,0.8230553269386292,0.8233577609062195,0.9908525943756104,0.009147350676357746,0.033237259835004807,0.9985176920890808,0.8110315203666687,0.8112448453903198
40.0,2.0,0.9907346367835999,0.009264560416340828,0.036332521587610245,0.9984616637229919,0.8247714042663574,0.8246510028839111,0.9927770495414734,0.007223379332572222,0.034674160182476044,0.9985724687576294,0.8055933713912964,0.8054777979850769
40.0,3.0,0.9917541146278381,0.008245785720646381,0.03626354783773422,0.998480498790741,0.822647213935852,0.8227449655532837,0.9896832704544067,0.010316533967852592,0.03813164308667183,0.998457670211792,0.8129259943962097,0.8131833076477051
40.0,4.0,0.9908756017684937,0.009125161916017532,0.03696256875991821,0.9984830617904663,0.8159458637237549,0.8157810568809509,0.9927124381065369,0.007287196349352598,0.033522117882966995,0.9984904527664185,0.8404080867767334,0.8402196168899536
41.0,0.0,0.9917101860046387,0.008289315737783909,0.03478359431028366,0.9985158443450928,0.8173081874847412,0.817392885684967,0.989484429359436,0.010515142232179642,0.041646961122751236,0.9983536005020142,0.8344658017158508,0.8342292904853821
41.0,1.0,0.9910315871238708,0.008968546986579895,0.03720873221755028,0.9984741806983948,0.8231378197669983,0.8231881260871887,0.9922975897789001,0.007702590897679329,0.034479472786188126,0.998540997505188,0.8111733794212341,0.8113731145858765
41.0,2.0,0.9911770224571228,0.00882217288017273,0.036869537085294724,0.9984784126281738,0.8246355056762695,0.8250573873519897,0.9919182658195496,0.008081484586000443,0.040258198976516724,0.9985048174858093,0.8030447363853455,0.8041940331459045
41.0,3.0,0.9915845394134521,0.008414862677454948,0.03646739944815636,0.9984766244888306,0.82274329662323,0.8226495981216431,0.9901118874549866,0.009888147935271263,0.035771626979112625,0.9985401630401611,0.8133471012115479,0.8135089874267578
41.0,4.0,0.9911486506462097,0.008851120248436928,0.03671213611960411,0.9984967708587646,0.8162268996238708,0.816118597984314,0.9924588799476624,0.007540954742580652,0.034125104546546936,0.9984965920448303,0.8402562141418457,0.8399178981781006
42.0,0.0,0.9917193651199341,0.008280525915324688,0.03466491028666496,0.9985336661338806,0.8176813125610352,0.8174104690551758,0.9895994067192078,0.010400870814919472,0.04040820151567459,0.9983792901039124,0.8360686898231506,0.8343098759651184
42.0,1.0,0.9910681843757629,0.008932273834943771,0.03623858466744423,0.998494029045105,0.8234652876853943,0.8230682015419006,0.992206335067749,0.0077942307107150555,0.034074895083904266,0.9985390305519104,0.8112236857414246,0.8112955093383789
42.0,2.0,0.9907849431037903,0.00921486597508192,0.03620680049061775,0.9984869360923767,0.8243445754051208,0.8243959546089172,0.9926084876060486,0.00739137502387166,0.03452390804886818,0.9985632300376892,0.8051418662071228,0.8051750659942627
42.0,3.0,0.9915345907211304,0.008465055376291275,0.036187417805194855,0.9984976649284363,0.8223957419395447,0.8224501013755798,0.9901869297027588,0.009813373908400536,0.035977236926555634,0.9985443949699402,0.8129934072494507,0.8136330842971802
42.0,4.0,0.9908748865127563,0.009125031530857086,0.03781723976135254,0.9984940886497498,0.8155299425125122,0.8157595992088318,0.9917987585067749,0.008200695738196373,0.03455322980880737,0.998476505279541,0.839597761631012,0.8390752077102661
43.0,0.0,0.9917692542076111,0.008231580257415771,0.03505336493253708,0.9985327124595642,0.8174139857292175,0.8173863291740417,0.9891606569290161,0.01083951722830534,0.04057970643043518,0.9983981847763062,0.8335701823234558,0.8338080048561096
43.0,1.0,0.9911559820175171,0.008844285272061825,0.03669855743646622,0.9984958171844482,0.8234164118766785,0.8231905698776245,0.9922705888748169,0.007729357574135065,0.033990368247032166,0.9985295534133911,0.8114627599716187,0.8113680481910706
43.0,2.0,0.9908746480941772,0.00912538357079029,0.03648415207862854,0.9984931349754333,0.8244142532348633,0.8245078325271606,0.99265056848526,0.007349138148128986,0.03410812094807625,0.9985994696617126,0.8048943877220154,0.8050686120986938
43.0,3.0,0.9916046261787415,0.008394892327487469,0.036005280911922455,0.9985056519508362,0.8227744102478027,0.8225728869438171,0.9903696775436401,0.009630359709262848,0.036030616611242294,0.9985601902008057,0.8134381771087646,0.8137932419776917
43.0,4.0,0.9910571575164795,0.008943167515099049,0.03696126118302345,0.9985136389732361,0.8158515095710754,0.8160117864608765,0.9918820858001709,0.008117852732539177,0.033166300505399704,0.998500645160675,0.8398184776306152,0.8391322493553162
44.0,0.0,0.9919180274009705,0.008082079701125622,0.0341888889670372,0.9985548853874207,0.8176605105400085,0.8175127506256104,0.9890591502189636,0.010940918698906898,0.04366418719291687,0.9983806014060974,0.8332414031028748,0.8336208462715149
44.0,1.0,0.9908750653266907,0.009124351665377617,0.03656771406531334,0.9985074400901794,0.8228335976600647,0.8228110671043396,0.9925071597099304,0.007492631208151579,0.03454064950346947,0.9985570907592773,0.8110483288764954,0.8115662932395935
44.0,2.0,0.9909816980361938,0.009019498713314533,0.03640194609761238,0.9985119104385376,0.8244681358337402,0.8245958685874939,0.993235170841217,0.006764854304492474,0.03417036682367325,0.9985979199409485,0.8062443733215332,0.8058750033378601
44.0,3.0,0.9918313026428223,0.008168785832822323,0.03580435365438461,0.9985111951828003,0.8231269717216492,0.8229299783706665,0.9899643063545227,0.010035673156380653,0.035559527575969696,0.9985719919204712,0.8137902021408081,0.8131622076034546
44.0,4.0,0.9910696744918823,0.00892985425889492,0.036993108689785004,0.9985243082046509,0.8160881996154785,0.8161001205444336,0.9923009872436523,0.0076986271888017654,0.037365179508924484,0.9984349608421326,0.8399409055709839,0.839767336845398
45.0,0.0,0.9920240640640259,0.007975626736879349,0.03530210629105568,0.9985459446907043,0.8174291253089905,0.8177025318145752,0.989845871925354,0.01015418116003275,0.04132428392767906,0.9984161853790283,0.8343780636787415,0.834987461566925
45.0,1.0,0.9915590286254883,0.00844199676066637,0.03664639964699745,0.9985193014144897,0.8238372206687927,0.8236188292503357,0.992516040802002,0.0074839163571596146,0.03298845514655113,0.9985663890838623,0.8116324543952942,0.8116052746772766
45.0,2.0,0.9916219711303711,0.008378193713724613,0.03596138209104538,0.9985288977622986,0.8253910541534424,0.8254137635231018,0.9933420419692993,0.0066579533740878105,0.03492617979645729,0.9986068606376648,0.8058136701583862,0.8058909177780151
45.0,3.0,0.9922671318054199,0.007733202073723078,0.03606585040688515,0.9985321164131165,0.8234097957611084,0.8233193159103394,0.9904143214225769,0.009585526771843433,0.035287655889987946,0.9985781311988831,0.8139703273773193,0.8138488531112671
45.0,4.0,0.9916225671768188,0.008377697318792343,0.037342775613069534,0.9985358715057373,0.8165553212165833,0.8167260885238647,0.9932125210762024,0.006787402089685202,0.034225352108478546,0.9985372424125671,0.8409672975540161,0.8406743407249451
46.0,0.0,0.9923349618911743,0.007665371056646109,0.034901611506938934,0.9985683560371399,0.8179898858070374,0.8180024027824402,0.9901637434959412,0.009836355224251747,0.04169311746954918,0.9984211325645447,0.8343592286109924,0.8354427218437195
46.0,1.0,0.9914835095405579,0.008516518399119377,0.03704599291086197,0.9985203146934509,0.8234606385231018,0.8236050009727478,0.9917209148406982,0.008279558271169662,0.033311132341623306,0.9985092282295227,0.8121603727340698,0.8107991218566895
46.0,2.0,0.9913493394851685,0.008651002310216427,0.03675365820527077,0.9985234141349792,0.8253345489501953,0.8251641988754272,0.9933717846870422,0.0066281771287322044,0.034206733107566833,0.998624324798584,0.8060216903686523,0.8059154152870178
46.0,3.0,0.9924118518829346,0.007588270585983992,0.03578236699104309,0.998546302318573,0.8232967853546143,0.8233984708786011,0.9905493259429932,0.00945073738694191,0.03631085529923439,0.9985837340354919,0.81371009349823,0.8139793276786804
46.0,4.0,0.9915945529937744,0.008405073545873165,0.036791637539863586,0.9985421895980835,0.8164594173431396,0.816641092300415,0.9932571053504944,0.0067423265427351,0.034166499972343445,0.9985297322273254,0.8411790728569031,0.8407903909683228
47.0,0.0,0.992350161075592,0.007650109473615885,0.03455740213394165,0.9985833764076233,0.8178175687789917,0.8179463148117065,0.9907357692718506,0.009264270775020123,0.040842000395059586,0.9984403252601624,0.8358755707740784,0.8355522155761719
47.0,1.0,0.9914223551750183,0.008578046225011349,0.03692841902375221,0.9985373020172119,0.8235778212547302,0.8234924674034119,0.9926441311836243,0.007356022018939257,0.03329485282301903,0.9985940456390381,0.811299741268158,0.8116933703422546
47.0,2.0,0.9916844964027405,0.008314876817166805,0.036486729979515076,0.9985343813896179,0.8254367709159851,0.8253618478775024,0.9933822154998779,0.006617474835366011,0.034409694373607635,0.9986172914505005,0.8062661290168762,0.8059773445129395
47.0,3.0,0.9924587607383728,0.007540983613580465,0.03659636899828911,0.9985343813896179,0.8238348364830017,0.8236355781555176,0.9905824661254883,0.009417791850864887,0.03629489615559578,0.9985920786857605,0.8135741353034973,0.8139811158180237
47.0,4.0,0.99183189868927,0.008168301545083523,0.03640099987387657,0.9985616207122803,0.8168272972106934,0.8168734908103943,0.9934400320053101,0.006559879053384066,0.035741135478019714,0.9985074996948242,0.8405121564865112,0.8409704566001892
48.0,0.0,0.9925249814987183,0.007474925834685564,0.0350244976580143,0.9985871911048889,0.8181247711181641,0.8181806206703186,0.9907116293907166,0.009288692846894264,0.04178436100482941,0.9984500408172607,0.8350236415863037,0.8356043100357056
48.0,1.0,0.9920614361763,0.00793920736759901,0.03656942769885063,0.9985535740852356,0.8242636322975159,0.8242080807685852,0.9923794865608215,0.007620545104146004,0.03283524140715599,0.9985999464988708,0.8117920756340027,0.811813235282898
48.0,2.0,0.9917792677879333,0.008220240473747253,0.036574721336364746,0.9985419511795044,0.8254140019416809,0.8255466818809509,0.9934598207473755,0.006540359929203987,0.03506046533584595,0.9986306428909302,0.8060837388038635,0.8060683608055115
48.0,3.0,0.9925112724304199,0.007489372976124287,0.03636391833424568,0.9985479712486267,0.8236339092254639,0.823558509349823,0.9900811314582825,0.009918952360749245,0.03613760694861412,0.9985910654067993,0.813795804977417,0.8134351372718811
48.0,4.0,0.9917522668838501,0.00824811402708292,0.03696337714791298,0.9985557198524475,0.8169859647750854,0.816896915435791,0.9931706786155701,0.0068291230127215385,0.03426703065633774,0.9985485076904297,0.8406680822372437,0.8406561017036438
49.0,0.0,0.9926098585128784,0.007391178980469704,0.03472887724637985,0.9986019730567932,0.8181881904602051,0.818252444267273,0.9913901090621948,0.008609333075582981,0.04156928509473801,0.9984533190727234,0.8362595438957214,0.8367543816566467
49.0,1.0,0.991682231426239,0.008318438194692135,0.037158768624067307,0.9985495805740356,0.8239368200302124,0.8237947225570679,0.9927381873130798,0.007261765655130148,0.033339742571115494,0.9986098408699036,0.8118990063667297,0.8118169903755188
49.0,2.0,0.9917190074920654,0.008281010203063488,0.03688792511820793,0.9985447525978088,0.8254708051681519,0.8254089951515198,0.9928160309791565,0.007183575537055731,0.0338858924806118,0.9986211657524109,0.8050364255905151,0.8052031397819519
49.0,3.0,0.9921787977218628,0.007821127772331238,0.03608962148427963,0.9985588788986206,0.8232020139694214,0.8230651617050171,0.9904081225395203,0.009591870941221714,0.0354086272418499,0.9985954165458679,0.8141405582427979,0.8139365911483765
49.0,4.0,0.9916024804115295,0.008397464640438557,0.03647862374782562,0.9985740184783936,0.8168537020683289,0.8167521357536316,0.993419349193573,0.006580722518265247,0.03444886580109596,0.9985437989234924,0.8410593271255493,0.8408923149108887
50.0,0.0,0.9925484657287598,0.007451652083545923,0.03456466272473335,0.9986069202423096,0.8180815577507019,0.818215012550354,0.9908164143562317,0.009183945134282112,0.040946170687675476,0.9984296560287476,0.8364356160163879,0.835674524307251
50.0,1.0,0.9920045733451843,0.007995341904461384,0.036963824182748795,0.9985608458518982,0.8240759968757629,0.8241164684295654,0.9928193092346191,0.007180855143815279,0.03342832624912262,0.9986132383346558,0.8118894100189209,0.8118606209754944
50.0,2.0,0.991974949836731,0.0080243069678545,0.03649882227182388,0.9985598921775818,0.8259218335151672,0.8258005380630493,0.9927651882171631,0.007235235068947077,0.03509333357214928,0.9986340999603271,0.8044427633285522,0.8051639199256897
50.0,3.0,0.9927352070808411,0.007265240885317326,0.036092933267354965,0.9985665082931519,0.8241795301437378,0.8238728642463684,0.9906496405601501,0.00935007631778717,0.035772550851106644,0.9986350536346436,0.8140751123428345,0.814166247844696
50.0,4.0,0.9917963147163391,0.00820419192314148,0.03644542023539543,0.9985820651054382,0.8172485828399658,0.8169262409210205,0.9931381344795227,0.006862054578959942,0.03370235860347748,0.9985818862915039,0.8420732617378235,0.8405725955963135
51.0,0.0,0.9923238754272461,0.007677299436181784,0.036177925765514374,0.9985870122909546,0.8179548382759094,0.8179263472557068,0.9908320307731628,0.009167586453258991,0.042343493551015854,0.9984621405601501,0.8352996706962585,0.836181104183197
51.0,1.0,0.9920039176940918,0.007996644824743271,0.03680185228586197,0.9985727071762085,0.8239586353302002,0.824057936668396,0.9927462339401245,0.007253582589328289,0.033675868064165115,0.9986109137535095,0.8114957809448242,0.8117742538452148
51.0,2.0,0.9918769001960754,0.008122910745441914,0.03656408190727234,0.9985694289207458,0.8253167867660522,0.8255658745765686,0.9936331510543823,0.006366956513375044,0.03403541073203087,0.9986603856086731,0.8064904808998108,0.8062071204185486
51.0,3.0,0.9925723671913147,0.0074274116195738316,0.03649549558758736,0.9985694289207458,0.8241130709648132,0.8235445618629456,0.9902507662773132,0.00974897388368845,0.04293759539723396,0.9985486268997192,0.8123401999473572,0.8136858940124512
51.0,4.0,0.991880476474762,0.008120308630168438,0.03843338415026665,0.9985628724098206,0.8165612816810608,0.8170700669288635,0.9935940504074097,0.0064059230498969555,0.034444745630025864,0.9985877871513367,0.8410118818283081,0.8410863876342773
52.0,0.0,0.9927002787590027,0.007300846744328737,0.03453761711716652,0.9986265897750854,0.8183478713035583,0.8183485269546509,0.9909430742263794,0.009057248011231422,0.04199781268835068,0.9984810948371887,0.836347222328186,0.8358055353164673
52.0,1.0,0.9919146299362183,0.008084924891591072,0.03747131675481796,0.9985671639442444,0.8242323994636536,0.8241116404533386,0.9929019212722778,0.007098250091075897,0.03297584503889084,0.998633861541748,0.8120987415313721,0.8119522929191589
52.0,2.0,0.9919759631156921,0.008024203591048717,0.036594972014427185,0.9985740184783936,0.8258202075958252,0.8256532549858093,0.9936926960945129,0.006307163275778294,0.03442549332976341,0.9986691474914551,0.8064786791801453,0.8062064051628113
52.0,3.0,0.9927957653999329,0.007204861380159855,0.03667807579040527,0.9985817074775696,0.8237464427947998,0.8237600922584534,0.9907638430595398,0.009236320853233337,0.03664952516555786,0.9986316561698914,0.8137388229370117,0.8141941428184509
52.0,4.0,0.9921627044677734,0.007837912999093533,0.036673352122306824,0.9986003041267395,0.8172561526298523,0.8171606659889221,0.9939607381820679,0.0060394383035600185,0.035882946103811264,0.998569130897522,0.8414334654808044,0.8414769172668457
53.0,0.0,0.9928187131881714,0.007181404624134302,0.03523031622171402,0.9986203908920288,0.8184519410133362,0.8184394240379333,0.9905783534049988,0.009421250782907009,0.04049786925315857,0.9984534978866577,0.8366115689277649,0.8354128003120422
53.0,1.0,0.992041826248169,0.00795859843492508,0.037321191281080246,0.9985787868499756,0.8242800235748291,0.8241077065467834,0.9925552010536194,0.00744502991437912,0.034215882420539856,0.9986371994018555,0.8113887310028076,0.8118581175804138
53.0,2.0,0.9916963577270508,0.008303281851112843,0.036494333297014236,0.9985800385475159,0.8255853652954102,0.8253501057624817,0.9936419725418091,0.00635809451341629,0.034360628575086594,0.9986757636070251,0.8066704273223877,0.8061766028404236
53.0,3.0,0.9928298592567444,0.007169170770794153,0.03621021285653114,0.9985946416854858,0.8241207003593445,0.8238165974617004,0.9908742308616638,0.009125863201916218,0.03551662713289261,0.9986430406570435,0.8143376708030701,0.8142940998077393
53.0,4.0,0.9918098449707031,0.008190126158297062,0.037054695188999176,0.9986003041267395,0.8170536160469055,0.8167517781257629,0.9935646653175354,0.0064351423643529415,0.034697066992521286,0.9985381364822388,0.8415194153785706,0.841028094291687
54.0,0.0,0.9927876591682434,0.0072130016051232815,0.03528095409274101,0.9986271858215332,0.8184629678726196,0.8183984756469727,0.9914506077766418,0.008549661375582218,0.041972607374191284,0.9984843134880066,0.837238609790802,0.8367383480072021
54.0,1.0,0.9924728870391846,0.007527572102844715,0.036851972341537476,0.9985952973365784,0.8248007297515869,0.8246930241584778,0.992993175983429,0.007006755564361811,0.03429344668984413,0.9986517429351807,0.8118957877159119,0.8120279312133789
54.0,2.0,0.9922233819961548,0.007776035461574793,0.03648393973708153,0.9985851049423218,0.8260389566421509,0.8260457515716553,0.9932137131690979,0.006786131765693426,0.03496798872947693,0.9986628293991089,0.8052714467048645,0.8055327534675598
54.0,3.0,0.9929264187812805,0.007073551416397095,0.03634386882185936,0.9985941052436829,0.8240689039230347,0.8240334987640381,0.9909242391586304,0.009075777605175972,0.0357196219265461,0.9986611008644104,0.8142196536064148,0.8143545389175415
54.0,4.0,0.9921173453330994,0.007883683778345585,0.036890216171741486,0.9986106157302856,0.8174353837966919,0.8171920776367188,0.993556797504425,0.006442785728722811,0.03431020677089691,0.9985989928245544,0.8419509530067444,0.8410153388977051
55.0,0.0,0.9928525686264038,0.007147538475692272,0.0350642167031765,0.9986408948898315,0.8186386227607727,0.8184985518455505,0.9916219711303711,0.008377783931791782,0.04195856675505638,0.9985021948814392,0.836780846118927,0.8369746804237366
55.0,1.0,0.9924940466880798,0.007506348192691803,0.036945588886737823,0.9986011385917664,0.8248000741004944,0.8246757388114929,0.9929594397544861,0.007040496449917555,0.033313240855932236,0.9986572861671448,0.8119627237319946,0.8120235800743103
55.0,2.0,0.9921939969062805,0.007805964909493923,0.03657406195998192,0.9985955357551575,0.826065719127655,0.8258628249168396,0.9937587380409241,0.006241789553314447,0.0346674770116806,0.9986825585365295,0.8065519332885742,0.8062940239906311
55.0,3.0,0.9928325414657593,0.007168182637542486,0.036174226552248,0.9986055493354797,0.8241212964057922,0.8237457871437073,0.9909598231315613,0.009040593169629574,0.03642752021551132,0.9986567497253418,0.8142948150634766,0.8143723011016846
55.0,4.0,0.992165207862854,0.007835431024432182,0.03699731081724167,0.998618483543396,0.8171845078468323,0.8171384334564209,0.9936258792877197,0.006374136544764042,0.0354217030107975,0.9985999464988708,0.8409774303436279,0.8410860300064087
56.0,0.0,0.9927928447723389,0.0072069619782269,0.03557930141687393,0.9986363649368286,0.8185679316520691,0.818444550037384,0.9910581707954407,0.00894185621291399,0.04087657853960991,0.9984996914863586,0.8370393514633179,0.8358489274978638
56.0,1.0,0.992332935333252,0.007667176891118288,0.037162426859140396,0.9986101984977722,0.8246655464172363,0.8244174122810364,0.993087112903595,0.006912454962730408,0.0336434505879879,0.9986673593521118,0.8121660351753235,0.8121129870414734
56.0,2.0,0.9922906160354614,0.007708799559623003,0.03679588437080383,0.9986056685447693,0.8259873390197754,0.8259987831115723,0.9938994646072388,0.006100504193454981,0.035318199545145035,0.9986928105354309,0.8064438104629517,0.8064035177230835
56.0,3.0,0.9929329752922058,0.007067501079291105,0.03695830702781677,0.9986094832420349,0.8238219022750854,0.8238940238952637,0.9909008145332336,0.009099301882088184,0.036669615656137466,0.9986472725868225,0.8141508102416992,0.8143386244773865
56.0,4.0,0.9917012453079224,0.008298946544528008,0.03719986230134964,0.9986162185668945,0.8166683316230774,0.816612720489502,0.9939901232719421,0.006009710021317005,0.03495349735021591,0.9986079931259155,0.8413915038108826,0.8414844274520874
57.0,0.0,0.9930278658866882,0.006972792558372021,0.034972745925188065,0.9986616373062134,0.8186200857162476,0.8186627626419067,0.9916014075279236,0.008398905396461487,0.04154162108898163,0.9985275864601135,0.8362796902656555,0.8370026350021362
57.0,1.0,0.9926620721817017,0.007337345276027918,0.036988649517297745,0.9986204504966736,0.8247562050819397,0.8248571157455444,0.9930152893066406,0.0069849020801484585,0.034330107271671295,0.9986680746078491,0.8121269941329956,0.8120608329772949
57.0,2.0,0.9922385215759277,0.007761360611766577,0.03769173473119736,0.9985938668251038,0.8259440660476685,0.826263427734375,0.9937523007392883,0.006247713230550289,0.03599034994840622,0.9986824989318848,0.8063387274742126,0.8062678575515747
57.0,3.0,0.9929454326629639,0.0070547605864703655,0.03725721687078476,0.9986097812652588,0.8238478899002075,0.8240561485290527,0.990627110004425,0.009372862055897713,0.03609896078705788,0.9986667633056641,0.8145150542259216,0.8140932321548462
57.0,4.0,0.9921568632125854,0.007841667160391808,0.037010710686445236,0.9986266493797302,0.8173877596855164,0.8173147439956665,0.9938913583755493,0.006108670029789209,0.03502023220062256,0.9986302256584167,0.8413330912590027,0.8413344025611877
58.0,0.0,0.992961049079895,0.007038852199912071,0.0349205918610096,0.9986679553985596,0.8186454772949219,0.8185727596282959,0.9925363063812256,0.007463827263563871,0.04157725349068642,0.9985203742980957,0.8385601043701172,0.8378968238830566
58.0,1.0,0.9925050735473633,0.007494287099689245,0.03739679977297783,0.9986111521720886,0.8250396847724915,0.8247209787368774,0.9929403066635132,0.007060234434902668,0.03429197892546654,0.9986528158187866,0.812183678150177,0.8120033144950867
58.0,2.0,0.9922054409980774,0.007793773896992207,0.03707035258412361,0.9986200928688049,0.8258877992630005,0.8258658051490784,0.9937642216682434,0.006235781591385603,0.035825397819280624,0.9986665844917297,0.806675910949707,0.8062527775764465
58.0,3.0,0.9931885600090027,0.006811166647821665,0.03607185557484627,0.9986360669136047,0.8243027925491333,0.8241386413574219,0.9911289811134338,0.008871194906532764,0.03581998497247696,0.9986878633499146,0.8144063949584961,0.8145198225975037
58.0,4.0,0.9924333691596985,0.007566699292510748,0.03674020618200302,0.9986469149589539,0.8174800276756287,0.8173830509185791,0.9941815137863159,0.0058183432556688786,0.03491783142089844,0.9986087083816528,0.8418377041816711,0.8416588306427002
59.0,0.0,0.9930297136306763,0.00697104400023818,0.03509925678372383,0.9986630082130432,0.8186882734298706,0.8186140656471252,0.9917013049125671,0.00829892698675394,0.04171722009778023,0.9985337853431702,0.8365206718444824,0.836472749710083
59.0,1.0,0.992621898651123,0.007378226611763239,0.037305425852537155,0.9986271858215332,0.8246597051620483,0.8246477842330933,0.9931674599647522,0.006832996383309364,0.03398352861404419,0.9986956119537354,0.8122032284736633,0.8122040629386902
59.0,2.0,0.9924848675727844,0.007515373639762402,0.036772165447473526,0.9986332654953003,0.8262149691581726,0.8261887431144714,0.9937564134597778,0.0062439655885100365,0.03669644892215729,0.998684287071228,0.8058948516845703,0.8062495589256287
59.0,3.0,0.9930005073547363,0.0069998181425035,0.036720938980579376,0.9986300468444824,0.8238649368286133,0.8241302371025085,0.9912033677101135,0.0087967524304986,0.0361858606338501,0.9986918568611145,0.814467191696167,0.8145697116851807
59.0,4.0,0.9924421906471252,0.007557484321296215,0.037850815802812576,0.9986328482627869,0.817457914352417,0.8175424337387085,0.9938004016876221,0.006199934519827366,0.034903623163700104,0.9986345767974854,0.8411170244216919,0.8412539958953857
60.0,0.0,0.9930790662765503,0.006920544430613518,0.03509875759482384,0.9986897706985474,0.8188023567199707,0.8189136385917664,0.9919044375419617,0.008095933124423027,0.04201461374759674,0.9985517263412476,0.8364580869674683,0.8373188972473145
60.0,1.0,0.992790937423706,0.007209149654954672,0.03703351691365242,0.9986566305160522,0.8248834609985352,0.8252016305923462,0.9933211803436279,0.006678765639662743,0.034448105841875076,0.998702883720398,0.8122857809066772,0.8123526573181152
60.0,2.0,0.9927138090133667,0.007286286447197199,0.03668048232793808,0.9986531138420105,0.8263639807701111,0.8267329335212708,0.9940294623374939,0.005969975143671036,0.035045769065618515,0.9987271428108215,0.8067336678504944,0.806528627872467
60.0,3.0,0.993433952331543,0.006565758027136326,0.03635053709149361,0.9986585378646851,0.8244304656982422,0.8244968056678772,0.9922875761985779,0.00771279726177454,0.03628069907426834,0.9987087845802307,0.8167420029640198,0.8167926073074341
60.0,4.0,0.9931027293205261,0.006897246930748224,0.03664286807179451,0.9986766576766968,0.8184229135513306,0.8184541463851929,0.9939712882041931,0.0060290442779660225,0.03444904461503029,0.9986549019813538,0.8414572477340698,0.8414393663406372
61.0,0.0,0.9934439659118652,0.0065563740208745,0.03478168696165085,0.9987044930458069,0.819378674030304,0.8193112015724182,0.9927961826324463,0.007203754968941212,0.04121563211083412,0.9985623955726624,0.837857186794281,0.8381996750831604
61.0,1.0,0.9933182597160339,0.0066818417981266975,0.036665551364421844,0.9986706972122192,0.8257119059562683,0.8258301615715027,0.9933924674987793,0.006607755087316036,0.03395361825823784,0.9987139105796814,0.8124901652336121,0.8124163150787354
61.0,2.0,0.99317866563797,0.006821708288043737,0.03652874007821083,0.9986650943756104,0.827133297920227,0.8272884488105774,0.9940913319587708,0.005908961407840252,0.034750696271657944,0.9987342357635498,0.8068646192550659,0.8065788149833679
61.0,3.0,0.9936010837554932,0.006398551631718874,0.03633743152022362,0.9986690878868103,0.8246208429336548,0.8246822357177734,0.992367148399353,0.007633058819919825,0.035864703357219696,0.9987221956253052,0.8166966438293457,0.8168547749519348
61.0,4.0,0.9932239055633545,0.006777020636945963,0.03658881038427353,0.9986861348152161,0.8184829354286194,0.8185953497886658,0.9940311312675476,0.00596876535564661,0.03428781405091286,0.9986634850502014,0.8414797782897949,0.8414653539657593
62.0,0.0,0.9934864044189453,0.0065138740465044975,0.03475414216518402,0.9987121224403381,0.8193913102149963,0.8193473219871521,0.9929865598678589,0.007014060392975807,0.041475117206573486,0.9985703229904175,0.83787602186203,0.8384365439414978
62.0,1.0,0.9933831691741943,0.006616699974983931,0.036775920540094376,0.998674750328064,0.8257128000259399,0.8258562088012695,0.9934066534042358,0.006593671627342701,0.03388553485274315,0.998717725276947,0.8125247359275818,0.8124337792396545
62.0,2.0,0.9932374358177185,0.006762760225683451,0.03649567812681198,0.9986700415611267,0.8271636962890625,0.8273136019706726,0.994113028049469,0.005887163337320089,0.03513049706816673,0.9987396597862244,0.8067934513092041,0.8065992593765259
62.0,3.0,0.9936697483062744,0.006330212112516165,0.03632231429219246,0.9986743330955505,0.8248936533927917,0.8247358798980713,0.9924077987670898,0.007592454086989164,0.03608439862728119,0.9987261891365051,0.8166901469230652,0.8168860077857971
62.0,4.0,0.9933254718780518,0.0066751958802342415,0.036621179431676865,0.9986916184425354,0.8186765313148499,0.8187304735183716,0.9940919280052185,0.005908283405005932,0.034556351602077484,0.9986721277236938,0.8417255282402039,0.8415258526802063
63.0,0.0,0.9935150742530823,0.006485121790319681,0.03480095788836479,0.9987156391143799,0.8194597363471985,0.8193681836128235,0.993386447429657,0.006613572593778372,0.04178965836763382,0.9985799789428711,0.8382601141929626,0.8387768268585205
63.0,1.0,0.9935264587402344,0.0064735570922493935,0.03671877458691597,0.9986820816993713,0.8259871006011963,0.8260040283203125,0.9934205412864685,0.0065792095847427845,0.0341351144015789,0.9987221956253052,0.8125011324882507,0.8124467134475708
63.0,2.0,0.9934396743774414,0.006561326328665018,0.0365426130592823,0.9986744523048401,0.8275805115699768,0.8275690078735352,0.9941390752792358,0.005861194804310799,0.034940335899591446,0.9987399578094482,0.8068019151687622,0.8066127896308899
63.0,3.0,0.9938398003578186,0.006160929333418608,0.03626687079668045,0.9986786842346191,0.825043797492981,0.8249903917312622,0.9924166202545166,0.007583077065646648,0.03608649969100952,0.9987293481826782,0.8166871070861816,0.8169003129005432
63.0,4.0,0.993451714515686,0.00654833996668458,0.036619339138269424,0.9986952543258667,0.8188630938529968,0.8188521862030029,0.9941136837005615,0.005886492785066366,0.03446323424577713,0.9986717700958252,0.8417448401451111,0.8415345549583435
64.0,0.0,0.9935309290885925,0.006469258572906256,0.03481440246105194,0.9987174868583679,0.819469690322876,0.8193789124488831,0.9936344623565674,0.006365795619785786,0.04150606319308281,0.9985843300819397,0.8389909267425537,0.8392215371131897
64.0,1.0,0.9935604333877563,0.006439260672777891,0.036770887672901154,0.9986817836761475,0.8261098265647888,0.826128363609314,0.9934421181678772,0.006557607091963291,0.034212175756692886,0.9987273812294006,0.8125304579734802,0.8124755620956421
64.0,2.0,0.9934415817260742,0.006558209657669067,0.03660133481025696,0.9986802935600281,0.8275372982025146,0.8275969624519348,0.9941624402999878,0.005837534554302692,0.03475918993353844,0.9987465143203735,0.8068822622299194,0.8066400289535522
64.0,3.0,0.9939125180244446,0.006087907124310732,0.03625517338514328,0.9986819624900818,0.8251282572746277,0.8250694274902344,0.9924215078353882,0.007578353397548199,0.03614164516329765,0.998729944229126,0.8167347311973572,0.8168984055519104
64.0,4.0,0.9934507012367249,0.006549382116645575,0.03663238510489464,0.9986978769302368,0.8188875317573547,0.8188691735267639,0.9941263198852539,0.005873685237020254,0.03458753228187561,0.9986767768859863,0.8417713046073914,0.8415568470954895
65.0,0.0,0.9935436844825745,0.006457062438130379,0.034845609217882156,0.9987199306488037,0.8194800019264221,0.8193913102149963,0.993747889995575,0.006252073682844639,0.04167592152953148,0.9985845685005188,0.8392819166183472,0.8393996357917786
65.0,1.0,0.993647575378418,0.006353031378239393,0.03675742447376251,0.9986844062805176,0.8261768221855164,0.8261310458183289,0.9934262037277222,0.006574042607098818,0.034467101097106934,0.9987187385559082,0.8124486804008484,0.8124501705169678
65.0,2.0,0.993449330329895,0.006551527883857489,0.03654947504401207,0.9986783266067505,0.8275112509727478,0.8275812864303589,0.9941686987876892,0.005831342656165361,0.0348251536488533,0.9987502694129944,0.806876540184021,0.8066467642784119
65.0,3.0,0.9938341975212097,0.0061653354205191135,0.036292966455221176,0.9986827969551086,0.8251016736030579,0.8250187039375305,0.9924445748329163,0.0075554437935352325,0.03606278449296951,0.9987373352050781,0.8167816996574402,0.8169286251068115
65.0,4.0,0.9934790730476379,0.006521153263747692,0.0365917943418026,0.9987001419067383,0.8188952803611755,0.818878173828125,0.994290292263031,0.005709472112357616,0.03460538387298584,0.9986749887466431,0.8418165445327759,0.8417524099349976
66.0,0.0,0.9935936331748962,0.006406453438103199,0.034855492413043976,0.9987220764160156,0.8195071220397949,0.8194513916969299,0.9936468005180359,0.006352834403514862,0.04168500006198883,0.998590350151062,0.8390179872512817,0.8392552137374878
66.0,1.0,0.9936325550079346,0.006367584690451622,0.03679636865854263,0.998687744140625,0.8261282444000244,0.8261526226997375,0.9934530854225159,0.006547052413225174,0.034023817628622055,0.9987262487411499,0.8125509023666382,0.8124772310256958
66.0,2.0,0.9934884905815125,0.006511907558888197,0.03655494749546051,0.9986827373504639,0.8276032209396362,0.8276227116584778,0.9941758513450623,0.005824186839163303,0.03488356992602348,0.9987518191337585,0.8068904876708984,0.8066591620445251
66.0,3.0,0.9939283728599548,0.006072415504604578,0.03629141300916672,0.9986861348152161,0.8251489400863647,0.8250902891159058,0.9924469590187073,0.007553627714514732,0.03599099442362785,0.998736560344696,0.8167624473571777,0.8169286847114563
66.0,4.0,0.9934465885162354,0.006553327664732933,0.036550551652908325,0.9987026453018188,0.8188355565071106,0.8188508152961731,0.9943119287490845,0.005688185337930918,0.034685999155044556,0.9986786246299744,0.8418022990226746,0.8417635560035706
67.0,0.0,0.9936012625694275,0.006398310419172049,0.034901030361652374,0.9987252354621887,0.8195173740386963,0.8194635510444641,0.9937385320663452,0.0062611461617052555,0.041424915194511414,0.9985904693603516,0.839065670967102,0.8392620086669922
67.0,1.0,0.9936305284500122,0.006369431037455797,0.03677605465054512,0.9986907243728638,0.8261350989341736,0.8261154890060425,0.9934638142585754,0.006536242552101612,0.03417002037167549,0.9987297654151917,0.8125163316726685,0.8124927282333374
67.0,2.0,0.9935234785079956,0.006476853974163532,0.03656972572207451,0.9986863732337952,0.8276436924934387,0.8276668787002563,0.994189441204071,0.00581052852794528,0.03471282497048378,0.9987525343894958,0.8069296479225159,0.8066617250442505
67.0,3.0,0.9939567446708679,0.006042759865522385,0.03629764914512634,0.9986879229545593,0.8251624703407288,0.8250988721847534,0.9924519658088684,0.007548217661678791,0.03580814227461815,0.9987399578094482,0.8168687224388123,0.8169431686401367
67.0,4.0,0.9934929013252258,0.006507746875286102,0.03669309988617897,0.9987033009529114,0.8189178705215454,0.8188906311988831,0.9942973852157593,0.005702650174498558,0.03471388295292854,0.9986810684204102,0.8418217301368713,0.8417695164680481
68.0,0.0,0.9936093091964722,0.006390803027898073,0.034832995384931564,0.9987277984619141,0.8195338845252991,0.8194714188575745,0.9938665628433228,0.006133038550615311,0.041749607771635056,0.9985920786857605,0.8393674492835999,0.8394482731819153
68.0,1.0,0.9936768412590027,0.006323442328721285,0.03684614971280098,0.9986950159072876,0.8262524008750916,0.8262268304824829,0.9934871196746826,0.00651302607730031,0.03417735919356346,0.9987334609031677,0.8125566244125366,0.81251060962677
68.0,2.0,0.9935428500175476,0.006456959992647171,0.03665727376937866,0.998689591884613,0.8276723027229309,0.8276857137680054,0.9942004680633545,0.0057996660470962524,0.0351543091237545,0.9987566471099854,0.8068902492523193,0.8066784739494324
68.0,3.0,0.9939713478088379,0.006029016338288784,0.03635644540190697,0.9986897110939026,0.8251736760139465,0.8251103758811951,0.9924773573875427,0.007522780913859606,0.03597123920917511,0.9987443089485168,0.8168308138847351,0.8169587850570679
68.0,4.0,0.9935091733932495,0.006490959785878658,0.03666789084672928,0.9987069964408875,0.8189456462860107,0.8189131617546082,0.9943162798881531,0.005683181807398796,0.03461528196930885,0.9986836314201355,0.8418798446655273,0.8417797684669495
69.0,0.0,0.9936219453811646,0.006377673242241144,0.03493652865290642,0.9987288117408752,0.8195579648017883,0.8194880485534668,0.993804395198822,0.006195460446178913,0.04188371077179909,0.9985954165458679,0.839322030544281,0.8394601941108704
69.0,1.0,0.9937183856964111,0.006282154005020857,0.03684224560856819,0.9986933469772339,0.8262458443641663,0.8262253403663635,0.9934890270233154,0.00651106983423233,0.0342535637319088,0.998733401298523,0.812549352645874,0.8125104904174805
69.0,2.0,0.9935337901115417,0.006465929560363293,0.03658595681190491,0.9986886382102966,0.8276714086532593,0.8276830911636353,0.9942021369934082,0.005797912832349539,0.03497915342450142,0.9987548589706421,0.8068832755088806,0.8066784143447876
69.0,3.0,0.9939468502998352,0.006052678916603327,0.03638723865151405,0.9986932277679443,0.8251756429672241,0.8251185417175293,0.9925023913383484,0.007497466169297695,0.035950422286987305,0.9987481832504272,0.8168607950210571,0.8169872164726257
69.0,4.0,0.9935132265090942,0.006486044730991125,0.036690253764390945,0.9987099170684814,0.8189534544944763,0.8189260363578796,0.9943293333053589,0.005670469254255295,0.03486975282430649,0.9986831545829773,0.84181147813797,0.8417813777923584
70.0,0.0,0.9936361312866211,0.006363718770444393,0.034975748509168625,0.9987332820892334,0.8195579648017883,0.8194963932037354,0.9939042925834656,0.0060952347703278065,0.04163895547389984,0.9985989332199097,0.8394134640693665,0.8394774198532104
70.0,1.0,0.9937370419502258,0.006262514740228653,0.036875758320093155,0.9986971616744995,0.8262701034545898,0.8262426257133484,0.9935036897659302,0.006496539805084467,0.03433094918727875,0.9987363815307617,0.812569260597229,0.8125243782997131
70.0,2.0,0.993557333946228,0.006442837417125702,0.03672293201088905,0.9986918568611145,0.8276809453964233,0.8276978731155396,0.994219183921814,0.005781271029263735,0.034817881882190704,0.9987567663192749,0.8069899678230286,0.8066955208778381
70.0,3.0,0.9939861297607422,0.00601421482861042,0.036469489336013794,0.9986943602561951,0.8251907825469971,0.8251292109489441,0.992498517036438,0.007501613814383745,0.03617742657661438,0.9987486600875854,0.8168514966964722,0.8169798254966736
70.0,4.0,0.9935365319252014,0.006464018952101469,0.036748260259628296,0.9987105131149292,0.818966269493103,0.8189375996589661,0.9943398833274841,0.005659981165081263,0.03491467982530594,0.9986865520477295,0.8418484330177307,0.8417916297912598
71.0,0.0,0.993638277053833,0.006361548788845539,0.034977175295352936,0.9987332820892334,0.8195676803588867,0.8195008039474487,0.9939056038856506,0.006094356998801231,0.04174103960394859,0.9985962510108948,0.8395000100135803,0.8394967317581177
71.0,1.0,0.9937455058097839,0.006252913735806942,0.036915600299835205,0.9986996650695801,0.8262981176376343,0.8262621164321899,0.9935110211372375,0.006489004008471966,0.03418578952550888,0.9987374544143677,0.8126214146614075,0.8125263452529907
71.0,2.0,0.9935712218284607,0.006429703440517187,0.0367560051381588,0.9986939430236816,0.8277053236961365,0.8277156949043274,0.9942176938056946,0.005782199092209339,0.03501234948635101,0.9987619519233704,0.8069596886634827,0.806700587272644
71.0,3.0,0.9939967393875122,0.006002775859087706,0.03648960962891579,0.9986969232559204,0.8252122402191162,0.825145423412323,0.9925060868263245,0.007493933662772179,0.036048419773578644,0.998748242855072,0.8168722987174988,0.8169832229614258
71.0,4.0,0.9935418367385864,0.00645788200199604,0.036788467317819595,0.9987151622772217,0.8189942836761475,0.8189564347267151,0.9942722320556641,0.005727857351303101,0.03500310704112053,0.9986891150474548,0.8418205976486206,0.8417957425117493
72.0,0.0,0.9936361312866211,0.006363593973219395,0.03513626381754875,0.998735785484314,0.8195744752883911,0.8195149898529053,0.993786633014679,0.006213002372533083,0.041778918355703354,0.9986013770103455,0.8391515016555786,0.8393435478210449
72.0,1.0,0.9937067627906799,0.006293363403528929,0.03700513392686844,0.9987019896507263,0.826208770275116,0.8261840343475342,0.9935250282287598,0.006474883295595646,0.03436005860567093,0.9987397193908691,0.8125876188278198,0.8125357627868652
72.0,2.0,0.9935903549194336,0.006410391069948673,0.03680267930030823,0.9986966252326965,0.8277181386947632,0.8277249336242676,0.9942429661750793,0.005756929516792297,0.035039156675338745,0.9987671971321106,0.8069978356361389,0.806739866733551
72.0,3.0,0.9940187931060791,0.005979805253446102,0.03655102476477623,0.9986997246742249,0.8252320289611816,0.8251613974571228,0.9925149083137512,0.00748502416536212,0.036168020218610764,0.9987510442733765,0.816851019859314,0.8169954419136047
72.0,4.0,0.9935577511787415,0.006442397367209196,0.036842670291662216,0.9987155795097351,0.8189945220947266,0.8189578652381897,0.9943506121635437,0.00564935989677906,0.0349372997879982,0.998690664768219,0.8418529629707336,0.8418029546737671
73.0,0.0,0.9936544299125671,0.006345122586935759,0.035048745572566986,0.998737633228302,0.8195832967758179,0.8195154666900635,0.9939659237861633,0.006033933721482754,0.041797034442424774,0.9986024498939514,0.8394865989685059,0.8395437002182007
73.0,1.0,0.9937723875045776,0.006227774079889059,0.036967139691114426,0.9987025856971741,0.8263159394264221,0.8262791633605957,0.9935266375541687,0.006473379209637642,0.034273672848939896,0.9987396001815796,0.8126026391983032,0.8125384449958801
73.0,2.0,0.9935927391052246,0.006407517474144697,0.03679879382252693,0.998695969581604,0.8277202844619751,0.8277310729026794,0.9942476749420166,0.005752354860305786,0.03521117568016052,0.9987663626670837,0.8069674968719482,0.806728184223175
73.0,3.0,0.9940240383148193,0.005975678097456694,0.03659689798951149,0.9987010955810547,0.8252325654029846,0.8251650333404541,0.9925388693809509,0.007460733875632286,0.03604763746261597,0.9987556338310242,0.8168957233428955,0.817023754119873
73.0,4.0,0.9935743808746338,0.006426417734473944,0.036855027079582214,0.998717188835144,0.8190091252326965,0.8189752101898193,0.9943563938140869,0.005643686279654503,0.034989986568689346,0.9986919164657593,0.8418639302253723,0.8418018221855164
74.0,0.0,0.9936713576316833,0.006329253315925598,0.03515031933784485,0.9987387657165527,0.8195932507514954,0.8195292353630066,0.9939762949943542,0.00602315878495574,0.04181278124451637,0.9986072778701782,0.8395500779151917,0.8395605087280273
74.0,1.0,0.9937831163406372,0.006217806600034237,0.0370461605489254,0.998706042766571,0.8263304829597473,0.8262916803359985,0.9935390949249268,0.006460702978074551,0.03452243655920029,0.9987412095069885,0.8125749230384827,0.8125468492507935
74.0,2.0,0.9935967922210693,0.006403954233974218,0.036895424127578735,0.9986994862556458,0.8277263045310974,0.8277415037155151,0.994260847568512,0.005739650689065456,0.035243626683950424,0.9987680315971375,0.8069973587989807,0.806749701499939
74.0,3.0,0.9940272569656372,0.005972364451736212,0.03665677830576897,0.9987024068832397,0.8252490758895874,0.8251737952232361,0.9925577044487,0.0074424175545573235,0.03618757054209709,0.9987599849700928,0.8169204592704773,0.8170446157455444
74.0,4.0,0.9935889840126038,0.006410844158381224,0.036882754415273666,0.9987196326255798,0.8190311193466187,0.8189895153045654,0.9943675994873047,0.005631987005472183,0.034929800778627396,0.9986955523490906,0.841905415058136,0.8418177366256714
75.0,0.0,0.9936830997467041,0.006317025050520897,0.03516130894422531,0.9987433552742004,0.819612979888916,0.8195427656173706,0.9939894080162048,0.006010764744132757,0.04208187386393547,0.9986078143119812,0.8395231366157532,0.8395602703094482
75.0,1.0,0.993793785572052,0.006206867750734091,0.03711545839905739,0.9987078905105591,0.8263339400291443,0.8262993693351746,0.993550717830658,0.006449475418776274,0.03443259373307228,0.9987426996231079,0.8126266598701477,0.8125501275062561
75.0,2.0,0.9936172962188721,0.006383075844496489,0.03689234331250191,0.9987019896507263,0.827756941318512,0.8277567625045776,0.9942688941955566,0.005731009412556887,0.03524656221270561,0.998772382736206,0.8069985508918762,0.8067648410797119
75.0,3.0,0.9940460324287415,0.005954747088253498,0.03663284704089165,0.9987053275108337,0.8252772092819214,0.8251919746398926,0.992561399936676,0.007438695523887873,0.03618428483605385,0.9987601041793823,0.8169625401496887,0.8170695900917053
75.0,4.0,0.993588387966156,0.006411855574697256,0.03702179342508316,0.998721182346344,0.8190457224845886,0.8190041780471802,0.994371235370636,0.005628917366266251,0.03501349315047264,0.9986990094184875,0.8418801426887512,0.8418222665786743
76.0,0.0,0.993689239025116,0.006310377269983292,0.03518884629011154,0.9987423419952393,0.8196373581886292,0.8195590972900391,0.993995189666748,0.006004598457366228,0.042037483304739,0.9986106753349304,0.8395439386367798,0.8395706415176392
76.0,1.0,0.9938006401062012,0.006198757793754339,0.03721083328127861,0.998711109161377,0.826354444026947,0.8263131380081177,0.9935588836669922,0.006440954282879829,0.03434799984097481,0.998745322227478,0.8127089738845825,0.8125951886177063
76.0,2.0,0.9936253428459167,0.006373964715749025,0.036969009786844254,0.9987030625343323,0.8277708888053894,0.8277695178985596,0.9942717552185059,0.005728147923946381,0.035124387592077255,0.9987717270851135,0.8070389628410339,0.8067513108253479
76.0,3.0,0.9940564632415771,0.0059439633041620255,0.03671988099813461,0.9987077713012695,0.8252855539321899,0.8252002000808716,0.992565393447876,0.007434706669300795,0.036374691873788834,0.9987597465515137,0.8169238567352295,0.8170731067657471
76.0,4.0,0.993604302406311,0.006395435892045498,0.03701309487223625,0.998722493648529,0.8190638422966003,0.819011390209198,0.9943830370903015,0.005617076065391302,0.03497730940580368,0.9986995458602905,0.8419086933135986,0.8418272137641907
77.0,0.0,0.9937014579772949,0.006298147141933441,0.03525781258940697,0.998746395111084,0.8196437358856201,0.8195687532424927,0.9940032362937927,0.005996700841933489,0.04201844334602356,0.9986133575439453,0.8395519852638245,0.8395740985870361
77.0,1.0,0.9938124418258667,0.006187414284795523,0.037123795598745346,0.998712956905365,0.8263620138168335,0.8263214230537415,0.9935755729675293,0.0064244805835187435,0.03434127941727638,0.9987497329711914,0.8127560019493103,0.8126164078712463
77.0,2.0,0.9936380982398987,0.006362110376358032,0.036968812346458435,0.9987058043479919,0.8277875781059265,0.8277819752693176,0.9942857623100281,0.0057143596932291985,0.03533623740077019,0.9987745881080627,0.8070559501647949,0.8067724108695984
77.0,3.0,0.9940669536590576,0.005933025851845741,0.03677382692694664,0.9987096786499023,0.8252889513969421,0.8252066373825073,0.9925777912139893,0.007422476541250944,0.036415863782167435,0.9987624287605286,0.8169432282447815,0.8170793056488037
77.0,4.0,0.9936176538467407,0.00638294592499733,0.037045080214738846,0.9987251162528992,0.8190774321556091,0.8190253376960754,0.9943869709968567,0.005612869746983051,0.035204969346523285,0.9986989498138428,0.8418846726417542,0.8418323397636414
78.0,0.0,0.9937131404876709,0.0062869517132639885,0.035316355526447296,0.9987483024597168,0.8196576833724976,0.8195773959159851,0.9940197467803955,0.005980432499200106,0.04209247604012489,0.9986161589622498,0.8395631313323975,0.8395905494689941
78.0,1.0,0.9938235878944397,0.00617700582370162,0.03722537308931351,0.998714029788971,0.8263692259788513,0.8263255953788757,0.993586540222168,0.006412944290786982,0.03473680093884468,0.9987512230873108,0.8126925826072693,0.8126199841499329
78.0,2.0,0.9936479926109314,0.006352074909955263,0.037058260291814804,0.9987082481384277,0.8277959227561951,0.8277910947799683,0.9942907094955444,0.005709598306566477,0.03521354869008064,0.9987745881080627,0.8070537447929382,0.8067724108695984
78.0,3.0,0.9940744042396545,0.005925276782363653,0.036844149231910706,0.9987139701843262,0.8253100514411926,0.8252214789390564,0.9925904273986816,0.007409518584609032,0.03639110177755356,0.9987671971321106,0.816939115524292,0.8170895576477051
78.0,4.0,0.9936298727989197,0.0063706375658512115,0.037069451063871384,0.9987276196479797,0.8190858960151672,0.8190321326255798,0.994401216506958,0.005598904099315405,0.03526008129119873,0.998700737953186,0.8418782353401184,0.8418313264846802
79.0,0.0,0.9937230944633484,0.0062771872617304325,0.03535674139857292,0.9987510442733765,0.8196661472320557,0.8195880651473999,0.9940325021743774,0.005967860575765371,0.042270559817552567,0.9986197352409363,0.8395461440086365,0.8396059274673462
79.0,1.0,0.9938324689865112,0.006167652551084757,0.03732999786734581,0.9987170100212097,0.8263781070709229,0.8263388276100159,0.993598461151123,0.006402086466550827,0.0346626378595829,0.9987562298774719,0.8127183318138123,0.8126333951950073
79.0,2.0,0.9936593770980835,0.006340682506561279,0.03707284852862358,0.9987100958824158,0.8278087973594666,0.8278030753135681,0.9943060874938965,0.0056940410286188126,0.035457249730825424,0.9987792372703552,0.8070324659347534,0.8067904710769653
79.0,3.0,0.994086503982544,0.005914212204515934,0.036856215447187424,0.998714029788971,0.8253059983253479,0.8252237439155579,0.9926034212112427,0.007396615110337734,0.03631209582090378,0.9987688064575195,0.816987156867981,0.8170974254608154
79.0,4.0,0.9936379194259644,0.006363201886415482,0.03715880960226059,0.9987297654151917,0.8190840482711792,0.819037675857544,0.9944108724594116,0.005588802509009838,0.035301972180604935,0.9987021088600159,0.8418984413146973,0.8418428897857666
80.0,0.0,0.9937306642532349,0.006269850768148899,0.03543395176529884,0.9987526535987854,0.8196735382080078,0.8195914030075073,0.9940401911735535,0.005959761328995228,0.042041633278131485,0.9986201524734497,0.8395828008651733,0.8396116495132446
80.0,1.0,0.9938349723815918,0.0061652567237615585,0.037331290543079376,0.9987183809280396,0.826383650302887,0.8263359665870667,0.9936087131500244,0.006391110830008984,0.03456168249249458,0.998759388923645,0.8127380013465881,0.8126457333564758
80.0,2.0,0.9936702847480774,0.006329832598567009,0.03709668293595314,0.9987130761146545,0.8278172016143799,0.8278074264526367,0.9943087100982666,0.005691408179700375,0.03546364977955818,0.9987781643867493,0.8070676922798157,0.8067812323570251
80.0,3.0,0.9940958023071289,0.005903978366404772,0.036924101412296295,0.9987160563468933,0.8253158926963806,0.825229287147522,0.992612361907959,0.007387284189462662,0.03628024086356163,0.9987682104110718,0.8169994354248047,0.8170950412750244
80.0,4.0,0.9936460256576538,0.006354172248393297,0.03716309741139412,0.9987339973449707,0.8191001415252686,0.8190494179725647,0.9944184422492981,0.0055818334221839905,0.03515905514359474,0.9987084269523621,0.8419736623764038,0.8418645262718201
81.0,0.0,0.9937406778335571,0.00625929981470108,0.03547932952642441,0.998754620552063,0.8196756839752197,0.8195987939834595,0.9940515756607056,0.005948261823505163,0.0422813780605793,0.9986245036125183,0.8395882248878479,0.8396242260932922
81.0,1.0,0.9938504695892334,0.006150198169052601,0.037382155656814575,0.9987213611602783,0.8263909220695496,0.8263518214225769,0.9936164021492004,0.006383718457072973,0.03462584689259529,0.9987595081329346,0.812761127948761,0.8126505017280579
81.0,2.0,0.9936774373054504,0.006323468405753374,0.03714752569794655,0.9987154603004456,0.8278201222419739,0.8278136849403381,0.9943163394927979,0.0056836833246052265,0.03547149896621704,0.9987818002700806,0.8070660829544067,0.8067896962165833
81.0,3.0,0.9941051006317139,0.00589487049728632,0.03697715327143669,0.9987185001373291,0.8253151178359985,0.8252367377281189,0.9926143288612366,0.007385618519037962,0.036434710025787354,0.9987695813179016,0.816974937915802,0.8171029686927795
81.0,4.0,0.993650496006012,0.006349618546664715,0.037217140197753906,0.9987342953681946,0.8190978169441223,0.8190497159957886,0.9944278597831726,0.005572564899921417,0.03539330139756203,0.9987072944641113,0.8419051766395569,0.8418604135513306
82.0,0.0,0.9937530755996704,0.0062478636391460896,0.03552157059311867,0.9987562298774719,0.8196866512298584,0.8196068406105042,0.9940598607063293,0.005940040573477745,0.042197685688734055,0.998626172542572,0.8396185636520386,0.839629054069519
82.0,1.0,0.9938642382621765,0.0061366199515759945,0.037417881190776825,0.9987229108810425,0.8263983726501465,0.826361894607544,0.9936263561248779,0.0063736760057508945,0.03478468582034111,0.9987614154815674,0.8127236366271973,0.8126581907272339
82.0,2.0,0.9936850666999817,0.006314713042229414,0.037276674062013626,0.9987174272537231,0.8278234004974365,0.8278239369392395,0.9943366050720215,0.005662734620273113,0.035367581993341446,0.9987832903862,0.8070882558822632,0.8068050742149353
82.0,3.0,0.9941161870956421,0.005884593352675438,0.03707291558384895,0.9987210631370544,0.8253289461135864,0.8252500295639038,0.9926289319992065,0.007371278014034033,0.036437876522541046,0.9987733960151672,0.817009687423706,0.8171095252037048
82.0,4.0,0.9936648607254028,0.006336013320833445,0.03729184344410896,0.9987350702285767,0.8191081881523132,0.8190638422966003,0.9944355487823486,0.005564338061958551,0.03538608178496361,0.9987085461616516,0.8419344425201416,0.8418664336204529
83.0,0.0,0.9937601089477539,0.0062406775541603565,0.03555988892912865,0.9987590312957764,0.819688618183136,0.8196148872375488,0.9940635561943054,0.005935868248343468,0.04214666038751602,0.9986265897750854,0.8396464586257935,0.8396353721618652
83.0,1.0,0.9938721656799316,0.006128139793872833,0.03747352212667465,0.9987258911132812,0.8264099359512329,0.8263699412345886,0.9936258792877197,0.00637405039742589,0.03484624624252319,0.9987626671791077,0.8127124905586243,0.8126592040061951
83.0,2.0,0.9936928749084473,0.006307094357907772,0.037320978939533234,0.9987187385559082,0.8278357982635498,0.8278298377990723,0.9943479299545288,0.005652022548019886,0.03564143553376198,0.9987857341766357,0.8070359826087952,0.8068224787712097
83.0,3.0,0.9941258430480957,0.005874967202544212,0.03707610443234444,0.9987230896949768,0.8253391981124878,0.8252585530281067,0.9926425218582153,0.007357234135270119,0.03643545135855675,0.9987751245498657,0.8170595765113831,0.8171209096908569
83.0,4.0,0.9936763644218445,0.006324511021375656,0.037329547107219696,0.9987390041351318,0.8191195130348206,0.819072425365448,0.9944416284561157,0.005558675620704889,0.035230010747909546,0.9987103343009949,0.8419447541236877,0.8418711423873901
84.0,0.0,0.9937691688537598,0.006231819745153189,0.03561835736036301,0.9987605810165405,0.8196976780891418,0.8196219801902771,0.9940789341926575,0.005920560099184513,0.0425196997821331,0.9986307621002197,0.8396000862121582,0.8396454453468323
84.0,1.0,0.9938811659812927,0.006119761615991592,0.03754675015807152,0.9987267255783081,0.8264133930206299,0.8263759016990662,0.9936417937278748,0.00635864119976759,0.03477530926465988,0.9987663626670837,0.8127796649932861,0.8126731514930725
84.0,2.0,0.9937039613723755,0.0062966118566691875,0.0374382846057415,0.9987209439277649,0.8278384208679199,0.8278362154960632,0.9943586587905884,0.005640857387334108,0.0357232540845871,0.9987890720367432,0.8070598840713501,0.8068369030952454
84.0,3.0,0.9941310882568359,0.005868838168680668,0.037155356258153915,0.9987231492996216,0.8253430128097534,0.8252610564231873,0.992634654045105,0.007365522440522909,0.036836154758930206,0.9987745881080627,0.8169458508491516,0.8171257972717285
84.0,4.0,0.993683397769928,0.006317170802503824,0.03742974251508713,0.9987413287162781,0.8191279768943787,0.8190835118293762,0.994452178478241,0.005547673907130957,0.0354585237801075,0.9987149238586426,0.8419545888900757,0.8418856263160706
85.0,0.0,0.993776798248291,0.006223602220416069,0.035671185702085495,0.9987624287605286,0.819701611995697,0.8196293711662292,0.9940891265869141,0.005910566542297602,0.04259732738137245,0.9986341595649719,0.8395987153053284,0.8396584987640381
85.0,1.0,0.9938889741897583,0.006111110560595989,0.037598636001348495,0.9987295269966125,0.8264173865318298,0.8263863325119019,0.9936437606811523,0.006356080994009972,0.03500586003065109,0.9987648129463196,0.8127301335334778,0.8126688599586487
85.0,2.0,0.9937095046043396,0.006290652323514223,0.03739308938384056,0.9987234473228455,0.8278411626815796,0.8278413414955139,0.9943626523017883,0.005637539550662041,0.03560435771942139,0.9987883567810059,0.8070915341377258,0.8068273067474365
85.0,3.0,0.9941416382789612,0.005858917720615864,0.037209417670965195,0.9987276792526245,0.8253498077392578,0.8252735137939453,0.9926645159721375,0.007335305213928223,0.03657902404665947,0.9987815618515015,0.817033052444458,0.8171457052230835
85.0,4.0,0.9936917424201965,0.006308969110250473,0.037442490458488464,0.9987425208091736,0.8191279768943787,0.8190879225730896,0.9944600462913513,0.005540366284549236,0.03542118892073631,0.9987157583236694,0.8419811129570007,0.841888427734375
86.0,0.0,0.993786633014679,0.006213570944964886,0.03571607172489166,0.9987637996673584,0.8197186589241028,0.8196410536766052,0.9940959215164185,0.005904425401240587,0.04269998520612717,0.998634397983551,0.8395897746086121,0.8396583795547485
86.0,1.0,0.9938969612121582,0.006102440878748894,0.03763049095869064,0.9987311363220215,0.8264223337173462,0.826393187046051,0.9936580657958984,0.006341926287859678,0.035003986209630966,0.9987700581550598,0.8127836585044861,0.8126832246780396
86.0,2.0,0.993721604347229,0.006278594955801964,0.037447307258844376,0.9987264275550842,0.827854573726654,0.827854573726654,0.9943749904632568,0.005624874494969845,0.035683974623680115,0.9987907409667969,0.8070687651634216,0.8068418502807617
86.0,3.0,0.9941498041152954,0.005851028952747583,0.03727836161851883,0.9987298846244812,0.8253597617149353,0.8252794742584229,0.9926742911338806,0.0073258476331830025,0.03666584938764572,0.9987824559211731,0.8170350790023804,0.8171660304069519
86.0,4.0,0.9936999678611755,0.006299715489149094,0.037472084164619446,0.9987435340881348,0.8191419243812561,0.8190990090370178,0.9944689273834229,0.005530806258320808,0.035571642220020294,0.9987178444862366,0.8419528603553772,0.8418939709663391
87.0,0.0,0.9937938451766968,0.006206199061125517,0.03574513643980026,0.9987659454345703,0.819709062576294,0.8196420669555664,0.9940963387489319,0.005904174875468016,0.04247050732374191,0.9986357092857361,0.839657723903656,0.8396635055541992
87.0,1.0,0.9939067959785461,0.0060932752676308155,0.03765624016523361,0.9987332224845886,0.8264366984367371,0.8264033794403076,0.993666410446167,0.0063331834971904755,0.034901607781648636,0.9987717866897583,0.8127870559692383,0.8126910328865051
87.0,2.0,0.9937283992767334,0.006271726451814175,0.03746841102838516,0.998727560043335,0.8278643488883972,0.827857494354248,0.9943878054618835,0.005611943546682596,0.03580141440033913,0.998791515827179,0.8070847392082214,0.8068424463272095
87.0,3.0,0.994158148765564,0.005842913873493671,0.037249330431222916,0.9987313747406006,0.8253700137138367,0.8252848982810974,0.9926807284355164,0.007318742573261261,0.036640070378780365,0.9987849593162537,0.8170487284660339,0.8171720504760742
87.0,4.0,0.9937101602554321,0.006290505640208721,0.03748483210802078,0.9987466931343079,0.819148063659668,0.8191032409667969,0.994469165802002,0.005530310329049826,0.03567114844918251,0.9987192153930664,0.8419687747955322,0.8418967723846436
88.0,0.0,0.9938015341758728,0.006198208313435316,0.0357813723385334,0.9987667202949524,0.8197237849235535,0.8196509480476379,0.9941113591194153,0.00588884437456727,0.04266095161437988,0.9986403584480286,0.839637279510498,0.8396782875061035
88.0,1.0,0.9939162135124207,0.006084801163524389,0.03773535043001175,0.998735785484314,0.8264352083206177,0.8264090418815613,0.9936737418174744,0.006326427683234215,0.03501441329717636,0.9987747073173523,0.8127979040145874,0.8127010464668274
88.0,2.0,0.9937375783920288,0.006262456998229027,0.03751103952527046,0.9987286925315857,0.8278679847717285,0.8278682827949524,0.9943900108337402,0.005609686486423016,0.03579198569059372,0.9987956285476685,0.8071230053901672,0.8068530559539795
88.0,3.0,0.9941648840904236,0.005835553631186485,0.03735337778925896,0.9987322092056274,0.825364351272583,0.825290322303772,0.9926892518997192,0.007310530170798302,0.03677867725491524,0.9987882971763611,0.8170729875564575,0.8171786069869995
88.0,4.0,0.9937186241149902,0.006282011512666941,0.0375777967274189,0.9987495541572571,0.8191555142402649,0.819111704826355,0.9944860339164734,0.005513966549187899,0.035622596740722656,0.9987236857414246,0.8419663310050964,0.8419104218482971
89.0,0.0,0.9938105344772339,0.006189174950122833,0.03579737991094589,0.9987691044807434,0.8197313547134399,0.8196582198143005,0.9941151738166809,0.005884930491447449,0.042591970413923264,0.998641312122345,0.8396318554878235,0.8396792411804199
89.0,1.0,0.9939237236976624,0.006077385973185301,0.03770683333277702,0.9987365007400513,0.8264448046684265,0.8264093995094299,0.9936832189559937,0.006317120045423508,0.035102032124996185,0.9987752437591553,0.8127719759941101,0.8127026557922363
89.0,2.0,0.9937441945075989,0.006254980806261301,0.03760410100221634,0.9987316131591797,0.8278762102127075,0.8278762102127075,0.9943981766700745,0.005601824726909399,0.035816583782434464,0.9987965822219849,0.8070919513702393,0.8068574666976929
89.0,3.0,0.994172990322113,0.0058271512389183044,0.03736354783177376,0.9987339973449707,0.8253753185272217,0.8252974152565002,0.9926950931549072,0.007304998114705086,0.03681851550936699,0.9987873435020447,0.817037045955658,0.817176103591919
89.0,4.0,0.9937261343002319,0.006273352075368166,0.03761565685272217,0.9987509846687317,0.8191632628440857,0.8191201090812683,0.9944934844970703,0.005506644491106272,0.03562020882964134,0.9987238049507141,0.8419830203056335,0.8419123291969299
90.0,0.0,0.9938295483589172,0.006171119399368763,0.03581225872039795,0.9987748265266418,0.819751501083374,0.8196746110916138,0.9941399693489075,0.005859919358044863,0.04274968430399895,0.998647928237915,0.8396589159965515,0.8397064805030823
90.0,1.0,0.9939419031143188,0.006059098057448864,0.03775470703840256,0.9987418055534363,0.8264631032943726,0.8264288306236267,0.9937002658843994,0.006299773696810007,0.03512243926525116,0.9987799525260925,0.8128017783164978,0.8127191066741943
90.0,2.0,0.9937623143196106,0.006237601395696402,0.037597499787807465,0.9987366795539856,0.8278855681419373,0.8278912901878357,0.9944175481796265,0.0055824462324380875,0.03582330793142319,0.9988002777099609,0.8071290850639343,0.806871235370636
90.0,3.0,0.9941900968551636,0.005810165777802467,0.03733831271529198,0.9987382888793945,0.8253989219665527,0.8253123760223389,0.9927059412002563,0.0072937351651489735,0.03680308163166046,0.9987898468971252,0.8170380592346191,0.8171830773353577
90.0,4.0,0.9937431216239929,0.006257504224777222,0.03764123097062111,0.9987549185752869,0.8191692233085632,0.8191340565681458,0.9945003986358643,0.005499240010976791,0.03570598363876343,0.9987260699272156,0.8419875502586365,0.8419185876846313
91.0,0.0,0.9938332438468933,0.00616759667173028,0.03584245592355728,0.9987748265266418,0.8197420239448547,0.8196751475334167,0.9941417574882507,0.005858463700860739,0.04267559200525284,0.9986485242843628,0.8396664261817932,0.8397077322006226
91.0,1.0,0.9939441680908203,0.006056808400899172,0.0377359576523304,0.998741865158081,0.8264665007591248,0.8264294862747192,0.9937005639076233,0.006299215834587812,0.035089366137981415,0.9987802505493164,0.8128096461296082,0.8127211332321167
91.0,2.0,0.9937645792961121,0.006236206274479628,0.03757743537425995,0.9987366199493408,0.8278890252113342,0.8278911709785461,0.9944196343421936,0.005580541677772999,0.03582146018743515,0.9988009333610535,0.8071295619010925,0.8068753480911255
91.0,3.0,0.9941918253898621,0.0058089313097298145,0.037380579859018326,0.9987382888793945,0.8253932595252991,0.8253123760223389,0.9927103519439697,0.007289222441613674,0.03674653172492981,0.9987916946411133,0.8170608282089233,0.8171912431716919
91.0,4.0,0.9937443137168884,0.006256051827222109,0.03762630373239517,0.9987548589706421,0.8191724419593811,0.8191340565681458,0.9945028424263,0.005497402045875788,0.03568710386753082,0.9987267255783081,0.8419918417930603,0.8419198393821716
92.0,0.0,0.9938355088233948,0.006165401544421911,0.03583499789237976,0.9987751245498657,0.8197464346885681,0.8196761012077332,0.9941422939300537,0.005857581272721291,0.042706627398729324,0.998647928237915,0.8396636247634888,0.8397074937820435
92.0,1.0,0.9939472079277039,0.00605259882286191,0.03775521740317345,0.9987418055534363,0.8264680504798889,0.8264379501342773,0.9937013983726501,0.006298903375864029,0.035057760775089264,0.9987809658050537,0.8128135800361633,0.8127225041389465
92.0,2.0,0.9937649369239807,0.006235187407582998,0.037568286061286926,0.9987362623214722,0.8278892636299133,0.8278910517692566,0.9944406747817993,0.005559001117944717,0.03581381216645241,0.9988017678260803,0.807129979133606,0.8069016933441162
92.0,3.0,0.9941967725753784,0.005803451407700777,0.03736438602209091,0.9987391233444214,0.8253988027572632,0.825320303440094,0.9927125573158264,0.007287792861461639,0.03674367815256119,0.9987910985946655,0.8170603513717651,0.8171893358230591
92.0,4.0,0.9937500357627869,0.006249663885682821,0.03761138767004013,0.9987558126449585,0.8191750049591064,0.8191429972648621,0.9945030808448792,0.005496443714946508,0.03566449135541916,0.9987263083457947,0.8419908285140991,0.8419184684753418
93.0,0.0,0.9938414692878723,0.0061594704166054726,0.035837285220623016,0.9987754225730896,0.8197486996650696,0.8196814656257629,0.9941427111625671,0.005856771022081375,0.04281942546367645,0.9986501932144165,0.8396584987640381,0.839713454246521
93.0,1.0,0.993951141834259,0.006048732902854681,0.03775078430771828,0.9987419247627258,0.8264638781547546,0.8264379501342773,0.9937015771865845,0.006298396270722151,0.03506239876151085,0.998781144618988,0.812813401222229,0.8127229809761047
93.0,2.0,0.9937664270401001,0.006234358996152878,0.03754887357354164,0.9987371563911438,0.8278950452804565,0.8278923034667969,0.9944464564323425,0.005553478375077248,0.035850100219249725,0.9988019466400146,0.8071163296699524,0.806902289390564
93.0,3.0,0.9941989183425903,0.005801193416118622,0.03735585883259773,0.9987396597862244,0.8253970742225647,0.8253219723701477,0.9927113652229309,0.007288274355232716,0.03675422817468643,0.9987912178039551,0.8170533776283264,0.8171895742416382
93.0,4.0,0.9937520623207092,0.006248503923416138,0.03763246908783913,0.9987567663192749,0.8191728591918945,0.8191435933113098,0.994504988193512,0.005495140794664621,0.035675905644893646,0.9987263679504395,0.8419935703277588,0.8419187068939209
94.0,0.0,0.9938418865203857,0.006158394739031792,0.035839371383190155,0.9987757802009583,0.819749116897583,0.8196839690208435,0.994143545627594,0.0058563267812132835,0.04272586852312088,0.9986485838890076,0.839664876461029,0.8397083878517151
94.0,1.0,0.9939532279968262,0.006047422997653484,0.037745386362075806,0.9987427592277527,0.8264697790145874,0.8264373540878296,0.9937020540237427,0.006297548301517963,0.0350865013897419,0.9987809658050537,0.8128000497817993,0.8127219080924988
94.0,2.0,0.9937670230865479,0.00623338995501399,0.037558916956186295,0.9987371563911438,0.8278887867927551,0.8278928995132446,0.9944480657577515,0.005552036687731743,0.035852931439876556,0.9988019466400146,0.807124137878418,0.806902289390564
94.0,3.0,0.9941996932029724,0.005800134968012571,0.03738442808389664,0.9987401366233826,0.8253932595252991,0.8253214955329895,0.9927147626876831,0.007285524625331163,0.03674282133579254,0.9987913966178894,0.8170629739761353,0.8171905875205994
94.0,4.0,0.9937528967857361,0.0062475488521158695,0.03762635216116905,0.9987558722496033,0.8191773295402527,0.8191430568695068,0.9945052862167358,0.00549407908692956,0.0357031375169754,0.9987261295318604,0.8419841527938843,0.8419189453125
95.0,0.0,0.9938427209854126,0.006157204043120146,0.03583018481731415,0.9987754821777344,0.8197499513626099,0.8196853995323181,0.9941453337669373,0.00585493678227067,0.04279860109090805,0.9986499547958374,0.839663028717041,0.839713990688324
95.0,1.0,0.9939543008804321,0.006046392023563385,0.037768274545669556,0.9987425804138184,0.8264684081077576,0.8264394998550415,0.993703305721283,0.0062969038262963295,0.035111986100673676,0.9987809658050537,0.812804639339447,0.8127220869064331
95.0,2.0,0.9937669634819031,0.006232565268874168,0.037569500505924225,0.9987372159957886,0.8278878927230835,0.8278926014900208,0.9944486618041992,0.005551123060286045,0.03582964092493057,0.9988014101982117,0.8071272373199463,0.806904673576355
95.0,3.0,0.9942013621330261,0.005799237173050642,0.03740281984210014,0.9987406730651855,0.8253986239433289,0.8253213763237,0.9927154183387756,0.007284699473530054,0.03671123832464218,0.9987917542457581,0.8170639872550964,0.8171916604042053
95.0,4.0,0.993754506111145,0.006246527656912804,0.03762153908610344,0.9987573027610779,0.8191776871681213,0.8191440105438232,0.9945071935653687,0.0054930271580815315,0.03569640964269638,0.9987267851829529,0.8419857025146484,0.8419201374053955
96.0,0.0,0.9938441514968872,0.006156236864626408,0.03584000840783119,0.998776912689209,0.8197473287582397,0.8196858763694763,0.994145929813385,0.005854346789419651,0.04278375208377838,0.9986491799354553,0.8396663665771484,0.8397105932235718
96.0,1.0,0.993955671787262,0.0060451943427324295,0.037779081612825394,0.9987428784370422,0.8264675140380859,0.8264392614364624,0.9937041997909546,0.006295999977737665,0.03508082777261734,0.9987819194793701,0.8128151297569275,0.812724232673645
96.0,2.0,0.9937688112258911,0.006231492385268211,0.03759429231286049,0.9987372159957886,0.8278934955596924,0.8278932571411133,0.9944499135017395,0.005549805238842964,0.03582330793142319,0.9988019466400146,0.807121992111206,0.8069055676460266
96.0,3.0,0.9942018389701843,0.005798209924250841,0.037386469542980194,0.9987400770187378,0.8253969550132751,0.825323224067688,0.9927149415016174,0.007284863851964474,0.03674875199794769,0.9987932443618774,0.8170592188835144,0.8171946406364441
96.0,4.0,0.9937548637390137,0.006245651748031378,0.03764898329973221,0.9987574815750122,0.8191737532615662,0.8191445469856262,0.9945082068443298,0.005491879303008318,0.03571448102593422,0.9987276196479797,0.8419930934906006,0.8419227004051208
97.0,0.0,0.9938454627990723,0.006155082955956459,0.0358639694750309,0.9987764954566956,0.8197505474090576,0.8196868896484375,0.9941464066505432,0.0058535197749733925,0.04279949143528938,0.9986497163772583,0.8396658897399902,0.8397109508514404
97.0,1.0,0.9939559102058411,0.006044240668416023,0.03778773918747902,0.99874347448349,0.8264678716659546,0.8264415860176086,0.9937044978141785,0.006295398343354464,0.0350751169025898,0.9987819194793701,0.8128124475479126,0.8127250671386719
97.0,2.0,0.9937697052955627,0.006230647210031748,0.037573132663965225,0.9987384080886841,0.8278961181640625,0.8278957605361938,0.9944507479667664,0.00554928183555603,0.03584511578083038,0.9988025426864624,0.8071268200874329,0.806907057762146
97.0,3.0,0.9942036271095276,0.005797239951789379,0.037380050867795944,0.9987413287162781,0.8254023790359497,0.8253244161605835,0.992716372013092,0.00728383706882596,0.03675948455929756,0.9987928867340088,0.8170604705810547,0.81719571352005
97.0,4.0,0.9937555193901062,0.006244718562811613,0.037655849009752274,0.9987571239471436,0.8191783428192139,0.8191461563110352,0.9945091605186462,0.005490603856742382,0.03577279672026634,0.9987267255783081,0.8419826626777649,0.8419206142425537
98.0,0.0,0.9938463568687439,0.006154275964945555,0.03584748134016991,0.9987761378288269,0.8197498321533203,0.8196873664855957,0.994147777557373,0.005852448754012585,0.04280361533164978,0.998650074005127,0.8396642208099365,0.839713454246521
98.0,1.0,0.993956983089447,0.006043292582035065,0.03778767213225365,0.9987434148788452,0.8264710307121277,0.8264422416687012,0.9937052726745605,0.006294520106166601,0.03508937358856201,0.9987821578979492,0.8128129839897156,0.8127261996269226
98.0,2.0,0.9937706589698792,0.006229649297893047,0.037572529166936874,0.9987382292747498,0.8278917670249939,0.8278948068618774,0.9944518208503723,0.00554783595725894,0.03586651012301445,0.998802661895752,0.8071271777153015,0.8069085478782654
98.0,3.0,0.994204044342041,0.0057963174767792225,0.03739730641245842,0.9987406730651855,0.8253983855247498,0.8253245949745178,0.9927188158035278,0.007281412370502949,0.03677169978618622,0.9987927675247192,0.8170689940452576,0.8171947002410889
98.0,4.0,0.9937567114830017,0.006243755109608173,0.03766264021396637,0.9987574815750122,0.8191792368888855,0.819148063659668,0.9945100545883179,0.005489878822118044,0.03571019321680069,0.9987277388572693,0.8419985175132751,0.841921865940094
99.0,0.0,0.9938477873802185,0.006153148133307695,0.03584900125861168,0.9987770318984985,0.8197546601295471,0.8196895122528076,0.9941480755805969,0.005851841997355223,0.04281968995928764,0.9986506700515747,0.8396719098091125,0.8397148251533508
99.0,1.0,0.9939584732055664,0.006042364053428173,0.03776294365525246,0.998744010925293,0.8264720439910889,0.8264442682266235,0.993706464767456,0.006293689366430044,0.035097885876894,0.9987825155258179,0.8128126263618469,0.8127272129058838
99.0,2.0,0.9937715530395508,0.006228683516383171,0.03759637475013733,0.9987386465072632,0.8278965950012207,0.8278963565826416,0.994452714920044,0.0055469851940870285,0.03585251793265343,0.9988035559654236,0.8071292638778687,0.8069087266921997
99.0,3.0,0.9942052960395813,0.0057954443618655205,0.03740144893527031,0.9987418055534363,0.8254030346870422,0.8253281712532043,0.9927191138267517,0.007281163707375526,0.03678235039114952,0.9987934231758118,0.8170657157897949,0.8171968460083008
99.0,4.0,0.9937581419944763,0.006242864299565554,0.03764981031417847,0.9987579584121704,0.8191789984703064,0.819147527217865,0.9945118427276611,0.005488497670739889,0.03573376312851906,0.9987273216247559,0.841992199420929,0.8419219255447388
100.0,0.0,0.9938480854034424,0.006152156740427017,0.03586779907345772,0.9987766742706299,0.819753110408783,0.8196886777877808,0.9941486716270447,0.005851187277585268,0.042765263468027115,0.9986506700515747,0.8396737575531006,0.8397145867347717
100.0,1.0,0.9939577579498291,0.006041483487933874,0.03778237849473953,0.9987428784370422,0.8264700770378113,0.826441764831543,0.9937077760696411,0.0062927622348070145,0.03512474521994591,0.9987833499908447,0.8128198385238647,0.812729001045227
100.0,2.0,0.9937727451324463,0.006227673962712288,0.0376119539141655,0.9987390637397766,0.8278918266296387,0.8278955221176147,0.9944528341293335,0.005546871107071638,0.03585851937532425,0.9988042116165161,0.8071423172950745,0.8069114089012146
100.0,3.0,0.9942060708999634,0.005794670432806015,0.03741565719246864,0.9987413287162781,0.8254021406173706,0.8253268003463745,0.9927206039428711,0.007280042394995689,0.0368221215903759,0.9987934827804565,0.8170667290687561,0.8171966671943665
100.0,4.0,0.9937584400177002,0.006241907831281424,0.037671152502298355,0.9987576007843018,0.8191794157028198,0.819147527217865,0.9945124983787537,0.005487501155585051,0.03571160137653351,0.9987284541130066,0.8419950008392334,0.8419257998466492
101.0,0.0,0.9938486218452454,0.0061512901447713375,0.03586733341217041,0.9987766742706299,0.8197528719902039,0.8196896314620972,0.9941500425338745,0.005850028246641159,0.04283595085144043,0.9986518621444702,0.8396695256233215,0.8397180438041687
101.0,1.0,0.9939589500427246,0.006040473002940416,0.03777213767170906,0.99874347448349,0.8264746069908142,0.8264448046684265,0.9937079548835754,0.006291965022683144,0.035118985921144485,0.9987825751304626,0.8128103017807007,0.8127257227897644
101.0,2.0,0.993773341178894,0.00622692983597517,0.03758290410041809,0.9987393617630005,0.8278940320014954,0.8278976678848267,0.9944547414779663,0.00554500799626112,0.03587253391742706,0.9988032579421997,0.8071314096450806,0.8069098591804504
101.0,3.0,0.9942063093185425,0.00579356262460351,0.03743426874279976,0.9987401366233826,0.825400173664093,0.8253260254859924,0.9927216172218323,0.00727841118350625,0.03678358346223831,0.9987935423851013,0.8170687556266785,0.8171980977058411
101.0,4.0,0.9937595129013062,0.006240897346287966,0.037646349519491196,0.9987583756446838,0.8191823959350586,0.8191508054733276,0.9945129156112671,0.005486765876412392,0.03573925793170929,0.9987279772758484,0.8419923782348633,0.8419240117073059
102.0,0.0,0.9938490986824036,0.006150356959551573,0.03587005287408829,0.9987777471542358,0.819756269454956,0.8196914196014404,0.9941505789756775,0.0058492133393883705,0.04281988367438316,0.9986521601676941,0.8396690487861633,0.8397188186645508
102.0,1.0,0.9939601421356201,0.006039473228156567,0.03777267038822174,0.998744010925293,0.8264734148979187,0.8264437913894653,0.9937088489532471,0.006291055120527744,0.03513820096850395,0.9987826943397522,0.812805712223053,0.8127266764640808
102.0,2.0,0.9937736988067627,0.00622599758207798,0.03761376067996025,0.9987393021583557,0.8278940320014954,0.8278990983963013,0.9944550395011902,0.0055450149811804295,0.03585372492671013,0.9988046288490295,0.8071395754814148,0.8069120049476624
102.0,3.0,0.9942069053649902,0.005792670883238316,0.03741986304521561,0.9987416863441467,0.8254048824310303,0.825329065322876,0.9927219748497009,0.0072782039642333984,0.03678248077630997,0.9987935423851013,0.8170661926269531,0.8171983361244202
102.0,4.0,0.9937607049942017,0.006239868700504303,0.03767232224345207,0.9987584352493286,0.8191803097724915,0.8191490173339844,0.9945142865180969,0.00548575958237052,0.035719938576221466,0.9987279772758484,0.8419950008392334,0.8419236540794373
103.0,0.0,0.9938511848449707,0.006149425636976957,0.03586023300886154,0.9987778067588806,0.8197532296180725,0.819689929485321,0.9941517114639282,0.005848280154168606,0.042848411947488785,0.998650848865509,0.8396674394607544,0.8397175669670105
103.0,1.0,0.9939621090888977,0.006038553547114134,0.03781211003661156,0.9987457990646362,0.8264719843864441,0.8264457583427429,0.9937102198600769,0.006290231831371784,0.03512227535247803,0.9987838268280029,0.8128215074539185,0.8127301335334778
103.0,2.0,0.9937753677368164,0.0062249996699392796,0.037605345249176025,0.9987388849258423,0.8278986215591431,0.8278984427452087,0.9944556355476379,0.005543878301978111,0.03584583103656769,0.9988043904304504,0.807144284248352,0.8069146275520325
103.0,3.0,0.9942083358764648,0.005791704636067152,0.03744250908493996,0.9987420439720154,0.8254055976867676,0.8253297805786133,0.9927233457565308,0.007276684977114201,0.0367952361702919,0.9987943172454834,0.8170729875564575,0.8171991109848022
103.0,4.0,0.9937604665756226,0.006239162292331457,0.03767743706703186,0.9987589120864868,0.8191853165626526,0.8191538453102112,0.9945154190063477,0.0054845185950398445,0.035762231796979904,0.9987280964851379,0.8419947624206543,0.8419250249862671
104.0,0.0,0.9938511252403259,0.00614846171811223,0.035889554768800735,0.998777449131012,0.8197563886642456,0.8196930289268494,0.9941523671150208,0.005847644060850143,0.04284902289509773,0.9986516833305359,0.8396761417388916,0.839718222618103
104.0,1.0,0.9939625263214111,0.006037509068846703,0.03783400356769562,0.9987444281578064,0.8264771103858948,0.8264473676681519,0.9937106370925903,0.006289581768214703,0.03510894998908043,0.998784065246582,0.8128209710121155,0.8127321600914001
104.0,2.0,0.9937766194343567,0.006224161013960838,0.03762215003371239,0.99873948097229,0.8278984427452087,0.8278990387916565,0.9944577217102051,0.005542533006519079,0.03587430715560913,0.9988048672676086,0.8071494102478027,0.806919276714325
104.0,3.0,0.9942097663879395,0.005790716502815485,0.03742639347910881,0.9987424612045288,0.8254128694534302,0.8253308534622192,0.9927220940589905,0.007277673576027155,0.03684762865304947,0.9987940192222595,0.8170590996742249,0.8171995282173157
104.0,4.0,0.9937623739242554,0.006238366011530161,0.03767579793930054,0.9987590312957764,0.8191853165626526,0.8191527724266052,0.9945168495178223,0.005483312997967005,0.03577088937163353,0.9987295269966125,0.8419879078865051,0.8419273495674133
105.0,0.0,0.993852972984314,0.006147551350295544,0.035869576036930084,0.9987784028053284,0.8197558522224426,0.8196936249732971,0.994153618812561,0.005846512969583273,0.04289166256785393,0.9986515045166016,0.8396709561347961,0.8397194743156433
105.0,1.0,0.9939633011817932,0.006036568898707628,0.03783326968550682,0.9987451434135437,0.8264760375022888,0.8264477849006653,0.993710994720459,0.0062888809479773045,0.03511013463139534,0.9987839460372925,0.8128184080123901,0.8127301335334778
105.0,2.0,0.9937766194343567,0.0062231700867414474,0.037613850086927414,0.9987401962280273,0.8279003500938416,0.8279023170471191,0.9944583177566528,0.005541897378861904,0.03585398197174072,0.9988054037094116,0.8071529865264893,0.8069202303886414
105.0,3.0,0.9942108988761902,0.005789867136627436,0.0374116487801075,0.9987428188323975,0.8254101276397705,0.8253315687179565,0.9927236437797546,0.00727646192535758,0.03685375303030014,0.9987940788269043,0.8170595169067383,0.8171985745429993
105.0,4.0,0.9937629103660583,0.0062373727560043335,0.03767303377389908,0.9987586140632629,0.8191856145858765,0.8191545009613037,0.9945176243782043,0.005482509266585112,0.03577897325158119,0.9987285733222961,0.841988205909729,0.8419255614280701
106.0,0.0,0.9938530921936035,0.006146482657641172,0.03588905185461044,0.9987783432006836,0.8197615742683411,0.8196947574615479,0.9941545724868774,0.005845530424267054,0.042912933975458145,0.9986532330513,0.8396673202514648,0.8397207260131836
106.0,1.0,0.9939635396003723,0.006035481113940477,0.037839796394109726,0.9987453818321228,0.8264768719673157,0.8264490962028503,0.9937118291854858,0.006288308184593916,0.035117924213409424,0.998784065246582,0.812818706035614,0.8127298951148987
106.0,2.0,0.9937784075737,0.0062223211862146854,0.037600040435791016,0.9987404942512512,0.8279055953025818,0.8279045820236206,0.9944592118263245,0.005540700629353523,0.03588167577981949,0.9988057017326355,0.8071513175964355,0.8069217205047607
106.0,3.0,0.9942110776901245,0.005789016839116812,0.03743823245167732,0.9987425804138184,0.8254072070121765,0.8253321051597595,0.99272620677948,0.007273900788277388,0.036804527044296265,0.9987950325012207,0.8170729875564575,0.817200243473053
106.0,4.0,0.9937642812728882,0.006236403249204159,0.03768550604581833,0.998760461807251,0.8191919326782227,0.8191547393798828,0.9945186972618103,0.005481467116624117,0.035806797444820404,0.9987284541130066,0.8419823050498962,0.8419244289398193
107.0,0.0,0.9938542246818542,0.0061455657705664635,0.03588426858186722,0.9987787008285522,0.8197553753852844,0.819695234298706,0.99415522813797,0.005845041014254093,0.042842406779527664,0.9986518621444702,0.839675784111023,0.8397186398506165
107.0,1.0,0.9939658641815186,0.006034621968865395,0.03781978785991669,0.9987452626228333,0.8264854550361633,0.8264521956443787,0.9937124848365784,0.006287595722824335,0.035167720168828964,0.9987828731536865,0.8128072023391724,0.8127285242080688
107.0,2.0,0.9937787055969238,0.0062214829958975315,0.037643469870090485,0.9987418055534363,0.8279038071632385,0.8279047012329102,0.9944605827331543,0.005539146717637777,0.035898707807064056,0.9988053441047668,0.8071441650390625,0.8069214820861816
107.0,3.0,0.9942116737365723,0.005788016133010387,0.03745817393064499,0.9987428784370422,0.825410008430481,0.8253340721130371,0.9927269816398621,0.007273067254573107,0.036843251436948776,0.9987961053848267,0.8170791864395142,0.8172057271003723
107.0,4.0,0.9937649965286255,0.006235485430806875,0.03770202398300171,0.9987595081329346,0.8191887736320496,0.8191549181938171,0.9945189356803894,0.005480685271322727,0.035699259489774704,0.9987301230430603,0.8420071005821228,0.8419296741485596
108.0,0.0,0.9938549995422363,0.006144634913653135,0.03590906038880348,0.9987794756889343,0.8197689056396484,0.8196986317634583,0.9941563010215759,0.005843698978424072,0.04294396564364433,0.9986537098884583,0.8396698236465454,0.8397226929664612
108.0,1.0,0.9939662218093872,0.006033658515661955,0.03786248341202736,0.998745322227478,0.8264808058738708,0.8264511823654175,0.9937142729759216,0.0062856655567884445,0.03515502065420151,0.9987848401069641,0.8128203749656677,0.8127346038818359
108.0,2.0,0.9937801957130432,0.006220346316695213,0.03763447701931,0.9987401962280273,0.8279024362564087,0.8279034495353699,0.9944618344306946,0.005538592580705881,0.03586941957473755,0.9988059997558594,0.8071516156196594,0.8069218993186951
108.0,3.0,0.9942139387130737,0.00578705919906497,0.03744499385356903,0.9987438917160034,0.8254126310348511,0.8253378868103027,0.9927277565002441,0.0072722830809652805,0.03685332089662552,0.9987947344779968,0.8170713186264038,0.8172018527984619
108.0,4.0,0.9937655329704285,0.006234567146748304,0.03769346699118614,0.9987599849700928,0.8191900849342346,0.8191584348678589,0.9945202469825745,0.005479790270328522,0.035766247659921646,0.9987297058105469,0.8420041799545288,0.8419284820556641
109.0,0.0,0.9938570857048035,0.006143675651401281,0.03591077774763107,0.9987798929214478,0.8197688460350037,0.819699227809906,0.9941566586494446,0.005843007937073708,0.04295562207698822,0.9986536502838135,0.8396686315536499,0.8397229313850403
109.0,1.0,0.9939671158790588,0.0060328408144414425,0.037841539829969406,0.998746395111084,0.8264814615249634,0.8264535069465637,0.9937152862548828,0.006285024341195822,0.035098299384117126,0.9987853765487671,0.812820315361023,0.8127354383468628
109.0,2.0,0.9937812089920044,0.006219495087862015,0.03765136003494263,0.9987418055534363,0.8279069066047668,0.8279057741165161,0.9944624304771423,0.005537773482501507,0.035869527608156204,0.9988064765930176,0.8071532249450684,0.8069261312484741
109.0,3.0,0.9942139983177185,0.005786198657006025,0.037426769733428955,0.9987430572509766,0.8254129886627197,0.825334370136261,0.9927279949188232,0.007272198796272278,0.03686853125691414,0.998795747756958,0.8170724511146545,0.8172052502632141
109.0,4.0,0.9937668442726135,0.006233686581254005,0.0377022810280323,0.9987603425979614,0.81918865442276,0.8191594481468201,0.9945215582847595,0.0054789576679468155,0.03579909726977348,0.9987300038337708,0.8419963121414185,0.8419284820556641
110.0,0.0,0.9938576221466064,0.006142838392406702,0.03591190278530121,0.998779296875,0.8197653889656067,0.8197002410888672,0.9941585063934326,0.00584208220243454,0.042860545217990875,0.9986534118652344,0.8396785855293274,0.8397222757339478
110.0,1.0,0.9939686059951782,0.006031927652657032,0.03782196715474129,0.9987461566925049,0.8264848589897156,0.826454222202301,0.9937158823013306,0.006284494884312153,0.03511475771665573,0.998785138130188,0.8128232359886169,0.8127341270446777
110.0,2.0,0.9937817454338074,0.006218555383384228,0.03765184432268143,0.9987416863441467,0.8279075026512146,0.8279058933258057,0.9944631457328796,0.005536837503314018,0.035849083214998245,0.998806893825531,0.8071537017822266,0.8069252371788025
110.0,3.0,0.9942151308059692,0.0057851714082062244,0.03745473548769951,0.9987441897392273,0.8254105448722839,0.8253373503684998,0.9927297830581665,0.007270332891494036,0.036845043301582336,0.9987969994544983,0.8170825839042664,0.8172099590301514
110.0,4.0,0.9937679171562195,0.006232807878404856,0.037696659564971924,0.9987609386444092,0.8191938400268555,0.8191614151000977,0.9945226311683655,0.005477737635374069,0.035789817571640015,0.9987316131591797,0.8420075178146362,0.8419337868690491
111.0,0.0,0.9938578605651855,0.006141889374703169,0.035882361233234406,0.998780369758606,0.8197678327560425,0.8196998834609985,0.9941585063934326,0.005841190926730633,0.042996346950531006,0.9986526370048523,0.8396739363670349,0.8397218585014343
111.0,1.0,0.9939690828323364,0.006031053606420755,0.03784345090389252,0.9987469911575317,0.8264870047569275,0.8264557719230652,0.9937167763710022,0.0062830704264342785,0.03521685302257538,0.9987856149673462,0.8128160834312439,0.8127368092536926
111.0,2.0,0.9937833547592163,0.0062176138162612915,0.0376753956079483,0.9987411499023438,0.8279054760932922,0.82790607213974,0.994464099407196,0.005535988137125969,0.03588156774640083,0.9988061785697937,0.8071501851081848,0.8069255352020264
111.0,3.0,0.9942162036895752,0.005784284323453903,0.03744339197874069,0.9987437129020691,0.8254134654998779,0.8253393173217773,0.9927307367324829,0.007269416004419327,0.036875054240226746,0.9987969398498535,0.8170819878578186,0.8172085881233215
111.0,4.0,0.9937676191329956,0.006231824401766062,0.037712134420871735,0.9987601041793823,0.819194495677948,0.8191598057746887,0.9945239424705505,0.005476569291204214,0.03581341728568077,0.9987303614616394,0.8419935703277588,0.8419302105903625
112.0,0.0,0.9938592314720154,0.006140983663499355,0.035929467529058456,0.998779833316803,0.8197667002677917,0.8197007775306702,0.9941595196723938,0.005840340629220009,0.04297100380063057,0.9986542463302612,0.8396734595298767,0.8397286534309387
112.0,1.0,0.9939706325531006,0.006030126009136438,0.037846457213163376,0.998746395111084,0.826485812664032,0.8264564871788025,0.9937177896499634,0.006282045505940914,0.035115763545036316,0.9987859129905701,0.8128247261047363,0.8127379417419434
112.0,2.0,0.993783175945282,0.006216579582542181,0.03764784336090088,0.9987417459487915,0.8279114961624146,0.8279085755348206,0.9944655299186707,0.0055345287546515465,0.03589726239442825,0.9988062977790833,0.8071448802947998,0.8069275617599487
112.0,3.0,0.9942173361778259,0.005783400032669306,0.037477005273103714,0.998744010925293,0.8254145979881287,0.8253406286239624,0.9927313923835754,0.007268620189279318,0.03684768080711365,0.9987966418266296,0.8170806765556335,0.8172104954719543
112.0,4.0,0.9937702417373657,0.006230903789401054,0.03770236298441887,0.9987607598304749,0.8191977739334106,0.8191618323326111,0.9945243000984192,0.0054757739417254925,0.0358101986348629,0.9987313151359558,0.8420044183731079,0.8419325351715088
113.0,0.0,0.9938607215881348,0.006140023935586214,0.03595426306128502,0.9987791180610657,0.819766640663147,0.8197017908096313,0.9941602945327759,0.005839587654918432,0.04288317263126373,0.9986538887023926,0.8396866321563721,0.8397300839424133
113.0,1.0,0.993971049785614,0.006029208190739155,0.037869613617658615,0.9987476468086243,0.8264876008033752,0.8264569640159607,0.9937186241149902,0.0062812441028654575,0.03509504348039627,0.9987865090370178,0.8128273487091064,0.8127390742301941
113.0,2.0,0.9937850832939148,0.006215686444193125,0.037656936794519424,0.9987426400184631,0.827912449836731,0.8279088735580444,0.9944658279418945,0.005533811170607805,0.035910602658987045,0.998806893825531,0.807151198387146,0.8069289922714233
113.0,3.0,0.9942179918289185,0.005782332271337509,0.03747578337788582,0.9987440705299377,0.8254135251045227,0.825339138507843,0.9927318096160889,0.007268448360264301,0.036892298609018326,0.9987967610359192,0.8170772194862366,0.8172096610069275
113.0,4.0,0.9937700033187866,0.006230009254068136,0.037696901708841324,0.9987612366676331,0.8191983103752136,0.8191635012626648,0.9945248961448669,0.005474835634231567,0.03581230714917183,0.998731791973114,0.8419961333274841,0.8419327139854431
114.0,0.0,0.9938609004020691,0.006139048375189304,0.03593940660357475,0.9987815022468567,0.8197672367095947,0.819703996181488,0.9941613078117371,0.005838547833263874,0.042890794575214386,0.9986539483070374,0.8396889567375183,0.8397313952445984
114.0,1.0,0.9939727187156677,0.0060282074846327305,0.037857744842767715,0.9987481832504272,0.8264909386634827,0.8264585733413696,0.9937198162078857,0.006280060391873121,0.03515838459134102,0.9987854957580566,0.8128210306167603,0.8127371668815613
114.0,2.0,0.9937859773635864,0.006214757915586233,0.03767118975520134,0.9987414479255676,0.8279131054878235,0.827910304069519,0.9944665431976318,0.005533178802579641,0.03591248765587807,0.9988073110580444,0.8071487545967102,0.8069284558296204
114.0,3.0,0.9942188858985901,0.005781569518148899,0.037484586238861084,0.9987452626228333,0.8254181146621704,0.8253422379493713,0.9927327632904053,0.007267305627465248,0.03686727210879326,0.9987972974777222,0.8170800805091858,0.8172114491462708
114.0,4.0,0.9937723278999329,0.006228941958397627,0.03774658218026161,0.9987611770629883,0.8191950917243958,0.8191649317741394,0.9945258498191833,0.005474010016769171,0.03583475947380066,0.9987322688102722,0.8420001864433289,0.8419340252876282
115.0,0.0,0.9938619136810303,0.006138077471405268,0.03593787923455238,0.9987809062004089,0.8197689652442932,0.8197031617164612,0.994162380695343,0.00583755224943161,0.04291972890496254,0.9986541271209717,0.8396875858306885,0.8397318720817566
115.0,1.0,0.9939730763435364,0.006027376279234886,0.0378556102514267,0.9987480640411377,0.8264920711517334,0.8264608979225159,0.993721067905426,0.006279057823121548,0.035108551383018494,0.9987865090370178,0.8128277659416199,0.8127400279045105
115.0,2.0,0.9937871098518372,0.00621385732665658,0.03765686973929405,0.9987425804138184,0.827914297580719,0.8279123306274414,0.994468092918396,0.005531879607588053,0.03589833900332451,0.9988075494766235,0.8071516752243042,0.8069305419921875
115.0,3.0,0.9942197799682617,0.005780505016446114,0.037468086928129196,0.9987451434135437,0.8254192471504211,0.8253436088562012,0.9927330613136292,0.0072664604522287846,0.03689800202846527,0.9987978935241699,0.8170878291130066,0.8172151446342468
115.0,4.0,0.9937725067138672,0.006228127051144838,0.03771835193037987,0.9987607598304749,0.819198489189148,0.8191660642623901,0.9945266246795654,0.005473198834806681,0.035840295255184174,0.9987323880195618,0.8419966101646423,0.8419373631477356
116.0,0.0,0.993862509727478,0.0061373282223939896,0.035943564027547836,0.998782217502594,0.8197683095932007,0.819704532623291,0.9941632151603699,0.0058367555029690266,0.042876895517110825,0.998653769493103,0.8396892547607422,0.8397318720817566
116.0,1.0,0.9939740300178528,0.006026293616741896,0.03787042945623398,0.9987490773200989,0.8264943361282349,0.8264626264572144,0.9937217235565186,0.006278243847191334,0.03516026586294174,0.9987859129905701,0.8128199577331543,0.8127382397651672
116.0,2.0,0.9937881827354431,0.006212929263710976,0.037671469151973724,0.9987437725067139,0.8279110193252563,0.8279128670692444,0.9944689869880676,0.005531274247914553,0.03591322526335716,0.9988070726394653,0.807151734828949,0.8069289326667786
116.0,3.0,0.9942207932472229,0.005779633764177561,0.03748837113380432,0.9987451434135437,0.825420081615448,0.8253439664840698,0.9927346110343933,0.007265541702508926,0.03690206632018089,0.9987975358963013,0.817085862159729,0.8172140121459961
116.0,4.0,0.993772029876709,0.006227192468941212,0.037737589329481125,0.998762309551239,0.8191973567008972,0.819166362285614,0.9945281744003296,0.005472244694828987,0.035827845335006714,0.9987324476242065,0.8420062065124512,0.8419339656829834
117.0,0.0,0.9938640594482422,0.0061361780390143394,0.0359247550368309,0.9987814426422119,0.8197723627090454,0.8197064995765686,0.9941638708114624,0.005835719406604767,0.042932331562042236,0.9986550211906433,0.8396876454353333,0.8397338390350342
117.0,1.0,0.9939752221107483,0.006025462411344051,0.037861570715904236,0.9987484216690063,0.8264910578727722,0.8264646530151367,0.9937227964401245,0.00627707177773118,0.03514024242758751,0.9987872242927551,0.8128293752670288,0.8127411007881165
117.0,2.0,0.9937885403633118,0.0062118833884596825,0.03768444061279297,0.9987437129020691,0.8279152512550354,0.8279129862785339,0.994469404220581,0.00553025770932436,0.03592812269926071,0.9988082647323608,0.807153046131134,0.8069305419921875
117.0,3.0,0.9942218065261841,0.005778698716312647,0.03746427968144417,0.9987464547157288,0.8254202604293823,0.8253472447395325,0.9927366375923157,0.007263620384037495,0.03688905015587807,0.9987989664077759,0.8170926570892334,0.8172173500061035
117.0,4.0,0.9937744736671448,0.006226125173270702,0.03771313279867172,0.998762309551239,0.8192019462585449,0.8191679120063782,0.9945284724235535,0.0054712435230612755,0.03580993786454201,0.9987328052520752,0.8419991135597229,0.8419386148452759
118.0,0.0,0.9938664436340332,0.006135276984423399,0.03595000505447388,0.9987817406654358,0.8197715282440186,0.8197073936462402,0.9941648244857788,0.005834804382175207,0.04288693889975548,0.9986547827720642,0.8396899700164795,0.8397336006164551
118.0,1.0,0.9939758777618408,0.006024617701768875,0.03786217048764229,0.9987489581108093,0.8264956474304199,0.82646244764328,0.9937237501144409,0.006275839637964964,0.035199638456106186,0.9987866282463074,0.8128206133842468,0.812740683555603
118.0,2.0,0.9937892556190491,0.0062110633589327335,0.03769129887223244,0.9987436532974243,0.827914834022522,0.8279158473014832,0.9944704174995422,0.0055294460617005825,0.035915832966566086,0.9988079071044922,0.8071537017822266,0.8069326877593994
118.0,3.0,0.9942233562469482,0.005777689162641764,0.03746573626995087,0.9987464547157288,0.8254213333129883,0.8253461718559265,0.9927372336387634,0.007263310719281435,0.036899350583553314,0.9987989664077759,0.8170915246009827,0.8172187209129333
118.0,4.0,0.9937751889228821,0.006225229240953922,0.03771667182445526,0.9987618923187256,0.8192009925842285,0.81916743516922,0.9945293664932251,0.005470555275678635,0.03578058257699013,0.9987339377403259,0.8420175313949585,0.8419426083564758
119.0,0.0,0.9938659071922302,0.006134200841188431,0.0359434150159359,0.998782217502594,0.819774866104126,0.819709062576294,0.9941666126251221,0.0058336565271019936,0.042961105704307556,0.9986566305160522,0.8396850824356079,0.8397400379180908
119.0,1.0,0.9939776062965393,0.006023547612130642,0.037887025624513626,0.9987497925758362,0.8264926671981812,0.8264661431312561,0.993725061416626,0.006274599581956863,0.03513890504837036,0.9987868666648865,0.812829315662384,0.812741219997406
119.0,2.0,0.9937904477119446,0.006210030522197485,0.037681423127651215,0.9987433552742004,0.8279172778129578,0.8279159069061279,0.9944716691970825,0.005528600886464119,0.03592241182923317,0.9988080859184265,0.807155966758728,0.8069321513175964
119.0,3.0,0.9942233562469482,0.005776858422905207,0.037467096000909805,0.9987462759017944,0.8254217505455017,0.8253477215766907,0.9927379488945007,0.007262362167239189,0.03694808483123779,0.9987988471984863,0.8170921802520752,0.8172184228897095
119.0,4.0,0.9937760233879089,0.006224207114428282,0.037746649235486984,0.9987630844116211,0.8192007541656494,0.8191696405410767,0.9945304989814758,0.005469819996505976,0.035768233239650726,0.9987345933914185,0.8420193791389465,0.8419416546821594
120.0,0.0,0.9938684701919556,0.0061322227120399475,0.035921402275562286,0.9987812042236328,0.8197799921035767,0.8197089433670044,0.9941689968109131,0.005831234622746706,0.042857520282268524,0.9986549019813538,0.8396952748298645,0.8397347927093506
120.0,1.0,0.9939788579940796,0.006021701730787754,0.037857785820961,0.998749852180481,0.826502799987793,0.8264652490615845,0.9937275648117065,0.006272707134485245,0.03513983264565468,0.9987870454788208,0.8128283619880676,0.812742292881012
120.0,2.0,0.9937928318977356,0.0062079839408397675,0.037671174854040146,0.9987443089485168,0.8279184103012085,0.8279176950454712,0.994473397731781,0.005526725202798843,0.035932861268520355,0.9988088607788086,0.8071607947349548,0.8069347143173218
120.0,3.0,0.9942258596420288,0.0057750362902879715,0.03744589164853096,0.9987462162971497,0.8254327774047852,0.825346827507019,0.9927405714988708,0.007259407080709934,0.03684002161026001,0.9988003969192505,0.8171064853668213,0.8172218799591064
120.0,4.0,0.9937775731086731,0.0062222350388765335,0.03772096335887909,0.9987630248069763,0.8192075490951538,0.8191699385643005,0.9945304989814758,0.0054695154540240765,0.03581605479121208,0.9987344741821289,0.8420143723487854,0.8419463038444519
121.0,0.0,0.9938674569129944,0.006132056005299091,0.035944484174251556,0.9987832307815552,0.8197759389877319,0.8197117447853088,0.9941689968109131,0.005831034388393164,0.042907778173685074,0.9986547827720642,0.8396927714347839,0.839733362197876
121.0,1.0,0.9939792156219482,0.006021542474627495,0.03787989541888237,0.9987487196922302,0.826498806476593,0.8264662027359009,0.9937276840209961,0.0062724812887609005,0.0351802222430706,0.9987870454788208,0.8128262162208557,0.8127415180206299
121.0,2.0,0.9937922358512878,0.006207871250808239,0.037688661366701126,0.9987439513206482,0.8279157280921936,0.8279170989990234,0.9944732785224915,0.005526640918105841,0.03592972829937935,0.9988089203834534,0.8071600198745728,0.8069353103637695
121.0,3.0,0.9942260384559631,0.005774900782853365,0.03746466338634491,0.998746931552887,0.8254307508468628,0.8253479599952698,0.9927400350570679,0.00725948391482234,0.03683779016137123,0.9988003373146057,0.8171048164367676,0.8172211050987244
121.0,4.0,0.9937782883644104,0.006222177762538195,0.037715714424848557,0.9987626075744629,0.8192064762115479,0.8191694617271423,0.9945305585861206,0.005469260737299919,0.03582891449332237,0.998734712600708,0.8420107364654541,0.8419464230537415
122.0,0.0,0.9938681125640869,0.0061319624073803425,0.035942476242780685,0.9987821578979492,0.8197756409645081,0.8197116851806641,0.9941688179969788,0.00583099527284503,0.04290693625807762,0.9986552596092224,0.8396902084350586,0.8397339582443237
122.0,1.0,0.993979275226593,0.006021490786224604,0.03787411004304886,0.9987497329711914,0.8264975547790527,0.8264662027359009,0.993727445602417,0.006272351369261742,0.03519519418478012,0.998787522315979,0.8128264546394348,0.8127427697181702
122.0,2.0,0.9937918186187744,0.006207870319485664,0.03769605606794357,0.9987442493438721,0.8279141783714294,0.8279181718826294,0.9944730401039124,0.005526638124138117,0.0359320342540741,0.998809278011322,0.8071590662002563,0.8069355487823486
122.0,3.0,0.9942252039909363,0.005774857942014933,0.03745715692639351,0.9987466931343079,0.825430691242218,0.8253475427627563,0.9927406907081604,0.007259465754032135,0.03682221099734306,0.9988002181053162,0.817103385925293,0.8172206282615662
122.0,4.0,0.9937776327133179,0.006222143303602934,0.037714842706918716,0.9987637400627136,0.8192059993743896,0.8191701769828796,0.9945309162139893,0.00546919135376811,0.03584374859929085,0.9987354278564453,0.8420107364654541,0.8419471979141235
123.0,0.0,0.9938688278198242,0.00613190233707428,0.035939667373895645,0.9987839460372925,0.8197740316390991,0.8197106719017029,0.9941692352294922,0.005830963142216206,0.04290569946169853,0.9986549615859985,0.8396900296211243,0.8397352695465088
123.0,1.0,0.9939787983894348,0.006021436769515276,0.037874434143304825,0.9987483024597168,0.8264976143836975,0.8264667391777039,0.9937276840209961,0.006272329017519951,0.03519350290298462,0.9987878799438477,0.8128278851509094,0.8127450346946716
123.0,2.0,0.9937924146652222,0.006207767874002457,0.03768831863999367,0.998744785785675,0.8279148936271667,0.8279179334640503,0.9944732785224915,0.005526512395590544,0.035928819328546524,0.9988086819648743,0.8071572780609131,0.8069352507591248
123.0,3.0,0.994225025177002,0.005774799734354019,0.03747446462512016,0.9987461566925049,0.8254289031028748,0.8253481388092041,0.9927403330802917,0.007259419187903404,0.03683708235621452,0.9987999796867371,0.8171034455299377,0.8172205686569214
123.0,4.0,0.9937773942947388,0.006222090683877468,0.037714920938014984,0.9987627267837524,0.8192040324211121,0.8191695213317871,0.9945303797721863,0.005469145718961954,0.035828616470098495,0.9987348914146423,0.8420117497444153,0.8419472575187683
124.0,0.0,0.9938675165176392,0.00613187113776803,0.03594996780157089,0.9987829327583313,0.8197728991508484,0.8197115063667297,0.9941688179969788,0.005830917041748762,0.04292112588882446,0.9986556768417358,0.8396902680397034,0.83973628282547
124.0,1.0,0.9939787983894348,0.0060213664546608925,0.03787871077656746,0.9987500905990601,0.826496958732605,0.8264670372009277,0.9937276244163513,0.0062722922302782536,0.035178858786821365,0.998786985874176,0.8128254413604736,0.812742292881012
124.0,2.0,0.9937927722930908,0.0062077403999865055,0.037697963416576385,0.9987451434135437,0.8279142379760742,0.8279176354408264,0.9944735169410706,0.005526414606720209,0.03592892363667488,0.9988089203834534,0.8071568012237549,0.8069360256195068
124.0,3.0,0.9942266941070557,0.005774716380983591,0.03747035562992096,0.9987474083900452,0.8254279494285583,0.8253486156463623,0.9927404522895813,0.007259411737322807,0.03685258328914642,0.9987998604774475,0.81710284948349,0.8172202706336975
124.0,4.0,0.9937776327133179,0.00622203852981329,0.03771368786692619,0.9987634420394897,0.8192048668861389,0.8191689252853394,0.9945306181907654,0.005469115450978279,0.035844143480062485,0.9987346529960632,0.842009961605072,0.8419470191001892
125.0,0.0,0.9938681721687317,0.006131768226623535,0.03594322130084038,0.9987829327583313,0.8197752833366394,0.8197115063667297,0.9941689968109131,0.005830866750329733,0.042921148240566254,0.9986557364463806,0.8396896719932556,0.8397361040115356
125.0,1.0,0.9939797520637512,0.006021343171596527,0.03787165507674217,0.9987494349479675,0.8264971971511841,0.8264676928520203,0.9937275648117065,0.006272288970649242,0.03517942130565643,0.9987873435020447,0.8128253221511841,0.8127423524856567
125.0,2.0,0.9937920570373535,0.006207701750099659,0.03768737241625786,0.9987443089485168,0.8279134035110474,0.8279184699058533,0.9944734573364258,0.005526422988623381,0.035929370671510696,0.9988090395927429,0.8071554899215698,0.8069350123405457
125.0,3.0,0.9942261576652527,0.005774652119725943,0.03746727108955383,0.9987462162971497,0.8254274129867554,0.8253484964370728,0.9927404522895813,0.007259372156113386,0.036822929978370667,0.9987998604774475,0.8171023726463318,0.817220151424408
125.0,4.0,0.9937777519226074,0.006222000811249018,0.037718262523412704,0.9987632036209106,0.8192040920257568,0.8191694617271423,0.9945309162139893,0.005468960851430893,0.03582721948623657,0.9987350702285767,0.8420111536979675,0.8419470191001892
126.0,0.0,0.9938684105873108,0.006131745874881744,0.035939570516347885,0.9987831115722656,0.8197740912437439,0.8197112083435059,0.9941689372062683,0.0058308872394263744,0.04292169213294983,0.9986560344696045,0.8396901488304138,0.8397364020347595
126.0,1.0,0.9939787983894348,0.006021269131451845,0.03788291662931442,0.998749852180481,0.8264967203140259,0.8264666199684143,0.9937277436256409,0.006272259633988142,0.03516434505581856,0.9987873435020447,0.8128255605697632,0.8127424716949463
126.0,2.0,0.9937925338745117,0.0062076738104224205,0.037687066942453384,0.9987442493438721,0.827913761138916,0.8279178738594055,0.9944736957550049,0.005526335444301367,0.035929419100284576,0.9988093376159668,0.8071570992469788,0.8069356679916382
126.0,3.0,0.9942250847816467,0.005774602759629488,0.03746691346168518,0.9987469911575317,0.8254282474517822,0.8253482580184937,0.9927408695220947,0.0072593423537909985,0.036838777363300323,0.9987998604774475,0.8171046376228333,0.8172211050987244
126.0,4.0,0.9937772750854492,0.006221996620297432,0.03771887719631195,0.9987633228302002,0.8192047476768494,0.8191697001457214,0.9945312738418579,0.005468941293656826,0.0358269028365612,0.9987354278564453,0.8420110940933228,0.8419472575187683
127.0,0.0,0.9938684105873108,0.006131702568382025,0.035942722111940384,0.9987826347351074,0.8197729587554932,0.8197111487388611,0.9941694140434265,0.005830845329910517,0.0429212711751461,0.9986555576324463,0.8396892547607422,0.8397362232208252
127.0,1.0,0.9939792156219482,0.006021208129823208,0.03788448125123978,0.9987486004829407,0.8264970779418945,0.8264678716659546,0.9937276244163513,0.006272183731198311,0.035178862512111664,0.9987877607345581,0.8128258585929871,0.8127429485321045
127.0,2.0,0.9937920570373535,0.006207609549164772,0.03768797591328621,0.9987440705299377,0.8279147744178772,0.827918529510498,0.9944735169410706,0.005526312626898289,0.03593003377318382,0.9988093376159668,0.8071550726890564,0.8069345355033875
127.0,3.0,0.9942257404327393,0.005774563644081354,0.03746302053332329,0.9987467527389526,0.8254271745681763,0.825348436832428,0.9927408695220947,0.007259333971887827,0.03683900088071823,0.9987998008728027,0.817103385925293,0.8172208070755005
127.0,4.0,0.9937793016433716,0.006221886724233627,0.03772309422492981,0.9987635016441345,0.8192041516304016,0.819171130657196,0.9945310354232788,0.005468826740980148,0.035811953246593475,0.9987348914146423,0.8420112729072571,0.8419467210769653
128.0,0.0,0.9938687086105347,0.0061316220089793205,0.0359482616186142,0.9987831115722656,0.8197740316390991,0.8197115063667297,0.9941688776016235,0.0058308676816523075,0.042936429381370544,0.9986563324928284,0.8396894335746765,0.8397368788719177
128.0,1.0,0.9939794540405273,0.006021187175065279,0.037870854139328,0.9987504482269287,0.8264974355697632,0.8264675140380859,0.99372798204422,0.0062721529975533485,0.03517923131585121,0.9987871646881104,0.8128255009651184,0.8127424120903015
128.0,2.0,0.9937920570373535,0.006207593251019716,0.037688128650188446,0.9987441301345825,0.8279147148132324,0.8279187679290771,0.9944735169410706,0.005526196677237749,0.03592958673834801,0.9988084435462952,0.807154655456543,0.8069348335266113
128.0,3.0,0.9942254424095154,0.005774501711130142,0.03745999559760094,0.9987465739250183,0.8254284858703613,0.8253488540649414,0.99274080991745,0.00725927809253335,0.036853957921266556,0.9987999796867371,0.8171058893203735,0.8172218203544617
128.0,4.0,0.993777871131897,0.006221887189894915,0.037722520530223846,0.998763382434845,0.819205105304718,0.8191700577735901,0.9945310950279236,0.0054686907678842545,0.03584176301956177,0.9987351894378662,0.8420121669769287,0.8419486880302429
129.0,0.0,0.993868350982666,0.006131570786237717,0.03593329340219498,0.9987819790840149,0.8197740316390991,0.8197110891342163,0.9941695928573608,0.005830854643136263,0.04292084276676178,0.9986556768417358,0.8396895527839661,0.8397364616394043
129.0,1.0,0.9939793348312378,0.006021163426339626,0.03787462040781975,0.9987494349479675,0.8264975547790527,0.8264670372009277,0.9937281012535095,0.006272103637456894,0.03516465052962303,0.9987868666648865,0.8128257393836975,0.812743067741394
129.0,2.0,0.9937923550605774,0.006207545753568411,0.03769109770655632,0.9987434148788452,0.8279138803482056,0.8279183506965637,0.9944739937782288,0.005526132415980101,0.03592988848686218,0.9988091588020325,0.8071558475494385,0.8069351315498352
129.0,3.0,0.9942256212234497,0.005774460732936859,0.0374624989926815,0.9987464547157288,0.825427770614624,0.8253492116928101,0.9927408695220947,0.007259240839630365,0.03683922439813614,0.9988003969192505,0.8171056509017944,0.8172218799591064
129.0,4.0,0.9937782287597656,0.006221837364137173,0.037716180086135864,0.9987627267837524,0.8192037343978882,0.8191702961921692,0.9945311546325684,0.005468711722642183,0.035813335329294205,0.9987351894378662,0.8420112133026123,0.8419476747512817
130.0,0.0,0.9938690066337585,0.006131521891802549,0.03594224900007248,0.9987829327583313,0.8197735548019409,0.8197121024131775,0.9941688776016235,0.005830775015056133,0.042921122163534164,0.9986552596092224,0.8396893739700317,0.8397367596626282
130.0,1.0,0.9939796924591064,0.006021094974130392,0.037878889590501785,0.9987496733665466,0.8264970183372498,0.826467752456665,0.99372798204422,0.006271983962506056,0.03517968952655792,0.9987868070602417,0.8128255605697632,0.8127419948577881
130.0,2.0,0.9937919974327087,0.0062074679881334305,0.03768715262413025,0.9987446069717407,0.827914297580719,0.8279188871383667,0.9944735169410706,0.0055261291563510895,0.035930048674345016,0.9988090991973877,0.807156503200531,0.8069355487823486
130.0,3.0,0.9942257404327393,0.00577442767098546,0.037461377680301666,0.9987472891807556,0.8254293203353882,0.8253480195999146,0.9927413463592529,0.007259170059114695,0.03682504966855049,0.9988005757331848,0.8171057105064392,0.8172221779823303
130.0,4.0,0.9937780499458313,0.006221781484782696,0.03771997615695,0.998764157295227,0.8192049264907837,0.8191695809364319,0.9945316314697266,0.0054685273207724094,0.03584194928407669,0.9987351298332214,0.8420115113258362,0.8419479131698608
131.0,0.0,0.9938681721687317,0.006131486967206001,0.035939883440732956,0.998781681060791,0.8197727203369141,0.8197098970413208,0.9941695928573608,0.005830788519233465,0.04292125999927521,0.9986556172370911,0.8396896719932556,0.8397366404533386
131.0,1.0,0.9939787983894348,0.0060210213996469975,0.03787844628095627,0.9987492561340332,0.8264972567558289,0.8264685869216919,0.9937281608581543,0.006271930877119303,0.03516510874032974,0.998787522315979,0.8128254413604736,0.8127431869506836
131.0,2.0,0.9937926530838013,0.006207432132214308,0.03768434748053551,0.9987446069717407,0.8279133439064026,0.8279195427894592,0.9944736361503601,0.005525998305529356,0.035929638892412186,0.998809278011322,0.8071579337120056,0.8069368004798889
131.0,3.0,0.9942258596420288,0.005774412304162979,0.0374637208878994,0.9987470507621765,0.8254271745681763,0.8253484964370728,0.9927411079406738,0.0072591048665344715,0.036854229867458344,0.9988004565238953,0.8171054720878601,0.8172222971916199
131.0,4.0,0.9937793016433716,0.00622176518663764,0.037718936800956726,0.9987630844116211,0.8192041516304016,0.8191701173782349,0.9945319294929504,0.00546847190707922,0.035828348249197006,0.9987351298332214,0.842011034488678,0.8419477939605713
132.0,0.0,0.9938690066337585,0.006131390109658241,0.03594617173075676,0.9987830519676208,0.8197734355926514,0.8197126388549805,0.9941694736480713,0.005830779671669006,0.04292129725217819,0.9986559748649597,0.8396894931793213,0.8397372961044312
132.0,1.0,0.9939788579940796,0.006021000910550356,0.03788282349705696,0.9987491369247437,0.8264968395233154,0.8264681100845337,0.9937280416488647,0.006271879654377699,0.03514979034662247,0.9987870454788208,0.8128255009651184,0.8127424716949463
132.0,2.0,0.9937927722930908,0.006207372527569532,0.037692002952098846,0.9987446665763855,0.8279151320457458,0.8279198408126831,0.9944741725921631,0.005525961052626371,0.03593023121356964,0.9988093376159668,0.8071572184562683,0.806935727596283
132.0,3.0,0.9942259192466736,0.005774317774921656,0.037459880113601685,0.9987474679946899,0.8254290223121643,0.8253492712974548,0.9927407503128052,0.007259119767695665,0.03683951497077942,0.9988009929656982,0.8171066045761108,0.817223072052002
132.0,4.0,0.9937782287597656,0.006221686024218798,0.03772372379899025,0.9987637400627136,0.819204568862915,0.8191701173782349,0.9945312738418579,0.005468542221933603,0.03582640737295151,0.9987353682518005,0.8420106768608093,0.8419474363327026
133.0,0.0,0.9938686490058899,0.006131349131464958,0.03593917936086655,0.9987830519676208,0.8197738528251648,0.8197115659713745,0.9941689968109131,0.005830717273056507,0.04292145371437073,0.9986555576324463,0.8396895527839661,0.8397364616394043
133.0,1.0,0.9939793944358826,0.0060209552757442,0.037882380187511444,0.9987504482269287,0.8264989256858826,0.8264688849449158,0.993728518486023,0.006271797697991133,0.035165585577487946,0.9987873435020447,0.8128254413604736,0.8127423524856567
133.0,2.0,0.9937923550605774,0.006207340396940708,0.03768535330891609,0.998744785785675,0.8279150128364563,0.8279193043708801,0.9944739937782288,0.005525901447981596,0.03593277931213379,0.9988093376159668,0.8071572780609131,0.8069354891777039
133.0,3.0,0.9942259192466736,0.005774301011115313,0.03746357932686806,0.9987463355064392,0.8254280686378479,0.8253488540649414,0.9927406907081604,0.007259014528244734,0.036839742213487625,0.9988001585006714,0.8171045780181885,0.8172218203544617
133.0,4.0,0.993779182434082,0.006221655756235123,0.037727609276771545,0.998762845993042,0.819204568862915,0.8191717267036438,0.9945316910743713,0.005468427669256926,0.0358261913061142,0.9987359642982483,0.8420120477676392,0.8419492840766907
134.0,0.0,0.9938682913780212,0.006131288129836321,0.035943519324064255,0.9987831711769104,0.8197731971740723,0.8197115659713745,0.9941693544387817,0.005830749869346619,0.042921360582113266,0.9986559748649597,0.8396892547607422,0.8397365808486938
134.0,1.0,0.9939785599708557,0.006020909640938044,0.037878528237342834,0.9987503290176392,0.8264973759651184,0.8264688849449158,0.9937281012535095,0.00627177907153964,0.035149917006492615,0.9987877607345581,0.8128254413604736,0.8127440810203552
134.0,2.0,0.9937931895256042,0.006207314785569906,0.03768482059240341,0.9987443089485168,0.8279149532318115,0.8279190063476562,0.9944741725921631,0.005525793880224228,0.0359320342540741,0.9988088607788086,0.8071562051773071,0.8069354295730591
134.0,3.0,0.9942265152931213,0.005774211138486862,0.037468522787094116,0.998746395111084,0.8254274129867554,0.8253480195999146,0.9927412271499634,0.00725902384147048,0.03684009611606598,0.9988006353378296,0.8171043395996094,0.8172217011451721
134.0,4.0,0.9937787055969238,0.006221575662493706,0.03772495687007904,0.9987633228302002,0.8192041516304016,0.8191707134246826,0.9945319294929504,0.00546839227899909,0.03582831472158432,0.9987354278564453,0.8420104384422302,0.8419477939605713
135.0,0.0,0.9938687086105347,0.006131232250481844,0.03594718873500824,0.9987826943397522,0.8197752237319946,0.8197130560874939,0.9941693544387817,0.005830653943121433,0.042921166867017746,0.9986563324928284,0.8396896123886108,0.8397371172904968
135.0,1.0,0.9939793348312378,0.0060208505019545555,0.03788214549422264,0.9987504482269287,0.8264973163604736,0.8264686465263367,0.9937284588813782,0.0062717231921851635,0.035149529576301575,0.9987877011299133,0.8128264546394348,0.812743067741394
135.0,2.0,0.993793249130249,0.006207253783941269,0.03768523782491684,0.9987444281578064,0.8279154300689697,0.8279192447662354,0.9944741725921631,0.005525798071175814,0.03593214601278305,0.9988090395927429,0.8071562051773071,0.8069352507591248
135.0,3.0,0.9942254424095154,0.005774153862148523,0.03746417537331581,0.9987468719482422,0.8254274129867554,0.8253505229949951,0.9927411079406738,0.007258949335664511,0.03683992102742195,0.9988003969192505,0.8171051144599915,0.8172222971916199
135.0,4.0,0.9937783479690552,0.006221530959010124,0.03771568462252617,0.9987632632255554,0.8192036747932434,0.8191713690757751,0.9945316910743713,0.005468379240483046,0.035842955112457275,0.9987354278564453,0.8420100212097168,0.8419479727745056
136.0,0.0,0.9938689470291138,0.006131201982498169,0.03594410419464111,0.9987831711769104,0.8197738528251648,0.8197124600410461,0.9941694140434265,0.005830558016896248,0.04292070120573044,0.998656153678894,0.8396899104118347,0.8397374153137207
136.0,1.0,0.993979811668396,0.006020825356245041,0.03787936270236969,0.9987506866455078,0.8264979124069214,0.8264688849449158,0.9937282800674438,0.006271634716540575,0.035164862871170044,0.9987874031066895,0.8128257393836975,0.8127431869506836
136.0,2.0,0.9937933087348938,0.0062071792781353,0.0376892015337944,0.9987450838088989,0.8279152512550354,0.8279192447662354,0.9944740533828735,0.005525709595531225,0.03593261167407036,0.9988093972206116,0.8071567416191101,0.8069356679916382
136.0,3.0,0.9942269325256348,0.005774118471890688,0.037471968680620193,0.9987464547157288,0.8254289031028748,0.8253504037857056,0.9927412271499634,0.007258898112922907,0.03683988004922867,0.9988006949424744,0.8171061277389526,0.8172224164009094
136.0,4.0,0.9937783479690552,0.006221481133252382,0.037713054567575455,0.9987630844116211,0.8192055225372314,0.8191711902618408,0.9945318698883057,0.005468303337693214,0.03582713380455971,0.9987355470657349,0.8420102596282959,0.8419477343559265
137.0,0.0,0.9938693642616272,0.006131145637482405,0.03594038262963295,0.9987831115722656,0.8197745680809021,0.8197124004364014,0.994169294834137,0.0058305831626057625,0.042920712381601334,0.9986560344696045,0.8396892547607422,0.8397368788719177
137.0,1.0,0.9939795136451721,0.006020756904035807,0.037881653755903244,0.9987506866455078,0.8264965415000916,0.8264679312705994,0.9937286376953125,0.006271677557379007,0.0351494662463665,0.9987872838973999,0.8128255009651184,0.8127425909042358
137.0,2.0,0.9937934875488281,0.00620713084936142,0.03769553452730179,0.9987448453903198,0.8279154300689697,0.8279208540916443,0.9944739937782288,0.005525733809918165,0.03593214601278305,0.9988096356391907,0.8071571588516235,0.8069358468055725
137.0,3.0,0.9942259788513184,0.005774080287665129,0.03746755048632622,0.998746931552887,0.8254275918006897,0.8253493905067444,0.9927417039871216,0.007258795201778412,0.03683969005942345,0.9988006949424744,0.8171054720878601,0.8172223567962646
137.0,4.0,0.9937779307365417,0.00622145738452673,0.037716206163167953,0.9987637400627136,0.8192043900489807,0.8191708922386169,0.9945318102836609,0.005468177143484354,0.03582827001810074,0.9987355470657349,0.8420118689537048,0.8419488668441772
138.0,0.0,0.9938698410987854,0.006131082307547331,0.03593989089131355,0.9987826347351074,0.81977379322052,0.8197123408317566,0.9941694736480713,0.005830602720379829,0.042921002954244614,0.9986555576324463,0.839689314365387,0.839736819267273
138.0,1.0,0.9939796924591064,0.006020721513777971,0.03788682445883751,0.9987499713897705,0.8264970779418945,0.8264697194099426,0.9937286376953125,0.006271506194025278,0.03516457602381706,0.9987875819206238,0.8128264546394348,0.8127434253692627
138.0,2.0,0.9937930107116699,0.006207078695297241,0.03769144415855408,0.998744785785675,0.827915370464325,0.8279197216033936,0.9944745898246765,0.005525690969079733,0.03593222424387932,0.9988090395927429,0.8071557879447937,0.8069353103637695
138.0,3.0,0.9942259192466736,0.005774041172116995,0.03746756538748741,0.998746931552887,0.8254285454750061,0.8253501653671265,0.9927411675453186,0.007258733734488487,0.036840345710515976,0.9988002181053162,0.8171041011810303,0.8172215819358826
138.0,4.0,0.9937785267829895,0.006221424788236618,0.03771919757127762,0.9987632632255554,0.8192052245140076,0.8191724419593811,0.9945322871208191,0.005468213930726051,0.03581370785832405,0.9987350702285767,0.8420099020004272,0.8419475555419922
139.0,0.0,0.9938688278198242,0.006131025031208992,0.03594035282731056,0.9987836480140686,0.8197730183601379,0.8197121024131775,0.9941693544387817,0.005830521695315838,0.042906370013952255,0.9986554384231567,0.8396893739700317,0.8397364020347595
139.0,1.0,0.9939790368080139,0.006020676344633102,0.03788260370492935,0.9987510442733765,0.8264974355697632,0.8264696002006531,0.993728518486023,0.0062714554369449615,0.03516489267349243,0.9987874031066895,0.8128263354301453,0.8127425312995911
139.0,2.0,0.993793249130249,0.0062070200219750404,0.037688639014959335,0.9987452030181885,0.8279147744178772,0.8279191255569458,0.9944742918014526,0.005525580141693354,0.03593224659562111,0.998809278011322,0.8071569800376892,0.8069359660148621
139.0,3.0,0.9942265152931213,0.005773970391601324,0.03746192529797554,0.9987459778785706,0.8254290819168091,0.8253495097160339,0.9927418231964111,0.007258640136569738,0.03685477375984192,0.9988002777099609,0.8171032667160034,0.8172212243080139
139.0,4.0,0.9937788248062134,0.006221332121640444,0.03772713243961334,0.9987632632255554,0.819204568862915,0.8191708922386169,0.9945317506790161,0.005468104965984821,0.03582736849784851,0.9987354278564453,0.8420109152793884,0.8419481515884399
140.0,0.0,0.9938694834709167,0.006130951456725597,0.035939592868089676,0.9987834692001343,0.81977379322052,0.8197131156921387,0.9941694736480713,0.005830502603203058,0.042921241372823715,0.998656153678894,0.8396892547607422,0.8397369980812073
140.0,1.0,0.9939793944358826,0.006020630244165659,0.03788269683718681,0.9987490773200989,0.8264960050582886,0.8264691829681396,0.9937283992767334,0.00627149036154151,0.03516465425491333,0.9987872838973999,0.8128261566162109,0.8127425909042358
140.0,2.0,0.9937925934791565,0.006206958554685116,0.03768530488014221,0.9987446665763855,0.827915608882904,0.8279191255569458,0.9944741129875183,0.005525566171854734,0.035932693630456924,0.9988090991973877,0.8071561455726624,0.8069387674331665
140.0,3.0,0.994226336479187,0.0057739317417144775,0.03747157007455826,0.9987474083900452,0.8254278898239136,0.8253491520881653,0.9927412867546082,0.007258578669279814,0.03684021905064583,0.9988006949424744,0.817105233669281,0.8172222375869751
140.0,4.0,0.9937793612480164,0.0062212892808020115,0.037716660648584366,0.9987635016441345,0.8192054033279419,0.8191722631454468,0.9945316314697266,0.005468117538839579,0.03582749143242836,0.9987356662750244,0.8420109748840332,0.8419479727745056
141.0,0.0,0.9938694834709167,0.006130914203822613,0.03594047576189041,0.998782753944397,0.8197740912437439,0.8197134733200073,0.9941694140434265,0.005830399226397276,0.04293572157621384,0.9986558556556702,0.839689314365387,0.8397376537322998
141.0,1.0,0.9939796924591064,0.0060205599293112755,0.03787919878959656,0.9987496733665466,0.8264976143836975,0.8264689445495605,0.993728756904602,0.006271356716752052,0.035164762288331985,0.9987881779670715,0.8128267526626587,0.8127442002296448
141.0,2.0,0.993792712688446,0.006206926889717579,0.037694934755563736,0.9987442493438721,0.8279145359992981,0.8279198408126831,0.9944739937782288,0.0055255284532904625,0.03593222424387932,0.9988091588020325,0.8071569800376892,0.8069353103637695
141.0,3.0,0.9942262768745422,0.00577388284727931,0.03746054694056511,0.9987465143203735,0.8254286646842957,0.8253499865531921,0.9927414655685425,0.007258610799908638,0.03685609996318817,0.9988000988960266,0.8171051144599915,0.817221999168396
141.0,4.0,0.9937798976898193,0.006221215706318617,0.03772974759340286,0.9987635016441345,0.8192047476768494,0.8191724419593811,0.9945322871208191,0.005467972718179226,0.03584296256303787,0.9987350702285767,0.8420102596282959,0.8419482111930847
142.0,0.0,0.9938696026802063,0.006130853667855263,0.03594397380948067,0.9987831115722656,0.8197733759880066,0.8197132349014282,0.9941694736480713,0.005830473732203245,0.04293619096279144,0.9986566305160522,0.8396894931793213,0.8397395014762878
142.0,1.0,0.9939799904823303,0.006020563654601574,0.037881039083004,0.9987503290176392,0.8264974355697632,0.8264694809913635,0.9937288761138916,0.006271256133913994,0.03516474738717079,0.9987881183624268,0.8128271102905273,0.812744677066803
142.0,2.0,0.9937937259674072,0.00620689382776618,0.03769645467400551,0.9987450242042542,0.8279147744178772,0.8279196619987488,0.9944745302200317,0.005525441840291023,0.03593270480632782,0.9988090395927429,0.807158887386322,0.8069363236427307
142.0,3.0,0.9942262172698975,0.005773809738457203,0.03746732324361801,0.9987464547157288,0.8254287838935852,0.825350284576416,0.9927413463592529,0.007258521858602762,0.03685612976551056,0.9988004565238953,0.8171067833900452,0.8172229528427124
142.0,4.0,0.9937785267829895,0.006221182178705931,0.037720147520303726,0.9987637400627136,0.8192048668861389,0.8191725611686707,0.994532585144043,0.005467929877340794,0.03584251180291176,0.998735249042511,0.8420103192329407,0.8419483304023743
143.0,0.0,0.9938691854476929,0.006130793131887913,0.035947490483522415,0.9987837076187134,0.8197748064994812,0.8197135329246521,0.9941692352294922,0.005830397829413414,0.04293564707040787,0.9986565113067627,0.8396891951560974,0.8397386074066162
143.0,1.0,0.9939799904823303,0.006020465865731239,0.037889886647462845,0.9987490773200989,0.8264973163604736,0.8264697790145874,0.9937290549278259,0.00627124821767211,0.03516531363129616,0.9987882971763611,0.8128277063369751,0.8127448558807373
143.0,2.0,0.9937935471534729,0.006206837948411703,0.037696707993745804,0.9987447261810303,0.8279155492782593,0.8279184699058533,0.9944747090339661,0.005525354761630297,0.03593292087316513,0.9988093376159668,0.8071585297584534,0.8069364428520203
143.0,3.0,0.9942267537117004,0.0057737939059734344,0.03746161609888077,0.9987466931343079,0.8254284262657166,0.8253496885299683,0.992741584777832,0.007258361671119928,0.036841969937086105,0.9988003373146057,0.8171042203903198,0.8172217011451721
143.0,4.0,0.9937784075737,0.0062211486510932446,0.037721019238233566,0.9987629652023315,0.8192055821418762,0.8191719055175781,0.9945322871208191,0.005467873066663742,0.0358278863132,0.9987353682518005,0.8420100212097168,0.8419478535652161
144.0,0.0,0.9938698410987854,0.006130745634436607,0.03593713045120239,0.9987832307815552,0.8197761178016663,0.8197126388549805,0.9941698908805847,0.0058303591795265675,0.04292140528559685,0.9986557364463806,0.8396905660629272,0.8397379517555237
144.0,1.0,0.993979275226593,0.00602044677361846,0.03788381814956665,0.9987495541572571,0.826498806476593,0.8264689445495605,0.993728756904602,0.0062711043283343315,0.03516542539000511,0.9987882971763611,0.8128281235694885,0.8127457499504089
144.0,2.0,0.9937933087348938,0.006206777412444353,0.03768980875611305,0.9987442493438721,0.8279158473014832,0.827919065952301,0.9944745302200317,0.005525367334485054,0.03593314439058304,0.9988090991973877,0.8071584105491638,0.8069360852241516
144.0,3.0,0.9942261576652527,0.005773754324764013,0.037463732063770294,0.9987471103668213,0.8254290223121643,0.8253498077392578,0.9927420020103455,0.007258425001055002,0.03684146702289581,0.9988007545471191,0.8171072006225586,0.8172231912612915
144.0,4.0,0.9937790632247925,0.006221076473593712,0.0377204455435276,0.9987633228302002,0.8192051649093628,0.8191723227500916,0.9945321083068848,0.005467828828841448,0.03582685440778732,0.9987353682518005,0.8420105576515198,0.8419488072395325
145.0,0.0,0.9938696026802063,0.006130695808678865,0.03594357147812843,0.9987831711769104,0.8197739720344543,0.8197135329246521,0.9941697716712952,0.00583049189299345,0.042936284095048904,0.9986562132835388,0.8396894335746765,0.8397393822669983
145.0,1.0,0.9939789772033691,0.006020394153892994,0.03788688778877258,0.9987505078315735,0.8264979124069214,0.8264700174331665,0.9937288165092468,0.006271075922995806,0.03516487777233124,0.9987886548042297,0.8128281235694885,0.8127442002296448
145.0,2.0,0.9937935471534729,0.006206721533089876,0.03770002722740173,0.9987444281578064,0.827914297580719,0.8279192447662354,0.9944748282432556,0.00552535243332386,0.03593213111162186,0.9988092184066772,0.8071582317352295,0.8069400787353516
145.0,3.0,0.9942265152931213,0.0057736961171031,0.03746705874800682,0.9987465739250183,0.8254270553588867,0.8253499269485474,0.9927414059638977,0.0072583528235554695,0.03684117645025253,0.9988012313842773,0.817105233669281,0.8172235488891602
145.0,4.0,0.9937794208526611,0.006221058778464794,0.03772348538041115,0.9987635612487793,0.8192055821418762,0.8191730380058289,0.9945324063301086,0.005467874929308891,0.035827379673719406,0.9987359046936035,0.8420117497444153,0.841949462890625
146.0,0.0,0.9938697814941406,0.006130608730018139,0.03595201298594475,0.9987829327583313,0.8197741508483887,0.8197132349014282,0.9941696524620056,0.005830343812704086,0.04293588176369667,0.9986560344696045,0.8396894931793213,0.8397382497787476
146.0,1.0,0.9939800500869751,0.006020350381731987,0.037882570177316666,0.9987501502037048,0.8264983296394348,0.8264700174331665,0.9937288165092468,0.006271022837609053,0.035164982080459595,0.9987878203392029,0.8128256797790527,0.8127445578575134
146.0,2.0,0.9937929511070251,0.006206688471138477,0.03768520429730415,0.9987449049949646,0.8279148936271667,0.827919065952301,0.9944747090339661,0.0055253030732274055,0.03593233972787857,0.9988095760345459,0.8071578741073608,0.8069395422935486
146.0,3.0,0.9942265748977661,0.005773631855845451,0.03746970370411873,0.9987478256225586,0.8254275321960449,0.8253509402275085,0.9927414655685425,0.007258324418216944,0.03684143349528313,0.9988002181053162,0.8171052932739258,0.8172227144241333
146.0,4.0,0.9937788248062134,0.006221013609319925,0.03772030025720596,0.998764157295227,0.8192060589790344,0.8191722631454468,0.9945324063301086,0.005467791110277176,0.035827524960041046,0.9987357258796692,0.842009961605072,0.8419479727745056
147.0,0.0,0.993869423866272,0.006130601279437542,0.03594779968261719,0.9987833499908447,0.8197754621505737,0.8197133541107178,0.994169294834137,0.0058302925899624825,0.04293632507324219,0.998656153678894,0.8396894335746765,0.8397383689880371
147.0,1.0,0.9939801096916199,0.006020287051796913,0.03788013011217117,0.9987502694129944,0.8264989256858826,0.8264696002006531,0.9937292337417603,0.00627095578238368,0.035179708153009415,0.998787522315979,0.8128266930580139,0.8127437233924866
147.0,2.0,0.9937939643859863,0.0062066176906228065,0.037700604647397995,0.9987447261810303,0.8279150128364563,0.8279202580451965,0.9944750070571899,0.005525208078324795,0.035930853337049484,0.998809278011322,0.8071572780609131,0.8069391846656799
147.0,3.0,0.9942262768745422,0.005773609969764948,0.037456538528203964,0.9987475872039795,0.8254284858703613,0.8253504633903503,0.9927413463592529,0.007258295547217131,0.036842089146375656,0.9988007545471191,0.8171067833900452,0.8172232508659363
147.0,4.0,0.9937799572944641,0.006220929324626923,0.037727419286966324,0.998763918876648,0.8192049264907837,0.8191713094711304,0.9945328235626221,0.005467730108648539,0.03582710027694702,0.9987363219261169,0.842011570930481,0.8419488668441772
148.0,0.0,0.9938700199127197,0.006130510475486517,0.035948608070611954,0.998784601688385,0.8197751641273499,0.8197136521339417,0.9941697716712952,0.0058303335681557655,0.04292082414031029,0.9986565113067627,0.839689314365387,0.8397374153137207
148.0,1.0,0.9939804673194885,0.006020213011652231,0.037886157631874084,0.998749852180481,0.8264985084533691,0.8264689445495605,0.9937288165092468,0.006270882673561573,0.03516501933336258,0.998787522315979,0.8128254413604736,0.8127433657646179
148.0,2.0,0.9937933683395386,0.006206543650478125,0.03768845275044441,0.998744785785675,0.8279158473014832,0.8279202580451965,0.9944746494293213,0.005525206681340933,0.03593330457806587,0.998809814453125,0.8071581721305847,0.8069400787353516
148.0,3.0,0.9942268133163452,0.005773559212684631,0.03747156634926796,0.9987468719482422,0.8254293203353882,0.8253503441810608,0.9927417039871216,0.007258228957653046,0.03685687854886055,0.9988008737564087,0.8171063661575317,0.8172227740287781
148.0,4.0,0.9937785863876343,0.006220907438546419,0.03772781789302826,0.9987635016441345,0.8192048668861389,0.8191719651222229,0.9945324063301086,0.005467667244374752,0.035826683044433594,0.9987357258796692,0.8420109748840332,0.841948390007019
149.0,0.0,0.9938694834709167,0.0061304387636482716,0.035940781235694885,0.9987834095954895,0.8197751641273499,0.8197138905525208,0.9941699504852295,0.005830266512930393,0.04292098060250282,0.9986556768417358,0.8396894931793213,0.8397367000579834
149.0,1.0,0.9939796924591064,0.006020212545990944,0.03788374736905098,0.9987509846687317,0.8264989256858826,0.8264691829681396,0.9937288761138916,0.006270831450819969,0.035149261355400085,0.9987882375717163,0.8128275871276855,0.8127448558807373
149.0,2.0,0.9937946796417236,0.006206500343978405,0.037681061774492264,0.9987447261810303,0.8279148936271667,0.8279182314872742,0.9944747686386108,0.0055251712910830975,0.03593042492866516,0.9988095760345459,0.8071584105491638,0.8069400191307068
149.0,3.0,0.9942271113395691,0.005773494951426983,0.03746269270777702,0.9987478256225586,0.8254296183586121,0.8253517746925354,0.9927418828010559,0.007258155848830938,0.0368417389690876,0.9988012909889221,0.817107081413269,0.8172235488891602
149.0,4.0,0.9937790632247925,0.006220854818820953,0.03772788122296333,0.9987636208534241,0.8192054033279419,0.8191720247268677,0.9945324063301086,0.00546761741861701,0.03582685813307762,0.9987359046936035,0.8420106768608093,0.8419485688209534
150.0,0.0,0.9938691258430481,0.006130353547632694,0.0359477736055851,0.998782753944397,0.8197751045227051,0.819713830947876,0.9941701292991638,0.005830015055835247,0.042905282229185104,0.9986559152603149,0.8396894931793213,0.8397371768951416
150.0,1.0,0.9939801096916199,0.006020074710249901,0.03788206726312637,0.9987509250640869,0.8264976739883423,0.8264691829681396,0.9937290549278259,0.006270581390708685,0.035178475081920624,0.9987885355949402,0.8128264546394348,0.8127455115318298
150.0,2.0,0.993793785572052,0.0062063611112535,0.03769070655107498,0.9987449049949646,0.8279154896736145,0.8279199600219727,0.9944750666618347,0.00552500132471323,0.03592906892299652,0.9988090395927429,0.8071573972702026,0.8069400191307068
150.0,3.0,0.9942271113395691,0.0057733613066375256,0.03747022897005081,0.9987480044364929,0.8254292607307434,0.8253507018089294,0.9927423000335693,0.007258035242557526,0.03685598075389862,0.9988002777099609,0.8171072602272034,0.817223072052002
150.0,4.0,0.9937790632247925,0.006220724433660507,0.037723608314991,0.9987638592720032,0.8192065358161926,0.8191731572151184,0.9945322275161743,0.005467594135552645,0.03582693636417389,0.9987355470657349,0.8420106768608093,0.8419487476348877
151.0,0.0,0.9938697814941406,0.00613029720261693,0.03594011068344116,0.9987829327583313,0.8197749853134155,0.8197144269943237,0.9941701889038086,0.005830005276948214,0.04292017221450806,0.9986557364463806,0.8396896719932556,0.8397377133369446
151.0,1.0,0.9939795732498169,0.006020091008394957,0.0378858745098114,0.9987505674362183,0.8264980912208557,0.8264691829681396,0.9937295913696289,0.006270576734095812,0.0351935438811779,0.9987881779670715,0.8128262758255005,0.8127453327178955
151.0,2.0,0.9937944412231445,0.006206374615430832,0.03769805282354355,0.9987455606460571,0.8279154300689697,0.8279204368591309,0.9944749474525452,0.005525047890841961,0.035929176956415176,0.998809278011322,0.8071578741073608,0.8069401383399963
151.0,3.0,0.9942270517349243,0.005773372016847134,0.03745907545089722,0.998747706413269,0.82542884349823,0.8253504633903503,0.9927420616149902,0.007258058059960604,0.03685643523931503,0.998801589012146,0.8171080350875854,0.8172240853309631
151.0,4.0,0.993779182434082,0.006220717448741198,0.037716176360845566,0.9987643361091614,0.8192062377929688,0.8191725015640259,0.9945322275161743,0.005467585753649473,0.03582695871591568,0.9987354278564453,0.8420103192329407,0.8419487476348877
152.0,0.0,0.9938696026802063,0.0061303093098104,0.03593634068965912,0.9987845420837402,0.8197757601737976,0.8197139501571655,0.9941694140434265,0.005830140318721533,0.04290531948208809,0.9986559152603149,0.8396896123886108,0.8397372961044312
152.0,1.0,0.9939804077148438,0.006020076107233763,0.03789705038070679,0.9987507462501526,0.8264979720115662,0.8264697790145874,0.993729293346405,0.006270614918321371,0.03517819941043854,0.9987879395484924,0.8128268122673035,0.8127451539039612
152.0,2.0,0.9937930107116699,0.006206401623785496,0.037698324769735336,0.9987452030181885,0.8279145359992981,0.8279195427894592,0.9944747686386108,0.0055250683799386024,0.035928819328546524,0.9988086819648743,0.8071560859680176,0.806938648223877
152.0,3.0,0.9942269325256348,0.005773363634943962,0.03747082129120827,0.9987471699714661,0.8254289031028748,0.825349748134613,0.9927420616149902,0.007258083205670118,0.03685639426112175,0.9988008737564087,0.817106306552887,0.817223072052002
152.0,4.0,0.9937803149223328,0.0062207188457250595,0.03772005811333656,0.9987634420394897,0.8192058205604553,0.8191716074943542,0.9945324063301086,0.005467635579407215,0.03584201633930206,0.9987359642982483,0.842011034488678,0.841948390007019
153.0,0.0,0.993869423866272,0.006130320020020008,0.035947494208812714,0.9987834095954895,0.8197754621505737,0.8197139501571655,0.9941695332527161,0.005830059293657541,0.042920250445604324,0.9986554980278015,0.8396887183189392,0.8397367596626282
153.0,1.0,0.9939795136451721,0.006020098924636841,0.03788943216204643,0.9987502098083496,0.8264967799186707,0.8264703750610352,0.9937295913696289,0.0062706805765628815,0.03516355901956558,0.9987881779670715,0.8128267526626587,0.8127446174621582
153.0,2.0,0.993793785572052,0.006206369958817959,0.03769459202885628,0.9987451434135437,0.8279144763946533,0.8279196619987488,0.9944744110107422,0.005525026936084032,0.035928986966609955,0.9988094568252563,0.8071572184562683,0.8069403171539307
153.0,3.0,0.994227409362793,0.005773407407104969,0.03746269270777702,0.9987463355064392,0.8254289031028748,0.825350284576416,0.9927420616149902,0.007258034776896238,0.03684093803167343,0.9988007545471191,0.8171082139015198,0.8172235488891602
153.0,4.0,0.9937794208526611,0.0062207565642893314,0.0377313569188118,0.9987632632255554,0.8192047476768494,0.8191714286804199,0.9945324063301086,0.005467616952955723,0.035826683044433594,0.9987356662750244,0.8420108556747437,0.8419493436813354
154.0,0.0,0.9938695430755615,0.006130300462245941,0.03595128655433655,0.9987832307815552,0.8197752833366394,0.8197136521339417,0.9941695928573608,0.005830065812915564,0.042950231581926346,0.9986560344696045,0.8396893739700317,0.8397372364997864
154.0,1.0,0.993980348110199,0.006020117551088333,0.03788578882813454,0.9987504482269287,0.8264974355697632,0.8264691829681396,0.9937292337417603,0.006270590703934431,0.03517819568514824,0.9987878203392029,0.8128264546394348,0.812744140625
154.0,2.0,0.9937936067581177,0.006206401623785496,0.0377020388841629,0.9987452030181885,0.8279144763946533,0.8279199004173279,0.9944747090339661,0.005525080021470785,0.03592894226312637,0.9988092184066772,0.8071571588516235,0.8069403767585754
154.0,3.0,0.9942266941070557,0.0057733613066375256,0.037459149956703186,0.9987473487854004,0.8254292607307434,0.825350821018219,0.9927420020103455,0.007258047349750996,0.0368417352437973,0.9988005757331848,0.8171062469482422,0.8172224760055542
154.0,4.0,0.9937796592712402,0.0062207067385315895,0.037720002233982086,0.9987635016441345,0.8192058801651001,0.8191723227500916,0.9945322275161743,0.005467590410262346,0.03582686558365822,0.9987351298332214,0.8420103788375854,0.8419477939605713
155.0,0.0,0.9938698410987854,0.0061302827671170235,0.03594759851694107,0.9987832903862,0.8197751641273499,0.8197134733200073,0.9941699504852295,0.005830044392496347,0.04290497303009033,0.9986559748649597,0.8396894335746765,0.8397372961044312
155.0,1.0,0.9939792156219482,0.0060201119631528854,0.03787841647863388,0.9987501502037048,0.8264982104301453,0.8264693021774292,0.9937289953231812,0.006270651239901781,0.0351487472653389,0.9987882971763611,0.8128264546394348,0.8127440810203552
155.0,2.0,0.9937934875488281,0.006206384859979153,0.037698179483413696,0.9987452030181885,0.8279138803482056,0.8279199600219727,0.9944751858711243,0.005525054410099983,0.035928912460803986,0.998809278011322,0.8071585297584534,0.8069396018981934
155.0,3.0,0.994227409362793,0.005773379001766443,0.03747027739882469,0.9987467527389526,0.8254298567771912,0.8253515958786011,0.9927424192428589,0.00725810369476676,0.0368412509560585,0.9988009929656982,0.8171058297157288,0.8172227144241333
155.0,4.0,0.9937799572944641,0.006220715120434761,0.03771991655230522,0.998763918876648,0.8192070126533508,0.8191725611686707,0.9945324659347534,0.005467602051794529,0.03584197908639908,0.9987354278564453,0.8420109152793884,0.8419491052627563
156.0,0.0,0.9938697218894958,0.006130343768745661,0.03594772517681122,0.998784065246582,0.819774866104126,0.8197138905525208,0.9941698312759399,0.005830079782754183,0.04293471574783325,0.9986567497253418,0.8396890163421631,0.839737594127655
156.0,1.0,0.9939799904823303,0.006020089611411095,0.037885766476392746,0.9987507462501526,0.8264977335929871,0.8264697194099426,0.9937293529510498,0.006270604208111763,0.035163458436727524,0.9987879395484924,0.8128266930580139,0.8127444982528687
156.0,2.0,0.9937937259674072,0.006206382066011429,0.037694379687309265,0.9987450242042542,0.8279149532318115,0.82792067527771,0.9944750666618347,0.005525026936084032,0.03592894598841667,0.9988092184066772,0.8071576952934265,0.8069400191307068
156.0,3.0,0.9942278265953064,0.005773359443992376,0.03745923563838005,0.9987479448318481,0.825429379940033,0.8253508806228638,0.9927423000335693,0.007258106488734484,0.036841366440057755,0.9988009333610535,0.8171058297157288,0.8172227144241333
156.0,4.0,0.9937798976898193,0.006220723502337933,0.037720195949077606,0.9987630844116211,0.8192057013511658,0.819171667098999,0.9945321679115295,0.0054675680585205555,0.03584154322743416,0.9987354278564453,0.8420107364654541,0.8419484496116638
157.0,0.0,0.9938696026802063,0.006130330730229616,0.035940103232860565,0.9987830519676208,0.8197756409645081,0.8197135925292969,0.9941700100898743,0.005830042529851198,0.04293522983789444,0.9986557364463806,0.8396897912025452,0.839736819267273
157.0,1.0,0.9939800500869751,0.006020053289830685,0.037893254309892654,0.9987508058547974,0.8264982104301453,0.8264701962471008,0.993729829788208,0.006270586512982845,0.035178471356630325,0.9987882971763611,0.8128272294998169,0.8127451539039612
157.0,2.0,0.9937937259674072,0.006206400692462921,0.03770206868648529,0.9987449049949646,0.8279147148132324,0.8279199004173279,0.9944748282432556,0.00552503252401948,0.03592895343899727,0.9988096952438354,0.807158350944519,0.8069403171539307
157.0,3.0,0.9942269325256348,0.005773368291556835,0.037459056824445724,0.9987471699714661,0.8254280686378479,0.8253502249717712,0.9927418231964111,0.007258026860654354,0.036841634660959244,0.9988009333610535,0.8171074986457825,0.8172232508659363
157.0,4.0,0.9937791228294373,0.006220710929483175,0.03771636635065079,0.9987630248069763,0.8192066550254822,0.8191723227500916,0.994532585144043,0.00546760531142354,0.03582703322172165,0.9987359642982483,0.8420127034187317,0.8419498205184937
158.0,0.0,0.9938703179359436,0.0061303372494876385,0.035936299711465836,0.9987837076187134,0.819776177406311,0.8197140097618103,0.9941699504852295,0.005830029956996441,0.042934853583574295,0.998656153678894,0.8396899104118347,0.8397373557090759
158.0,1.0,0.9939798712730408,0.006020089611411095,0.037882085889577866,0.9987497329711914,0.8264983296394348,0.826469361782074,0.993729293346405,0.006270643789321184,0.03516349568963051,0.9987885355949402,0.8128264546394348,0.812745213508606
158.0,2.0,0.9937942028045654,0.006206378806382418,0.037698231637477875,0.9987452030181885,0.8279138803482056,0.8279198408126831,0.9944751262664795,0.005525015294551849,0.03592894971370697,0.9988100528717041,0.8071573376655579,0.8069401383399963
158.0,3.0,0.9942265748977661,0.005773364100605249,0.03746282309293747,0.9987480640411377,0.8254286050796509,0.8253504037857056,0.9927425980567932,0.0072580561973154545,0.03684119135141373,0.9988006949424744,0.8171062469482422,0.8172228932380676
158.0,4.0,0.9937790036201477,0.006220723502337933,0.03772014006972313,0.9987636208534241,0.8192059993743896,0.8191725611686707,0.9945331811904907,0.005467577837407589,0.03582676500082016,0.9987359046936035,0.8420108556747437,0.8419488668441772
159.0,0.0,0.9938704371452332,0.0061303130351006985,0.0359402634203434,0.9987832903862,0.8197759985923767,0.8197144865989685,0.9941698312759399,0.00583007512614131,0.042919982224702835,0.9986563324928284,0.8396905064582825,0.8397379517555237
159.0,1.0,0.9939801096916199,0.0060200681909918785,0.03788203373551369,0.9987505674362183,0.8264979720115662,0.8264684677124023,0.9937297105789185,0.006270645651966333,0.03517850115895271,0.9987882375717163,0.8128267526626587,0.8127445578575134
159.0,2.0,0.9937942624092102,0.006206396967172623,0.037690866738557816,0.9987447261810303,0.8279151320457458,0.8279203772544861,0.9944749474525452,0.005524953827261925,0.03592894598841667,0.9988094568252563,0.8071581125259399,0.8069396615028381
159.0,3.0,0.9942264556884766,0.005773352459073067,0.03746302053332329,0.9987465143203735,0.8254286646842957,0.825350284576416,0.9927423000335693,0.00725801195949316,0.036841124296188354,0.9988012909889221,0.8171080946922302,0.8172237873077393
159.0,4.0,0.9937800168991089,0.006220735143870115,0.037712644785642624,0.9987635016441345,0.8192057609558105,0.819172203540802,0.9945322275161743,0.005467645823955536,0.03581208363175392,0.9987359046936035,0.8420112729072571,0.841949462890625
160.0,0.0,0.9938694834709167,0.006130311172455549,0.03594383969902992,0.9987833499908447,0.8197758197784424,0.8197135925292969,0.9941704273223877,0.0058301216922700405,0.04292050376534462,0.9986562728881836,0.839690625667572,0.8397379517555237
160.0,1.0,0.9939794540405273,0.006020080763846636,0.03788221627473831,0.9987501502037048,0.8264981508255005,0.826469898223877,0.9937292337417603,0.006270594894886017,0.03516342118382454,0.9987881779670715,0.8128265142440796,0.8127451539039612
160.0,2.0,0.9937933087348938,0.006206350866705179,0.037687111645936966,0.9987450838088989,0.8279148936271667,0.8279194831848145,0.9944750070571899,0.005525047890841961,0.03592909127473831,0.9988089203834534,0.8071564435958862,0.8069393634796143
160.0,3.0,0.9942259788513184,0.005773372948169708,0.03747398033738136,0.9987469911575317,0.8254284858703613,0.8253503441810608,0.9927418231964111,0.00725806038826704,0.03685658425092697,0.9988006949424744,0.8171060085296631,0.8172228932380676
160.0,4.0,0.9937790036201477,0.006220723036676645,0.037720225751399994,0.9987639784812927,0.819206953048706,0.8191736340522766,0.9945327043533325,0.005467543378472328,0.03584214672446251,0.9987359642982483,0.8420110940933228,0.8419488668441772
161.0,0.0,0.9938703775405884,0.0061303055845201015,0.03594027832150459,0.9987825751304626,0.8197742700576782,0.8197128772735596,0.9941694140434265,0.005830124020576477,0.04292016103863716,0.9986556768417358,0.8396884202957153,0.8397365212440491
161.0,1.0,0.9939806461334229,0.006020077504217625,0.0378895103931427,0.9987504482269287,0.8264983892440796,0.8264690637588501,0.9937291145324707,0.006270562764257193,0.03516365587711334,0.9987882971763611,0.812827467918396,0.8127452731132507
161.0,2.0,0.9937939643859863,0.0062063587829470634,0.03768332675099373,0.9987436532974243,0.8279154896736145,0.827920138835907,0.9944748282432556,0.0055250185541808605,0.035928916186094284,0.9988091588020325,0.8071562647819519,0.806938886642456
161.0,3.0,0.9942265748977661,0.005773368291556835,0.037466395646333694,0.9987473487854004,0.8254284858703613,0.8253507018089294,0.9927423596382141,0.007258008234202862,0.03685656562447548,0.9988002181053162,0.8171058893203735,0.8172224164009094
161.0,4.0,0.9937787055969238,0.006220733281224966,0.03771260380744934,0.9987635016441345,0.8192055821418762,0.8191716074943542,0.99453204870224,0.005467541050165892,0.0358271524310112,0.9987354278564453,0.8420105576515198,0.8419488072395325
162.0,0.0,0.9938696026802063,0.006130306515842676,0.03594755008816719,0.9987832307815552,0.8197752237319946,0.8197124600410461,0.9941697716712952,0.005830029956996441,0.04293501377105713,0.998656153678894,0.8396896123886108,0.8397362232208252
162.0,1.0,0.9939802885055542,0.00602008868008852,0.03788941353559494,0.9987508058547974,0.8264982104301453,0.8264681100845337,0.9937290549278259,0.006270619109272957,0.0351785384118557,0.9987887144088745,0.8128264546394348,0.8127454519271851
162.0,2.0,0.9937936663627625,0.006206394638866186,0.03770960867404938,0.9987448453903198,0.8279150724411011,0.8279204964637756,0.9944749474525452,0.005524978041648865,0.03592919930815697,0.9988089203834534,0.807157576084137,0.8069396018981934
162.0,3.0,0.9942260384559631,0.0057733687572181225,0.03745925799012184,0.9987464547157288,0.8254299163818359,0.8253510594367981,0.9927417635917664,0.007258017547428608,0.03684166073799133,0.9988008737564087,0.8171080350875854,0.8172234892845154
162.0,4.0,0.9937799572944641,0.006220728158950806,0.03772382810711861,0.9987635612487793,0.8192066550254822,0.8191726207733154,0.9945327639579773,0.005467627197504044,0.03584198281168938,0.9987357258796692,0.8420109748840332,0.841948926448822
163.0,0.0,0.993869960308075,0.006130330264568329,0.03593645989894867,0.9987832903862,0.8197749257087708,0.8197141885757446,0.9941696524620056,0.005830072797834873,0.04293513298034668,0.9986562132835388,0.8396894931793213,0.8397373557090759
163.0,1.0,0.9939799904823303,0.006020104046911001,0.03788984566926956,0.9987504482269287,0.8264983892440796,0.8264692425727844,0.9937291741371155,0.006270607002079487,0.03516364470124245,0.9987879395484924,0.8128253221511841,0.8127443790435791
163.0,2.0,0.9937940835952759,0.0062063708901405334,0.03769463300704956,0.9987451434135437,0.8279157280921936,0.8279201984405518,0.9944747090339661,0.0055249519646167755,0.03592894598841667,0.9988091588020325,0.8071585297584534,0.8069400787353516
163.0,3.0,0.9942265748977661,0.005773334763944149,0.037466537207365036,0.9987467527389526,0.8254284262657166,0.825350821018219,0.992742121219635,0.007258057128638029,0.03684142231941223,0.9988003969192505,0.8171061277389526,0.8172228336334229
163.0,4.0,0.9937798976898193,0.00622071698307991,0.0377199612557888,0.9987635612487793,0.8192062377929688,0.8191728591918945,0.9945322275161743,0.005467621609568596,0.03582724556326866,0.9987359046936035,0.8420108556747437,0.8419488668441772
164.0,0.0,0.9938704371452332,0.006130354478955269,0.035940177738666534,0.9987830519676208,0.8197756409645081,0.8197141885757446,0.9941699504852295,0.005830070935189724,0.04290519654750824,0.9986559748649597,0.839689314365387,0.8397367596626282
164.0,1.0,0.993980884552002,0.006020068656653166,0.037897203117609024,0.9987505674362183,0.8264982104301453,0.8264693021774292,0.9937292337417603,0.0062706382013857365,0.03516335040330887,0.9987883567810059,0.8128263354301453,0.8127450346946716
164.0,2.0,0.9937934875488281,0.006206364370882511,0.03768725320696831,0.998744785785675,0.8279148936271667,0.8279199004173279,0.9944750070571899,0.005524997133761644,0.03592909127473831,0.9988099336624146,0.8071568012237549,0.806939959526062
164.0,3.0,0.9942265748977661,0.005773363634943962,0.037463050335645676,0.9987468123435974,0.8254282474517822,0.8253502249717712,0.9927418828010559,0.007258004508912563,0.03685671463608742,0.9988003969192505,0.8171070218086243,0.817223310470581
164.0,4.0,0.9937800765037537,0.006220708135515451,0.037727564573287964,0.998763918876648,0.8192062377929688,0.8191725015640259,0.9945327639579773,0.005467626266181469,0.035841718316078186,0.9987355470657349,0.8420109748840332,0.8419483304023743
165.0,0.0,0.9938703775405884,0.006130351219326258,0.03594028204679489,0.9987833499908447,0.8197754621505737,0.8197136521339417,0.9941700100898743,0.005829999689012766,0.04293510317802429,0.9986557364463806,0.8396890163421631,0.8397371172904968
165.0,1.0,0.9939804673194885,0.0060200877487659454,0.03788956627249718,0.9987502098083496,0.8264983892440796,0.8264693021774292,0.9937295913696289,0.006270597223192453,0.03514830768108368,0.9987878799438477,0.8128253221511841,0.8127434849739075
165.0,2.0,0.9937938451766968,0.0062063890509307384,0.03769467771053314,0.998745322227478,0.8279144763946533,0.8279205560684204,0.9944747090339661,0.0055250623263418674,0.035929128527641296,0.9988093972206116,0.8071573376655579,0.8069400191307068
165.0,3.0,0.9942281246185303,0.0057733748108148575,0.03746667131781578,0.9987470507621765,0.8254281878471375,0.8253501057624817,0.992742121219635,0.007258085999637842,0.03684147819876671,0.9988006353378296,0.817106306552887,0.8172224760055542
165.0,4.0,0.9937795996665955,0.006220734212547541,0.037720292806625366,0.9987637400627136,0.8192059993743896,0.8191726207733154,0.9945322871208191,0.005467586684972048,0.03584207221865654,0.9987361431121826,0.8420127630233765,0.8419492244720459
166.0,0.0,0.9938702583312988,0.0061302995309233665,0.0359363928437233,0.9987838864326477,0.8197758197784424,0.8197135925292969,0.9941695928573608,0.005830046720802784,0.042920395731925964,0.9986557364463806,0.8396906852722168,0.8397383689880371
166.0,1.0,0.9939807653427124,0.00602008355781436,0.037882279604673386,0.9987504482269287,0.8264977931976318,0.8264692425727844,0.993729829788208,0.006270585581660271,0.035148411989212036,0.9987883567810059,0.8128264546394348,0.8127454519271851
166.0,2.0,0.9937940835952759,0.0062063997611403465,0.037698499858379364,0.9987441897392273,0.8279145956039429,0.8279192447662354,0.9944747090339661,0.005525074899196625,0.03592904284596443,0.9988090991973877,0.807156503200531,0.8069390058517456
166.0,3.0,0.9942276477813721,0.005773339886218309,0.03747037425637245,0.9987471103668213,0.8254290223121643,0.8253501057624817,0.9927420020103455,0.007258073892444372,0.036856506019830704,0.9988009929656982,0.8171071410179138,0.8172230124473572
166.0,4.0,0.9937787055969238,0.006220734678208828,0.03771646320819855,0.998762845993042,0.8192042708396912,0.8191722631454468,0.9945327043533325,0.00546760531142354,0.035841912031173706,0.9987356066703796,0.8420108556747437,0.8419483304023743
167.0,0.0,0.9938704371452332,0.006130327470600605,0.0359441339969635,0.9987834095954895,0.8197757005691528,0.8197130560874939,0.9941698312759399,0.005830016918480396,0.04292008653283119,0.998656153678894,0.8396909832954407,0.8397373557090759
167.0,1.0,0.9939805269241333,0.006020064931362867,0.03789348527789116,0.9987502098083496,0.8264985680580139,0.8264697790145874,0.9937292337417603,0.0062705534510314465,0.035163793712854385,0.9987884759902954,0.8128256797790527,0.8127452731132507
167.0,2.0,0.9937936663627625,0.00620638020336628,0.03770595043897629,0.9987459778785706,0.8279154896736145,0.8279204368591309,0.9944751858711243,0.005525043234229088,0.035929124802351,0.9988096952438354,0.8071572184562683,0.806939959526062
167.0,3.0,0.9942269921302795,0.005773354787379503,0.037470340728759766,0.9987473487854004,0.8254274725914001,0.8253499269485474,0.9927418828010559,0.007258099038153887,0.036856330931186676,0.9988007545471191,0.8171071410179138,0.8172226548194885
167.0,4.0,0.993779182434082,0.006220740731805563,0.03771274536848068,0.9987637400627136,0.8192051649093628,0.8191720247268677,0.9945324063301086,0.005467557348310947,0.0358273908495903,0.9987360239028931,0.842011034488678,0.8419486880302429
168.0,0.0,0.9938699007034302,0.0061303297989070415,0.03594042733311653,0.9987829327583313,0.8197746872901917,0.8197129368782043,0.9941704869270325,0.00582998339086771,0.04290536791086197,0.998655378818512,0.8396895527839661,0.8397366404533386
168.0,1.0,0.9939806461334229,0.006020079832524061,0.03788232058286667,0.9987497329711914,0.8264973759651184,0.8264687061309814,0.9937295317649841,0.006270604208111763,0.03517857939004898,0.9987878203392029,0.8128265738487244,0.8127444982528687
168.0,2.0,0.9937933087348938,0.006206381134688854,0.03770216554403305,0.9987446665763855,0.8279158473014832,0.8279195427894592,0.9944747090339661,0.00552500132471323,0.03592900559306145,0.9988088607788086,0.8071562647819519,0.8069391250610352
168.0,3.0,0.9942262172698975,0.005773387383669615,0.03747035935521126,0.9987469911575317,0.8254284262657166,0.8253510594367981,0.9927417039871216,0.007258075755089521,0.036841824650764465,0.9988011121749878,0.8171060681343079,0.8172228932380676
168.0,4.0,0.993780255317688,0.006220720708370209,0.037723980844020844,0.9987635016441345,0.8192063570022583,0.8191720843315125,0.9945326447486877,0.0054675196297466755,0.03582683578133583,0.998735249042511,0.8420102596282959,0.8419478535652161
169.0,0.0,0.9938704371452332,0.006130320485681295,0.03594405949115753,0.9987832307815552,0.8197752237319946,0.8197136521339417,0.9941697716712952,0.005830063484609127,0.042935095727443695,0.9986562132835388,0.8396900296211243,0.8397377133369446
169.0,1.0,0.9939813017845154,0.006020087283104658,0.037885844707489014,0.9987508058547974,0.8264983892440796,0.8264687657356262,0.993729829788208,0.0062705897726118565,0.03516339138150215,0.9987878799438477,0.8128256797790527,0.8127444982528687
169.0,2.0,0.9937939643859863,0.006206391379237175,0.03769858554005623,0.9987450242042542,0.8279144167900085,0.8279196619987488,0.9944753050804138,0.005525039043277502,0.035929106175899506,0.998809278011322,0.8071578741073608,0.806940495967865
169.0,3.0,0.9942266941070557,0.005773337557911873,0.0374629981815815,0.9987475872039795,0.8254292607307434,0.8253505229949951,0.9927420616149902,0.0072580366395413876,0.03684157505631447,0.9988009333610535,0.817107081413269,0.817223846912384
169.0,4.0,0.9937795996665955,0.006220727227628231,0.03771286830306053,0.998763918876648,0.8192055821418762,0.819172739982605,0.9945324659347534,0.0054676043801009655,0.03582706302404404,0.9987357258796692,0.8420108556747437,0.841948926448822
170.0,0.0,0.9938705563545227,0.006130315363407135,0.035943981260061264,0.9987830519676208,0.8197751641273499,0.8197141885757446,0.9941697716712952,0.005829994101077318,0.0429198183119297,0.9986558556556702,0.8396896123886108,0.8397374153137207
170.0,1.0,0.9939799308776855,0.006020083092153072,0.037882257252931595,0.9987503290176392,0.8264983296394348,0.8264696002006531,0.9937294125556946,0.006270573008805513,0.035148583352565765,0.9987877607345581,0.8128261566162109,0.8127443194389343
170.0,2.0,0.9937934875488281,0.006206347607076168,0.03769850730895996,0.9987444877624512,0.8279148936271667,0.8279196619987488,0.9944750070571899,0.005525047890841961,0.03592916205525398,0.9988096952438354,0.8071571588516235,0.806939959526062
170.0,3.0,0.9942269921302795,0.005773324053734541,0.037463024258613586,0.9987473487854004,0.8254290819168091,0.8253503441810608,0.9927418231964111,0.007258102297782898,0.03685641661286354,0.9988008141517639,0.8171072006225586,0.8172231912612915
170.0,4.0,0.9937800168991089,0.006220730487257242,0.03772389143705368,0.9987632036209106,0.8192054629325867,0.8191728591918945,0.9945326447486877,0.005467669107019901,0.03582734987139702,0.998735249042511,0.842010498046875,0.8419482111930847
171.0,0.0,0.9938695430755615,0.006130320951342583,0.03594793751835823,0.9987828135490417,0.8197749257087708,0.8197132349014282,0.9941700100898743,0.00583005091175437,0.04290555417537689,0.9986560344696045,0.839689314365387,0.8397374153137207
171.0,1.0,0.993979811668396,0.006020093336701393,0.03788992017507553,0.9987504482269287,0.8264977931976318,0.8264697194099426,0.993729293346405,0.006270634941756725,0.03514878824353218,0.9987882375717163,0.8128277063369751,0.8127446174621582
171.0,2.0,0.9937933683395386,0.006206367164850235,0.03769468888640404,0.9987451434135437,0.8279141783714294,0.8279195427894592,0.994474470615387,0.005525031127035618,0.035928960889577866,0.9988093972206116,0.8071578145027161,0.8069395422935486
171.0,3.0,0.9942269325256348,0.005773337557911873,0.037470411509275436,0.998746931552887,0.8254290223121643,0.8253504633903503,0.9927420616149902,0.007258041761815548,0.036856357008218765,0.9988008141517639,0.817107081413269,0.817223072052002
171.0,4.0,0.9937787652015686,0.006220706272870302,0.037709105759859085,0.9987632632255554,0.8192073702812195,0.8191724419593811,0.9945326447486877,0.005467578303068876,0.035841625183820724,0.9987357258796692,0.8420106172561646,0.8419485688209534
172.0,0.0,0.9938703775405884,0.006130320951342583,0.03594401106238365,0.9987835884094238,0.8197748064994812,0.819713294506073,0.9941699504852295,0.005830073729157448,0.042935121804475784,0.9986557364463806,0.8396894335746765,0.8397374153137207
172.0,1.0,0.9939800500869751,0.006020051892846823,0.03789360076189041,0.9987502694129944,0.8264981508255005,0.8264697790145874,0.9937294125556946,0.006270597223192453,0.03514881059527397,0.9987882971763611,0.8128268122673035,0.8127447962760925
172.0,2.0,0.9937939643859863,0.00620638020336628,0.03769467771053314,0.9987450242042542,0.8279154300689697,0.8279198408126831,0.9944747686386108,0.005524978972971439,0.03592892736196518,0.998809814453125,0.8071573972702026,0.8069398999214172
172.0,3.0,0.9942270517349243,0.005773358978331089,0.037466637790203094,0.9987474083900452,0.8254286646842957,0.8253498077392578,0.9927417039871216,0.0072580017149448395,0.03684172406792641,0.9988011717796326,0.8171077370643616,0.8172233700752258
172.0,4.0,0.9937796592712402,0.006220714654773474,0.03772033378481865,0.9987645149230957,0.8192054033279419,0.8191711902618408,0.9945327043533325,0.005467554554343224,0.03584204241633415,0.9987359642982483,0.8420118093490601,0.8419492840766907
173.0,0.0,0.9938700795173645,0.00613031629472971,0.035944048315286636,0.9987838268280029,0.8197755217552185,0.819714367389679,0.9941698908805847,0.005830120760947466,0.042920440435409546,0.9986560940742493,0.8396892547607422,0.8397372364997864
173.0,1.0,0.9939807653427124,0.006020031403750181,0.037893347442150116,0.9987492561340332,0.8264985084533691,0.8264697194099426,0.9937293529510498,0.006270654499530792,0.035148732364177704,0.9987883567810059,0.8128264546394348,0.812745213508606
173.0,2.0,0.993793785572052,0.006206320598721504,0.03769105300307274,0.9987441301345825,0.827914297580719,0.8279200196266174,0.9944749474525452,0.00552504463121295,0.03592899441719055,0.9988092184066772,0.807157039642334,0.8069394826889038
173.0,3.0,0.9942265152931213,0.0057733808644115925,0.03746683523058891,0.9987467527389526,0.8254290223121643,0.8253511190414429,0.9927420020103455,0.007258022669702768,0.03685687109827995,0.9988011121749878,0.8171072602272034,0.817223846912384
173.0,4.0,0.9937790632247925,0.006220728624612093,0.03771655261516571,0.9987630844116211,0.8192057013511658,0.8191723227500916,0.9945327043533325,0.005467579700052738,0.03584183752536774,0.9987356662750244,0.842011570930481,0.8419485688209534
174.0,0.0,0.9938691258430481,0.006130334455519915,0.035947829484939575,0.9987839460372925,0.8197750449180603,0.8197139501571655,0.9941697716712952,0.005830061621963978,0.04292001575231552,0.9986560940742493,0.8396908044815063,0.8397378921508789
174.0,1.0,0.9939809441566467,0.006020084954798222,0.03788980841636658,0.9987502098083496,0.8264986872673035,0.8264703154563904,0.9937292337417603,0.006270623300224543,0.03514862433075905,0.9987882375717163,0.812827467918396,0.812745213508606
174.0,2.0,0.9937933683395386,0.006206361576914787,0.03769487515091896,0.998744547367096,0.827914834022522,0.8279202580451965,0.9944749474525452,0.005525023210793734,0.035929229110479355,0.998809278011322,0.8071573376655579,0.8069400191307068
174.0,3.0,0.9942268133163452,0.005773356184363365,0.03746309503912926,0.9987478256225586,0.8254268169403076,0.8253507614135742,0.9927418828010559,0.007258047349750996,0.03684182092547417,0.9988006353378296,0.817105233669281,0.8172224760055542
174.0,4.0,0.9937796592712402,0.006220709532499313,0.03770897909998894,0.998763918876648,0.8192058205604553,0.8191716074943542,0.9945321679115295,0.005467554554343224,0.0358421765267849,0.9987359046936035,0.8420116305351257,0.8419492244720459
175.0,0.0,0.9938697814941406,0.0061303055845201015,0.03594038262963295,0.9987836480140686,0.8197762966156006,0.8197137713432312,0.9941699504852295,0.005830081645399332,0.0429203100502491,0.9986562132835388,0.8396897912025452,0.8397374153137207
175.0,1.0,0.9939799904823303,0.006020078901201487,0.03788985684514046,0.9987494349479675,0.8264970183372498,0.8264693021774292,0.993729293346405,0.00627061165869236,0.03516380488872528,0.9987879395484924,0.8128256797790527,0.8127439618110657
175.0,2.0,0.9937939047813416,0.006206326186656952,0.0376872643828392,0.9987449049949646,0.8279153108596802,0.8279196619987488,0.9944747090339661,0.005525009706616402,0.03592909500002861,0.9988093972206116,0.8071584105491638,0.8069397807121277
175.0,3.0,0.9942269325256348,0.005773336626589298,0.037463050335645676,0.9987471103668213,0.8254285454750061,0.8253510594367981,0.9927422404289246,0.00725809158757329,0.03684135526418686,0.9988009929656982,0.8171061277389526,0.8172235488891602
175.0,4.0,0.9937787055969238,0.006220705807209015,0.037716545164585114,0.9987632632255554,0.8192064166069031,0.8191722631454468,0.9945326447486877,0.005467609502375126,0.035827282816171646,0.9987362027168274,0.8420114517211914,0.841948926448822
176.0,0.0,0.9938695430755615,0.0061303116381168365,0.03594411909580231,0.9987831115722656,0.8197759985923767,0.8197138905525208,0.994170069694519,0.005830091889947653,0.04292016103863716,0.9986557364463806,0.8396894335746765,0.8397368788719177
176.0,1.0,0.9939800500869751,0.006020094733685255,0.03788604959845543,0.9987500905990601,0.826498806476593,0.8264698386192322,0.9937290549278259,0.006270627491176128,0.03516372665762901,0.9987879991531372,0.8128265142440796,0.8127449154853821
176.0,2.0,0.993793785572052,0.0062063755467534065,0.03769492357969284,0.9987454414367676,0.8279144167900085,0.8279199004173279,0.9944750666618347,0.005525031592696905,0.03592892363667488,0.9988094568252563,0.8071576952934265,0.8069401383399963
176.0,3.0,0.9942278265953064,0.005773369688540697,0.03746626153588295,0.9987469911575317,0.8254291415214539,0.8253505229949951,0.9927419424057007,0.007258052937686443,0.03684200718998909,0.9988011717796326,0.8171092867851257,0.817223846912384
176.0,4.0,0.9937800168991089,0.006220699287950993,0.03771267458796501,0.9987637400627136,0.8192048072814941,0.8191713094711304,0.9945323467254639,0.005467539187520742,0.03584212437272072,0.9987362623214722,0.842011034488678,0.8419490456581116
177.0,0.0,0.9938703775405884,0.006130316760390997,0.0359441377222538,0.9987833499908447,0.8197755217552185,0.8197135925292969,0.9941700100898743,0.0058300490491092205,0.04293520003557205,0.9986563324928284,0.8396890759468079,0.8397378921508789
177.0,1.0,0.9939804673194885,0.006020077504217625,0.03788984566926956,0.9987505078315735,0.8264985680580139,0.8264703154563904,0.9937295317649841,0.006270634476095438,0.035148877650499344,0.998787522315979,0.8128263354301453,0.8127437829971313
177.0,2.0,0.993793785572052,0.0062063587829470634,0.037698592990636826,0.9987447261810303,0.827915608882904,0.8279201984405518,0.9944751262664795,0.005524998530745506,0.03592897579073906,0.9988092184066772,0.807157039642334,0.8069397807121277
177.0,3.0,0.9942272901535034,0.005773370154201984,0.03746682405471802,0.9987463355064392,0.8254293203353882,0.8253498077392578,0.9927419424057007,0.0072580561973154545,0.03684185445308685,0.9988007545471191,0.8171072006225586,0.817223846912384
177.0,4.0,0.9937798380851746,0.00622070487588644,0.037720292806625366,0.998764157295227,0.8192062973976135,0.8191725015640259,0.9945327639579773,0.005467550829052925,0.03582717105746269,0.998735785484314,0.8420110940933228,0.8419488072395325
178.0,0.0,0.9938698410987854,0.006130327470600605,0.03594784438610077,0.998784065246582,0.8197759389877319,0.8197142481803894,0.9941698312759399,0.005830023437738419,0.04292019456624985,0.998655378818512,0.8396893739700317,0.8397372364997864
178.0,1.0,0.9939805269241333,0.006020114757120609,0.0378861166536808,0.9987505078315735,0.8264981508255005,0.8264699578285217,0.9937297701835632,0.0062706018798053265,0.03514859080314636,0.9987878203392029,0.8128262758255005,0.8127447962760925
178.0,2.0,0.9937947988510132,0.006206370424479246,0.037698693573474884,0.9987448453903198,0.8279145359992981,0.8279204964637756,0.9944745898246765,0.005525005981326103,0.03592915087938309,0.9988096356391907,0.8071572780609131,0.8069396018981934
178.0,3.0,0.9942265152931213,0.005773375276476145,0.037466756999492645,0.9987471699714661,0.8254285454750061,0.8253505229949951,0.9927419424057007,0.007258088327944279,0.03684189170598984,0.9988008737564087,0.8171072006225586,0.8172228932380676
178.0,4.0,0.9937798380851746,0.006220733746886253,0.037716496735811234,0.9987630248069763,0.8192059397697449,0.8191723823547363,0.9945322275161743,0.005467582494020462,0.03584200516343117,0.9987353086471558,0.842011034488678,0.8419491052627563
179.0,0.0,0.9938696026802063,0.00613029208034277,0.035947900265455246,0.9987835884094238,0.8197745084762573,0.8197134733200073,0.9941698312759399,0.005830070935189724,0.042920392006635666,0.9986560344696045,0.8396894335746765,0.8397371172904968
179.0,1.0,0.9939791560173035,0.006020066328346729,0.03788615018129349,0.9987497925758362,0.8264979720115662,0.8264694809913635,0.9937294125556946,0.006270624231547117,0.03516361862421036,0.9987885355949402,0.8128264546394348,0.8127455115318298
179.0,2.0,0.993793249130249,0.00620637321844697,0.037691302597522736,0.9987453818321228,0.8279147148132324,0.827920138835907,0.9944747686386108,0.005524968262761831,0.03592924028635025,0.9988095760345459,0.807158350944519,0.806939959526062
179.0,3.0,0.9942261576652527,0.005773326847702265,0.03746308758854866,0.998746931552887,0.8254293203353882,0.8253498077392578,0.9927418231964111,0.007258069701492786,0.03684201464056969,0.9988012909889221,0.8171074986457825,0.8172237873077393
179.0,4.0,0.9937804937362671,0.006220723036676645,0.03771642595529556,0.9987637996673584,0.8192054629325867,0.8191725015640259,0.9945323467254639,0.005467609968036413,0.03582695871591568,0.9987360239028931,0.8420109748840332,0.8419495224952698
180.0,0.0,0.9938703179359436,0.006130329333245754,0.035947952419519424,0.9987844228744507,0.8197758197784424,0.819713830947876,0.9941704869270325,0.005830037873238325,0.0429353192448616,0.9986559748649597,0.839688777923584,0.8397368788719177
180.0,1.0,0.9939805865287781,0.006020070519298315,0.03788623958826065,0.9987499713897705,0.8264979124069214,0.826469361782074,0.9937291741371155,0.006270603276789188,0.035178717225790024,0.9987884163856506,0.8128252029418945,0.8127443790435791
180.0,2.0,0.9937939643859863,0.006206369958817959,0.037702303379774094,0.998744785785675,0.8279154896736145,0.8279205560684204,0.9944750070571899,0.005524990148842335,0.03592919930815697,0.9988096356391907,0.8071589469909668,0.8069403171539307
180.0,3.0,0.9942269325256348,0.005773328710347414,0.03745556250214577,0.9987472891807556,0.825429379940033,0.8253509998321533,0.9927423596382141,0.007258038967847824,0.036841876804828644,0.9988012313842773,0.8171079158782959,0.8172235488891602
180.0,4.0,0.9937793612480164,0.006220723502337933,0.037716660648584366,0.998763382434845,0.8192059397697449,0.8191725611686707,0.9945328831672668,0.005467605777084827,0.03584212064743042,0.9987353682518005,0.8420115113258362,0.8419490456581116
181.0,0.0,0.9938704967498779,0.006130307912826538,0.03593666851520538,0.9987838864326477,0.8197749853134155,0.8197134733200073,0.9941698908805847,0.005830021575093269,0.042905546724796295,0.9986560940742493,0.8396901488304138,0.8397372961044312
181.0,1.0,0.993980348110199,0.00602005748078227,0.03788237273693085,0.9987497925758362,0.8264988660812378,0.826469898223877,0.9937296509742737,0.006270537618547678,0.03514871746301651,0.9987875819206238,0.8128266334533691,0.8127442598342896
181.0,2.0,0.993793785572052,0.006206333637237549,0.03769107535481453,0.9987446665763855,0.8279144763946533,0.8279199600219727,0.9944750070571899,0.0055250017903745174,0.035929303616285324,0.9988096952438354,0.8071571588516235,0.8069397211074829
181.0,3.0,0.9942265152931213,0.005773331969976425,0.03745555877685547,0.9987464547157288,0.8254296779632568,0.8253509402275085,0.9927418828010559,0.007258067838847637,0.0368419773876667,0.9988008141517639,0.8171074390411377,0.8172230124473572
181.0,4.0,0.9937796592712402,0.006220712326467037,0.03771265223622322,0.998763918876648,0.8192062973976135,0.819172203540802,0.9945324063301086,0.005467562470585108,0.03582724183797836,0.9987357258796692,0.8420112729072571,0.8419490456581116
182.0,0.0,0.9938697814941406,0.006130284629762173,0.03594420105218887,0.9987832903862,0.8197748064994812,0.8197141289710999,0.9941696524620056,0.005830026231706142,0.04292016103863716,0.9986559748649597,0.8396892547607422,0.839736819267273
182.0,1.0,0.9939807653427124,0.006020031403750181,0.03788597881793976,0.9987506866455078,0.826496958732605,0.8264689445495605,0.9937294125556946,0.006270614452660084,0.03516349196434021,0.9987877011299133,0.8128264546394348,0.8127437233924866
182.0,2.0,0.9937943816184998,0.00620634900406003,0.037698447704315186,0.998744785785675,0.8279154896736145,0.8279197216033936,0.9944750070571899,0.005524985492229462,0.03592918440699577,0.9988094568252563,0.8071584701538086,0.8069401383399963
182.0,3.0,0.9942265748977661,0.005773336626589298,0.03746665641665459,0.9987471699714661,0.8254290819168091,0.8253507018089294,0.992741584777832,0.007258071564137936,0.036856893450021744,0.9988002181053162,0.8171051144599915,0.8172222375869751
182.0,4.0,0.993779182434082,0.006220703478902578,0.0377165712416172,0.9987637996673584,0.819204568862915,0.8191707730293274,0.994532585144043,0.005467582494020462,0.0358421616256237,0.9987359046936035,0.8420121073722839,0.8419494032859802
183.0,0.0,0.9938698410987854,0.006130326073616743,0.0359405018389225,0.9987833499908447,0.8197746276855469,0.8197136521339417,0.9941700100898743,0.005830070935189724,0.042920276522636414,0.9986559152603149,0.8396901488304138,0.8397372961044312
183.0,1.0,0.9939801096916199,0.006020039785653353,0.037889786064624786,0.9987502694129944,0.8264976143836975,0.8264689445495605,0.9937295317649841,0.006270624231547117,0.03517851606011391,0.9987877607345581,0.812825620174408,0.8127443194389343
183.0,2.0,0.9937935471534729,0.006206347607076168,0.03769466653466225,0.998744547367096,0.8279141783714294,0.8279196619987488,0.9944749474525452,0.005524946842342615,0.0359291173517704,0.9988096356391907,0.807158350944519,0.8069408535957336
183.0,3.0,0.9942278265953064,0.005773357581347227,0.03747106343507767,0.9987469911575317,0.8254290819168091,0.8253504633903503,0.9927418828010559,0.00725801195949316,0.036841943860054016,0.9988006949424744,0.817105233669281,0.8172221183776855
183.0,4.0,0.9937794804573059,0.006220693234354258,0.03771701455116272,0.9987629652023315,0.8192055821418762,0.8191724419593811,0.9945324063301086,0.005467592738568783,0.035827361047267914,0.9987356662750244,0.8420107364654541,0.8419483304023743
184.0,0.0,0.9938699007034302,0.006130301859229803,0.03594794124364853,0.9987835884094238,0.8197745084762573,0.8197132349014282,0.9941703677177429,0.005829996895045042,0.04292012378573418,0.9986560940742493,0.8396884799003601,0.8397365808486938
184.0,1.0,0.9939806461334229,0.006020049564540386,0.03788609802722931,0.998749852180481,0.8264974355697632,0.8264685869216919,0.9937294125556946,0.00627061165869236,0.03517663851380348,0.9987879991531372,0.8128265738487244,0.8127445578575134
184.0,2.0,0.9937933683395386,0.006206369027495384,0.03769855201244354,0.9987452626228333,0.8279145956039429,0.8279197216033936,0.9944751858711243,0.0055249840952456,0.035929031670093536,0.9988099932670593,0.807158350944519,0.8069406151771545
184.0,3.0,0.9942268133163452,0.005773340351879597,0.03746679425239563,0.9987474083900452,0.8254299163818359,0.825351357460022,0.9927423000335693,0.0072579896077513695,0.03684171661734581,0.9988003373146057,0.8171060085296631,0.8172228932380676
184.0,4.0,0.9937794208526611,0.006220687180757523,0.03771289065480232,0.998762845993042,0.8192062973976135,0.8191726207733154,0.994532585144043,0.005467567592859268,0.03582706302404404,0.9987354278564453,0.8420104384422302,0.8419481515884399
185.0,0.0,0.9938700199127197,0.006130298599600792,0.03594053536653519,0.9987834692001343,0.8197751641273499,0.8197140097618103,0.9941698312759399,0.00583001971244812,0.04292025417089462,0.9986559748649597,0.8396881818771362,0.8397368788719177
185.0,1.0,0.9939799904823303,0.006020070053637028,0.037886060774326324,0.9987505674362183,0.8264981508255005,0.8264687061309814,0.993729293346405,0.006270619109272957,0.03514868766069412,0.9987881183624268,0.812827467918396,0.8127449154853821
185.0,2.0,0.993793249130249,0.006206335499882698,0.03769103065133095,0.9987453818321228,0.8279143571853638,0.8279196619987488,0.9944751262664795,0.005525011103600264,0.03592918813228607,0.9988088011741638,0.8071575164794922,0.8069396018981934
185.0,3.0,0.994227409362793,0.005773309152573347,0.03747054934501648,0.9987474679946899,0.8254287242889404,0.8253510594367981,0.992742121219635,0.007258075755089521,0.03684181347489357,0.9988008737564087,0.8171070218086243,0.8172224760055542
185.0,4.0,0.9937789440155029,0.006220724433660507,0.037712905555963516,0.9987636208534241,0.8192057609558105,0.8191728591918945,0.9945323467254639,0.00546754477545619,0.03582712262868881,0.9987354278564453,0.8420108556747437,0.8419484496116638
186.0,0.0,0.993869423866272,0.006130332127213478,0.035944338887929916,0.9987840056419373,0.8197746872901917,0.8197135925292969,0.9941701889038086,0.005830095149576664,0.04290572553873062,0.9986564517021179,0.8396908044815063,0.8397384881973267
186.0,1.0,0.9939811825752258,0.006020076107233763,0.03788240626454353,0.9987506866455078,0.8264989852905273,0.8264700770378113,0.9937295913696289,0.006270613521337509,0.03519340604543686,0.9987875819206238,0.812825620174408,0.812744140625
186.0,2.0,0.9937940835952759,0.006206382066011429,0.03769475966691971,0.9987450242042542,0.8279147744178772,0.8279193639755249,0.9944749474525452,0.005525039043277502,0.03592928871512413,0.9988093972206116,0.8071572780609131,0.8069397807121277
186.0,3.0,0.9942272901535034,0.0057733505964279175,0.03746310621500015,0.9987473487854004,0.8254280686378479,0.8253499865531921,0.992742121219635,0.0072580911219120026,0.03684200718998909,0.9988000392913818,0.8171052932739258,0.8172221779823303
186.0,4.0,0.9937789440155029,0.006220711395144463,0.03771650791168213,0.9987636208534241,0.8192059397697449,0.8191723227500916,0.9945324659347534,0.0054675438441336155,0.0358399860560894,0.9987357258796692,0.8420109152793884,0.8419490456581116
187.0,0.0,0.9938702583312988,0.006130322813987732,0.03593682125210762,0.9987838268280029,0.8197752237319946,0.8197141289710999,0.9941699504852295,0.005830032750964165,0.042905088514089584,0.9986559152603149,0.8396894931793213,0.8397371768951416
187.0,1.0,0.9939796924591064,0.006020060740411282,0.03787856549024582,0.9987500905990601,0.8264977335929871,0.8264690041542053,0.993729293346405,0.006270627956837416,0.035163890570402145,0.9987881779670715,0.8128277063369751,0.8127462267875671
187.0,2.0,0.993793785572052,0.006206356454640627,0.03768734261393547,0.9987448453903198,0.8279147148132324,0.8279194235801697,0.9944748282432556,0.0055249822326004505,0.035929299890995026,0.9988092184066772,0.8071562647819519,0.806938648223877
187.0,3.0,0.9942268133163452,0.0057733491994440556,0.03747059032320976,0.9987474679946899,0.8254286646842957,0.825350284576416,0.992742121219635,0.007258014753460884,0.03684177249670029,0.9988013505935669,0.8171083331108093,0.8172235488891602
187.0,4.0,0.9937791228294373,0.0062207188457250595,0.037720318883657455,0.9987632632255554,0.8192054033279419,0.8191728591918945,0.9945322871208191,0.005467528942972422,0.035827212035655975,0.9987362027168274,0.8420116305351257,0.8419501185417175
188.0,0.0,0.9938693046569824,0.0061303190886974335,0.03593691065907478,0.9987826943397522,0.8197749257087708,0.8197136521339417,0.9941698908805847,0.0058300853706896305,0.042919959872961044,0.998656153678894,0.8396893739700317,0.8397372364997864
188.0,1.0,0.9939806461334229,0.006020083092153072,0.03788596764206886,0.9987501502037048,0.8264977931976318,0.826469361782074,0.9937292337417603,0.006270603276789188,0.03517886623740196,0.9987886548042297,0.8128275871276855,0.8127459287643433
188.0,2.0,0.9937940835952759,0.006206362508237362,0.0376911498606205,0.998744785785675,0.8279141783714294,0.8279199600219727,0.9944750070571899,0.005525002256035805,0.03592927008867264,0.9988093376159668,0.8071567416191101,0.8069394826889038
188.0,3.0,0.9942275881767273,0.005773346405476332,0.03745941072702408,0.998748242855072,0.8254284858703613,0.8253514170646667,0.9927424192428589,0.007258013356477022,0.03684152290225029,0.9988005757331848,0.817107081413269,0.8172230124473572
188.0,4.0,0.9937790036201477,0.006220722571015358,0.03771659731864929,0.9987644553184509,0.8192046284675598,0.8191720247268677,0.9945322275161743,0.005467632319778204,0.035827066749334335,0.9987353086471558,0.8420109748840332,0.8419483304023743
189.0,0.0,0.9938695430755615,0.006130299065262079,0.035940468311309814,0.9987837076187134,0.8197746276855469,0.8197129368782043,0.9941699504852295,0.005830052308738232,0.0429350920021534,0.9986557364463806,0.8396893739700317,0.839736819267273
189.0,1.0,0.9939801692962646,0.006020095199346542,0.03788967803120613,0.9987502694129944,0.82649827003479,0.8264695405960083,0.9937294125556946,0.006270600017160177,0.03516366705298424,0.9987877607345581,0.812825083732605,0.8127433657646179
189.0,2.0,0.9937942028045654,0.006206376478075981,0.037702277302742004,0.9987446069717407,0.8279141783714294,0.8279196619987488,0.9944747686386108,0.005524981301277876,0.03592917323112488,0.998809278011322,0.8071573972702026,0.806939959526062
189.0,3.0,0.9942269921302795,0.005773341748863459,0.03746665641665459,0.998746931552887,0.825427770614624,0.8253504037857056,0.9927420020103455,0.00725806737318635,0.03685683757066727,0.9988011121749878,0.8171062469482422,0.8172232508659363
189.0,4.0,0.9937794208526611,0.006220736540853977,0.037716496735811234,0.998763382434845,0.8192055821418762,0.819172739982605,0.9945324659347534,0.005467613693326712,0.03582695871591568,0.9987356066703796,0.8420112133026123,0.841948390007019
190.0,0.0,0.9938689470291138,0.006130336318165064,0.03593660518527031,0.9987833499908447,0.8197757601737976,0.819714367389679,0.9941701292991638,0.005829987581819296,0.0429055280983448,0.998656153678894,0.8396893739700317,0.8397374749183655
190.0,1.0,0.9939805865287781,0.0060200984589755535,0.03787868842482567,0.9987507462501526,0.8264979720115662,0.8264699578285217,0.9937296509742737,0.006270622368901968,0.03517862409353256,0.9987881183624268,0.8128277659416199,0.8127448558807373
190.0,2.0,0.993793785572052,0.006206372287124395,0.03769867867231369,0.9987447261810303,0.8279151320457458,0.8279200196266174,0.9944748282432556,0.0055250138975679874,0.0359293557703495,0.9988091588020325,0.8071576952934265,0.8069361448287964
190.0,3.0,0.9942278265953064,0.005773341283202171,0.03747066482901573,0.9987464547157288,0.8254292011260986,0.8253508806228638,0.9927418828010559,0.0072580426931381226,0.036856841295957565,0.9988007545471191,0.8171067833900452,0.8172228336334229
190.0,4.0,0.9937800765037537,0.0062206806614995,0.03771305829286575,0.998763918876648,0.8192061185836792,0.8191722631454468,0.9945328831672668,0.005467560607939959,0.03584195673465729,0.9987357258796692,0.8420108556747437,0.8419492840766907
191.0,0.0,0.9938700795173645,0.00613031443208456,0.035947419703006744,0.9987832307815552,0.8197755813598633,0.8197145462036133,0.9941701292991638,0.005829958710819483,0.042905520647764206,0.9986559152603149,0.8396899104118347,0.8397378325462341
191.0,1.0,0.9939814209938049,0.0060200621373951435,0.03788594529032707,0.9987501502037048,0.8264980912208557,0.8264697790145874,0.9937293529510498,0.006270664744079113,0.03514856472611427,0.9987882971763611,0.8128260374069214,0.8127437233924866
191.0,2.0,0.9937936663627625,0.006206361576914787,0.03768729045987129,0.998744547367096,0.8279139995574951,0.8279204964637756,0.9944745898246765,0.005524979904294014,0.03592915087938309,0.9988094568252563,0.8071582317352295,0.8069401383399963
191.0,3.0,0.9942268133163452,0.005773313343524933,0.037462905049324036,0.9987474679946899,0.8254282474517822,0.8253502249717712,0.992742121219635,0.0072580440901219845,0.03684167191386223,0.9988006949424744,0.8171053528785706,0.8172219395637512
191.0,4.0,0.9937796592712402,0.00622069276869297,0.03771285340189934,0.9987632036209106,0.8192060589790344,0.8191717267036438,0.9945322871208191,0.0054675741121172905,0.03582700714468956,0.9987354278564453,0.8420109748840332,0.841948390007019
192.0,0.0,0.9938696026802063,0.006130332127213478,0.035940442234277725,0.9987834095954895,0.8197755813598633,0.8197131156921387,0.9941698312759399,0.005830061621963978,0.04293510317802429,0.9986562728881836,0.839690089225769,0.8397377729415894
192.0,1.0,0.9939801096916199,0.00602005934342742,0.037889741361141205,0.9987511038780212,0.8264972567558289,0.8264693021774292,0.9937296509742737,0.006270626559853554,0.03516377881169319,0.9987878203392029,0.8128253221511841,0.8127431869506836
192.0,2.0,0.9937935471534729,0.006206380669027567,0.0376947857439518,0.9987444877624512,0.827915370464325,0.8279199004173279,0.9944747090339661,0.005524992477148771,0.03592933714389801,0.9988092184066772,0.8071573972702026,0.806939959526062
192.0,3.0,0.9942269921302795,0.0057733431458473206,0.03745552524924278,0.9987481832504272,0.825429379940033,0.8253507614135742,0.9927418231964111,0.007258014287799597,0.03685659170150757,0.9988009929656982,0.8171066641807556,0.8172229528427124
192.0,4.0,0.9937798976898193,0.006220723502337933,0.03771644085645676,0.9987638592720032,0.8192061185836792,0.8191724419593811,0.9945326447486877,0.005467591807246208,0.03582707792520523,0.9987359046936035,0.8420111536979675,0.8419489860534668
193.0,0.0,0.9938708543777466,0.006130338180810213,0.03594426065683365,0.9987840056419373,0.8197751045227051,0.8197140693664551,0.9941695928573608,0.005830086302012205,0.042920395731925964,0.9986562728881836,0.8396894931793213,0.8397372364997864
193.0,1.0,0.9939801096916199,0.006020063068717718,0.0378861129283905,0.9987496733665466,0.8264972567558289,0.8264692425727844,0.9937295913696289,0.006270650774240494,0.035163842141628265,0.9987883567810059,0.8128266930580139,0.8127449154853821
193.0,2.0,0.9937937259674072,0.006206364370882511,0.03769473731517792,0.9987453818321228,0.8279153108596802,0.8279204964637756,0.9944747090339661,0.005525012034922838,0.03592932969331741,0.9988094568252563,0.8071576952934265,0.8069402575492859
193.0,3.0,0.99422687292099,0.005773328244686127,0.037459343671798706,0.9987478852272034,0.8254287838935852,0.8253498077392578,0.9927418828010559,0.007258087862282991,0.03684188053011894,0.9988008141517639,0.8171074390411377,0.8172233700752258
193.0,4.0,0.9937801361083984,0.006220737937837839,0.03771273419260979,0.9987632632255554,0.8192058801651001,0.819172203540802,0.9945324659347534,0.005467537324875593,0.035827189683914185,0.998735785484314,0.8420117497444153,0.8419494032859802
194.0,0.0,0.9938703775405884,0.006130321882665157,0.035947877913713455,0.9987835884094238,0.8197741508483887,0.8197134137153625,0.994170069694519,0.005830000154674053,0.0429052896797657,0.9986562728881836,0.839690089225769,0.839737594127655
194.0,1.0,0.9939795136451721,0.006020094733685255,0.03788236901164055,0.9987499117851257,0.8264980912208557,0.8264697194099426,0.993729293346405,0.00627065310254693,0.035193923860788345,0.9987879991531372,0.8128263354301453,0.8127443194389343
194.0,2.0,0.9937942028045654,0.006206361576914787,0.03769481182098389,0.9987450242042542,0.8279147744178772,0.8279199600219727,0.9944749474525452,0.005525035317987204,0.03592908754944801,0.9988095760345459,0.8071570992469788,0.8069396615028381
194.0,3.0,0.9942262768745422,0.005773334763944149,0.03746315836906433,0.9987470507621765,0.8254290819168091,0.825350284576416,0.9927418231964111,0.007258056662976742,0.03684140369296074,0.9988005757331848,0.817105233669281,0.8172218799591064
194.0,4.0,0.9937800168991089,0.006220719311386347,0.03771292790770531,0.9987630844116211,0.8192053437232971,0.8191713690757751,0.9945327043533325,0.005467572249472141,0.035827163606882095,0.9987357258796692,0.8420106172561646,0.8419481515884399
195.0,0.0,0.993869960308075,0.006130341440439224,0.03594056889414787,0.9987838268280029,0.8197752237319946,0.8197141885757446,0.9941701292991638,0.005830035079270601,0.04292044788599014,0.998656153678894,0.8396884202957153,0.8397368788719177
195.0,1.0,0.9939804077148438,0.006020091008394957,0.03788601607084274,0.9987503886222839,0.8264975547790527,0.8264690637588501,0.9937297105789185,0.006270573008805513,0.03517680615186691,0.9987881779670715,0.8128262758255005,0.8127440810203552
195.0,2.0,0.9937938451766968,0.006206328049302101,0.03769858926534653,0.9987456202507019,0.827914297580719,0.8279189467430115,0.9944747686386108,0.005525040440261364,0.03592914715409279,0.998808741569519,0.8071576356887817,0.8069394826889038
195.0,3.0,0.9942272901535034,0.005773358512669802,0.0374632366001606,0.9987474083900452,0.8254287838935852,0.8253511190414429,0.9927417635917664,0.007258045487105846,0.03684176877140999,0.9988008737564087,0.8171064257621765,0.8172230124473572
195.0,4.0,0.9937795996665955,0.006220711395144463,0.037712354212999344,0.9987637400627136,0.8192059993743896,0.8191723823547363,0.9945328235626221,0.005467565730214119,0.03584207221865654,0.9987359642982483,0.8420109152793884,0.8419487476348877
196.0,0.0,0.9938697218894958,0.006130324676632881,0.03594420477747917,0.9987831115722656,0.8197755217552185,0.8197141885757446,0.9941701292991638,0.005830083973705769,0.042935121804475784,0.9986562728881836,0.839688777923584,0.8397374749183655
196.0,1.0,0.993981122970581,0.006020074710249901,0.0378861278295517,0.9987504482269287,0.8264976739883423,0.8264688849449158,0.993729293346405,0.0062706368044018745,0.03516354784369469,0.9987879991531372,0.8128268718719482,0.8127449154853821
196.0,2.0,0.9937946796417236,0.006206376012414694,0.03769850730895996,0.9987449049949646,0.827914297580719,0.8279197216033936,0.9944746494293213,0.005525063257664442,0.03592933714389801,0.9988093972206116,0.8071562051773071,0.8069389462471008
196.0,3.0,0.99422687292099,0.005773358978331089,0.03747062012553215,0.9987470507621765,0.8254284858703613,0.825350821018219,0.9927418828010559,0.007258063647896051,0.03684178739786148,0.9988011717796326,0.8171083927154541,0.8172240257263184
196.0,4.0,0.9937794208526611,0.006220715120434761,0.03771647438406944,0.9987634420394897,0.8192052841186523,0.8191717863082886,0.9945324659347534,0.005467614624649286,0.03584226965904236,0.9987351298332214,0.8420105576515198,0.8419482111930847
197.0,0.0,0.9938698410987854,0.0061303237453103065,0.035940561443567276,0.9987843632698059,0.8197742700576782,0.8197137713432312,0.9941703677177429,0.005830041598528624,0.042935095727443695,0.9986564517021179,0.8396888971328735,0.8397371768951416
197.0,1.0,0.9939801096916199,0.006020077038556337,0.03788984194397926,0.9987503290176392,0.8264973759651184,0.8264688849449158,0.993729293346405,0.006270609796047211,0.0351787693798542,0.9987878799438477,0.812825620174408,0.8127439618110657
197.0,2.0,0.9937936067581177,0.0062063694931566715,0.0376986488699913,0.998744785785675,0.827915370464325,0.8279206156730652,0.994475245475769,0.005525003653019667,0.035929180681705475,0.9988089203834534,0.8071572184562683,0.8069391250610352
197.0,3.0,0.9942265152931213,0.005773342214524746,0.03747069835662842,0.9987468719482422,0.8254281878471375,0.825350284576416,0.9927422404289246,0.0072580426931381226,0.03684132173657417,0.9988011121749878,0.8171073794364929,0.8172234296798706
197.0,4.0,0.9937788248062134,0.006220697425305843,0.03771668300032616,0.9987636208534241,0.8192063570022583,0.8191728591918945,0.9945324659347534,0.005467530339956284,0.03582742437720299,0.9987361431121826,0.8420121073722839,0.841949462890625
198.0,0.0,0.9938694834709167,0.00613031629472971,0.03594425320625305,0.9987833499908447,0.8197752833366394,0.8197144269943237,0.9941695928573608,0.005830042529851198,0.04292042925953865,0.9986563324928284,0.8396908044815063,0.8397377133369446
198.0,1.0,0.9939810633659363,0.006020025350153446,0.0378861129283905,0.9987509846687317,0.826498806476593,0.8264699578285217,0.9937291741371155,0.00627059256657958,0.035178814083337784,0.9987882971763611,0.8128268122673035,0.8127448558807373
198.0,2.0,0.9937938451766968,0.006206345744431019,0.03769112378358841,0.9987446069717407,0.8279150724411011,0.8279210329055786,0.9944745302200317,0.005525023676455021,0.035929124802351,0.9988096356391907,0.8071587085723877,0.8069403767585754
198.0,3.0,0.9942268133163452,0.005773343611508608,0.03745951130986214,0.9987470507621765,0.8254292011260986,0.8253504037857056,0.992741584777832,0.007258086930960417,0.036841582506895065,0.9988009929656982,0.817109227180481,0.817224383354187
198.0,4.0,0.9937790036201477,0.006220703944563866,0.03771659731864929,0.9987634420394897,0.819206714630127,0.8191724419593811,0.9945328831672668,0.005467516835778952,0.03582688421010971,0.9987356066703796,0.8420115113258362,0.8419487476348877
199.0,0.0,0.993869960308075,0.0061303116381168365,0.035940270870923996,0.9987833499908447,0.8197748064994812,0.8197141289710999,0.9941703677177429,0.00582997128367424,0.042905498296022415,0.9986564517021179,0.8396903872489929,0.8397374153137207
199.0,1.0,0.9939798712730408,0.006020089611411095,0.037878621369600296,0.9987499713897705,0.8264992237091064,0.826470136642456,0.9937293529510498,0.0062706307508051395,0.03513395041227341,0.9987883567810059,0.8128262758255005,0.8127451539039612
199.0,2.0,0.9937931895256042,0.006206367164850235,0.037683624774217606,0.9987450242042542,0.8279154300689697,0.827920138835907,0.9944751858711243,0.0055250017903745174,0.03592915087938309,0.998809814453125,0.8071587085723877,0.806940495967865
199.0,3.0,0.9942270517349243,0.0057733431458473206,0.03745938464999199,0.9987470507621765,0.8254290819168091,0.8253509402275085,0.9927420616149902,0.007258076686412096,0.03684166446328163,0.9988012313842773,0.8171082735061646,0.8172235488891602
199.0,4.0,0.9937794208526611,0.006220743525773287,0.037712812423706055,0.9987637996673584,0.8192055821418762,0.8191717863082886,0.9945323467254639,0.005467609036713839,0.03582725673913956,0.9987355470657349,0.842011034488678,0.8419481515884399
