epoch,fold,dice_train,loss_train,bce_train,accuracy_train,precision_train,f1_train,dice_test,loss_test,bce_test,accuracy_test,precision_test,f1_test
0.0,0.0,0.02528148889541626,0.9747183918952942,0.5728855729103088,0.935806155204773,0.04988091066479683,0.07107388973236084,0.012558692134916782,0.98744136095047,0.567818284034729,0.8834403157234192,0.02132338657975197,0.03616147115826607
0.0,1.0,0.03583211451768875,0.9641678929328918,0.4883332848548889,0.8943293690681458,0.05530470982193947,0.09209499508142471,0.05123763903975487,0.9487623572349548,0.4096847176551819,0.9248570203781128,0.08481111377477646,0.13976676762104034
0.0,2.0,0.055671367794275284,0.9443286061286926,0.3427039682865143,0.9528084397315979,0.09803465008735657,0.1513671725988388,0.06502338498830795,0.9349766373634338,0.2779615819454193,0.974661648273468,0.13133171200752258,0.1915983408689499
0.0,3.0,0.06707356125116348,0.93292635679245,0.23364800214767456,0.981621503829956,0.15299220383167267,0.20390000939369202,0.13798825442790985,0.8620116710662842,0.1919674128293991,0.9888321161270142,0.31252700090408325,0.39291703701019287
0.0,4.0,0.10149149596691132,0.8985083699226379,0.20710739493370056,0.9859716296195984,0.20001836121082306,0.25127795338630676,0.1121564656496048,0.8878434896469116,0.12270960211753845,0.9934895634651184,0.24319830536842346,0.28872552514076233
1.0,0.0,0.19362837076187134,0.8063715696334839,0.15878403186798096,0.9912245869636536,0.26380372047424316,0.3094303607940674,0.13791650533676147,0.8620834350585938,0.028226004913449287,0.99787837266922,0.13591380417346954,0.12340619415044785
1.0,1.0,0.5187978148460388,0.4812021553516388,0.6979515552520752,0.9908614158630371,0.1573646515607834,0.09224110841751099,0.5041741728782654,0.49582579731941223,1.1695499420166016,0.988304615020752,0.0,0.0
1.0,2.0,0.5687447190284729,0.4312552809715271,1.0750788450241089,0.9892487525939941,0.0,0.0,0.5830804705619812,0.4169195592403412,1.0817755460739136,0.9891822934150696,0.0,0.0
1.0,3.0,0.6093003153800964,0.3906996250152588,0.9367601275444031,0.9906324148178101,0.0,0.0,0.41267043352127075,0.5873295664787292,1.6676682233810425,0.9833232164382935,0.0,0.0
1.0,4.0,0.5770089030265808,0.422991007566452,1.0850200653076172,0.9891498684883118,0.0,0.0,0.5493088960647583,0.4506910741329193,1.0404146909713745,0.9895958304405212,0.0,0.0
2.0,0.0,0.5134775638580322,0.48652246594429016,1.2356226444244385,0.9876438975334167,0.0,0.0,0.7963415384292603,0.203658327460289,0.4627046585083008,0.9953728914260864,0.0,0.0
2.0,1.0,0.58921879529953,0.41078126430511475,1.0523667335510254,0.9894761443138123,0.0,0.0,0.5041981339454651,0.4958018660545349,1.1695499420166016,0.9883044958114624,0.0,0.0
2.0,2.0,0.5687652230262756,0.43123477697372437,1.0751230716705322,0.9892486929893494,0.0,0.0,0.5830913186073303,0.4169086813926697,1.0817755460739136,0.9891822934150696,0.0,0.0
2.0,3.0,0.6093069314956665,0.3906930983066559,0.9367601275444031,0.9906322956085205,0.0,0.0,0.41267141699790955,0.5873285531997681,1.6676682233810425,0.9833232164382935,0.0,0.0
2.0,4.0,0.5770106315612793,0.42298945784568787,1.0850200653076172,0.989149808883667,0.0,0.0,0.5493100881576538,0.4506899118423462,1.0404146909713745,0.9895958304405212,0.0,0.0
3.0,0.0,0.5134782195091248,0.48652184009552,1.2356228828430176,0.987643837928772,0.0,0.0,0.7963423132896423,0.20365773141384125,0.4627046585083008,0.9953728914260864,0.0,0.0
3.0,1.0,0.5892192125320435,0.41078078746795654,1.0523667335510254,0.9894763827323914,0.0,0.0,0.5041985511779785,0.49580150842666626,1.1695499420166016,0.9883045554161072,0.0,0.0
3.0,2.0,0.5687654614448547,0.4312345087528229,1.0751230716705322,0.9892486929893494,0.0,0.0,0.5830914378166199,0.41690850257873535,1.0817755460739136,0.9891822934150696,0.0,0.0
3.0,3.0,0.609307050704956,0.39069297909736633,0.9367601275444031,0.9906324744224548,0.0,0.0,0.41267144680023193,0.5873285531997681,1.6676682233810425,0.983323335647583,0.0,0.0
3.0,4.0,0.5770106911659241,0.4229893088340759,1.0850201845169067,0.989149808883667,0.0,0.0,0.5493101477622986,0.45068982243537903,1.0404146909713745,0.9895959496498108,0.0,0.0
4.0,0.0,0.5134782195091248,0.48652172088623047,1.2356228828430176,0.9876437783241272,0.0,0.0,0.7963424324989319,0.2036575973033905,0.4627046585083008,0.9953728914260864,0.0,0.0
4.0,1.0,0.5892192125320435,0.41078078746795654,1.052366852760315,0.9894763231277466,0.0,0.0,0.5041986107826233,0.4958013594150543,1.1695499420166016,0.9883045554161072,0.0,0.0
4.0,2.0,0.5687655210494995,0.4312345087528229,1.0751229524612427,0.9892487525939941,0.0,0.0,0.5830915570259094,0.4169084429740906,1.0817755460739136,0.9891822934150696,0.0,0.0
4.0,3.0,0.609307050704956,0.39069297909736633,0.9367602467536926,0.9906322956085205,0.0,0.0,0.41267144680023193,0.5873284935951233,1.6676682233810425,0.983323335647583,0.0,0.0
4.0,4.0,0.5770106315612793,0.4229893088340759,1.0850201845169067,0.9891497492790222,0.0,0.0,0.5493102073669434,0.45068976283073425,1.0404146909713745,0.9895958304405212,0.0,0.0
5.0,0.0,0.5134782195091248,0.48652172088623047,1.2356230020523071,0.9876437783241272,0.0,0.0,0.7963423728942871,0.2036575973033905,0.4627046585083008,0.9953729510307312,0.0,0.0
5.0,1.0,0.5892192125320435,0.41078075766563416,1.0523667335510254,0.9894763231277466,0.0,0.0,0.5041986703872681,0.4958013892173767,1.169549822807312,0.9883045554161072,0.0,0.0
5.0,2.0,0.5687654614448547,0.4312344789505005,1.0751230716705322,0.9892486929893494,0.0,0.0,0.5830915570259094,0.4169084131717682,1.0817755460739136,0.9891822934150696,0.0,0.0
5.0,3.0,0.609307050704956,0.39069294929504395,0.9367601275444031,0.9906324148178101,0.0,0.0,0.4126715064048767,0.5873284935951233,1.6676682233810425,0.983323335647583,0.0,0.0
5.0,4.0,0.5770106911659241,0.42298927903175354,1.0850201845169067,0.9891496896743774,0.0,0.0,0.5493102073669434,0.45068979263305664,1.0404146909713745,0.9895958304405212,0.0,0.0
6.0,0.0,0.5134782195091248,0.48652178049087524,1.2356228828430176,0.9876437783241272,0.0,0.0,0.7963424324989319,0.2036575824022293,0.4627046585083008,0.9953729510307312,0.0,0.0
6.0,1.0,0.5892192721366882,0.41078078746795654,1.0523667335510254,0.9894763231277466,0.0,0.0,0.5041986703872681,0.4958013892173767,1.1695499420166016,0.9883044958114624,0.0,0.0
6.0,2.0,0.5687654614448547,0.4312345087528229,1.0751229524612427,0.9892487525939941,0.0,0.0,0.5830916166305542,0.4169084429740906,1.0817755460739136,0.98918217420578,0.0,0.0
6.0,3.0,0.609307050704956,0.39069288969039917,0.9367601275444031,0.9906324148178101,0.0,0.0,0.4126715064048767,0.5873284935951233,1.6676682233810425,0.983323335647583,0.0,0.0
6.0,4.0,0.5770106911659241,0.4229893386363983,1.0850201845169067,0.9891497492790222,0.0,0.0,0.5493102073669434,0.45068979263305664,1.0404146909713745,0.9895958304405212,0.0,0.0
7.0,0.0,0.51347815990448,0.48652178049087524,1.2356228828430176,0.9876437783241272,0.0,0.0,0.7963424324989319,0.2036575824022293,0.4627046585083008,0.9953728914260864,0.0,0.0
7.0,1.0,0.5892192125320435,0.41078075766563416,1.0523667335510254,0.9894763231277466,0.0,0.0,0.5041986703872681,0.4958013892173767,1.1695499420166016,0.9883044958114624,0.0,0.0
7.0,2.0,0.5687654614448547,0.43123453855514526,1.0751229524612427,0.9892488121986389,0.0,0.0,0.5830916166305542,0.4169084429740906,1.0817755460739136,0.98918217420578,0.0,0.0
7.0,3.0,0.6093071103096008,0.39069288969039917,0.9367601275444031,0.9906324744224548,0.0,0.0,0.41267144680023193,0.5873284935951233,1.6676684617996216,0.9833232164382935,0.0,0.0
7.0,4.0,0.5770106911659241,0.42298927903175354,1.0850201845169067,0.9891497492790222,0.0,0.0,0.5493102669715881,0.45068976283073425,1.0404146909713745,0.9895957708358765,0.0,0.0
8.0,0.0,0.5134783387184143,0.48652172088623047,1.2356230020523071,0.9876437187194824,0.0,0.0,0.7963424324989319,0.2036575824022293,0.4627046585083008,0.9953728914260864,0.0,0.0
8.0,1.0,0.589219331741333,0.4107806980609894,1.0523667335510254,0.9894762635231018,0.0,0.0,0.5041986107826233,0.4958013892173767,1.169549822807312,0.9883044958114624,0.0,0.0
8.0,2.0,0.5687655210494995,0.4312345087528229,1.0751229524612427,0.9892487525939941,0.0,0.0,0.5830916166305542,0.4169084131717682,1.0817755460739136,0.9891822934150696,0.0,0.0
8.0,3.0,0.609307050704956,0.39069288969039917,0.9367601275444031,0.9906324744224548,0.0,0.0,0.4126715064048767,0.5873284935951233,1.6676684617996216,0.983323335647583,0.0,0.0
8.0,4.0,0.5770106911659241,0.4229893088340759,1.0850203037261963,0.9891497492790222,0.0,0.0,0.5493102073669434,0.45068976283073425,1.0404146909713745,0.9895958304405212,0.0,0.0
9.0,0.0,0.5134783387184143,0.4865216910839081,1.2356228828430176,0.9876437783241272,0.0,0.0,0.7963423728942871,0.2036575973033905,0.4627046585083008,0.9953728914260864,0.0,0.0
9.0,1.0,0.5892192125320435,0.41078078746795654,1.052366852760315,0.9894761443138123,0.0,0.0,0.5041986703872681,0.4958013892173767,1.1695499420166016,0.9883044958114624,0.0,0.0
9.0,2.0,0.5687655210494995,0.43123453855514526,1.0751229524612427,0.9892489314079285,0.0,0.0,0.5830916166305542,0.4169084429740906,1.0817755460739136,0.9891822934150696,0.0,0.0
9.0,3.0,0.609307050704956,0.39069288969039917,0.9367603063583374,0.9906322956085205,0.0,0.0,0.41267141699790955,0.5873285531997681,1.6676684617996216,0.983323335647583,0.0,0.0
9.0,4.0,0.5770107507705688,0.4229893386363983,1.0850201845169067,0.989149808883667,0.0,0.0,0.5493102669715881,0.45068979263305664,1.0404146909713745,0.9895958304405212,0.0,0.0
10.0,0.0,0.5134782195091248,0.48652175068855286,1.2356228828430176,0.9876437783241272,0.0,0.0,0.7963423728942871,0.2036575973033905,0.4627046585083008,0.9953729510307312,0.0,0.0
10.0,1.0,0.5892192125320435,0.41078075766563416,1.0523666143417358,0.9894763827323914,0.0,0.0,0.5041986703872681,0.4958013892173767,1.1695499420166016,0.9883045554161072,0.0,0.0
10.0,2.0,0.5687655210494995,0.4312345087528229,1.0751229524612427,0.9892487525939941,0.0,0.0,0.5830916166305542,0.4169084429740906,1.0817755460739136,0.9891822934150696,0.0,0.0
10.0,3.0,0.6093071103096008,0.39069294929504395,0.9367602467536926,0.9906324148178101,0.0,0.0,0.41267144680023193,0.5873284935951233,1.6676684617996216,0.983323335647583,0.0,0.0
10.0,4.0,0.5770106911659241,0.42298927903175354,1.0850201845169067,0.989149808883667,0.0,0.0,0.5493101477622986,0.45068979263305664,1.0404146909713745,0.9895958304405212,0.0,0.0
11.0,0.0,0.5134782791137695,0.48652172088623047,1.2356228828430176,0.9876437783241272,0.0,0.0,0.7963424324989319,0.2036575824022293,0.4627046585083008,0.9953728914260864,0.0,0.0
11.0,1.0,0.5892192125320435,0.41078075766563416,1.0523667335510254,0.9894763231277466,0.0,0.0,0.5041986107826233,0.4958013892173767,1.1695499420166016,0.9883045554161072,0.0,0.0
11.0,2.0,0.5687655210494995,0.4312344789505005,1.0751229524612427,0.9892487525939941,0.0,0.0,0.5830916166305542,0.4169084429740906,1.0817755460739136,0.98918217420578,0.0,0.0
11.0,3.0,0.609307050704956,0.39069288969039917,0.9367602467536926,0.9906323552131653,0.0,0.0,0.4126715362071991,0.5873284935951233,1.6676682233810425,0.983323335647583,0.0,0.0
11.0,4.0,0.5770106911659241,0.4229893386363983,1.0850200653076172,0.989149808883667,0.0,0.0,0.5493102073669434,0.45068976283073425,1.0404146909713745,0.9895958304405212,0.0,0.0
12.0,0.0,0.5134783387184143,0.4865216910839081,1.2356230020523071,0.9876437783241272,0.0,0.0,0.7963424324989319,0.2036575973033905,0.4627046585083008,0.9953729510307312,0.0,0.0
12.0,1.0,0.5892192125320435,0.41078072786331177,1.0523667335510254,0.9894763231277466,0.0,0.0,0.5041986703872681,0.4958013892173767,1.169549822807312,0.9883045554161072,0.0,0.0
12.0,2.0,0.5687655210494995,0.4312345087528229,1.0751229524612427,0.9892488121986389,0.0,0.0,0.5830916166305542,0.4169084131717682,1.0817755460739136,0.9891822934150696,0.0,0.0
12.0,3.0,0.6093071103096008,0.3906928598880768,0.9367601275444031,0.9906324148178101,0.0,0.0,0.4126715064048767,0.5873284935951233,1.6676682233810425,0.9833233952522278,0.0,0.0
12.0,4.0,0.5770106315612793,0.4229893088340759,1.0850201845169067,0.9891497492790222,0.0,0.0,0.5493102073669434,0.45068976283073425,1.0404146909713745,0.9895957708358765,0.0,0.0
13.0,0.0,0.5134782195091248,0.48652175068855286,1.2356228828430176,0.9876437783241272,0.0,0.0,0.7963424324989319,0.2036575973033905,0.4627046585083008,0.9953729510307312,0.0,0.0
13.0,1.0,0.5892192125320435,0.4107808470726013,1.0523667335510254,0.9894763827323914,0.0,0.0,0.5041986703872681,0.4958013594150543,1.1695499420166016,0.9883045554161072,0.0,0.0
13.0,2.0,0.5687655806541443,0.4312344789505005,1.0751230716705322,0.9892486929893494,0.0,0.0,0.5830915570259094,0.4169084131717682,1.0817755460739136,0.9891822934150696,0.0,0.0
13.0,3.0,0.6093071103096008,0.39069294929504395,0.9367603063583374,0.9906324148178101,0.0,0.0,0.4126715064048767,0.5873284935951233,1.6676684617996216,0.9833233952522278,0.0,0.0
13.0,4.0,0.5770106911659241,0.4229893386363983,1.0850201845169067,0.9891497492790222,0.0,0.0,0.5493102073669434,0.45068976283073425,1.0404146909713745,0.9895958304405212,0.0,0.0
14.0,0.0,0.5134782195091248,0.48652175068855286,1.2356226444244385,0.9876438975334167,0.0,0.0,0.7963424324989319,0.2036575824022293,0.4627046585083008,0.9953728914260864,0.0,0.0
14.0,1.0,0.5892192125320435,0.41078075766563416,1.0523666143417358,0.9894764423370361,0.0,0.0,0.5041986107826233,0.4958013892173767,1.1695499420166016,0.9883044958114624,0.0,0.0
14.0,2.0,0.5687654614448547,0.43123453855514526,1.0751229524612427,0.9892487525939941,0.0,0.0,0.5830915570259094,0.4169084429740906,1.0817755460739136,0.9891822934150696,0.0,0.0
14.0,3.0,0.6093071103096008,0.39069297909736633,0.9367601275444031,0.9906324148178101,0.0,0.0,0.4126715064048767,0.5873285531997681,1.6676682233810425,0.9833232164382935,0.0,0.0
14.0,4.0,0.5770106315612793,0.4229893088340759,1.0850201845169067,0.9891497492790222,0.0,0.0,0.5493102073669434,0.45068976283073425,1.0404146909713745,0.9895958304405212,0.0,0.0
15.0,0.0,0.5134782791137695,0.48652172088623047,1.2356228828430176,0.987643837928772,0.0,0.0,0.7963424324989319,0.2036575824022293,0.4627046585083008,0.9953729510307312,0.0,0.0
15.0,1.0,0.5892192721366882,0.41078072786331177,1.0523667335510254,0.9894763231277466,0.0,0.0,0.5041986703872681,0.4958013594150543,1.1695499420166016,0.9883045554161072,0.0,0.0
15.0,2.0,0.5687655210494995,0.4312345087528229,1.0751229524612427,0.9892487525939941,0.0,0.0,0.5830916166305542,0.4169084131717682,1.0817755460739136,0.98918217420578,0.0,0.0
15.0,3.0,0.6093071103096008,0.39069288969039917,0.9367601275444031,0.9906323552131653,0.0,0.0,0.41267144680023193,0.5873285531997681,1.6676684617996216,0.9833233952522278,0.0,0.0
15.0,4.0,0.5770107507705688,0.42298927903175354,1.0850200653076172,0.9891498684883118,0.0,0.0,0.5493102073669434,0.45068976283073425,1.0404146909713745,0.9895958304405212,0.0,0.0
16.0,0.0,0.5134782791137695,0.48652175068855286,1.2356228828430176,0.9876437783241272,0.0,0.0,0.7963424324989319,0.2036575824022293,0.4627046585083008,0.9953729510307312,0.0,0.0
16.0,1.0,0.5892192721366882,0.41078072786331177,1.0523666143417358,0.9894763827323914,0.0,0.0,0.5041986107826233,0.4958013892173767,1.1695499420166016,0.9883045554161072,0.0,0.0
16.0,2.0,0.5687654614448547,0.4312345087528229,1.0751229524612427,0.9892487525939941,0.0,0.0,0.5830916166305542,0.4169084131717682,1.0817755460739136,0.9891822934150696,0.0,0.0
16.0,3.0,0.6093071699142456,0.39069288969039917,0.9367601275444031,0.9906324148178101,0.0,0.0,0.4126715064048767,0.5873284935951233,1.6676682233810425,0.983323335647583,0.0,0.0
16.0,4.0,0.5770106911659241,0.4229893684387207,1.0850200653076172,0.989149808883667,0.0,0.0,0.5493102073669434,0.45068976283073425,1.0404146909713745,0.9895958304405212,0.0,0.0
17.0,0.0,0.5134782791137695,0.48652175068855286,1.2356228828430176,0.9876437783241272,0.0,0.0,0.7963424324989319,0.2036575824022293,0.4627046585083008,0.9953728914260864,0.0,0.0
17.0,1.0,0.5892192125320435,0.41078075766563416,1.0523666143417358,0.9894763827323914,0.0,0.0,0.5041986703872681,0.4958013594150543,1.1695499420166016,0.9883045554161072,0.0,0.0
17.0,2.0,0.5687655210494995,0.4312345087528229,1.0751229524612427,0.9892487525939941,0.0,0.0,0.5830915570259094,0.4169084131717682,1.0817755460739136,0.9891822934150696,0.0,0.0
17.0,3.0,0.6093071103096008,0.39069294929504395,0.9367601275444031,0.9906324148178101,0.0,0.0,0.41267144680023193,0.5873285531997681,1.6676682233810425,0.983323335647583,0.0,0.0
17.0,4.0,0.5770106911659241,0.4229893088340759,1.0850200653076172,0.989149808883667,0.0,0.0,0.5493102073669434,0.45068976283073425,1.0404146909713745,0.9895958304405212,0.0,0.0
18.0,0.0,0.5134782791137695,0.48652172088623047,1.2356226444244385,0.987643837928772,0.0,0.0,0.7963424324989319,0.2036575824022293,0.4627046585083008,0.9953728914260864,0.0,0.0
18.0,1.0,0.5892192721366882,0.41078075766563416,1.0523666143417358,0.9894763827323914,0.0,0.0,0.5041986107826233,0.4958013892173767,1.1695499420166016,0.9883045554161072,0.0,0.0
18.0,2.0,0.5687655210494995,0.4312345087528229,1.0751229524612427,0.9892487525939941,0.0,0.0,0.5830916166305542,0.4169084429740906,1.0817755460739136,0.9891823530197144,0.0,0.0
18.0,3.0,0.6093071103096008,0.39069294929504395,0.9367601275444031,0.9906324744224548,0.0,0.0,0.4126715362071991,0.5873284935951233,1.6676682233810425,0.983323335647583,0.0,0.0
18.0,4.0,0.5770107507705688,0.42298927903175354,1.0850201845169067,0.9891497492790222,0.0,0.0,0.5493102073669434,0.45068976283073425,1.0404146909713745,0.9895958304405212,0.0,0.0
19.0,0.0,0.5134782791137695,0.48652175068855286,1.2356228828430176,0.987643837928772,0.0,0.0,0.7963423728942871,0.2036575973033905,0.4627046585083008,0.9953728914260864,0.0,0.0
19.0,1.0,0.5892192125320435,0.41078072786331177,1.0523667335510254,0.9894763827323914,0.0,0.0,0.5041986107826233,0.4958013892173767,1.1695499420166016,0.9883044958114624,0.0,0.0
19.0,2.0,0.5687655210494995,0.43123453855514526,1.0751229524612427,0.9892488121986389,0.0,0.0,0.5830916166305542,0.4169084131717682,1.0817755460739136,0.98918217420578,0.0,0.0
19.0,3.0,0.609307050704956,0.39069288969039917,0.9367603063583374,0.9906322956085205,0.0,0.0,0.41267144680023193,0.5873284935951233,1.6676684617996216,0.983323335647583,0.0,0.0
19.0,4.0,0.5770107507705688,0.42298927903175354,1.0850200653076172,0.989149808883667,0.0,0.0,0.5493102669715881,0.45068979263305664,1.0404146909713745,0.9895958304405212,0.0,0.0
20.0,0.0,0.5134782195091248,0.48652178049087524,1.2356228828430176,0.987643837928772,0.0,0.0,0.7963424324989319,0.2036575824022293,0.4627046585083008,0.9953728914260864,0.0,0.0
20.0,1.0,0.5892192125320435,0.41078078746795654,1.0523666143417358,0.9894763827323914,0.0,0.0,0.5041986703872681,0.4958013892173767,1.1695499420166016,0.9883045554161072,0.0,0.0
20.0,2.0,0.5687655806541443,0.4312345087528229,1.0751229524612427,0.9892487525939941,0.0,0.0,0.5830916166305542,0.4169084131717682,1.0817755460739136,0.9891822934150696,0.0,0.0
20.0,3.0,0.6093071699142456,0.39069288969039917,0.9367601275444031,0.9906324148178101,0.0,0.0,0.4126715362071991,0.5873284935951233,1.6676682233810425,0.983323335647583,0.0,0.0
20.0,4.0,0.5770106911659241,0.4229893386363983,1.0850201845169067,0.989149808883667,0.0,0.0,0.5493102073669434,0.45068979263305664,1.0404146909713745,0.9895958304405212,0.0,0.0
21.0,0.0,0.5134782791137695,0.48652175068855286,1.2356228828430176,0.9876437783241272,0.0,0.0,0.7963424324989319,0.2036575973033905,0.4627046585083008,0.9953728914260864,0.0,0.0
21.0,1.0,0.5892192125320435,0.4107808470726013,1.0523667335510254,0.9894763231277466,0.0,0.0,0.5041986107826233,0.4958013892173767,1.1695499420166016,0.9883045554161072,0.0,0.0
21.0,2.0,0.5687654614448547,0.4312345087528229,1.0751229524612427,0.9892489314079285,0.0,0.0,0.5830916166305542,0.4169084429740906,1.0817755460739136,0.9891822934150696,0.0,0.0
21.0,3.0,0.6093071103096008,0.39069288969039917,0.9367601275444031,0.9906324148178101,0.0,0.0,0.4126715064048767,0.5873284935951233,1.6676682233810425,0.983323335647583,0.0,0.0
21.0,4.0,0.5770107507705688,0.4229893386363983,1.0850200653076172,0.9891497492790222,0.0,0.0,0.5493102073669434,0.45068976283073425,1.0404146909713745,0.9895957708358765,0.0,0.0
22.0,0.0,0.5134782195091248,0.48652175068855286,1.2356228828430176,0.987643837928772,0.0,0.0,0.7963423728942871,0.2036575973033905,0.4627046585083008,0.9953729510307312,0.0,0.0
22.0,1.0,0.5892192125320435,0.41078075766563416,1.0523667335510254,0.9894764423370361,0.0,0.0,0.5041986703872681,0.4958013892173767,1.1695499420166016,0.9883044958114624,0.0,0.0
22.0,2.0,0.5687655210494995,0.4312345087528229,1.0751229524612427,0.9892488121986389,0.0,0.0,0.5830916166305542,0.4169084131717682,1.0817755460739136,0.9891822934150696,0.0,0.0
22.0,3.0,0.609307050704956,0.39069288969039917,0.9367601275444031,0.9906324148178101,0.0,0.0,0.4126715362071991,0.5873285531997681,1.6676684617996216,0.983323335647583,0.0,0.0
22.0,4.0,0.5770107507705688,0.4229893386363983,1.0850201845169067,0.989149808883667,0.0,0.0,0.5493102073669434,0.45068979263305664,1.0404146909713745,0.9895959496498108,0.0,0.0
23.0,0.0,0.5134782195091248,0.48652178049087524,1.2356226444244385,0.987643837928772,0.0,0.0,0.7963424324989319,0.2036575824022293,0.4627046585083008,0.9953728914260864,0.0,0.0
23.0,1.0,0.5892192125320435,0.41078075766563416,1.0523667335510254,0.9894763827323914,0.0,0.0,0.5041986703872681,0.4958013892173767,1.169549822807312,0.9883044958114624,0.0,0.0
23.0,2.0,0.5687655210494995,0.43123453855514526,1.0751230716705322,0.9892486929893494,0.0,0.0,0.5830916166305542,0.4169084131717682,1.0817755460739136,0.98918217420578,0.0,0.0
23.0,3.0,0.609307050704956,0.39069294929504395,0.9367601275444031,0.9906324148178101,0.0,0.0,0.4126715064048767,0.5873285531997681,1.6676682233810425,0.983323335647583,0.0,0.0
23.0,4.0,0.5770107507705688,0.4229893684387207,1.0850200653076172,0.9891498684883118,0.0,0.0,0.5493101477622986,0.45068979263305664,1.0404146909713745,0.9895958304405212,0.0,0.0
24.0,0.0,0.5134782791137695,0.48652172088623047,1.2356228828430176,0.987643837928772,0.0,0.0,0.7963424324989319,0.2036575824022293,0.4627046585083008,0.9953728914260864,0.0,0.0
24.0,1.0,0.589219331741333,0.41078072786331177,1.0523667335510254,0.9894763827323914,0.0,0.0,0.5041986703872681,0.4958013594150543,1.1695499420166016,0.9883044958114624,0.0,0.0
24.0,2.0,0.5687655210494995,0.4312345087528229,1.0751229524612427,0.9892486929893494,0.0,0.0,0.5830915570259094,0.4169084131717682,1.0817755460739136,0.9891822934150696,0.0,0.0
24.0,3.0,0.6093071103096008,0.39069294929504395,0.9367602467536926,0.9906324148178101,0.0,0.0,0.41267144680023193,0.5873284935951233,1.6676682233810425,0.9833232164382935,0.0,0.0
24.0,4.0,0.5770106911659241,0.4229893386363983,1.0850200653076172,0.9891498684883118,0.0,0.0,0.5493102073669434,0.45068976283073425,1.0404146909713745,0.9895958304405212,0.0,0.0
25.0,0.0,0.5134782791137695,0.48652172088623047,1.2356226444244385,0.9876437187194824,0.0,0.0,0.7963424324989319,0.2036575824022293,0.4627046585083008,0.9953729510307312,0.0,0.0
25.0,1.0,0.5892192721366882,0.41078075766563416,1.0523667335510254,0.9894762635231018,0.0,0.0,0.5041986703872681,0.4958013892173767,1.169549822807312,0.9883045554161072,0.0,0.0
25.0,2.0,0.5687655210494995,0.4312345087528229,1.0751231908798218,0.9892486929893494,0.0,0.0,0.5830916166305542,0.4169084429740906,1.0817755460739136,0.98918217420578,0.0,0.0
25.0,3.0,0.6093071103096008,0.39069288969039917,0.9367601275444031,0.9906324744224548,0.0,0.0,0.41267144680023193,0.5873284935951233,1.6676685810089111,0.9833232164382935,0.0,0.0
25.0,4.0,0.5770106911659241,0.4229893088340759,1.0850201845169067,0.9891497492790222,0.0,0.0,0.5493102073669434,0.45068976283073425,1.0404146909713745,0.9895958304405212,0.0,0.0
26.0,0.0,0.5134782195091248,0.48652178049087524,1.2356228828430176,0.9876438975334167,0.0,0.0,0.7963424324989319,0.2036575824022293,0.4627046585083008,0.9953729510307312,0.0,0.0
26.0,1.0,0.5892192125320435,0.41078075766563416,1.0523666143417358,0.9894763827323914,0.0,0.0,0.5041986107826233,0.4958013892173767,1.169549822807312,0.9883044958114624,0.0,0.0
26.0,2.0,0.5687655210494995,0.4312344789505005,1.0751229524612427,0.9892488121986389,0.0,0.0,0.5830916166305542,0.4169084131717682,1.0817755460739136,0.9891822934150696,0.0,0.0
26.0,3.0,0.609307050704956,0.39069294929504395,0.9367602467536926,0.9906324148178101,0.0,0.0,0.4126715064048767,0.5873284935951233,1.6676684617996216,0.983323335647583,0.0,0.0
26.0,4.0,0.5770106315612793,0.4229893386363983,1.0850201845169067,0.9891498684883118,0.0,0.0,0.5493102669715881,0.45068979263305664,1.0404146909713745,0.9895958304405212,0.0,0.0
27.0,0.0,0.5134782791137695,0.48652175068855286,1.2356228828430176,0.9876437783241272,0.0,0.0,0.7963424324989319,0.2036575824022293,0.4627046585083008,0.9953728914260864,0.0,0.0
27.0,1.0,0.589219331741333,0.41078078746795654,1.0523667335510254,0.9894763827323914,0.0,0.0,0.5041986703872681,0.4958013594150543,1.1695499420166016,0.9883045554161072,0.0,0.0
27.0,2.0,0.5687655210494995,0.4312344789505005,1.0751229524612427,0.9892486929893494,0.0,0.0,0.5830915570259094,0.4169084131717682,1.0817755460739136,0.98918217420578,0.0,0.0
27.0,3.0,0.6093071103096008,0.3906928598880768,0.9367601275444031,0.9906324148178101,0.0,0.0,0.4126715362071991,0.5873284935951233,1.6676682233810425,0.983323335647583,0.0,0.0
27.0,4.0,0.5770106911659241,0.4229893684387207,1.0850200653076172,0.989149808883667,0.0,0.0,0.5493102669715881,0.45068976283073425,1.0404146909713745,0.9895958304405212,0.0,0.0
28.0,0.0,0.5134782195091248,0.48652178049087524,1.2356228828430176,0.9876437783241272,0.0,0.0,0.7963424324989319,0.2036575824022293,0.4627046585083008,0.9953729510307312,0.0,0.0
28.0,1.0,0.589219331741333,0.41078075766563416,1.0523667335510254,0.9894762635231018,0.0,0.0,0.5041986703872681,0.4958013594150543,1.169549822807312,0.9883044958114624,0.0,0.0
28.0,2.0,0.5687655210494995,0.4312345087528229,1.0751229524612427,0.9892487525939941,0.0,0.0,0.5830916166305542,0.4169084429740906,1.0817755460739136,0.98918217420578,0.0,0.0
28.0,3.0,0.609307050704956,0.39069288969039917,0.9367602467536926,0.9906323552131653,0.0,0.0,0.4126715064048767,0.5873285531997681,1.6676684617996216,0.9833233952522278,0.0,0.0
28.0,4.0,0.5770107507705688,0.4229893088340759,1.0850201845169067,0.989149808883667,0.0,0.0,0.5493102669715881,0.45068979263305664,1.0404146909713745,0.9895958304405212,0.0,0.0
29.0,0.0,0.51347815990448,0.48652178049087524,1.2356230020523071,0.9876437783241272,0.0,0.0,0.7963424324989319,0.2036575824022293,0.4627046585083008,0.9953728914260864,0.0,0.0
29.0,1.0,0.589219331741333,0.41078072786331177,1.0523667335510254,0.9894763231277466,0.0,0.0,0.5041986703872681,0.4958013892173767,1.1695499420166016,0.9883044958114624,0.0,0.0
29.0,2.0,0.5687655210494995,0.4312344789505005,1.0751230716705322,0.9892486333847046,0.0,0.0,0.5830916166305542,0.4169084131717682,1.0817755460739136,0.9891822934150696,0.0,0.0
29.0,3.0,0.6093071103096008,0.39069288969039917,0.9367602467536926,0.9906323552131653,0.0,0.0,0.4126715064048767,0.5873284935951233,1.6676684617996216,0.9833233952522278,0.0,0.0
29.0,4.0,0.5770107507705688,0.4229893088340759,1.0850200653076172,0.9891498684883118,0.0,0.0,0.5493102073669434,0.45068979263305664,1.0404146909713745,0.9895958304405212,0.0,0.0
30.0,0.0,0.5134782195091248,0.48652178049087524,1.2356230020523071,0.9876437783241272,0.0,0.0,0.7963424324989319,0.2036575824022293,0.4627046585083008,0.9953728914260864,0.0,0.0
30.0,1.0,0.589219331741333,0.41078075766563416,1.0523666143417358,0.9894763827323914,0.0,0.0,0.5041986107826233,0.4958013594150543,1.169549822807312,0.9883044958114624,0.0,0.0
30.0,2.0,0.5687655210494995,0.4312345087528229,1.0751230716705322,0.9892487525939941,0.0,0.0,0.5830916166305542,0.4169084131717682,1.0817755460739136,0.98918217420578,0.0,0.0
30.0,3.0,0.609307050704956,0.39069297909736633,0.9367602467536926,0.9906323552131653,0.0,0.0,0.4126715064048767,0.5873284935951233,1.6676682233810425,0.983323335647583,0.0,0.0
30.0,4.0,0.5770106911659241,0.4229893088340759,1.0850200653076172,0.989149808883667,0.0,0.0,0.5493102073669434,0.45068976283073425,1.0404146909713745,0.9895957708358765,0.0,0.0
31.0,0.0,0.5134783387184143,0.4865216910839081,1.2356230020523071,0.9876437187194824,0.0,0.0,0.7963423728942871,0.2036575973033905,0.4627046585083008,0.9953729510307312,0.0,0.0
31.0,1.0,0.5892192125320435,0.41078075766563416,1.0523667335510254,0.9894763827323914,0.0,0.0,0.5041986107826233,0.4958013594150543,1.169549822807312,0.9883044958114624,0.0,0.0
31.0,2.0,0.5687654614448547,0.4312345087528229,1.0751230716705322,0.9892487525939941,0.0,0.0,0.583091676235199,0.4169084429740906,1.0817755460739136,0.9891822934150696,0.0,0.0
31.0,3.0,0.6093071103096008,0.39069288969039917,0.9367602467536926,0.9906323552131653,0.0,0.0,0.41267144680023193,0.5873284935951233,1.6676682233810425,0.9833232164382935,0.0,0.0
31.0,4.0,0.5770106911659241,0.4229893088340759,1.0850201845169067,0.9891496896743774,0.0,0.0,0.5493102073669434,0.45068979263305664,1.0404146909713745,0.9895958304405212,0.0,0.0
32.0,0.0,0.5134783387184143,0.4865216910839081,1.2356228828430176,0.987643837928772,0.0,0.0,0.7963424324989319,0.2036575973033905,0.4627046585083008,0.9953729510307312,0.0,0.0
32.0,1.0,0.5892192125320435,0.41078072786331177,1.0523667335510254,0.9894763827323914,0.0,0.0,0.5041986107826233,0.4958013892173767,1.169549822807312,0.9883045554161072,0.0,0.0
32.0,2.0,0.5687655210494995,0.4312344789505005,1.0751229524612427,0.9892489314079285,0.0,0.0,0.5830916166305542,0.4169084429740906,1.0817755460739136,0.9891822934150696,0.0,0.0
32.0,3.0,0.6093071699142456,0.39069288969039917,0.9367601275444031,0.9906324148178101,0.0,0.0,0.4126715064048767,0.5873284935951233,1.6676682233810425,0.983323335647583,0.0,0.0
32.0,4.0,0.5770107507705688,0.4229893088340759,1.0850200653076172,0.9891498684883118,0.0,0.0,0.5493102073669434,0.45068976283073425,1.0404146909713745,0.9895958304405212,0.0,0.0
33.0,0.0,0.5134782791137695,0.48652172088623047,1.2356230020523071,0.9876437783241272,0.0,0.0,0.7963424324989319,0.2036575973033905,0.4627046585083008,0.9953728914260864,0.0,0.0
33.0,1.0,0.5892192721366882,0.41078072786331177,1.0523666143417358,0.9894763827323914,0.0,0.0,0.5041986703872681,0.4958013892173767,1.1695499420166016,0.9883045554161072,0.0,0.0
33.0,2.0,0.5687655210494995,0.4312344789505005,1.0751228332519531,0.9892488121986389,0.0,0.0,0.5830915570259094,0.4169084131717682,1.0817755460739136,0.9891822934150696,0.0,0.0
33.0,3.0,0.6093071103096008,0.39069288969039917,0.9367601275444031,0.9906324744224548,0.0,0.0,0.4126715362071991,0.5873284935951233,1.6676682233810425,0.983323335647583,0.0,0.0
33.0,4.0,0.5770106911659241,0.4229893386363983,1.0850201845169067,0.9891497492790222,0.0,0.0,0.5493102669715881,0.45068976283073425,1.0404146909713745,0.9895958304405212,0.0,0.0
34.0,0.0,0.5134783387184143,0.48652172088623047,1.2356228828430176,0.9876437187194824,0.0,0.0,0.7963424324989319,0.2036575973033905,0.4627046585083008,0.9953729510307312,0.0,0.0
34.0,1.0,0.5892192721366882,0.41078072786331177,1.0523667335510254,0.9894763827323914,0.0,0.0,0.5041986703872681,0.4958013594150543,1.169549822807312,0.9883044958114624,0.0,0.0
34.0,2.0,0.5687655806541443,0.4312344789505005,1.0751230716705322,0.9892487525939941,0.0,0.0,0.5830916166305542,0.4169084131717682,1.0817755460739136,0.9891822934150696,0.0,0.0
34.0,3.0,0.609307050704956,0.39069288969039917,0.9367602467536926,0.9906323552131653,0.0,0.0,0.4126715064048767,0.5873284935951233,1.6676682233810425,0.983323335647583,0.0,0.0
34.0,4.0,0.5770106911659241,0.4229893088340759,1.0850201845169067,0.9891497492790222,0.0,0.0,0.5493102073669434,0.45068976283073425,1.0404146909713745,0.9895958304405212,0.0,0.0
35.0,0.0,0.5134782791137695,0.48652172088623047,1.2356228828430176,0.9876436591148376,0.0,0.0,0.7963423728942871,0.2036575973033905,0.4627046585083008,0.9953728914260864,0.0,0.0
35.0,1.0,0.5892192721366882,0.41078075766563416,1.0523667335510254,0.9894763827323914,0.0,0.0,0.5041986107826233,0.4958013892173767,1.1695499420166016,0.988304615020752,0.0,0.0
35.0,2.0,0.5687655806541443,0.4312344193458557,1.0751230716705322,0.9892486929893494,0.0,0.0,0.5830915570259094,0.4169084131717682,1.0817755460739136,0.9891822934150696,0.0,0.0
35.0,3.0,0.6093071103096008,0.39069297909736633,0.9367602467536926,0.9906324148178101,0.0,0.0,0.41267144680023193,0.5873284935951233,1.6676684617996216,0.9833233952522278,0.0,0.0
35.0,4.0,0.5770106315612793,0.4229893088340759,1.0850201845169067,0.989149808883667,0.0,0.0,0.5493102073669434,0.45068979263305664,1.0404146909713745,0.9895958304405212,0.0,0.0
36.0,0.0,0.5134782791137695,0.48652175068855286,1.2356228828430176,0.9876437783241272,0.0,0.0,0.7963424324989319,0.2036575824022293,0.4627046585083008,0.9953728914260864,0.0,0.0
36.0,1.0,0.5892192125320435,0.41078075766563416,1.0523667335510254,0.9894763231277466,0.0,0.0,0.5041986703872681,0.4958013892173767,1.1695499420166016,0.9883045554161072,0.0,0.0
36.0,2.0,0.5687655210494995,0.43123453855514526,1.0751230716705322,0.9892487525939941,0.0,0.0,0.5830916166305542,0.4169084131717682,1.0817755460739136,0.9891822934150696,0.0,0.0
36.0,3.0,0.6093071103096008,0.39069288969039917,0.9367601275444031,0.9906324148178101,0.0,0.0,0.4126715064048767,0.5873284935951233,1.6676682233810425,0.983323335647583,0.0,0.0
36.0,4.0,0.5770107507705688,0.42298927903175354,1.0850201845169067,0.9891497492790222,0.0,0.0,0.5493102073669434,0.45068976283073425,1.0404146909713745,0.9895958304405212,0.0,0.0
37.0,0.0,0.5134782195091248,0.48652172088623047,1.2356230020523071,0.9876437187194824,0.0,0.0,0.7963424324989319,0.2036575824022293,0.4627046585083008,0.9953729510307312,0.0,0.0
37.0,1.0,0.5892192721366882,0.41078075766563416,1.0523667335510254,0.9894763231277466,0.0,0.0,0.5041986107826233,0.4958013892173767,1.169549822807312,0.9883045554161072,0.0,0.0
37.0,2.0,0.5687655210494995,0.4312344789505005,1.0751230716705322,0.9892486929893494,0.0,0.0,0.5830916166305542,0.4169084131717682,1.0817755460739136,0.9891822934150696,0.0,0.0
37.0,3.0,0.6093071699142456,0.39069288969039917,0.9367601275444031,0.9906324148178101,0.0,0.0,0.4126715064048767,0.5873284935951233,1.6676682233810425,0.983323335647583,0.0,0.0
37.0,4.0,0.5770107507705688,0.4229893088340759,1.0850200653076172,0.9891499876976013,0.0,0.0,0.5493102669715881,0.45068976283073425,1.0404146909713745,0.9895958304405212,0.0,0.0
38.0,0.0,0.5134782195091248,0.48652175068855286,1.2356226444244385,0.987643837928772,0.0,0.0,0.7963424324989319,0.2036575824022293,0.4627046585083008,0.9953728914260864,0.0,0.0
38.0,1.0,0.5892192721366882,0.41078072786331177,1.0523667335510254,0.9894763231277466,0.0,0.0,0.5041986703872681,0.4958013594150543,1.1695499420166016,0.9883045554161072,0.0,0.0
38.0,2.0,0.5687655806541443,0.4312345087528229,1.0751229524612427,0.9892487525939941,0.0,0.0,0.5830916166305542,0.4169084131717682,1.0817755460739136,0.98918217420578,0.0,0.0
38.0,3.0,0.609307050704956,0.39069288969039917,0.9367601275444031,0.9906324148178101,0.0,0.0,0.4126715362071991,0.5873284935951233,1.667668104171753,0.983323335647583,0.0,0.0
38.0,4.0,0.5770107507705688,0.4229893386363983,1.0850201845169067,0.9891497492790222,0.0,0.0,0.5493102669715881,0.45068979263305664,1.0404146909713745,0.9895958304405212,0.0,0.0
39.0,0.0,0.5134782195091248,0.48652172088623047,1.2356226444244385,0.9876437783241272,0.0,0.0,0.7963424324989319,0.2036575824022293,0.4627046585083008,0.9953728914260864,0.0,0.0
39.0,1.0,0.5892192721366882,0.41078075766563416,1.0523667335510254,0.9894763231277466,0.0,0.0,0.5041986107826233,0.4958013892173767,1.169549822807312,0.9883044958114624,0.0,0.0
39.0,2.0,0.5687655210494995,0.4312345087528229,1.0751230716705322,0.9892486929893494,0.0,0.0,0.5830915570259094,0.4169084131717682,1.0817755460739136,0.9891822934150696,0.0,0.0
39.0,3.0,0.6093071103096008,0.39069294929504395,0.9367601275444031,0.9906323552131653,0.0,0.0,0.4126715064048767,0.5873285531997681,1.6676682233810425,0.983323335647583,0.0,0.0
39.0,4.0,0.5770107507705688,0.4229893088340759,1.0850201845169067,0.9891497492790222,0.0,0.0,0.5493102669715881,0.45068976283073425,1.0404146909713745,0.9895957708358765,0.0,0.0
40.0,0.0,0.51347815990448,0.48652178049087524,1.2356228828430176,0.9876437783241272,0.0,0.0,0.7963424324989319,0.2036575824022293,0.4627046585083008,0.9953728914260864,0.0,0.0
40.0,1.0,0.5892192125320435,0.41078075766563416,1.0523667335510254,0.9894763827323914,0.0,0.0,0.5041986703872681,0.4958013892173767,1.1695499420166016,0.9883044958114624,0.0,0.0
40.0,2.0,0.5687655210494995,0.4312345087528229,1.0751229524612427,0.9892487525939941,0.0,0.0,0.5830916166305542,0.4169084131717682,1.0817755460739136,0.9891822934150696,0.0,0.0
40.0,3.0,0.6093071103096008,0.39069288969039917,0.9367600679397583,0.9906324744224548,0.0,0.0,0.41267144680023193,0.5873285531997681,1.6676682233810425,0.983323335647583,0.0,0.0
40.0,4.0,0.5770107507705688,0.4229893088340759,1.0850201845169067,0.989149808883667,0.0,0.0,0.5493102073669434,0.45068976283073425,1.0404146909713745,0.9895958304405212,0.0,0.0
41.0,0.0,0.5134782791137695,0.48652175068855286,1.2356228828430176,0.987643837928772,0.0,0.0,0.7963424324989319,0.2036575824022293,0.4627046585083008,0.9953728914260864,0.0,0.0
41.0,1.0,0.5892192721366882,0.41078078746795654,1.0523667335510254,0.9894764423370361,0.0,0.0,0.5041986703872681,0.4958013594150543,1.1695499420166016,0.9883045554161072,0.0,0.0
41.0,2.0,0.5687655210494995,0.4312344193458557,1.0751230716705322,0.9892487525939941,0.0,0.0,0.5830916166305542,0.4169084131717682,1.0817755460739136,0.9891822934150696,0.0,0.0
41.0,3.0,0.6093071103096008,0.39069294929504395,0.9367602467536926,0.9906322956085205,0.0,0.0,0.4126715064048767,0.5873284935951233,1.6676684617996216,0.9833233952522278,0.0,0.0
41.0,4.0,0.5770106911659241,0.4229893088340759,1.0850200653076172,0.9891497492790222,0.0,0.0,0.5493102073669434,0.45068979263305664,1.0404146909713745,0.9895959496498108,0.0,0.0
42.0,0.0,0.5134782791137695,0.48652175068855286,1.2356230020523071,0.9876437783241272,0.0,0.0,0.7963424324989319,0.2036575824022293,0.4627046585083008,0.9953728914260864,0.0,0.0
42.0,1.0,0.5892192721366882,0.41078075766563416,1.0523667335510254,0.9894763231277466,0.0,0.0,0.5041986107826233,0.4958013892173767,1.1695499420166016,0.9883044958114624,0.0,0.0
42.0,2.0,0.5687655210494995,0.4312345087528229,1.0751230716705322,0.9892486929893494,0.0,0.0,0.5830915570259094,0.4169084131717682,1.0817755460739136,0.9891822934150696,0.0,0.0
42.0,3.0,0.609307050704956,0.39069288969039917,0.9367603063583374,0.9906323552131653,0.0,0.0,0.41267144680023193,0.5873285531997681,1.6676682233810425,0.983323335647583,0.0,0.0
42.0,4.0,0.5770106911659241,0.4229893386363983,1.0850200653076172,0.9891498684883118,0.0,0.0,0.5493102073669434,0.45068979263305664,1.0404146909713745,0.9895959496498108,0.0,0.0
43.0,0.0,0.5134782791137695,0.48652172088623047,1.2356228828430176,0.9876439571380615,0.0,0.0,0.7963424324989319,0.2036575824022293,0.4627046585083008,0.9953729510307312,0.0,0.0
43.0,1.0,0.5892192721366882,0.41078075766563416,1.0523666143417358,0.9894764423370361,0.0,0.0,0.5041986703872681,0.4958013892173767,1.1695499420166016,0.9883045554161072,0.0,0.0
43.0,2.0,0.5687655210494995,0.4312344789505005,1.0751230716705322,0.9892486333847046,0.0,0.0,0.5830916166305542,0.4169084131717682,1.0817755460739136,0.9891822934150696,0.0,0.0
43.0,3.0,0.6093071103096008,0.39069297909736633,0.9367601275444031,0.9906324148178101,0.0,0.0,0.4126715064048767,0.5873284935951233,1.6676682233810425,0.9833233952522278,0.0,0.0
43.0,4.0,0.5770106315612793,0.4229893386363983,1.0850201845169067,0.9891496896743774,0.0,0.0,0.5493101477622986,0.45068976283073425,1.0404146909713745,0.9895958304405212,0.0,0.0
44.0,0.0,0.5134782791137695,0.48652172088623047,1.2356228828430176,0.9876437783241272,0.0,0.0,0.7963424324989319,0.2036575824022293,0.4627046585083008,0.9953729510307312,0.0,0.0
44.0,1.0,0.5892192721366882,0.41078072786331177,1.0523666143417358,0.9894763827323914,0.0,0.0,0.5041986703872681,0.4958013892173767,1.1695499420166016,0.9883045554161072,0.0,0.0
44.0,2.0,0.5687655806541443,0.4312344789505005,1.0751229524612427,0.9892487525939941,0.0,0.0,0.583091676235199,0.4169084131717682,1.0817755460739136,0.9891822934150696,0.0,0.0
44.0,3.0,0.6093071103096008,0.39069288969039917,0.9367601275444031,0.9906324148178101,0.0,0.0,0.4126715064048767,0.5873284935951233,1.6676682233810425,0.983323335647583,0.0,0.0
44.0,4.0,0.5770107507705688,0.42298927903175354,1.0850201845169067,0.9891497492790222,0.0,0.0,0.5493102073669434,0.45068976283073425,1.0404146909713745,0.9895959496498108,0.0,0.0
45.0,0.0,0.5134782791137695,0.48652178049087524,1.2356228828430176,0.9876437783241272,0.0,0.0,0.7963423728942871,0.2036575824022293,0.4627046585083008,0.9953728914260864,0.0,0.0
45.0,1.0,0.589219331741333,0.41078072786331177,1.0523666143417358,0.9894763827323914,0.0,0.0,0.5041986107826233,0.4958013892173767,1.169549822807312,0.9883044958114624,0.0,0.0
45.0,2.0,0.5687655210494995,0.4312345087528229,1.0751229524612427,0.9892488121986389,0.0,0.0,0.5830916166305542,0.4169084131717682,1.0817755460739136,0.9891822934150696,0.0,0.0
45.0,3.0,0.6093071103096008,0.39069294929504395,0.9367603659629822,0.9906323552131653,0.0,0.0,0.4126715064048767,0.5873284935951233,1.6676684617996216,0.983323335647583,0.0,0.0
45.0,4.0,0.5770106315612793,0.4229893088340759,1.0850201845169067,0.9891497492790222,0.0,0.0,0.5493102073669434,0.45068976283073425,1.0404146909713745,0.9895957708358765,0.0,0.0
46.0,0.0,0.5134783387184143,0.48652184009552,1.2356228828430176,0.9876437783241272,0.0,0.0,0.7963424324989319,0.2036575824022293,0.4627046585083008,0.9953728914260864,0.0,0.0
46.0,1.0,0.5892192125320435,0.41078075766563416,1.0523667335510254,0.9894763231277466,0.0,0.0,0.5041986703872681,0.4958013892173767,1.1695499420166016,0.9883045554161072,0.0,0.0
46.0,2.0,0.5687654614448547,0.43123453855514526,1.0751229524612427,0.9892488121986389,0.0,0.0,0.5830916166305542,0.4169084429740906,1.0817755460739136,0.9891822934150696,0.0,0.0
46.0,3.0,0.609307050704956,0.39069294929504395,0.9367602467536926,0.9906324148178101,0.0,0.0,0.4126715064048767,0.5873284935951233,1.6676684617996216,0.983323335647583,0.0,0.0
46.0,4.0,0.5770107507705688,0.4229893684387207,1.0850201845169067,0.9891497492790222,0.0,0.0,0.5493102073669434,0.45068976283073425,1.0404146909713745,0.9895958304405212,0.0,0.0
47.0,0.0,0.5134782195091248,0.48652178049087524,1.2356228828430176,0.987643837928772,0.0,0.0,0.7963424324989319,0.2036575824022293,0.4627046585083008,0.9953728914260864,0.0,0.0
47.0,1.0,0.5892192721366882,0.41078072786331177,1.0523667335510254,0.9894762635231018,0.0,0.0,0.5041986703872681,0.4958013594150543,1.169549822807312,0.9883044958114624,0.0,0.0
47.0,2.0,0.5687655806541443,0.4312344789505005,1.0751230716705322,0.9892487525939941,0.0,0.0,0.5830916166305542,0.4169084429740906,1.0817755460739136,0.9891822934150696,0.0,0.0
47.0,3.0,0.6093071103096008,0.3906928598880768,0.9367601275444031,0.9906324148178101,0.0,0.0,0.4126715064048767,0.5873285531997681,1.6676684617996216,0.983323335647583,0.0,0.0
47.0,4.0,0.5770106911659241,0.4229893684387207,1.0850201845169067,0.9891498684883118,0.0,0.0,0.5493102073669434,0.45068979263305664,1.0404146909713745,0.9895958304405212,0.0,0.0
48.0,0.0,0.5134782195091248,0.48652175068855286,1.2356228828430176,0.9876437783241272,0.0,0.0,0.7963424324989319,0.2036575824022293,0.4627046585083008,0.9953728914260864,0.0,0.0
48.0,1.0,0.5892192721366882,0.41078075766563416,1.0523666143417358,0.9894763231277466,0.0,0.0,0.5041986107826233,0.4958013892173767,1.1695499420166016,0.9883045554161072,0.0,0.0
48.0,2.0,0.5687655210494995,0.4312345087528229,1.0751230716705322,0.9892487525939941,0.0,0.0,0.5830916166305542,0.4169084131717682,1.0817755460739136,0.9891822934150696,0.0,0.0
48.0,3.0,0.6093071103096008,0.39069294929504395,0.9367601275444031,0.9906323552131653,0.0,0.0,0.4126715064048767,0.5873284935951233,1.6676684617996216,0.9833232164382935,0.0,0.0
48.0,4.0,0.5770106911659241,0.4229893684387207,1.0850201845169067,0.989149808883667,0.0,0.0,0.5493102073669434,0.45068979263305664,1.0404146909713745,0.9895958304405212,0.0,0.0
49.0,0.0,0.5134782195091248,0.48652178049087524,1.2356228828430176,0.987643837928772,0.0,0.0,0.7963424324989319,0.2036575824022293,0.4627046585083008,0.9953729510307312,0.0,0.0
49.0,1.0,0.589219331741333,0.4107806980609894,1.0523667335510254,0.9894763827323914,0.0,0.0,0.5041986107826233,0.4958013892173767,1.1695499420166016,0.9883045554161072,0.0,0.0
49.0,2.0,0.5687655210494995,0.4312344789505005,1.0751229524612427,0.9892487525939941,0.0,0.0,0.5830916166305542,0.4169084429740906,1.0817755460739136,0.9891822934150696,0.0,0.0
49.0,3.0,0.6093071699142456,0.39069288969039917,0.9367600679397583,0.9906324744224548,0.0,0.0,0.41267144680023193,0.5873285531997681,1.6676682233810425,0.983323335647583,0.0,0.0
49.0,4.0,0.5770106911659241,0.4229893386363983,1.0850201845169067,0.9891497492790222,0.0,0.0,0.5493102073669434,0.45068976283073425,1.0404146909713745,0.9895958304405212,0.0,0.0
50.0,0.0,0.5134782791137695,0.48652172088623047,1.2356226444244385,0.9876439571380615,0.0,0.0,0.7963424324989319,0.2036575824022293,0.4627046585083008,0.9953728914260864,0.0,0.0
50.0,1.0,0.5892192721366882,0.41078072786331177,1.0523667335510254,0.9894762635231018,0.0,0.0,0.5041986703872681,0.4958013594150543,1.1695499420166016,0.9883044958114624,0.0,0.0
50.0,2.0,0.5687654614448547,0.43123456835746765,1.0751230716705322,0.9892487525939941,0.0,0.0,0.5830916166305542,0.4169084429740906,1.0817755460739136,0.98918217420578,0.0,0.0
50.0,3.0,0.609307050704956,0.39069288969039917,0.9367602467536926,0.9906324148178101,0.0,0.0,0.4126715064048767,0.5873284935951233,1.6676682233810425,0.983323335647583,0.0,0.0
50.0,4.0,0.5770107507705688,0.4229893088340759,1.0850201845169067,0.9891497492790222,0.0,0.0,0.5493102073669434,0.45068976283073425,1.0404146909713745,0.9895958304405212,0.0,0.0
51.0,0.0,0.5134782195091248,0.48652175068855286,1.2356228828430176,0.9876437783241272,0.0,0.0,0.7963424324989319,0.2036575824022293,0.4627046585083008,0.9953729510307312,0.0,0.0
51.0,1.0,0.5892192721366882,0.41078075766563416,1.0523667335510254,0.9894763231277466,0.0,0.0,0.5041986703872681,0.4958013594150543,1.1695499420166016,0.9883044958114624,0.0,0.0
51.0,2.0,0.5687654614448547,0.43123456835746765,1.0751229524612427,0.9892486929893494,0.0,0.0,0.5830916166305542,0.4169084131717682,1.0817755460739136,0.9891822934150696,0.0,0.0
51.0,3.0,0.6093071699142456,0.39069288969039917,0.9367601275444031,0.9906324148178101,0.0,0.0,0.41267144680023193,0.5873284935951233,1.6676682233810425,0.983323335647583,0.0,0.0
51.0,4.0,0.5770107507705688,0.42298927903175354,1.0850201845169067,0.989149808883667,0.0,0.0,0.5493102073669434,0.45068976283073425,1.0404146909713745,0.9895958304405212,0.0,0.0
52.0,0.0,0.5134782195091248,0.48652178049087524,1.2356228828430176,0.9876437783241272,0.0,0.0,0.7963424324989319,0.2036575973033905,0.4627046585083008,0.9953729510307312,0.0,0.0
52.0,1.0,0.5892192125320435,0.41078075766563416,1.0523666143417358,0.9894763231277466,0.0,0.0,0.5041986703872681,0.4958013594150543,1.1695499420166016,0.9883045554161072,0.0,0.0
52.0,2.0,0.5687655210494995,0.4312345087528229,1.0751230716705322,0.9892487525939941,0.0,0.0,0.5830916166305542,0.4169084131717682,1.0817755460739136,0.9891822934150696,0.0,0.0
52.0,3.0,0.609307050704956,0.3906928598880768,0.9367601275444031,0.9906324148178101,0.0,0.0,0.4126715064048767,0.5873284935951233,1.6676682233810425,0.983323335647583,0.0,0.0
52.0,4.0,0.5770107507705688,0.42298927903175354,1.0850201845169067,0.989149808883667,0.0,0.0,0.5493102669715881,0.45068979263305664,1.0404146909713745,0.9895958304405212,0.0,0.0
53.0,0.0,0.5134782195091248,0.48652172088623047,1.2356226444244385,0.987643837928772,0.0,0.0,0.7963424324989319,0.2036575824022293,0.4627046585083008,0.9953728914260864,0.0,0.0
53.0,1.0,0.5892192125320435,0.41078072786331177,1.0523667335510254,0.9894763231277466,0.0,0.0,0.5041986703872681,0.4958013594150543,1.169549822807312,0.9883045554161072,0.0,0.0
53.0,2.0,0.5687655210494995,0.4312344789505005,1.0751229524612427,0.9892486929893494,0.0,0.0,0.5830915570259094,0.4169084131717682,1.0817755460739136,0.9891822934150696,0.0,0.0
53.0,3.0,0.6093071103096008,0.39069294929504395,0.9367602467536926,0.9906323552131653,0.0,0.0,0.4126715362071991,0.5873284935951233,1.6676684617996216,0.9833233952522278,0.0,0.0
53.0,4.0,0.5770107507705688,0.4229893088340759,1.0850200653076172,0.9891498684883118,0.0,0.0,0.5493102073669434,0.45068976283073425,1.0404146909713745,0.9895958304405212,0.0,0.0
54.0,0.0,0.5134782195091248,0.48652172088623047,1.2356228828430176,0.9876437187194824,0.0,0.0,0.7963424324989319,0.2036575824022293,0.4627046585083008,0.9953728914260864,0.0,0.0
54.0,1.0,0.5892192721366882,0.41078078746795654,1.0523666143417358,0.9894763827323914,0.0,0.0,0.5041986107826233,0.4958013892173767,1.169549822807312,0.9883044958114624,0.0,0.0
54.0,2.0,0.5687655210494995,0.4312344789505005,1.0751229524612427,0.9892487525939941,0.0,0.0,0.5830916166305542,0.4169084131717682,1.0817755460739136,0.9891822934150696,0.0,0.0
54.0,3.0,0.6093071103096008,0.39069288969039917,0.9367602467536926,0.9906323552131653,0.0,0.0,0.4126715064048767,0.5873284935951233,1.6676684617996216,0.9833233952522278,0.0,0.0
54.0,4.0,0.5770107507705688,0.4229893088340759,1.0850200653076172,0.989149808883667,0.0,0.0,0.5493102073669434,0.45068979263305664,1.0404146909713745,0.9895958304405212,0.0,0.0
55.0,0.0,0.5134782195091248,0.48652175068855286,1.2356230020523071,0.987643837928772,0.0,0.0,0.7963424324989319,0.2036575973033905,0.4627046585083008,0.9953728914260864,0.0,0.0
55.0,1.0,0.5892192721366882,0.41078078746795654,1.0523667335510254,0.9894763231277466,0.0,0.0,0.5041986703872681,0.4958013892173767,1.1695499420166016,0.9883045554161072,0.0,0.0
55.0,2.0,0.5687655210494995,0.4312344789505005,1.0751230716705322,0.9892488121986389,0.0,0.0,0.5830915570259094,0.4169084131717682,1.0817755460739136,0.9891822934150696,0.0,0.0
55.0,3.0,0.6093071103096008,0.39069294929504395,0.9367601275444031,0.9906324148178101,0.0,0.0,0.4126715064048767,0.5873284935951233,1.6676682233810425,0.983323335647583,0.0,0.0
55.0,4.0,0.5770108103752136,0.42298927903175354,1.0850200653076172,0.989149808883667,0.0,0.0,0.5493102073669434,0.45068976283073425,1.0404146909713745,0.9895958304405212,0.0,0.0
56.0,0.0,0.5134782791137695,0.48652175068855286,1.2356230020523071,0.9876437187194824,0.0,0.0,0.7963423728942871,0.2036575973033905,0.4627046585083008,0.9953728914260864,0.0,0.0
56.0,1.0,0.5892191529273987,0.41078078746795654,1.0523667335510254,0.9894763827323914,0.0,0.0,0.5041986703872681,0.4958013892173767,1.1695499420166016,0.9883045554161072,0.0,0.0
56.0,2.0,0.5687654614448547,0.4312345087528229,1.0751229524612427,0.9892487525939941,0.0,0.0,0.5830916166305542,0.4169084131717682,1.0817755460739136,0.9891822934150696,0.0,0.0
56.0,3.0,0.6093071699142456,0.39069288969039917,0.9367601275444031,0.9906324148178101,0.0,0.0,0.4126715064048767,0.5873285531997681,1.6676684617996216,0.9833233952522278,0.0,0.0
56.0,4.0,0.5770107507705688,0.4229893088340759,1.0850200653076172,0.9891498684883118,0.0,0.0,0.5493102073669434,0.45068976283073425,1.0404146909713745,0.9895958304405212,0.0,0.0
57.0,0.0,0.5134782791137695,0.48652178049087524,1.2356230020523071,0.9876437783241272,0.0,0.0,0.7963424324989319,0.2036575824022293,0.4627046585083008,0.9953729510307312,0.0,0.0
57.0,1.0,0.5892192125320435,0.41078075766563416,1.0523667335510254,0.9894763231277466,0.0,0.0,0.5041986703872681,0.4958013892173767,1.1695499420166016,0.9883045554161072,0.0,0.0
57.0,2.0,0.5687655210494995,0.43123453855514526,1.0751229524612427,0.9892488121986389,0.0,0.0,0.5830916166305542,0.4169084429740906,1.0817755460739136,0.9891823530197144,0.0,0.0
57.0,3.0,0.609307050704956,0.3906928598880768,0.9367601275444031,0.9906324744224548,0.0,0.0,0.41267144680023193,0.5873285531997681,1.6676682233810425,0.983323335647583,0.0,0.0
57.0,4.0,0.5770106911659241,0.4229893386363983,1.0850201845169067,0.9891497492790222,0.0,0.0,0.5493102073669434,0.45068976283073425,1.0404146909713745,0.9895958304405212,0.0,0.0
58.0,0.0,0.5134782791137695,0.48652172088623047,1.2356226444244385,0.9876437783241272,0.0,0.0,0.7963424324989319,0.2036575824022293,0.4627046585083008,0.9953728914260864,0.0,0.0
58.0,1.0,0.5892192125320435,0.41078075766563416,1.0523667335510254,0.9894763231277466,0.0,0.0,0.5041986703872681,0.4958013594150543,1.1695499420166016,0.9883045554161072,0.0,0.0
58.0,2.0,0.5687655210494995,0.4312345087528229,1.0751230716705322,0.9892487525939941,0.0,0.0,0.5830915570259094,0.4169084131717682,1.0817755460739136,0.9891822934150696,0.0,0.0
58.0,3.0,0.6093069314956665,0.39069288969039917,0.9367601275444031,0.9906324744224548,0.0,0.0,0.4126715064048767,0.5873284935951233,1.6676684617996216,0.9833233952522278,0.0,0.0
58.0,4.0,0.5770106911659241,0.4229893386363983,1.0850201845169067,0.9891497492790222,0.0,0.0,0.5493102073669434,0.45068976283073425,1.0404146909713745,0.9895958304405212,0.0,0.0
59.0,0.0,0.5134783387184143,0.48652172088623047,1.2356228828430176,0.9876437783241272,0.0,0.0,0.7963424324989319,0.2036575824022293,0.4627046585083008,0.9953728914260864,0.0,0.0
59.0,1.0,0.5892191529273987,0.41078078746795654,1.0523667335510254,0.9894763231277466,0.0,0.0,0.5041986703872681,0.4958013594150543,1.1695499420166016,0.9883045554161072,0.0,0.0
59.0,2.0,0.5687654614448547,0.4312345087528229,1.0751230716705322,0.9892488121986389,0.0,0.0,0.5830916166305542,0.4169084429740906,1.0817755460739136,0.9891822934150696,0.0,0.0
59.0,3.0,0.6093071103096008,0.39069294929504395,0.9367601275444031,0.9906324148178101,0.0,0.0,0.4126715064048767,0.5873285531997681,1.6676684617996216,0.9833233952522278,0.0,0.0
59.0,4.0,0.5770107507705688,0.4229893088340759,1.0850200653076172,0.989149808883667,0.0,0.0,0.5493102073669434,0.45068976283073425,1.0404146909713745,0.9895958304405212,0.0,0.0
60.0,0.0,0.5134782195091248,0.48652175068855286,1.2356230020523071,0.9876437783241272,0.0,0.0,0.7963424324989319,0.2036575824022293,0.4627046585083008,0.9953728914260864,0.0,0.0
60.0,1.0,0.5892192721366882,0.41078075766563416,1.0523667335510254,0.9894763231277466,0.0,0.0,0.5041986107826233,0.4958013594150543,1.169549822807312,0.9883045554161072,0.0,0.0
60.0,2.0,0.5687655210494995,0.4312344789505005,1.0751228332519531,0.9892488121986389,0.0,0.0,0.5830916166305542,0.4169084131717682,1.0817755460739136,0.9891822934150696,0.0,0.0
60.0,3.0,0.609307050704956,0.39069297909736633,0.9367601275444031,0.9906324148178101,0.0,0.0,0.41267144680023193,0.5873284935951233,1.6676684617996216,0.9833232164382935,0.0,0.0
60.0,4.0,0.5770107507705688,0.4229893088340759,1.0850200653076172,0.989149808883667,0.0,0.0,0.5493102073669434,0.45068976283073425,1.0404146909713745,0.9895957708358765,0.0,0.0
61.0,0.0,0.5134782791137695,0.48652172088623047,1.2356230020523071,0.9876437187194824,0.0,0.0,0.7963424324989319,0.2036575824022293,0.4627046585083008,0.9953728914260864,0.0,0.0
61.0,1.0,0.5892192125320435,0.41078075766563416,1.0523666143417358,0.9894763231277466,0.0,0.0,0.5041986703872681,0.4958013594150543,1.169549822807312,0.9883044958114624,0.0,0.0
61.0,2.0,0.5687655806541443,0.4312344789505005,1.0751230716705322,0.9892487525939941,0.0,0.0,0.5830916166305542,0.4169084429740906,1.0817755460739136,0.9891822934150696,0.0,0.0
61.0,3.0,0.609307050704956,0.39069294929504395,0.9367601275444031,0.9906324148178101,0.0,0.0,0.4126715362071991,0.5873284935951233,1.6676684617996216,0.983323335647583,0.0,0.0
61.0,4.0,0.5770106911659241,0.4229893088340759,1.0850201845169067,0.989149808883667,0.0,0.0,0.5493102073669434,0.45068979263305664,1.0404146909713745,0.9895958304405212,0.0,0.0
62.0,0.0,0.5134783387184143,0.4865216910839081,1.2356226444244385,0.9876437783241272,0.0,0.0,0.7963424324989319,0.2036575824022293,0.4627046585083008,0.9953728914260864,0.0,0.0
62.0,1.0,0.5892192721366882,0.41078075766563416,1.0523666143417358,0.9894763827323914,0.0,0.0,0.5041986703872681,0.4958013594150543,1.1695499420166016,0.9883045554161072,0.0,0.0
62.0,2.0,0.5687655806541443,0.43123453855514526,1.0751229524612427,0.9892488121986389,0.0,0.0,0.5830916166305542,0.4169084131717682,1.0817755460739136,0.9891822934150696,0.0,0.0
62.0,3.0,0.609307050704956,0.39069294929504395,0.9367601275444031,0.9906323552131653,0.0,0.0,0.4126715064048767,0.5873284935951233,1.6676682233810425,0.9833232164382935,0.0,0.0
62.0,4.0,0.5770106911659241,0.42298927903175354,1.0850200653076172,0.9891498684883118,0.0,0.0,0.5493102073669434,0.45068976283073425,1.0404146909713745,0.9895957708358765,0.0,0.0
63.0,0.0,0.5134782195091248,0.48652178049087524,1.2356230020523071,0.9876437783241272,0.0,0.0,0.7963424324989319,0.2036575824022293,0.4627046585083008,0.9953729510307312,0.0,0.0
63.0,1.0,0.5892192125320435,0.41078075766563416,1.0523667335510254,0.9894762635231018,0.0,0.0,0.5041986703872681,0.4958013892173767,1.1695499420166016,0.9883045554161072,0.0,0.0
63.0,2.0,0.5687655806541443,0.4312344193458557,1.0751229524612427,0.9892487525939941,0.0,0.0,0.5830916166305542,0.4169084131717682,1.0817755460739136,0.9891822934150696,0.0,0.0
63.0,3.0,0.609307050704956,0.39069288969039917,0.9367600083351135,0.9906324744224548,0.0,0.0,0.4126715362071991,0.5873284935951233,1.6676682233810425,0.983323335647583,0.0,0.0
63.0,4.0,0.5770107507705688,0.4229893088340759,1.0850201845169067,0.9891499876976013,0.0,0.0,0.5493102669715881,0.45068976283073425,1.0404146909713745,0.9895958304405212,0.0,0.0
64.0,0.0,0.5134782195091248,0.48652178049087524,1.2356228828430176,0.987643837928772,0.0,0.0,0.7963424324989319,0.2036575824022293,0.4627046585083008,0.9953729510307312,0.0,0.0
64.0,1.0,0.5892192721366882,0.41078075766563416,1.0523667335510254,0.9894763827323914,0.0,0.0,0.5041986107826233,0.4958013892173767,1.169549822807312,0.9883045554161072,0.0,0.0
64.0,2.0,0.5687655210494995,0.4312345087528229,1.0751229524612427,0.9892488121986389,0.0,0.0,0.5830916166305542,0.4169084131717682,1.0817755460739136,0.9891822934150696,0.0,0.0
64.0,3.0,0.609307050704956,0.39069294929504395,0.9367602467536926,0.9906324148178101,0.0,0.0,0.4126715362071991,0.5873284935951233,1.6676682233810425,0.983323335647583,0.0,0.0
64.0,4.0,0.5770107507705688,0.42298927903175354,1.0850201845169067,0.9891497492790222,0.0,0.0,0.5493102669715881,0.45068976283073425,1.0404146909713745,0.9895958304405212,0.0,0.0
65.0,0.0,0.5134782791137695,0.48652175068855286,1.2356226444244385,0.987643837928772,0.0,0.0,0.7963423728942871,0.2036575973033905,0.4627046585083008,0.9953729510307312,0.0,0.0
65.0,1.0,0.5892192721366882,0.41078072786331177,1.0523667335510254,0.9894763231277466,0.0,0.0,0.5041986107826233,0.4958013594150543,1.1695499420166016,0.9883045554161072,0.0,0.0
65.0,2.0,0.5687655210494995,0.4312345087528229,1.0751230716705322,0.9892486929893494,0.0,0.0,0.5830916166305542,0.4169084131717682,1.0817755460739136,0.9891822934150696,0.0,0.0
65.0,3.0,0.6093071103096008,0.39069288969039917,0.9367603063583374,0.9906322956085205,0.0,0.0,0.41267144680023193,0.5873285531997681,1.6676684617996216,0.9833233952522278,0.0,0.0
65.0,4.0,0.5770106911659241,0.4229893386363983,1.0850201845169067,0.989149808883667,0.0,0.0,0.5493102073669434,0.45068976283073425,1.0404146909713745,0.9895958304405212,0.0,0.0
66.0,0.0,0.5134782791137695,0.48652172088623047,1.2356228828430176,0.9876437783241272,0.0,0.0,0.7963424324989319,0.2036575824022293,0.4627046585083008,0.9953729510307312,0.0,0.0
66.0,1.0,0.5892192125320435,0.41078075766563416,1.0523667335510254,0.9894763231277466,0.0,0.0,0.5041986107826233,0.4958013892173767,1.1695499420166016,0.9883045554161072,0.0,0.0
66.0,2.0,0.5687655806541443,0.4312344789505005,1.0751230716705322,0.9892486333847046,0.0,0.0,0.5830915570259094,0.4169084131717682,1.0817755460739136,0.9891822934150696,0.0,0.0
66.0,3.0,0.6093071103096008,0.39069288969039917,0.9367601275444031,0.9906323552131653,0.0,0.0,0.4126715064048767,0.5873284935951233,1.6676682233810425,0.9833232164382935,0.0,0.0
66.0,4.0,0.5770106911659241,0.4229893386363983,1.0850201845169067,0.9891496896743774,0.0,0.0,0.5493102073669434,0.45068979263305664,1.0404146909713745,0.9895958304405212,0.0,0.0
67.0,0.0,0.5134782791137695,0.48652172088623047,1.2356228828430176,0.9876438975334167,0.0,0.0,0.7963424324989319,0.2036575824022293,0.4627046585083008,0.9953728914260864,0.0,0.0
67.0,1.0,0.5892192721366882,0.41078078746795654,1.0523667335510254,0.9894763231277466,0.0,0.0,0.5041986703872681,0.4958013892173767,1.169549822807312,0.9883044958114624,0.0,0.0
67.0,2.0,0.5687654614448547,0.43123456835746765,1.0751229524612427,0.9892488121986389,0.0,0.0,0.5830916166305542,0.4169084131717682,1.0817755460739136,0.9891822934150696,0.0,0.0
67.0,3.0,0.6093071103096008,0.39069288969039917,0.9367602467536926,0.9906324148178101,0.0,0.0,0.4126715064048767,0.5873284935951233,1.6676684617996216,0.983323335647583,0.0,0.0
67.0,4.0,0.5770106315612793,0.4229893386363983,1.0850200653076172,0.9891498684883118,0.0,0.0,0.5493102073669434,0.45068976283073425,1.0404146909713745,0.9895957708358765,0.0,0.0
68.0,0.0,0.5134782195091248,0.48652172088623047,1.2356230020523071,0.987643837928772,0.0,0.0,0.7963423728942871,0.2036575973033905,0.4627046585083008,0.9953728914260864,0.0,0.0
68.0,1.0,0.589219331741333,0.41078072786331177,1.0523666143417358,0.9894763231277466,0.0,0.0,0.5041986703872681,0.4958013594150543,1.1695499420166016,0.9883045554161072,0.0,0.0
68.0,2.0,0.5687654614448547,0.4312345087528229,1.0751230716705322,0.9892486929893494,0.0,0.0,0.5830916166305542,0.4169084429740906,1.0817755460739136,0.9891822934150696,0.0,0.0
68.0,3.0,0.6093071699142456,0.39069288969039917,0.9367602467536926,0.9906324148178101,0.0,0.0,0.4126715064048767,0.5873284935951233,1.6676684617996216,0.983323335647583,0.0,0.0
68.0,4.0,0.5770106911659241,0.4229893088340759,1.0850200653076172,0.9891497492790222,0.0,0.0,0.5493102669715881,0.45068976283073425,1.0404146909713745,0.9895958304405212,0.0,0.0
69.0,0.0,0.5134782195091248,0.48652178049087524,1.2356230020523071,0.9876437783241272,0.0,0.0,0.7963424324989319,0.2036575824022293,0.4627046585083008,0.9953728914260864,0.0,0.0
69.0,1.0,0.5892192721366882,0.41078072786331177,1.0523667335510254,0.9894763231277466,0.0,0.0,0.5041986703872681,0.4958013594150543,1.1695499420166016,0.9883045554161072,0.0,0.0
69.0,2.0,0.5687655210494995,0.4312344789505005,1.0751229524612427,0.9892487525939941,0.0,0.0,0.5830916166305542,0.4169084429740906,1.0817755460739136,0.9891823530197144,0.0,0.0
69.0,3.0,0.6093071103096008,0.39069294929504395,0.9367602467536926,0.9906323552131653,0.0,0.0,0.4126715064048767,0.5873285531997681,1.6676682233810425,0.983323335647583,0.0,0.0
69.0,4.0,0.5770107507705688,0.4229893386363983,1.0850201845169067,0.989149808883667,0.0,0.0,0.5493102073669434,0.45068976283073425,1.0404146909713745,0.9895959496498108,0.0,0.0
70.0,0.0,0.5134782791137695,0.48652172088623047,1.2356228828430176,0.9876436591148376,0.0,0.0,0.7963424324989319,0.2036575824022293,0.4627046585083008,0.9953728914260864,0.0,0.0
70.0,1.0,0.5892192125320435,0.41078072786331177,1.0523667335510254,0.9894763827323914,0.0,0.0,0.5041986703872681,0.4958013594150543,1.169549822807312,0.9883045554161072,0.0,0.0
70.0,2.0,0.5687655210494995,0.4312345087528229,1.0751229524612427,0.9892488121986389,0.0,0.0,0.5830915570259094,0.4169084131717682,1.0817755460739136,0.9891822934150696,0.0,0.0
70.0,3.0,0.6093071103096008,0.39069297909736633,0.9367601275444031,0.9906323552131653,0.0,0.0,0.4126715064048767,0.5873284935951233,1.6676682233810425,0.983323335647583,0.0,0.0
70.0,4.0,0.5770108103752136,0.4229893088340759,1.0850200653076172,0.9891498684883118,0.0,0.0,0.5493102073669434,0.45068976283073425,1.0404146909713745,0.9895958304405212,0.0,0.0
71.0,0.0,0.5134782195091248,0.48652178049087524,1.2356228828430176,0.9876437783241272,0.0,0.0,0.7963423728942871,0.2036575824022293,0.4627046585083008,0.9953728914260864,0.0,0.0
71.0,1.0,0.5892192125320435,0.41078075766563416,1.0523666143417358,0.9894763827323914,0.0,0.0,0.5041986107826233,0.4958013892173767,1.1695499420166016,0.9883045554161072,0.0,0.0
71.0,2.0,0.5687655210494995,0.4312344193458557,1.0751229524612427,0.9892488121986389,0.0,0.0,0.5830915570259094,0.4169084429740906,1.0817755460739136,0.9891823530197144,0.0,0.0
71.0,3.0,0.609307050704956,0.39069288969039917,0.9367601275444031,0.9906324148178101,0.0,0.0,0.4126715064048767,0.5873284935951233,1.6676682233810425,0.983323335647583,0.0,0.0
71.0,4.0,0.5770106911659241,0.4229893386363983,1.0850201845169067,0.989149808883667,0.0,0.0,0.5493102073669434,0.45068979263305664,1.0404146909713745,0.9895957708358765,0.0,0.0
72.0,0.0,0.5134783387184143,0.4865216910839081,1.2356228828430176,0.9876437783241272,0.0,0.0,0.7963424324989319,0.2036575824022293,0.4627046585083008,0.9953728914260864,0.0,0.0
72.0,1.0,0.5892192125320435,0.41078078746795654,1.0523667335510254,0.9894763231277466,0.0,0.0,0.5041986107826233,0.4958013594150543,1.169549822807312,0.9883044958114624,0.0,0.0
72.0,2.0,0.5687655210494995,0.4312345087528229,1.0751229524612427,0.9892488121986389,0.0,0.0,0.5830916166305542,0.4169084429740906,1.0817755460739136,0.9891822934150696,0.0,0.0
72.0,3.0,0.609307050704956,0.39069288969039917,0.9367600679397583,0.9906324744224548,0.0,0.0,0.4126715362071991,0.5873284935951233,1.6676684617996216,0.983323335647583,0.0,0.0
72.0,4.0,0.5770107507705688,0.4229893088340759,1.0850200653076172,0.989149808883667,0.0,0.0,0.5493102073669434,0.45068979263305664,1.0404146909713745,0.9895958304405212,0.0,0.0
73.0,0.0,0.5134782791137695,0.48652172088623047,1.2356228828430176,0.9876437783241272,0.0,0.0,0.7963424324989319,0.2036575824022293,0.4627046585083008,0.9953728914260864,0.0,0.0
73.0,1.0,0.5892192721366882,0.4107806980609894,1.0523667335510254,0.9894763231277466,0.0,0.0,0.5041986703872681,0.4958013594150543,1.1695499420166016,0.9883045554161072,0.0,0.0
73.0,2.0,0.5687654614448547,0.4312344789505005,1.0751229524612427,0.9892487525939941,0.0,0.0,0.5830916166305542,0.4169084131717682,1.0817755460739136,0.9891822934150696,0.0,0.0
73.0,3.0,0.6093071103096008,0.39069288969039917,0.9367602467536926,0.9906324148178101,0.0,0.0,0.4126715064048767,0.5873284935951233,1.6676682233810425,0.9833232164382935,0.0,0.0
73.0,4.0,0.5770107507705688,0.4229893088340759,1.0850200653076172,0.989149808883667,0.0,0.0,0.5493102073669434,0.45068976283073425,1.0404146909713745,0.9895958304405212,0.0,0.0
74.0,0.0,0.5134783387184143,0.4865216910839081,1.2356228828430176,0.9876439571380615,0.0,0.0,0.7963424324989319,0.2036575824022293,0.4627046585083008,0.9953728914260864,0.0,0.0
74.0,1.0,0.5892192721366882,0.41078072786331177,1.0523666143417358,0.9894762635231018,0.0,0.0,0.5041986703872681,0.4958013892173767,1.169549822807312,0.9883044958114624,0.0,0.0
74.0,2.0,0.5687655210494995,0.4312345087528229,1.0751229524612427,0.9892488121986389,0.0,0.0,0.5830915570259094,0.4169084131717682,1.0817755460739136,0.9891823530197144,0.0,0.0
74.0,3.0,0.6093071103096008,0.39069288969039917,0.9367600679397583,0.9906325340270996,0.0,0.0,0.4126715362071991,0.5873284935951233,1.6676684617996216,0.9833233952522278,0.0,0.0
74.0,4.0,0.5770106911659241,0.4229893088340759,1.0850200653076172,0.9891498684883118,0.0,0.0,0.5493102073669434,0.45068976283073425,1.0404146909713745,0.9895958304405212,0.0,0.0
75.0,0.0,0.5134782195091248,0.48652178049087524,1.2356228828430176,0.9876437187194824,0.0,0.0,0.7963424324989319,0.2036575973033905,0.4627046585083008,0.9953728914260864,0.0,0.0
75.0,1.0,0.5892192125320435,0.41078075766563416,1.0523667335510254,0.9894763827323914,0.0,0.0,0.5041986107826233,0.4958014190196991,1.1695499420166016,0.9883044958114624,0.0,0.0
75.0,2.0,0.5687655210494995,0.4312344789505005,1.0751230716705322,0.9892486929893494,0.0,0.0,0.5830916166305542,0.4169084131717682,1.0817755460739136,0.98918217420578,0.0,0.0
75.0,3.0,0.6093071699142456,0.39069288969039917,0.9367602467536926,0.9906323552131653,0.0,0.0,0.4126715362071991,0.5873284935951233,1.6676682233810425,0.983323335647583,0.0,0.0
75.0,4.0,0.5770106911659241,0.4229893088340759,1.0850200653076172,0.9891497492790222,0.0,0.0,0.5493102073669434,0.45068976283073425,1.0404146909713745,0.9895958304405212,0.0,0.0
76.0,0.0,0.5134783387184143,0.48652175068855286,1.2356228828430176,0.9876437783241272,0.0,0.0,0.7963424324989319,0.2036575824022293,0.4627046585083008,0.9953729510307312,0.0,0.0
76.0,1.0,0.5892192125320435,0.41078072786331177,1.0523667335510254,0.9894762635231018,0.0,0.0,0.5041986107826233,0.4958013594150543,1.1695499420166016,0.9883044958114624,0.0,0.0
76.0,2.0,0.5687655210494995,0.43123453855514526,1.0751230716705322,0.9892486929893494,0.0,0.0,0.5830916166305542,0.4169084429740906,1.0817755460739136,0.98918217420578,0.0,0.0
76.0,3.0,0.6093071699142456,0.39069294929504395,0.9367600679397583,0.9906324744224548,0.0,0.0,0.4126715064048767,0.5873284935951233,1.6676682233810425,0.983323335647583,0.0,0.0
76.0,4.0,0.5770107507705688,0.4229893386363983,1.0850200653076172,0.9891497492790222,0.0,0.0,0.5493102073669434,0.45068976283073425,1.0404146909713745,0.9895958304405212,0.0,0.0
77.0,0.0,0.5134782195091248,0.48652178049087524,1.2356230020523071,0.9876437187194824,0.0,0.0,0.7963424324989319,0.2036575824022293,0.4627046585083008,0.9953728914260864,0.0,0.0
77.0,1.0,0.5892192721366882,0.41078072786331177,1.0523667335510254,0.9894763827323914,0.0,0.0,0.5041986107826233,0.4958013892173767,1.169549822807312,0.9883045554161072,0.0,0.0
77.0,2.0,0.5687655210494995,0.4312344789505005,1.0751229524612427,0.9892486929893494,0.0,0.0,0.5830916166305542,0.4169084131717682,1.0817755460739136,0.9891822934150696,0.0,0.0
77.0,3.0,0.6093071103096008,0.39069288969039917,0.9367602467536926,0.9906324148178101,0.0,0.0,0.41267144680023193,0.5873284935951233,1.6676684617996216,0.983323335647583,0.0,0.0
77.0,4.0,0.5770106911659241,0.4229893386363983,1.0850201845169067,0.9891496896743774,0.0,0.0,0.5493101477622986,0.45068979263305664,1.0404146909713745,0.9895958304405212,0.0,0.0
78.0,0.0,0.5134782791137695,0.48652175068855286,1.2356228828430176,0.9876436591148376,0.0,0.0,0.7963423728942871,0.2036575973033905,0.4627046585083008,0.9953728914260864,0.0,0.0
78.0,1.0,0.5892192125320435,0.4107806980609894,1.0523667335510254,0.9894763231277466,0.0,0.0,0.5041986107826233,0.4958013892173767,1.1695499420166016,0.9883045554161072,0.0,0.0
78.0,2.0,0.5687655210494995,0.4312345087528229,1.0751230716705322,0.9892486929893494,0.0,0.0,0.5830916166305542,0.4169084131717682,1.0817755460739136,0.98918217420578,0.0,0.0
78.0,3.0,0.609307050704956,0.3906928598880768,0.9367601275444031,0.9906324744224548,0.0,0.0,0.4126715064048767,0.5873284935951233,1.6676682233810425,0.983323335647583,0.0,0.0
78.0,4.0,0.5770106315612793,0.4229893684387207,1.0850200653076172,0.989149808883667,0.0,0.0,0.5493102073669434,0.45068976283073425,1.0404146909713745,0.9895958304405212,0.0,0.0
79.0,0.0,0.5134782791137695,0.48652172088623047,1.2356228828430176,0.987643837928772,0.0,0.0,0.7963424324989319,0.2036575824022293,0.4627046585083008,0.9953728914260864,0.0,0.0
79.0,1.0,0.5892192125320435,0.41078075766563416,1.0523667335510254,0.9894762635231018,0.0,0.0,0.5041986703872681,0.4958013594150543,1.1695499420166016,0.9883044958114624,0.0,0.0
79.0,2.0,0.5687655806541443,0.4312344789505005,1.0751228332519531,0.9892488121986389,0.0,0.0,0.5830916166305542,0.4169084131717682,1.0817755460739136,0.9891822934150696,0.0,0.0
79.0,3.0,0.6093071103096008,0.39069297909736633,0.9367603063583374,0.9906323552131653,0.0,0.0,0.4126715362071991,0.5873284935951233,1.6676682233810425,0.9833233952522278,0.0,0.0
79.0,4.0,0.5770107507705688,0.4229893088340759,1.0850201845169067,0.9891497492790222,0.0,0.0,0.5493102073669434,0.45068979263305664,1.0404146909713745,0.9895959496498108,0.0,0.0
80.0,0.0,0.5134782791137695,0.4865216910839081,1.2356228828430176,0.9876437783241272,0.0,0.0,0.7963424324989319,0.2036575824022293,0.4627046585083008,0.9953729510307312,0.0,0.0
80.0,1.0,0.589219331741333,0.41078072786331177,1.0523667335510254,0.9894762635231018,0.0,0.0,0.5041986703872681,0.4958013892173767,1.169549822807312,0.988304615020752,0.0,0.0
80.0,2.0,0.5687655806541443,0.4312345087528229,1.0751230716705322,0.9892487525939941,0.0,0.0,0.5830916166305542,0.4169084429740906,1.0817755460739136,0.9891822934150696,0.0,0.0
80.0,3.0,0.609307050704956,0.39069297909736633,0.9367602467536926,0.9906324148178101,0.0,0.0,0.4126715064048767,0.5873284935951233,1.6676684617996216,0.9833232164382935,0.0,0.0
80.0,4.0,0.5770106911659241,0.4229893088340759,1.0850201845169067,0.9891498684883118,0.0,0.0,0.5493102073669434,0.45068976283073425,1.0404146909713745,0.9895958304405212,0.0,0.0
81.0,0.0,0.5134782195091248,0.48652172088623047,1.2356228828430176,0.9876437783241272,0.0,0.0,0.7963423728942871,0.2036575824022293,0.4627046585083008,0.9953728914260864,0.0,0.0
81.0,1.0,0.5892192721366882,0.41078075766563416,1.0523666143417358,0.9894763231277466,0.0,0.0,0.5041986703872681,0.4958013892173767,1.169549822807312,0.9883044958114624,0.0,0.0
81.0,2.0,0.5687655210494995,0.4312345087528229,1.0751229524612427,0.9892487525939941,0.0,0.0,0.5830916166305542,0.4169084429740906,1.0817755460739136,0.9891822934150696,0.0,0.0
81.0,3.0,0.609307050704956,0.39069288969039917,0.9367602467536926,0.9906322956085205,0.0,0.0,0.4126715064048767,0.5873284935951233,1.6676684617996216,0.983323335647583,0.0,0.0
81.0,4.0,0.5770107507705688,0.42298924922943115,1.0850200653076172,0.9891497492790222,0.0,0.0,0.5493102669715881,0.45068976283073425,1.0404146909713745,0.9895958304405212,0.0,0.0
82.0,0.0,0.5134782195091248,0.48652178049087524,1.2356228828430176,0.9876437783241272,0.0,0.0,0.7963424324989319,0.2036575824022293,0.4627046585083008,0.9953728914260864,0.0,0.0
82.0,1.0,0.5892192125320435,0.41078078746795654,1.0523666143417358,0.9894763827323914,0.0,0.0,0.5041986703872681,0.4958013594150543,1.169549822807312,0.9883044958114624,0.0,0.0
82.0,2.0,0.5687655806541443,0.4312344193458557,1.0751230716705322,0.9892486929893494,0.0,0.0,0.5830915570259094,0.4169084429740906,1.0817755460739136,0.9891822934150696,0.0,0.0
82.0,3.0,0.6093071699142456,0.39069288969039917,0.9367602467536926,0.9906323552131653,0.0,0.0,0.4126715362071991,0.5873284935951233,1.6676684617996216,0.983323335647583,0.0,0.0
82.0,4.0,0.5770106911659241,0.4229893684387207,1.0850200653076172,0.989149808883667,0.0,0.0,0.5493101477622986,0.45068979263305664,1.0404146909713745,0.9895958304405212,0.0,0.0
83.0,0.0,0.5134782195091248,0.48652172088623047,1.2356228828430176,0.9876438975334167,0.0,0.0,0.7963424324989319,0.2036575973033905,0.4627046585083008,0.9953728914260864,0.0,0.0
83.0,1.0,0.5892192721366882,0.41078075766563416,1.0523666143417358,0.9894764423370361,0.0,0.0,0.5041986107826233,0.4958013892173767,1.1695499420166016,0.9883045554161072,0.0,0.0
83.0,2.0,0.5687655806541443,0.4312344789505005,1.0751230716705322,0.9892486929893494,0.0,0.0,0.5830916166305542,0.4169084131717682,1.0817755460739136,0.9891822934150696,0.0,0.0
83.0,3.0,0.609307050704956,0.39069288969039917,0.9367601275444031,0.9906323552131653,0.0,0.0,0.4126715362071991,0.5873284935951233,1.6676682233810425,0.983323335647583,0.0,0.0
83.0,4.0,0.5770106911659241,0.4229893386363983,1.0850200653076172,0.9891497492790222,0.0,0.0,0.5493102073669434,0.45068979263305664,1.0404146909713745,0.9895958304405212,0.0,0.0
84.0,0.0,0.5134782195091248,0.48652175068855286,1.2356228828430176,0.987643837928772,0.0,0.0,0.7963424324989319,0.2036575824022293,0.4627046585083008,0.9953728914260864,0.0,0.0
84.0,1.0,0.5892192721366882,0.41078075766563416,1.0523667335510254,0.9894763231277466,0.0,0.0,0.5041986107826233,0.4958013892173767,1.1695499420166016,0.9883044958114624,0.0,0.0
84.0,2.0,0.5687655806541443,0.4312344789505005,1.0751229524612427,0.9892487525939941,0.0,0.0,0.5830916166305542,0.4169084429740906,1.0817755460739136,0.9891823530197144,0.0,0.0
84.0,3.0,0.6093071699142456,0.39069288969039917,0.9367602467536926,0.9906324148178101,0.0,0.0,0.4126715064048767,0.5873284935951233,1.6676684617996216,0.983323335647583,0.0,0.0
84.0,4.0,0.5770106911659241,0.4229893088340759,1.0850200653076172,0.9891497492790222,0.0,0.0,0.5493102073669434,0.45068976283073425,1.0404146909713745,0.9895958304405212,0.0,0.0
85.0,0.0,0.5134782195091248,0.48652178049087524,1.2356228828430176,0.9876436591148376,0.0,0.0,0.7963424324989319,0.2036575824022293,0.4627046585083008,0.9953729510307312,0.0,0.0
85.0,1.0,0.5892192125320435,0.41078072786331177,1.0523666143417358,0.9894763231277466,0.0,0.0,0.5041986703872681,0.4958013594150543,1.169549822807312,0.9883044958114624,0.0,0.0
85.0,2.0,0.5687655210494995,0.4312344789505005,1.0751228332519531,0.9892488121986389,0.0,0.0,0.5830916166305542,0.4169084131717682,1.0817755460739136,0.9891822934150696,0.0,0.0
85.0,3.0,0.6093071103096008,0.39069294929504395,0.9367601275444031,0.9906323552131653,0.0,0.0,0.4126715064048767,0.5873284935951233,1.6676684617996216,0.983323335647583,0.0,0.0
85.0,4.0,0.5770107507705688,0.4229893088340759,1.0850200653076172,0.989149808883667,0.0,0.0,0.5493102073669434,0.45068979263305664,1.0404146909713745,0.9895958304405212,0.0,0.0
86.0,0.0,0.5134782195091248,0.48652178049087524,1.2356228828430176,0.9876437783241272,0.0,0.0,0.7963424324989319,0.2036575824022293,0.4627046585083008,0.9953729510307312,0.0,0.0
86.0,1.0,0.5892192721366882,0.41078072786331177,1.0523667335510254,0.9894762635231018,0.0,0.0,0.5041986703872681,0.4958013892173767,1.1695499420166016,0.9883045554161072,0.0,0.0
86.0,2.0,0.5687655210494995,0.43123456835746765,1.0751229524612427,0.9892488121986389,0.0,0.0,0.5830916166305542,0.4169084131717682,1.0817755460739136,0.9891822934150696,0.0,0.0
86.0,3.0,0.6093071103096008,0.39069288969039917,0.9367601275444031,0.9906324744224548,0.0,0.0,0.4126715064048767,0.5873284935951233,1.6676682233810425,0.983323335647583,0.0,0.0
86.0,4.0,0.5770107507705688,0.42298927903175354,1.0850200653076172,0.989149808883667,0.0,0.0,0.5493102073669434,0.45068979263305664,1.0404146909713745,0.9895958304405212,0.0,0.0
87.0,0.0,0.5134782195091248,0.48652172088623047,1.2356228828430176,0.987643837928772,0.0,0.0,0.7963424324989319,0.2036575824022293,0.4627046585083008,0.9953728914260864,0.0,0.0
87.0,1.0,0.5892192125320435,0.41078078746795654,1.0523667335510254,0.9894763231277466,0.0,0.0,0.5041986703872681,0.4958013892173767,1.1695499420166016,0.9883044958114624,0.0,0.0
87.0,2.0,0.5687655806541443,0.4312345087528229,1.0751229524612427,0.9892487525939941,0.0,0.0,0.5830916166305542,0.4169084131717682,1.0817755460739136,0.98918217420578,0.0,0.0
87.0,3.0,0.609307050704956,0.39069297909736633,0.9367601275444031,0.9906324148178101,0.0,0.0,0.4126715064048767,0.5873284935951233,1.6676682233810425,0.983323335647583,0.0,0.0
87.0,4.0,0.5770106911659241,0.4229893088340759,1.0850201845169067,0.9891497492790222,0.0,0.0,0.5493102073669434,0.45068976283073425,1.0404146909713745,0.9895958304405212,0.0,0.0
88.0,0.0,0.5134782195091248,0.48652178049087524,1.2356228828430176,0.987643837928772,0.0,0.0,0.7963424324989319,0.2036575824022293,0.4627046585083008,0.9953728914260864,0.0,0.0
88.0,1.0,0.5892192125320435,0.41078075766563416,1.0523667335510254,0.9894763231277466,0.0,0.0,0.5041986703872681,0.4958013892173767,1.1695499420166016,0.9883045554161072,0.0,0.0
88.0,2.0,0.5687655210494995,0.4312345087528229,1.0751229524612427,0.9892486929893494,0.0,0.0,0.5830916166305542,0.4169084131717682,1.0817755460739136,0.98918217420578,0.0,0.0
88.0,3.0,0.6093071103096008,0.3906928598880768,0.9367603063583374,0.9906323552131653,0.0,0.0,0.4126715064048767,0.5873284935951233,1.6676682233810425,0.983323335647583,0.0,0.0
88.0,4.0,0.5770107507705688,0.4229893386363983,1.0850201845169067,0.989149808883667,0.0,0.0,0.5493102073669434,0.45068979263305664,1.0404146909713745,0.9895958304405212,0.0,0.0
89.0,0.0,0.5134782195091248,0.48652175068855286,1.2356230020523071,0.987643837928772,0.0,0.0,0.7963424324989319,0.2036575973033905,0.4627046585083008,0.9953729510307312,0.0,0.0
89.0,1.0,0.5892192125320435,0.41078075766563416,1.0523667335510254,0.9894763231277466,0.0,0.0,0.5041986703872681,0.4958013594150543,1.1695499420166016,0.9883044958114624,0.0,0.0
89.0,2.0,0.56876540184021,0.43123453855514526,1.0751229524612427,0.9892488121986389,0.0,0.0,0.5830916166305542,0.4169084429740906,1.0817755460739136,0.9891822934150696,0.0,0.0
89.0,3.0,0.609307050704956,0.39069294929504395,0.9367600679397583,0.9906324744224548,0.0,0.0,0.4126715064048767,0.5873284935951233,1.6676682233810425,0.983323335647583,0.0,0.0
89.0,4.0,0.5770106315612793,0.4229893088340759,1.0850200653076172,0.9891498684883118,0.0,0.0,0.5493102669715881,0.45068976283073425,1.0404146909713745,0.9895957708358765,0.0,0.0
90.0,0.0,0.5134782195091248,0.48652175068855286,1.2356228828430176,0.9876437187194824,0.0,0.0,0.7963424324989319,0.2036575824022293,0.4627046585083008,0.9953728914260864,0.0,0.0
90.0,1.0,0.5892192125320435,0.41078078746795654,1.0523667335510254,0.9894762635231018,0.0,0.0,0.5041986107826233,0.4958013892173767,1.169549822807312,0.9883044958114624,0.0,0.0
90.0,2.0,0.5687655210494995,0.4312345087528229,1.0751230716705322,0.9892487525939941,0.0,0.0,0.5830915570259094,0.4169084429740906,1.0817755460739136,0.9891822934150696,0.0,0.0
90.0,3.0,0.609307050704956,0.39069288969039917,0.9367602467536926,0.9906323552131653,0.0,0.0,0.4126715064048767,0.5873284935951233,1.6676684617996216,0.983323335647583,0.0,0.0
90.0,4.0,0.5770106315612793,0.42298927903175354,1.0850200653076172,0.9891498684883118,0.0,0.0,0.5493102073669434,0.45068976283073425,1.0404146909713745,0.9895957708358765,0.0,0.0
91.0,0.0,0.5134782195091248,0.48652184009552,1.2356228828430176,0.9876437783241272,0.0,0.0,0.7963424324989319,0.2036575824022293,0.4627046585083008,0.9953728914260864,0.0,0.0
91.0,1.0,0.5892192721366882,0.41078075766563416,1.0523667335510254,0.9894762635231018,0.0,0.0,0.5041986703872681,0.4958013594150543,1.1695499420166016,0.9883045554161072,0.0,0.0
91.0,2.0,0.5687655210494995,0.4312345087528229,1.0751229524612427,0.9892487525939941,0.0,0.0,0.5830916166305542,0.4169084131717682,1.0817755460739136,0.9891822934150696,0.0,0.0
91.0,3.0,0.609307050704956,0.39069294929504395,0.9367602467536926,0.9906323552131653,0.0,0.0,0.4126715362071991,0.5873284935951233,1.6676684617996216,0.983323335647583,0.0,0.0
91.0,4.0,0.5770107507705688,0.4229893088340759,1.0850201845169067,0.989149808883667,0.0,0.0,0.5493102073669434,0.45068976283073425,1.0404146909713745,0.9895958304405212,0.0,0.0
92.0,0.0,0.5134782791137695,0.48652172088623047,1.2356228828430176,0.9876437187194824,0.0,0.0,0.7963424324989319,0.2036575824022293,0.4627046585083008,0.9953728914260864,0.0,0.0
92.0,1.0,0.589219331741333,0.41078072786331177,1.0523667335510254,0.9894763231277466,0.0,0.0,0.5041986107826233,0.4958013594150543,1.1695499420166016,0.9883045554161072,0.0,0.0
92.0,2.0,0.5687655210494995,0.4312345087528229,1.0751229524612427,0.9892487525939941,0.0,0.0,0.5830916166305542,0.4169084429740906,1.0817755460739136,0.9891822934150696,0.0,0.0
92.0,3.0,0.609307050704956,0.39069288969039917,0.9367600679397583,0.9906323552131653,0.0,0.0,0.41267144680023193,0.5873284935951233,1.6676682233810425,0.9833233952522278,0.0,0.0
92.0,4.0,0.5770107507705688,0.4229893386363983,1.0850200653076172,0.989149808883667,0.0,0.0,0.5493102669715881,0.45068979263305664,1.0404146909713745,0.9895958304405212,0.0,0.0
93.0,0.0,0.5134782791137695,0.4865216910839081,1.2356228828430176,0.9876437187194824,0.0,0.0,0.7963424324989319,0.2036575824022293,0.4627046585083008,0.9953729510307312,0.0,0.0
93.0,1.0,0.5892192125320435,0.41078072786331177,1.0523664951324463,0.9894763827323914,0.0,0.0,0.5041986703872681,0.4958013594150543,1.169549822807312,0.9883044958114624,0.0,0.0
93.0,2.0,0.5687655806541443,0.4312344789505005,1.0751229524612427,0.9892488121986389,0.0,0.0,0.5830916166305542,0.4169084131717682,1.0817755460739136,0.9891822934150696,0.0,0.0
93.0,3.0,0.6093071103096008,0.39069288969039917,0.9367601275444031,0.9906324148178101,0.0,0.0,0.4126715362071991,0.5873284935951233,1.667668104171753,0.9833232164382935,0.0,0.0
93.0,4.0,0.5770106315612793,0.4229893386363983,1.0850201845169067,0.9891497492790222,0.0,0.0,0.5493102073669434,0.45068976283073425,1.0404146909713745,0.9895957708358765,0.0,0.0
94.0,0.0,0.5134782195091248,0.48652175068855286,1.2356228828430176,0.9876437783241272,0.0,0.0,0.7963424324989319,0.2036575824022293,0.4627046585083008,0.9953728914260864,0.0,0.0
94.0,1.0,0.5892192125320435,0.41078072786331177,1.0523667335510254,0.9894763827323914,0.0,0.0,0.5041986703872681,0.4958013892173767,1.169549822807312,0.9883044958114624,0.0,0.0
94.0,2.0,0.5687655210494995,0.4312345087528229,1.0751230716705322,0.9892487525939941,0.0,0.0,0.5830916166305542,0.4169084131717682,1.0817755460739136,0.9891822934150696,0.0,0.0
94.0,3.0,0.6093071103096008,0.39069294929504395,0.9367603063583374,0.9906322956085205,0.0,0.0,0.4126715362071991,0.5873284935951233,1.6676682233810425,0.9833233952522278,0.0,0.0
94.0,4.0,0.5770107507705688,0.42298927903175354,1.0850200653076172,0.9891498684883118,0.0,0.0,0.5493102073669434,0.45068973302841187,1.0404146909713745,0.9895957708358765,0.0,0.0
95.0,0.0,0.5134782791137695,0.48652172088623047,1.2356226444244385,0.987643837928772,0.0,0.0,0.7963424324989319,0.2036575824022293,0.4627046585083008,0.9953729510307312,0.0,0.0
95.0,1.0,0.5892192125320435,0.41078078746795654,1.0523667335510254,0.9894763827323914,0.0,0.0,0.5041986107826233,0.4958013892173767,1.169549822807312,0.9883044958114624,0.0,0.0
95.0,2.0,0.5687655806541443,0.4312344789505005,1.0751229524612427,0.9892487525939941,0.0,0.0,0.583091676235199,0.4169084131717682,1.0817755460739136,0.9891822934150696,0.0,0.0
95.0,3.0,0.6093071103096008,0.39069297909736633,0.9367601275444031,0.9906324148178101,0.0,0.0,0.4126715064048767,0.5873284935951233,1.6676682233810425,0.9833232164382935,0.0,0.0
95.0,4.0,0.5770106911659241,0.4229893684387207,1.0850200653076172,0.989149808883667,0.0,0.0,0.5493102669715881,0.45068976283073425,1.0404146909713745,0.9895958304405212,0.0,0.0
96.0,0.0,0.5134782195091248,0.48652178049087524,1.2356228828430176,0.987643837928772,0.0,0.0,0.7963423728942871,0.2036575973033905,0.4627046585083008,0.9953729510307312,0.0,0.0
96.0,1.0,0.5892192721366882,0.41078072786331177,1.0523667335510254,0.9894763231277466,0.0,0.0,0.5041986107826233,0.4958013892173767,1.1695499420166016,0.9883044958114624,0.0,0.0
96.0,2.0,0.5687655210494995,0.43123453855514526,1.0751229524612427,0.9892487525939941,0.0,0.0,0.5830915570259094,0.4169084429740906,1.0817755460739136,0.98918217420578,0.0,0.0
96.0,3.0,0.6093071699142456,0.39069288969039917,0.9367602467536926,0.9906323552131653,0.0,0.0,0.41267144680023193,0.5873284935951233,1.6676684617996216,0.983323335647583,0.0,0.0
96.0,4.0,0.5770106911659241,0.4229893386363983,1.0850201845169067,0.9891498684883118,0.0,0.0,0.5493102073669434,0.45068979263305664,1.0404146909713745,0.9895958304405212,0.0,0.0
97.0,0.0,0.5134783387184143,0.48652172088623047,1.2356228828430176,0.9876437187194824,0.0,0.0,0.7963424324989319,0.2036575973033905,0.4627046585083008,0.9953729510307312,0.0,0.0
97.0,1.0,0.5892192125320435,0.41078075766563416,1.0523666143417358,0.9894763827323914,0.0,0.0,0.5041986107826233,0.4958013594150543,1.1695499420166016,0.9883044958114624,0.0,0.0
97.0,2.0,0.5687655806541443,0.4312344789505005,1.0751230716705322,0.9892486929893494,0.0,0.0,0.5830916166305542,0.4169084131717682,1.0817755460739136,0.9891822934150696,0.0,0.0
97.0,3.0,0.6093071103096008,0.39069294929504395,0.9367600679397583,0.9906324148178101,0.0,0.0,0.4126715064048767,0.5873284935951233,1.6676682233810425,0.983323335647583,0.0,0.0
97.0,4.0,0.5770106315612793,0.4229893684387207,1.0850201845169067,0.9891497492790222,0.0,0.0,0.5493102073669434,0.45068973302841187,1.0404146909713745,0.9895958304405212,0.0,0.0
98.0,0.0,0.5134782195091248,0.48652172088623047,1.2356228828430176,0.9876438975334167,0.0,0.0,0.7963423728942871,0.2036575973033905,0.4627046585083008,0.9953729510307312,0.0,0.0
98.0,1.0,0.5892192721366882,0.41078072786331177,1.0523666143417358,0.9894763827323914,0.0,0.0,0.5041986703872681,0.4958013892173767,1.169549822807312,0.9883044958114624,0.0,0.0
98.0,2.0,0.5687655806541443,0.4312344789505005,1.0751230716705322,0.9892487525939941,0.0,0.0,0.5830915570259094,0.4169084429740906,1.0817755460739136,0.9891822934150696,0.0,0.0
98.0,3.0,0.609307050704956,0.39069288969039917,0.9367602467536926,0.9906322956085205,0.0,0.0,0.4126715064048767,0.5873284935951233,1.6676684617996216,0.9833233952522278,0.0,0.0
98.0,4.0,0.5770106315612793,0.4229893386363983,1.0850200653076172,0.9891498684883118,0.0,0.0,0.5493102073669434,0.45068976283073425,1.0404146909713745,0.9895958304405212,0.0,0.0
99.0,0.0,0.5134782791137695,0.4865216910839081,1.2356228828430176,0.9876437187194824,0.0,0.0,0.7963424324989319,0.2036575824022293,0.4627046585083008,0.9953729510307312,0.0,0.0
99.0,1.0,0.5892192125320435,0.41078075766563416,1.0523667335510254,0.9894763231277466,0.0,0.0,0.5041986703872681,0.4958013892173767,1.1695499420166016,0.9883044958114624,0.0,0.0
99.0,2.0,0.5687655210494995,0.4312345087528229,1.0751229524612427,0.9892488121986389,0.0,0.0,0.5830916166305542,0.4169084131717682,1.0817755460739136,0.9891822934150696,0.0,0.0
99.0,3.0,0.6093071103096008,0.39069288969039917,0.9367601275444031,0.9906324148178101,0.0,0.0,0.4126715064048767,0.5873284935951233,1.6676684617996216,0.9833233952522278,0.0,0.0
99.0,4.0,0.5770106911659241,0.4229893088340759,1.0850201845169067,0.989149808883667,0.0,0.0,0.5493102073669434,0.45068976283073425,1.0404146909713745,0.9895958304405212,0.0,0.0
100.0,0.0,0.5134782195091248,0.48652175068855286,1.2356228828430176,0.987643837928772,0.0,0.0,0.7963424324989319,0.2036575824022293,0.4627046585083008,0.9953729510307312,0.0,0.0
100.0,1.0,0.5892192125320435,0.41078075766563416,1.0523666143417358,0.9894763231277466,0.0,0.0,0.5041986703872681,0.4958013892173767,1.1695499420166016,0.9883044958114624,0.0,0.0
100.0,2.0,0.5687655210494995,0.4312344789505005,1.0751230716705322,0.9892488121986389,0.0,0.0,0.5830916166305542,0.4169084131717682,1.0817755460739136,0.9891822934150696,0.0,0.0
100.0,3.0,0.6093071103096008,0.39069288969039917,0.9367602467536926,0.9906322956085205,0.0,0.0,0.41267144680023193,0.5873285531997681,1.6676682233810425,0.9833232164382935,0.0,0.0
100.0,4.0,0.5770106315612793,0.4229893386363983,1.0850200653076172,0.9891498684883118,0.0,0.0,0.5493102073669434,0.45068976283073425,1.0404146909713745,0.9895958304405212,0.0,0.0
101.0,0.0,0.5134782791137695,0.48652172088623047,1.2356228828430176,0.987643837928772,0.0,0.0,0.7963424324989319,0.2036575824022293,0.4627046585083008,0.9953728914260864,0.0,0.0
101.0,1.0,0.5892192721366882,0.41078072786331177,1.052366852760315,0.9894762635231018,0.0,0.0,0.5041986107826233,0.4958014190196991,1.1695499420166016,0.9883044958114624,0.0,0.0
101.0,2.0,0.5687655806541443,0.4312344789505005,1.0751230716705322,0.9892487525939941,0.0,0.0,0.5830916166305542,0.4169084429740906,1.0817755460739136,0.9891822934150696,0.0,0.0
101.0,3.0,0.609307050704956,0.39069288969039917,0.9367601275444031,0.9906324148178101,0.0,0.0,0.41267144680023193,0.5873284935951233,1.6676684617996216,0.983323335647583,0.0,0.0
101.0,4.0,0.5770106911659241,0.4229893088340759,1.0850201845169067,0.989149808883667,0.0,0.0,0.5493102073669434,0.45068976283073425,1.0404146909713745,0.9895958304405212,0.0,0.0
102.0,0.0,0.5134782195091248,0.48652178049087524,1.2356228828430176,0.9876437783241272,0.0,0.0,0.7963424324989319,0.2036575824022293,0.4627046585083008,0.9953728914260864,0.0,0.0
102.0,1.0,0.5892192721366882,0.41078072786331177,1.0523667335510254,0.9894763231277466,0.0,0.0,0.5041986703872681,0.4958013594150543,1.1695499420166016,0.9883045554161072,0.0,0.0
102.0,2.0,0.5687655210494995,0.4312344789505005,1.0751229524612427,0.9892486929893494,0.0,0.0,0.5830916166305542,0.4169084131717682,1.0817755460739136,0.98918217420578,0.0,0.0
102.0,3.0,0.609307050704956,0.3906928598880768,0.9367602467536926,0.9906323552131653,0.0,0.0,0.4126715064048767,0.5873284935951233,1.6676684617996216,0.983323335647583,0.0,0.0
102.0,4.0,0.5770106315612793,0.4229893684387207,1.0850201845169067,0.9891497492790222,0.0,0.0,0.5493102669715881,0.45068976283073425,1.0404146909713745,0.9895958304405212,0.0,0.0
103.0,0.0,0.5134782195091248,0.48652175068855286,1.2356230020523071,0.9876437783241272,0.0,0.0,0.7963424324989319,0.2036575824022293,0.4627046585083008,0.9953728914260864,0.0,0.0
103.0,1.0,0.5892192721366882,0.41078072786331177,1.0523667335510254,0.9894763231277466,0.0,0.0,0.5041986107826233,0.4958013892173767,1.169549822807312,0.9883044958114624,0.0,0.0
103.0,2.0,0.5687655210494995,0.43123453855514526,1.0751229524612427,0.9892489314079285,0.0,0.0,0.5830916166305542,0.4169084131717682,1.0817755460739136,0.9891822934150696,0.0,0.0
103.0,3.0,0.6093071103096008,0.39069294929504395,0.9367601275444031,0.9906324148178101,0.0,0.0,0.4126715064048767,0.5873284935951233,1.6676684617996216,0.983323335647583,0.0,0.0
103.0,4.0,0.5770107507705688,0.4229893386363983,1.0850200653076172,0.9891497492790222,0.0,0.0,0.5493102669715881,0.45068979263305664,1.0404146909713745,0.9895958304405212,0.0,0.0
104.0,0.0,0.5134782791137695,0.48652172088623047,1.2356228828430176,0.987643837928772,0.0,0.0,0.7963424324989319,0.2036575824022293,0.4627046585083008,0.9953728914260864,0.0,0.0
104.0,1.0,0.5892192721366882,0.41078075766563416,1.0523667335510254,0.9894763827323914,0.0,0.0,0.5041986107826233,0.4958013892173767,1.1695499420166016,0.9883045554161072,0.0,0.0
104.0,2.0,0.5687654614448547,0.4312345087528229,1.0751229524612427,0.9892486929893494,0.0,0.0,0.5830916166305542,0.4169084131717682,1.0817755460739136,0.9891822934150696,0.0,0.0
104.0,3.0,0.6093071103096008,0.39069294929504395,0.9367602467536926,0.9906323552131653,0.0,0.0,0.4126715064048767,0.5873284935951233,1.6676684617996216,0.9833233952522278,0.0,0.0
104.0,4.0,0.5770106911659241,0.4229893386363983,1.0850200653076172,0.9891498684883118,0.0,0.0,0.5493102073669434,0.45068976283073425,1.0404146909713745,0.9895958304405212,0.0,0.0
105.0,0.0,0.5134782791137695,0.4865216910839081,1.2356230020523071,0.987643837928772,0.0,0.0,0.7963424324989319,0.2036575824022293,0.4627046585083008,0.9953728914260864,0.0,0.0
105.0,1.0,0.5892192721366882,0.4107806980609894,1.0523667335510254,0.9894762635231018,0.0,0.0,0.5041986107826233,0.4958013892173767,1.1695499420166016,0.9883045554161072,0.0,0.0
105.0,2.0,0.5687655806541443,0.4312344193458557,1.0751229524612427,0.9892487525939941,0.0,0.0,0.5830915570259094,0.4169084429740906,1.0817755460739136,0.9891822934150696,0.0,0.0
105.0,3.0,0.609307050704956,0.39069294929504395,0.9367602467536926,0.9906324148178101,0.0,0.0,0.4126715064048767,0.5873284935951233,1.6676684617996216,0.9833232164382935,0.0,0.0
105.0,4.0,0.5770106315612793,0.4229893088340759,1.0850201845169067,0.989149808883667,0.0,0.0,0.5493102073669434,0.45068979263305664,1.0404146909713745,0.9895959496498108,0.0,0.0
106.0,0.0,0.5134783387184143,0.48652175068855286,1.2356230020523071,0.9876437187194824,0.0,0.0,0.7963424324989319,0.2036575824022293,0.4627046585083008,0.9953728914260864,0.0,0.0
106.0,1.0,0.5892192125320435,0.41078075766563416,1.0523667335510254,0.9894763231277466,0.0,0.0,0.5041986107826233,0.4958013892173767,1.169549822807312,0.9883045554161072,0.0,0.0
106.0,2.0,0.5687654614448547,0.4312345087528229,1.0751229524612427,0.9892488121986389,0.0,0.0,0.5830916166305542,0.4169084429740906,1.0817755460739136,0.9891822934150696,0.0,0.0
106.0,3.0,0.6093071103096008,0.39069288969039917,0.9367602467536926,0.9906323552131653,0.0,0.0,0.4126715362071991,0.5873284935951233,1.6676682233810425,0.9833233952522278,0.0,0.0
106.0,4.0,0.5770107507705688,0.42298927903175354,1.0850201845169067,0.9891497492790222,0.0,0.0,0.5493102669715881,0.45068976283073425,1.0404146909713745,0.9895958304405212,0.0,0.0
107.0,0.0,0.5134783387184143,0.48652175068855286,1.2356228828430176,0.987643837928772,0.0,0.0,0.7963423728942871,0.2036575973033905,0.4627046585083008,0.9953728914260864,0.0,0.0
107.0,1.0,0.5892192125320435,0.41078075766563416,1.0523666143417358,0.9894763827323914,0.0,0.0,0.5041986107826233,0.4958013594150543,1.1695499420166016,0.9883045554161072,0.0,0.0
107.0,2.0,0.5687655210494995,0.4312344789505005,1.0751230716705322,0.9892487525939941,0.0,0.0,0.5830915570259094,0.4169084131717682,1.0817755460739136,0.9891822934150696,0.0,0.0
107.0,3.0,0.6093071103096008,0.39069294929504395,0.9367601275444031,0.9906324744224548,0.0,0.0,0.41267144680023193,0.5873284935951233,1.6676684617996216,0.9833233952522278,0.0,0.0
107.0,4.0,0.5770106911659241,0.4229893386363983,1.0850201845169067,0.9891497492790222,0.0,0.0,0.5493101477622986,0.45068976283073425,1.0404146909713745,0.9895958304405212,0.0,0.0
108.0,0.0,0.5134782195091248,0.48652172088623047,1.2356228828430176,0.9876438975334167,0.0,0.0,0.7963424324989319,0.2036575824022293,0.4627046585083008,0.9953728914260864,0.0,0.0
108.0,1.0,0.589219331741333,0.41078072786331177,1.0523666143417358,0.9894763827323914,0.0,0.0,0.5041986703872681,0.4958013594150543,1.169549822807312,0.9883045554161072,0.0,0.0
108.0,2.0,0.5687655210494995,0.43123453855514526,1.0751230716705322,0.9892487525939941,0.0,0.0,0.5830916166305542,0.4169084429740906,1.0817755460739136,0.9891822934150696,0.0,0.0
108.0,3.0,0.609307050704956,0.39069297909736633,0.9367602467536926,0.9906324148178101,0.0,0.0,0.4126715064048767,0.5873284935951233,1.6676684617996216,0.983323335647583,0.0,0.0
108.0,4.0,0.5770106911659241,0.4229893088340759,1.0850201845169067,0.9891497492790222,0.0,0.0,0.5493102669715881,0.45068976283073425,1.0404146909713745,0.9895957708358765,0.0,0.0
109.0,0.0,0.5134782195091248,0.48652175068855286,1.2356228828430176,0.987643837928772,0.0,0.0,0.7963424324989319,0.2036575824022293,0.4627046585083008,0.9953728914260864,0.0,0.0
109.0,1.0,0.5892192125320435,0.41078072786331177,1.0523666143417358,0.9894763827323914,0.0,0.0,0.5041986107826233,0.4958013594150543,1.1695499420166016,0.9883045554161072,0.0,0.0
109.0,2.0,0.5687655210494995,0.4312345087528229,1.0751229524612427,0.9892487525939941,0.0,0.0,0.5830916166305542,0.4169084429740906,1.0817755460739136,0.9891822934150696,0.0,0.0
109.0,3.0,0.609307050704956,0.3906928598880768,0.9367603063583374,0.9906322956085205,0.0,0.0,0.4126715064048767,0.5873284935951233,1.6676682233810425,0.9833233952522278,0.0,0.0
109.0,4.0,0.5770106315612793,0.4229893088340759,1.0850201845169067,0.9891497492790222,0.0,0.0,0.5493102669715881,0.45068976283073425,1.0404146909713745,0.9895958304405212,0.0,0.0
110.0,0.0,0.5134782195091248,0.48652175068855286,1.2356228828430176,0.9876437783241272,0.0,0.0,0.7963424324989319,0.2036575824022293,0.4627046585083008,0.9953728914260864,0.0,0.0
110.0,1.0,0.5892192721366882,0.4107806980609894,1.0523667335510254,0.9894762635231018,0.0,0.0,0.5041986703872681,0.4958013594150543,1.169549822807312,0.9883045554161072,0.0,0.0
110.0,2.0,0.5687655210494995,0.4312344789505005,1.0751229524612427,0.9892487525939941,0.0,0.0,0.5830916166305542,0.4169084131717682,1.0817755460739136,0.9891823530197144,0.0,0.0
110.0,3.0,0.609307050704956,0.39069294929504395,0.9367602467536926,0.9906324148178101,0.0,0.0,0.4126715064048767,0.5873284935951233,1.6676682233810425,0.9833232164382935,0.0,0.0
110.0,4.0,0.5770106315612793,0.4229893088340759,1.0850201845169067,0.9891496896743774,0.0,0.0,0.5493102073669434,0.45068979263305664,1.0404146909713745,0.9895958304405212,0.0,0.0
111.0,0.0,0.5134782791137695,0.48652175068855286,1.2356228828430176,0.9876439571380615,0.0,0.0,0.7963424324989319,0.2036575824022293,0.4627046585083008,0.9953728914260864,0.0,0.0
111.0,1.0,0.5892192125320435,0.4107806980609894,1.0523667335510254,0.9894762635231018,0.0,0.0,0.5041986107826233,0.4958013892173767,1.1695499420166016,0.9883044958114624,0.0,0.0
111.0,2.0,0.5687655210494995,0.4312344789505005,1.0751230716705322,0.9892486929893494,0.0,0.0,0.5830916166305542,0.4169084131717682,1.0817755460739136,0.9891822934150696,0.0,0.0
111.0,3.0,0.6093071103096008,0.39069288969039917,0.9367602467536926,0.9906322956085205,0.0,0.0,0.4126715064048767,0.5873284935951233,1.6676684617996216,0.983323335647583,0.0,0.0
111.0,4.0,0.5770107507705688,0.42298927903175354,1.0850200653076172,0.9891499876976013,0.0,0.0,0.5493102669715881,0.45068976283073425,1.0404146909713745,0.9895957708358765,0.0,0.0
112.0,0.0,0.5134782195091248,0.48652178049087524,1.2356228828430176,0.9876437783241272,0.0,0.0,0.7963424324989319,0.2036575824022293,0.4627046585083008,0.9953728914260864,0.0,0.0
112.0,1.0,0.5892192125320435,0.41078075766563416,1.0523667335510254,0.9894763231277466,0.0,0.0,0.5041986107826233,0.4958013594150543,1.1695499420166016,0.9883045554161072,0.0,0.0
112.0,2.0,0.5687655210494995,0.4312344789505005,1.0751229524612427,0.9892489314079285,0.0,0.0,0.5830916166305542,0.4169084131717682,1.0817755460739136,0.9891822934150696,0.0,0.0
112.0,3.0,0.6093071103096008,0.39069288969039917,0.9367602467536926,0.9906324148178101,0.0,0.0,0.4126715064048767,0.5873284935951233,1.6676684617996216,0.9833233952522278,0.0,0.0
112.0,4.0,0.5770107507705688,0.42298924922943115,1.0850201845169067,0.9891497492790222,0.0,0.0,0.5493102073669434,0.45068976283073425,1.0404146909713745,0.9895958304405212,0.0,0.0
113.0,0.0,0.5134782195091248,0.48652178049087524,1.2356228828430176,0.9876437783241272,0.0,0.0,0.7963424324989319,0.2036575824022293,0.4627046585083008,0.9953728914260864,0.0,0.0
113.0,1.0,0.5892192721366882,0.41078072786331177,1.0523667335510254,0.9894762635231018,0.0,0.0,0.5041986107826233,0.4958013594150543,1.169549822807312,0.9883044958114624,0.0,0.0
113.0,2.0,0.5687655210494995,0.4312344789505005,1.0751230716705322,0.9892486929893494,0.0,0.0,0.5830916166305542,0.4169084131717682,1.0817755460739136,0.9891822934150696,0.0,0.0
113.0,3.0,0.609307050704956,0.39069294929504395,0.9367602467536926,0.9906323552131653,0.0,0.0,0.41267144680023193,0.5873285531997681,1.6676682233810425,0.983323335647583,0.0,0.0
113.0,4.0,0.5770106315612793,0.4229893088340759,1.0850201845169067,0.989149808883667,0.0,0.0,0.5493102669715881,0.45068976283073425,1.0404146909713745,0.9895957708358765,0.0,0.0
114.0,0.0,0.5134782195091248,0.48652175068855286,1.2356228828430176,0.987643837928772,0.0,0.0,0.7963424324989319,0.2036575824022293,0.4627046585083008,0.9953729510307312,0.0,0.0
114.0,1.0,0.5892192125320435,0.4107806980609894,1.0523667335510254,0.9894763827323914,0.0,0.0,0.5041986107826233,0.4958013892173767,1.1695499420166016,0.9883045554161072,0.0,0.0
114.0,2.0,0.5687655806541443,0.4312344193458557,1.0751229524612427,0.9892488121986389,0.0,0.0,0.5830915570259094,0.4169084131717682,1.0817755460739136,0.98918217420578,0.0,0.0
114.0,3.0,0.609307050704956,0.39069288969039917,0.9367601275444031,0.9906324148178101,0.0,0.0,0.4126715064048767,0.5873284935951233,1.6676682233810425,0.983323335647583,0.0,0.0
114.0,4.0,0.5770106911659241,0.4229893088340759,1.0850201845169067,0.989149808883667,0.0,0.0,0.5493102669715881,0.45068979263305664,1.0404146909713745,0.9895958304405212,0.0,0.0
115.0,0.0,0.5134782195091248,0.48652175068855286,1.2356228828430176,0.9876437783241272,0.0,0.0,0.7963423728942871,0.2036575824022293,0.4627046585083008,0.9953728914260864,0.0,0.0
115.0,1.0,0.5892192125320435,0.41078072786331177,1.0523667335510254,0.9894762635231018,0.0,0.0,0.5041986703872681,0.4958013594150543,1.1695499420166016,0.9883045554161072,0.0,0.0
115.0,2.0,0.5687655210494995,0.4312344193458557,1.0751230716705322,0.9892487525939941,0.0,0.0,0.5830915570259094,0.4169084131717682,1.0817755460739136,0.9891822934150696,0.0,0.0
115.0,3.0,0.609307050704956,0.3906928598880768,0.9367602467536926,0.9906324148178101,0.0,0.0,0.41267144680023193,0.5873284935951233,1.6676684617996216,0.983323335647583,0.0,0.0
115.0,4.0,0.5770107507705688,0.4229893088340759,1.0850201845169067,0.9891496300697327,0.0,0.0,0.5493102073669434,0.45068979263305664,1.0404146909713745,0.9895958304405212,0.0,0.0
116.0,0.0,0.51347815990448,0.48652178049087524,1.2356228828430176,0.9876437783241272,0.0,0.0,0.7963424324989319,0.2036575824022293,0.4627046585083008,0.9953728914260864,0.0,0.0
116.0,1.0,0.5892192721366882,0.4107806980609894,1.0523667335510254,0.9894763231277466,0.0,0.0,0.5041986703872681,0.4958013892173767,1.1695499420166016,0.988304615020752,0.0,0.0
116.0,2.0,0.5687655210494995,0.4312345087528229,1.0751229524612427,0.9892487525939941,0.0,0.0,0.5830915570259094,0.4169084429740906,1.0817755460739136,0.9891822934150696,0.0,0.0
116.0,3.0,0.609307050704956,0.39069294929504395,0.9367603063583374,0.9906323552131653,0.0,0.0,0.4126715064048767,0.5873284935951233,1.6676684617996216,0.983323335647583,0.0,0.0
116.0,4.0,0.5770107507705688,0.4229893088340759,1.0850201845169067,0.9891497492790222,0.0,0.0,0.5493102073669434,0.45068976283073425,1.0404146909713745,0.9895958304405212,0.0,0.0
117.0,0.0,0.5134782195091248,0.48652175068855286,1.2356228828430176,0.9876437187194824,0.0,0.0,0.7963424324989319,0.2036575824022293,0.4627046585083008,0.9953729510307312,0.0,0.0
117.0,1.0,0.5892192721366882,0.4107806980609894,1.0523664951324463,0.9894763827323914,0.0,0.0,0.5041986703872681,0.4958013594150543,1.1695499420166016,0.9883044958114624,0.0,0.0
117.0,2.0,0.5687655210494995,0.4312344789505005,1.0751230716705322,0.9892487525939941,0.0,0.0,0.5830916166305542,0.4169084131717682,1.0817755460739136,0.9891822934150696,0.0,0.0
117.0,3.0,0.609307050704956,0.39069294929504395,0.9367601275444031,0.9906324744224548,0.0,0.0,0.4126715064048767,0.5873285531997681,1.6676684617996216,0.983323335647583,0.0,0.0
117.0,4.0,0.5770106911659241,0.4229893088340759,1.0850201845169067,0.9891497492790222,0.0,0.0,0.5493102073669434,0.45068976283073425,1.0404146909713745,0.9895958304405212,0.0,0.0
118.0,0.0,0.5134782195091248,0.4865216910839081,1.2356228828430176,0.9876437187194824,0.0,0.0,0.7963423728942871,0.2036575973033905,0.4627046585083008,0.9953728914260864,0.0,0.0
118.0,1.0,0.5892192125320435,0.41078075766563416,1.0523667335510254,0.9894762635231018,0.0,0.0,0.5041986703872681,0.4958013594150543,1.169549822807312,0.9883045554161072,0.0,0.0
118.0,2.0,0.5687655806541443,0.4312344789505005,1.0751230716705322,0.9892487525939941,0.0,0.0,0.5830915570259094,0.4169084131717682,1.0817755460739136,0.9891822934150696,0.0,0.0
118.0,3.0,0.609307050704956,0.39069294929504395,0.9367602467536926,0.9906324148178101,0.0,0.0,0.4126715064048767,0.5873284935951233,1.6676684617996216,0.9833233952522278,0.0,0.0
118.0,4.0,0.5770106315612793,0.4229893386363983,1.0850200653076172,0.9891498684883118,0.0,0.0,0.5493102669715881,0.45068976283073425,1.0404146909713745,0.9895958304405212,0.0,0.0
119.0,0.0,0.5134782195091248,0.48652172088623047,1.2356230020523071,0.987643837928772,0.0,0.0,0.7963424324989319,0.2036575824022293,0.4627046585083008,0.9953729510307312,0.0,0.0
119.0,1.0,0.589219331741333,0.41078075766563416,1.0523667335510254,0.9894763827323914,0.0,0.0,0.5041986703872681,0.4958013594150543,1.1695499420166016,0.9883045554161072,0.0,0.0
119.0,2.0,0.5687655806541443,0.4312344193458557,1.0751230716705322,0.9892487525939941,0.0,0.0,0.5830916166305542,0.4169084429740906,1.0817755460739136,0.98918217420578,0.0,0.0
119.0,3.0,0.6093071699142456,0.39069294929504395,0.9367603063583374,0.9906322956085205,0.0,0.0,0.4126715064048767,0.5873284935951233,1.6676684617996216,0.983323335647583,0.0,0.0
119.0,4.0,0.5770106315612793,0.4229893386363983,1.0850201845169067,0.9891498684883118,0.0,0.0,0.5493102073669434,0.45068976283073425,1.0404146909713745,0.9895959496498108,0.0,0.0
120.0,0.0,0.5134783387184143,0.4865216910839081,1.2356228828430176,0.987643837928772,0.0,0.0,0.7963423728942871,0.2036575973033905,0.4627046585083008,0.9953729510307312,0.0,0.0
120.0,1.0,0.5892192721366882,0.4107806980609894,1.0523666143417358,0.9894763827323914,0.0,0.0,0.5041986107826233,0.4958013892173767,1.169549822807312,0.9883045554161072,0.0,0.0
120.0,2.0,0.5687655210494995,0.4312344789505005,1.0751229524612427,0.9892487525939941,0.0,0.0,0.5830916166305542,0.4169084131717682,1.0817755460739136,0.98918217420578,0.0,0.0
120.0,3.0,0.609307050704956,0.39069294929504395,0.9367601275444031,0.9906324744224548,0.0,0.0,0.4126715064048767,0.5873284935951233,1.6676682233810425,0.983323335647583,0.0,0.0
120.0,4.0,0.5770106911659241,0.4229893088340759,1.0850200653076172,0.989149808883667,0.0,0.0,0.5493102073669434,0.45068976283073425,1.0404146909713745,0.9895958304405212,0.0,0.0
121.0,0.0,0.5134783387184143,0.48652175068855286,1.2356228828430176,0.9876437783241272,0.0,0.0,0.7963424324989319,0.2036575824022293,0.4627046585083008,0.9953729510307312,0.0,0.0
121.0,1.0,0.5892192721366882,0.41078072786331177,1.0523667335510254,0.9894762635231018,0.0,0.0,0.5041986107826233,0.4958013892173767,1.1695499420166016,0.988304615020752,0.0,0.0
121.0,2.0,0.5687655210494995,0.4312345087528229,1.0751229524612427,0.9892487525939941,0.0,0.0,0.5830916166305542,0.4169084131717682,1.0817755460739136,0.9891822934150696,0.0,0.0
121.0,3.0,0.6093071103096008,0.39069294929504395,0.9367603063583374,0.9906323552131653,0.0,0.0,0.4126715362071991,0.5873284935951233,1.6676682233810425,0.983323335647583,0.0,0.0
121.0,4.0,0.5770106911659241,0.4229893386363983,1.0850200653076172,0.989149808883667,0.0,0.0,0.5493102669715881,0.45068979263305664,1.0404146909713745,0.9895959496498108,0.0,0.0
122.0,0.0,0.5134783387184143,0.48652172088623047,1.2356230020523071,0.987643837928772,0.0,0.0,0.7963424324989319,0.2036575824022293,0.4627046585083008,0.9953728914260864,0.0,0.0
122.0,1.0,0.5892192125320435,0.41078075766563416,1.0523667335510254,0.9894762635231018,0.0,0.0,0.5041986107826233,0.4958013594150543,1.1695499420166016,0.9883045554161072,0.0,0.0
122.0,2.0,0.5687655210494995,0.4312344789505005,1.0751230716705322,0.9892487525939941,0.0,0.0,0.5830916166305542,0.4169084131717682,1.0817755460739136,0.9891822934150696,0.0,0.0
122.0,3.0,0.6093071103096008,0.39069288969039917,0.9367602467536926,0.9906324148178101,0.0,0.0,0.41267144680023193,0.5873284935951233,1.6676684617996216,0.983323335647583,0.0,0.0
122.0,4.0,0.5770106911659241,0.42298927903175354,1.0850201845169067,0.989149808883667,0.0,0.0,0.5493102669715881,0.45068976283073425,1.0404146909713745,0.9895958304405212,0.0,0.0
123.0,0.0,0.5134783387184143,0.4865216910839081,1.2356228828430176,0.987643837928772,0.0,0.0,0.7963424324989319,0.2036575824022293,0.4627046585083008,0.9953728914260864,0.0,0.0
123.0,1.0,0.5892192125320435,0.41078075766563416,1.0523666143417358,0.9894763827323914,0.0,0.0,0.5041986703872681,0.4958013594150543,1.169549822807312,0.9883045554161072,0.0,0.0
123.0,2.0,0.5687655210494995,0.4312345087528229,1.0751229524612427,0.9892487525939941,0.0,0.0,0.5830916166305542,0.4169084131717682,1.0817755460739136,0.9891822934150696,0.0,0.0
123.0,3.0,0.6093071103096008,0.39069288969039917,0.9367601275444031,0.9906324148178101,0.0,0.0,0.41267144680023193,0.5873285531997681,1.6676682233810425,0.983323335647583,0.0,0.0
123.0,4.0,0.5770106911659241,0.4229893684387207,1.0850200653076172,0.9891498684883118,0.0,0.0,0.5493102073669434,0.45068976283073425,1.0404146909713745,0.9895958304405212,0.0,0.0
124.0,0.0,0.5134782791137695,0.48652175068855286,1.2356228828430176,0.9876438975334167,0.0,0.0,0.7963424324989319,0.2036575824022293,0.4627046585083008,0.9953729510307312,0.0,0.0
124.0,1.0,0.5892192721366882,0.41078075766563416,1.0523667335510254,0.9894763231277466,0.0,0.0,0.5041986703872681,0.4958013892173767,1.169549822807312,0.9883045554161072,0.0,0.0
124.0,2.0,0.5687655210494995,0.43123453855514526,1.0751229524612427,0.9892488121986389,0.0,0.0,0.5830916166305542,0.4169084429740906,1.0817755460739136,0.98918217420578,0.0,0.0
124.0,3.0,0.6093071699142456,0.39069288969039917,0.9367601275444031,0.9906324148178101,0.0,0.0,0.41267144680023193,0.5873284935951233,1.6676682233810425,0.983323335647583,0.0,0.0
124.0,4.0,0.5770107507705688,0.4229893386363983,1.0850201845169067,0.9891497492790222,0.0,0.0,0.5493102073669434,0.45068976283073425,1.0404146909713745,0.9895958304405212,0.0,0.0
125.0,0.0,0.5134782791137695,0.48652175068855286,1.2356228828430176,0.9876437783241272,0.0,0.0,0.7963424324989319,0.2036575824022293,0.4627046585083008,0.9953729510307312,0.0,0.0
125.0,1.0,0.5892192125320435,0.41078075766563416,1.0523666143417358,0.9894763827323914,0.0,0.0,0.5041986107826233,0.4958014190196991,1.169549822807312,0.9883044958114624,0.0,0.0
125.0,2.0,0.5687655210494995,0.4312343895435333,1.0751229524612427,0.9892488121986389,0.0,0.0,0.5830916166305542,0.4169084131717682,1.0817755460739136,0.9891822934150696,0.0,0.0
125.0,3.0,0.609307050704956,0.39069297909736633,0.9367602467536926,0.9906324148178101,0.0,0.0,0.4126715064048767,0.5873284935951233,1.6676684617996216,0.983323335647583,0.0,0.0
125.0,4.0,0.5770107507705688,0.42298927903175354,1.0850201845169067,0.9891497492790222,0.0,0.0,0.5493102073669434,0.45068976283073425,1.0404146909713745,0.9895958304405212,0.0,0.0
126.0,0.0,0.5134783387184143,0.48652175068855286,1.2356228828430176,0.9876437187194824,0.0,0.0,0.7963424324989319,0.2036575824022293,0.4627046585083008,0.9953728914260864,0.0,0.0
126.0,1.0,0.5892192125320435,0.41078075766563416,1.0523667335510254,0.9894763231277466,0.0,0.0,0.5041986107826233,0.4958014190196991,1.169549822807312,0.9883045554161072,0.0,0.0
126.0,2.0,0.5687655210494995,0.4312344193458557,1.0751230716705322,0.9892487525939941,0.0,0.0,0.5830916166305542,0.4169084131717682,1.0817755460739136,0.9891823530197144,0.0,0.0
126.0,3.0,0.609307050704956,0.39069288969039917,0.9367601275444031,0.9906324148178101,0.0,0.0,0.4126715064048767,0.5873284935951233,1.6676682233810425,0.983323335647583,0.0,0.0
126.0,4.0,0.5770107507705688,0.4229893088340759,1.0850201845169067,0.9891497492790222,0.0,0.0,0.5493102073669434,0.45068976283073425,1.0404146909713745,0.9895958304405212,0.0,0.0
127.0,0.0,0.5134783387184143,0.48652172088623047,1.2356228828430176,0.987643837928772,0.0,0.0,0.7963424324989319,0.2036575973033905,0.4627046585083008,0.9953728914260864,0.0,0.0
127.0,1.0,0.5892192125320435,0.41078078746795654,1.0523667335510254,0.9894763231277466,0.0,0.0,0.5041986107826233,0.4958013892173767,1.1695499420166016,0.9883044958114624,0.0,0.0
127.0,2.0,0.5687655210494995,0.4312345087528229,1.0751230716705322,0.9892488121986389,0.0,0.0,0.583091676235199,0.4169084131717682,1.0817755460739136,0.98918217420578,0.0,0.0
127.0,3.0,0.609307050704956,0.3906928598880768,0.9367602467536926,0.9906323552131653,0.0,0.0,0.4126715064048767,0.5873284935951233,1.6676682233810425,0.983323335647583,0.0,0.0
127.0,4.0,0.5770106911659241,0.4229893684387207,1.0850200653076172,0.9891498684883118,0.0,0.0,0.5493102073669434,0.45068979263305664,1.0404146909713745,0.9895958304405212,0.0,0.0
128.0,0.0,0.5134782791137695,0.48652172088623047,1.2356228828430176,0.9876437783241272,0.0,0.0,0.7963424324989319,0.2036575824022293,0.4627046585083008,0.9953729510307312,0.0,0.0
128.0,1.0,0.5892192125320435,0.41078075766563416,1.0523667335510254,0.9894763231277466,0.0,0.0,0.5041986107826233,0.4958013892173767,1.1695499420166016,0.9883044362068176,0.0,0.0
128.0,2.0,0.5687655210494995,0.4312344193458557,1.0751229524612427,0.9892488121986389,0.0,0.0,0.5830916166305542,0.4169084131717682,1.0817755460739136,0.9891822934150696,0.0,0.0
128.0,3.0,0.609307050704956,0.39069297909736633,0.9367602467536926,0.9906324148178101,0.0,0.0,0.41267144680023193,0.5873284935951233,1.6676684617996216,0.983323335647583,0.0,0.0
128.0,4.0,0.5770106911659241,0.4229893088340759,1.0850200653076172,0.989149808883667,0.0,0.0,0.5493102073669434,0.45068973302841187,1.0404146909713745,0.9895957708358765,0.0,0.0
129.0,0.0,0.5134782791137695,0.48652172088623047,1.2356230020523071,0.987643837928772,0.0,0.0,0.7963424324989319,0.2036575824022293,0.4627046585083008,0.9953728914260864,0.0,0.0
129.0,1.0,0.5892191529273987,0.41078075766563416,1.0523667335510254,0.9894763231277466,0.0,0.0,0.5041986703872681,0.4958013594150543,1.1695500612258911,0.9883045554161072,0.0,0.0
129.0,2.0,0.5687654614448547,0.4312345087528229,1.0751229524612427,0.9892487525939941,0.0,0.0,0.5830916166305542,0.4169084429740906,1.0817755460739136,0.9891822934150696,0.0,0.0
129.0,3.0,0.609307050704956,0.39069294929504395,0.9367602467536926,0.9906323552131653,0.0,0.0,0.4126715064048767,0.5873284935951233,1.6676682233810425,0.983323335647583,0.0,0.0
129.0,4.0,0.5770106911659241,0.42298927903175354,1.0850200653076172,0.9891497492790222,0.0,0.0,0.5493102669715881,0.45068976283073425,1.0404146909713745,0.9895958304405212,0.0,0.0
130.0,0.0,0.5134782791137695,0.48652175068855286,1.2356226444244385,0.987643837928772,0.0,0.0,0.7963424324989319,0.2036575824022293,0.4627046585083008,0.9953728914260864,0.0,0.0
130.0,1.0,0.5892192721366882,0.41078075766563416,1.0523667335510254,0.9894763827323914,0.0,0.0,0.5041986703872681,0.4958013594150543,1.1695499420166016,0.9883044958114624,0.0,0.0
130.0,2.0,0.5687655806541443,0.4312344789505005,1.0751229524612427,0.9892487525939941,0.0,0.0,0.5830916166305542,0.4169084429740906,1.0817755460739136,0.9891822934150696,0.0,0.0
130.0,3.0,0.609307050704956,0.39069294929504395,0.9367602467536926,0.9906323552131653,0.0,0.0,0.4126715064048767,0.5873284935951233,1.6676682233810425,0.9833232164382935,0.0,0.0
130.0,4.0,0.5770106911659241,0.42298927903175354,1.0850200653076172,0.989149808883667,0.0,0.0,0.5493102669715881,0.45068979263305664,1.0404146909713745,0.9895959496498108,0.0,0.0
131.0,0.0,0.5134782791137695,0.48652175068855286,1.2356230020523071,0.9876437783241272,0.0,0.0,0.7963424324989319,0.2036575824022293,0.4627046585083008,0.9953728914260864,0.0,0.0
131.0,1.0,0.5892192721366882,0.41078075766563416,1.0523667335510254,0.9894763231277466,0.0,0.0,0.5041986703872681,0.4958013594150543,1.1695499420166016,0.9883045554161072,0.0,0.0
131.0,2.0,0.5687655806541443,0.4312345087528229,1.0751230716705322,0.9892486929893494,0.0,0.0,0.5830915570259094,0.4169084429740906,1.0817755460739136,0.9891822934150696,0.0,0.0
131.0,3.0,0.609307050704956,0.39069297909736633,0.9367600679397583,0.9906324744224548,0.0,0.0,0.4126715064048767,0.5873284935951233,1.6676682233810425,0.983323335647583,0.0,0.0
131.0,4.0,0.5770106315612793,0.4229893684387207,1.0850201845169067,0.9891497492790222,0.0,0.0,0.5493102669715881,0.45068979263305664,1.0404146909713745,0.9895958304405212,0.0,0.0
132.0,0.0,0.5134782195091248,0.48652178049087524,1.2356228828430176,0.9876437783241272,0.0,0.0,0.7963424324989319,0.2036575973033905,0.4627046585083008,0.9953729510307312,0.0,0.0
132.0,1.0,0.5892192125320435,0.41078078746795654,1.0523666143417358,0.9894764423370361,0.0,0.0,0.5041986703872681,0.4958013594150543,1.169549822807312,0.9883044958114624,0.0,0.0
132.0,2.0,0.5687655210494995,0.4312344193458557,1.0751229524612427,0.9892488121986389,0.0,0.0,0.5830916166305542,0.4169084131717682,1.0817755460739136,0.98918217420578,0.0,0.0
132.0,3.0,0.6093071103096008,0.39069288969039917,0.9367601275444031,0.9906324744224548,0.0,0.0,0.41267144680023193,0.5873284935951233,1.6676684617996216,0.9833233952522278,0.0,0.0
132.0,4.0,0.5770106315612793,0.4229893386363983,1.0850201845169067,0.9891496896743774,0.0,0.0,0.5493102073669434,0.45068979263305664,1.0404146909713745,0.9895958304405212,0.0,0.0
133.0,0.0,0.5134782195091248,0.48652175068855286,1.2356228828430176,0.987643837928772,0.0,0.0,0.7963424324989319,0.2036575824022293,0.4627046585083008,0.9953728914260864,0.0,0.0
133.0,1.0,0.5892192125320435,0.41078078746795654,1.0523667335510254,0.9894763827323914,0.0,0.0,0.5041986107826233,0.4958013594150543,1.169549822807312,0.9883044958114624,0.0,0.0
133.0,2.0,0.5687655210494995,0.4312345087528229,1.0751230716705322,0.9892488121986389,0.0,0.0,0.5830916166305542,0.4169084131717682,1.0817755460739136,0.98918217420578,0.0,0.0
133.0,3.0,0.6093071699142456,0.3906928598880768,0.9367603063583374,0.9906323552131653,0.0,0.0,0.4126715064048767,0.5873284935951233,1.6676682233810425,0.9833232164382935,0.0,0.0
133.0,4.0,0.5770106911659241,0.4229893684387207,1.0850200653076172,0.9891497492790222,0.0,0.0,0.5493102073669434,0.45068976283073425,1.0404146909713745,0.9895958304405212,0.0,0.0
134.0,0.0,0.5134782791137695,0.48652172088623047,1.2356228828430176,0.9876437783241272,0.0,0.0,0.7963423728942871,0.2036575973033905,0.4627046585083008,0.9953728914260864,0.0,0.0
134.0,1.0,0.589219331741333,0.4107806980609894,1.0523666143417358,0.9894763827323914,0.0,0.0,0.5041986107826233,0.4958013594150543,1.1695499420166016,0.9883044958114624,0.0,0.0
134.0,2.0,0.5687655806541443,0.4312344789505005,1.0751229524612427,0.9892487525939941,0.0,0.0,0.5830916166305542,0.4169084429740906,1.0817755460739136,0.9891822934150696,0.0,0.0
134.0,3.0,0.6093071103096008,0.39069288969039917,0.9367601275444031,0.9906324148178101,0.0,0.0,0.4126715064048767,0.5873284935951233,1.6676682233810425,0.983323335647583,0.0,0.0
134.0,4.0,0.5770106911659241,0.4229893386363983,1.0850200653076172,0.9891497492790222,0.0,0.0,0.5493102669715881,0.45068976283073425,1.0404146909713745,0.9895958304405212,0.0,0.0
135.0,0.0,0.5134782791137695,0.48652175068855286,1.2356226444244385,0.9876437783241272,0.0,0.0,0.7963424324989319,0.2036575824022293,0.4627046585083008,0.9953728914260864,0.0,0.0
135.0,1.0,0.5892191529273987,0.4107808470726013,1.0523667335510254,0.9894763231277466,0.0,0.0,0.5041986703872681,0.4958013594150543,1.1695499420166016,0.9883045554161072,0.0,0.0
135.0,2.0,0.5687655210494995,0.4312345087528229,1.0751229524612427,0.9892489314079285,0.0,0.0,0.5830916166305542,0.4169084131717682,1.0817755460739136,0.98918217420578,0.0,0.0
135.0,3.0,0.6093071103096008,0.39069294929504395,0.9367601275444031,0.9906324148178101,0.0,0.0,0.41267144680023193,0.5873285531997681,1.6676684617996216,0.9833233952522278,0.0,0.0
135.0,4.0,0.5770106315612793,0.4229893386363983,1.0850200653076172,0.989149808883667,0.0,0.0,0.5493102073669434,0.45068979263305664,1.0404146909713745,0.9895958304405212,0.0,0.0
136.0,0.0,0.5134782195091248,0.48652175068855286,1.2356230020523071,0.9876437783241272,0.0,0.0,0.7963424324989319,0.2036575824022293,0.4627046585083008,0.9953729510307312,0.0,0.0
136.0,1.0,0.5892192125320435,0.41078075766563416,1.0523666143417358,0.9894763827323914,0.0,0.0,0.5041986703872681,0.4958013594150543,1.1695499420166016,0.9883045554161072,0.0,0.0
136.0,2.0,0.5687655806541443,0.4312344193458557,1.0751230716705322,0.9892487525939941,0.0,0.0,0.5830916166305542,0.4169084429740906,1.0817755460739136,0.98918217420578,0.0,0.0
136.0,3.0,0.6093071103096008,0.39069288969039917,0.9367601275444031,0.9906324148178101,0.0,0.0,0.4126715064048767,0.5873284935951233,1.6676684617996216,0.983323335647583,0.0,0.0
136.0,4.0,0.5770106315612793,0.4229893684387207,1.0850201845169067,0.9891497492790222,0.0,0.0,0.5493102669715881,0.45068976283073425,1.0404146909713745,0.9895958304405212,0.0,0.0
137.0,0.0,0.5134782791137695,0.48652175068855286,1.2356228828430176,0.9876437187194824,0.0,0.0,0.7963424324989319,0.2036575824022293,0.4627046585083008,0.9953728914260864,0.0,0.0
137.0,1.0,0.589219331741333,0.41078075766563416,1.0523667335510254,0.9894763231277466,0.0,0.0,0.5041986703872681,0.4958013594150543,1.1695499420166016,0.9883045554161072,0.0,0.0
137.0,2.0,0.5687655806541443,0.4312344193458557,1.0751229524612427,0.9892488121986389,0.0,0.0,0.5830916166305542,0.4169084131717682,1.0817755460739136,0.9891822934150696,0.0,0.0
137.0,3.0,0.6093071103096008,0.39069288969039917,0.9367602467536926,0.9906324148178101,0.0,0.0,0.4126715362071991,0.5873284935951233,1.6676684617996216,0.983323335647583,0.0,0.0
137.0,4.0,0.5770106315612793,0.4229893386363983,1.0850201845169067,0.9891497492790222,0.0,0.0,0.5493102073669434,0.45068976283073425,1.0404146909713745,0.9895958304405212,0.0,0.0
138.0,0.0,0.5134783387184143,0.48652172088623047,1.2356228828430176,0.9876437783241272,0.0,0.0,0.7963424324989319,0.2036575824022293,0.4627046585083008,0.9953729510307312,0.0,0.0
138.0,1.0,0.589219331741333,0.41078072786331177,1.0523664951324463,0.9894764423370361,0.0,0.0,0.5041986703872681,0.4958013892173767,1.1695499420166016,0.9883044958114624,0.0,0.0
138.0,2.0,0.5687655210494995,0.4312344193458557,1.0751230716705322,0.9892486929893494,0.0,0.0,0.5830916166305542,0.4169084131717682,1.0817755460739136,0.9891822934150696,0.0,0.0
138.0,3.0,0.609307050704956,0.39069288969039917,0.9367600679397583,0.9906324148178101,0.0,0.0,0.4126715064048767,0.5873284935951233,1.6676682233810425,0.9833232164382935,0.0,0.0
138.0,4.0,0.5770107507705688,0.42298924922943115,1.0850201845169067,0.989149808883667,0.0,0.0,0.5493102073669434,0.45068979263305664,1.0404146909713745,0.9895958304405212,0.0,0.0
139.0,0.0,0.5134782195091248,0.48652175068855286,1.2356228828430176,0.9876437783241272,0.0,0.0,0.7963424324989319,0.2036575824022293,0.4627046585083008,0.9953729510307312,0.0,0.0
139.0,1.0,0.589219331741333,0.41078072786331177,1.0523667335510254,0.9894762635231018,0.0,0.0,0.5041986107826233,0.4958013892173767,1.1695499420166016,0.9883045554161072,0.0,0.0
139.0,2.0,0.5687655210494995,0.43123453855514526,1.0751230716705322,0.9892486929893494,0.0,0.0,0.5830915570259094,0.4169084131717682,1.0817755460739136,0.9891822934150696,0.0,0.0
139.0,3.0,0.609307050704956,0.3906928598880768,0.9367603063583374,0.9906322956085205,0.0,0.0,0.4126715064048767,0.5873284935951233,1.6676682233810425,0.983323335647583,0.0,0.0
139.0,4.0,0.5770106315612793,0.4229893386363983,1.0850201845169067,0.989149808883667,0.0,0.0,0.5493102073669434,0.45068976283073425,1.0404146909713745,0.9895958304405212,0.0,0.0
140.0,0.0,0.5134782195091248,0.48652172088623047,1.2356228828430176,0.987643837928772,0.0,0.0,0.7963423728942871,0.2036575973033905,0.4627046585083008,0.9953728914260864,0.0,0.0
140.0,1.0,0.5892192125320435,0.41078078746795654,1.0523667335510254,0.9894762635231018,0.0,0.0,0.5041986107826233,0.4958013892173767,1.169549822807312,0.9883044958114624,0.0,0.0
140.0,2.0,0.5687655210494995,0.43123453855514526,1.0751230716705322,0.9892486929893494,0.0,0.0,0.5830916166305542,0.4169084131717682,1.0817755460739136,0.9891822934150696,0.0,0.0
140.0,3.0,0.6093071103096008,0.39069294929504395,0.9367603063583374,0.9906322956085205,0.0,0.0,0.4126715064048767,0.5873284935951233,1.6676682233810425,0.983323335647583,0.0,0.0
140.0,4.0,0.5770106911659241,0.4229893386363983,1.0850201845169067,0.9891497492790222,0.0,0.0,0.5493102669715881,0.45068976283073425,1.0404146909713745,0.9895958304405212,0.0,0.0
141.0,0.0,0.5134782791137695,0.48652172088623047,1.2356228828430176,0.9876437783241272,0.0,0.0,0.7963424324989319,0.2036575824022293,0.4627046585083008,0.9953728914260864,0.0,0.0
141.0,1.0,0.5892192125320435,0.41078072786331177,1.0523667335510254,0.9894763827323914,0.0,0.0,0.5041986703872681,0.4958013892173767,1.169549822807312,0.9883045554161072,0.0,0.0
141.0,2.0,0.5687655210494995,0.4312345087528229,1.0751230716705322,0.9892487525939941,0.0,0.0,0.5830915570259094,0.4169084131717682,1.0817755460739136,0.9891822934150696,0.0,0.0
141.0,3.0,0.6093071103096008,0.39069294929504395,0.9367600679397583,0.9906325340270996,0.0,0.0,0.41267144680023193,0.5873284935951233,1.6676684617996216,0.9833233952522278,0.0,0.0
141.0,4.0,0.5770106315612793,0.4229893088340759,1.0850200653076172,0.9891498684883118,0.0,0.0,0.5493102073669434,0.45068976283073425,1.0404146909713745,0.9895958304405212,0.0,0.0
142.0,0.0,0.5134782195091248,0.48652178049087524,1.2356226444244385,0.987643837928772,0.0,0.0,0.7963424324989319,0.2036575824022293,0.4627046585083008,0.9953729510307312,0.0,0.0
142.0,1.0,0.5892192125320435,0.41078072786331177,1.0523666143417358,0.9894763231277466,0.0,0.0,0.5041986703872681,0.4958013892173767,1.169549822807312,0.9883045554161072,0.0,0.0
142.0,2.0,0.5687655210494995,0.43123453855514526,1.0751229524612427,0.9892488121986389,0.0,0.0,0.5830916166305542,0.4169084429740906,1.0817755460739136,0.9891822934150696,0.0,0.0
142.0,3.0,0.6093071699142456,0.39069294929504395,0.9367602467536926,0.9906323552131653,0.0,0.0,0.4126715064048767,0.5873284935951233,1.6676684617996216,0.983323335647583,0.0,0.0
142.0,4.0,0.5770106315612793,0.4229893684387207,1.0850201845169067,0.989149808883667,0.0,0.0,0.5493102669715881,0.45068976283073425,1.0404146909713745,0.9895957708358765,0.0,0.0
143.0,0.0,0.5134782195091248,0.48652172088623047,1.2356228828430176,0.9876437187194824,0.0,0.0,0.7963424324989319,0.2036575824022293,0.4627046585083008,0.9953728914260864,0.0,0.0
143.0,1.0,0.5892192721366882,0.41078075766563416,1.0523667335510254,0.9894763231277466,0.0,0.0,0.5041986703872681,0.4958013892173767,1.169549822807312,0.9883044958114624,0.0,0.0
143.0,2.0,0.5687655210494995,0.4312344789505005,1.0751230716705322,0.9892488121986389,0.0,0.0,0.5830915570259094,0.4169084131717682,1.0817755460739136,0.98918217420578,0.0,0.0
143.0,3.0,0.6093071103096008,0.39069294929504395,0.9367602467536926,0.9906324148178101,0.0,0.0,0.41267144680023193,0.5873284935951233,1.6676682233810425,0.983323335647583,0.0,0.0
143.0,4.0,0.5770107507705688,0.4229893088340759,1.0850201845169067,0.989149808883667,0.0,0.0,0.5493102073669434,0.45068976283073425,1.0404146909713745,0.9895957708358765,0.0,0.0
144.0,0.0,0.5134782791137695,0.48652172088623047,1.2356228828430176,0.9876437783241272,0.0,0.0,0.7963423728942871,0.2036575973033905,0.4627046585083008,0.9953729510307312,0.0,0.0
144.0,1.0,0.5892192721366882,0.41078072786331177,1.0523667335510254,0.9894762635231018,0.0,0.0,0.5041986107826233,0.4958013892173767,1.169549822807312,0.9883045554161072,0.0,0.0
144.0,2.0,0.5687655806541443,0.43123453855514526,1.0751229524612427,0.9892486929893494,0.0,0.0,0.5830916166305542,0.4169084131717682,1.0817755460739136,0.9891822934150696,0.0,0.0
144.0,3.0,0.6093071103096008,0.3906928598880768,0.9367601275444031,0.9906323552131653,0.0,0.0,0.41267144680023193,0.5873284935951233,1.6676682233810425,0.983323335647583,0.0,0.0
144.0,4.0,0.5770106911659241,0.42298927903175354,1.0850200653076172,0.989149808883667,0.0,0.0,0.5493102073669434,0.45068979263305664,1.0404146909713745,0.9895958304405212,0.0,0.0
145.0,0.0,0.5134782195091248,0.48652178049087524,1.2356228828430176,0.9876437783241272,0.0,0.0,0.7963424324989319,0.2036575824022293,0.4627046585083008,0.9953728914260864,0.0,0.0
145.0,1.0,0.5892192125320435,0.41078075766563416,1.0523666143417358,0.9894763827323914,0.0,0.0,0.5041986107826233,0.4958014190196991,1.169549822807312,0.9883044958114624,0.0,0.0
145.0,2.0,0.5687655210494995,0.4312344789505005,1.0751229524612427,0.9892488121986389,0.0,0.0,0.5830916166305542,0.4169084429740906,1.0817755460739136,0.98918217420578,0.0,0.0
145.0,3.0,0.6093071103096008,0.39069294929504395,0.9367602467536926,0.9906323552131653,0.0,0.0,0.4126715064048767,0.5873284935951233,1.6676682233810425,0.983323335647583,0.0,0.0
145.0,4.0,0.5770106911659241,0.4229893088340759,1.0850200653076172,0.989149808883667,0.0,0.0,0.5493102073669434,0.45068976283073425,1.0404146909713745,0.9895958304405212,0.0,0.0
146.0,0.0,0.5134782195091248,0.48652172088623047,1.2356230020523071,0.9876437783241272,0.0,0.0,0.7963424324989319,0.2036575824022293,0.4627046585083008,0.9953728914260864,0.0,0.0
146.0,1.0,0.5892192125320435,0.41078075766563416,1.0523664951324463,0.9894763827323914,0.0,0.0,0.5041986703872681,0.4958013594150543,1.1695499420166016,0.9883044958114624,0.0,0.0
146.0,2.0,0.5687654614448547,0.43123453855514526,1.0751229524612427,0.9892488121986389,0.0,0.0,0.5830916166305542,0.4169084131717682,1.0817755460739136,0.9891822934150696,0.0,0.0
146.0,3.0,0.6093071103096008,0.39069288969039917,0.9367601275444031,0.9906325340270996,0.0,0.0,0.4126715064048767,0.5873285531997681,1.6676684617996216,0.9833233952522278,0.0,0.0
146.0,4.0,0.5770107507705688,0.42298927903175354,1.0850200653076172,0.989149808883667,0.0,0.0,0.5493102073669434,0.45068976283073425,1.0404146909713745,0.9895958304405212,0.0,0.0
147.0,0.0,0.5134782195091248,0.48652175068855286,1.2356228828430176,0.9876437783241272,0.0,0.0,0.7963424324989319,0.2036575824022293,0.4627046585083008,0.9953729510307312,0.0,0.0
147.0,1.0,0.5892192721366882,0.41078072786331177,1.0523667335510254,0.9894763231277466,0.0,0.0,0.5041986703872681,0.4958013892173767,1.1695499420166016,0.9883044958114624,0.0,0.0
147.0,2.0,0.5687655210494995,0.4312344789505005,1.0751228332519531,0.9892488121986389,0.0,0.0,0.5830916166305542,0.4169084429740906,1.0817755460739136,0.9891822934150696,0.0,0.0
147.0,3.0,0.6093071103096008,0.39069288969039917,0.9367602467536926,0.9906323552131653,0.0,0.0,0.4126715362071991,0.5873284935951233,1.6676682233810425,0.983323335647583,0.0,0.0
147.0,4.0,0.5770107507705688,0.4229893386363983,1.0850200653076172,0.989149808883667,0.0,0.0,0.5493102669715881,0.45068976283073425,1.0404146909713745,0.9895958304405212,0.0,0.0
148.0,0.0,0.5134783387184143,0.48652172088623047,1.2356228828430176,0.9876437187194824,0.0,0.0,0.7963424324989319,0.2036575824022293,0.4627046585083008,0.9953729510307312,0.0,0.0
148.0,1.0,0.5892192721366882,0.41078072786331177,1.0523667335510254,0.9894763231277466,0.0,0.0,0.5041986703872681,0.4958013892173767,1.1695499420166016,0.988304615020752,0.0,0.0
148.0,2.0,0.5687655210494995,0.4312344789505005,1.0751229524612427,0.9892487525939941,0.0,0.0,0.5830916166305542,0.4169084131717682,1.0817755460739136,0.9891822934150696,0.0,0.0
148.0,3.0,0.6093071699142456,0.39069294929504395,0.9367603063583374,0.9906322956085205,0.0,0.0,0.4126715064048767,0.5873284935951233,1.6676684617996216,0.983323335647583,0.0,0.0
148.0,4.0,0.5770106315612793,0.4229893088340759,1.0850201845169067,0.9891496896743774,0.0,0.0,0.5493102073669434,0.45068979263305664,1.0404146909713745,0.9895958304405212,0.0,0.0
149.0,0.0,0.5134783387184143,0.4865216910839081,1.2356226444244385,0.987643837928772,0.0,0.0,0.7963423728942871,0.2036575973033905,0.4627046585083008,0.9953728914260864,0.0,0.0
149.0,1.0,0.5892192721366882,0.4107806980609894,1.0523667335510254,0.9894763231277466,0.0,0.0,0.5041986703872681,0.4958013892173767,1.169549822807312,0.9883045554161072,0.0,0.0
149.0,2.0,0.5687655210494995,0.4312345087528229,1.0751230716705322,0.9892487525939941,0.0,0.0,0.5830916166305542,0.4169084429740906,1.0817755460739136,0.9891822934150696,0.0,0.0
149.0,3.0,0.6093071699142456,0.39069294929504395,0.9367602467536926,0.9906324148178101,0.0,0.0,0.4126715064048767,0.5873284935951233,1.6676684617996216,0.983323335647583,0.0,0.0
149.0,4.0,0.5770107507705688,0.42298927903175354,1.0850200653076172,0.9891497492790222,0.0,0.0,0.5493102669715881,0.45068979263305664,1.0404146909713745,0.9895958304405212,0.0,0.0
150.0,0.0,0.5134783387184143,0.48652175068855286,1.2356228828430176,0.987643837928772,0.0,0.0,0.7963424324989319,0.2036575824022293,0.4627046585083008,0.9953728914260864,0.0,0.0
150.0,1.0,0.5892192721366882,0.41078078746795654,1.0523667335510254,0.9894762635231018,0.0,0.0,0.5041986703872681,0.4958013594150543,1.169549822807312,0.9883044958114624,0.0,0.0
150.0,2.0,0.5687655210494995,0.4312345087528229,1.0751230716705322,0.9892486929893494,0.0,0.0,0.5830916166305542,0.4169084131717682,1.0817755460739136,0.9891822934150696,0.0,0.0
150.0,3.0,0.609307050704956,0.39069288969039917,0.9367601275444031,0.9906323552131653,0.0,0.0,0.4126715064048767,0.5873285531997681,1.6676684617996216,0.983323335647583,0.0,0.0
150.0,4.0,0.5770107507705688,0.4229893386363983,1.0850200653076172,0.989149808883667,0.0,0.0,0.5493102073669434,0.45068979263305664,1.0404146909713745,0.9895958304405212,0.0,0.0
151.0,0.0,0.5134782791137695,0.48652175068855286,1.2356228828430176,0.9876437783241272,0.0,0.0,0.7963424324989319,0.2036575824022293,0.4627046585083008,0.9953729510307312,0.0,0.0
151.0,1.0,0.5892192721366882,0.41078072786331177,1.0523667335510254,0.9894763827323914,0.0,0.0,0.5041986703872681,0.4958013594150543,1.1695499420166016,0.9883045554161072,0.0,0.0
151.0,2.0,0.5687655210494995,0.4312345087528229,1.0751230716705322,0.9892488121986389,0.0,0.0,0.5830916166305542,0.4169084131717682,1.0817755460739136,0.98918217420578,0.0,0.0
151.0,3.0,0.609307050704956,0.39069288969039917,0.9367602467536926,0.9906324148178101,0.0,0.0,0.4126715064048767,0.5873284935951233,1.6676684617996216,0.9833233952522278,0.0,0.0
151.0,4.0,0.5770107507705688,0.4229893386363983,1.0850201845169067,0.9891497492790222,0.0,0.0,0.5493102073669434,0.45068976283073425,1.0404146909713745,0.9895958304405212,0.0,0.0
152.0,0.0,0.5134782791137695,0.48652172088623047,1.2356228828430176,0.9876437783241272,0.0,0.0,0.7963424324989319,0.2036575824022293,0.4627046585083008,0.9953728914260864,0.0,0.0
152.0,1.0,0.5892192721366882,0.41078072786331177,1.0523667335510254,0.9894763231277466,0.0,0.0,0.5041986703872681,0.4958013594150543,1.169549822807312,0.9883045554161072,0.0,0.0
152.0,2.0,0.5687655210494995,0.4312345087528229,1.0751229524612427,0.9892487525939941,0.0,0.0,0.5830916166305542,0.4169084429740906,1.0817755460739136,0.9891822934150696,0.0,0.0
152.0,3.0,0.6093071103096008,0.39069288969039917,0.9367602467536926,0.9906323552131653,0.0,0.0,0.4126715064048767,0.5873284935951233,1.6676682233810425,0.983323335647583,0.0,0.0
152.0,4.0,0.5770107507705688,0.42298924922943115,1.0850199460983276,0.9891499876976013,0.0,0.0,0.5493102669715881,0.45068976283073425,1.0404146909713745,0.9895958304405212,0.0,0.0
153.0,0.0,0.5134782791137695,0.48652172088623047,1.2356228828430176,0.987643837928772,0.0,0.0,0.7963424324989319,0.2036575973033905,0.4627046585083008,0.9953729510307312,0.0,0.0
153.0,1.0,0.5892192125320435,0.41078075766563416,1.0523667335510254,0.9894763231277466,0.0,0.0,0.5041986703872681,0.4958013594150543,1.1695499420166016,0.9883044958114624,0.0,0.0
153.0,2.0,0.5687655210494995,0.4312345087528229,1.0751229524612427,0.9892487525939941,0.0,0.0,0.5830915570259094,0.4169084429740906,1.0817755460739136,0.9891822934150696,0.0,0.0
153.0,3.0,0.609307050704956,0.39069288969039917,0.9367602467536926,0.9906322956085205,0.0,0.0,0.41267144680023193,0.5873284935951233,1.6676682233810425,0.983323335647583,0.0,0.0
153.0,4.0,0.5770107507705688,0.4229893088340759,1.0850201845169067,0.989149808883667,0.0,0.0,0.5493102073669434,0.45068976283073425,1.0404146909713745,0.9895958304405212,0.0,0.0
154.0,0.0,0.5134782195091248,0.48652175068855286,1.2356228828430176,0.9876438975334167,0.0,0.0,0.7963423728942871,0.2036575973033905,0.4627046585083008,0.9953729510307312,0.0,0.0
154.0,1.0,0.5892192721366882,0.41078078746795654,1.0523667335510254,0.9894762635231018,0.0,0.0,0.5041986703872681,0.4958013594150543,1.1695499420166016,0.9883045554161072,0.0,0.0
154.0,2.0,0.5687655210494995,0.4312344789505005,1.0751229524612427,0.9892486929893494,0.0,0.0,0.5830916166305542,0.4169084131717682,1.0817755460739136,0.9891822934150696,0.0,0.0
154.0,3.0,0.6093071103096008,0.39069288969039917,0.9367601275444031,0.9906324148178101,0.0,0.0,0.4126715064048767,0.5873284935951233,1.6676684617996216,0.983323335647583,0.0,0.0
154.0,4.0,0.5770107507705688,0.4229893088340759,1.0850201845169067,0.9891497492790222,0.0,0.0,0.5493102669715881,0.45068976283073425,1.0404146909713745,0.9895958304405212,0.0,0.0
155.0,0.0,0.5134782791137695,0.48652172088623047,1.2356228828430176,0.987643837928772,0.0,0.0,0.7963424324989319,0.2036575824022293,0.4627046585083008,0.9953728914260864,0.0,0.0
155.0,1.0,0.589219331741333,0.41078072786331177,1.0523667335510254,0.9894763231277466,0.0,0.0,0.5041986703872681,0.4958013594150543,1.169549822807312,0.9883045554161072,0.0,0.0
155.0,2.0,0.5687655210494995,0.4312344789505005,1.0751229524612427,0.9892487525939941,0.0,0.0,0.5830916166305542,0.4169084131717682,1.0817755460739136,0.98918217420578,0.0,0.0
155.0,3.0,0.6093071103096008,0.39069294929504395,0.9367602467536926,0.9906324148178101,0.0,0.0,0.4126715064048767,0.5873284935951233,1.6676682233810425,0.983323335647583,0.0,0.0
155.0,4.0,0.5770106911659241,0.4229893088340759,1.0850200653076172,0.9891499876976013,0.0,0.0,0.5493102073669434,0.45068976283073425,1.0404146909713745,0.9895958304405212,0.0,0.0
156.0,0.0,0.5134782195091248,0.48652178049087524,1.2356226444244385,0.987643837928772,0.0,0.0,0.7963424324989319,0.2036575973033905,0.4627046585083008,0.9953728914260864,0.0,0.0
156.0,1.0,0.5892192721366882,0.41078075766563416,1.0523667335510254,0.9894763827323914,0.0,0.0,0.5041986703872681,0.4958013594150543,1.1695499420166016,0.9883044958114624,0.0,0.0
156.0,2.0,0.5687655210494995,0.4312345087528229,1.0751229524612427,0.9892488121986389,0.0,0.0,0.5830916166305542,0.4169084429740906,1.0817755460739136,0.9891822934150696,0.0,0.0
156.0,3.0,0.6093071103096008,0.39069294929504395,0.9367601275444031,0.9906324148178101,0.0,0.0,0.4126715064048767,0.5873284935951233,1.6676682233810425,0.983323335647583,0.0,0.0
156.0,4.0,0.5770106911659241,0.42298927903175354,1.0850200653076172,0.9891498684883118,0.0,0.0,0.5493102073669434,0.45068976283073425,1.0404146909713745,0.9895958304405212,0.0,0.0
157.0,0.0,0.5134782791137695,0.48652172088623047,1.2356228828430176,0.9876437187194824,0.0,0.0,0.7963424324989319,0.2036575824022293,0.4627046585083008,0.9953728914260864,0.0,0.0
157.0,1.0,0.5892192721366882,0.4107806980609894,1.0523667335510254,0.9894763231277466,0.0,0.0,0.5041986703872681,0.4958013892173767,1.1695499420166016,0.9883045554161072,0.0,0.0
157.0,2.0,0.5687655210494995,0.4312345087528229,1.0751229524612427,0.9892486929893494,0.0,0.0,0.583091676235199,0.4169084131717682,1.0817755460739136,0.98918217420578,0.0,0.0
157.0,3.0,0.6093071103096008,0.39069294929504395,0.9367601275444031,0.9906323552131653,0.0,0.0,0.4126715064048767,0.5873284935951233,1.6676684617996216,0.983323335647583,0.0,0.0
157.0,4.0,0.5770106315612793,0.4229893088340759,1.0850201845169067,0.9891497492790222,0.0,0.0,0.5493102073669434,0.45068976283073425,1.0404146909713745,0.9895958304405212,0.0,0.0
158.0,0.0,0.5134782195091248,0.48652172088623047,1.2356228828430176,0.9876437783241272,0.0,0.0,0.7963424324989319,0.2036575824022293,0.4627046585083008,0.9953729510307312,0.0,0.0
158.0,1.0,0.589219331741333,0.41078072786331177,1.0523667335510254,0.9894763231277466,0.0,0.0,0.5041986703872681,0.4958013594150543,1.169549822807312,0.9883045554161072,0.0,0.0
158.0,2.0,0.5687655210494995,0.4312345087528229,1.0751229524612427,0.9892487525939941,0.0,0.0,0.5830916166305542,0.4169084429740906,1.0817755460739136,0.9891822934150696,0.0,0.0
158.0,3.0,0.609307050704956,0.39069294929504395,0.9367602467536926,0.9906323552131653,0.0,0.0,0.4126715064048767,0.5873285531997681,1.6676684617996216,0.983323335647583,0.0,0.0
158.0,4.0,0.5770106911659241,0.4229893386363983,1.0850200653076172,0.989149808883667,0.0,0.0,0.5493102669715881,0.45068976283073425,1.0404146909713745,0.9895958304405212,0.0,0.0
159.0,0.0,0.5134782791137695,0.4865216910839081,1.2356228828430176,0.9876437783241272,0.0,0.0,0.7963424324989319,0.2036575824022293,0.4627046585083008,0.9953728914260864,0.0,0.0
159.0,1.0,0.5892192125320435,0.41078075766563416,1.0523666143417358,0.9894763827323914,0.0,0.0,0.5041986107826233,0.4958013892173767,1.169549822807312,0.9883045554161072,0.0,0.0
159.0,2.0,0.5687655806541443,0.4312344789505005,1.0751229524612427,0.9892489314079285,0.0,0.0,0.5830916166305542,0.4169084131717682,1.0817755460739136,0.9891822934150696,0.0,0.0
159.0,3.0,0.6093071103096008,0.39069288969039917,0.9367601275444031,0.9906324148178101,0.0,0.0,0.4126715064048767,0.5873284935951233,1.6676684617996216,0.9833232164382935,0.0,0.0
159.0,4.0,0.5770107507705688,0.42298927903175354,1.0850201845169067,0.989149808883667,0.0,0.0,0.5493102073669434,0.45068976283073425,1.0404146909713745,0.9895958304405212,0.0,0.0
160.0,0.0,0.5134782195091248,0.48652175068855286,1.2356228828430176,0.9876437783241272,0.0,0.0,0.7963424324989319,0.2036575824022293,0.4627046585083008,0.9953728914260864,0.0,0.0
160.0,1.0,0.5892192721366882,0.41078078746795654,1.0523667335510254,0.9894763231277466,0.0,0.0,0.5041986107826233,0.4958013594150543,1.1695499420166016,0.9883044958114624,0.0,0.0
160.0,2.0,0.5687654614448547,0.4312345087528229,1.0751229524612427,0.9892488121986389,0.0,0.0,0.5830916166305542,0.4169084131717682,1.0817755460739136,0.9891822934150696,0.0,0.0
160.0,3.0,0.6093071103096008,0.39069288969039917,0.9367601275444031,0.9906324148178101,0.0,0.0,0.4126715064048767,0.5873284935951233,1.6676682233810425,0.9833232164382935,0.0,0.0
160.0,4.0,0.5770106911659241,0.42298927903175354,1.0850201845169067,0.9891497492790222,0.0,0.0,0.5493102073669434,0.45068976283073425,1.0404146909713745,0.9895958304405212,0.0,0.0
161.0,0.0,0.5134782195091248,0.48652175068855286,1.2356228828430176,0.987643837928772,0.0,0.0,0.7963424324989319,0.2036575824022293,0.4627046585083008,0.9953728914260864,0.0,0.0
161.0,1.0,0.589219331741333,0.41078072786331177,1.0523667335510254,0.9894763827323914,0.0,0.0,0.5041986703872681,0.4958013594150543,1.169549822807312,0.988304615020752,0.0,0.0
161.0,2.0,0.5687655806541443,0.4312344789505005,1.0751230716705322,0.9892486929893494,0.0,0.0,0.5830915570259094,0.4169084131717682,1.0817755460739136,0.9891822934150696,0.0,0.0
161.0,3.0,0.609307050704956,0.39069294929504395,0.9367602467536926,0.9906323552131653,0.0,0.0,0.4126715362071991,0.5873284935951233,1.6676682233810425,0.983323335647583,0.0,0.0
161.0,4.0,0.5770106911659241,0.4229893684387207,1.0850200653076172,0.989149808883667,0.0,0.0,0.5493102073669434,0.45068976283073425,1.0404146909713745,0.9895958304405212,0.0,0.0
162.0,0.0,0.5134782195091248,0.48652178049087524,1.2356228828430176,0.9876437783241272,0.0,0.0,0.7963424324989319,0.2036575973033905,0.4627046585083008,0.9953729510307312,0.0,0.0
162.0,1.0,0.5892192125320435,0.41078075766563416,1.0523667335510254,0.9894763231277466,0.0,0.0,0.5041986107826233,0.4958013892173767,1.169549822807312,0.9883045554161072,0.0,0.0
162.0,2.0,0.5687655806541443,0.4312344789505005,1.0751230716705322,0.9892487525939941,0.0,0.0,0.5830916166305542,0.4169084131717682,1.0817755460739136,0.9891822934150696,0.0,0.0
162.0,3.0,0.6093071103096008,0.39069288969039917,0.9367601275444031,0.9906324148178101,0.0,0.0,0.4126715064048767,0.5873284935951233,1.6676682233810425,0.983323335647583,0.0,0.0
162.0,4.0,0.5770107507705688,0.4229893684387207,1.0850200653076172,0.9891498684883118,0.0,0.0,0.5493102073669434,0.45068976283073425,1.0404146909713745,0.9895958304405212,0.0,0.0
163.0,0.0,0.5134782195091248,0.48652175068855286,1.2356228828430176,0.9876437187194824,0.0,0.0,0.7963424324989319,0.2036575824022293,0.4627046585083008,0.9953728914260864,0.0,0.0
163.0,1.0,0.589219331741333,0.41078072786331177,1.0523667335510254,0.9894763231277466,0.0,0.0,0.5041986107826233,0.4958013892173767,1.169549822807312,0.9883045554161072,0.0,0.0
163.0,2.0,0.5687655210494995,0.4312345087528229,1.0751229524612427,0.9892487525939941,0.0,0.0,0.5830916166305542,0.4169084429740906,1.0817755460739136,0.9891822934150696,0.0,0.0
163.0,3.0,0.6093071103096008,0.39069288969039917,0.9367602467536926,0.9906324148178101,0.0,0.0,0.41267144680023193,0.5873284935951233,1.6676684617996216,0.9833233952522278,0.0,0.0
163.0,4.0,0.5770106911659241,0.4229893684387207,1.0850201845169067,0.989149808883667,0.0,0.0,0.5493102073669434,0.45068976283073425,1.0404146909713745,0.9895957708358765,0.0,0.0
164.0,0.0,0.5134782195091248,0.48652172088623047,1.2356228828430176,0.987643837928772,0.0,0.0,0.7963423728942871,0.2036575973033905,0.4627046585083008,0.9953728914260864,0.0,0.0
164.0,1.0,0.589219331741333,0.41078072786331177,1.0523667335510254,0.9894763827323914,0.0,0.0,0.5041986107826233,0.4958013892173767,1.169549822807312,0.9883044958114624,0.0,0.0
164.0,2.0,0.5687654614448547,0.4312345087528229,1.0751229524612427,0.9892487525939941,0.0,0.0,0.5830916166305542,0.4169084429740906,1.0817755460739136,0.9891822934150696,0.0,0.0
164.0,3.0,0.6093071103096008,0.39069294929504395,0.9367603063583374,0.9906323552131653,0.0,0.0,0.4126715064048767,0.5873284935951233,1.6676684617996216,0.983323335647583,0.0,0.0
164.0,4.0,0.5770106315612793,0.42298927903175354,1.0850200653076172,0.9891498684883118,0.0,0.0,0.5493102073669434,0.45068976283073425,1.0404146909713745,0.9895957708358765,0.0,0.0
165.0,0.0,0.5134782791137695,0.48652175068855286,1.2356228828430176,0.9876438975334167,0.0,0.0,0.7963423728942871,0.2036575824022293,0.4627046585083008,0.9953728914260864,0.0,0.0
165.0,1.0,0.5892192721366882,0.41078075766563416,1.0523667335510254,0.9894763231277466,0.0,0.0,0.5041986107826233,0.4958014190196991,1.169549822807312,0.9883044958114624,0.0,0.0
165.0,2.0,0.5687655210494995,0.43123453855514526,1.0751229524612427,0.9892488121986389,0.0,0.0,0.5830916166305542,0.4169084131717682,1.0817755460739136,0.9891822934150696,0.0,0.0
165.0,3.0,0.6093071103096008,0.3906928598880768,0.9367602467536926,0.9906324148178101,0.0,0.0,0.41267144680023193,0.5873284935951233,1.6676682233810425,0.983323335647583,0.0,0.0
165.0,4.0,0.5770107507705688,0.4229893088340759,1.0850201845169067,0.989149808883667,0.0,0.0,0.5493102669715881,0.45068976283073425,1.0404146909713745,0.9895958304405212,0.0,0.0
166.0,0.0,0.5134783387184143,0.48652172088623047,1.2356228828430176,0.9876437187194824,0.0,0.0,0.7963424324989319,0.2036575973033905,0.4627046585083008,0.9953728914260864,0.0,0.0
166.0,1.0,0.589219331741333,0.41078072786331177,1.0523667335510254,0.9894762635231018,0.0,0.0,0.5041986703872681,0.4958013594150543,1.1695499420166016,0.9883045554161072,0.0,0.0
166.0,2.0,0.5687654614448547,0.43123453855514526,1.0751229524612427,0.9892488121986389,0.0,0.0,0.5830916166305542,0.4169084131717682,1.0817755460739136,0.98918217420578,0.0,0.0
166.0,3.0,0.6093071103096008,0.3906928300857544,0.9367601275444031,0.9906323552131653,0.0,0.0,0.4126715064048767,0.5873284935951233,1.6676682233810425,0.983323335647583,0.0,0.0
166.0,4.0,0.5770106315612793,0.4229893386363983,1.0850200653076172,0.9891498684883118,0.0,0.0,0.5493102073669434,0.45068976283073425,1.0404146909713745,0.9895958304405212,0.0,0.0
167.0,0.0,0.5134783387184143,0.48652172088623047,1.2356228828430176,0.987643837928772,0.0,0.0,0.7963424324989319,0.2036575824022293,0.4627046585083008,0.9953729510307312,0.0,0.0
167.0,1.0,0.589219331741333,0.41078072786331177,1.0523667335510254,0.9894763231277466,0.0,0.0,0.5041986703872681,0.4958013594150543,1.1695499420166016,0.9883044958114624,0.0,0.0
167.0,2.0,0.5687655210494995,0.4312344789505005,1.0751230716705322,0.9892487525939941,0.0,0.0,0.5830916166305542,0.4169084429740906,1.0817755460739136,0.9891822934150696,0.0,0.0
167.0,3.0,0.6093071103096008,0.3906928598880768,0.9367602467536926,0.9906323552131653,0.0,0.0,0.4126715362071991,0.5873284935951233,1.6676684617996216,0.9833232164382935,0.0,0.0
167.0,4.0,0.5770106911659241,0.4229893088340759,1.0850201845169067,0.989149808883667,0.0,0.0,0.5493102073669434,0.45068979263305664,1.0404146909713745,0.9895959496498108,0.0,0.0
168.0,0.0,0.5134783387184143,0.4865216910839081,1.2356230020523071,0.987643837928772,0.0,0.0,0.7963424324989319,0.2036575973033905,0.4627046585083008,0.9953729510307312,0.0,0.0
168.0,1.0,0.589219331741333,0.4107806980609894,1.0523666143417358,0.9894763231277466,0.0,0.0,0.5041986703872681,0.4958013594150543,1.1695499420166016,0.9883044958114624,0.0,0.0
168.0,2.0,0.5687655210494995,0.4312344789505005,1.0751229524612427,0.9892487525939941,0.0,0.0,0.5830916166305542,0.4169084131717682,1.0817755460739136,0.9891822934150696,0.0,0.0
168.0,3.0,0.6093071103096008,0.39069288969039917,0.9367602467536926,0.9906323552131653,0.0,0.0,0.4126715064048767,0.5873285531997681,1.6676684617996216,0.983323335647583,0.0,0.0
168.0,4.0,0.5770106315612793,0.4229893684387207,1.0850201845169067,0.9891497492790222,0.0,0.0,0.5493102073669434,0.45068976283073425,1.0404146909713745,0.9895959496498108,0.0,0.0
169.0,0.0,0.5134782195091248,0.4865216910839081,1.2356228828430176,0.9876437187194824,0.0,0.0,0.7963423728942871,0.2036575973033905,0.4627046585083008,0.9953728914260864,0.0,0.0
169.0,1.0,0.5892192125320435,0.41078075766563416,1.0523667335510254,0.9894762635231018,0.0,0.0,0.5041986107826233,0.4958013594150543,1.169549822807312,0.9883044958114624,0.0,0.0
169.0,2.0,0.5687654614448547,0.4312345087528229,1.0751229524612427,0.9892488121986389,0.0,0.0,0.5830916166305542,0.4169084131717682,1.0817755460739136,0.9891822934150696,0.0,0.0
169.0,3.0,0.609307050704956,0.3906928598880768,0.9367601275444031,0.9906324148178101,0.0,0.0,0.4126715064048767,0.5873285531997681,1.6676684617996216,0.983323335647583,0.0,0.0
169.0,4.0,0.5770107507705688,0.4229893088340759,1.0850200653076172,0.989149808883667,0.0,0.0,0.5493102073669434,0.45068976283073425,1.0404146909713745,0.9895958304405212,0.0,0.0
170.0,0.0,0.5134782195091248,0.48652175068855286,1.2356230020523071,0.9876437187194824,0.0,0.0,0.7963424324989319,0.2036575824022293,0.4627046585083008,0.9953729510307312,0.0,0.0
170.0,1.0,0.5892192125320435,0.41078072786331177,1.0523667335510254,0.9894763231277466,0.0,0.0,0.5041986107826233,0.4958013594150543,1.1695499420166016,0.9883044958114624,0.0,0.0
170.0,2.0,0.5687655210494995,0.43123453855514526,1.0751230716705322,0.9892486929893494,0.0,0.0,0.5830916166305542,0.4169084429740906,1.0817755460739136,0.9891822934150696,0.0,0.0
170.0,3.0,0.609307050704956,0.39069294929504395,0.9367602467536926,0.9906323552131653,0.0,0.0,0.4126715362071991,0.5873284935951233,1.6676684617996216,0.9833232164382935,0.0,0.0
170.0,4.0,0.5770107507705688,0.4229893088340759,1.0850201845169067,0.989149808883667,0.0,0.0,0.5493102669715881,0.45068976283073425,1.0404146909713745,0.9895958304405212,0.0,0.0
171.0,0.0,0.5134783387184143,0.4865216910839081,1.2356228828430176,0.9876437783241272,0.0,0.0,0.7963424324989319,0.2036575973033905,0.4627046585083008,0.9953728914260864,0.0,0.0
171.0,1.0,0.5892192721366882,0.41078072786331177,1.0523666143417358,0.9894763231277466,0.0,0.0,0.5041986703872681,0.4958013594150543,1.169549822807312,0.9883045554161072,0.0,0.0
171.0,2.0,0.56876540184021,0.4312344789505005,1.0751230716705322,0.9892486929893494,0.0,0.0,0.5830916166305542,0.4169084131717682,1.0817755460739136,0.9891822934150696,0.0,0.0
171.0,3.0,0.609307050704956,0.39069288969039917,0.9367602467536926,0.9906324148178101,0.0,0.0,0.4126715064048767,0.5873284935951233,1.6676682233810425,0.983323335647583,0.0,0.0
171.0,4.0,0.5770106911659241,0.4229893386363983,1.0850201845169067,0.989149808883667,0.0,0.0,0.5493102073669434,0.45068979263305664,1.0404146909713745,0.9895958304405212,0.0,0.0
172.0,0.0,0.5134782195091248,0.48652175068855286,1.2356228828430176,0.987643837928772,0.0,0.0,0.7963424324989319,0.2036575824022293,0.4627046585083008,0.9953728914260864,0.0,0.0
172.0,1.0,0.5892192721366882,0.41078072786331177,1.0523667335510254,0.9894761443138123,0.0,0.0,0.5041986703872681,0.4958013594150543,1.1695499420166016,0.9883044958114624,0.0,0.0
172.0,2.0,0.5687655210494995,0.4312344789505005,1.0751229524612427,0.9892487525939941,0.0,0.0,0.5830916166305542,0.4169084131717682,1.0817755460739136,0.9891822934150696,0.0,0.0
172.0,3.0,0.609307050704956,0.39069288969039917,0.9367603063583374,0.9906323552131653,0.0,0.0,0.41267144680023193,0.5873284935951233,1.6676682233810425,0.983323335647583,0.0,0.0
172.0,4.0,0.5770106911659241,0.4229893386363983,1.0850200653076172,0.9891498684883118,0.0,0.0,0.5493102073669434,0.45068976283073425,1.0404146909713745,0.9895958304405212,0.0,0.0
173.0,0.0,0.5134782195091248,0.48652172088623047,1.2356228828430176,0.987643837928772,0.0,0.0,0.7963423728942871,0.2036575973033905,0.4627046585083008,0.9953729510307312,0.0,0.0
173.0,1.0,0.5892192721366882,0.41078075766563416,1.0523666143417358,0.9894763827323914,0.0,0.0,0.5041986703872681,0.4958013892173767,1.1695499420166016,0.9883044958114624,0.0,0.0
173.0,2.0,0.5687654614448547,0.4312345087528229,1.0751230716705322,0.9892487525939941,0.0,0.0,0.5830916166305542,0.4169084131717682,1.0817755460739136,0.9891822934150696,0.0,0.0
173.0,3.0,0.6093071699142456,0.39069294929504395,0.9367601275444031,0.9906324148178101,0.0,0.0,0.4126715362071991,0.5873284935951233,1.6676685810089111,0.983323335647583,0.0,0.0
173.0,4.0,0.5770106315612793,0.4229893088340759,1.0850200653076172,0.9891498684883118,0.0,0.0,0.5493102073669434,0.45068976283073425,1.0404146909713745,0.9895957708358765,0.0,0.0
174.0,0.0,0.5134782195091248,0.48652175068855286,1.2356228828430176,0.9876437783241272,0.0,0.0,0.7963423728942871,0.2036575973033905,0.4627046585083008,0.9953728914260864,0.0,0.0
174.0,1.0,0.5892192125320435,0.41078072786331177,1.052366852760315,0.9894761443138123,0.0,0.0,0.5041986107826233,0.4958013892173767,1.169549822807312,0.9883044958114624,0.0,0.0
174.0,2.0,0.5687655806541443,0.4312344789505005,1.0751229524612427,0.9892489314079285,0.0,0.0,0.5830916166305542,0.4169084131717682,1.0817755460739136,0.9891822934150696,0.0,0.0
174.0,3.0,0.6093071103096008,0.39069297909736633,0.9367601275444031,0.9906324148178101,0.0,0.0,0.4126715064048767,0.5873284935951233,1.6676682233810425,0.983323335647583,0.0,0.0
174.0,4.0,0.5770106911659241,0.4229893386363983,1.0850201845169067,0.989149808883667,0.0,0.0,0.5493102073669434,0.45068976283073425,1.0404146909713745,0.9895958304405212,0.0,0.0
175.0,0.0,0.5134782195091248,0.4865216910839081,1.2356226444244385,0.987643837928772,0.0,0.0,0.7963424324989319,0.2036575824022293,0.4627046585083008,0.9953728914260864,0.0,0.0
175.0,1.0,0.5892192125320435,0.41078075766563416,1.0523667335510254,0.9894763231277466,0.0,0.0,0.5041986703872681,0.4958013594150543,1.1695499420166016,0.9883045554161072,0.0,0.0
175.0,2.0,0.5687655210494995,0.4312344789505005,1.0751229524612427,0.9892489314079285,0.0,0.0,0.583091676235199,0.4169084131717682,1.0817755460739136,0.9891822934150696,0.0,0.0
175.0,3.0,0.6093071103096008,0.39069288969039917,0.9367602467536926,0.9906324148178101,0.0,0.0,0.4126715064048767,0.5873284935951233,1.6676684617996216,0.9833233952522278,0.0,0.0
175.0,4.0,0.5770107507705688,0.4229893088340759,1.0850200653076172,0.989149808883667,0.0,0.0,0.5493102073669434,0.45068976283073425,1.0404146909713745,0.9895958304405212,0.0,0.0
176.0,0.0,0.5134782195091248,0.48652178049087524,1.2356228828430176,0.9876437783241272,0.0,0.0,0.7963423728942871,0.2036575824022293,0.4627046585083008,0.9953728914260864,0.0,0.0
176.0,1.0,0.5892192125320435,0.41078075766563416,1.0523667335510254,0.9894763827323914,0.0,0.0,0.5041986107826233,0.4958013892173767,1.169549822807312,0.988304615020752,0.0,0.0
176.0,2.0,0.5687655210494995,0.43123453855514526,1.0751229524612427,0.9892488121986389,0.0,0.0,0.5830916166305542,0.4169084131717682,1.0817755460739136,0.9891822934150696,0.0,0.0
176.0,3.0,0.6093071103096008,0.39069288969039917,0.9367601275444031,0.9906324744224548,0.0,0.0,0.4126715064048767,0.5873284935951233,1.6676682233810425,0.983323335647583,0.0,0.0
176.0,4.0,0.5770106315612793,0.4229893684387207,1.0850200653076172,0.989149808883667,0.0,0.0,0.5493102073669434,0.45068976283073425,1.0404146909713745,0.9895958304405212,0.0,0.0
177.0,0.0,0.5134782791137695,0.48652172088623047,1.2356228828430176,0.987643837928772,0.0,0.0,0.7963423728942871,0.2036575973033905,0.4627046585083008,0.9953728914260864,0.0,0.0
177.0,1.0,0.5892192125320435,0.4107806980609894,1.0523667335510254,0.9894763231277466,0.0,0.0,0.5041986703872681,0.4958013892173767,1.1695499420166016,0.9883044958114624,0.0,0.0
177.0,2.0,0.5687655210494995,0.4312344789505005,1.0751230716705322,0.9892486929893494,0.0,0.0,0.5830916166305542,0.4169084131717682,1.0817755460739136,0.9891822934150696,0.0,0.0
177.0,3.0,0.609307050704956,0.39069288969039917,0.9367602467536926,0.9906323552131653,0.0,0.0,0.4126715362071991,0.5873284935951233,1.6676682233810425,0.983323335647583,0.0,0.0
177.0,4.0,0.5770106315612793,0.4229893386363983,1.0850201845169067,0.9891497492790222,0.0,0.0,0.5493102073669434,0.45068976283073425,1.0404146909713745,0.9895958304405212,0.0,0.0
178.0,0.0,0.5134782791137695,0.48652178049087524,1.2356228828430176,0.987643837928772,0.0,0.0,0.7963424324989319,0.2036575824022293,0.4627046585083008,0.9953728914260864,0.0,0.0
178.0,1.0,0.5892192125320435,0.41078078746795654,1.0523667335510254,0.9894762635231018,0.0,0.0,0.5041986703872681,0.4958013594150543,1.1695499420166016,0.9883044958114624,0.0,0.0
178.0,2.0,0.5687655210494995,0.43123453855514526,1.0751229524612427,0.9892487525939941,0.0,0.0,0.5830916166305542,0.4169084131717682,1.0817755460739136,0.9891822934150696,0.0,0.0
178.0,3.0,0.6093071103096008,0.39069288969039917,0.9367602467536926,0.9906322956085205,0.0,0.0,0.4126715064048767,0.5873285531997681,1.6676684617996216,0.983323335647583,0.0,0.0
178.0,4.0,0.5770106315612793,0.4229893386363983,1.0850200653076172,0.9891498684883118,0.0,0.0,0.5493102073669434,0.45068979263305664,1.0404146909713745,0.9895958304405212,0.0,0.0
179.0,0.0,0.5134782195091248,0.4865216910839081,1.2356228828430176,0.987643837928772,0.0,0.0,0.7963424324989319,0.2036575973033905,0.4627046585083008,0.9953728914260864,0.0,0.0
179.0,1.0,0.5892192125320435,0.41078072786331177,1.0523667335510254,0.9894763827323914,0.0,0.0,0.5041986703872681,0.4958013594150543,1.169549822807312,0.9883045554161072,0.0,0.0
179.0,2.0,0.5687655806541443,0.4312345087528229,1.0751230716705322,0.9892486929893494,0.0,0.0,0.5830916166305542,0.4169084131717682,1.0817755460739136,0.9891822934150696,0.0,0.0
179.0,3.0,0.6093071103096008,0.39069288969039917,0.9367601275444031,0.9906324744224548,0.0,0.0,0.41267144680023193,0.5873284935951233,1.6676684617996216,0.983323335647583,0.0,0.0
179.0,4.0,0.5770106911659241,0.4229893088340759,1.0850201845169067,0.989149808883667,0.0,0.0,0.5493102073669434,0.45068976283073425,1.0404146909713745,0.9895958304405212,0.0,0.0
180.0,0.0,0.5134782195091248,0.48652172088623047,1.2356228828430176,0.9876437783241272,0.0,0.0,0.7963424324989319,0.2036575824022293,0.4627046585083008,0.9953729510307312,0.0,0.0
180.0,1.0,0.5892192125320435,0.41078075766563416,1.0523666143417358,0.9894764423370361,0.0,0.0,0.5041986107826233,0.4958014190196991,1.1695499420166016,0.9883045554161072,0.0,0.0
180.0,2.0,0.5687655210494995,0.4312345087528229,1.0751229524612427,0.9892486929893494,0.0,0.0,0.5830916166305542,0.4169084429740906,1.0817755460739136,0.9891822934150696,0.0,0.0
180.0,3.0,0.609307050704956,0.39069297909736633,0.9367602467536926,0.9906323552131653,0.0,0.0,0.4126715064048767,0.5873284935951233,1.6676682233810425,0.983323335647583,0.0,0.0
180.0,4.0,0.5770107507705688,0.4229893088340759,1.0850201845169067,0.989149808883667,0.0,0.0,0.5493102073669434,0.45068976283073425,1.0404146909713745,0.9895958304405212,0.0,0.0
181.0,0.0,0.5134783387184143,0.4865216910839081,1.2356228828430176,0.9876437783241272,0.0,0.0,0.7963424324989319,0.2036575824022293,0.4627046585083008,0.9953728914260864,0.0,0.0
181.0,1.0,0.5892192721366882,0.41078072786331177,1.0523667335510254,0.9894763827323914,0.0,0.0,0.5041986107826233,0.4958013892173767,1.169549822807312,0.9883045554161072,0.0,0.0
181.0,2.0,0.5687655210494995,0.4312344789505005,1.0751229524612427,0.9892487525939941,0.0,0.0,0.5830916166305542,0.4169084429740906,1.0817755460739136,0.9891822934150696,0.0,0.0
181.0,3.0,0.609307050704956,0.3906928598880768,0.9367602467536926,0.9906324148178101,0.0,0.0,0.4126715064048767,0.5873284935951233,1.6676682233810425,0.9833232164382935,0.0,0.0
181.0,4.0,0.5770106911659241,0.4229893088340759,1.0850200653076172,0.9891498684883118,0.0,0.0,0.5493102073669434,0.45068979263305664,1.0404146909713745,0.9895959496498108,0.0,0.0
182.0,0.0,0.5134782791137695,0.48652178049087524,1.2356226444244385,0.987643837928772,0.0,0.0,0.7963424324989319,0.2036575824022293,0.4627046585083008,0.9953728914260864,0.0,0.0
182.0,1.0,0.5892192721366882,0.41078072786331177,1.0523667335510254,0.9894763231277466,0.0,0.0,0.5041986703872681,0.4958013892173767,1.1695499420166016,0.9883044958114624,0.0,0.0
182.0,2.0,0.5687655806541443,0.4312345087528229,1.0751230716705322,0.9892486929893494,0.0,0.0,0.5830915570259094,0.4169084131717682,1.0817755460739136,0.9891822934150696,0.0,0.0
182.0,3.0,0.6093071699142456,0.39069288969039917,0.9367602467536926,0.9906324148178101,0.0,0.0,0.41267144680023193,0.5873284935951233,1.6676684617996216,0.983323335647583,0.0,0.0
182.0,4.0,0.5770107507705688,0.4229893088340759,1.0850200653076172,0.9891496896743774,0.0,0.0,0.5493102073669434,0.45068976283073425,1.0404146909713745,0.9895957708358765,0.0,0.0
183.0,0.0,0.5134783387184143,0.48652172088623047,1.2356228828430176,0.9876437783241272,0.0,0.0,0.7963424324989319,0.2036575824022293,0.4627046585083008,0.9953728914260864,0.0,0.0
183.0,1.0,0.5892192125320435,0.41078072786331177,1.0523667335510254,0.9894763231277466,0.0,0.0,0.5041986107826233,0.4958013594150543,1.169549822807312,0.9883044362068176,0.0,0.0
183.0,2.0,0.5687655210494995,0.4312344789505005,1.0751230716705322,0.9892487525939941,0.0,0.0,0.5830916166305542,0.4169084131717682,1.0817755460739136,0.9891822934150696,0.0,0.0
183.0,3.0,0.6093071103096008,0.39069294929504395,0.9367602467536926,0.9906323552131653,0.0,0.0,0.4126715064048767,0.5873284935951233,1.6676682233810425,0.9833232164382935,0.0,0.0
183.0,4.0,0.5770107507705688,0.4229893386363983,1.0850201845169067,0.9891498684883118,0.0,0.0,0.5493102073669434,0.45068979263305664,1.0404146909713745,0.9895958304405212,0.0,0.0
184.0,0.0,0.5134783387184143,0.48652172088623047,1.2356228828430176,0.987643837928772,0.0,0.0,0.7963424324989319,0.2036575824022293,0.4627046585083008,0.9953729510307312,0.0,0.0
184.0,1.0,0.5892192721366882,0.4107806980609894,1.0523667335510254,0.9894763827323914,0.0,0.0,0.5041986703872681,0.4958013594150543,1.169549822807312,0.9883044958114624,0.0,0.0
184.0,2.0,0.5687655806541443,0.4312344193458557,1.0751229524612427,0.9892488121986389,0.0,0.0,0.5830916166305542,0.4169084429740906,1.0817755460739136,0.98918217420578,0.0,0.0
184.0,3.0,0.6093071103096008,0.39069288969039917,0.9367602467536926,0.9906324744224548,0.0,0.0,0.41267144680023193,0.5873285531997681,1.6676682233810425,0.983323335647583,0.0,0.0
184.0,4.0,0.5770106315612793,0.4229893386363983,1.0850201845169067,0.9891497492790222,0.0,0.0,0.5493102073669434,0.45068976283073425,1.0404146909713745,0.9895957708358765,0.0,0.0
185.0,0.0,0.5134782791137695,0.48652175068855286,1.2356228828430176,0.987643837928772,0.0,0.0,0.7963424324989319,0.2036575824022293,0.4627046585083008,0.9953729510307312,0.0,0.0
185.0,1.0,0.5892192721366882,0.41078072786331177,1.0523666143417358,0.9894763231277466,0.0,0.0,0.5041986703872681,0.4958013892173767,1.1695499420166016,0.9883044958114624,0.0,0.0
185.0,2.0,0.5687655210494995,0.4312344789505005,1.0751229524612427,0.9892488121986389,0.0,0.0,0.5830915570259094,0.4169084131717682,1.0817755460739136,0.9891822934150696,0.0,0.0
185.0,3.0,0.609307050704956,0.39069288969039917,0.9367602467536926,0.9906323552131653,0.0,0.0,0.4126715064048767,0.5873284935951233,1.6676684617996216,0.983323335647583,0.0,0.0
185.0,4.0,0.5770106911659241,0.4229893088340759,1.0850201845169067,0.9891497492790222,0.0,0.0,0.5493102073669434,0.45068976283073425,1.0404146909713745,0.9895958304405212,0.0,0.0
186.0,0.0,0.5134782195091248,0.48652178049087524,1.2356228828430176,0.987643837928772,0.0,0.0,0.7963423728942871,0.2036575973033905,0.4627046585083008,0.9953728914260864,0.0,0.0
186.0,1.0,0.5892192721366882,0.41078075766563416,1.0523667335510254,0.9894762635231018,0.0,0.0,0.5041986703872681,0.4958013594150543,1.1695499420166016,0.9883044958114624,0.0,0.0
186.0,2.0,0.5687654614448547,0.43123453855514526,1.0751230716705322,0.9892487525939941,0.0,0.0,0.5830916166305542,0.4169084429740906,1.0817755460739136,0.98918217420578,0.0,0.0
186.0,3.0,0.609307050704956,0.39069297909736633,0.9367602467536926,0.9906323552131653,0.0,0.0,0.4126715064048767,0.5873284935951233,1.6676684617996216,0.983323335647583,0.0,0.0
186.0,4.0,0.5770106911659241,0.4229893088340759,1.0850201845169067,0.9891497492790222,0.0,0.0,0.5493102073669434,0.45068979263305664,1.0404146909713745,0.9895958304405212,0.0,0.0
187.0,0.0,0.5134782195091248,0.48652178049087524,1.2356230020523071,0.9876437783241272,0.0,0.0,0.7963424324989319,0.2036575824022293,0.4627046585083008,0.9953728914260864,0.0,0.0
187.0,1.0,0.589219331741333,0.4107806980609894,1.0523667335510254,0.9894763827323914,0.0,0.0,0.5041986703872681,0.4958013594150543,1.1695499420166016,0.9883045554161072,0.0,0.0
187.0,2.0,0.5687655210494995,0.4312345087528229,1.0751229524612427,0.9892487525939941,0.0,0.0,0.5830916166305542,0.4169084429740906,1.0817755460739136,0.98918217420578,0.0,0.0
187.0,3.0,0.609307050704956,0.39069297909736633,0.9367600679397583,0.9906324744224548,0.0,0.0,0.4126715064048767,0.5873285531997681,1.6676684617996216,0.983323335647583,0.0,0.0
187.0,4.0,0.5770107507705688,0.4229893088340759,1.0850200653076172,0.9891498684883118,0.0,0.0,0.5493102073669434,0.45068976283073425,1.0404146909713745,0.9895958304405212,0.0,0.0
188.0,0.0,0.5134782195091248,0.48652175068855286,1.2356228828430176,0.987643837928772,0.0,0.0,0.7963424324989319,0.2036575973033905,0.4627046585083008,0.9953729510307312,0.0,0.0
188.0,1.0,0.5892192125320435,0.41078075766563416,1.0523666143417358,0.9894764423370361,0.0,0.0,0.5041986107826233,0.4958013594150543,1.169549822807312,0.9883045554161072,0.0,0.0
188.0,2.0,0.5687655210494995,0.4312345087528229,1.0751230716705322,0.9892486929893494,0.0,0.0,0.583091676235199,0.4169084429740906,1.0817755460739136,0.9891822934150696,0.0,0.0
188.0,3.0,0.6093071103096008,0.39069288969039917,0.9367600679397583,0.9906324744224548,0.0,0.0,0.4126715064048767,0.5873284935951233,1.6676682233810425,0.983323335647583,0.0,0.0
188.0,4.0,0.5770106315612793,0.4229893088340759,1.0850200653076172,0.9891498684883118,0.0,0.0,0.5493102073669434,0.45068976283073425,1.0404146909713745,0.9895958304405212,0.0,0.0
189.0,0.0,0.5134783387184143,0.48652175068855286,1.2356228828430176,0.9876437783241272,0.0,0.0,0.7963423728942871,0.2036575973033905,0.4627046585083008,0.9953729510307312,0.0,0.0
189.0,1.0,0.589219331741333,0.41078072786331177,1.0523667335510254,0.9894763827323914,0.0,0.0,0.5041986107826233,0.4958013594150543,1.1695499420166016,0.9883045554161072,0.0,0.0
189.0,2.0,0.5687655210494995,0.4312345087528229,1.0751230716705322,0.9892487525939941,0.0,0.0,0.5830916166305542,0.4169084131717682,1.0817755460739136,0.98918217420578,0.0,0.0
189.0,3.0,0.6093071103096008,0.39069288969039917,0.9367601275444031,0.9906324148178101,0.0,0.0,0.4126715362071991,0.5873284935951233,1.6676682233810425,0.9833233952522278,0.0,0.0
189.0,4.0,0.5770106911659241,0.4229893386363983,1.0850201845169067,0.989149808883667,0.0,0.0,0.5493102669715881,0.45068976283073425,1.0404146909713745,0.9895958304405212,0.0,0.0
190.0,0.0,0.5134782791137695,0.48652172088623047,1.2356228828430176,0.9876437187194824,0.0,0.0,0.7963423728942871,0.2036575973033905,0.4627046585083008,0.9953729510307312,0.0,0.0
190.0,1.0,0.5892192721366882,0.41078072786331177,1.0523667335510254,0.9894763231277466,0.0,0.0,0.5041986703872681,0.4958013892173767,1.1695499420166016,0.9883044958114624,0.0,0.0
190.0,2.0,0.5687655210494995,0.4312345087528229,1.0751229524612427,0.9892487525939941,0.0,0.0,0.5830915570259094,0.4169084429740906,1.0817755460739136,0.9891822934150696,0.0,0.0
190.0,3.0,0.6093071103096008,0.3906928598880768,0.9367601275444031,0.9906324148178101,0.0,0.0,0.4126715362071991,0.5873284935951233,1.6676684617996216,0.983323335647583,0.0,0.0
190.0,4.0,0.5770107507705688,0.4229893386363983,1.0850200653076172,0.9891497492790222,0.0,0.0,0.5493102073669434,0.45068979263305664,1.0404146909713745,0.9895958304405212,0.0,0.0
191.0,0.0,0.5134783387184143,0.4865216910839081,1.2356228828430176,0.9876437783241272,0.0,0.0,0.7963423728942871,0.2036575973033905,0.4627046585083008,0.9953728914260864,0.0,0.0
191.0,1.0,0.5892192721366882,0.41078075766563416,1.0523667335510254,0.9894763827323914,0.0,0.0,0.5041986107826233,0.4958013892173767,1.169549822807312,0.9883045554161072,0.0,0.0
191.0,2.0,0.5687655806541443,0.4312344789505005,1.0751230716705322,0.9892486333847046,0.0,0.0,0.5830916166305542,0.4169084131717682,1.0817755460739136,0.98918217420578,0.0,0.0
191.0,3.0,0.6093071103096008,0.39069294929504395,0.9367602467536926,0.9906324148178101,0.0,0.0,0.4126715064048767,0.5873284935951233,1.6676682233810425,0.983323335647583,0.0,0.0
191.0,4.0,0.5770106315612793,0.4229893386363983,1.0850200653076172,0.9891498684883118,0.0,0.0,0.5493102073669434,0.45068979263305664,1.0404146909713745,0.9895958304405212,0.0,0.0
192.0,0.0,0.5134782791137695,0.4865216910839081,1.2356226444244385,0.9876437783241272,0.0,0.0,0.7963424324989319,0.2036575824022293,0.4627046585083008,0.9953728914260864,0.0,0.0
192.0,1.0,0.5892192125320435,0.41078075766563416,1.0523667335510254,0.9894763231277466,0.0,0.0,0.5041986703872681,0.4958013594150543,1.1695499420166016,0.9883044958114624,0.0,0.0
192.0,2.0,0.5687655806541443,0.4312345087528229,1.0751229524612427,0.9892488121986389,0.0,0.0,0.5830916166305542,0.4169084131717682,1.0817755460739136,0.9891822934150696,0.0,0.0
192.0,3.0,0.609307050704956,0.39069297909736633,0.9367602467536926,0.9906323552131653,0.0,0.0,0.4126715064048767,0.5873284935951233,1.6676682233810425,0.983323335647583,0.0,0.0
192.0,4.0,0.5770106315612793,0.4229893684387207,1.0850201845169067,0.989149808883667,0.0,0.0,0.5493102073669434,0.45068976283073425,1.0404146909713745,0.9895958304405212,0.0,0.0
193.0,0.0,0.5134783387184143,0.4865216910839081,1.2356228828430176,0.987643837928772,0.0,0.0,0.7963424324989319,0.2036575824022293,0.4627046585083008,0.9953728914260864,0.0,0.0
193.0,1.0,0.5892192125320435,0.41078075766563416,1.0523667335510254,0.9894763231277466,0.0,0.0,0.5041986703872681,0.4958013594150543,1.1695499420166016,0.9883045554161072,0.0,0.0
193.0,2.0,0.5687655210494995,0.4312345087528229,1.0751230716705322,0.9892486333847046,0.0,0.0,0.5830916166305542,0.4169084131717682,1.0817755460739136,0.9891822934150696,0.0,0.0
193.0,3.0,0.609307050704956,0.39069288969039917,0.9367601275444031,0.9906324744224548,0.0,0.0,0.4126715064048767,0.5873284935951233,1.6676684617996216,0.9833233952522278,0.0,0.0
193.0,4.0,0.5770106911659241,0.4229893088340759,1.0850201845169067,0.989149808883667,0.0,0.0,0.5493102669715881,0.45068976283073425,1.0404146909713745,0.9895958304405212,0.0,0.0
194.0,0.0,0.5134782791137695,0.48652175068855286,1.2356228828430176,0.9876437783241272,0.0,0.0,0.7963424324989319,0.2036575973033905,0.4627046585083008,0.9953728914260864,0.0,0.0
194.0,1.0,0.5892192125320435,0.41078072786331177,1.0523667335510254,0.9894763231277466,0.0,0.0,0.5041986703872681,0.4958013594150543,1.1695499420166016,0.9883045554161072,0.0,0.0
194.0,2.0,0.5687655210494995,0.4312345087528229,1.0751229524612427,0.9892488121986389,0.0,0.0,0.5830916166305542,0.4169084131717682,1.0817755460739136,0.9891822934150696,0.0,0.0
194.0,3.0,0.6093069314956665,0.3906928300857544,0.9367601275444031,0.9906324744224548,0.0,0.0,0.4126715362071991,0.5873284935951233,1.6676684617996216,0.983323335647583,0.0,0.0
194.0,4.0,0.5770106315612793,0.4229893684387207,1.0850200653076172,0.9891498684883118,0.0,0.0,0.5493102073669434,0.45068976283073425,1.0404146909713745,0.9895959496498108,0.0,0.0
195.0,0.0,0.5134782195091248,0.48652172088623047,1.2356230020523071,0.9876437187194824,0.0,0.0,0.7963424324989319,0.2036575824022293,0.4627046585083008,0.9953729510307312,0.0,0.0
195.0,1.0,0.5892192721366882,0.41078072786331177,1.0523667335510254,0.9894763231277466,0.0,0.0,0.5041986703872681,0.4958013594150543,1.1695499420166016,0.9883044958114624,0.0,0.0
195.0,2.0,0.5687655806541443,0.4312344789505005,1.0751230716705322,0.9892486333847046,0.0,0.0,0.5830916166305542,0.4169084131717682,1.0817755460739136,0.9891822934150696,0.0,0.0
195.0,3.0,0.6093071103096008,0.39069294929504395,0.9367600679397583,0.9906324148178101,0.0,0.0,0.4126715362071991,0.5873284935951233,1.6676682233810425,0.9833232164382935,0.0,0.0
195.0,4.0,0.5770106911659241,0.42298927903175354,1.0850201845169067,0.9891497492790222,0.0,0.0,0.5493101477622986,0.45068976283073425,1.0404146909713745,0.9895958304405212,0.0,0.0
196.0,0.0,0.5134783387184143,0.4865216910839081,1.2356230020523071,0.9876436591148376,0.0,0.0,0.7963424324989319,0.2036575824022293,0.4627046585083008,0.9953728914260864,0.0,0.0
196.0,1.0,0.5892192125320435,0.41078078746795654,1.0523667335510254,0.9894763827323914,0.0,0.0,0.5041986703872681,0.4958014190196991,1.169549822807312,0.9883045554161072,0.0,0.0
196.0,2.0,0.5687655210494995,0.4312344789505005,1.0751229524612427,0.9892486929893494,0.0,0.0,0.5830916166305542,0.4169084429740906,1.0817755460739136,0.9891822934150696,0.0,0.0
196.0,3.0,0.609307050704956,0.39069288969039917,0.9367601275444031,0.9906324744224548,0.0,0.0,0.41267144680023193,0.5873284935951233,1.6676682233810425,0.983323335647583,0.0,0.0
196.0,4.0,0.5770106315612793,0.4229893386363983,1.0850201845169067,0.989149808883667,0.0,0.0,0.5493102073669434,0.45068976283073425,1.0404146909713745,0.9895958304405212,0.0,0.0
197.0,0.0,0.5134782791137695,0.48652178049087524,1.2356228828430176,0.9876437783241272,0.0,0.0,0.7963424324989319,0.2036575824022293,0.4627046585083008,0.9953728914260864,0.0,0.0
197.0,1.0,0.5892192125320435,0.41078072786331177,1.0523667335510254,0.9894763827323914,0.0,0.0,0.5041986703872681,0.4958013594150543,1.1695499420166016,0.9883045554161072,0.0,0.0
197.0,2.0,0.5687655210494995,0.4312344193458557,1.0751230716705322,0.9892486929893494,0.0,0.0,0.5830915570259094,0.4169084131717682,1.0817755460739136,0.9891822934150696,0.0,0.0
197.0,3.0,0.6093071103096008,0.3906928598880768,0.9367602467536926,0.9906324148178101,0.0,0.0,0.4126715064048767,0.5873284935951233,1.6676682233810425,0.983323335647583,0.0,0.0
197.0,4.0,0.5770107507705688,0.4229893088340759,1.0850201845169067,0.9891497492790222,0.0,0.0,0.5493102073669434,0.45068976283073425,1.0404146909713745,0.9895958304405212,0.0,0.0
198.0,0.0,0.5134782195091248,0.48652178049087524,1.2356228828430176,0.987643837928772,0.0,0.0,0.7963424324989319,0.2036575973033905,0.4627046585083008,0.9953728914260864,0.0,0.0
198.0,1.0,0.589219331741333,0.41078075766563416,1.0523667335510254,0.9894762635231018,0.0,0.0,0.5041986107826233,0.4958013892173767,1.169549822807312,0.9883044958114624,0.0,0.0
198.0,2.0,0.5687655210494995,0.4312344789505005,1.0751229524612427,0.9892487525939941,0.0,0.0,0.5830916166305542,0.4169084429740906,1.0817755460739136,0.9891822934150696,0.0,0.0
198.0,3.0,0.6093071699142456,0.39069297909736633,0.9367602467536926,0.9906324148178101,0.0,0.0,0.4126715064048767,0.5873284935951233,1.6676684617996216,0.983323335647583,0.0,0.0
198.0,4.0,0.5770106911659241,0.42298927903175354,1.0850201845169067,0.989149808883667,0.0,0.0,0.5493102073669434,0.45068976283073425,1.0404146909713745,0.9895957708358765,0.0,0.0
199.0,0.0,0.5134782195091248,0.48652178049087524,1.2356228828430176,0.9876437783241272,0.0,0.0,0.7963423728942871,0.2036575973033905,0.4627046585083008,0.9953728914260864,0.0,0.0
199.0,1.0,0.5892192125320435,0.41078075766563416,1.0523667335510254,0.9894762635231018,0.0,0.0,0.5041986107826233,0.4958013892173767,1.169549822807312,0.9883045554161072,0.0,0.0
199.0,2.0,0.5687656402587891,0.4312344193458557,1.0751230716705322,0.9892486929893494,0.0,0.0,0.5830916166305542,0.4169084429740906,1.0817755460739136,0.98918217420578,0.0,0.0
199.0,3.0,0.609307050704956,0.39069297909736633,0.9367602467536926,0.9906324148178101,0.0,0.0,0.4126715064048767,0.5873285531997681,1.6676684617996216,0.983323335647583,0.0,0.0
199.0,4.0,0.5770107507705688,0.4229893088340759,1.0850200653076172,0.9891498684883118,0.0,0.0,0.5493102073669434,0.45068976283073425,1.0404146909713745,0.9895958304405212,0.0,0.0
