epoch,fold,dice_train,loss_train,bce_train,accuracy_train,precision_train,f1_train,dice_test,loss_test,bce_test,accuracy_test,precision_test,f1_test
0.0,0.0,0.4084707796573639,0.14824697375297546,0.14824697375297546,0.9432973265647888,0.4680720567703247,0.3728976249694824,0.7434204816818237,0.0401681549847126,0.0401681549847126,0.9848420023918152,0.8118026256561279,0.7623998522758484
0.0,1.0,0.7222893834114075,0.035572320222854614,0.035572320222854614,0.9873989224433899,0.7698185443878174,0.7529857754707336,0.4985535740852356,0.051422249525785446,0.051422249525785446,0.9880972504615784,0.5690173506736755,0.5872371792793274
0.0,2.0,0.7131210565567017,0.028917880728840828,0.028917880728840828,0.9897334575653076,0.7410826683044434,0.7268050312995911,0.8559215664863586,0.01786382496356964,0.01786382496356964,0.9932726621627808,0.9428001046180725,0.8645062446594238
0.0,3.0,0.7874327301979065,0.012405911460518837,0.012405911460518837,0.9952753782272339,0.790810227394104,0.7822553515434265,0.6947678923606873,0.12177803367376328,0.12177803367376328,0.976996123790741,0.674125075340271,0.6467667818069458
0.0,4.0,0.7775411605834961,0.02110721543431282,0.02110721543431282,0.9926362633705139,0.7900518774986267,0.7778452038764954,0.6908856630325317,0.01562379952520132,0.01562379952520132,0.9944761395454407,0.7419001460075378,0.7012686729431152
1.0,0.0,0.7292952537536621,0.01858360879123211,0.01858360879123211,0.9932599663734436,0.7242687940597534,0.7117117643356323,0.8800035715103149,0.012996316887438297,0.012996316887438297,0.9948725700378418,0.8724220395088196,0.8526221513748169
1.0,1.0,0.8223114609718323,0.016697516664862633,0.016697516664862633,0.993928074836731,0.8145544528961182,0.804680347442627,0.5879954695701599,0.014677501283586025,0.014677501283586025,0.9957706928253174,0.6171899437904358,0.617206871509552
1.0,2.0,0.7974330186843872,0.01246057078242302,0.01246057078242302,0.9953557252883911,0.7730059027671814,0.7619619369506836,0.900217592716217,0.01813340000808239,0.01813340000808239,0.9931120872497559,0.9522796869277954,0.8985940217971802
1.0,3.0,0.8363338708877563,0.007970611564815044,0.007970611564815044,0.9969322681427002,0.8100151419639587,0.8014355301856995,0.6525381207466125,0.1048816591501236,0.1048816591501236,0.9768432378768921,0.6587682366371155,0.645513653755188
1.0,4.0,0.8081934452056885,0.016037721186876297,0.016037721186876297,0.994566023349762,0.8003599643707275,0.79250568151474,0.8137038946151733,0.013368930667638779,0.013368930667638779,0.9948498606681824,0.7390965819358826,0.6810257434844971
2.0,0.0,0.7739994525909424,0.013743561692535877,0.013743561692535877,0.9949538707733154,0.734821081161499,0.7235575914382935,0.8902758359909058,0.010807200334966183,0.010807200334966183,0.9956372976303101,0.8738576173782349,0.869661808013916
2.0,1.0,0.8595432639122009,0.011571352370083332,0.011571352370083332,0.995597243309021,0.8263285756111145,0.8185721039772034,0.6244588494300842,0.008976220153272152,0.008976220153272152,0.9973015785217285,0.6270186901092529,0.6203447580337524
2.0,2.0,0.8459597826004028,0.00836322270333767,0.00836322270333767,0.9968094825744629,0.7812271118164062,0.7744085192680359,0.9239848256111145,0.01021367497742176,0.01021367497742176,0.9956688284873962,0.9519201517105103,0.9204820394515991
2.0,3.0,0.8831053972244263,0.005875075701624155,0.005875075701624155,0.997706413269043,0.8168965578079224,0.8118473291397095,0.7795266509056091,0.04520200937986374,0.04520200937986374,0.9870489239692688,0.6878288388252258,0.6864088177680969
2.0,4.0,0.8743612766265869,0.008362296037375927,0.008362296037375927,0.9967370629310608,0.813892126083374,0.8081095218658447,0.905051589012146,0.007612728048115969,0.007612728048115969,0.9970817565917969,0.7536337971687317,0.7203721404075623
3.0,0.0,0.8370338082313538,0.009191436693072319,0.009191436693072319,0.9965222477912903,0.7426726818084717,0.7355161905288696,0.9255328178405762,0.006394166965037584,0.006394166965037584,0.9973870515823364,0.892322301864624,0.8835133910179138
3.0,1.0,0.9238539338111877,0.006588532589375973,0.006588532589375973,0.9973726868629456,0.8394604325294495,0.834545373916626,0.730599045753479,0.005305135622620583,0.005305135622620583,0.9981315732002258,0.6240128874778748,0.6263904571533203
3.0,2.0,0.8938758373260498,0.00640966696664691,0.00640966696664691,0.997484028339386,0.7886303067207336,0.7838983535766602,0.9430428743362427,0.006860294379293919,0.006860294379293919,0.99728924036026,0.9492195844650269,0.9515758156776428
3.0,3.0,0.9135642051696777,0.004801671486347914,0.004801671486347914,0.998059868812561,0.8190990090370178,0.8162379264831543,0.8532116413116455,0.03190957382321358,0.03190957382321358,0.9890723824501038,0.7123469114303589,0.6959018111228943
3.0,4.0,0.8780336380004883,0.008912641555070877,0.008912641555070877,0.9967777729034424,0.8140092492103577,0.8095487356185913,0.9038670659065247,0.006542355753481388,0.006542355753481388,0.9974790811538696,0.7511290311813354,0.7253281474113464
4.0,0.0,0.8960834741592407,0.0062059820629656315,0.0062059820629656315,0.997561514377594,0.7475447654724121,0.7452985048294067,0.9527120590209961,0.005274703726172447,0.005274703726172447,0.9978076219558716,0.8992477059364319,0.898139238357544
4.0,1.0,0.9425063133239746,0.005579470191150904,0.005579470191150904,0.9977392554283142,0.8426860570907593,0.8399720191955566,0.8035526275634766,0.004217076115310192,0.004217076115310192,0.9984180331230164,0.6273652911186218,0.625960648059845
4.0,2.0,0.921326756477356,0.0052863480523228645,0.0052863480523228645,0.9978833794593811,0.7907204031944275,0.7884241938591003,0.9491272568702698,0.0057249790988862514,0.0057249790988862514,0.9976145029067993,0.9579703211784363,0.949100911617279
4.0,3.0,0.9339229464530945,0.00416365172713995,0.00416365172713995,0.9982998967170715,0.821611225605011,0.8200271725654602,0.8912897706031799,0.025112897157669067,0.025112897157669067,0.9911500811576843,0.7185643911361694,0.7074207663536072
4.0,4.0,0.9333085417747498,0.0053564757108688354,0.0053564757108688354,0.9978471398353577,0.8202051520347595,0.8179161548614502,0.9631897211074829,0.004400869365781546,0.004400869365781546,0.9982157349586487,0.7558242082595825,0.7541126608848572
5.0,0.0,0.9331336617469788,0.0052100904285907745,0.0052100904285907745,0.9978991746902466,0.7501596808433533,0.7494938373565674,0.9602082967758179,0.004528364632278681,0.004528364632278681,0.9981095790863037,0.8994178771972656,0.9031130075454712
5.0,1.0,0.954545259475708,0.0048737372271716595,0.0048737372271716595,0.9980115294456482,0.8453115224838257,0.8432222604751587,0.8276732563972473,0.003720629960298538,0.003720629960298538,0.9985625147819519,0.6303501129150391,0.6281546950340271
5.0,2.0,0.9436888098716736,0.004508002661168575,0.004508002661168575,0.9981651902198792,0.7925372123718262,0.791664183139801,0.9593612551689148,0.004390374757349491,0.004390374757349491,0.9981785416603088,0.9562908411026001,0.9617610573768616
5.0,3.0,0.9099036455154419,0.004879059735685587,0.004879059735685587,0.9981259703636169,0.820339024066925,0.8174377679824829,0.9205532073974609,0.013801115565001965,0.013801115565001965,0.9948477149009705,0.7305082082748413,0.7247907519340515
5.0,4.0,0.9477109313011169,0.00427009304985404,0.00427009304985404,0.9982508420944214,0.8239484429359436,0.8225781917572021,0.9536735415458679,0.0037948759272694588,0.0037948759272694588,0.9984585046768188,0.7596907615661621,0.7562858462333679
6.0,0.0,0.9423282146453857,0.004589215386658907,0.004589215386658907,0.9981294274330139,0.7537921071052551,0.7521138191223145,0.9563437104225159,0.0038851462304592133,0.0038851462304592133,0.9983815550804138,0.900336742401123,0.9041399359703064
6.0,1.0,0.964282214641571,0.004236364271491766,0.004236364271491766,0.9982452988624573,0.8463809490203857,0.8456161022186279,0.9149149656295776,0.00297827017493546,0.00297827017493546,0.9988402724266052,0.6342304348945618,0.6320199370384216
6.0,2.0,0.9529786109924316,0.004063672386109829,0.004063672386109829,0.9983355402946472,0.7943675518035889,0.7932897806167603,0.9672817587852478,0.00391059834510088,0.00391059834510088,0.9983711242675781,0.9726800918579102,0.9671497344970703
6.0,3.0,0.9623309969902039,0.0033551985397934914,0.0033551985397934914,0.9986147880554199,0.8253846764564514,0.824364960193634,0.9078818559646606,0.012104501947760582,0.012104501947760582,0.9952353239059448,0.735289990901947,0.7268917560577393
6.0,4.0,0.9587200284004211,0.004062978085130453,0.004062978085130453,0.9983370304107666,0.8248894810676575,0.8237676024436951,0.968229353427887,0.003744147950783372,0.003744147950783372,0.9984520077705383,0.7661630511283875,0.7578638792037964
7.0,0.0,0.9568389654159546,0.004099388141185045,0.004099388141185045,0.9983246326446533,0.7556834816932678,0.7547213435173035,0.9750632643699646,0.0032128358725458384,0.0032128358725458384,0.9986441731452942,0.907016932964325,0.9071711897850037
7.0,1.0,0.9687798619270325,0.0037799738347530365,0.0037799738347530365,0.9984382390975952,0.850190281867981,0.8488372564315796,0.9308950304985046,0.0026621634606271982,0.0026621634606271982,0.9989133477210999,0.6307451128959656,0.6318215131759644
7.0,2.0,0.9640172719955444,0.003602544777095318,0.003602544777095318,0.9985082149505615,0.7967577576637268,0.7952643036842346,0.9643120169639587,0.0038266887422651052,0.0038266887422651052,0.9984167218208313,0.9745527505874634,0.9521610140800476
7.0,3.0,0.9685702323913574,0.003034331602975726,0.003034331602975726,0.9987378716468811,0.8256916403770447,0.8252982497215271,0.9495243430137634,0.0070021445862948895,0.0070021445862948895,0.9971457123756409,0.7447095513343811,0.7402687668800354
7.0,4.0,0.9646572470664978,0.003592039691284299,0.003592039691284299,0.9985120296478271,0.8273912668228149,0.826103687286377,0.9788986444473267,0.0031150116119533777,0.0031150116119533777,0.9987224340438843,0.764339804649353,0.7605612277984619
8.0,0.0,0.9660308957099915,0.0035569146275520325,0.0035569146275520325,0.9985270500183105,0.7573041915893555,0.7561942934989929,0.9770787954330444,0.0030240707565099,0.0030240707565099,0.998741090297699,0.9080473780632019,0.907289981842041
8.0,1.0,0.9727603793144226,0.003486086381599307,0.003486086381599307,0.998547375202179,0.8506618142127991,0.8497755527496338,0.9386774301528931,0.0024061540607362986,0.0024061540607362986,0.9990352392196655,0.6339534521102905,0.6305897235870361
8.0,2.0,0.9695861339569092,0.0032793832942843437,0.0032793832942843437,0.9986379742622375,0.7977875471115112,0.7969386577606201,0.9712203145027161,0.002908838912844658,0.002908838912844658,0.9988004565238953,0.9666195511817932,0.97309410572052
8.0,3.0,0.9757228493690491,0.0027434651274234056,0.0027434651274234056,0.9988614916801453,0.8283340930938721,0.827273428440094,0.957633376121521,0.006307737436145544,0.006307737436145544,0.997374951839447,0.7462663054466248,0.7448738217353821
8.0,4.0,0.9685818552970886,0.003242143662646413,0.003242143662646413,0.9986497163772583,0.8281641602516174,0.8270812034606934,0.9810186624526978,0.003222324652597308,0.003222324652597308,0.9986606240272522,0.7669230699539185,0.7605457901954651
9.0,0.0,0.9706277251243591,0.0032771960832178593,0.0032771960832178593,0.9986433386802673,0.7595239281654358,0.7584677338600159,0.9801836609840393,0.002673214999958873,0.002673214999958873,0.9988794922828674,0.9123339056968689,0.9088274240493774
9.0,1.0,0.9745789766311646,0.0031818891875445843,0.0031818891875445843,0.9986734986305237,0.8521908521652222,0.8517550826072693,0.9227688908576965,0.0021320772357285023,0.0021320772357285023,0.999149739742279,0.6353752017021179,0.6360614895820618
9.0,2.0,0.9713294506072998,0.003030219115316868,0.003030219115316868,0.9987376928329468,0.7987824082374573,0.7977966666221619,0.9758630990982056,0.002921678125858307,0.002921678125858307,0.9987936615943909,0.9807681441307068,0.9711241126060486
9.0,3.0,0.9772844314575195,0.002535191597416997,0.002535191597416997,0.9989420771598816,0.828766942024231,0.8276655673980713,0.9573897123336792,0.0059575606137514114,0.0059575606137514114,0.997516393661499,0.7467581033706665,0.7508852481842041
9.0,4.0,0.9717732071876526,0.0030292528681457043,0.0030292528681457043,0.9987314343452454,0.8304488062858582,0.8296749591827393,0.9814220070838928,0.002765812911093235,0.002765812911093235,0.9988628625869751,0.768733024597168,0.7610474824905396
10.0,0.0,0.9724589586257935,0.0029714428819715977,0.0029714428819715977,0.998759388923645,0.7605321407318115,0.7596427202224731,0.9822676181793213,0.0023361663334071636,0.0023361663334071636,0.999028742313385,0.9109585881233215,0.9080901741981506
10.0,1.0,0.9768105149269104,0.002925596898421645,0.002925596898421645,0.9987787008285522,0.852687418460846,0.8515772819519043,0.9645870923995972,0.001938913483172655,0.001938913483172655,0.999220073223114,0.6369649171829224,0.6374174952507019
10.0,2.0,0.9750856757164001,0.0027952524833381176,0.0027952524833381176,0.9988369345664978,0.8001965880393982,0.7994788885116577,0.9762593507766724,0.002567977411672473,0.002567977411672473,0.9989277720451355,0.9716390371322632,0.9770493507385254
10.0,3.0,0.9790648221969604,0.0023705465719103813,0.0023705465719103813,0.999008059501648,0.8307698369026184,0.8301485180854797,0.9646004438400269,0.004855322651565075,0.004855322651565075,0.9979615211486816,0.751628577709198,0.755291759967804
10.0,4.0,0.9745628237724304,0.002788958139717579,0.002788958139717579,0.9988347887992859,0.8330951929092407,0.831960916519165,0.9830610156059265,0.002571445656940341,0.002571445656940341,0.998921275138855,0.7607516646385193,0.7629352807998657
11.0,0.0,0.9761524796485901,0.0028237432707101107,0.0028237432707101107,0.9988287091255188,0.761823832988739,0.7610160112380981,0.9836351871490479,0.0023102895356714725,0.0023102895356714725,0.999029815196991,0.9153376817703247,0.9118677377700806
11.0,1.0,0.9778827428817749,0.0027358110528439283,0.0027358110528439283,0.9988558888435364,0.8542641997337341,0.8537005186080933,0.9782608151435852,0.0017462533432990313,0.0017462533432990313,0.9992960691452026,0.638671875,0.6384953856468201
11.0,2.0,0.9769728779792786,0.0025876653380692005,0.0025876653380692005,0.9989202618598938,0.801413893699646,0.8014353513717651,0.9769777655601501,0.0024111890234053135,0.0024111890234053135,0.9989806413650513,0.9688781499862671,0.9756821990013123
11.0,3.0,0.9690419435501099,0.0024259586352854967,0.0024259586352854967,0.9990099668502808,0.8299813866615295,0.8282947540283203,0.9089487195014954,0.00596711877733469,0.00596711877733469,0.9975706934928894,0.7551273703575134,0.7482178807258606
11.0,4.0,0.9727987051010132,0.0024845502339303493,0.0024845502339303493,0.9989702701568604,0.8336244821548462,0.8328645825386047,0.9840025901794434,0.0022293583024293184,0.0022293583024293184,0.9990975260734558,0.764302670955658,0.7620759010314941
12.0,0.0,0.9775177836418152,0.002609659917652607,0.002609659917652607,0.9989158511161804,0.7627101540565491,0.762305736541748,0.9832939505577087,0.0020358236506581306,0.0020358236506581306,0.9991564154624939,0.9129136204719543,0.9141210317611694
12.0,1.0,0.9793129563331604,0.002569820499047637,0.002569820499047637,0.998926043510437,0.8557608723640442,0.8549177050590515,0.9774922132492065,0.0017179885180667043,0.0017179885180667043,0.9993104934692383,0.6403375267982483,0.6404222249984741
12.0,2.0,0.9797478914260864,0.002414773218333721,0.002414773218333721,0.998996913433075,0.8032359480857849,0.802514374256134,0.98329097032547,0.0021941044833511114,0.0021941044833511114,0.9991015791893005,0.984577476978302,0.9817546606063843
12.0,3.0,0.9824641942977905,0.002083360217511654,0.002083360217511654,0.9991340041160583,0.8309105634689331,0.8307972550392151,0.9677771925926208,0.004394605290144682,0.004394605290144682,0.9981963634490967,0.7588598132133484,0.7622976303100586
12.0,4.0,0.9787494540214539,0.002458313014358282,0.002458313014358282,0.9989768266677856,0.8351600170135498,0.8343504667282104,0.9830712080001831,0.0021718654315918684,0.0021718654315918684,0.9991278052330017,0.766409695148468,0.7641469836235046
13.0,0.0,0.9789220094680786,0.002470987616106868,0.002470987616106868,0.99897700548172,0.7623257637023926,0.7623435854911804,0.9841753840446472,0.0019847142975777388,0.0019847142975777388,0.9991748332977295,0.9144368171691895,0.9127527475357056
13.0,1.0,0.9801695942878723,0.0023952252231538296,0.0023952252231538296,0.9990066289901733,0.8564531207084656,0.8563949465751648,0.9748303890228271,0.0015693645691499114,0.0015693645691499114,0.9993558526039124,0.6389226317405701,0.6419239640235901
13.0,2.0,0.9814220070838928,0.002264155074954033,0.002264155074954033,0.9990556240081787,0.8036280870437622,0.8032727241516113,0.9818627238273621,0.002092046197503805,0.002092046197503805,0.9991390109062195,0.9887843728065491,0.9794426560401917
13.0,3.0,0.9835441708564758,0.0019386797212064266,0.0019386797212064266,0.9991926550865173,0.8328437805175781,0.8319783806800842,0.9692739844322205,0.0037821978330612183,0.0037821978330612183,0.9984192848205566,0.7620402574539185,0.7632274627685547
13.0,4.0,0.9791216850280762,0.002270424971356988,0.002270424971356988,0.9990537762641907,0.8355669379234314,0.8346133828163147,0.9850324392318726,0.002021303866058588,0.002021303866058588,0.9991849660873413,0.7656857967376709,0.7650026082992554
14.0,0.0,0.9805131554603577,0.0023314938880503178,0.0023314938880503178,0.9990365505218506,0.7648422718048096,0.7649853229522705,0.9865385293960571,0.0017570388736203313,0.0017570388736203313,0.9992760419845581,0.9151727557182312,0.9164717793464661
14.0,1.0,0.9815929532051086,0.002248597564175725,0.002248597564175725,0.999061107635498,0.857772946357727,0.8568114042282104,0.978788435459137,0.0014316231245175004,0.0014316231245175004,0.9994210600852966,0.6376397609710693,0.6414452195167542
14.0,2.0,0.9812937378883362,0.0021581717301160097,0.0021581717301160097,0.9991046786308289,0.8033578395843506,0.8035640716552734,0.9839282631874084,0.0017933342605829239,0.0017933342605829239,0.9992833733558655,0.980918824672699,0.9823245406150818
14.0,3.0,0.985096275806427,0.0018184835789725184,0.0018184835789725184,0.9992490410804749,0.8337998390197754,0.8329156041145325,0.9679797291755676,0.003535410389304161,0.003535410389304161,0.9985460638999939,0.763226330280304,0.7631604671478271
14.0,4.0,0.9812078475952148,0.0021284655667841434,0.0021284655667841434,0.999114990234375,0.8350189924240112,0.8348878622055054,0.9856444001197815,0.0018658011686056852,0.0018658011686056852,0.9992399215698242,0.7663124203681946,0.7648696303367615
15.0,0.0,0.9815114140510559,0.0021897833794355392,0.0021897833794355392,0.9990984201431274,0.7668553590774536,0.7665538787841797,0.9838145971298218,0.0018576734000816941,0.0018576734000816941,0.9992212653160095,0.9102799296379089,0.9156917333602905
15.0,1.0,0.9821869134902954,0.002128447173163295,0.002128447173163295,0.9991132616996765,0.8572704792022705,0.8568964004516602,0.985910177230835,0.0013291208306327462,0.0013291208306327462,0.9994685649871826,0.6373478174209595,0.6369235515594482
15.0,2.0,0.9825972318649292,0.002023669658228755,0.002023669658228755,0.9991593956947327,0.8051508665084839,0.8044825792312622,0.9845525622367859,0.0017128267791122198,0.0017128267791122198,0.9992911219596863,0.9753732085227966,0.980392336845398
15.0,3.0,0.9852368235588074,0.0016889607068151236,0.0016889607068151236,0.999301552772522,0.8332549929618835,0.8331750631332397,0.9694948196411133,0.003081285860389471,0.003081285860389471,0.9987421631813049,0.7624989748001099,0.7660940289497375
15.0,4.0,0.9825451374053955,0.0020217006094753742,0.0020217006094753742,0.9991661906242371,0.8376204371452332,0.8375661373138428,0.9837600588798523,0.00181806820910424,0.00181806820910424,0.9992557168006897,0.7656217813491821,0.765152096748352
16.0,0.0,0.9823681116104126,0.002030656673014164,0.002030656673014164,0.9991618394851685,0.7666786909103394,0.765936017036438,0.986958920955658,0.00152101693674922,0.00152101693674922,0.9993793964385986,0.9182988405227661,0.9168052077293396
16.0,1.0,0.9836223125457764,0.002015467034652829,0.002015467034652829,0.9991596937179565,0.8584719300270081,0.8583179712295532,0.9864762425422668,0.0012922611786052585,0.0012922611786052585,0.9994810223579407,0.6456847190856934,0.6448257565498352
16.0,2.0,0.9842978119850159,0.001898707589134574,0.001898707589134574,0.9992147088050842,0.8057188987731934,0.8054624199867249,0.9855372309684753,0.001723901485092938,0.001723901485092938,0.9992808699607849,0.9863408207893372,0.9827114939689636
16.0,3.0,0.9864025115966797,0.0015775614883750677,0.0015775614883750677,0.9993531703948975,0.8345234394073486,0.8343804478645325,0.970517635345459,0.0033619729802012444,0.0033619729802012444,0.9986058473587036,0.7616336345672607,0.7615327835083008
16.0,4.0,0.984239935874939,0.0018849102780222893,0.0018849102780222893,0.9992150068283081,0.8382921814918518,0.8382184505462646,0.982968270778656,0.0018222378566861153,0.0018222378566861153,0.9992420673370361,0.765180230140686,0.7681366205215454
17.0,0.0,0.9840580224990845,0.0019335844554007053,0.0019335844554007053,0.999204695224762,0.7682241797447205,0.7678012251853943,0.9886301755905151,0.001447519171051681,0.001447519171051681,0.9994020462036133,0.9167446494102478,0.9145964980125427
17.0,1.0,0.983954906463623,0.0019033561693504453,0.0019033561693504453,0.9992086887359619,0.8604113459587097,0.8599362373352051,0.9728928804397583,0.0010923855006694794,0.0010923855006694794,0.9995757937431335,0.643410861492157,0.6453385949134827
17.0,2.0,0.9847453832626343,0.0017922281986102462,0.0017922281986102462,0.9992620348930359,0.8074766397476196,0.806808352470398,0.9855101704597473,0.0013857504818588495,0.0013857504818588495,0.9994477033615112,0.9762514233589172,0.9812175035476685
17.0,3.0,0.9865111112594604,0.001494290423579514,0.001494290423579514,0.9993842244148254,0.8341166973114014,0.8338769674301147,0.9737614989280701,0.002825669478625059,0.002825669478625059,0.998834490776062,0.7634180784225464,0.7656553387641907
17.0,4.0,0.9841820597648621,0.0017463858239352703,0.0017463858239352703,0.9992766380310059,0.8392045497894287,0.8383123278617859,0.9837267398834229,0.001662851427681744,0.001662851427681744,0.9993169903755188,0.7668459415435791,0.7686300277709961
18.0,0.0,0.982743501663208,0.0018381369300186634,0.0018381369300186634,0.999243438243866,0.7673841118812561,0.7676968574523926,0.9900718927383423,0.0013213788624852896,0.0013213788624852896,0.9994621872901917,0.9201400876045227,0.919194757938385
18.0,1.0,0.9858272075653076,0.0017763242358341813,0.0017763242358341813,0.9992654323577881,0.8607847094535828,0.8604028224945068,0.9908333420753479,0.0009678362985141575,0.0009678362985141575,0.9996379613876343,0.6471863985061646,0.6478476524353027
18.0,2.0,0.9857099056243896,0.001698749721981585,0.001698749721981585,0.9992973804473877,0.8075888156890869,0.807232677936554,0.9886727929115295,0.0012023855233564973,0.0012023855233564973,0.9995431900024414,0.9865039587020874,0.985946536064148
18.0,3.0,0.9883837699890137,0.0013980696676298976,0.0013980696676298976,0.9994300603866577,0.8357328176498413,0.8355883955955505,0.977094292640686,0.0030987500213086605,0.0030987500213086605,0.9987165331840515,0.765068531036377,0.7701093554496765
18.0,4.0,0.9852138161659241,0.001672921353019774,0.001672921353019774,0.9993166923522949,0.8401395678520203,0.8398934006690979,0.9832085371017456,0.0014448410365730524,0.0014448410365730524,0.9994342923164368,0.768064558506012,0.7685620784759521
19.0,0.0,0.9849137663841248,0.001701983972452581,0.001701983972452581,0.9993107914924622,0.7698870301246643,0.7689442038536072,0.9897299408912659,0.0013928619446232915,0.0013928619446232915,0.9994127154350281,0.915173351764679,0.9183251261711121
19.0,1.0,0.9862318634986877,0.001678996253758669,0.001678996253758669,0.9993069767951965,0.8615851998329163,0.8614066243171692,0.9848127365112305,0.0009193598525598645,0.0009193598525598645,0.9996458292007446,0.6435638666152954,0.6457381844520569
19.0,2.0,0.9864805936813354,0.0015878684353083372,0.0015878684353083372,0.9993532299995422,0.8088641166687012,0.8078306913375854,0.9888636469841003,0.001241949968971312,0.001241949968971312,0.9994940757751465,0.9820392727851868,0.9854174852371216
19.0,3.0,0.98824143409729,0.0013242099666967988,0.0013242099666967988,0.9994663596153259,0.8363113403320312,0.836493730545044,0.9783415198326111,0.0027519615832716227,0.0027519615832716227,0.998860776424408,0.7685292363166809,0.7688629627227783
19.0,4.0,0.9863427877426147,0.0015567826339975,0.0015567826339975,0.9993647933006287,0.839911162853241,0.8399616479873657,0.9902690052986145,0.0013324801111593843,0.0013324801111593843,0.999489426612854,0.7687569856643677,0.7694342732429504
20.0,0.0,0.9865624904632568,0.0015990869142115116,0.0015990869142115116,0.9993577003479004,0.7692818641662598,0.7691624760627747,0.9913421273231506,0.0011742176720872521,0.0011742176720872521,0.9995174407958984,0.9183217287063599,0.919348418712616
20.0,1.0,0.9870823621749878,0.0015743100084364414,0.0015743100084364414,0.9993562698364258,0.8608269691467285,0.8607886433601379,0.9903584718704224,0.0009387703612446785,0.0009387703612446785,0.9996313452720642,0.6441744565963745,0.6457058787345886
20.0,2.0,0.9874065518379211,0.0014826873084530234,0.0014826873084530234,0.999399721622467,0.8077172040939331,0.8074687719345093,0.9882968664169312,0.0011018457589671016,0.0011018457589671016,0.9995643496513367,0.9819144010543823,0.9844728112220764
20.0,3.0,0.9896842837333679,0.0012174381408840418,0.0012174381408840418,0.9995062351226807,0.8351858854293823,0.8351473808288574,0.9793357253074646,0.0029265559278428555,0.0029265559278428555,0.9988411068916321,0.772040069103241,0.774935781955719
20.0,4.0,0.9868751168251038,0.0014599417336285114,0.0014599417336285114,0.9994066953659058,0.8413369655609131,0.840664267539978,0.9896785616874695,0.001257747528143227,0.001257747528143227,0.9995152354240417,0.768777072429657,0.7700946927070618
21.0,0.0,0.9868609309196472,0.0015119444578886032,0.0015119444578886032,0.9993952512741089,0.7699231505393982,0.7705124616622925,0.9915965795516968,0.00102120207156986,0.00102120207156986,0.9996042847633362,0.9199102520942688,0.9208090901374817
21.0,1.0,0.9876435399055481,0.0014954606303945184,0.0014954606303945184,0.9993940591812134,0.8621118068695068,0.8612771034240723,0.986799418926239,0.0007511660223826766,0.0007511660223826766,0.9997317790985107,0.6481191515922546,0.6462350487709045
21.0,2.0,0.9870676398277283,0.0013857679441571236,0.0013857679441571236,0.9994401931762695,0.8096351623535156,0.8097306489944458,0.990253746509552,0.0010886111995205283,0.0010886111995205283,0.9995641708374023,0.9867197275161743,0.9869897961616516
21.0,3.0,0.9901477098464966,0.001148788258433342,0.001148788258433342,0.9995377659797668,0.8367637395858765,0.8369484543800354,0.9808617830276489,0.002413344569504261,0.002413344569504261,0.9990037679672241,0.7741250395774841,0.7725633978843689
21.0,4.0,0.9883671402931213,0.001385694951750338,0.001385694951750338,0.999439001083374,0.8409990072250366,0.8411199450492859,0.9894498586654663,0.0012355028884485364,0.0012355028884485364,0.9995236992835999,0.7697852253913879,0.7668330669403076
22.0,0.0,0.9875137209892273,0.0014503153506666422,0.0014503153506666422,0.9994210600852966,0.7714029550552368,0.770637035369873,0.9924570322036743,0.000910374685190618,0.000910374685190618,0.9996559619903564,0.9199400544166565,0.9201769232749939
22.0,1.0,0.9888507127761841,0.001406881958246231,0.001406881958246231,0.999436616897583,0.8619360327720642,0.8617961406707764,0.9918298125267029,0.0007604978745803237,0.0007604978745803237,0.9997252821922302,0.649648129940033,0.6488600969314575
22.0,2.0,0.9894982576370239,0.001290460117161274,0.001290460117161274,0.9994847774505615,0.8091868758201599,0.8092103600502014,0.9908798933029175,0.0010007271775975823,0.0010007271775975823,0.9995981454849243,0.9896606802940369,0.9869354367256165
22.0,3.0,0.9906934499740601,0.001078933710232377,0.001078933710232377,0.9995698928833008,0.8372499942779541,0.8371585011482239,0.9829115271568298,0.002182118594646454,0.002182118594646454,0.999112069606781,0.7693930268287659,0.7721017599105835
22.0,4.0,0.9882866144180298,0.0012923342874273658,0.0012923342874273658,0.9994832873344421,0.8411920070648193,0.840873658657074,0.986443042755127,0.0012003836454823613,0.0012003836454823613,0.9995306730270386,0.7690412402153015,0.7704991698265076
23.0,0.0,0.9879223108291626,0.0013456145534291863,0.0013456145534291863,0.9994651079177856,0.7705203294754028,0.7705459594726562,0.9931177496910095,0.0008390460279770195,0.0008390460279770195,0.9996852278709412,0.9207897186279297,0.9207560420036316
23.0,1.0,0.9889672994613647,0.001317957998253405,0.001317957998253405,0.9994715452194214,0.8637830018997192,0.863315761089325,0.9903513789176941,0.0006510426755994558,0.0006510426755994558,0.9997606873512268,0.6462872624397278,0.6476725339889526
23.0,2.0,0.9894648194313049,0.0012217405019327998,0.0012217405019327998,0.9995189905166626,0.8095958232879639,0.8093082904815674,0.9911759495735168,0.000973174930550158,0.000973174930550158,0.9996156692504883,0.9851102828979492,0.9852184057235718
23.0,3.0,0.9917454719543457,0.0010102445958182216,0.0010102445958182216,0.9995983839035034,0.8381928205490112,0.8378740549087524,0.982668936252594,0.0021882206201553345,0.0021882206201553345,0.9991280436515808,0.7719776630401611,0.774164080619812
23.0,4.0,0.9898639917373657,0.0012230759020894766,0.0012230759020894766,0.9995123147964478,0.8425627946853638,0.8424432873725891,0.9916855692863464,0.001147810835391283,0.001147810835391283,0.9995432496070862,0.7701462507247925,0.7675930857658386
24.0,0.0,0.9889049530029297,0.0012333481572568417,0.0012333481572568417,0.9995119571685791,0.7720590233802795,0.7719554305076599,0.993474006652832,0.0009080078452825546,0.0009080078452825546,0.9996399879455566,0.9196707606315613,0.9206564426422119
24.0,1.0,0.989799976348877,0.0012337121879681945,0.0012337121879681945,0.9995083808898926,0.8647571206092834,0.8644965291023254,0.9929304122924805,0.0005333456210792065,0.0005333456210792065,0.9998233318328857,0.6462854743003845,0.6472545266151428
24.0,2.0,0.9903134107589722,0.0011689256643876433,0.0011689256643876433,0.9995375871658325,0.81086665391922,0.8105044364929199,0.9939785599708557,0.0007228945614770055,0.0007228945614770055,0.9997387528419495,0.9900659918785095,0.9918665885925293
24.0,3.0,0.991254985332489,0.0009463081951253116,0.0009463081951253116,0.999626636505127,0.8379519581794739,0.8380022048950195,0.9808023571968079,0.0021448973566293716,0.0021448973566293716,0.999130129814148,0.7790545225143433,0.7744839787483215
24.0,4.0,0.9894327521324158,0.0011666702339425683,0.0011666702339425683,0.999535083770752,0.842519998550415,0.8423143625259399,0.9905588626861572,0.0010066278045997024,0.0010066278045997024,0.9996246099472046,0.7685397863388062,0.7704392671585083
25.0,0.0,0.9895632863044739,0.0011851340532302856,0.0011851340532302856,0.9995387196540833,0.7718305587768555,0.7721565961837769,0.994356095790863,0.0007512107840739191,0.0007512107840739191,0.9997201561927795,0.9212968945503235,0.9205378890037537
25.0,1.0,0.9905111193656921,0.0011674619745463133,0.0011674619745463133,0.9995396137237549,0.8641932606697083,0.8641409277915955,0.986916184425354,0.0005990444915369153,0.0005990444915369153,0.9997881650924683,0.6489696502685547,0.6490288376808167
25.0,2.0,0.9906191825866699,0.0011073341593146324,0.0011073341593146324,0.9995666146278381,0.8107650876045227,0.8105112910270691,0.9951062798500061,0.0006270995945669711,0.0006270995945669711,0.9997726082801819,0.9937295317649841,0.9939877390861511
25.0,3.0,0.9930136203765869,0.0008813523454591632,0.0008813523454591632,0.9996622800827026,0.8392767310142517,0.8388872742652893,0.9840144515037537,0.0018513884861022234,0.0018513884861022234,0.9992607235908508,0.7747423648834229,0.7763879895210266
25.0,4.0,0.9811440110206604,0.0017293875571340322,0.0017293875571340322,0.9994290471076965,0.8432403206825256,0.8424510359764099,0.9909266233444214,0.0011047723237425089,0.0011047723237425089,0.9995705485343933,0.7703391909599304,0.7661426067352295
26.0,0.0,0.9909203052520752,0.0010034729493781924,0.0010034729493781924,0.99962317943573,0.7749679684638977,0.7738727927207947,0.9948827624320984,0.0006632485892623663,0.0006632485892623663,0.9997585415840149,0.9225670099258423,0.922765851020813
26.0,1.0,0.9925682544708252,0.0010061328066512942,0.0010061328066512942,0.9996143579483032,0.866096556186676,0.8666404485702515,0.99465411901474,0.00047709845239296556,0.00047709845239296556,0.9998436570167542,0.6445335149765015,0.6440317630767822
26.0,2.0,0.9924143552780151,0.0010197954252362251,0.0010197954252362251,0.9996079802513123,0.8111875653266907,0.811048150062561,0.993774950504303,0.0009141560876742005,0.0009141560876742005,0.9996227622032166,0.9903773069381714,0.9910935163497925
26.0,3.0,0.993431031703949,0.0008347576949745417,0.0008347576949745417,0.999681830406189,0.8393858671188354,0.8394181728363037,0.985802948474884,0.0018133465200662613,0.0018133465200662613,0.999277651309967,0.7744359970092773,0.7766814827919006
26.0,4.0,0.9916357398033142,0.0010650602634996176,0.0010650602634996176,0.999586284160614,0.8448771238327026,0.84485924243927,0.9926819801330566,0.00082465197192505,0.00082465197192505,0.9997130036354065,0.7698563933372498,0.7709928750991821
27.0,0.0,0.9909504652023315,0.0010756135452538729,0.0010756135452538729,0.9995842576026917,0.7748107314109802,0.7744759917259216,0.9932135343551636,0.0006635758909396827,0.0006635758909396827,0.999756932258606,0.9195708632469177,0.9214866757392883
27.0,1.0,0.9911918640136719,0.0010563214309513569,0.0010563214309513569,0.9995856881141663,0.8636569976806641,0.8639724254608154,0.994817852973938,0.000450067687779665,0.000450067687779665,0.9998531341552734,0.6473143696784973,0.646864652633667
27.0,2.0,0.9918537735939026,0.000999071286059916,0.000999071286059916,0.9996168613433838,0.8116759657859802,0.8119033575057983,0.9950312972068787,0.0006780220428481698,0.0006780220428481698,0.9997340440750122,0.9950350522994995,0.992167055606842
27.0,3.0,0.9932401180267334,0.0007930651190690696,0.0007930651190690696,0.9996992349624634,0.8397421836853027,0.8395767211914062,0.9842062592506409,0.0020639942958950996,0.0020639942958950996,0.9991189241409302,0.774124026298523,0.7720605731010437
27.0,4.0,0.9915159344673157,0.0009894631803035736,0.0009894631803035736,0.9996137022972107,0.8446437120437622,0.8446412086486816,0.9930804967880249,0.0008249306119978428,0.0008249306119978428,0.9996969699859619,0.7711427807807922,0.7715728282928467
28.0,0.0,0.9905193448066711,0.0010181923862546682,0.0010181923862546682,0.999605655670166,0.7734358906745911,0.7730011343955994,0.9946756362915039,0.000650483591016382,0.000650483591016382,0.9997575283050537,0.9222596883773804,0.9222517609596252
28.0,1.0,0.9915125966072083,0.0010128176072612405,0.0010128176072612405,0.9996094107627869,0.8648680448532104,0.8647301197052002,0.9890970587730408,0.000532843463588506,0.000532843463588506,0.9998115301132202,0.6489275097846985,0.6492348313331604
28.0,2.0,0.9920973181724548,0.0009441875736229122,0.0009441875736229122,0.9996365904808044,0.8123703598976135,0.8121486902236938,0.9962201714515686,0.0005444605485536158,0.0005444605485536158,0.999800980091095,0.9942089319229126,0.9941228032112122
28.0,3.0,0.9937806129455566,0.0007312764646485448,0.0007312764646485448,0.9997258186340332,0.8398025631904602,0.839659571647644,0.9859839081764221,0.0016391263343393803,0.0016391263343393803,0.9993504285812378,0.7766103148460388,0.7750110030174255
28.0,4.0,0.9912048578262329,0.000961011741310358,0.000961011741310358,0.9996334910392761,0.8439384698867798,0.8439287543296814,0.9916316866874695,0.0008333350997418165,0.0008333350997418165,0.9996873140335083,0.769008219242096,0.7708086967468262
29.0,0.0,0.9916220307350159,0.0009924180340021849,0.0009924180340021849,0.9996200799942017,0.7748370170593262,0.7744458317756653,0.9941309094429016,0.0005614002584479749,0.0005614002584479749,0.9998034238815308,0.9210212826728821,0.9215972423553467
29.0,1.0,0.9923757910728455,0.0009539089514873922,0.0009539089514873922,0.9996306300163269,0.8655001521110535,0.8654538989067078,0.9910624027252197,0.00041452638106420636,0.00041452638106420636,0.9998580813407898,0.6446741819381714,0.6445225477218628
29.0,2.0,0.9925711154937744,0.0008938981918618083,0.0008938981918618083,0.9996610283851624,0.8122260570526123,0.812138557434082,0.9947976469993591,0.0006890012882649899,0.0006890012882649899,0.99973064661026,0.9951332211494446,0.9931511878967285
29.0,3.0,0.9942540526390076,0.0007052409346215427,0.0007052409346215427,0.9997402429580688,0.8401179909706116,0.8395431041717529,0.987398624420166,0.0015594966243952513,0.0015594966243952513,0.9993813037872314,0.7791460752487183,0.7795048356056213
29.0,4.0,0.9925718307495117,0.0008977323886938393,0.0008977323886938393,0.9996560215950012,0.8455395698547363,0.8453338146209717,0.9941383004188538,0.0007137065986171365,0.0007137065986171365,0.999750554561615,0.7730135917663574,0.7713178992271423
30.0,0.0,0.9939410090446472,0.0006379542755894363,0.0006379542755894363,0.9997965097427368,0.7765089273452759,0.7762967944145203,0.9963268041610718,0.00044302738388068974,0.00044302738388068974,0.9998568296432495,0.9226780533790588,0.922134280204773
30.0,1.0,0.9951651096343994,0.0005391493323259056,0.0005391493323259056,0.9998394250869751,0.8686018586158752,0.8683597445487976,0.9970917701721191,0.00022701248235534877,0.00022701248235534877,0.9999507069587708,0.650066077709198,0.6502655744552612
30.0,2.0,0.9956339597702026,0.00046579819172620773,0.00046579819172620773,0.9998726844787598,0.8149030208587646,0.8149796724319458,0.9978865385055542,0.000288662820821628,0.000288662820821628,0.9999202489852905,0.9952074289321899,0.9950380921363831
30.0,3.0,0.9968993067741394,0.0003419190470594913,0.0003419190470594913,0.9999116063117981,0.8420540690422058,0.8418236374855042,0.9915906190872192,0.0008559735142625868,0.0008559735142625868,0.9997538924217224,0.7834056615829468,0.782925009727478
30.0,4.0,0.9962714910507202,0.00040281700785271823,0.00040281700785271823,0.9998900294303894,0.8482790589332581,0.8481621146202087,0.9957857728004456,0.0004488425620365888,0.0004488425620365888,0.99989253282547,0.7732531428337097,0.7730970978736877
31.0,0.0,0.9956468939781189,0.0004624002904165536,0.0004624002904165536,0.9998769164085388,0.7781645059585571,0.7780814170837402,0.9974446296691895,0.0002884895948227495,0.0002884895948227495,0.9999274611473083,0.9242370128631592,0.9242833852767944
31.0,1.0,0.9960246682167053,0.0004381616599857807,0.0004381616599857807,0.999880850315094,0.8692241311073303,0.8691707849502563,0.9978993535041809,0.00016885162040125579,0.00016885162040125579,0.9999688267707825,0.650509238243103,0.6505212187767029
31.0,2.0,0.9961965084075928,0.000399245647713542,0.000399245647713542,0.9998947381973267,0.8152839541435242,0.8151216506958008,0.9983155131340027,0.00023168289044406265,0.00023168289044406265,0.9999445676803589,0.995276927947998,0.9952204823493958
31.0,3.0,0.9972653985023499,0.0002992486988659948,0.0002992486988659948,0.9999248385429382,0.8424036502838135,0.842349112033844,0.992436945438385,0.0007686010794714093,0.0007686010794714093,0.9997790455818176,0.7837596535682678,0.7831881046295166
31.0,4.0,0.9966644644737244,0.0003584985388442874,0.0003584985388442874,0.9999017715454102,0.8483028411865234,0.8483174443244934,0.9960808157920837,0.000404772290494293,0.000404772290494293,0.9999064207077026,0.7733556628227234,0.7731640934944153
32.0,0.0,0.9960249662399292,0.0004187683225609362,0.0004187683225609362,0.9998898506164551,0.7783516049385071,0.7782483696937561,0.9977956414222717,0.00025060895131900907,0.00025060895131900907,0.9999393224716187,0.9244168400764465,0.9243836402893066
32.0,1.0,0.9963700771331787,0.00039965304313227534,0.00039965304313227534,0.9998934268951416,0.8694757223129272,0.8693188428878784,0.9981614351272583,0.0001468499394832179,0.0001468499394832179,0.9999710321426392,0.6505349278450012,0.6505229473114014
32.0,2.0,0.9964791536331177,0.00036634603748098016,0.00036634603748098016,0.9999021291732788,0.815354585647583,0.815300703048706,0.9985442161560059,0.0002061654522549361,0.0002061654522549361,0.9999518394470215,0.9953356981277466,0.995299220085144
32.0,3.0,0.9975314736366272,0.0002745826786849648,0.0002745826786849648,0.9999310970306396,0.8424313068389893,0.8423658013343811,0.9930345416069031,0.0006996776210144162,0.0006996776210144162,0.9998055696487427,0.7835789918899536,0.783349871635437
32.0,4.0,0.9969055652618408,0.00033154620905406773,0.00033154620905406773,0.9999079704284668,0.8484485149383545,0.8483688235282898,0.9963231086730957,0.00037359530688263476,0.00037359530688263476,0.9999145865440369,0.7733083963394165,0.7731866836547852
33.0,0.0,0.9962568879127502,0.0003871267253998667,0.0003871267253998667,0.9998975992202759,0.7785256505012512,0.7783644795417786,0.9979657530784607,0.00022843159968033433,0.00022843159968033433,0.9999452233314514,0.924422025680542,0.9243983626365662
33.0,1.0,0.996631920337677,0.00037208778667263687,0.00037208778667263687,0.9998995065689087,0.8693898320198059,0.8693479299545288,0.9983654022216797,0.00013190349272917956,0.00013190349272917956,0.9999759197235107,0.6505514979362488,0.6505423784255981
33.0,2.0,0.9966802000999451,0.0003420510038267821,0.0003420510038267821,0.9999082684516907,0.8154919743537903,0.8153548240661621,0.9987607002258301,0.0001840421900851652,0.0001840421900851652,0.9999563097953796,0.9953795671463013,0.9952777624130249
33.0,3.0,0.9976410269737244,0.0002546158211771399,0.0002546158211771399,0.9999362230300903,0.8424583673477173,0.8424047827720642,0.9933139681816101,0.0006491399835795164,0.0006491399835795164,0.9998223185539246,0.7838801145553589,0.7836904525756836
33.0,4.0,0.9971331357955933,0.00030760301160626113,0.00030760301160626113,0.9999154806137085,0.848577082157135,0.8485177755355835,0.996494710445404,0.000352555129211396,0.000352555129211396,0.9999201893806458,0.773535966873169,0.7732842564582825
34.0,0.0,0.9964829087257385,0.0003619397175498307,0.0003619397175498307,0.9999030232429504,0.778501033782959,0.7783627510070801,0.9980039596557617,0.00021393065981101245,0.00021393065981101245,0.999949038028717,0.9244147539138794,0.9244292974472046
34.0,1.0,0.9967617988586426,0.0003487521898932755,0.0003487521898932755,0.9999046325683594,0.869469165802002,0.8692595362663269,0.9984899163246155,0.00011775982420658693,0.00011775982420658693,0.9999786615371704,0.6505547761917114,0.6505516171455383
34.0,2.0,0.9969683289527893,0.00031999172642827034,0.00031999172642827034,0.9999153017997742,0.8154595494270325,0.8153737187385559,0.9988746047019958,0.0001709057396510616,0.0001709057396510616,0.9999621510505676,0.9954115152359009,0.9953846335411072
34.0,3.0,0.9978247284889221,0.00023822268121875823,0.00023822268121875823,0.9999383091926575,0.8424881100654602,0.8424491286277771,0.9939171075820923,0.0006055888370610774,0.0006055888370610774,0.999835729598999,0.7845490574836731,0.7839744687080383
34.0,4.0,0.9973761439323425,0.00028913244022987783,0.00028913244022987783,0.9999202489852905,0.8486915230751038,0.8485904335975647,0.9967147707939148,0.0003295349597465247,0.0003295349597465247,0.9999260306358337,0.7735236883163452,0.773308277130127
35.0,0.0,0.9966946244239807,0.0003401038411539048,0.0003401038411539048,0.9999083876609802,0.7786461710929871,0.7784597873687744,0.9982000589370728,0.0001995053025893867,0.0001995053025893867,0.9999528527259827,0.924445629119873,0.9244363307952881
35.0,1.0,0.9969634413719177,0.0003280541277490556,0.0003280541277490556,0.9999114274978638,0.86943119764328,0.8693855404853821,0.9986107349395752,0.00010741993901319802,0.00010741993901319802,0.9999784231185913,0.6505611538887024,0.6505627632141113
35.0,2.0,0.9970695972442627,0.00030180535395629704,0.00030180535395629704,0.9999179840087891,0.8155352473258972,0.8154471516609192,0.9989644885063171,0.00015586017980240285,0.00015586017980240285,0.9999611973762512,0.9951896667480469,0.9952859282493591
35.0,3.0,0.9978773593902588,0.00022348643688019365,0.00022348643688019365,0.9999436140060425,0.8425255417823792,0.8424782752990723,0.9941446781158447,0.0005826688720844686,0.0005826688720844686,0.9998409748077393,0.7845628261566162,0.7837755084037781
35.0,4.0,0.9974775910377502,0.00027233053697273135,0.00027233053697273135,0.9999234080314636,0.8487417101860046,0.848615288734436,0.9968225359916687,0.00030970689840614796,0.00030970689840614796,0.9999271035194397,0.7732898592948914,0.773195743560791
36.0,0.0,0.9969334006309509,0.0003202306688763201,0.0003202306688763201,0.9999150037765503,0.7785314917564392,0.7785298824310303,0.9982877373695374,0.00018816560623236,0.00018816560623236,0.9999551773071289,0.9244601130485535,0.9244546294212341
36.0,1.0,0.9971474409103394,0.0003101139154750854,0.0003101139154750854,0.9999150037765503,0.8696997165679932,0.8695299029350281,0.9987030625343323,0.00010025000665336847,0.00010025000665336847,0.9999809861183167,0.6505874991416931,0.6505625247955322
36.0,2.0,0.9972575306892395,0.0002853794430848211,0.0002853794430848211,0.9999235272407532,0.8155421614646912,0.8155235052108765,0.9990842938423157,0.00014326514792628586,0.00014326514792628586,0.9999661445617676,0.9953799843788147,0.9953907132148743
36.0,3.0,0.9981430768966675,0.0002117869589710608,0.0002117869589710608,0.9999456405639648,0.8426318764686584,0.8425348997116089,0.9944601655006409,0.0005535784875974059,0.0005535784875974059,0.9998425245285034,0.7848111987113953,0.7839227318763733
36.0,4.0,0.997589111328125,0.0002569528587628156,0.0002569528587628156,0.9999279975891113,0.8486106991767883,0.8485613465309143,0.9969630241394043,0.00029647303745150566,0.00029647303745150566,0.9999322295188904,0.7736061215400696,0.7733485698699951
37.0,0.0,0.997042179107666,0.0003037659334950149,0.0003037659334950149,0.9999181032180786,0.7787162661552429,0.7785652279853821,0.9984687566757202,0.00017773428407963365,0.00017773428407963365,0.9999569654464722,0.9244652390480042,0.9244615435600281
37.0,1.0,0.9972547292709351,0.00029440695652738214,0.00029440695652738214,0.9999182224273682,0.8696699142456055,0.8695265054702759,0.9987697601318359,9.006813343148679e-05,9.006813343148679e-05,0.9999830722808838,0.6505957245826721,0.6505852341651917
37.0,2.0,0.9973835945129395,0.0002700424811337143,0.0002700424811337143,0.9999279975891113,0.8154202699661255,0.8153981566429138,0.9991376996040344,0.00013422398478724062,0.00013422398478724062,0.9999701380729675,0.9954301118850708,0.9953993558883667
37.0,3.0,0.9981725215911865,0.0002002366672968492,0.0002002366672968492,0.9999470114707947,0.8425156474113464,0.8424779176712036,0.9948741793632507,0.0005082552088424563,0.0005082552088424563,0.9998623728752136,0.7848823070526123,0.7842739224433899
37.0,4.0,0.9977208971977234,0.00024269144341815263,0.00024269144341815263,0.9999313354492188,0.8486214876174927,0.8485771417617798,0.9970565438270569,0.00027861568378284574,0.00027861568378284574,0.9999340772628784,0.7735703587532043,0.7733536958694458
38.0,0.0,0.9972485303878784,0.0002876538783311844,0.0002876538783311844,0.9999234676361084,0.7787154912948608,0.778563916683197,0.9984943270683289,0.00017020097584463656,0.00017020097584463656,0.9999586343765259,0.9244430661201477,0.9244880676269531
38.0,1.0,0.9973509907722473,0.00027901973226107657,0.00027901973226107657,0.9999226331710815,0.8695297241210938,0.8695617914199829,0.9988503456115723,8.529421029379591e-05,8.529421029379591e-05,0.9999837875366211,0.6505938172340393,0.6505862474441528
38.0,2.0,0.997572124004364,0.0002562697045505047,0.0002562697045505047,0.9999301433563232,0.8157039284706116,0.8155505657196045,0.9992331266403198,0.000121405886602588,0.000121405886602588,0.9999739527702332,0.9954525232315063,0.9954271912574768
38.0,3.0,0.9983189702033997,0.0001900290371850133,0.0001900290371850133,0.9999495148658752,0.8425363302230835,0.8424950838088989,0.9949640035629272,0.000489755067974329,0.000489755067974329,0.9998647570610046,0.784813404083252,0.78451007604599
38.0,4.0,0.9977673888206482,0.00022983364760875702,0.00022983364760875702,0.999935507774353,0.8486747741699219,0.8485947847366333,0.9970843195915222,0.0002686633379198611,0.0002686633379198611,0.999937891960144,0.773482620716095,0.7733137607574463
39.0,0.0,0.9972866773605347,0.00027376547222957015,0.00027376547222957015,0.9999263286590576,0.7786960005760193,0.7786571979522705,0.9985401034355164,0.00015524135960731655,0.00015524135960731655,0.999962568283081,0.924437403678894,0.9244860410690308
39.0,1.0,0.9976191520690918,0.00026460509980097413,0.00026460509980097413,0.9999258518218994,0.8694830536842346,0.8694586157798767,0.9989519119262695,7.7601864177268e-05,7.7601864177268e-05,0.9999855160713196,0.6505887508392334,0.6505917310714722
39.0,2.0,0.9976242184638977,0.00024344513076357543,0.00024344513076357543,0.9999324083328247,0.8156736493110657,0.8155635595321655,0.999286949634552,0.00011441388778621331,0.00011441388778621331,0.9999743700027466,0.9954352378845215,0.9954330325126648
39.0,3.0,0.9982524514198303,0.00018152393749915063,0.00018152393749915063,0.9999522566795349,0.8423835635185242,0.8424054980278015,0.9953700304031372,0.00046591772115789354,0.00046591772115789354,0.9998703598976135,0.785152018070221,0.7845112681388855
39.0,4.0,0.9979361891746521,0.0002176231937482953,0.0002176231937482953,0.9999393820762634,0.8488063216209412,0.8487755656242371,0.9972436428070068,0.0002536967513151467,0.0002536967513151467,0.9999417662620544,0.7736689448356628,0.7733984589576721
40.0,0.0,0.9974287748336792,0.00026010145666077733,0.00026010145666077733,0.9999310970306396,0.7786421179771423,0.7785527110099792,0.9986944794654846,0.0001508150016888976,0.0001508150016888976,0.9999644756317139,0.9245066046714783,0.9245032668113708
40.0,1.0,0.9976293444633484,0.0002521729620639235,0.0002521729620639235,0.9999313354492188,0.869599461555481,0.8695161938667297,0.999058187007904,7.164314592955634e-05,7.164314592955634e-05,0.9999864101409912,0.6505846381187439,0.6505962610244751
40.0,2.0,0.9977693557739258,0.00023220793809741735,0.00023220793809741735,0.9999359846115112,0.8157281279563904,0.815666139125824,0.9993301033973694,0.00010525014658924192,0.00010525014658924192,0.9999784827232361,0.9954253435134888,0.9954403638839722
40.0,3.0,0.9984299540519714,0.00017134785593952984,0.00017134785593952984,0.9999541640281677,0.8425650596618652,0.8425170183181763,0.9955825209617615,0.00044424584484659135,0.00044424584484659135,0.9998831152915955,0.7851348519325256,0.7847326397895813
40.0,4.0,0.998148500919342,0.0002063043648377061,0.0002063043648377061,0.9999412894248962,0.8488370776176453,0.8488075137138367,0.9973344206809998,0.0002443036937620491,0.0002443036937620491,0.999945878982544,0.7736762166023254,0.7734075784683228
41.0,0.0,0.997607409954071,0.0002476813388057053,0.0002476813388057053,0.9999332427978516,0.7787574529647827,0.778635561466217,0.998538076877594,0.00013931833382230252,0.00013931833382230252,0.9999676942825317,0.9245073199272156,0.9245012402534485
41.0,1.0,0.9977166652679443,0.00024000786652322859,0.00024000786652322859,0.999932587146759,0.8697060346603394,0.8696078658103943,0.9990386366844177,6.727095023961738e-05,6.727095023961738e-05,0.9999879598617554,0.6505882740020752,0.6505987644195557
41.0,2.0,0.9977741241455078,0.00022159084619488567,0.00022159084619488567,0.9999399185180664,0.8156606554985046,0.8156306743621826,0.9993962645530701,9.998103632824495e-05,9.998103632824495e-05,0.9999813437461853,0.9954232573509216,0.9954602122306824
41.0,3.0,0.9984785318374634,0.00016359907749574631,0.00016359907749574631,0.999957263469696,0.8425844311714172,0.8425245881080627,0.9956750273704529,0.0004335455014370382,0.0004335455014370382,0.9998765587806702,0.7852569818496704,0.7844610214233398
41.0,4.0,0.9982454180717468,0.0001968072319868952,0.0001968072319868952,0.9999445080757141,0.8488373756408691,0.8488168120384216,0.997413694858551,0.00023444186081178486,0.00023444186081178486,0.9999424815177917,0.7734346389770508,0.7733162641525269
42.0,0.0,0.9976216554641724,0.00023626498295925558,0.00023626498295925558,0.9999352097511292,0.778764009475708,0.778700053691864,0.9987871050834656,0.0001315515546593815,0.0001315515546593815,0.9999687671661377,0.9244968295097351,0.9245152473449707
42.0,1.0,0.9978283643722534,0.00023001465888228267,0.00023001465888228267,0.9999377727508545,0.8698282837867737,0.8697091341018677,0.9991387724876404,6.171524728415534e-05,6.171524728415534e-05,0.9999892711639404,0.6506457924842834,0.650620698928833
42.0,2.0,0.9979019165039062,0.00021021692373324186,0.00021021692373324186,0.999942421913147,0.8157576322555542,0.8156806230545044,0.999437689781189,9.411191422259435e-05,9.411191422259435e-05,0.9999788999557495,0.9954196214675903,0.995445728302002
42.0,3.0,0.9984974265098572,0.0001571607863297686,0.0001571607863297686,0.999959409236908,0.8425711393356323,0.8425391316413879,0.9960365891456604,0.00039821589598432183,0.00039821589598432183,0.9998905658721924,0.7853343486785889,0.784586489200592
42.0,4.0,0.9983178377151489,0.00018760784587357193,0.00018760784587357193,0.9999468326568604,0.8488567471504211,0.8488243818283081,0.9973462820053101,0.00022694615472573787,0.00022694615472573787,0.9999455213546753,0.7734739184379578,0.7733463048934937
43.0,0.0,0.9976863861083984,0.00022492438438348472,0.00022492438438348472,0.9999364018440247,0.7787284255027771,0.7786762714385986,0.9988890290260315,0.0001236097450600937,0.0001236097450600937,0.9999715685844421,0.9245122671127319,0.9245206117630005
43.0,1.0,0.9979932904243469,0.00022031048138160259,0.00022031048138160259,0.9999372959136963,0.8699184656143188,0.8697963953018188,0.999174177646637,5.6737979321042076e-05,5.6737979321042076e-05,0.9999886751174927,0.6505994200706482,0.6506034731864929
43.0,2.0,0.9980572462081909,0.0002019798703258857,0.0002019798703258857,0.9999446868896484,0.8157052993774414,0.8156729340553284,0.9994624853134155,8.610596705693752e-05,8.610596705693752e-05,0.9999822974205017,0.9954560995101929,0.9954586029052734
43.0,3.0,0.9986129999160767,0.00014933916099835187,0.00014933916099835187,0.9999600648880005,0.8425756692886353,0.8425412774085999,0.9962869882583618,0.0003783448482863605,0.0003783448482863605,0.9998969435691833,0.7853260040283203,0.7849339246749878
43.0,4.0,0.998340904712677,0.00017849565483629704,0.00017849565483629704,0.99994957447052,0.8488750457763672,0.8488383889198303,0.9975632429122925,0.00021509402722585946,0.00021509402722585946,0.9999490976333618,0.7736372351646423,0.7734193205833435
44.0,0.0,0.9979450702667236,0.0002133993257302791,0.0002133993257302791,0.9999433159828186,0.7789276242256165,0.7788178324699402,0.9988182783126831,0.0001180540639325045,0.0001180540639325045,0.9999737739562988,0.9245159029960632,0.924540102481842
44.0,1.0,0.998028576374054,0.00021047150949016213,0.00021047150949016213,0.9999430179595947,0.8696582317352295,0.8696362972259521,0.9992377758026123,5.229109592619352e-05,5.229109592619352e-05,0.9999919533729553,0.6506442427635193,0.650628924369812
44.0,2.0,0.9980865716934204,0.00019334128592163324,0.00019334128592163324,0.9999473094940186,0.815531313419342,0.8155686259269714,0.9994778037071228,8.647015056340024e-05,8.647015056340024e-05,0.9999831318855286,0.9954887628555298,0.9954639077186584
44.0,3.0,0.998595118522644,0.00014281441690400243,0.00014281441690400243,0.9999610781669617,0.8426821827888489,0.8425893783569336,0.9963353872299194,0.0003617385227698833,0.0003617385227698833,0.9999070763587952,0.7853877544403076,0.7846640944480896
44.0,4.0,0.9985378384590149,0.00017050103633664548,0.00017050103633664548,0.9999521374702454,0.8488925695419312,0.8488555550575256,0.9975627660751343,0.00019929120026063174,0.00019929120026063174,0.9999536871910095,0.773531436920166,0.773802638053894
45.0,0.0,0.997963011264801,0.0002047555026365444,0.0002047555026365444,0.9999451041221619,0.7789488434791565,0.7788426876068115,0.9989628195762634,0.0001100998415495269,0.0001100998415495269,0.999974250793457,0.9245433211326599,0.9245388507843018
45.0,1.0,0.9981184005737305,0.00020059190865140408,0.00020059190865140408,0.9999437928199768,0.869905948638916,0.8698210716247559,0.9993003606796265,4.903704029857181e-05,4.903704029857181e-05,0.9999915361404419,0.6506363153457642,0.6506259441375732
45.0,2.0,0.9982556104660034,0.00018349706078879535,0.00018349706078879535,0.9999505281448364,0.8157321214675903,0.8156489729881287,0.9995353817939758,7.876013114582747e-05,7.876013114582747e-05,0.999984085559845,0.9954673647880554,0.9954727292060852
45.0,3.0,0.9986557960510254,0.00013676074740942568,0.00013676074740942568,0.9999644756317139,0.8426085114479065,0.8425551652908325,0.9965336918830872,0.0003544421633705497,0.0003544421633705497,0.999905526638031,0.7844692468643188,0.7846390604972839
45.0,4.0,0.9985284805297852,0.0001613210915820673,0.0001613210915820673,0.9999545812606812,0.8487980961799622,0.8488283157348633,0.9976286888122559,0.000197563786059618,0.000197563786059618,0.9999527931213379,0.7734909057617188,0.7733606696128845
46.0,0.0,0.9979952573776245,0.0001962397655006498,0.0001962397655006498,0.9999473690986633,0.778829038143158,0.7786992192268372,0.998947262763977,0.00010941733489744365,0.00010941733489744365,0.9999755620956421,0.9245227575302124,0.9245472550392151
46.0,1.0,0.9982696771621704,0.0001929806312546134,0.0001929806312546134,0.9999475479125977,0.8698593378067017,0.8698120713233948,0.9993076920509338,4.930693830829114e-05,4.930693830829114e-05,0.9999892711639404,0.6506197452545166,0.650619626045227
46.0,2.0,0.9981970191001892,0.00017615080287214369,0.00017615080287214369,0.9999523758888245,0.8157601952552795,0.8157141804695129,0.9995893239974976,6.822526484029368e-05,6.822526484029368e-05,0.9999883770942688,0.9955030679702759,0.9954934120178223
46.0,3.0,0.9987035989761353,0.00013019840116612613,0.00013019840116612613,0.9999643564224243,0.8426726460456848,0.8425694704055786,0.9968761801719666,0.0003218615602236241,0.0003218615602236241,0.9999182224273682,0.7854785323143005,0.7851006984710693
46.0,4.0,0.9985997080802917,0.0001558622025186196,0.0001558622025186196,0.9999554753303528,0.8489534854888916,0.8489000201225281,0.9975411295890808,0.00018801604164764285,0.00018801604164764285,0.9999549984931946,0.7728543281555176,0.7733824849128723
47.0,0.0,0.9981317520141602,0.0001863144716480747,0.0001863144716480747,0.999951183795929,0.7789767980575562,0.7788661122322083,0.9990895986557007,0.00010004622890846804,0.00010004622890846804,0.9999759197235107,0.9245427846908569,0.9245548844337463
47.0,1.0,0.9982201457023621,0.00018486850603949279,0.00018486850603949279,0.9999483823776245,0.8699895143508911,0.8698838353157043,0.999342143535614,4.394539791974239e-05,4.394539791974239e-05,0.9999927282333374,0.6506258249282837,0.6506300568580627
47.0,2.0,0.9984084367752075,0.00016842421609908342,0.00016842421609908342,0.9999542832374573,0.8158361911773682,0.8157585263252258,0.9995623230934143,6.872871017549187e-05,6.872871017549187e-05,0.9999870657920837,0.9954525828361511,0.9954816699028015
47.0,3.0,0.9987508058547974,0.00012534584675449878,0.00012534584675449878,0.9999663233757019,0.8424524068832397,0.8425753712654114,0.9969028234481812,0.00031861281604506075,0.00031861281604506075,0.9999202489852905,0.7855695486068726,0.7851370573043823
47.0,4.0,0.998710572719574,0.00014859331713523716,0.00014859331713523716,0.9999579787254333,0.8489276170730591,0.8488956093788147,0.9978694915771484,0.0001913853920996189,0.0001913853920996189,0.9999564290046692,0.7742395997047424,0.7737266421318054
48.0,0.0,0.9981561899185181,0.00017902901163324714,0.00017902901163324714,0.9999527335166931,0.7790383100509644,0.7789084911346436,0.9991430044174194,9.341939585283399e-05,9.341939585283399e-05,0.9999797940254211,0.9245693683624268,0.9245704412460327
48.0,1.0,0.9983319640159607,0.00017611501971259713,0.00017611501971259713,0.9999521374702454,0.8699727654457092,0.8698825836181641,0.9994021058082581,3.912740794476122e-05,3.912740794476122e-05,0.9999952912330627,0.6506564617156982,0.650635302066803
48.0,2.0,0.9984633326530457,0.00016157733625732362,0.00016157733625732362,0.9999552369117737,0.8158265948295593,0.8158739805221558,0.9996064305305481,6.319794192677364e-05,6.319794192677364e-05,0.9999908208847046,0.9954825043678284,0.9954964518547058
48.0,3.0,0.9988069534301758,0.00012120265455450863,0.00012120265455450863,0.9999668598175049,0.8426804542541504,0.8426086902618408,0.9970965385437012,0.0002900034887716174,0.0002900034887716174,0.9999270439147949,0.7854551672935486,0.7851393818855286
48.0,4.0,0.9987267255783081,0.00014149762864690274,0.00014149762864690274,0.99996018409729,0.8489658236503601,0.848913311958313,0.9978899955749512,0.00017239092267118394,0.00017239092267118394,0.9999603629112244,0.7738636136054993,0.7735387086868286
49.0,0.0,0.9982194900512695,0.0001720466825645417,0.0001720466825645417,0.999954342842102,0.7789663076400757,0.7788925170898438,0.9991300106048584,8.910315955290571e-05,8.910315955290571e-05,0.9999797344207764,0.9245710372924805,0.9245660901069641
49.0,1.0,0.998306393623352,0.00016991133452393115,0.00016991133452393115,0.9999539852142334,0.8700636029243469,0.8699343204498291,0.9993581771850586,3.646132972789928e-05,3.646132972789928e-05,0.9999950528144836,0.6506598591804504,0.6506397724151611
49.0,2.0,0.9984504580497742,0.00015505016199313104,0.00015505016199313104,0.9999581575393677,0.8159265518188477,0.8158164024353027,0.9996379613876343,5.941515337326564e-05,5.941515337326564e-05,0.9999903440475464,0.9955136179924011,0.9955023527145386
49.0,3.0,0.9989250302314758,0.00011439733498264104,0.00011439733498264104,0.9999692440032959,0.8426471948623657,0.8426896929740906,0.9971004128456116,0.00028328830376267433,0.00028328830376267433,0.9999269247055054,0.7853699326515198,0.7848557829856873
49.0,4.0,0.998759925365448,0.00013554624456446618,0.00013554624456446618,0.9999616742134094,0.8489347696304321,0.8488519787788391,0.9980266690254211,0.0001688077609287575,0.0001688077609287575,0.9999614357948303,0.7736285924911499,0.7734183669090271
50.0,0.0,0.9982393980026245,0.00016571783635299653,0.00016571783635299653,0.9999552965164185,0.7789950966835022,0.7787966132164001,0.999148428440094,8.613154204795137e-05,8.613154204795137e-05,0.9999806880950928,0.9245906472206116,0.9245816469192505
50.0,1.0,0.9983835220336914,0.0001629321341169998,0.0001629321341169998,0.9999552369117737,0.8699760437011719,0.8698353171348572,0.9994297623634338,3.467763599473983e-05,3.467763599473983e-05,0.9999960660934448,0.6506258845329285,0.6506412625312805
50.0,2.0,0.9985255599021912,0.00014888084842823446,0.00014888084842823446,0.9999587535858154,0.8156341314315796,0.8156583309173584,0.9996594190597534,5.490958574227989e-05,5.490958574227989e-05,0.9999902844429016,0.995502769947052,0.9954971671104431
50.0,3.0,0.9989253878593445,0.00011128291225759313,0.00011128291225759313,0.9999700784683228,0.8426651358604431,0.8426032066345215,0.9973685145378113,0.0002677607990335673,0.0002677607990335673,0.9999337792396545,0.7855613827705383,0.7851898670196533
50.0,4.0,0.9987612366676331,0.00013007728557568043,0.00013007728557568043,0.999963641166687,0.8488782644271851,0.8488979935646057,0.9979208111763,0.00015826080925762653,0.00015826080925762653,0.999963104724884,0.7736190557479858,0.7734225392341614
51.0,0.0,0.9984059929847717,0.00015806806914042681,0.00015806806914042681,0.9999580979347229,0.7790732383728027,0.7789179682731628,0.9992045760154724,8.716189040569589e-05,8.716189040569589e-05,0.9999806880950928,0.9246053695678711,0.9245833158493042
51.0,1.0,0.9985305070877075,0.00015723879914730787,0.00015723879914730787,0.9999572038650513,0.8699423670768738,0.8699804544448853,0.999463677406311,3.192766962456517e-05,3.192766962456517e-05,0.9999958276748657,0.6506585478782654,0.650641679763794
51.0,2.0,0.9986235499382019,0.00014209680375643075,0.00014209680375643075,0.9999622106552124,0.8158888816833496,0.815817654132843,0.9996641278266907,5.446048089652322e-05,5.446048089652322e-05,0.9999929070472717,0.9955011010169983,0.9955048561096191
51.0,3.0,0.998904824256897,0.00010690797353163362,0.00010690797353163362,0.9999711513519287,0.8426939249038696,0.842721164226532,0.9975374341011047,0.0002528289332985878,0.0002528289332985878,0.9999374747276306,0.7855024337768555,0.7852798104286194
51.0,4.0,0.9989022612571716,0.000124112528283149,0.000124112528283149,0.9999661445617676,0.8490246534347534,0.8489840626716614,0.9981435537338257,0.00015194319712463766,0.00015194319712463766,0.9999666810035706,0.7742526531219482,0.7737716436386108
52.0,0.0,0.9984776377677917,0.0001516547636128962,0.0001516547636128962,0.9999591112136841,0.7790120244026184,0.7789332270622253,0.9992748498916626,8.31796569400467e-05,8.31796569400467e-05,0.9999803900718689,0.924562394618988,0.9245791435241699
52.0,1.0,0.9985688924789429,0.0001510586735093966,0.0001510586735093966,0.9999586343765259,0.8699687719345093,0.8698921799659729,0.9993945956230164,3.233124516555108e-05,3.233124516555108e-05,0.9999960660934448,0.65065598487854,0.6506433486938477
52.0,2.0,0.9985958337783813,0.00013819392188452184,0.00013819392188452184,0.9999627470970154,0.8159633278846741,0.815850019454956,0.9997041821479797,4.96645770908799e-05,4.96645770908799e-05,0.9999920725822449,0.9954883456230164,0.9955025911331177
52.0,3.0,0.9989810585975647,0.00010121097875526175,0.00010121097875526175,0.9999741911888123,0.8427231311798096,0.842644453048706,0.9975726008415222,0.0002513145445846021,0.0002513145445846021,0.9999342560768127,0.7855818867683411,0.7852023243904114
52.0,4.0,0.9989254474639893,0.00011953980720136315,0.00011953980720136315,0.999968409538269,0.8489120006561279,0.8489100337028503,0.9981996417045593,0.00015020332648418844,0.00015020332648418844,0.99996417760849,0.7741650342941284,0.7737100124359131
53.0,0.0,0.9985477328300476,0.00014502700651064515,0.00014502700651064515,0.9999633431434631,0.779097318649292,0.7789798378944397,0.9992738962173462,7.497878686990589e-05,7.497878686990589e-05,0.9999828934669495,0.9245885610580444,0.9245976209640503
53.0,1.0,0.9986322522163391,0.00014408047718461603,0.00014408047718461603,0.9999613165855408,0.8699524998664856,0.8698990345001221,0.9995134472846985,2.795156069623772e-05,2.795156069623772e-05,0.9999966025352478,0.6506544351577759,0.6506447792053223
53.0,2.0,0.9986965656280518,0.00013300811406224966,0.00013300811406224966,0.9999630451202393,0.8158923983573914,0.8158238530158997,0.9997075796127319,4.923890082864091e-05,4.923890082864091e-05,0.9999924302101135,0.9954820275306702,0.9954983592033386
53.0,3.0,0.9990670084953308,9.842539293458685e-05,9.842539293458685e-05,0.9999732971191406,0.8427132964134216,0.842705488204956,0.9977656006813049,0.00023047327704261988,0.00023047327704261988,0.9999459385871887,0.7855997681617737,0.7853364944458008
53.0,4.0,0.9989393353462219,0.00011415701737860218,0.00011415701737860218,0.9999697804450989,0.8488947749137878,0.8489129543304443,0.9981816411018372,0.0001490734430262819,0.0001490734430262819,0.9999649524688721,0.7741908431053162,0.7737045884132385
54.0,0.0,0.9985650777816772,0.00014049008314032108,0.00014049008314032108,0.9999646544456482,0.7791771292686462,0.7790257334709167,0.9992931485176086,7.152205216698349e-05,7.152205216698349e-05,0.9999836087226868,0.9246084690093994,0.9246010184288025
54.0,1.0,0.9986732006072998,0.00014066719450056553,0.00014066719450056553,0.9999622702598572,0.8700989484786987,0.8699697256088257,0.9995288252830505,2.7982538085780106e-05,2.7982538085780106e-05,0.9999969005584717,0.6506342887878418,0.6506457328796387
54.0,2.0,0.9987425804138184,0.00012669479474425316,0.00012669479474425316,0.9999655485153198,0.8159312009811401,0.8158512711524963,0.999718189239502,4.8365036491304636e-05,4.8365036491304636e-05,0.9999925494194031,0.9955044388771057,0.9955053329467773
54.0,3.0,0.9990096092224121,9.537517325952649e-05,9.537517325952649e-05,0.9999748468399048,0.8427090644836426,0.8426327705383301,0.9977250099182129,0.00021935392578598112,0.00021935392578598112,0.9999474883079529,0.7852476239204407,0.7851472496986389
54.0,4.0,0.9990400075912476,0.00010968151764245704,0.00010968151764245704,0.9999707937240601,0.8490478992462158,0.8490017056465149,0.9982318878173828,0.00013469472469296306,0.00013469472469296306,0.9999700784683228,0.7741934061050415,0.7737330198287964
55.0,0.0,0.998542070388794,0.00013489196135196835,0.00013489196135196835,0.999965250492096,0.7790420651435852,0.7789421081542969,0.9991976618766785,7.136290514608845e-05,7.136290514608845e-05,0.9999858736991882,0.9245803356170654,0.9246007800102234
55.0,1.0,0.9987703561782837,0.0001363825867883861,0.0001363825867883861,0.9999628663063049,0.8701457977294922,0.8699982166290283,0.9995578527450562,2.4994698833324946e-05,2.4994698833324946e-05,0.9999974966049194,0.6506597399711609,0.6506466269493103
55.0,2.0,0.998795747756958,0.00012193594011478126,0.00012193594011478126,0.9999666213989258,0.8159973621368408,0.815888524055481,0.9996684193611145,4.207496385788545e-05,4.207496385788545e-05,0.9999939203262329,0.995514988899231,0.9955072999000549
55.0,3.0,0.9990030527114868,9.110195969697088e-05,9.110195969697088e-05,0.9999746680259705,0.842709481716156,0.8426076173782349,0.9978623986244202,0.00021358182129915804,0.00021358182129915804,0.9999494552612305,0.7854073643684387,0.7852500081062317
55.0,4.0,0.9990418553352356,0.00010486118117114529,0.00010486118117114529,0.9999716281890869,0.8489906191825867,0.8489711880683899,0.9981600642204285,0.0001323003089055419,0.0001323003089055419,0.9999702572822571,0.7731331586837769,0.7735452055931091
56.0,0.0,0.9985734820365906,0.00013242936984170228,0.00013242936984170228,0.999965488910675,0.7792341709136963,0.7790549993515015,0.9994060397148132,6.734355702064931e-05,6.734355702064931e-05,0.999984622001648,0.9245966672897339,0.9245997667312622
56.0,1.0,0.9987759590148926,0.0001294195099035278,0.0001294195099035278,0.9999644160270691,0.8699136972427368,0.8698688745498657,0.9995689392089844,2.4374996428377926e-05,2.4374996428377926e-05,0.9999968409538269,0.6506628394126892,0.65064537525177
56.0,2.0,0.9988155961036682,0.00011708570673363283,0.00011708570673363283,0.9999673962593079,0.8159492015838623,0.8158570528030396,0.999724805355072,5.072114436188713e-05,5.072114436188713e-05,0.9999905824661255,0.9954939484596252,0.9954991340637207
56.0,3.0,0.9991346001625061,8.942530257627368e-05,8.942530257627368e-05,0.9999751448631287,0.8426560163497925,0.8426001071929932,0.9979671239852905,0.0002130060165654868,0.0002130060165654868,0.9999481439590454,0.7852822542190552,0.7852369546890259
56.0,4.0,0.9991558194160461,0.00010052315337816253,0.00010052315337816253,0.999973475933075,0.8490103483200073,0.848997175693512,0.9983779191970825,0.0001312963431701064,0.0001312963431701064,0.9999719858169556,0.774243950843811,0.7737809419631958
57.0,0.0,0.9986246824264526,0.0001250405766768381,0.0001250405766768381,0.9999679327011108,0.7789192199707031,0.7788841724395752,0.9993712902069092,7.88468387327157e-05,7.88468387327157e-05,0.9999807476997375,0.9246376752853394,0.9245861172676086
57.0,1.0,0.9987220168113708,0.000127209146739915,0.000127209146739915,0.9999647736549377,0.8698652386665344,0.8698192238807678,0.9995570182800293,2.2403462935471907e-05,2.2403462935471907e-05,0.9999969005584717,0.6506569385528564,0.6506453156471252
57.0,2.0,0.9988980293273926,0.00011319714394630864,0.00011319714394630864,0.9999688267707825,0.8158740997314453,0.815908670425415,0.9997519254684448,3.868372368742712e-05,3.868372368742712e-05,0.9999946355819702,0.9955064654350281,0.9955130219459534
57.0,3.0,0.9991704821586609,8.388215064769611e-05,8.388215064769611e-05,0.9999780058860779,0.8427526950836182,0.8426638841629028,0.9980494379997253,0.00020247124484740198,0.00020247124484740198,0.9999555349349976,0.7855685949325562,0.7853883504867554
57.0,4.0,0.9991450309753418,9.625741222407669e-05,9.625741222407669e-05,0.9999740123748779,0.8490697145462036,0.849023699760437,0.9983691573143005,0.00013200516696088016,0.00013200516696088016,0.9999665021896362,0.7741377949714661,0.7737116813659668
58.0,0.0,0.9987884163856506,0.0001228409237228334,0.0001228409237228334,0.9999685883522034,0.779308021068573,0.7791157960891724,0.9992881417274475,6.157150346552953e-05,6.157150346552953e-05,0.999985933303833,0.9246044754981995,0.9246072173118591
58.0,1.0,0.9987192153930664,0.00012213834270369262,0.00012213834270369262,0.9999674558639526,0.8698373436927795,0.8698102831840515,0.9995720982551575,2.0614885215763934e-05,2.0614885215763934e-05,0.9999982118606567,0.650664210319519,0.6506497263908386
58.0,2.0,0.9988259673118591,0.00010995958291459829,0.00010995958291459829,0.9999697208404541,0.8159838318824768,0.8158921599388123,0.9997292160987854,4.3452400859678164e-05,4.3452400859678164e-05,0.9999932050704956,0.9954732060432434,0.9955010414123535
58.0,3.0,0.9992313385009766,8.300811896333471e-05,8.300811896333471e-05,0.999977707862854,0.8426263928413391,0.8426943421363831,0.99812912940979,0.00019068404799327254,0.00019068404799327254,0.9999547600746155,0.7856916189193726,0.7854077816009521
58.0,4.0,0.9991477131843567,9.525823406875134e-05,9.525823406875134e-05,0.9999735355377197,0.8490769863128662,0.8490241169929504,0.9983908534049988,0.00012260307266842574,0.00012260307266842574,0.9999701380729675,0.7741650938987732,0.7737328410148621
59.0,0.0,0.9988309144973755,0.00011653845285763964,0.00011653845285763964,0.999970555305481,0.7792636752128601,0.7790847420692444,0.9994807243347168,5.684588904841803e-05,5.684588904841803e-05,0.9999864101409912,0.9246007800102234,0.9246089458465576
59.0,1.0,0.9987792372703552,0.00011556666868273169,0.00011556666868273169,0.9999685883522034,0.8699888586997986,0.8698245286941528,0.9996068477630615,2.000086533371359e-05,2.000086533371359e-05,0.9999980330467224,0.6506367325782776,0.6506474018096924
59.0,2.0,0.9990033507347107,0.00010578398359939456,0.00010578398359939456,0.9999718070030212,0.8160414695739746,0.815920352935791,0.9997916221618652,3.466504131210968e-05,3.466504131210968e-05,0.9999942779541016,0.9955168962478638,0.9955173134803772
59.0,3.0,0.999208390712738,8.048113522818312e-05,8.048113522818312e-05,0.9999776482582092,0.8428040742874146,0.8426979184150696,0.998261034488678,0.00019203260308131576,0.00019203260308131576,0.9999533891677856,0.785683810710907,0.7854164838790894
59.0,4.0,0.999160885810852,9.016837429953739e-05,9.016837429953739e-05,0.9999751448631287,0.8490074276924133,0.8489856719970703,0.9984070062637329,0.00011436492059146985,0.00011436492059146985,0.9999722242355347,0.7741340398788452,0.7737143039703369
60.0,0.0,0.998943567276001,9.057556599145755e-05,9.057556599145755e-05,0.9999797344207764,0.7793663144111633,0.7791669368743896,0.9995177984237671,5.400629015639424e-05,5.400629015639424e-05,0.9999874234199524,0.9246144890785217,0.9246192574501038
60.0,1.0,0.9990904331207275,8.398835052503273e-05,8.398835052503273e-05,0.9999807476997375,0.8702380657196045,0.8700937628746033,0.9996652603149414,1.6876048903213814e-05,1.6876048903213814e-05,0.9999982714653015,0.6506600975990295,0.6506510972976685
60.0,2.0,0.9991243481636047,7.425202784361318e-05,7.425202784361318e-05,0.9999831914901733,0.8161494135856628,0.8160125017166138,0.9998266100883484,2.6572368369670585e-05,2.6572368369670585e-05,0.9999979734420776,0.9955307245254517,0.9955239295959473
60.0,3.0,0.9993375539779663,5.1832728786394e-05,5.1832728786394e-05,0.9999887943267822,0.8428458571434021,0.8427405953407288,0.9984428286552429,0.0001536830677650869,0.0001536830677650869,0.9999697208404541,0.7857529520988464,0.7855129241943359
60.0,4.0,0.9993724822998047,5.887696170248091e-05,5.887696170248091e-05,0.9999876618385315,0.8491474986076355,0.8490980863571167,0.998543918132782,9.898157441057265e-05,9.898157441057265e-05,0.9999792575836182,0.7742076516151428,0.7737643122673035
61.0,0.0,0.9990096092224121,8.151430665748194e-05,8.151430665748194e-05,0.9999836683273315,0.7793898582458496,0.7791917324066162,0.9995614290237427,4.121298479731195e-05,4.121298479731195e-05,0.999993085861206,0.924639105796814,0.9246405959129333
61.0,1.0,0.9991231560707092,7.707675104029477e-05,7.707675104029477e-05,0.9999838471412659,0.8702550530433655,0.8701043128967285,0.9996747970581055,1.5516696294071153e-05,1.5516696294071153e-05,0.9999991059303284,0.6506639122962952,0.6506639719009399
61.0,2.0,0.9991406798362732,7.082391675794497e-05,7.082391675794497e-05,0.99998539686203,0.8161615133285522,0.8160203695297241,0.9998353123664856,2.493727697583381e-05,2.493727697583381e-05,0.999998927116394,0.9955333471298218,0.995532214641571
61.0,3.0,0.9993495941162109,4.995512426830828e-05,4.995512426830828e-05,0.9999901652336121,0.8428531289100647,0.842749297618866,0.9984683394432068,0.0001494266471127048,0.0001494266471127048,0.9999716877937317,0.7857359051704407,0.7855232357978821
61.0,4.0,0.9993866682052612,5.725359369534999e-05,5.725359369534999e-05,0.9999889731407166,0.8491550087928772,0.8491079807281494,0.9985653162002563,9.705163392936811e-05,9.705163392936811e-05,0.9999799132347107,0.7742141485214233,0.77376788854599
62.0,0.0,0.9990139603614807,8.01131027401425e-05,8.01131027401425e-05,0.9999842047691345,0.7793985605239868,0.7791933417320251,0.999556839466095,4.036583413835615e-05,4.036583413835615e-05,0.9999920129776001,0.9246223568916321,0.9246307015419006
62.0,1.0,0.9991341233253479,7.556562195532024e-05,7.556562195532024e-05,0.9999842643737793,0.8702455759048462,0.8701011538505554,0.9996770024299622,1.5299445294658653e-05,1.5299445294658653e-05,0.9999991059303284,0.6506639122962952,0.6506639719009399
62.0,2.0,0.9991507530212402,6.986640801187605e-05,6.986640801187605e-05,0.9999847412109375,0.8161574602127075,0.8160187005996704,0.9998374581336975,2.452869557600934e-05,2.452869557600934e-05,0.9999989867210388,0.9955333471298218,0.9955323338508606
62.0,3.0,0.99934983253479,4.9144386139232665e-05,4.9144386139232665e-05,0.9999901056289673,0.8428535461425781,0.8427457809448242,0.9984955191612244,0.0001483932283008471,0.0001483932283008471,0.9999710917472839,0.7857800126075745,0.7855236530303955
62.0,4.0,0.9993968605995178,5.637866343022324e-05,5.637866343022324e-05,0.999988853931427,0.8491530418395996,0.8491049408912659,0.9985674619674683,9.583700739312917e-05,9.583700739312917e-05,0.9999802708625793,0.7742199301719666,0.7737707495689392
63.0,0.0,0.9990131855010986,7.925766112748533e-05,7.925766112748533e-05,0.9999849200248718,0.7794023156166077,0.779196560382843,0.9995666742324829,3.9410824683727697e-05,3.9410824683727697e-05,0.9999933242797852,0.9246388077735901,0.9246388077735901
63.0,1.0,0.999143123626709,7.457971514668316e-05,7.457971514668316e-05,0.9999842047691345,0.8702561855316162,0.8701013922691345,0.9996784925460815,1.478085141570773e-05,1.478085141570773e-05,0.9999993443489075,0.6506654620170593,0.6506646871566772
63.0,2.0,0.9991632103919983,6.899625441292301e-05,6.899625441292301e-05,0.9999847412109375,0.8161590695381165,0.8160187005996704,0.9998384714126587,2.4279624994960614e-05,2.4279624994960614e-05,0.999998927116394,0.9955333471298218,0.995532214641571
63.0,3.0,0.9993632435798645,4.858276588493027e-05,4.858276588493027e-05,0.999989926815033,0.8428485989570618,0.8427404165267944,0.9985182285308838,0.0001458543847547844,0.0001458543847547844,0.9999716877937317,0.7857697606086731,0.785526692867279
63.0,4.0,0.999409019947052,5.567483458435163e-05,5.567483458435163e-05,0.999988853931427,0.8491474390029907,0.8491095900535583,0.9985747933387756,9.468847565585747e-05,9.468847565585747e-05,0.9999797344207764,0.7742167711257935,0.7737696170806885
64.0,0.0,0.9990354180335999,7.83321083872579e-05,7.83321083872579e-05,0.9999847412109375,0.7793999910354614,0.7791905999183655,0.9995665550231934,3.880628355545923e-05,3.880628355545923e-05,0.9999940991401672,0.924640953540802,0.9246492385864258
64.0,1.0,0.9991492033004761,7.374620327027515e-05,7.374620327027515e-05,0.9999844431877136,0.8702632784843445,0.8701061010360718,0.9996888637542725,1.4667240066046361e-05,1.4667240066046361e-05,0.9999991059303284,0.6506639122962952,0.6506639122962952
64.0,2.0,0.9991750717163086,6.822094292147085e-05,6.822094292147085e-05,0.9999856352806091,0.8161593079566956,0.8160208463668823,0.9998382925987244,2.3865663024480455e-05,2.3865663024480455e-05,0.9999989867210388,0.9955333471298218,0.995532214641571
64.0,3.0,0.9993730187416077,4.801958129974082e-05,4.801958129974082e-05,0.9999900460243225,0.8427806496620178,0.8427038788795471,0.9985301494598389,0.00014488735178019851,0.00014488735178019851,0.999971866607666,0.7857771515846252,0.7855290770530701
64.0,4.0,0.9994100332260132,5.5086915381252766e-05,5.5086915381252766e-05,0.9999895095825195,0.8491572141647339,0.8491103053092957,0.9985883235931396,9.398223483003676e-05,9.398223483003676e-05,0.9999807476997375,0.7742242813110352,0.7737722396850586
65.0,0.0,0.9990382790565491,7.753136742394418e-05,7.753136742394418e-05,0.9999852776527405,0.7794023156166077,0.7791978120803833,0.9995706677436829,3.8474350731121376e-05,3.8474350731121376e-05,0.999993622303009,0.9246367812156677,0.9246444702148438
65.0,1.0,0.9991496205329895,7.313513924600556e-05,7.313513924600556e-05,0.9999842047691345,0.8702573776245117,0.8701026439666748,0.9996926188468933,1.4405310139409266e-05,1.4405310139409266e-05,0.9999992847442627,0.6506654620170593,0.6506646871566772
65.0,2.0,0.999172568321228,6.753642082912847e-05,6.753642082912847e-05,0.9999854564666748,0.8161635398864746,0.8160231709480286,0.999842643737793,2.3592712750541978e-05,2.3592712750541978e-05,0.9999992251396179,0.9955333471298218,0.9955333471298218
65.0,3.0,0.9993669986724854,4.7575544158462435e-05,4.7575544158462435e-05,0.9999906420707703,0.8428542017936707,0.8427459597587585,0.9985461831092834,0.00014319831097964197,0.00014319831097964197,0.9999731779098511,0.7857556939125061,0.7855358719825745
65.0,4.0,0.9994063377380371,5.456189319374971e-05,5.456189319374971e-05,0.9999890923500061,0.8491532206535339,0.8491078019142151,0.9985865950584412,9.309815504821017e-05,9.309815504821017e-05,0.9999807476997375,0.7742125391960144,0.7737699747085571
66.0,0.0,0.9990508556365967,7.669497426832095e-05,7.669497426832095e-05,0.9999853372573853,0.7794026136398315,0.7791969180107117,0.9995672702789307,3.820938945864327e-05,3.820938945864327e-05,0.9999933838844299,0.9246371388435364,0.924648642539978
66.0,1.0,0.9991509914398193,7.247710163937882e-05,7.247710163937882e-05,0.9999844431877136,0.8702545166015625,0.8701059222221375,0.9996936917304993,1.4192603885021526e-05,1.4192603885021526e-05,0.9999992847442627,0.6506654620170593,0.6506646871566772
66.0,2.0,0.999165415763855,6.684698746539652e-05,6.684698746539652e-05,0.9999862313270569,0.8161671757698059,0.8160247206687927,0.9998449087142944,2.3263146431418136e-05,2.3263146431418136e-05,0.9999992251396179,0.9955333471298218,0.9955333471298218
66.0,3.0,0.9993658661842346,4.7071433073142543e-05,4.7071433073142543e-05,0.9999905824661255,0.8428553938865662,0.8427455425262451,0.9985567331314087,0.00014247575018089265,0.00014247575018089265,0.9999723434448242,0.7857903242111206,0.7855117917060852
66.0,4.0,0.9994192719459534,5.402335591497831e-05,5.402335591497831e-05,0.9999893307685852,0.8491570353507996,0.849107563495636,0.9986052513122559,9.204908565152436e-05,9.204908565152436e-05,0.9999808073043823,0.7742190361022949,0.7737719416618347
67.0,0.0,0.9990519285202026,7.608024316141382e-05,7.608024316141382e-05,0.9999856948852539,0.7794007658958435,0.7791933417320251,0.9995840191841125,3.758490129257552e-05,3.758490129257552e-05,0.9999939203262329,0.9246422648429871,0.9246418476104736
67.0,1.0,0.9991596937179565,7.189113239292055e-05,7.189113239292055e-05,0.999984622001648,0.8702637553215027,0.8701072335243225,0.9996943473815918,1.3995194422022905e-05,1.3995194422022905e-05,0.9999993443489075,0.6506654620170593,0.6506646871566772
67.0,2.0,0.9991883635520935,6.624383240705356e-05,6.624383240705356e-05,0.999986469745636,0.8161686062812805,0.8160223960876465,0.9998434782028198,2.300805317645427e-05,2.300805317645427e-05,0.999998927116394,0.9955333471298218,0.995532214641571
67.0,3.0,0.9993808269500732,4.670671114581637e-05,4.670671114581637e-05,0.9999902844429016,0.8428518772125244,0.8427479863166809,0.9985718727111816,0.00014019326772540808,0.00014019326772540808,0.9999747276306152,0.7857671976089478,0.7855395674705505
67.0,4.0,0.999421238899231,5.345061799744144e-05,5.345061799744144e-05,0.9999896287918091,0.8491557836532593,0.8491102457046509,0.9986010789871216,9.138460154645145e-05,9.138460154645145e-05,0.9999814629554749,0.7742230892181396,0.773773193359375
68.0,0.0,0.9990593194961548,7.541501690866426e-05,7.541501690866426e-05,0.9999857544898987,0.779401957988739,0.7791920304298401,0.9995679259300232,3.737881706911139e-05,3.737881706911139e-05,0.9999938011169434,0.9246376752853394,0.9246488809585571
68.0,1.0,0.9991746544837952,7.118671055650339e-05,7.118671055650339e-05,0.9999852776527405,0.870262622833252,0.8701131343841553,0.9996920824050903,1.3861369552614633e-05,1.3861369552614633e-05,0.9999993443489075,0.6506654620170593,0.6506646871566772
68.0,2.0,0.9991914629936218,6.56694610370323e-05,6.56694610370323e-05,0.9999860525131226,0.8161630630493164,0.8160231113433838,0.9998468160629272,2.2786669433116913e-05,2.2786669433116913e-05,0.9999993443489075,0.9955333471298218,0.9955333471298218
68.0,3.0,0.9993857145309448,4.620867548510432e-05,4.620867548510432e-05,0.9999912977218628,0.842856764793396,0.8427497148513794,0.9985765814781189,0.00013974458852317184,0.00013974458852317184,0.9999729990959167,0.785781979560852,0.7855275273323059
68.0,4.0,0.9994291067123413,5.298069299897179e-05,5.298069299897179e-05,0.9999905228614807,0.849159300327301,0.849114179611206,0.9986105561256409,9.070740634342656e-05,9.070740634342656e-05,0.999981701374054,0.774226725101471,0.7737746238708496
69.0,0.0,0.9990667700767517,7.471591379726306e-05,7.471591379726306e-05,0.9999861717224121,0.779404878616333,0.7791998982429504,0.9995898008346558,3.6909048503730446e-05,3.6909048503730446e-05,0.999994158744812,0.9246507883071899,0.9246445894241333
69.0,1.0,0.9991627931594849,7.055071910144761e-05,7.055071910144761e-05,0.9999853372573853,0.8702635169029236,0.870111346244812,0.9997038841247559,1.363149749522563e-05,1.363149749522563e-05,0.9999993443489075,0.6506654620170593,0.6506646871566772
69.0,2.0,0.9991887807846069,6.51146619929932e-05,6.51146619929932e-05,0.9999865889549255,0.8161736130714417,0.8160277605056763,0.9998488426208496,2.2542784790857695e-05,2.2542784790857695e-05,0.9999992251396179,0.9955333471298218,0.9955333471298218
69.0,3.0,0.9993833303451538,4.580178574542515e-05,4.580178574542515e-05,0.999991238117218,0.8428572416305542,0.842749834060669,0.9985834956169128,0.00013810285599902272,0.00013810285599902272,0.9999751448631287,0.7857710719108582,0.7855455279350281
69.0,4.0,0.9994351267814636,5.2538256568368524e-05,5.2538256568368524e-05,0.999989926815033,0.84916090965271,0.8491131663322449,0.9986116290092468,9.006883919937536e-05,9.006883919937536e-05,0.9999816417694092,0.7742226719856262,0.7737737894058228
70.0,0.0,0.9990748763084412,7.420178008032963e-05,7.420178008032963e-05,0.9999858736991882,0.7794040441513062,0.7792008519172668,0.9995917677879333,3.661116352304816e-05,3.661116352304816e-05,0.9999942779541016,0.9246441721916199,0.9246500730514526
70.0,1.0,0.999173104763031,6.981183105381206e-05,6.981183105381206e-05,0.9999851584434509,0.8702641725540161,0.8701090216636658,0.999699056148529,1.3508521078620106e-05,1.3508521078620106e-05,0.9999992847442627,0.6506654620170593,0.6506646871566772
70.0,2.0,0.9991956949234009,6.458508141804487e-05,6.458508141804487e-05,0.999986469745636,0.8161696791648865,0.8160291910171509,0.999850869178772,2.2230213289731182e-05,2.2230213289731182e-05,0.999998927116394,0.9955333471298218,0.9955321550369263
70.0,3.0,0.9993925094604492,4.532900857157074e-05,4.532900857157074e-05,0.9999909400939941,0.8428552150726318,0.8427450060844421,0.9986042976379395,0.00013676355592906475,0.00013676355592906475,0.9999743700027466,0.7857722043991089,0.7855411171913147
70.0,4.0,0.9994345307350159,5.199531733524054e-05,5.199531733524054e-05,0.9999904036521912,0.8491575121879578,0.8491162061691284,0.9986193776130676,8.90889932634309e-05,8.90889932634309e-05,0.9999821186065674,0.774223268032074,0.7737745046615601
71.0,0.0,0.9990743398666382,7.360311428783461e-05,7.360311428783461e-05,0.9999855160713196,0.7794036865234375,0.7791993618011475,0.9995937347412109,3.6057550460100174e-05,3.6057550460100174e-05,0.9999943971633911,0.9246494174003601,0.9246534109115601
71.0,1.0,0.9991933107376099,6.922051397850737e-05,6.922051397850737e-05,0.9999862909317017,0.8702710866928101,0.8701205253601074,0.999708354473114,1.3278648111736402e-05,1.3278648111736402e-05,0.9999993443489075,0.6506654620170593,0.6506646871566772
71.0,2.0,0.999214231967926,6.395659147528931e-05,6.395659147528931e-05,0.9999860525131226,0.8161665797233582,0.8160253167152405,0.9998502731323242,2.209419835708104e-05,2.209419835708104e-05,0.9999993443489075,0.9955333471298218,0.995533287525177
71.0,3.0,0.9993930459022522,4.4978525693295524e-05,4.4978525693295524e-05,0.9999915361404419,0.8428577780723572,0.8427520394325256,0.998622477054596,0.0001353494153590873,0.0001353494153590873,0.999975323677063,0.7857754826545715,0.7855435013771057
71.0,4.0,0.9994385838508606,5.149921707925387e-05,5.149921707925387e-05,0.9999902844429016,0.849161684513092,0.8491169810295105,0.9986121654510498,8.856334898155183e-05,8.856334898155183e-05,0.9999819993972778,0.7742258310317993,0.7737755179405212
72.0,0.0,0.9990940690040588,7.292546797543764e-05,7.292546797543764e-05,0.999985933303833,0.7794080972671509,0.7792040705680847,0.9995991587638855,3.579102485673502e-05,3.579102485673502e-05,0.9999945163726807,0.9246513247489929,0.9246547818183899
72.0,1.0,0.999188244342804,6.871639925520867e-05,6.871639925520867e-05,0.9999857544898987,0.8702656626701355,0.8701135516166687,0.9997077584266663,1.311077630816726e-05,1.311077630816726e-05,0.9999993443489075,0.6506654620170593,0.6506646871566772
72.0,2.0,0.9992119669914246,6.350175681291148e-05,6.350175681291148e-05,0.9999868273735046,0.8161715865135193,0.8160282969474792,0.9998547434806824,2.1786356228403747e-05,2.1786356228403747e-05,0.9999993443489075,0.9955333471298218,0.9955333471298218
72.0,3.0,0.9993948936462402,4.4605316361412406e-05,4.4605316361412406e-05,0.9999910593032837,0.8428575396537781,0.8427503108978271,0.9986327290534973,0.0001342647592537105,0.0001342647592537105,0.9999755024909973,0.7857827544212341,0.7855481505393982
72.0,4.0,0.999447226524353,5.104163210489787e-05,5.104163210489787e-05,0.9999904632568359,0.8491606712341309,0.8491144180297852,0.9986212253570557,8.756737952353433e-05,8.756737952353433e-05,0.9999813437461853,0.7742206454277039,0.7737732529640198
73.0,0.0,0.9990851879119873,7.222106796689332e-05,7.222106796689332e-05,0.999986469745636,0.7793059945106506,0.7791503071784973,0.9995970726013184,3.536725853336975e-05,3.536725853336975e-05,0.999994695186615,0.9246597290039062,0.9246549010276794
73.0,1.0,0.9991859793663025,6.808360194554552e-05,6.808360194554552e-05,0.9999858736991882,0.8702672123908997,0.8701134920120239,0.9997141361236572,1.2974641322216485e-05,1.2974641322216485e-05,0.9999993443489075,0.6506654620170593,0.6506646871566772
73.0,2.0,0.9992192387580872,6.291251338552684e-05,6.291251338552684e-05,0.9999868273735046,0.816169798374176,0.8160294890403748,0.9998546242713928,2.155532820324879e-05,2.155532820324879e-05,0.9999992251396179,0.9955333471298218,0.9955333471298218
73.0,3.0,0.9994112849235535,4.427617022884078e-05,4.427617022884078e-05,0.9999912977218628,0.8428588509559631,0.8428577780723572,0.998635470867157,0.000133137873490341,0.000133137873490341,0.9999760985374451,0.7857788801193237,0.7855545282363892
73.0,4.0,0.9994446635246277,5.061357296654023e-05,5.061357296654023e-05,0.9999904632568359,0.8491625189781189,0.8491169214248657,0.9986414909362793,8.721680933376774e-05,8.721680933376774e-05,0.9999822974205017,0.7742214202880859,0.7737754583358765
74.0,0.0,0.9990905523300171,7.172191544668749e-05,7.172191544668749e-05,0.9999858736991882,0.7794075608253479,0.7791963815689087,0.9995966553688049,3.4950488043250516e-05,3.4950488043250516e-05,0.9999944567680359,0.9246501326560974,0.9246544241905212
74.0,1.0,0.9991990923881531,6.745193968527019e-05,6.745193968527019e-05,0.9999862313270569,0.8702675700187683,0.8701146841049194,0.9997104406356812,1.2817901733797044e-05,1.2817901733797044e-05,0.9999993443489075,0.6506654620170593,0.6506646871566772
74.0,2.0,0.9992238283157349,6.231570296222344e-05,6.231570296222344e-05,0.9999871850013733,0.8161728382110596,0.8160293698310852,0.9998553395271301,2.1390018446254544e-05,2.1390018446254544e-05,0.9999993443489075,0.9955333471298218,0.995533287525177
74.0,3.0,0.9994058609008789,4.3752890633186325e-05,4.3752890633186325e-05,0.9999914169311523,0.8428590297698975,0.842749297618866,0.9986560940742493,0.00013220349501352757,0.00013220349501352757,0.9999762773513794,0.7857874035835266,0.7855498790740967
74.0,4.0,0.999454140663147,5.0122576794819906e-05,5.0122576794819906e-05,0.9999901652336121,0.8491553068161011,0.8491140604019165,0.9986498355865479,8.675465505803004e-05,8.675465505803004e-05,0.9999826550483704,0.7742266654968262,0.7737767100334167
75.0,0.0,0.9991117715835571,7.109914440661669e-05,7.109914440661669e-05,0.9999867081642151,0.7794073820114136,0.7792038917541504,0.9996128082275391,3.4766133467201144e-05,3.4766133467201144e-05,0.9999947547912598,0.9246541261672974,0.9246557354927063
75.0,1.0,0.9991956949234009,6.694396870443597e-05,6.694396870443597e-05,0.9999859929084778,0.8702675700187683,0.8701145648956299,0.9997164011001587,1.2643968148040585e-05,1.2643968148040585e-05,0.9999993443489075,0.6506654620170593,0.6506646871566772
75.0,2.0,0.9992245435714722,6.180978380143642e-05,6.180978380143642e-05,0.9999871850013733,0.8161759376525879,0.8160331845283508,0.9998550415039062,2.1458092305692844e-05,2.1458092305692844e-05,0.9999993443489075,0.9955333471298218,0.9955333471298218
75.0,3.0,0.9994197487831116,4.332812750362791e-05,4.332812750362791e-05,0.9999920725822449,0.8428589701652527,0.8427534103393555,0.9986644387245178,0.00013104395475238562,0.00013104395475238562,0.9999768137931824,0.7857890129089355,0.7855504155158997
75.0,4.0,0.9994624853134155,4.973620525561273e-05,4.973620525561273e-05,0.9999902844429016,0.8491654396057129,0.8491203784942627,0.9986490607261658,8.590467768954113e-05,8.590467768954113e-05,0.9999832510948181,0.7742295861244202,0.7737781405448914
76.0,0.0,0.9991042613983154,7.059366907924414e-05,7.059366907924414e-05,0.9999862909317017,0.7794083952903748,0.779203474521637,0.9995841979980469,3.456565173109993e-05,3.456565173109993e-05,0.9999951720237732,0.9246413707733154,0.9246559143066406
76.0,1.0,0.9992082118988037,6.637327169300988e-05,6.637327169300988e-05,0.9999862909317017,0.8702694177627563,0.8701177835464478,0.999721109867096,1.2489646906033158e-05,1.2489646906033158e-05,0.9999993443489075,0.6506654620170593,0.6506646871566772
76.0,2.0,0.9992306232452393,6.129803659860045e-05,6.129803659860045e-05,0.9999875426292419,0.8161740303039551,0.816033124923706,0.9998592734336853,2.0846782717853785e-05,2.0846782717853785e-05,0.9999993443489075,0.9955333471298218,0.9955333471298218
76.0,3.0,0.9994117021560669,4.31014304922428e-05,4.31014304922428e-05,0.9999918341636658,0.8428577780723572,0.8427572846412659,0.9986788034439087,0.00012990273535251617,0.00012990273535251617,0.9999778866767883,0.785784900188446,0.7855594158172607
76.0,4.0,0.9994651675224304,4.9278045480605215e-05,4.9278045480605215e-05,0.9999905824661255,0.8491624593734741,0.8491202592849731,0.9986627697944641,8.52768644108437e-05,8.52768644108437e-05,0.9999828338623047,0.7742303609848022,0.7737772464752197
77.0,0.0,0.99910968542099,6.990985275479034e-05,6.990985275479034e-05,0.9999866485595703,0.7794073224067688,0.7792037725448608,0.9995979070663452,3.396331885596737e-05,3.396331885596737e-05,0.9999947547912598,0.9246520400047302,0.9246517419815063
77.0,1.0,0.9992127418518066,6.586514064110816e-05,6.586514064110816e-05,0.9999866485595703,0.8702713847160339,0.8701193928718567,0.9997250437736511,1.2360236723907292e-05,1.2360236723907292e-05,0.9999993443489075,0.6506654620170593,0.6506646871566772
77.0,2.0,0.9992304444313049,6.0781716456403956e-05,6.0781716456403956e-05,0.9999872446060181,0.8161769509315491,0.8160337209701538,0.9998615384101868,2.0686433344963007e-05,2.0686433344963007e-05,0.9999992251396179,0.9955333471298218,0.9955333471298218
77.0,3.0,0.9994198679924011,4.2687599488999695e-05,4.2687599488999695e-05,0.9999914169311523,0.8428577780723572,0.8427509665489197,0.9986904859542847,0.0001286709011765197,0.0001286709011765197,0.9999769330024719,0.7857860326766968,0.7855557203292847
77.0,4.0,0.9994730353355408,4.882823122898117e-05,4.882823122898117e-05,0.9999903440475464,0.8491615056991577,0.8491166234016418,0.9986754059791565,8.446692663710564e-05,8.446692663710564e-05,0.9999832510948181,0.7742257118225098,0.7737833857536316
78.0,0.0,0.9991196990013123,6.937082071090117e-05,6.937082071090117e-05,0.9999872446060181,0.7794107794761658,0.7792062163352966,0.9996069073677063,3.3639069442870095e-05,3.3639069442870095e-05,0.9999948143959045,0.9246504902839661,0.924655556678772
78.0,1.0,0.999222457408905,6.541874608956277e-05,6.541874608956277e-05,0.9999867081642151,0.8701956868171692,0.8700791597366333,0.9997256398200989,1.2181203601357993e-05,1.2181203601357993e-05,0.9999992847442627,0.6506654620170593,0.6506646871566772
78.0,2.0,0.9992404580116272,6.02974250796251e-05,6.02974250796251e-05,0.9999879598617554,0.8161739110946655,0.8160340189933777,0.9998613595962524,2.042158848780673e-05,2.042158848780673e-05,0.9999992251396179,0.9955333471298218,0.9955333471298218
78.0,3.0,0.9994187355041504,4.241178248776123e-05,4.241178248776123e-05,0.9999915361404419,0.8428600430488586,0.8427546620368958,0.99869304895401,0.00012785480066668242,0.00012785480066668242,0.9999770522117615,0.7857905626296997,0.7855554819107056
78.0,4.0,0.9994792938232422,4.8449561290908605e-05,4.8449561290908605e-05,0.9999905824661255,0.8491647839546204,0.8491177558898926,0.9986562728881836,8.419789810432121e-05,8.419789810432121e-05,0.9999834299087524,0.7742224931716919,0.7742173075675964
79.0,0.0,0.9991229176521301,6.881006993353367e-05,6.881006993353367e-05,0.9999870657920837,0.7794098258018494,0.7792066335678101,0.9996066689491272,3.3329946745652705e-05,3.3329946745652705e-05,0.9999949932098389,0.924651026725769,0.9246595501899719
79.0,1.0,0.9992281198501587,6.486439815489575e-05,6.486439815489575e-05,0.9999867677688599,0.8702692985534668,0.8701199293136597,0.9997280240058899,1.20615268315305e-05,1.20615268315305e-05,0.9999993443489075,0.6506654620170593,0.6506646871566772
79.0,2.0,0.9992486834526062,5.973167935735546e-05,5.973167935735546e-05,0.9999875426292419,0.8161770701408386,0.8160344362258911,0.9998629689216614,2.03200524993008e-05,2.03200524993008e-05,0.9999992251396179,0.9955333471298218,0.9955333471298218
79.0,3.0,0.9994237422943115,4.200699913781136e-05,4.200699913781136e-05,0.9999915361404419,0.8428590297698975,0.8427497744560242,0.9987142086029053,0.00012671474542003125,0.00012671474542003125,0.999978244304657,0.7857944369316101,0.7855609655380249
79.0,4.0,0.9994831085205078,4.806364086107351e-05,4.806364086107351e-05,0.9999909400939941,0.8491655588150024,0.8491235971450806,0.9986757636070251,8.318763866554946e-05,8.318763866554946e-05,0.9999838471412659,0.7742258310317993,0.7737852931022644
80.0,0.0,0.9991302490234375,6.827817560406402e-05,6.827817560406402e-05,0.9999876022338867,0.7794126272201538,0.779207170009613,0.9996165037155151,3.3280048228334635e-05,3.3280048228334635e-05,0.9999949932098389,0.9246434569358826,0.9246556162834167
80.0,1.0,0.9992329478263855,6.432764348573983e-05,6.432764348573983e-05,0.9999871253967285,0.8702680468559265,0.8701195120811462,0.9997280240058899,1.1905555766134057e-05,1.1905555766134057e-05,0.9999993443489075,0.6506654620170593,0.6506646871566772
80.0,2.0,0.999251663684845,5.9371064708102494e-05,5.9371064708102494e-05,0.9999878406524658,0.8161762356758118,0.8160367608070374,0.9998649954795837,2.004294583457522e-05,2.004294583457522e-05,0.9999992251396179,0.9955333471298218,0.995533287525177
80.0,3.0,0.9994372129440308,4.165646168985404e-05,4.165646168985404e-05,0.9999920725822449,0.8428594470024109,0.8427572846412659,0.9987194538116455,0.0001256864343304187,0.0001256864343304187,0.999977707862854,0.785788357257843,0.7855573892593384
80.0,4.0,0.9994786977767944,4.77180874440819e-05,4.77180874440819e-05,0.9999911785125732,0.8491650819778442,0.8491206169128418,0.9986833930015564,8.238381269620731e-05,8.238381269620731e-05,0.9999837279319763,0.774225115776062,0.7737848162651062
81.0,0.0,0.9991338849067688,6.776885857107118e-05,6.776885857107118e-05,0.9999868869781494,0.7794103026390076,0.7792043685913086,0.9996165037155151,3.2713553082430735e-05,3.2713553082430735e-05,0.999995231628418,0.9246527552604675,0.9246603846549988
81.0,1.0,0.999243438243866,6.379570550052449e-05,6.379570550052449e-05,0.9999866485595703,0.870273768901825,0.8701210618019104,0.999729573726654,1.1794434612966143e-05,1.1794434612966143e-05,0.9999993443489075,0.6506654620170593,0.6506646871566772
81.0,2.0,0.9992513656616211,5.891184264328331e-05,5.891184264328331e-05,0.999987781047821,0.8161730170249939,0.8160347938537598,0.9998651742935181,1.9965615138062276e-05,1.9965615138062276e-05,0.9999993443489075,0.9955333471298218,0.9955333471298218
81.0,3.0,0.9994309544563293,4.132206959184259e-05,4.132206959184259e-05,0.9999921917915344,0.8427842855453491,0.8427165746688843,0.9987264275550842,0.00012484390754252672,0.00012484390754252672,0.9999783635139465,0.7857977151870728,0.7855597734451294
81.0,4.0,0.9994881749153137,4.72884057671763e-05,4.72884057671763e-05,0.9999912977218628,0.8491713404655457,0.8491242527961731,0.9986884593963623,8.185607293853536e-05,8.185607293853536e-05,0.9999837279319763,0.7742276191711426,0.7737849354743958
82.0,0.0,0.9991416931152344,6.740236131008714e-05,6.740236131008714e-05,0.9999870657920837,0.7794116735458374,0.7792068123817444,0.9996222257614136,3.2381951314164326e-05,3.2381951314164326e-05,0.9999950528144836,0.9246513247489929,0.9246602654457092
82.0,1.0,0.9992446303367615,6.337490776786581e-05,6.337490776786581e-05,0.9999869465827942,0.8702749609947205,0.8701236248016357,0.9997349977493286,1.1614782124524936e-05,1.1614782124524936e-05,0.9999992847442627,0.6506654620170593,0.6506646871566772
82.0,2.0,0.9992754459381104,5.8307698054704815e-05,5.8307698054704815e-05,0.9999878406524658,0.8161793947219849,0.8160386681556702,0.9998680353164673,1.9732369764824398e-05,1.9732369764824398e-05,0.9999992251396179,0.9955333471298218,0.9955333471298218
82.0,3.0,0.9994373321533203,4.1074548789765686e-05,4.1074548789765686e-05,0.9999920725822449,0.8428595662117004,0.8427577614784241,0.9987359046936035,0.00012372205674182624,0.00012372205674182624,0.9999786615371704,0.7857937812805176,0.7855619788169861
82.0,4.0,0.9994842410087585,4.688251647166908e-05,4.688251647166908e-05,0.9999914169311523,0.8491737842559814,0.8491232991218567,0.9986957311630249,8.133779192576185e-05,8.133779192576185e-05,0.9999845027923584,0.7742286324501038,0.7737874984741211
83.0,0.0,0.9991564750671387,6.668910646112636e-05,6.668910646112636e-05,0.9999876022338867,0.7794108390808105,0.7792081832885742,0.9996246099472046,3.2227992051048204e-05,3.2227992051048204e-05,0.9999948143959045,0.924645721912384,0.924655556678772
83.0,1.0,0.9992415308952332,6.29180867690593e-05,6.29180867690593e-05,0.9999868869781494,0.8702734112739563,0.8701205253601074,0.9997333884239197,1.1492078556329943e-05,1.1492078556329943e-05,0.9999993443489075,0.6506654620170593,0.6506646871566772
83.0,2.0,0.9992725253105164,5.7958684919867665e-05,5.7958684919867665e-05,0.9999879598617554,0.8161749243736267,0.8160402178764343,0.9998683333396912,1.9369643268873915e-05,1.9369643268873915e-05,0.9999993443489075,0.9955333471298218,0.9955333471298218
83.0,3.0,0.9994377493858337,4.060291757923551e-05,4.060291757923551e-05,0.9999922513961792,0.8428598642349243,0.8428604602813721,0.9987480640411377,0.00012284352851565927,0.00012284352851565927,0.9999780058860779,0.7857962846755981,0.7855620980262756
83.0,4.0,0.9995021820068359,4.632070704246871e-05,4.632070704246871e-05,0.9999916553497314,0.8491669297218323,0.849126398563385,0.998704731464386,8.073924254858866e-05,8.073924254858866e-05,0.9999843835830688,0.7742284536361694,0.773786187171936
84.0,0.0,0.9991490244865417,6.616008613491431e-05,6.616008613491431e-05,0.9999877214431763,0.7794099450111389,0.7792086005210876,0.9996208548545837,3.2022770028561354e-05,3.2022770028561354e-05,0.9999953508377075,0.9246529340744019,0.9246615171432495
84.0,1.0,0.9992482662200928,6.227349513210356e-05,6.227349513210356e-05,0.9999868869781494,0.8702737092971802,0.8701245784759521,0.9997316002845764,1.1389946848794352e-05,1.1389946848794352e-05,0.9999993443489075,0.6506654620170593,0.6506646871566772
84.0,2.0,0.9992660880088806,5.750786658609286e-05,5.750786658609286e-05,0.9999881386756897,0.8161783814430237,0.8160403370857239,0.9998668432235718,1.9403925762162544e-05,1.9403925762162544e-05,0.9999992251396179,0.9955333471298218,0.995533287525177
84.0,3.0,0.9994547367095947,4.036793689010665e-05,4.036793689010665e-05,0.9999919533729553,0.8428604006767273,0.8427560925483704,0.9987593293190002,0.00012135386350564659,0.00012135386350564659,0.9999786615371704,0.7857932448387146,0.7855599522590637
84.0,4.0,0.9994978904724121,4.594312849803828e-05,4.594312849803828e-05,0.9999915361404419,0.849168062210083,0.8491259217262268,0.998710036277771,8.027104195207357e-05,8.027104195207357e-05,0.999984085559845,0.7742311954498291,0.773780345916748
85.0,0.0,0.9991621375083923,6.56964402878657e-05,6.56964402878657e-05,0.9999870657920837,0.7794101238250732,0.7792070508003235,0.9996408820152283,3.2204574381466955e-05,3.2204574381466955e-05,0.999995231628418,0.9246562719345093,0.9246569871902466
85.0,1.0,0.9992437362670898,6.185263919178396e-05,6.185263919178396e-05,0.9999873042106628,0.8702760934829712,0.870123028755188,0.9997395873069763,1.1241800166317262e-05,1.1241800166317262e-05,0.9999993443489075,0.6506654620170593,0.6506646871566772
85.0,2.0,0.9992822408676147,5.707166201318614e-05,5.707166201318614e-05,0.9999886155128479,0.8161765336990356,0.8160349726676941,0.9998705983161926,1.90497867151862e-05,1.90497867151862e-05,0.9999992251396179,0.9955333471298218,0.9955333471298218
85.0,3.0,0.9994475245475769,4.001981142209843e-05,4.001981142209843e-05,0.9999919533729553,0.8428595066070557,0.8427552580833435,0.9987656474113464,0.00012068833166267723,0.00012068833166267723,0.99997878074646,0.785781741142273,0.7855589985847473
85.0,4.0,0.9995030164718628,4.5616321585839614e-05,4.5616321585839614e-05,0.9999919533729553,0.84916752576828,0.8491231203079224,0.9987177848815918,7.965544500621036e-05,7.965544500621036e-05,0.9999845027923584,0.774230420589447,0.7737870812416077
86.0,0.0,0.9991528391838074,6.529357779072598e-05,6.529357779072598e-05,0.9999878406524658,0.7794129252433777,0.7792101502418518,0.9996390342712402,3.1396881240652874e-05,3.1396881240652874e-05,0.9999954700469971,0.9246625304222107,0.9246608018875122
86.0,1.0,0.9992614388465881,6.132428825367242e-05,6.132428825367242e-05,0.9999875426292419,0.8702754974365234,0.870127260684967,0.9997369050979614,1.1054292372136842e-05,1.1054292372136842e-05,0.9999993443489075,0.6506654620170593,0.6506646871566772
86.0,2.0,0.9992861747741699,5.654431151924655e-05,5.654431151924655e-05,0.9999882578849792,0.8161798119544983,0.8160407543182373,0.9998716711997986,1.8919867216027342e-05,1.8919867216027342e-05,0.9999993443489075,0.9955333471298218,0.995533287525177
86.0,3.0,0.9994375109672546,3.9666923839831725e-05,3.9666923839831725e-05,0.9999927878379822,0.8428654670715332,0.8427588939666748,0.9987744092941284,0.00011960670235566795,0.00011960670235566795,0.9999794363975525,0.7857891321182251,0.785564124584198
86.0,4.0,0.9995095729827881,4.528093268163502e-05,4.528093268163502e-05,0.9999918341636658,0.849174976348877,0.8491294384002686,0.9987330436706543,7.904828089522198e-05,7.904828089522198e-05,0.999984622001648,0.7742311358451843,0.7737873792648315
87.0,0.0,0.9991661906242371,6.473858229583129e-05,6.473858229583129e-05,0.9999880790710449,0.779414176940918,0.7792105078697205,0.9996355772018433,3.102344635408372e-05,3.102344635408372e-05,0.9999954700469971,0.9246537685394287,0.9246615767478943
87.0,1.0,0.9992652535438538,6.088073496357538e-05,6.088073496357538e-05,0.9999871253967285,0.870275616645813,0.8701264262199402,0.9997485280036926,1.0964762623189017e-05,1.0964762623189017e-05,0.9999993443489075,0.6506654620170593,0.6506646871566772
87.0,2.0,0.9992900490760803,5.614835026790388e-05,5.614835026790388e-05,0.9999882578849792,0.8161776661872864,0.8160390257835388,0.999874472618103,1.8716509657679126e-05,1.8716509657679126e-05,0.9999993443489075,0.9955333471298218,0.995533287525177
87.0,3.0,0.9994498491287231,3.931191531592049e-05,3.931191531592049e-05,0.9999927878379822,0.8428643941879272,0.8427575826644897,0.9987800121307373,0.00011872974573634565,0.00011872974573634565,0.9999791979789734,0.7857869863510132,0.7855638861656189
87.0,4.0,0.9995108246803284,4.495053144637495e-05,4.495053144637495e-05,0.9999914765357971,0.8491709232330322,0.8491241335868835,0.9987280964851379,7.85281736170873e-05,7.85281736170873e-05,0.9999843239784241,0.7742291688919067,0.7737864851951599
88.0,0.0,0.9991669654846191,6.418021075660363e-05,6.418021075660363e-05,0.9999879002571106,0.7794124484062195,0.7792091965675354,0.9996315836906433,3.088981247856282e-05,3.088981247856282e-05,0.9999954700469971,0.9246590733528137,0.9246648550033569
88.0,1.0,0.9992709159851074,6.03901753493119e-05,6.03901753493119e-05,0.9999877214431763,0.8702784180641174,0.8701269030570984,0.9997454285621643,1.0820558600244112e-05,1.0820558600244112e-05,0.9999992847442627,0.6506654620170593,0.6506646871566772
88.0,2.0,0.9992878437042236,5.569894710788503e-05,5.569894710788503e-05,0.999988853931427,0.8161793947219849,0.8160422444343567,0.9998763203620911,1.8528200598666444e-05,1.8528200598666444e-05,0.9999992251396179,0.9955333471298218,0.995533287525177
88.0,3.0,0.9994491338729858,3.910009763785638e-05,3.910009763785638e-05,0.9999925494194031,0.842860221862793,0.8427563309669495,0.9987917542457581,0.00011771288700401783,0.00011771288700401783,0.9999800324440002,0.7858023643493652,0.7855663299560547
88.0,4.0,0.9995140433311462,4.444615842658095e-05,4.444615842658095e-05,0.9999923706054688,0.8491711616516113,0.8491281270980835,0.9987466335296631,7.799260492902249e-05,7.799260492902249e-05,0.9999849200248718,0.7742319703102112,0.7737882137298584
89.0,0.0,0.9991875886917114,6.377666431944817e-05,6.377666431944817e-05,0.9999884366989136,0.7794169783592224,0.7792112827301025,0.999629557132721,3.0492481528199278e-05,3.0492481528199278e-05,0.9999950528144836,0.9246504306793213,0.9246603846549988
89.0,1.0,0.9992731213569641,5.9904261433985084e-05,5.9904261433985084e-05,0.9999877214431763,0.8702777028083801,0.8701264262199402,0.9997488856315613,1.0668248251022305e-05,1.0668248251022305e-05,0.9999993443489075,0.6506654620170593,0.6506646871566772
89.0,2.0,0.9992826581001282,5.534997399081476e-05,5.534997399081476e-05,0.9999885559082031,0.8161773085594177,0.8160412907600403,0.9998754262924194,1.8335995264351368e-05,1.8335995264351368e-05,0.9999993443489075,0.9955333471298218,0.9955333471298218
89.0,3.0,0.9994643330574036,3.8782261981396005e-05,3.8782261981396005e-05,0.9999922513961792,0.8428630828857422,0.8427569270133972,0.9988071322441101,0.00011687047663144767,0.00011687047663144767,0.9999799132347107,0.7858086228370667,0.7855650186538696
89.0,4.0,0.9995085597038269,4.4036507460987195e-05,4.4036507460987195e-05,0.9999916553497314,0.8491700887680054,0.8491242527961731,0.9987431764602661,7.796641148161143e-05,7.796641148161143e-05,0.999984622001648,0.7742242813110352,0.7742207646369934
90.0,0.0,0.9991962313652039,6.051271702744998e-05,6.051271702744998e-05,0.9999901056289673,0.779416024684906,0.7792157530784607,0.9996459484100342,3.0099841751507483e-05,3.0099841751507483e-05,0.999995768070221,0.9246605038642883,0.9246653318405151
90.0,1.0,0.9992987513542175,5.659860835294239e-05,5.659860835294239e-05,0.9999894499778748,0.8702848553657532,0.8701349496841431,0.9997492432594299,1.0561871022218838e-05,1.0561871022218838e-05,0.9999993443489075,0.6506654620170593,0.6506646871566772
90.0,2.0,0.9993197917938232,5.2283157856436446e-05,5.2283157856436446e-05,0.999989926815033,0.8161883354187012,0.8160496950149536,0.9998769760131836,1.8136421203962527e-05,1.8136421203962527e-05,0.9999992251396179,0.9955333471298218,0.9955333471298218
90.0,3.0,0.999478280544281,3.634563472587615e-05,3.634563472587615e-05,0.9999932050704956,0.842869222164154,0.8427643179893494,0.9988134503364563,0.00011580982391024008,0.00011580982391024008,0.9999807476997375,0.7858049273490906,0.7855697274208069
90.0,4.0,0.9995323419570923,4.1571456677047536e-05,4.1571456677047536e-05,0.9999935030937195,0.8491800427436829,0.8491359353065491,0.9987553954124451,7.68806494306773e-05,7.68806494306773e-05,0.9999850392341614,0.7742313146591187,0.773788332939148
91.0,0.0,0.9992086291313171,6.009812204865739e-05,6.009812204865739e-05,0.9999896287918091,0.7794204354286194,0.7792156338691711,0.9996456503868103,2.9850538339815103e-05,2.9850538339815103e-05,0.9999956488609314,0.9246607422828674,0.9246651530265808
91.0,1.0,0.9992993474006653,5.639193841489032e-05,5.639193841489032e-05,0.9999895095825195,0.8702860474586487,0.8701360821723938,0.9997498393058777,1.0522081538510974e-05,1.0522081538510974e-05,0.9999992847442627,0.6506654620170593,0.6506646871566772
91.0,2.0,0.9993208646774292,5.2139606850687414e-05,5.2139606850687414e-05,0.9999901652336121,0.8161882162094116,0.8160490989685059,0.9998773336410522,1.806330146791879e-05,1.806330146791879e-05,0.9999993443489075,0.9955333471298218,0.9955333471298218
91.0,3.0,0.9994807839393616,3.6255427403375506e-05,3.6255427403375506e-05,0.9999933242797852,0.8428696393966675,0.8427643775939941,0.9988152384757996,0.0001156197686214,0.0001156197686214,0.999980628490448,0.7858035564422607,0.7855690717697144
91.0,4.0,0.9995349049568176,4.1495615732856095e-05,4.1495615732856095e-05,0.9999927878379822,0.8491790294647217,0.8491347432136536,0.998757541179657,7.675230881432071e-05,7.675230881432071e-05,0.9999850392341614,0.7742311358451843,0.7737882137298584
92.0,0.0,0.9992086291313171,6.001080328132957e-05,6.001080328132957e-05,0.9999896287918091,0.7794197201728821,0.7792162895202637,0.999647855758667,2.9797443858115003e-05,2.9797443858115003e-05,0.999995768070221,0.9246619939804077,0.9246663451194763
92.0,1.0,0.9993008375167847,5.6302342272829264e-05,5.6302342272829264e-05,0.9999895095825195,0.870286226272583,0.8701364398002625,0.9997498989105225,1.0502042641746812e-05,1.0502042641746812e-05,0.9999992847442627,0.6506654620170593,0.6506646871566772
92.0,2.0,0.9993193745613098,5.207127833273262e-05,5.207127833273262e-05,0.999989926815033,0.8161885738372803,0.8160498142242432,0.9998771548271179,1.8035367247648537e-05,1.8035367247648537e-05,0.9999993443489075,0.9955333471298218,0.9955333471298218
92.0,3.0,0.9994784593582153,3.619946801336482e-05,3.619946801336482e-05,0.9999931454658508,0.8428692817687988,0.8427641987800598,0.9988167881965637,0.00011547494068508968,0.00011547494068508968,0.9999805092811584,0.7858035564422607,0.7855708003044128
92.0,4.0,0.9995347857475281,4.1445691749686375e-05,4.1445691749686375e-05,0.999993085861206,0.849179744720459,0.849136233329773,0.9987583756446838,7.665895100217313e-05,7.665895100217313e-05,0.9999852180480957,0.7742310762405396,0.7737886309623718
93.0,0.0,0.9992091655731201,5.9948528360109776e-05,5.9948528360109776e-05,0.9999894499778748,0.7794197201728821,0.7792165875434875,0.9996464848518372,2.9748576707788743e-05,2.9748576707788743e-05,0.999995768070221,0.9246614575386047,0.9246661067008972
93.0,1.0,0.9992995262145996,5.6263699661940336e-05,5.6263699661940336e-05,0.9999891519546509,0.8702850937843323,0.8701356053352356,0.9997509717941284,1.0480729542905465e-05,1.0480729542905465e-05,0.9999992847442627,0.6506654620170593,0.6506646871566772
93.0,2.0,0.9993200302124023,5.202365355216898e-05,5.202365355216898e-05,0.9999901652336121,0.8161892890930176,0.8160489201545715,0.9998779892921448,1.80306797119556e-05,1.80306797119556e-05,0.9999992251396179,0.9955333471298218,0.9955333471298218
93.0,3.0,0.9994825124740601,3.6154004192212597e-05,3.6154004192212597e-05,0.9999934434890747,0.8428694605827332,0.8427640199661255,0.9988166689872742,0.00011537971295183524,0.00011537971295183524,0.9999803900718689,0.7858018279075623,0.7855700254440308
93.0,4.0,0.99953293800354,4.139035809203051e-05,4.139035809203051e-05,0.9999929666519165,0.8491793274879456,0.8491359353065491,0.9987627863883972,7.664069562451914e-05,7.664069562451914e-05,0.9999849200248718,0.7742311954498291,0.7737879157066345
94.0,0.0,0.9992128014564514,5.988414341118187e-05,5.988414341118187e-05,0.99998939037323,0.7794200778007507,0.7792162895202637,0.9996480345726013,2.971075264213141e-05,2.971075264213141e-05,0.9999958276748657,0.9246613383293152,0.9246661067008972
94.0,1.0,0.9993001818656921,5.619868170469999e-05,5.619868170469999e-05,0.99998939037323,0.870286226272583,0.8701362609863281,0.9997510313987732,1.047104706231039e-05,1.047104706231039e-05,0.9999993443489075,0.6506654620170593,0.6506646871566772
94.0,2.0,0.9993196725845337,5.196625352255069e-05,5.196625352255069e-05,0.9999899864196777,0.8161880373954773,0.8160495162010193,0.9998773336410522,1.8015847672359087e-05,1.8015847672359087e-05,0.9999992251396179,0.9955333471298218,0.9955333471298218
94.0,3.0,0.9994801878929138,3.61210732080508e-05,3.61210732080508e-05,0.9999936819076538,0.8428695797920227,0.8427644371986389,0.9988195300102234,0.00011525853187777102,0.00011525853187777102,0.9999802112579346,0.7858017683029175,0.7855690717697144
94.0,4.0,0.999535858631134,4.13651650887914e-05,4.13651650887914e-05,0.9999930262565613,0.8491793274879456,0.8491351008415222,0.9987578988075256,7.650934276171029e-05,7.650934276171029e-05,0.9999850988388062,0.7742311954498291,0.7737882733345032
95.0,0.0,0.9992139935493469,5.9825240896316245e-05,5.9825240896316245e-05,0.9999892115592957,0.7794187664985657,0.7792155146598816,0.9996471405029297,2.9673250537598506e-05,2.9673250537598506e-05,0.9999956488609314,0.9246601462364197,0.9246653318405151
95.0,1.0,0.9993016719818115,5.6122113164747134e-05,5.6122113164747134e-05,0.9999895095825195,0.870286226272583,0.8701362013816833,0.9997522830963135,1.0462263162480667e-05,1.0462263162480667e-05,0.9999992847442627,0.6506654620170593,0.6506646871566772
95.0,2.0,0.9993218183517456,5.191690434003249e-05,5.191690434003249e-05,0.9999901652336121,0.816188633441925,0.8160495162010193,0.9998783469200134,1.80019524123054e-05,1.80019524123054e-05,0.9999993443489075,0.9955333471298218,0.9955333471298218
95.0,3.0,0.9994823932647705,3.60954727511853e-05,3.60954727511853e-05,0.9999932050704956,0.842868983745575,0.8427640199661255,0.9988205432891846,0.00011513455683598295,0.00011513455683598295,0.9999797940254211,0.7858017683029175,0.7855692505836487
95.0,4.0,0.9995372295379639,4.131010427954607e-05,4.131010427954607e-05,0.9999931454658508,0.8491802215576172,0.8491360545158386,0.9987570643424988,7.644531433470547e-05,7.644531433470547e-05,0.9999849796295166,0.7742292284965515,0.7737876176834106
96.0,0.0,0.9992126822471619,5.977500768494792e-05,5.977500768494792e-05,0.9999889731407166,0.7794191837310791,0.7792157530784607,0.9996468424797058,2.9643988455063663e-05,2.9643988455063663e-05,0.9999957084655762,0.9246601462364197,0.9246654510498047
96.0,1.0,0.9993041157722473,5.608156061498448e-05,5.608156061498448e-05,0.9999895095825195,0.8702860474586487,0.8701357245445251,0.9997523427009583,1.0448565262777265e-05,1.0448565262777265e-05,0.9999995827674866,0.6506654620170593,0.6506654620170593
96.0,2.0,0.9993215203285217,5.186579437577166e-05,5.186579437577166e-05,0.9999898672103882,0.8161886930465698,0.8160498738288879,0.9998779296875,1.796910146367736e-05,1.796910146367736e-05,0.9999992251396179,0.9955333471298218,0.9955333471298218
96.0,3.0,0.9994807839393616,3.605468009482138e-05,3.605468009482138e-05,0.9999935626983643,0.8428693413734436,0.8427644968032837,0.998821496963501,0.00011501164408400655,0.00011501164408400655,0.9999803304672241,0.785802960395813,0.785570502281189
96.0,4.0,0.9995356798171997,4.1280673030996695e-05,4.1280673030996695e-05,0.9999930262565613,0.8491793274879456,0.8491354584693909,0.9987614750862122,7.638939860044047e-05,7.638939860044047e-05,0.9999849796295166,0.7742311358451843,0.7737879157066345
97.0,0.0,0.9992135763168335,5.97189246036578e-05,5.97189246036578e-05,0.9999896287918091,0.7794200778007507,0.7792168259620667,0.9996459484100342,2.962798134831246e-05,2.962798134831246e-05,0.9999957084655762,0.9246601462364197,0.9246654510498047
97.0,1.0,0.999302327632904,5.603254976449534e-05,5.603254976449534e-05,0.9999892115592957,0.8702822327613831,0.8701346516609192,0.9997519254684448,1.0432720046082977e-05,1.0432720046082977e-05,0.9999993443489075,0.6506654620170593,0.6506646871566772
97.0,2.0,0.9993212819099426,5.182571476325393e-05,5.182571476325393e-05,0.9999897480010986,0.8161875009536743,0.8160489201545715,0.9998782277107239,1.7955442672246136e-05,1.7955442672246136e-05,0.9999993443489075,0.9955333471298218,0.9955333471298218
97.0,3.0,0.9994826316833496,3.6018107493873686e-05,3.6018107493873686e-05,0.999993622303009,0.842868983745575,0.8427641987800598,0.9988212585449219,0.0001149325180449523,0.0001149325180449523,0.9999805688858032,0.7858043313026428,0.7855712175369263
97.0,4.0,0.9995370507240295,4.1246261389460415e-05,4.1246261389460415e-05,0.9999929070472717,0.8491796255111694,0.8491351008415222,0.9987623691558838,7.632135384483263e-05,7.632135384483263e-05,0.9999849796295166,0.7742311954498291,0.7737879157066345
98.0,0.0,0.9992139339447021,5.965909076621756e-05,5.965909076621756e-05,0.9999894499778748,0.7794204354286194,0.7792155146598816,0.9996466636657715,2.9601442292914726e-05,2.9601442292914726e-05,0.9999957084655762,0.9246599078178406,0.9246653914451599
98.0,1.0,0.99930340051651,5.599596624961123e-05,5.599596624961123e-05,0.9999894499778748,0.8702861666679382,0.8701364398002625,0.9997522830963135,1.0415301403554622e-05,1.0415301403554622e-05,0.9999993443489075,0.6506654620170593,0.6506646871566772
98.0,2.0,0.9993234872817993,5.175641126697883e-05,5.175641126697883e-05,0.9999898672103882,0.8161880373954773,0.8160490393638611,0.9998787045478821,1.7953456335817464e-05,1.7953456335817464e-05,0.9999993443489075,0.9955333471298218,0.9955333471298218
98.0,3.0,0.9994818568229675,3.599278716137633e-05,3.599278716137633e-05,0.9999932050704956,0.842868983745575,0.8427640199661255,0.9988219141960144,0.00011483928392408416,0.00011483928392408416,0.9999805092811584,0.7858044505119324,0.785570502281189
98.0,4.0,0.9995356202125549,4.1194813093170524e-05,4.1194813093170524e-05,0.9999930262565613,0.8491791486740112,0.8491358160972595,0.9987596869468689,7.626186561537907e-05,7.626186561537907e-05,0.9999852776527405,0.7742311358451843,0.7737882137298584
99.0,0.0,0.9992138147354126,5.9620844695018604e-05,5.9620844695018604e-05,0.9999896287918091,0.7794187068939209,0.779216468334198,0.9996482729911804,2.9558415917563252e-05,2.9558415917563252e-05,0.9999957084655762,0.9246609807014465,0.9246659874916077
99.0,1.0,0.9993036985397339,5.5941771279321983e-05,5.5941771279321983e-05,0.9999896883964539,0.8702855706214905,0.8701366186141968,0.9997513294219971,1.0406871297163889e-05,1.0406871297163889e-05,0.9999993443489075,0.6506654620170593,0.6506646871566772
99.0,2.0,0.9993250370025635,5.172430246602744e-05,5.172430246602744e-05,0.9999900460243225,0.8161880373954773,0.8160492181777954,0.9998785257339478,1.7917061995831318e-05,1.7917061995831318e-05,0.9999993443489075,0.9955333471298218,0.9955333471298218
99.0,3.0,0.9994837045669556,3.594930603867397e-05,3.594930603867397e-05,0.9999934434890747,0.8428693413734436,0.8427641987800598,0.9988238215446472,0.00011470559547888115,0.00011470559547888115,0.9999808073043823,0.7858043313026428,0.785571277141571
99.0,4.0,0.9995372295379639,4.118482684134506e-05,4.118482684134506e-05,0.9999926686286926,0.849178671836853,0.8491355180740356,0.9987630844116211,7.620623364346102e-05,7.620623364346102e-05,0.9999850392341614,0.7742311954498291,0.7737882733345032
100.0,0.0,0.9992130398750305,5.9565179981291294e-05,5.9565179981291294e-05,0.99998939037323,0.7794193625450134,0.7792168259620667,0.9996482729911804,2.953125658677891e-05,2.953125658677891e-05,0.999995768070221,0.9246600866317749,0.9246653318405151
100.0,1.0,0.9993060827255249,5.589169086306356e-05,5.589169086306356e-05,0.9999894499778748,0.8702858090400696,0.8701362609863281,0.999751627445221,1.0400165592727717e-05,1.0400165592727717e-05,0.9999993443489075,0.6506654620170593,0.6506646871566772
100.0,2.0,0.9993223547935486,5.1685929065570235e-05,5.1685929065570235e-05,0.9999901056289673,0.8161876797676086,0.8160490989685059,0.9998783469200134,1.7903821571962908e-05,1.7903821571962908e-05,0.9999992251396179,0.9955333471298218,0.995533287525177
100.0,3.0,0.9994826316833496,3.5924564144806936e-05,3.5924564144806936e-05,0.9999932050704956,0.8428660035133362,0.8427626490592957,0.9988256096839905,0.00011466997966635972,0.00011466997966635972,0.9999800324440002,0.7858043313026428,0.7855698466300964
100.0,4.0,0.9995356202125549,4.112078022444621e-05,4.112078022444621e-05,0.9999929666519165,0.849180281162262,0.8491357564926147,0.9987635612487793,7.614612695761025e-05,7.614612695761025e-05,0.999984860420227,0.7742311358451843,0.7737879157066345
101.0,0.0,0.999215841293335,5.952077844995074e-05,5.952077844995074e-05,0.99998939037323,0.7794191241264343,0.779216468334198,0.9996495246887207,2.9500699383788742e-05,2.9500699383788742e-05,0.9999957084655762,0.9246600866317749,0.9246653914451599
101.0,1.0,0.9993044137954712,5.584996324614622e-05,5.584996324614622e-05,0.99998939037323,0.8702853322029114,0.8701356053352356,0.9997537732124329,1.0389680028310977e-05,1.0389680028310977e-05,0.9999993443489075,0.6506654620170593,0.6506646871566772
101.0,2.0,0.9993254542350769,5.163149762665853e-05,5.163149762665853e-05,0.9999901056289673,0.8161885142326355,0.8160498142242432,0.9998789429664612,1.7889722585096024e-05,1.7889722585096024e-05,0.9999992251396179,0.9955333471298218,0.9955333471298218
101.0,3.0,0.9994823336601257,3.58843790309038e-05,3.58843790309038e-05,0.9999935030937195,0.8428692817687988,0.842764675617218,0.9988259673118591,0.00011458729568403214,0.00011458729568403214,0.9999801516532898,0.7858043313026428,0.7855699062347412
101.0,4.0,0.9995374083518982,4.1082228563027456e-05,4.1082228563027456e-05,0.9999931454658508,0.8491803407669067,0.8491358160972595,0.9987624287605286,7.605404243804514e-05,7.605404243804514e-05,0.9999849796295166,0.7742311954498291,0.7737879753112793
102.0,0.0,0.9992147088050842,5.946621240582317e-05,5.946621240582317e-05,0.9999897480010986,0.7794196605682373,0.7792167067527771,0.9996501803398132,2.9477576390490867e-05,2.9477576390490867e-05,0.9999958276748657,0.9246614575386047,0.9246659874916077
102.0,1.0,0.999305248260498,5.579132994171232e-05,5.579132994171232e-05,0.9999894499778748,0.87028568983078,0.8701358437538147,0.9997528195381165,1.0370557902206201e-05,1.0370557902206201e-05,0.9999993443489075,0.6506654620170593,0.6506646871566772
102.0,2.0,0.999325156211853,5.159464490134269e-05,5.159464490134269e-05,0.9999901056289673,0.816188633441925,0.8160498142242432,0.9998787045478821,1.7870270312414505e-05,1.7870270312414505e-05,0.9999993443489075,0.9955333471298218,0.9955333471298218
102.0,3.0,0.9994825720787048,3.585962622310035e-05,3.585962622310035e-05,0.9999935626983643,0.8428693413734436,0.8427643775939941,0.998827338218689,0.00011445634299889207,0.00011445634299889207,0.9999803900718689,0.785804271697998,0.785570502281189
102.0,4.0,0.9995400905609131,4.1045102989301085e-05,4.1045102989301085e-05,0.999993085861206,0.8491801619529724,0.84913569688797,0.9987630844116211,7.599941454827785e-05,7.599941454827785e-05,0.9999849200248718,0.7742310762405396,0.7737882137298584
103.0,0.0,0.9992166757583618,5.9404588682809845e-05,5.9404588682809845e-05,0.9999890327453613,0.7794196605682373,0.779216468334198,0.9996498227119446,2.9451763111865148e-05,2.9451763111865148e-05,0.9999958276748657,0.9246600866317749,0.9246654510498047
103.0,1.0,0.9993048310279846,5.573867019847967e-05,5.573867019847967e-05,0.999989926815033,0.8702863454818726,0.8701364994049072,0.9997537732124329,1.035672721627634e-05,1.035672721627634e-05,0.9999993443489075,0.6506654620170593,0.6506646871566772
103.0,2.0,0.9993252158164978,5.153772872290574e-05,5.153772872290574e-05,0.9999903440475464,0.8161885142326355,0.8160498142242432,0.9998784065246582,1.785240056051407e-05,1.785240056051407e-05,0.9999992251396179,0.9955333471298218,0.995533287525177
103.0,3.0,0.9994829297065735,3.5836361348629e-05,3.5836361348629e-05,0.9999933242797852,0.8428689241409302,0.8427643775939941,0.9988282322883606,0.00011434051702963188,0.00011434051702963188,0.9999805092811584,0.7858045101165771,0.7855712175369263
103.0,4.0,0.9995391368865967,4.1020910430233926e-05,4.1020910430233926e-05,0.9999929666519165,0.8491795659065247,0.8491355776786804,0.9987667798995972,7.593882037326694e-05,7.593882037326694e-05,0.9999850988388062,0.7742310762405396,0.7737882733345032
104.0,0.0,0.9992191195487976,5.9350375522626564e-05,5.9350375522626564e-05,0.9999898076057434,0.7794205546379089,0.7792176008224487,0.9996491074562073,2.9412696676445194e-05,2.9412696676445194e-05,0.9999958276748657,0.9246604442596436,0.9246655702590942
104.0,1.0,0.9993070960044861,5.568418055190705e-05,5.568418055190705e-05,0.9999896287918091,0.8702864050865173,0.870136022567749,0.9997525811195374,1.0339589607610833e-05,1.0339589607610833e-05,0.9999992847442627,0.6506654620170593,0.6506646871566772
104.0,2.0,0.9993252754211426,5.1519447879400104e-05,5.1519447879400104e-05,0.9999901652336121,0.8161889910697937,0.8160494565963745,0.9998787641525269,1.7839531210483983e-05,1.7839531210483983e-05,0.9999992251396179,0.9955333471298218,0.9955333471298218
104.0,3.0,0.9994840025901794,3.579170515877195e-05,3.579170515877195e-05,0.9999934434890747,0.8428689241409302,0.8427640795707703,0.9988297820091248,0.00011424392141634598,0.00011424392141634598,0.999980628490448,0.7858044505119324,0.7855710983276367
104.0,4.0,0.9995397925376892,4.0981594793265685e-05,4.0981594793265685e-05,0.9999926686286926,0.8491756319999695,0.8491341471672058,0.9987644553184509,7.587817526655272e-05,7.587817526655272e-05,0.9999852180480957,0.7742310762405396,0.7737887501716614
105.0,0.0,0.9992164969444275,5.930942279519513e-05,5.930942279519513e-05,0.9999896287918091,0.7794203162193298,0.7792156338691711,0.9996485710144043,2.9397691832855344e-05,2.9397691832855344e-05,0.9999956488609314,0.9246600270271301,0.9246654510498047
105.0,1.0,0.9993055462837219,5.564946332015097e-05,5.564946332015097e-05,0.9999889731407166,0.8702858686447144,0.8701358437538147,0.9997527003288269,1.0330707482353318e-05,1.0330707482353318e-05,0.9999992847442627,0.6506654620170593,0.6506646871566772
105.0,2.0,0.9993273019790649,5.145346949575469e-05,5.145346949575469e-05,0.9999901652336121,0.8161886930465698,0.8160497546195984,0.9998793005943298,1.782290382834617e-05,1.782290382834617e-05,0.9999992251396179,0.9955333471298218,0.9955333471298218
105.0,3.0,0.9994813203811646,3.575906521291472e-05,3.575906521291472e-05,0.9999938607215881,0.8428691029548645,0.8427643179893494,0.9988300800323486,0.00011419597285566851,0.00011419597285566851,0.9999803900718689,0.7858057022094727,0.785571277141571
105.0,4.0,0.999539315700531,4.0948234527604654e-05,4.0948234527604654e-05,0.999993085861206,0.8491794466972351,0.8491358160972595,0.9987680912017822,7.581621321151033e-05,7.581621321151033e-05,0.9999846816062927,0.7742311954498291,0.773787796497345
106.0,0.0,0.9992173910140991,5.926958328927867e-05,5.926958328927867e-05,0.9999893307685852,0.7794197201728821,0.7792166471481323,0.9996496438980103,2.9368296964094043e-05,2.9368296964094043e-05,0.9999958872795105,0.9246604442596436,0.9246655106544495
106.0,1.0,0.9993072748184204,5.559993951465003e-05,5.559993951465003e-05,0.9999897480010986,0.8702865839004517,0.870136559009552,0.9997535943984985,1.0320512956241146e-05,1.0320512956241146e-05,0.9999993443489075,0.6506654620170593,0.6506646871566772
106.0,2.0,0.9993261694908142,5.141218935023062e-05,5.141218935023062e-05,0.9999902844429016,0.8161887526512146,0.8160495758056641,0.999879002571106,1.7789501725928858e-05,1.7789501725928858e-05,0.9999993443489075,0.9955333471298218,0.9955333471298218
106.0,3.0,0.999484658241272,3.574647780624218e-05,3.574647780624218e-05,0.9999934434890747,0.8428693413734436,0.8427644968032837,0.9988309741020203,0.00011405746772652492,0.00011405746772652492,0.999980628490448,0.7858056426048279,0.7855716347694397
106.0,4.0,0.9995394349098206,4.090024594916031e-05,4.090024594916031e-05,0.9999934434890747,0.8491803407669067,0.8491362929344177,0.9987635016441345,7.575796189485118e-05,7.575796189485118e-05,0.999984860420227,0.7742311954498291,0.7737879157066345
107.0,0.0,0.9992170333862305,5.919788600294851e-05,5.919788600294851e-05,0.9999892115592957,0.7794189453125,0.7792149782180786,0.9996494650840759,2.9347595045692287e-05,2.9347595045692287e-05,0.9999958872795105,0.9246604442596436,0.9246659874916077
107.0,1.0,0.9993061423301697,5.555890311370604e-05,5.555890311370604e-05,0.9999894499778748,0.8702859282493591,0.8701359033584595,0.9997537732124329,1.0307697266398463e-05,1.0307697266398463e-05,0.9999993443489075,0.6506654620170593,0.6506646871566772
107.0,2.0,0.9993274211883545,5.138196866028011e-05,5.138196866028011e-05,0.999989926815033,0.8161884546279907,0.8160498738288879,0.999879777431488,1.7786975149647333e-05,1.7786975149647333e-05,0.9999993443489075,0.9955333471298218,0.995533287525177
107.0,3.0,0.9994851350784302,3.570629269233905e-05,3.570629269233905e-05,0.9999936819076538,0.8428692817687988,0.8427646160125732,0.998831033706665,0.00011394866305636242,0.00011394866305636242,0.9999803900718689,0.7858044505119324,0.7855710983276367
107.0,4.0,0.9995399117469788,4.086986155016348e-05,4.086986155016348e-05,0.999993085861206,0.849179744720459,0.8491355776786804,0.9987645149230957,7.570121670141816e-05,7.570121670141816e-05,0.9999850392341614,0.7742311358451843,0.7737883925437927
108.0,0.0,0.9992170929908752,5.9140696976101026e-05,5.9140696976101026e-05,0.9999896287918091,0.7794196605682373,0.7792168259620667,0.9996524453163147,2.9315615392988548e-05,2.9315615392988548e-05,0.9999960064888,0.924662709236145,0.9246668815612793
108.0,1.0,0.9993094205856323,5.549865454668179e-05,5.549865454668179e-05,0.9999898076057434,0.8702864646911621,0.8701367974281311,0.999754011631012,1.0293433660990559e-05,1.0293433660990559e-05,0.9999992847442627,0.6506654620170593,0.6506646871566772
108.0,2.0,0.9993283152580261,5.133105878485367e-05,5.133105878485367e-05,0.9999902844429016,0.816187858581543,0.8160491585731506,0.9998793005943298,1.7758035028236918e-05,1.7758035028236918e-05,0.9999992251396179,0.9955333471298218,0.995533287525177
108.0,3.0,0.9994843006134033,3.5668905184138566e-05,3.5668905184138566e-05,0.9999935030937195,0.8428695201873779,0.8427644968032837,0.9988321661949158,0.00011383160017430782,0.00011383160017430782,0.9999809265136719,0.7858044505119324,0.7855710983276367
108.0,4.0,0.9995415210723877,4.082234590896405e-05,4.082234590896405e-05,0.9999929666519165,0.8491787314414978,0.849135160446167,0.9987636208534241,7.566578278783709e-05,7.566578278783709e-05,0.999984860420227,0.7742310762405396,0.7737879157066345
109.0,0.0,0.9992209076881409,5.911606422159821e-05,5.911606422159821e-05,0.9999895691871643,0.7794191837310791,0.7792170643806458,0.9996524453163147,2.9288608857314102e-05,2.9288608857314102e-05,0.9999961256980896,0.9246633052825928,0.9246671795845032
109.0,1.0,0.9993086457252502,5.54682374058757e-05,5.54682374058757e-05,0.9999892115592957,0.8702865242958069,0.8701359033584595,0.9997540712356567,1.0278997251589317e-05,1.0278997251589317e-05,0.9999993443489075,0.6506654620170593,0.6506646871566772
109.0,2.0,0.9993277192115784,5.127358963363804e-05,5.127358963363804e-05,0.9999902844429016,0.8161883354187012,0.8160494565963745,0.9998799562454224,1.7731199477566406e-05,1.7731199477566406e-05,0.9999993443489075,0.9955333471298218,0.995533287525177
109.0,3.0,0.9994863867759705,3.564453436410986e-05,3.564453436410986e-05,0.9999935030937195,0.8428695797920227,0.8427647948265076,0.9988336563110352,0.00011378778435755521,0.00011378778435755521,0.9999805092811584,0.7858074307441711,0.7855713963508606
109.0,4.0,0.9995400309562683,4.080799772054888e-05,4.080799772054888e-05,0.9999929666519165,0.8491798043251038,0.849136471748352,0.9987689852714539,7.561275560874492e-05,7.561275560874492e-05,0.9999849796295166,0.7742311954498291,0.7737879157066345
110.0,0.0,0.9992204904556274,5.905725629418157e-05,5.905725629418157e-05,0.9999893307685852,0.7794199585914612,0.7792156338691711,0.9996517896652222,2.9251896194182336e-05,2.9251896194182336e-05,0.999995768070221,0.9246604442596436,0.9246656894683838
110.0,1.0,0.9993091225624084,5.5414715461665764e-05,5.5414715461665764e-05,0.9999894499778748,0.8702861666679382,0.870136559009552,0.9997553825378418,1.0268862752127461e-05,1.0268862752127461e-05,0.9999993443489075,0.6506654620170593,0.6506646871566772
110.0,2.0,0.9993277192115784,5.123925438965671e-05,5.123925438965671e-05,0.9999902844429016,0.8161889314651489,0.8160498738288879,0.9998791813850403,1.7717449736665003e-05,1.7717449736665003e-05,0.9999993443489075,0.9955333471298218,0.9955333471298218
110.0,3.0,0.9994841814041138,3.562291385605931e-05,3.562291385605931e-05,0.9999935626983643,0.8428693413734436,0.842764675617218,0.998836100101471,0.00011368772538844496,0.00011368772538844496,0.9999807476997375,0.7858043313026428,0.7855712175369263
110.0,4.0,0.9995421767234802,4.0745311707723886e-05,4.0745311707723886e-05,0.9999929070472717,0.8491801619529724,0.849136233329773,0.9987667798995972,7.554348849225789e-05,7.554348849225789e-05,0.999984860420227,0.7742292284965515,0.7737872004508972
111.0,0.0,0.9992203116416931,5.902429620618932e-05,5.902429620618932e-05,0.9999895691871643,0.7794188857078552,0.7792170643806458,0.9996507167816162,2.923701686086133e-05,2.923701686086133e-05,0.9999958276748657,0.9246604442596436,0.9246658086776733
111.0,1.0,0.9993098974227905,5.535988020710647e-05,5.535988020710647e-05,0.9999891519546509,0.8702857494354248,0.8701364398002625,0.9997556805610657,1.0263186595693696e-05,1.0263186595693696e-05,0.9999995231628418,0.6506654620170593,0.6506654620170593
111.0,2.0,0.999329149723053,5.119407069287263e-05,5.119407069287263e-05,0.9999899864196777,0.8161895275115967,0.8160494565963745,0.9998801946640015,1.7724900317261927e-05,1.7724900317261927e-05,0.9999993443489075,0.9955333471298218,0.9955333471298218
111.0,3.0,0.9994871616363525,3.558229218469933e-05,3.558229218469933e-05,0.9999936819076538,0.8428696393966675,0.8427649140357971,0.9988359212875366,0.0001135371858254075,0.0001135371858254075,0.9999813437461853,0.7858043313026428,0.7855724692344666
111.0,4.0,0.9995411038398743,4.0705795981921256e-05,4.0705795981921256e-05,0.9999935030937195,0.849179744720459,0.8491371273994446,0.9987698793411255,7.549400470452383e-05,7.549400470452383e-05,0.9999848008155823,0.7742311358451843,0.7737877368927002
112.0,0.0,0.9992206692695618,5.896280345041305e-05,5.896280345041305e-05,0.9999894499778748,0.7794210314750671,0.779215931892395,0.9996506571769714,2.919333019235637e-05,2.919333019235637e-05,0.999995768070221,0.9246605038642883,0.9246659874916077
112.0,1.0,0.9993095397949219,5.5326727306237444e-05,5.5326727306237444e-05,0.9999894499778748,0.8702870607376099,0.8701363205909729,0.9997546672821045,1.0253083928546403e-05,1.0253083928546403e-05,0.9999995827674866,0.6506654620170593,0.6506654620170593
112.0,2.0,0.9993298053741455,5.1141731091775e-05,5.1141731091775e-05,0.9999898672103882,0.8161879181861877,0.8160499334335327,0.9998798966407776,1.7690294043859467e-05,1.7690294043859467e-05,0.9999992251396179,0.9955333471298218,0.9955333471298218
112.0,3.0,0.9994881749153137,3.555915827746503e-05,3.555915827746503e-05,0.9999935030937195,0.8428694605827332,0.8427643775939941,0.9988371729850769,0.00011351027933415025,0.00011351027933415025,0.9999805092811584,0.7858043313026428,0.7855710983276367
112.0,4.0,0.9995421767234802,4.068837370141409e-05,4.068837370141409e-05,0.9999933838844299,0.8491796851158142,0.8491361141204834,0.998772144317627,7.54209395381622e-05,7.54209395381622e-05,0.999984860420227,0.7742311358451843,0.7737879753112793
113.0,0.0,0.9992233514785767,5.8906964113703e-05,5.8906964113703e-05,0.9999894499778748,0.7794200778007507,0.7792171835899353,0.9996512532234192,2.9182261641835794e-05,2.9182261641835794e-05,0.9999960064888,0.9246618151664734,0.9246662259101868
113.0,1.0,0.9993103742599487,5.527482426259667e-05,5.527482426259667e-05,0.9999896287918091,0.8702859282493591,0.8701363801956177,0.9997544884681702,1.0234359251626302e-05,1.0234359251626302e-05,0.9999995827674866,0.6506654620170593,0.6506654620170593
113.0,2.0,0.999330461025238,5.111919381306507e-05,5.111919381306507e-05,0.9999901056289673,0.8161887526512146,0.8160493969917297,0.9998803734779358,1.7673199181444943e-05,1.7673199181444943e-05,0.9999993443489075,0.9955333471298218,0.9955333471298218
113.0,3.0,0.999488115310669,3.551242116373032e-05,3.551242116373032e-05,0.9999933242797852,0.8428700566291809,0.8427647352218628,0.9988380074501038,0.00011338817421346903,0.00011338817421346903,0.9999809265136719,0.7858074307441711,0.7855728268623352
113.0,4.0,0.999542236328125,4.0645041735842824e-05,4.0645041735842824e-05,0.999993085861206,0.8491809964179993,0.849136233329773,0.9987694621086121,7.535321492468938e-05,7.535321492468938e-05,0.999984860420227,0.7742311358451843,0.7737882137298584
114.0,0.0,0.9992209076881409,5.886492726858705e-05,5.886492726858705e-05,0.9999897480010986,0.7794205546379089,0.7792166471481323,0.9996517300605774,2.9152914066798985e-05,2.9152914066798985e-05,0.9999958276748657,0.9246603846549988,0.9246659874916077
114.0,1.0,0.999309778213501,5.5224303650902584e-05,5.5224303650902584e-05,0.9999896883964539,0.8702857494354248,0.8701363205909729,0.9997556805610657,1.022069227474276e-05,1.022069227474276e-05,0.9999993443489075,0.6506654620170593,0.6506646871566772
114.0,2.0,0.9993299245834351,5.107424658490345e-05,5.107424658490345e-05,0.999989926815033,0.8161885738372803,0.8160498738288879,0.9998801350593567,1.7662689060671255e-05,1.7662689060671255e-05,0.9999992251396179,0.9955333471298218,0.9955333471298218
114.0,3.0,0.9994850158691406,3.550469409674406e-05,3.550469409674406e-05,0.9999936819076538,0.8428700566291809,0.8427647948265076,0.9988389611244202,0.00011325613013468683,0.00011325613013468683,0.9999809265136719,0.7858058214187622,0.7855719923973083
114.0,4.0,0.9995437264442444,4.0609840652905405e-05,4.0609840652905405e-05,0.9999933242797852,0.849180281162262,0.849136233329773,0.998772144317627,7.530467701144516e-05,7.530467701144516e-05,0.9999848008155823,0.7742311954498291,0.7737877368927002
115.0,0.0,0.9992234110832214,5.881005563423969e-05,5.881005563423969e-05,0.9999895691871643,0.7794199585914612,0.7792173624038696,0.9996526837348938,2.9121729312464595e-05,2.9121729312464595e-05,0.999995768070221,0.9246604442596436,0.9246656894683838
115.0,1.0,0.9993095993995667,5.51844022993464e-05,5.51844022993464e-05,0.9999895095825195,0.8702861666679382,0.8701363801956177,0.9997549653053284,1.021361276798416e-05,1.021361276798416e-05,0.9999993443489075,0.6506654620170593,0.6506646871566772
115.0,2.0,0.999329686164856,5.100996349938214e-05,5.100996349938214e-05,0.9999901056289673,0.8161884546279907,0.8160492777824402,0.999880313873291,1.7639424186199903e-05,1.7639424186199903e-05,0.9999992251396179,0.9955333471298218,0.9955333471298218
115.0,3.0,0.9994876384735107,3.545985236996785e-05,3.545985236996785e-05,0.9999934434890747,0.842868983745575,0.8427642583847046,0.9988401532173157,0.00011324346996843815,0.00011324346996843815,0.9999805688858032,0.7858068943023682,0.7855687141418457
115.0,4.0,0.9995433688163757,4.0597780753159896e-05,4.0597780753159896e-05,0.9999927878379822,0.849179744720459,0.8491355776786804,0.9987710118293762,7.52562191337347e-05,7.52562191337347e-05,0.9999848008155823,0.7742311358451843,0.7737879157066345
116.0,0.0,0.9992226958274841,5.875750139239244e-05,5.875750139239244e-05,0.9999898076057434,0.7794204354286194,0.7792174220085144,0.9996539950370789,2.9098822778905742e-05,2.9098822778905742e-05,0.9999958872795105,0.9246609807014465,0.9246660470962524
116.0,1.0,0.9993109703063965,5.513816358870827e-05,5.513816358870827e-05,0.9999897480010986,0.8702865839004517,0.8701362013816833,0.9997563362121582,1.0200096767221112e-05,1.0200096767221112e-05,0.9999995827674866,0.6506654620170593,0.6506654620170593
116.0,2.0,0.9993327260017395,5.099183908896521e-05,5.099183908896521e-05,0.9999901652336121,0.8161895275115967,0.8160508275032043,0.9998804330825806,1.761878411343787e-05,1.761878411343787e-05,0.9999993443489075,0.9955333471298218,0.9955333471298218
116.0,3.0,0.9994869828224182,3.542826379998587e-05,3.542826379998587e-05,0.9999935030937195,0.8428699374198914,0.8427651524543762,0.998839795589447,0.0001131160170189105,0.0001131160170189105,0.9999809265136719,0.7858057022094727,0.7855718731880188
116.0,4.0,0.9995453953742981,4.054287273902446e-05,4.054287273902446e-05,0.9999931454658508,0.8491801023483276,0.8491357564926147,0.9987732172012329,7.5188247137703e-05,7.5188247137703e-05,0.999984860420227,0.7742310762405396,0.773787796497345
117.0,0.0,0.9992241263389587,5.8735717175295576e-05,5.8735717175295576e-05,0.9999899864196777,0.7794203162193298,0.7792165875434875,0.9996529817581177,2.90736643364653e-05,2.90736643364653e-05,0.9999958276748657,0.9246615171432495,0.9246661067008972
117.0,1.0,0.999312162399292,5.509689071914181e-05,5.509689071914181e-05,0.99998939037323,0.8702858090400696,0.870136022567749,0.9997556209564209,1.01912673926563e-05,1.01912673926563e-05,0.9999993443489075,0.6506654620170593,0.6506646871566772
117.0,2.0,0.9993325471878052,5.093949948786758e-05,5.093949948786758e-05,0.9999902248382568,0.8161888718605042,0.8160499930381775,0.9998806715011597,1.7594442397239618e-05,1.7594442397239618e-05,0.9999993443489075,0.9955333471298218,0.9955333471298218
117.0,3.0,0.9994878172874451,3.540065881679766e-05,3.540065881679766e-05,0.9999932646751404,0.8428698182106018,0.8427646160125732,0.9988414645195007,0.00011300324695184827,0.00011300324695184827,0.9999803900718689,0.7858043313026428,0.7855712175369263
117.0,4.0,0.9995430707931519,4.051321593578905e-05,4.051321593578905e-05,0.9999930262565613,0.8491800427436829,0.8491356372833252,0.9987736940383911,7.512595038861036e-05,7.512595038861036e-05,0.9999850392341614,0.7742311358451843,0.7737882733345032
118.0,0.0,0.9992250204086304,5.86615497013554e-05,5.86615497013554e-05,0.9999896287918091,0.7794189453125,0.779216468334198,0.9996543526649475,2.9047740099485964e-05,2.9047740099485964e-05,0.9999958872795105,0.9246624112129211,0.9246664643287659
118.0,1.0,0.9993130564689636,5.504890941665508e-05,5.504890941665508e-05,0.9999897480010986,0.8702869415283203,0.8701366186141968,0.9997559189796448,1.0181281140830833e-05,1.0181281140830833e-05,0.9999993443489075,0.6506654620170593,0.6506646871566772
118.0,2.0,0.9993325471878052,5.090868944535032e-05,5.090868944535032e-05,0.999989926815033,0.816188633441925,0.8160489797592163,0.9998804330825806,1.7586982721695676e-05,1.7586982721695676e-05,0.9999992251396179,0.9955333471298218,0.9955333471298218
118.0,3.0,0.9994878768920898,3.536996882758103e-05,3.536996882758103e-05,0.9999937415122986,0.8428706526756287,0.842765212059021,0.9988440275192261,0.00011291689588688314,0.00011291689588688314,0.9999807476997375,0.785804271697998,0.7855716943740845
118.0,4.0,0.999544084072113,4.0482649637851864e-05,4.0482649637851864e-05,0.9999929666519165,0.8491799831390381,0.84913569688797,0.9987747073173523,7.5098781962879e-05,7.5098781962879e-05,0.9999849796295166,0.7742311358451843,0.773788332939148
119.0,0.0,0.999225378036499,5.864314516657032e-05,5.864314516657032e-05,0.9999897480010986,0.7794203162193298,0.7792174220085144,0.9996544122695923,2.9008362616878003e-05,2.9008362616878003e-05,0.9999958276748657,0.9246614575386047,0.9246663451194763
119.0,1.0,0.9993134140968323,5.499217877513729e-05,5.499217877513729e-05,0.9999895095825195,0.8702875971794128,0.8701367974281311,0.9997552633285522,1.0167376785830129e-05,1.0167376785830129e-05,0.9999992847442627,0.6506654620170593,0.6506646871566772
119.0,2.0,0.9993352293968201,5.085577868157998e-05,5.085577868157998e-05,0.9999902248382568,0.8161892890930176,0.8160500526428223,0.9998810887336731,1.7569627743796445e-05,1.7569627743796445e-05,0.9999993443489075,0.9955333471298218,0.9955333471298218
119.0,3.0,0.999487042427063,3.534202915034257e-05,3.534202915034257e-05,0.9999937415122986,0.8428699374198914,0.842765212059021,0.998843789100647,0.00011287064990028739,0.00011287064990028739,0.9999809861183167,0.7858092188835144,0.7855730652809143
119.0,4.0,0.9995434284210205,4.0440867451252416e-05,4.0440867451252416e-05,0.9999933242797852,0.8491808176040649,0.849136471748352,0.9987767934799194,7.504114182665944e-05,7.504114182665944e-05,0.9999848008155823,0.7742310762405396,0.7737879157066345
120.0,0.0,0.9992272257804871,5.8228702982887626e-05,5.8228702982887626e-05,0.9999898076057434,0.7794206738471985,0.7792174816131592,0.9996556639671326,2.897233935073018e-05,2.897233935073018e-05,0.9999958276748657,0.9246622920036316,0.9246665835380554
120.0,1.0,0.9993159770965576,5.4620391892967746e-05,5.4620391892967746e-05,0.9999896287918091,0.8702874779701233,0.8701375126838684,0.9997566938400269,1.0149693480343558e-05,1.0149693480343558e-05,0.9999995231628418,0.6506654620170593,0.6506654620170593
120.0,2.0,0.9993354082107544,5.0509694119682536e-05,5.0509694119682536e-05,0.9999901652336121,0.8161898851394653,0.8160504102706909,0.9998807311058044,1.755521589075215e-05,1.755521589075215e-05,0.9999993443489075,0.9955333471298218,0.9955333471298218
120.0,3.0,0.999491274356842,3.506998109514825e-05,3.506998109514825e-05,0.9999939203262329,0.8428704142570496,0.8427652716636658,0.9988440871238708,0.00011279515456408262,0.00011279515456408262,0.999980628490448,0.7858058214187622,0.785571813583374
120.0,4.0,0.9995464086532593,4.0146733226720244e-05,4.0146733226720244e-05,0.9999933242797852,0.8491812944412231,0.8491374850273132,0.9987740516662598,7.501756044803187e-05,7.501756044803187e-05,0.9999848008155823,0.7742311358451843,0.7737877368927002
121.0,0.0,0.9992286562919617,5.823118772241287e-05,5.823118772241287e-05,0.9999899864196777,0.7794210314750671,0.7792178392410278,0.9996544718742371,2.89831223199144e-05,2.89831223199144e-05,0.9999960660934448,0.9246628284454346,0.9246667623519897
121.0,1.0,0.9993152022361755,5.4612835810985416e-05,5.4612835810985416e-05,0.9999901056289673,0.8702877163887024,0.8701378703117371,0.999755859375,1.0155284144275356e-05,1.0155284144275356e-05,0.9999995827674866,0.6506654620170593,0.6506654620170593
121.0,2.0,0.9993354678153992,5.050900290370919e-05,5.050900290370919e-05,0.9999904632568359,0.8161901831626892,0.8160512447357178,0.9998807907104492,1.7548465621075593e-05,1.7548465621075593e-05,0.9999993443489075,0.9955333471298218,0.9955333471298218
121.0,3.0,0.9994910359382629,3.506886787363328e-05,3.506886787363328e-05,0.9999935030937195,0.8428701758384705,0.8427649140357971,0.9988438487052917,0.00011276099394308403,0.00011276099394308403,0.9999809265136719,0.7858056426048279,0.7855719923973083
121.0,4.0,0.9995462894439697,4.015624290332198e-05,4.015624290332198e-05,0.999993622303009,0.8491809368133545,0.8491373062133789,0.9987747669219971,7.499723142245784e-05,7.499723142245784e-05,0.9999849796295166,0.7742311358451843,0.773787796497345
122.0,0.0,0.9992267489433289,5.8219684433424845e-05,5.8219684433424845e-05,0.9999897480010986,0.7794206738471985,0.7792176604270935,0.9996545314788818,2.8976528483326547e-05,2.8976528483326547e-05,0.9999960660934448,0.9246618151664734,0.9246664643287659
122.0,1.0,0.9993165135383606,5.461388354888186e-05,5.461388354888186e-05,0.9999901652336121,0.8702880144119263,0.8701372742652893,0.9997556209564209,1.0152738468605094e-05,1.0152738468605094e-05,0.9999995827674866,0.6506654620170593,0.6506654620170593
122.0,2.0,0.9993352890014648,5.050794061389752e-05,5.050794061389752e-05,0.9999902844429016,0.8161901831626892,0.8160507678985596,0.9998807311058044,1.7537959138280712e-05,1.7537959138280712e-05,0.9999993443489075,0.9955333471298218,0.9955333471298218
122.0,3.0,0.9994904398918152,3.506181383272633e-05,3.506181383272633e-05,0.9999935030937195,0.8428702354431152,0.8427649140357971,0.9988447427749634,0.00011274996359134093,0.00011274996359134093,0.9999809861183167,0.7858057022094727,0.7855725884437561
122.0,4.0,0.9995461702346802,4.015022568637505e-05,4.015022568637505e-05,0.9999936819076538,0.8491808176040649,0.8491371273994446,0.9987750053405762,7.500048377551138e-05,7.500048377551138e-05,0.9999849200248718,0.7742310166358948,0.773787796497345
123.0,0.0,0.9992289543151855,5.8214267482981086e-05,5.8214267482981086e-05,0.9999894499778748,0.7794209122657776,0.7792177796363831,0.9996544122695923,2.8973741791560315e-05,2.8973741791560315e-05,0.9999961256980896,0.9246618151664734,0.9246665835380554
123.0,1.0,0.9993161559104919,5.460713873617351e-05,5.460713873617351e-05,0.9999896883964539,0.8702877163887024,0.8701374530792236,0.9997565150260925,1.0151790775125846e-05,1.0151790775125846e-05,0.9999995231628418,0.6506654620170593,0.6506654620170593
123.0,2.0,0.9993357062339783,5.050378240412101e-05,5.050378240412101e-05,0.9999901652336121,0.8161895275115967,0.8160505890846252,0.9998806715011597,1.7556239981786348e-05,1.7556239981786348e-05,0.9999993443489075,0.9955333471298218,0.9955333471298218
123.0,3.0,0.9994914531707764,3.505613130982965e-05,3.505613130982965e-05,0.9999939203262329,0.8428707718849182,0.8427653908729553,0.9988438487052917,0.00011277818703092635,0.00011277818703092635,0.9999807476997375,0.7858055233955383,0.7855718731880188
123.0,4.0,0.9995459318161011,4.0145416278392076e-05,4.0145416278392076e-05,0.9999932050704956,0.8491809368133545,0.8491371273994446,0.9987743496894836,7.498155173379928e-05,7.498155173379928e-05,0.9999848008155823,0.7742311954498291,0.7737880349159241
124.0,0.0,0.9992287755012512,5.8211327996104956e-05,5.8211327996104956e-05,0.9999901652336121,0.7794208526611328,0.7792178392410278,0.9996545910835266,2.8977086913073435e-05,2.8977086913073435e-05,0.9999960660934448,0.924662709236145,0.9246671199798584
124.0,1.0,0.9993161559104919,5.460623651742935e-05,5.460623651742935e-05,0.9999898076057434,0.8702875971794128,0.8701375126838684,0.9997560977935791,1.0151503374800086e-05,1.0151503374800086e-05,0.9999995827674866,0.6506654620170593,0.6506654620170593
124.0,2.0,0.9993343353271484,5.050514664617367e-05,5.050514664617367e-05,0.9999905824661255,0.8161900043487549,0.8160507678985596,0.9998806118965149,1.7555048543727025e-05,1.7555048543727025e-05,0.9999992251396179,0.9955333471298218,0.995533287525177
124.0,3.0,0.9994914531707764,3.5061017115367576e-05,3.5061017115367576e-05,0.9999935030937195,0.8428701162338257,0.8427650928497314,0.9988444447517395,0.0001127360956161283,0.0001127360956161283,0.9999811053276062,0.7858056426048279,0.7855730056762695
124.0,4.0,0.9995461106300354,4.014437217847444e-05,4.014437217847444e-05,0.999993085861206,0.8491811156272888,0.8491374850273132,0.998774528503418,7.499227649532259e-05,7.499227649532259e-05,0.999984860420227,0.7742310762405396,0.7737879157066345
125.0,0.0,0.9992271065711975,5.821497688884847e-05,5.821497688884847e-05,0.9999901056289673,0.7794206738471985,0.7792178392410278,0.9996538758277893,2.8975460736546665e-05,2.8975460736546665e-05,0.9999960660934448,0.9246628880500793,0.9246668219566345
125.0,1.0,0.9993166923522949,5.459534077090211e-05,5.459534077090211e-05,0.9999899864196777,0.8702875971794128,0.8701372742652893,0.9997565150260925,1.0152393770113122e-05,1.0152393770113122e-05,0.9999995827674866,0.6506654620170593,0.6506654620170593
125.0,2.0,0.9993349313735962,5.0494334573158994e-05,5.0494334573158994e-05,0.9999905824661255,0.8161898851394653,0.8160505294799805,0.9998803734779358,1.7560116248205304e-05,1.7560116248205304e-05,0.9999992251396179,0.9955333471298218,0.9955333471298218
125.0,3.0,0.9994907379150391,3.5068249417236075e-05,3.5068249417236075e-05,0.9999938011169434,0.8428701758384705,0.8427650928497314,0.9988436102867126,0.00011273165000602603,0.00011273165000602603,0.9999805688858032,0.7858057022094727,0.7855718731880188
125.0,4.0,0.9995469450950623,4.014037040178664e-05,4.014037040178664e-05,0.9999933838844299,0.8491807579994202,0.8491372466087341,0.9987751245498657,7.498737249989063e-05,7.498737249989063e-05,0.9999849796295166,0.7742310166358948,0.7737877368927002
126.0,0.0,0.9992275238037109,5.8207562688039616e-05,5.8207562688039616e-05,0.9999897480010986,0.7794210314750671,0.7792176604270935,0.9996535778045654,2.8968208425794728e-05,2.8968208425794728e-05,0.999995768070221,0.9246618151664734,0.9246665239334106
126.0,1.0,0.9993156790733337,5.459480962599628e-05,5.459480962599628e-05,0.9999897480010986,0.8702875971794128,0.8701372146606445,0.9997566938400269,1.014893496176228e-05,1.014893496176228e-05,0.9999995827674866,0.6506654620170593,0.6506654620170593
126.0,2.0,0.999334990978241,5.0492093578213826e-05,5.0492093578213826e-05,0.9999906420707703,0.8161898851394653,0.8160512447357178,0.9998803734779358,1.7566879250807688e-05,1.7566879250807688e-05,0.9999993443489075,0.9955333471298218,0.9955333471298218
126.0,3.0,0.9994906783103943,3.505823769955896e-05,3.505823769955896e-05,0.9999937415122986,0.8428701758384705,0.8427650928497314,0.9988430738449097,0.00011272389383520931,0.00011272389383520931,0.9999809861183167,0.7858057022094727,0.7855724692344666
126.0,4.0,0.9995467662811279,4.014555088360794e-05,4.014555088360794e-05,0.9999939799308777,0.8491805791854858,0.8491371870040894,0.9987744688987732,7.498047489207238e-05,7.498047489207238e-05,0.9999849200248718,0.7742311954498291,0.7737879753112793
127.0,0.0,0.9992277026176453,5.820505612064153e-05,5.820505612064153e-05,0.9999896287918091,0.7794209122657776,0.7792180180549622,0.9996549487113953,2.897326703532599e-05,2.897326703532599e-05,0.9999960660934448,0.924662709236145,0.9246671795845032
127.0,1.0,0.9993172287940979,5.459369640448131e-05,5.459369640448131e-05,0.9999894499778748,0.870287299156189,0.8701372742652893,0.9997561573982239,1.0149858098884579e-05,1.0149858098884579e-05,0.9999995231628418,0.6506654620170593,0.6506654620170593
127.0,2.0,0.999334990978241,5.049920582678169e-05,5.049920582678169e-05,0.9999905228614807,0.8161904811859131,0.8160510063171387,0.9998804926872253,1.7556725651957095e-05,1.7556725651957095e-05,0.9999992251396179,0.9955333471298218,0.995533287525177
127.0,3.0,0.9994922280311584,3.50582595274318e-05,3.50582595274318e-05,0.9999939203262329,0.8428701758384705,0.8427651524543762,0.998843789100647,0.00011271954281255603,0.00011271954281255603,0.9999811053276062,0.7858056426048279,0.7855725884437561
127.0,4.0,0.9995467662811279,4.0140876080840826e-05,4.0140876080840826e-05,0.999993622303009,0.8491806983947754,0.8491372466087341,0.9987741112709045,7.499044295400381e-05,7.499044295400381e-05,0.999984860420227,0.7742311358451843,0.7737879753112793
128.0,0.0,0.9992284178733826,5.820566730108112e-05,5.820566730108112e-05,0.9999899864196777,0.7794210910797119,0.7792171835899353,0.9996538162231445,2.8962336728000082e-05,2.8962336728000082e-05,0.9999961853027344,0.9246628284454346,0.9246671199798584
128.0,1.0,0.9993165135383606,5.459591557155363e-05,5.459591557155363e-05,0.9999899864196777,0.870288074016571,0.8701376914978027,0.9997556209564209,1.014763711282285e-05,1.014763711282285e-05,0.9999995827674866,0.6506654620170593,0.6506654620170593
128.0,2.0,0.9993360638618469,5.049486208008602e-05,5.049486208008602e-05,0.9999904632568359,0.8161896467208862,0.8160507678985596,0.9998807907104492,1.755091034283396e-05,1.755091034283396e-05,0.9999992251396179,0.9955333471298218,0.995533287525177
128.0,3.0,0.9994903206825256,3.505873974063434e-05,3.505873974063434e-05,0.999993622303009,0.8428700566291809,0.8427651524543762,0.9988422989845276,0.00011272064148215577,0.00011272064148215577,0.9999811053276062,0.7858056426048279,0.7855725884437561
128.0,4.0,0.9995465874671936,4.013620855403133e-05,4.013620855403133e-05,0.9999933838844299,0.8491814136505127,0.8491374850273132,0.998775839805603,7.497645128751174e-05,7.497645128751174e-05,0.999984860420227,0.7742311358451843,0.773787796497345
129.0,0.0,0.9992270469665527,5.82018619752489e-05,5.82018619752489e-05,0.999989926815033,0.7794210314750671,0.7792178392410278,0.9996547102928162,2.8971850042580627e-05,2.8971850042580627e-05,0.9999958872795105,0.9246618151664734,0.924666702747345
129.0,1.0,0.9993161559104919,5.459503154270351e-05,5.459503154270351e-05,0.999989926815033,0.8702874779701233,0.8701378703117371,0.9997565746307373,1.0150210982828867e-05,1.0150210982828867e-05,0.9999995231628418,0.6506654620170593,0.6506654620170593
129.0,2.0,0.999335527420044,5.048768798587844e-05,5.048768798587844e-05,0.9999902248382568,0.8161899447441101,0.8160507678985596,0.9998804926872253,1.754843287926633e-05,1.754843287926633e-05,0.9999993443489075,0.9955333471298218,0.9955333471298218
129.0,3.0,0.9994919300079346,3.505647327983752e-05,3.505647327983752e-05,0.9999938607215881,0.8428701758384705,0.8427650928497314,0.9988431930541992,0.00011271620314801112,0.00011271620314801112,0.9999811053276062,0.7858057022094727,0.7855730056762695
129.0,4.0,0.9995452165603638,4.01340403186623e-05,4.01340403186623e-05,0.9999934434890747,0.8491814136505127,0.8491373062133789,0.9987763166427612,7.498468767153099e-05,7.498468767153099e-05,0.9999848008155823,0.7742311358451843,0.7737879157066345
130.0,0.0,0.9992271065711975,5.820814840262756e-05,5.820814840262756e-05,0.999989926815033,0.7794205546379089,0.7792178392410278,0.9996544122695923,2.896813748520799e-05,2.896813748520799e-05,0.9999962449073792,0.9246618151664734,0.9246665239334106
130.0,1.0,0.9993159770965576,5.459487874759361e-05,5.459487874759361e-05,0.9999898672103882,0.8702874779701233,0.8701375722885132,0.9997554421424866,1.0149947229365353e-05,1.0149947229365353e-05,0.9999995231628418,0.6506654620170593,0.6506654620170593
130.0,2.0,0.9993347525596619,5.048763705417514e-05,5.048763705417514e-05,0.9999904632568359,0.8161898255348206,0.8160511255264282,0.9998809099197388,1.7559157640789635e-05,1.7559157640789635e-05,0.9999993443489075,0.9955333471298218,0.9955333471298218
130.0,3.0,0.9994914531707764,3.505399217829108e-05,3.505399217829108e-05,0.9999937415122986,0.8428702354431152,0.8427650928497314,0.9988440871238708,0.0001127059367718175,0.0001127059367718175,0.9999809265136719,0.7858056426048279,0.7855725884437561
130.0,4.0,0.9995454549789429,4.013790385215543e-05,4.013790385215543e-05,0.9999936819076538,0.849181056022644,0.8491377234458923,0.9987736940383911,7.498738705180585e-05,7.498738705180585e-05,0.9999849796295166,0.77423095703125,0.7737877368927002
131.0,0.0,0.9992271065711975,5.8195968449581414e-05,5.8195968449581414e-05,0.9999901056289673,0.7794210314750671,0.7792181372642517,0.9996541738510132,2.8962504075025208e-05,2.8962504075025208e-05,0.9999960064888,0.9246628284454346,0.9246671795845032
131.0,1.0,0.9993157982826233,5.45891271030996e-05,5.45891271030996e-05,0.999989926815033,0.8702876567840576,0.8701374530792236,0.9997568130493164,1.0148103683604859e-05,1.0148103683604859e-05,0.9999995827674866,0.6506654620170593,0.6506654620170593
131.0,2.0,0.9993358254432678,5.048817547503859e-05,5.048817547503859e-05,0.9999901652336121,0.8161901831626892,0.8160510063171387,0.9998804926872253,1.7547290553920902e-05,1.7547290553920902e-05,0.9999993443489075,0.9955333471298218,0.9955333471298218
131.0,3.0,0.9994901418685913,3.505366112221964e-05,3.505366112221964e-05,0.9999935626983643,0.8428701162338257,0.8427651524543762,0.9988434910774231,0.00011271293624304235,0.00011271293624304235,0.9999812841415405,0.7858056426048279,0.7855724692344666
131.0,4.0,0.9995463490486145,4.013417492387816e-05,4.013417492387816e-05,0.9999935626983643,0.8491809368133545,0.8491371870040894,0.998775839805603,7.497520709875971e-05,7.497520709875971e-05,0.9999850988388062,0.7742310762405396,0.7737882137298584
132.0,0.0,0.9992274641990662,5.819963917019777e-05,5.819963917019777e-05,0.9999901056289673,0.7794210910797119,0.7792172431945801,0.9996548295021057,2.896684964071028e-05,2.896684964071028e-05,0.9999960064888,0.9246619343757629,0.9246665835380554
132.0,1.0,0.9993157982826233,5.459469684865326e-05,5.459469684865326e-05,0.9999897480010986,0.8702879548072815,0.8701374530792236,0.9997566938400269,1.01468422144535e-05,1.01468422144535e-05,0.9999995827674866,0.6506654620170593,0.6506654620170593
132.0,2.0,0.9993350505828857,5.048081584391184e-05,5.048081584391184e-05,0.999990701675415,0.8161901831626892,0.8160510063171387,0.9998803734779358,1.754664299369324e-05,1.754664299369324e-05,0.9999992251396179,0.9955333471298218,0.9955333471298218
132.0,3.0,0.9994915127754211,3.504914275254123e-05,3.504914275254123e-05,0.9999937415122986,0.8428702354431152,0.842765212059021,0.9988434314727783,0.00011269411334069446,0.00011269411334069446,0.9999809861183167,0.7858058214187622,0.7855724692344666
132.0,4.0,0.9995465874671936,4.013500074506737e-05,4.013500074506737e-05,0.9999935030937195,0.849181056022644,0.8491373062133789,0.9987760782241821,7.498139893868938e-05,7.498139893868938e-05,0.9999849796295166,0.7742310762405396,0.7737882137298584
133.0,0.0,0.9992284774780273,5.818345380248502e-05,5.818345380248502e-05,0.9999903440475464,0.7794210314750671,0.7792171835899353,0.9996547102928162,2.8963491786271334e-05,2.8963491786271334e-05,0.9999960064888,0.9246628284454346,0.924666702747345
133.0,1.0,0.9993159770965576,5.4593812819803134e-05,5.4593812819803134e-05,0.9999896883964539,0.8702875971794128,0.8701366782188416,0.9997565746307373,1.0146143722522538e-05,1.0146143722522538e-05,0.9999995231628418,0.6506654620170593,0.6506654620170593
133.0,2.0,0.9993349313735962,5.047951708547771e-05,5.047951708547771e-05,0.9999905228614807,0.8161899447441101,0.8160509467124939,0.9998806715011597,1.7549111362313852e-05,1.7549111362313852e-05,0.9999992251396179,0.9955333471298218,0.9955333471298218
133.0,3.0,0.9994903802871704,3.505012864479795e-05,3.505012864479795e-05,0.9999936819076538,0.8428701758384705,0.8427650928497314,0.9988439679145813,0.0001126899805967696,0.0001126899805967696,0.9999814033508301,0.7858058214187622,0.7855737209320068
133.0,4.0,0.9995469450950623,4.0126931708073243e-05,4.0126931708073243e-05,0.9999935030937195,0.849181056022644,0.849137008190155,0.9987773299217224,7.495957834180444e-05,7.495957834180444e-05,0.9999848008155823,0.7742310762405396,0.7737876772880554
134.0,0.0,0.9992284178733826,5.819087164127268e-05,5.819087164127268e-05,0.9999899864196777,0.7794210910797119,0.7792182564735413,0.9996534585952759,2.8956239475519396e-05,2.8956239475519396e-05,0.9999960660934448,0.9246618747711182,0.9246664643287659
134.0,1.0,0.9993156790733337,5.458653322421014e-05,5.458653322421014e-05,0.999989926815033,0.8702875971794128,0.8701375126838684,0.9997559189796448,1.0148733963433187e-05,1.0148733963433187e-05,0.9999995231628418,0.6506654620170593,0.6506654620170593
134.0,2.0,0.9993351697921753,5.048332968726754e-05,5.048332968726754e-05,0.9999904036521912,0.8161903023719788,0.8160505294799805,0.9998806715011597,1.7544440197525546e-05,1.7544440197525546e-05,0.9999992251396179,0.9955333471298218,0.995533287525177
134.0,3.0,0.9994914531707764,3.505429413053207e-05,3.505429413053207e-05,0.999993622303009,0.8428701162338257,0.842765212059021,0.9988438487052917,0.0001126789502450265,0.0001126789502450265,0.9999807476997375,0.7858058214187622,0.785571813583374
134.0,4.0,0.9995458722114563,4.012801218777895e-05,4.012801218777895e-05,0.9999935030937195,0.8491812348365784,0.8491376042366028,0.9987743496894836,7.496452599298209e-05,7.496452599298209e-05,0.9999849200248718,0.7742310166358948,0.7737882137298584
135.0,0.0,0.9992284774780273,5.8189776609651744e-05,5.8189776609651744e-05,0.999989926815033,0.7794210910797119,0.7792180180549622,0.999654233455658,2.896567457355559e-05,2.896567457355559e-05,0.9999961256980896,0.9246616959571838,0.9246665835380554
135.0,1.0,0.9993168115615845,5.4582440498052165e-05,5.4582440498052165e-05,0.9999901056289673,0.870288074016571,0.8701374530792236,0.9997563362121582,1.0143087820324581e-05,1.0143087820324581e-05,0.9999995231628418,0.6506654620170593,0.6506654620170593
135.0,2.0,0.999334990978241,5.047935337643139e-05,5.047935337643139e-05,0.9999906420707703,0.8161898255348206,0.8160507678985596,0.9998807907104492,1.7560325431986712e-05,1.7560325431986712e-05,0.9999993443489075,0.9955333471298218,0.9955333471298218
135.0,3.0,0.9994917511940002,3.5055050830123946e-05,3.5055050830123946e-05,0.9999936819076538,0.8428702354431152,0.8427650928497314,0.9988434910774231,0.00011268853995716199,0.00011268853995716199,0.9999805688858032,0.7858056426048279,0.785571813583374
135.0,4.0,0.9995461702346802,4.012987483292818e-05,4.012987483292818e-05,0.9999933838844299,0.8491809964179993,0.8491366505622864,0.9987754821777344,7.499288039980456e-05,7.499288039980456e-05,0.9999849200248718,0.7742310762405396,0.7737879157066345
136.0,0.0,0.9992287755012512,5.8195342717226595e-05,5.8195342717226595e-05,0.9999899864196777,0.7794209122657776,0.7792176008224487,0.9996533393859863,2.895704164984636e-05,2.895704164984636e-05,0.9999960660934448,0.9246623516082764,0.9246668219566345
136.0,1.0,0.9993157982826233,5.458074883790687e-05,5.458074883790687e-05,0.9999898672103882,0.8702876567840576,0.8701372742652893,0.9997564554214478,1.0146957720280625e-05,1.0146957720280625e-05,0.9999995827674866,0.6506654620170593,0.6506654620170593
136.0,2.0,0.9993353486061096,5.047949525760487e-05,5.047949525760487e-05,0.9999902248382568,0.8161901831626892,0.8160502314567566,0.9998806118965149,1.754503682604991e-05,1.754503682604991e-05,0.9999993443489075,0.9955333471298218,0.9955333471298218
136.0,3.0,0.9994912147521973,3.5039793147007003e-05,3.5039793147007003e-05,0.9999939799308777,0.8428705930709839,0.8427655696868896,0.9988438487052917,0.00011266404908383265,0.00011266404908383265,0.9999808073043823,0.7858056426048279,0.7855724692344666
136.0,4.0,0.9995461702346802,4.01254728785716e-05,4.01254728785716e-05,0.9999935626983643,0.8491806983947754,0.8491374254226685,0.9987757802009583,7.497932529076934e-05,7.497932529076934e-05,0.9999851584434509,0.7742310762405396,0.7737882733345032
137.0,0.0,0.9992281794548035,5.8187975810142234e-05,5.8187975810142234e-05,0.9999896287918091,0.7794209122657776,0.7792173624038696,0.9996539950370789,2.8950464184163138e-05,2.8950464184163138e-05,0.9999960064888,0.924662709236145,0.9246670603752136
137.0,1.0,0.9993161559104919,5.457494262373075e-05,5.457494262373075e-05,0.9999897480010986,0.8702876567840576,0.8701373338699341,0.9997559189796448,1.0147726243303623e-05,1.0147726243303623e-05,0.9999995827674866,0.6506654620170593,0.6506654620170593
137.0,2.0,0.9993354678153992,5.047365266364068e-05,5.047365266364068e-05,0.9999901652336121,0.8161901831626892,0.8160505294799805,0.9998806715011597,1.7555186786921695e-05,1.7555186786921695e-05,0.9999992251396179,0.9955333471298218,0.995533287525177
137.0,3.0,0.9994915723800659,3.504862979752943e-05,3.504862979752943e-05,0.9999936819076538,0.8428701758384705,0.8427649140357971,0.9988442659378052,0.00011267150694038719,0.00011267150694038719,0.9999803304672241,0.7858057022094727,0.7855687141418457
137.0,4.0,0.9995464086532593,4.012159843114205e-05,4.012159843114205e-05,0.9999934434890747,0.8491809964179993,0.8491370677947998,0.9987762570381165,7.496616308344528e-05,7.496616308344528e-05,0.9999849796295166,0.7742311954498291,0.7737882137298584
138.0,0.0,0.9992277026176453,5.818365389131941e-05,5.818365389131941e-05,0.9999903440475464,0.7794210314750671,0.7792174220085144,0.9996543526649475,2.895981742767617e-05,2.895981742767617e-05,0.9999958276748657,0.9246605038642883,0.9246658086776733
138.0,1.0,0.9993156790733337,5.457634324557148e-05,5.457634324557148e-05,0.9999898672103882,0.8702874779701233,0.8701370358467102,0.9997565150260925,1.0150743946724106e-05,1.0150743946724106e-05,0.9999995231628418,0.6506654620170593,0.6506654620170593
138.0,2.0,0.9993351697921753,5.047558806836605e-05,5.047558806836605e-05,0.999990701675415,0.8161899447441101,0.8160505294799805,0.9998807907104492,1.7550790289533325e-05,1.7550790289533325e-05,0.9999993443489075,0.9955333471298218,0.9955333471298218
138.0,3.0,0.9994909763336182,3.504657797748223e-05,3.504657797748223e-05,0.999993622303009,0.8428705930709839,0.8427653312683105,0.998843252658844,0.00011267330410191789,0.00011267330410191789,0.9999808073043823,0.7858057022094727,0.7855700850486755
138.0,4.0,0.9995464086532593,4.012422141386196e-05,4.012422141386196e-05,0.9999934434890747,0.8491814732551575,0.8491370677947998,0.9987760782241821,7.49623286537826e-05,7.49623286537826e-05,0.9999849796295166,0.7742311358451843,0.773788332939148
139.0,0.0,0.9992284178733826,5.817850251332857e-05,5.817850251332857e-05,0.999989926815033,0.7794206738471985,0.7792181372642517,0.9996533989906311,2.896595287893433e-05,2.896595287893433e-05,0.9999961256980896,0.9246618151664734,0.9246665239334106
139.0,1.0,0.9993162155151367,5.457108636619523e-05,5.457108636619523e-05,0.9999896287918091,0.8702878355979919,0.8701372742652893,0.9997564554214478,1.0140770427824464e-05,1.0140770427824464e-05,0.9999995231628418,0.6506654620170593,0.6506654620170593
139.0,2.0,0.9993351697921753,5.0472317525418475e-05,5.0472317525418475e-05,0.9999904036521912,0.8161898255348206,0.8160508275032043,0.9998810887336731,1.7553213183418848e-05,1.7553213183418848e-05,0.9999992251396179,0.9955333471298218,0.995533287525177
139.0,3.0,0.9994908571243286,3.5040880902670324e-05,3.5040880902670324e-05,0.9999937415122986,0.8428707122802734,0.8427652716636658,0.9988448023796082,0.000112659610749688,0.000112659610749688,0.9999808073043823,0.7858044505119324,0.7855728268623352
139.0,4.0,0.9995473027229309,4.0123679355019704e-05,4.0123679355019704e-05,0.999993622303009,0.8491811156272888,0.8491376638412476,0.9987757205963135,7.495524187106639e-05,7.495524187106639e-05,0.9999849796295166,0.7742311954498291,0.773788332939148
140.0,0.0,0.9992291927337646,5.817907731398009e-05,5.817907731398009e-05,0.999989926815033,0.7794205546379089,0.779217004776001,0.9996540546417236,2.896961996157188e-05,2.896961996157188e-05,0.9999960064888,0.9246616363525391,0.9246665239334106
140.0,1.0,0.9993162155151367,5.4576084949076176e-05,5.4576084949076176e-05,0.9999896883964539,0.8702873587608337,0.8701375722885132,0.9997556805610657,1.0146331987925805e-05,1.0146331987925805e-05,0.9999995231628418,0.6506654620170593,0.6506654620170593
140.0,2.0,0.9993354082107544,5.047332160756923e-05,5.047332160756923e-05,0.9999904036521912,0.8161896467208862,0.8160505294799805,0.9998807907104492,1.7548660252941772e-05,1.7548660252941772e-05,0.9999992251396179,0.9955333471298218,0.9955333471298218
140.0,3.0,0.9994916319847107,3.504571577650495e-05,3.504571577650495e-05,0.9999938011169434,0.8428706526756287,0.8427656292915344,0.998845636844635,0.00011267267836956307,0.00011267267836956307,0.9999808073043823,0.7858044505119324,0.7855716943740845
140.0,4.0,0.9995464086532593,4.011999772046693e-05,4.011999772046693e-05,0.9999935030937195,0.8491809368133545,0.8491373062133789,0.9987766742706299,7.49594037188217e-05,7.49594037188217e-05,0.9999849200248718,0.7742311358451843,0.7737882733345032
141.0,0.0,0.9992291927337646,5.8168909163214266e-05,5.8168909163214266e-05,0.9999896287918091,0.7794212102890015,0.7792183756828308,0.999653697013855,2.895491707022302e-05,2.895491707022302e-05,0.9999958872795105,0.9246618151664734,0.9246665835380554
141.0,1.0,0.9993163347244263,5.456607323139906e-05,5.456607323139906e-05,0.9999902248382568,0.8702877163887024,0.8701372742652893,0.9997565150260925,1.0145685337192845e-05,1.0145685337192845e-05,0.9999995827674866,0.6506654620170593,0.6506654620170593
141.0,2.0,0.9993346929550171,5.046783189754933e-05,5.046783189754933e-05,0.9999904036521912,0.8161899447441101,0.8160508871078491,0.9998807311058044,1.7550180928083137e-05,1.7550180928083137e-05,0.9999993443489075,0.9955333471298218,0.9955333471298218
141.0,3.0,0.9994913339614868,3.5044544347329065e-05,3.5044544347329065e-05,0.999993622303009,0.8428702354431152,0.842765212059021,0.9988453984260559,0.0001126563802245073,0.0001126563802245073,0.9999808073043823,0.7858043313026428,0.785571813583374
141.0,4.0,0.9995462894439697,4.0117498429026455e-05,4.0117498429026455e-05,0.999993622303009,0.8491809368133545,0.8491374254226685,0.9987767934799194,7.49532991903834e-05,7.49532991903834e-05,0.9999848008155823,0.7742311358451843,0.773787796497345
142.0,0.0,0.9992290139198303,5.817415512865409e-05,5.817415512865409e-05,0.9999899864196777,0.7794209122657776,0.7792176008224487,0.9996541142463684,2.8950353225809522e-05,2.8950353225809522e-05,0.9999961256980896,0.924662709236145,0.9246671199798584
142.0,1.0,0.9993160963058472,5.4561038268730044e-05,5.4561038268730044e-05,0.9999899864196777,0.8702879548072815,0.8701380491256714,0.9997565746307373,1.0147188731934875e-05,1.0147188731934875e-05,0.9999995231628418,0.6506654620170593,0.6506654620170593
142.0,2.0,0.999335527420044,5.0462909712223336e-05,5.0462909712223336e-05,0.9999903440475464,0.8161900639533997,0.8160505890846252,0.9998804926872253,1.754570439516101e-05,1.754570439516101e-05,0.9999993443489075,0.9955333471298218,0.9955333471298218
142.0,3.0,0.9994911551475525,3.504074993543327e-05,3.504074993543327e-05,0.9999935030937195,0.8428701162338257,0.8427647948265076,0.9988440275192261,0.00011266572983004153,0.00011266572983004153,0.9999809861183167,0.7858044505119324,0.7855721712112427
142.0,4.0,0.9995457530021667,4.012272984255105e-05,4.012272984255105e-05,0.9999933838844299,0.849181056022644,0.8491367697715759,0.9987757802009583,7.495073805330321e-05,7.495073805330321e-05,0.9999850988388062,0.7742311954498291,0.773788332939148
143.0,0.0,0.9992286562919617,5.8162731875199825e-05,5.8162731875199825e-05,0.9999899864196777,0.7794208526611328,0.7792185544967651,0.999654233455658,2.8951904823770747e-05,2.8951904823770747e-05,0.9999961256980896,0.9246628284454346,0.9246670603752136
143.0,1.0,0.9993157386779785,5.4559437558054924e-05,5.4559437558054924e-05,0.9999899864196777,0.8702873587608337,0.8701378107070923,0.9997556805610657,1.0141716302314308e-05,1.0141716302314308e-05,0.9999995231628418,0.6506654620170593,0.6506654620170593
143.0,2.0,0.9993354082107544,5.04684321640525e-05,5.04684321640525e-05,0.9999905824661255,0.8161900043487549,0.8160512447357178,0.9998807907104492,1.7546630260767415e-05,1.7546630260767415e-05,0.9999992251396179,0.9955333471298218,0.9955333471298218
143.0,3.0,0.9994910955429077,3.5035514883929864e-05,3.5035514883929864e-05,0.9999939203262329,0.8428705930709839,0.8427653908729553,0.9988448023796082,0.00011264349450357258,0.00011264349450357258,0.999980628490448,0.7858056426048279,0.7855693697929382
143.0,4.0,0.9995471835136414,4.010699558421038e-05,4.010699558421038e-05,0.9999933242797852,0.8491809368133545,0.8491376638412476,0.9987760782241821,7.493393059121445e-05,7.493393059121445e-05,0.9999852180480957,0.7742311358451843,0.7737881541252136
144.0,0.0,0.9992277026176453,5.8176567108603194e-05,5.8176567108603194e-05,0.9999901652336121,0.7794205546379089,0.7792182564735413,0.9996535181999207,2.8955109883099794e-05,2.8955109883099794e-05,0.9999958872795105,0.9246618747711182,0.9246665239334106
144.0,1.0,0.9993159174919128,5.456748476717621e-05,5.456748476717621e-05,0.9999896883964539,0.8702877759933472,0.8701378107070923,0.9997559189796448,1.0143165127374232e-05,1.0143165127374232e-05,0.9999995827674866,0.6506654620170593,0.6506654620170593
144.0,2.0,0.9993348717689514,5.045825309935026e-05,5.045825309935026e-05,0.9999904632568359,0.8161895871162415,0.8160508275032043,0.9998807311058044,1.7545156879350543e-05,1.7545156879350543e-05,0.9999992251396179,0.9955333471298218,0.9955333471298218
144.0,3.0,0.9994909763336182,3.5041928640566766e-05,3.5041928640566766e-05,0.9999935030937195,0.8428706526756287,0.8427653908729553,0.9988442063331604,0.00011265472858212888,0.00011265472858212888,0.9999811053276062,0.7858058214187622,0.7855727672576904
144.0,4.0,0.9995465278625488,4.011474811704829e-05,4.011474811704829e-05,0.9999933242797852,0.849181056022644,0.8491377234458923,0.9987769722938538,7.493741577491164e-05,7.493741577491164e-05,0.9999849796295166,0.7742310762405396,0.7737882733345032
145.0,0.0,0.9992294311523438,5.816357224830426e-05,5.816357224830426e-05,0.9999896287918091,0.7794206738471985,0.7792176008224487,0.9996523857116699,2.895412217185367e-05,2.895412217185367e-05,0.9999961256980896,0.9246628284454346,0.9246669411659241
145.0,1.0,0.9993153810501099,5.4553493100684136e-05,5.4553493100684136e-05,0.999989926815033,0.8702879548072815,0.8701375722885132,0.9997561573982239,1.0143642612092663e-05,1.0143642612092663e-05,0.9999995827674866,0.6506654620170593,0.6506654620170593
145.0,2.0,0.9993351697921753,5.04533491039183e-05,5.04533491039183e-05,0.9999906420707703,0.8161901235580444,0.8160514831542969,0.999880850315094,1.7553658835822716e-05,1.7553658835822716e-05,0.9999992251396179,0.9955333471298218,0.9955333471298218
145.0,3.0,0.9994918704032898,3.503450352582149e-05,3.503450352582149e-05,0.9999936819076538,0.8428705930709839,0.8427655696868896,0.9988438487052917,0.00011264855857007205,0.00011264855857007205,0.999980628490448,0.7858044505119324,0.7855691313743591
145.0,4.0,0.9995456337928772,4.010583143099211e-05,4.010583143099211e-05,0.9999933242797852,0.8491808176040649,0.8491374850273132,0.9987761974334717,7.492900476790965e-05,7.492900476790965e-05,0.9999850392341614,0.7742311954498291,0.7737881541252136
146.0,0.0,0.9992284178733826,5.815376789541915e-05,5.815376789541915e-05,0.9999901652336121,0.7794212102890015,0.7792181372642517,0.9996535778045654,2.8952641514479183e-05,2.8952641514479183e-05,0.9999960660934448,0.9246628284454346,0.9246671199798584
146.0,1.0,0.9993155002593994,5.45539369340986e-05,5.45539369340986e-05,0.9999899864196777,0.8702877759933472,0.8701378107070923,0.9997560381889343,1.0145670785277616e-05,1.0145670785277616e-05,0.9999995231628418,0.6506654620170593,0.6506654620170593
146.0,2.0,0.9993345141410828,5.045928628533147e-05,5.045928628533147e-05,0.9999904036521912,0.8161898851394653,0.8160509467124939,0.9998806118965149,1.7549113181303255e-05,1.7549113181303255e-05,0.9999992251396179,0.9955333471298218,0.995533287525177
146.0,3.0,0.9994902014732361,3.503701009321958e-05,3.503701009321958e-05,0.9999939203262329,0.8428707122802734,0.8427653908729553,0.9988443851470947,0.00011264223576290533,0.00011264223576290533,0.9999812841415405,0.785804271697998,0.7855726480484009
146.0,4.0,0.9995463490486145,4.011065902886912e-05,4.011065902886912e-05,0.9999935030937195,0.8491814732551575,0.8491374254226685,0.9987752437591553,7.493420707760379e-05,7.493420707760379e-05,0.9999849796295166,0.7742310762405396,0.773788332939148
147.0,0.0,0.9992284774780273,5.815517215523869e-05,5.815517215523869e-05,0.999989926815033,0.7794206738471985,0.7792170643806458,0.9996528029441833,2.8951133572263643e-05,2.8951133572263643e-05,0.9999960660934448,0.9246629476547241,0.9246671199798584
147.0,1.0,0.9993164539337158,5.455710197566077e-05,5.455710197566077e-05,0.9999898076057434,0.8702877163887024,0.8701379299163818,0.9997563362121582,1.0141314305656124e-05,1.0141314305656124e-05,0.9999995827674866,0.6506654620170593,0.6506654620170593
147.0,2.0,0.9993354082107544,5.045470243203454e-05,5.045470243203454e-05,0.9999904036521912,0.8161900639533997,0.8160510063171387,0.999880850315094,1.7543687135912478e-05,1.7543687135912478e-05,0.9999992251396179,0.9955333471298218,0.995533287525177
147.0,3.0,0.9994910359382629,3.502649997244589e-05,3.502649997244589e-05,0.9999940395355225,0.8428703546524048,0.842765212059021,0.998843789100647,0.00011262167390668765,0.00011262167390668765,0.9999807476997375,0.7858043313026428,0.7855718731880188
147.0,4.0,0.9995463490486145,4.01047982450109e-05,4.01047982450109e-05,0.9999935626983643,0.8491814732551575,0.849137544631958,0.9987751841545105,7.493212615372613e-05,7.493212615372613e-05,0.9999849796295166,0.7742313146591187,0.7737882733345032
148.0,0.0,0.9992284774780273,5.8155852457275614e-05,5.8155852457275614e-05,0.9999901056289673,0.7794208526611328,0.7792179584503174,0.9996541738510132,2.8944692530785687e-05,2.8944692530785687e-05,0.9999958872795105,0.9246628880500793,0.9246670603752136
148.0,1.0,0.9993164539337158,5.455064820125699e-05,5.455064820125699e-05,0.9999897480010986,0.8702878952026367,0.870137095451355,0.999755859375,1.0142213795916177e-05,1.0142213795916177e-05,0.9999995827674866,0.6506654620170593,0.6506654620170593
148.0,2.0,0.9993351101875305,5.0454356824047863e-05,5.0454356824047863e-05,0.9999905228614807,0.8161906599998474,0.816051185131073,0.9998810887336731,1.7543336070957594e-05,1.7543336070957594e-05,0.9999992251396179,0.9955333471298218,0.9955333471298218
148.0,3.0,0.9994915127754211,3.50213231286034e-05,3.50213231286034e-05,0.9999936819076538,0.8428707122802734,0.8427655100822449,0.9988438487052917,0.00011260183964623138,0.00011260183964623138,0.9999813437461853,0.7858074307441711,0.785571277141571
148.0,4.0,0.9995468258857727,4.0106213418766856e-05,4.0106213418766856e-05,0.9999933242797852,0.8491808176040649,0.8491371870040894,0.9987750053405762,7.491003634640947e-05,7.491003634640947e-05,0.9999850392341614,0.77423095703125,0.7737882137298584
149.0,0.0,0.9992272853851318,5.815209078718908e-05,5.815209078718908e-05,0.9999899864196777,0.7794210910797119,0.7792174220085144,0.9996541142463684,2.8930282496730797e-05,2.8930282496730797e-05,0.9999961256980896,0.9246628880500793,0.9246670603752136
149.0,1.0,0.9993164539337158,5.45441907888744e-05,5.45441907888744e-05,0.9999898076057434,0.8702881336212158,0.8701379299163818,0.9997564554214478,1.0140634003619198e-05,1.0140634003619198e-05,0.9999995827674866,0.6506654620170593,0.6506654620170593
149.0,2.0,0.999335527420044,5.0450176786398515e-05,5.0450176786398515e-05,0.9999905824661255,0.816190242767334,0.8160504698753357,0.9998804926872253,1.7530825061840005e-05,1.7530825061840005e-05,0.9999992251396179,0.9955333471298218,0.9955333471298218
149.0,3.0,0.9994917511940002,3.503258267301135e-05,3.503258267301135e-05,0.9999938607215881,0.8428707122802734,0.8427652716636658,0.9988446235656738,0.0001125963099184446,0.0001125963099184446,0.999980628490448,0.7858061194419861,0.7855700254440308
149.0,4.0,0.9995462894439697,4.009874101029709e-05,4.009874101029709e-05,0.9999933242797852,0.8491812348365784,0.8491366505622864,0.9987747073173523,7.49281098251231e-05,7.49281098251231e-05,0.9999850988388062,0.7742310166358948,0.7737882733345032
150.0,0.0,0.9992278218269348,5.812908784719184e-05,5.812908784719184e-05,0.999989926815033,0.7794213891029358,0.7792183756828308,0.9996539950370789,2.8932801797054708e-05,2.8932801797054708e-05,0.9999960064888,0.9246613383293152,0.9246664047241211
150.0,1.0,0.9993167519569397,5.451944161904976e-05,5.451944161904976e-05,0.9999898076057434,0.8702881932258606,0.8701380491256714,0.9997562766075134,1.0140916856471449e-05,1.0140916856471449e-05,0.9999995827674866,0.6506654620170593,0.6506654620170593
150.0,2.0,0.999335765838623,5.041900658397935e-05,5.041900658397935e-05,0.9999905824661255,0.8161906003952026,0.8160509467124939,0.9998810887336731,1.7543270587339066e-05,1.7543270587339066e-05,0.9999992251396179,0.9955333471298218,0.9955333471298218
150.0,3.0,0.9994910359382629,3.5010671126656234e-05,3.5010671126656234e-05,0.9999938011169434,0.8428706526756287,0.8427653908729553,0.9988442063331604,0.00011263778287684545,0.00011263778287684545,0.9999811053276062,0.7858075499534607,0.7855710983276367
150.0,4.0,0.999546229839325,4.0078208257909864e-05,4.0078208257909864e-05,0.9999935626983643,0.8491806387901306,0.8491374850273132,0.9987756609916687,7.492773147532716e-05,7.492773147532716e-05,0.9999849796295166,0.7742311954498291,0.7737880945205688
151.0,0.0,0.9992278218269348,5.8128043747274205e-05,5.8128043747274205e-05,0.9999898076057434,0.7794214487075806,0.7792181968688965,0.9996537566184998,2.8939321055077016e-05,2.8939321055077016e-05,0.9999960064888,0.924662709236145,0.9246667623519897
151.0,1.0,0.9993166923522949,5.4522795835509896e-05,5.4522795835509896e-05,0.999989926815033,0.8702881932258606,0.8701373338699341,0.9997556209564209,1.0140745871467516e-05,1.0140745871467516e-05,0.9999995827674866,0.6506654620170593,0.6506654620170593
151.0,2.0,0.9993358254432678,5.042225893703289e-05,5.042225893703289e-05,0.9999902844429016,0.8161903619766235,0.8160505890846252,0.999880850315094,1.7528827811474912e-05,1.7528827811474912e-05,0.9999993443489075,0.9955333471298218,0.9955333471298218
151.0,3.0,0.9994918704032898,3.501458195387386e-05,3.501458195387386e-05,0.9999939203262329,0.8428702354431152,0.8427652716636658,0.9988444447517395,0.0001126332426792942,0.0001126332426792942,0.9999803304672241,0.7858060598373413,0.7855691313743591
151.0,4.0,0.9995467662811279,4.008496762253344e-05,4.008496762253344e-05,0.9999934434890747,0.8491817712783813,0.8491369485855103,0.9987751841545105,7.491659198421985e-05,7.491659198421985e-05,0.9999849200248718,0.7742311358451843,0.773788332939148
152.0,0.0,0.9992278218269348,5.812640301883221e-05,5.812640301883221e-05,0.9999898076057434,0.7794210910797119,0.7792173624038696,0.999653697013855,2.8938182367710397e-05,2.8938182367710397e-05,0.9999960660934448,0.924662709236145,0.9246670603752136
152.0,1.0,0.9993168115615845,5.451822653412819e-05,5.451822653412819e-05,0.9999900460243225,0.8702882528305054,0.8701379895210266,0.9997553825378418,1.0141255188500509e-05,1.0141255188500509e-05,0.9999995231628418,0.6506654620170593,0.6506654620170593
152.0,2.0,0.999335765838623,5.042879638494924e-05,5.042879638494924e-05,0.9999903440475464,0.8161905407905579,0.8160510063171387,0.9998809695243835,1.752843672875315e-05,1.752843672875315e-05,0.9999993443489075,0.9955333471298218,0.9955333471298218
152.0,3.0,0.9994907975196838,3.5009492421522737e-05,3.5009492421522737e-05,0.999993622303009,0.8428705930709839,0.842765212059021,0.9988448023796082,0.00011260416067671031,0.00011260416067671031,0.999981164932251,0.7858075499534607,0.7855712175369263
152.0,4.0,0.9995470643043518,4.007405004813336e-05,4.007405004813336e-05,0.9999935626983643,0.8491817116737366,0.8491372466087341,0.9987759590148926,7.493526209145784e-05,7.493526209145784e-05,0.9999850988388062,0.7742310762405396,0.773788332939148
153.0,0.0,0.9992286562919617,5.811549272038974e-05,5.811549272038974e-05,0.9999899864196777,0.7794205546379089,0.7792180180549622,0.9996545910835266,2.89424424408935e-05,2.89424424408935e-05,0.9999960064888,0.924662709236145,0.9246671199798584
153.0,1.0,0.9993171095848083,5.4520245612366125e-05,5.4520245612366125e-05,0.9999896883964539,0.8702878952026367,0.8701373338699341,0.9997556805610657,1.0139626283489633e-05,1.0139626283489633e-05,0.9999995827674866,0.6506654620170593,0.6506654620170593
153.0,2.0,0.9993361830711365,5.042596967541613e-05,5.042596967541613e-05,0.9999908804893494,0.8161905407905579,0.8160515427589417,0.9998806715011597,1.753703509166371e-05,1.753703509166371e-05,0.9999993443489075,0.9955333471298218,0.9955333471298218
153.0,3.0,0.9994912147521973,3.5014596505789086e-05,3.5014596505789086e-05,0.9999939203262329,0.8428707122802734,0.8427654504776001,0.9988439679145813,0.00011262153566349298,0.00011262153566349298,0.9999809265136719,0.7858057022094727,0.7855694890022278
153.0,4.0,0.9995462894439697,4.0081173210637644e-05,4.0081173210637644e-05,0.999993622303009,0.8491812944412231,0.8491371273994446,0.9987758994102478,7.49431928852573e-05,7.49431928852573e-05,0.9999852180480957,0.7742311954498291,0.7737881541252136
154.0,0.0,0.9992278814315796,5.8124689530814067e-05,5.8124689530814067e-05,0.9999898076057434,0.7794213891029358,0.7792176604270935,0.999653697013855,2.8936661692569032e-05,2.8936661692569032e-05,0.9999960064888,0.9246628284454346,0.9246671199798584
154.0,1.0,0.999315619468689,5.451881224871613e-05,5.451881224871613e-05,0.9999904632568359,0.8702882528305054,0.8701379299163818,0.9997550249099731,1.014257941278629e-05,1.014257941278629e-05,0.9999995231628418,0.6506654620170593,0.6506654620170593
154.0,2.0,0.999334990978241,5.042650445830077e-05,5.042650445830077e-05,0.9999904036521912,0.8161901235580444,0.8160509467124939,0.9998809695243835,1.754663753672503e-05,1.754663753672503e-05,0.9999993443489075,0.9955333471298218,0.9955333471298218
154.0,3.0,0.9994910955429077,3.501604442135431e-05,3.501604442135431e-05,0.9999935030937195,0.8428705930709839,0.8427653908729553,0.9988436102867126,0.00011260881728958338,0.00011260881728958338,0.9999811053276062,0.7858073711395264,0.7855710387229919
154.0,4.0,0.9995461702346802,4.007682582596317e-05,4.007682582596317e-05,0.999993622303009,0.8491812944412231,0.8491370677947998,0.9987750053405762,7.494172314181924e-05,7.494172314181924e-05,0.9999850988388062,0.7742310762405396,0.7737882137298584
155.0,0.0,0.9992278814315796,5.813042662339285e-05,5.813042662339285e-05,0.9999901056289673,0.7794215083122253,0.7792177796363831,0.9996537566184998,2.8930655389558524e-05,2.8930655389558524e-05,0.9999961256980896,0.9246628284454346,0.9246670603752136
155.0,1.0,0.9993167519569397,5.451953620649874e-05,5.451953620649874e-05,0.999989926815033,0.8702883720397949,0.8701380491256714,0.9997557997703552,1.0140283848159015e-05,1.0140283848159015e-05,0.9999995231628418,0.6506654620170593,0.6506654620170593
155.0,2.0,0.9993357062339783,5.042166230850853e-05,5.042166230850853e-05,0.9999905228614807,0.8161905407905579,0.8160512447357178,0.9998806715011597,1.7527176169096492e-05,1.7527176169096492e-05,0.9999992251396179,0.9955333471298218,0.995533287525177
155.0,3.0,0.9994908571243286,3.501120590954088e-05,3.501120590954088e-05,0.999993622303009,0.8428705334663391,0.8427652716636658,0.9988444447517395,0.00011262552288826555,0.00011262552288826555,0.9999809861183167,0.7858056426048279,0.7855704426765442
155.0,4.0,0.9995467662811279,4.008223186247051e-05,4.008223186247051e-05,0.9999931454658508,0.8491811156272888,0.8491366505622864,0.9987754821777344,7.494096644222736e-05,7.494096644222736e-05,0.9999849796295166,0.7742313146591187,0.773788332939148
156.0,0.0,0.9992276430130005,5.813284224132076e-05,5.813284224132076e-05,0.999989926815033,0.7794210910797119,0.7792182564735413,0.9996537566184998,2.8939324693055823e-05,2.8939324693055823e-05,0.9999960064888,0.9246628284454346,0.9246671199798584
156.0,1.0,0.9993172883987427,5.452310142572969e-05,5.452310142572969e-05,0.999989926815033,0.8702882528305054,0.8701379895210266,0.9997555613517761,1.014228200801881e-05,1.014228200801881e-05,0.9999995231628418,0.6506654620170593,0.6506654620170593
156.0,2.0,0.9993356466293335,5.043084456701763e-05,5.043084456701763e-05,0.9999908804893494,0.8161903619766235,0.8160513043403625,0.999880850315094,1.7535636288812384e-05,1.7535636288812384e-05,0.9999992251396179,0.9955333471298218,0.995533287525177
156.0,3.0,0.9994906187057495,3.501082755974494e-05,3.501082755974494e-05,0.9999937415122986,0.8428707122802734,0.8427651524543762,0.9988448023796082,0.00011261796316830441,0.00011261796316830441,0.9999808073043823,0.7858043313026428,0.7855728268623352
156.0,4.0,0.9995470643043518,4.008584073744714e-05,4.008584073744714e-05,0.9999935030937195,0.8491814732551575,0.8491376638412476,0.9987768530845642,7.492710574297234e-05,7.492710574297234e-05,0.9999851584434509,0.7742311358451843,0.7737882733345032
157.0,0.0,0.9992284774780273,5.812362360302359e-05,5.812362360302359e-05,0.9999901652336121,0.7794214487075806,0.7792185544967651,0.9996537566184998,2.893619966926053e-05,2.893619966926053e-05,0.9999960064888,0.9246628284454346,0.9246671199798584
157.0,1.0,0.9993164539337158,5.4521045967703685e-05,5.4521045967703685e-05,0.999989926815033,0.8702877759933472,0.870137095451355,0.9997557997703552,1.0140564882021863e-05,1.0140564882021863e-05,0.9999995827674866,0.6506654620170593,0.6506654620170593
157.0,2.0,0.9993353486061096,5.042336124461144e-05,5.042336124461144e-05,0.9999901056289673,0.8161906599998474,0.8160508275032043,0.9998807311058044,1.754660661390517e-05,1.754660661390517e-05,0.9999992251396179,0.9955333471298218,0.995533287525177
157.0,3.0,0.9994912147521973,3.5015887988265604e-05,3.5015887988265604e-05,0.9999938011169434,0.8428705930709839,0.8427652716636658,0.9988444447517395,0.00011262361658737063,0.00011262361658737063,0.9999811053276062,0.7858075499534607,0.7855713963508606
157.0,4.0,0.9995463490486145,4.008161704405211e-05,4.008161704405211e-05,0.9999936819076538,0.8491817116737366,0.8491377830505371,0.9987756609916687,7.49308310332708e-05,7.49308310332708e-05,0.9999851584434509,0.7742311358451843,0.7737882733345032
158.0,0.0,0.999228835105896,5.812358358525671e-05,5.812358358525671e-05,0.9999901056289673,0.7794214487075806,0.7792180180549622,0.9996533989906311,2.8949754778295755e-05,2.8949754778295755e-05,0.9999960064888,0.924662709236145,0.9246668219566345
158.0,1.0,0.9993160963058472,5.452087498269975e-05,5.452087498269975e-05,0.9999898076057434,0.8702879548072815,0.8701372742652893,0.999756932258606,1.0141708116861992e-05,1.0141708116861992e-05,0.9999995827674866,0.6506654620170593,0.6506654620170593
158.0,2.0,0.9993352890014648,5.0432001444278285e-05,5.0432001444278285e-05,0.9999904036521912,0.8161903023719788,0.8160507082939148,0.9998807311058044,1.7537504390929826e-05,1.7537504390929826e-05,0.9999992251396179,0.9955333471298218,0.995533287525177
158.0,3.0,0.9994910955429077,3.5008019040105864e-05,3.5008019040105864e-05,0.9999937415122986,0.8428706526756287,0.8427653312683105,0.9988449811935425,0.0001125993367168121,0.0001125993367168121,0.9999812841415405,0.7858072519302368,0.7855736017227173
158.0,4.0,0.9995462894439697,4.0082635678118095e-05,4.0082635678118095e-05,0.9999933838844299,0.8491814136505127,0.8491373062133789,0.9987764954566956,7.494346209568903e-05,7.494346209568903e-05,0.9999851584434509,0.7742311358451843,0.7737882137298584
159.0,0.0,0.9992287755012512,5.813145253341645e-05,5.813145253341645e-05,0.9999901056289673,0.7794210910797119,0.7792183756828308,0.9996541738510132,2.8939823096152395e-05,2.8939823096152395e-05,0.9999960064888,0.9246628880500793,0.9246670603752136
159.0,1.0,0.999315619468689,5.452545519801788e-05,5.452545519801788e-05,0.9999901056289673,0.8702887296676636,0.8701375126838684,0.9997557997703552,1.0140890481125098e-05,1.0140890481125098e-05,0.9999995231628418,0.6506654620170593,0.6506654620170593
159.0,2.0,0.9993352293968201,5.042367411078885e-05,5.042367411078885e-05,0.999990701675415,0.816190242767334,0.8160507082939148,0.9998809099197388,1.7541571651236154e-05,1.7541571651236154e-05,0.9999992251396179,0.9955333471298218,0.9955333471298218
159.0,3.0,0.9994901418685913,3.500528691802174e-05,3.500528691802174e-05,0.9999936819076538,0.8428705930709839,0.8427653908729553,0.9988453388214111,0.00011260480823693797,0.00011260480823693797,0.9999808073043823,0.7858056426048279,0.7855702638626099
159.0,4.0,0.9995470643043518,4.008039104519412e-05,4.008039104519412e-05,0.9999932050704956,0.8491814732551575,0.849137008190155,0.9987756013870239,7.49341124901548e-05,7.49341124901548e-05,0.999984860420227,0.7742311358451843,0.7737882137298584
160.0,0.0,0.999229371547699,5.812791278003715e-05,5.812791278003715e-05,0.9999902248382568,0.7794214487075806,0.7792178392410278,0.9996538758277893,2.8944084988324903e-05,2.8944084988324903e-05,0.9999961256980896,0.924662709236145,0.9246670603752136
160.0,1.0,0.9993162155151367,5.452233017422259e-05,5.452233017422259e-05,0.9999901056289673,0.8702879548072815,0.8701378107070923,0.999755859375,1.0141719030798413e-05,1.0141719030798413e-05,0.9999995231628418,0.6506654620170593,0.6506654620170593
160.0,2.0,0.9993353486061096,5.042614429839887e-05,5.042614429839887e-05,0.9999905824661255,0.8161903023719788,0.8160513043403625,0.9998804926872253,1.7532778656459413e-05,1.7532778656459413e-05,0.9999992251396179,0.9955333471298218,0.995533287525177
160.0,3.0,0.9994920492172241,3.5013883461942896e-05,3.5013883461942896e-05,0.9999936819076538,0.8428707122802734,0.8427655696868896,0.998843789100647,0.00011262684711255133,0.00011262684711255133,0.9999809861183167,0.7858057022094727,0.7855728268623352
160.0,4.0,0.9995473027229309,4.007891402579844e-05,4.007891402579844e-05,0.9999933838844299,0.8491816520690918,0.8491377830505371,0.9987756013870239,7.494649617001414e-05,7.494649617001414e-05,0.9999849200248718,0.7742311954498291,0.7737882137298584
161.0,0.0,0.9992276430130005,5.812882955069654e-05,5.812882955069654e-05,0.9999901652336121,0.7794210314750671,0.7792184352874756,0.999654233455658,2.8941936761839315e-05,2.8941936761839315e-05,0.9999960064888,0.924662709236145,0.9246671199798584
161.0,1.0,0.9993154406547546,5.4517568059964105e-05,5.4517568059964105e-05,0.9999896287918091,0.870288074016571,0.8701379299163818,0.9997551441192627,1.014157896861434e-05,1.014157896861434e-05,0.9999995827674866,0.6506654620170593,0.6506654620170593
161.0,2.0,0.9993347525596619,5.04281088069547e-05,5.04281088069547e-05,0.9999907612800598,0.8161905407905579,0.8160513043403625,0.9998809695243835,1.7534872313262895e-05,1.7534872313262895e-05,0.9999993443489075,0.9955333471298218,0.9955333471298218
161.0,3.0,0.999491274356842,3.501166429487057e-05,3.501166429487057e-05,0.9999936819076538,0.8428705930709839,0.8427656888961792,0.998843789100647,0.00011261684994678944,0.00011261684994678944,0.9999808073043823,0.7858057022094727,0.7855724692344666
161.0,4.0,0.9995467066764832,4.007980533060618e-05,4.007980533060618e-05,0.9999935626983643,0.8491818308830261,0.8491371870040894,0.9987751245498657,7.491921132896096e-05,7.491921132896096e-05,0.9999850392341614,0.7742311358451843,0.7737882733345032
162.0,0.0,0.9992281794548035,5.811796654597856e-05,5.811796654597856e-05,0.999989926815033,0.7794215083122253,0.7792182564735413,0.9996543526649475,2.893937926273793e-05,2.893937926273793e-05,0.9999961256980896,0.9246628880500793,0.9246670603752136
162.0,1.0,0.9993161559104919,5.453019548440352e-05,5.453019548440352e-05,0.999989926815033,0.8702884912490845,0.8701379895210266,0.9997560977935791,1.013908058666857e-05,1.013908058666857e-05,0.9999995827674866,0.6506654620170593,0.6506654620170593
162.0,2.0,0.9993366003036499,5.042264092480764e-05,5.042264092480764e-05,0.9999904036521912,0.816190779209137,0.8160507082939148,0.9998804330825806,1.754083677951712e-05,1.754083677951712e-05,0.9999992251396179,0.9955333471298218,0.995533287525177
162.0,3.0,0.9994919896125793,3.5014021705137566e-05,3.5014021705137566e-05,0.9999939203262329,0.8428705334663391,0.8427656888961792,0.9988448619842529,0.00011262396583333611,0.00011262396583333611,0.999981164932251,0.7858074307441711,0.785571277141571
162.0,4.0,0.9995467662811279,4.008510950370692e-05,4.008510950370692e-05,0.9999934434890747,0.8491817712783813,0.8491379022598267,0.9987762570381165,7.492975419154391e-05,7.492975419154391e-05,0.9999851584434509,0.7742313146591187,0.7737882733345032
163.0,0.0,0.9992290139198303,5.8127756346948445e-05,5.8127756346948445e-05,0.999989926815033,0.7794210910797119,0.7792176604270935,0.9996539950370789,2.893867167585995e-05,2.893867167585995e-05,0.9999960660934448,0.924662709236145,0.9246669411659241
163.0,1.0,0.9993165135383606,5.4520158300874755e-05,5.4520158300874755e-05,0.9999896883964539,0.8702883720397949,0.870137095451355,0.9997563362121582,1.013893688650569e-05,1.013893688650569e-05,0.9999995827674866,0.6506654620170593,0.6506654620170593
163.0,2.0,0.999335527420044,5.0428512622602284e-05,5.0428512622602284e-05,0.9999904632568359,0.8161901831626892,0.8160507082939148,0.9998807907104492,1.7533344362163916e-05,1.7533344362163916e-05,0.9999992251396179,0.9955333471298218,0.9955333471298218
163.0,3.0,0.9994912147521973,3.5009619750780985e-05,3.5009619750780985e-05,0.9999934434890747,0.8428706526756287,0.8427653312683105,0.9988438487052917,0.00011263694614171982,0.00011263694614171982,0.9999815225601196,0.7858057022094727,0.7855733633041382
163.0,4.0,0.99954754114151,4.007266034022905e-05,4.007266034022905e-05,0.9999935626983643,0.8491820096969604,0.8491381406784058,0.998776376247406,7.492296572308987e-05,7.492296572308987e-05,0.9999849796295166,0.7742313146591187,0.7737882733345032
164.0,0.0,0.9992284774780273,5.812989911646582e-05,5.812989911646582e-05,0.9999902248382568,0.7794210910797119,0.7792180180549622,0.9996538758277893,2.8945276426384225e-05,2.8945276426384225e-05,0.9999960660934448,0.9246628284454346,0.9246668219566345
164.0,1.0,0.9993160963058472,5.451717879623175e-05,5.451717879623175e-05,0.9999900460243225,0.8702874779701233,0.8701373934745789,0.9997556209564209,1.014049121295102e-05,1.014049121295102e-05,0.9999995827674866,0.6506654620170593,0.6506654620170593
164.0,2.0,0.9993358254432678,5.0424445362295955e-05,5.0424445362295955e-05,0.9999906420707703,0.816190242767334,0.8160514235496521,0.999880850315094,1.7536589439259842e-05,1.7536589439259842e-05,0.9999993443489075,0.9955333471298218,0.995533287525177
164.0,3.0,0.9994910955429077,3.5010405554203317e-05,3.5010405554203317e-05,0.9999938011169434,0.8428705930709839,0.8427653312683105,0.9988444447517395,0.00011262860789429396,0.00011262860789429396,0.9999809861183167,0.7858043313026428,0.7855728268623352
164.0,4.0,0.9995469450950623,4.007922689197585e-05,4.007922689197585e-05,0.9999935626983643,0.8491812944412231,0.8491367697715759,0.998776912689209,7.49230312067084e-05,7.49230312067084e-05,0.9999852180480957,0.7742311358451843,0.7737882733345032
165.0,0.0,0.9992291927337646,5.812745075672865e-05,5.812745075672865e-05,0.9999897480010986,0.7794213891029358,0.7792182564735413,0.999653697013855,2.8943351935595274e-05,2.8943351935595274e-05,0.9999961256980896,0.924662709236145,0.924666702747345
165.0,1.0,0.9993160367012024,5.45232069271151e-05,5.45232069271151e-05,0.9999897480010986,0.870288074016571,0.870137095451355,0.999755859375,1.0140101039723959e-05,1.0140101039723959e-05,0.9999995231628418,0.6506654620170593,0.6506654620170593
165.0,2.0,0.9993361234664917,5.042543125455268e-05,5.042543125455268e-05,0.9999907612800598,0.8161905407905579,0.8160508871078491,0.9998806118965149,1.7527825548313558e-05,1.7527825548313558e-05,0.9999993443489075,0.9955333471298218,0.9955333471298218
165.0,3.0,0.9994907379150391,3.5011256841244176e-05,3.5011256841244176e-05,0.9999939203262329,0.8428707122802734,0.8427655696868896,0.9988446235656738,0.00011261758481850848,0.00011261758481850848,0.999981164932251,0.7858055233955383,0.7855733633041382
165.0,4.0,0.9995470643043518,4.007891402579844e-05,4.007891402579844e-05,0.9999934434890747,0.8491812944412231,0.8491376638412476,0.9987750053405762,7.492830627597868e-05,7.492830627597868e-05,0.999984860420227,0.7742311954498291,0.7737882733345032
166.0,0.0,0.9992284178733826,5.8125853684032336e-05,5.8125853684032336e-05,0.9999903440475464,0.7794214487075806,0.7792182564735413,0.9996538758277893,2.894404315156862e-05,2.894404315156862e-05,0.9999961853027344,0.9246628284454346,0.9246669411659241
166.0,1.0,0.9993164539337158,5.4525149607798085e-05,5.4525149607798085e-05,0.9999897480010986,0.8702880144119263,0.8701372146606445,0.9997556805610657,1.0140664016944356e-05,1.0140664016944356e-05,0.9999995231628418,0.6506654620170593,0.6506654620170593
166.0,2.0,0.9993361234664917,5.042631892138161e-05,5.042631892138161e-05,0.9999905824661255,0.8161905407905579,0.8160509467124939,0.9998806715011597,1.753821379679721e-05,1.753821379679721e-05,0.9999992251396179,0.9955333471298218,0.995533287525177
166.0,3.0,0.9994898438453674,3.50106529367622e-05,3.50106529367622e-05,0.9999938011169434,0.8428705334663391,0.8427651524543762,0.9988442659378052,0.00011260281462455168,0.00011260281462455168,0.9999809265136719,0.7858060598373413,0.7855706214904785
166.0,4.0,0.9995461106300354,4.0083661588141695e-05,4.0083661588141695e-05,0.9999935030937195,0.8491808176040649,0.8491374254226685,0.998774528503418,7.492850272683427e-05,7.492850272683427e-05,0.9999849796295166,0.7742310762405396,0.7737882733345032
167.0,0.0,0.9992287755012512,5.812451126985252e-05,5.812451126985252e-05,0.9999901056289673,0.7794210314750671,0.7792173624038696,0.9996544122695923,2.8937678507645614e-05,2.8937678507645614e-05,0.9999958872795105,0.9246628284454346,0.924667239189148
167.0,1.0,0.9993160367012024,5.45282346138265e-05,5.45282346138265e-05,0.9999896883964539,0.8702880144119263,0.8701372742652893,0.9997555613517761,1.0139684491150547e-05,1.0139684491150547e-05,0.9999995827674866,0.6506654620170593,0.6506654620170593
167.0,2.0,0.9993358254432678,5.042262637289241e-05,5.042262637289241e-05,0.9999905824661255,0.8161903023719788,0.8160516619682312,0.9998807907104492,1.7539950931677595e-05,1.7539950931677595e-05,0.9999992251396179,0.9955333471298218,0.995533287525177
167.0,3.0,0.9994921088218689,3.501533137750812e-05,3.501533137750812e-05,0.999993622303009,0.8428706526756287,0.842765212059021,0.9988442659378052,0.0001126120550907217,0.0001126120550907217,0.9999812841415405,0.7858074307441711,0.785571277141571
167.0,4.0,0.9995467662811279,4.008152609458193e-05,4.008152609458193e-05,0.9999933838844299,0.8491815328598022,0.8491372466087341,0.9987756609916687,7.491622091038153e-05,7.491622091038153e-05,0.9999850988388062,0.7742311358451843,0.7737881541252136
168.0,0.0,0.9992274045944214,5.8128418459091336e-05,5.8128418459091336e-05,0.9999899864196777,0.7794209122657776,0.7792183756828308,0.9996541738510132,2.8949138140887953e-05,2.8949138140887953e-05,0.9999958872795105,0.9246629476547241,0.9246671199798584
168.0,1.0,0.9993159174919128,5.4522573918802664e-05,5.4522573918802664e-05,0.999989926815033,0.8702878952026367,0.8701373934745789,0.9997551441192627,1.0137339813809376e-05,1.0137339813809376e-05,0.9999995231628418,0.6506654620170593,0.6506654620170593
168.0,2.0,0.999335527420044,5.0428810936864465e-05,5.0428810936864465e-05,0.9999905824661255,0.8161903619766235,0.816051185131073,0.9998809099197388,1.7546348317409866e-05,1.7546348317409866e-05,0.9999993443489075,0.9955333471298218,0.9955333471298218
168.0,3.0,0.9994919300079346,3.501325045363046e-05,3.501325045363046e-05,0.9999938607215881,0.8428707122802734,0.842765212059021,0.9988442063331604,0.00011261611507507041,0.00011261611507507041,0.9999817609786987,0.7858056426048279,0.7855740189552307
168.0,4.0,0.9995462894439697,4.008107862318866e-05,4.008107862318866e-05,0.999993622303009,0.8491814136505127,0.8491376042366028,0.9987762570381165,7.492525764973834e-05,7.492525764973834e-05,0.9999849200248718,0.7742310762405396,0.7737882733345032
169.0,0.0,0.999229371547699,5.8133358834311366e-05,5.8133358834311366e-05,0.9999898076057434,0.7794212102890015,0.7792174220085144,0.9996532201766968,2.8939257390447892e-05,2.8939257390447892e-05,0.9999960064888,0.9246628284454346,0.9246671199798584
169.0,1.0,0.9993163347244263,5.4516942327609286e-05,5.4516942327609286e-05,0.9999901652336121,0.8702878355979919,0.8701380491256714,0.9997549057006836,1.013948076433735e-05,1.013948076433735e-05,0.9999995827674866,0.6506654620170593,0.6506654620170593
169.0,2.0,0.999335765838623,5.042699558543973e-05,5.042699558543973e-05,0.9999902248382568,0.8161901831626892,0.8160505890846252,0.9998807907104492,1.7532904166728258e-05,1.7532904166728258e-05,0.9999993443489075,0.9955333471298218,0.995533287525177
169.0,3.0,0.9994913935661316,3.501300670905039e-05,3.501300670905039e-05,0.999993622303009,0.8428706526756287,0.8427653312683105,0.998844563961029,0.00011262702901149169,0.00011262702901149169,0.9999808073043823,0.7858043313026428,0.7855722308158875
169.0,4.0,0.9995476007461548,4.008393079857342e-05,4.008393079857342e-05,0.999993622303009,0.8491816520690918,0.8491377234458923,0.9987760782241821,7.492399163311347e-05,7.492399163311347e-05,0.9999850988388062,0.7742310166358948,0.7737882137298584
170.0,0.0,0.9992291927337646,5.8125991927227005e-05,5.8125991927227005e-05,0.9999896287918091,0.7794207334518433,0.7792174816131592,0.9996538758277893,2.8931221095263027e-05,2.8931221095263027e-05,0.9999960064888,0.9246628284454346,0.9246670603752136
170.0,1.0,0.9993169903755188,5.4518757679034024e-05,5.4518757679034024e-05,0.9999896287918091,0.8702876567840576,0.8701370358467102,0.9997562766075134,1.0137096978724003e-05,1.0137096978724003e-05,0.9999995231628418,0.6506654620170593,0.6506654620170593
170.0,2.0,0.999335527420044,5.0424056098563597e-05,5.0424056098563597e-05,0.9999903440475464,0.8161901831626892,0.81605064868927,0.9998807311058044,1.7532871424918994e-05,1.7532871424918994e-05,0.9999992251396179,0.9955333471298218,0.9955333471298218
170.0,3.0,0.9994919300079346,3.5009357816306874e-05,3.5009357816306874e-05,0.9999938011169434,0.8428706526756287,0.8427653312683105,0.9988448619842529,0.00011260057362960652,0.00011260057362960652,0.9999813437461853,0.7858057022094727,0.785573422908783
170.0,4.0,0.9995462894439697,4.008158794022165e-05,4.008158794022165e-05,0.9999933838844299,0.8491811156272888,0.8491367697715759,0.9987764358520508,7.490131247323006e-05,7.490131247323006e-05,0.9999852180480957,0.7742311358451843,0.773788332939148
171.0,0.0,0.9992286562919617,5.8126643125433475e-05,5.8126643125433475e-05,0.9999897480010986,0.7794210910797119,0.7792174816131592,0.9996532201766968,2.893808596127201e-05,2.893808596127201e-05,0.9999958276748657,0.9246628284454346,0.9246668219566345
171.0,1.0,0.9993154406547546,5.4524611186934635e-05,5.4524611186934635e-05,0.9999900460243225,0.8702879548072815,0.8701378107070923,0.999755859375,1.013911696645664e-05,1.013911696645664e-05,0.9999995231628418,0.6506654620170593,0.6506654620170593
171.0,2.0,0.9993364810943604,5.042679185862653e-05,5.042679185862653e-05,0.9999905228614807,0.816190242767334,0.8160512447357178,0.9998807907104492,1.753117066982668e-05,1.753117066982668e-05,0.9999992251396179,0.9955333471298218,0.9955333471298218
171.0,3.0,0.9994919300079346,3.5007804399356246e-05,3.5007804399356246e-05,0.9999937415122986,0.8428701162338257,0.8427649736404419,0.9988442063331604,0.0001126402712543495,0.0001126402712543495,0.9999814033508301,0.7858074307441711,0.7855733633041382
171.0,4.0,0.9995464086532593,4.008021278423257e-05,4.008021278423257e-05,0.9999938607215881,0.8491815328598022,0.849137008190155,0.9987761974334717,7.493805605918169e-05,7.493805605918169e-05,0.999984860420227,0.7742310762405396,0.773788332939148
172.0,0.0,0.9992284178733826,5.8129618992097676e-05,5.8129618992097676e-05,0.9999901056289673,0.7794209122657776,0.7792181968688965,0.9996540546417236,2.893665623560082e-05,2.893665623560082e-05,0.9999960064888,0.9246628880500793,0.9246668815612793
172.0,1.0,0.9993160367012024,5.4514330258825794e-05,5.4514330258825794e-05,0.9999899864196777,0.8702881336212158,0.8701376914978027,0.9997560977935791,1.0140989616047591e-05,1.0140989616047591e-05,0.9999995827674866,0.6506654620170593,0.6506654620170593
172.0,2.0,0.9993343949317932,5.042696648160927e-05,5.042696648160927e-05,0.9999902844429016,0.8161904215812683,0.8160508871078491,0.9998806715011597,1.753272590576671e-05,1.753272590576671e-05,0.9999993443489075,0.9955333471298218,0.9955333471298218
172.0,3.0,0.9994907379150391,3.501042374409735e-05,3.501042374409735e-05,0.9999938607215881,0.8428701758384705,0.842765212059021,0.998843789100647,0.00011260518658673391,0.00011260518658673391,0.9999815821647644,0.7858075499534607,0.7855743169784546
172.0,4.0,0.9995470643043518,4.007644020020962e-05,4.007644020020962e-05,0.9999935030937195,0.8491816520690918,0.8491374254226685,0.998776376247406,7.492824079236016e-05,7.492824079236016e-05,0.9999850988388062,0.7742311358451843,0.7737882733345032
173.0,0.0,0.9992286562919617,5.8126253861701116e-05,5.8126253861701116e-05,0.9999901652336121,0.7794213891029358,0.7792177796363831,0.9996538162231445,2.8933678549947217e-05,2.8933678549947217e-05,0.9999960064888,0.9246618151664734,0.9246662259101868
173.0,1.0,0.9993171691894531,5.45221300853882e-05,5.45221300853882e-05,0.9999898672103882,0.8702878952026367,0.870137095451355,0.9997560381889343,1.0139695405086968e-05,1.0139695405086968e-05,0.9999995827674866,0.6506654620170593,0.6506654620170593
173.0,2.0,0.9993355870246887,5.043360579293221e-05,5.043360579293221e-05,0.9999903440475464,0.8161905407905579,0.8160511255264282,0.9998809695243835,1.753361902956385e-05,1.753361902956385e-05,0.9999992251396179,0.9955333471298218,0.995533287525177
173.0,3.0,0.9994913339614868,3.501015089568682e-05,3.501015089568682e-05,0.9999936819076538,0.8428707718849182,0.8427655696868896,0.9988453388214111,0.00011261312465649098,0.00011261312465649098,0.9999811053276062,0.7858057022094727,0.7855724692344666
173.0,4.0,0.9995465874671936,4.0083636122290045e-05,4.0083636122290045e-05,0.999993622303009,0.8491817712783813,0.8491376638412476,0.9987759590148926,7.493065641028807e-05,7.493065641028807e-05,0.9999854564666748,0.7742311358451843,0.7737882137298584
174.0,0.0,0.9992278814315796,5.812487142975442e-05,5.812487142975442e-05,0.9999902248382568,0.7794210910797119,0.7792181372642517,0.9996539950370789,2.8937423849129118e-05,2.8937423849129118e-05,0.9999958872795105,0.9246618151664734,0.9246663451194763
174.0,1.0,0.9993155002593994,5.451643301057629e-05,5.451643301057629e-05,0.9999895095825195,0.8702882528305054,0.8701376914978027,0.9997565150260925,1.014060944726225e-05,1.014060944726225e-05,0.9999995827674866,0.6506654620170593,0.6506654620170593
174.0,2.0,0.999335527420044,5.043434794060886e-05,5.043434794060886e-05,0.9999904632568359,0.8161907196044922,0.8160513639450073,0.999880850315094,1.753828655637335e-05,1.753828655637335e-05,0.9999993443489075,0.9955333471298218,0.9955333471298218
174.0,3.0,0.9994919896125793,3.50110130966641e-05,3.50110130966641e-05,0.9999939203262329,0.8428706526756287,0.8427655100822449,0.9988440871238708,0.00011262808402534574,0.00011262808402534574,0.9999814033508301,0.7858074307441711,0.7855743169784546
174.0,4.0,0.9995467066764832,4.0082173654809594e-05,4.0082173654809594e-05,0.9999933242797852,0.8491812944412231,0.8491374254226685,0.9987756609916687,7.493577868444845e-05,7.493577868444845e-05,0.9999849200248718,0.7742310762405396,0.773788332939148
175.0,0.0,0.9992278218269348,5.812544986838475e-05,5.812544986838475e-05,0.9999901056289673,0.7794209122657776,0.7792181372642517,0.9996543526649475,2.8939315598108806e-05,2.8939315598108806e-05,0.9999961256980896,0.9246628284454346,0.9246670603752136
175.0,1.0,0.9993162155151367,5.4523283324670047e-05,5.4523283324670047e-05,0.9999898672103882,0.8702882528305054,0.8701374530792236,0.9997555613517761,1.0139702681044582e-05,1.0139702681044582e-05,0.9999995827674866,0.6506654620170593,0.6506654620170593
175.0,2.0,0.9993358850479126,5.0429673137841746e-05,5.0429673137841746e-05,0.9999905228614807,0.8161903023719788,0.8160513043403625,0.9998804926872253,1.7539303371449932e-05,1.7539303371449932e-05,0.9999992251396179,0.9955333471298218,0.9955333471298218
175.0,3.0,0.9994903206825256,3.500858656479977e-05,3.500858656479977e-05,0.999993622303009,0.8428707122802734,0.8427653312683105,0.9988442659378052,0.00011260686005698517,0.00011260686005698517,0.9999809265136719,0.7858075499534607,0.785571277141571
175.0,4.0,0.9995462894439697,4.0082773921312764e-05,4.0082773921312764e-05,0.9999936819076538,0.8491817712783813,0.8491379618644714,0.9987756013870239,7.493719749618322e-05,7.493719749618322e-05,0.9999850988388062,0.7742311358451843,0.7737880349159241
176.0,0.0,0.9992291927337646,5.8130008255830035e-05,5.8130008255830035e-05,0.999989926815033,0.7794210910797119,0.7792174220085144,0.999653160572052,2.894384670071304e-05,2.894384670071304e-05,0.9999961256980896,0.9246628284454346,0.9246668815612793
176.0,1.0,0.9993166923522949,5.45210532436613e-05,5.45210532436613e-05,0.9999899864196777,0.8702880144119263,0.8701378703117371,0.9997553825378418,1.0139857295143884e-05,1.0139857295143884e-05,0.9999995827674866,0.6506654620170593,0.6506654620170593
176.0,2.0,0.9993360042572021,5.04289309901651e-05,5.04289309901651e-05,0.999990701675415,0.8161905407905579,0.8160513043403625,0.9998807311058044,1.7535150618641637e-05,1.7535150618641637e-05,0.9999992251396179,0.9955333471298218,0.9955333471298218
176.0,3.0,0.9994917511940002,3.501455648802221e-05,3.501455648802221e-05,0.9999937415122986,0.8428707122802734,0.8427653312683105,0.998844563961029,0.00011260235623922199,0.00011260235623922199,0.9999809265136719,0.7858057022094727,0.7855702638626099
176.0,4.0,0.999546229839325,4.008115502074361e-05,4.008115502074361e-05,0.9999934434890747,0.849181056022644,0.8491374254226685,0.9987761974334717,7.491493306588382e-05,7.491493306588382e-05,0.9999850392341614,0.7742311954498291,0.7737882137298584
177.0,0.0,0.9992290735244751,5.8130746765527874e-05,5.8130746765527874e-05,0.9999896287918091,0.7794213891029358,0.7792176604270935,0.9996533989906311,2.8943120923941024e-05,2.8943120923941024e-05,0.9999960660934448,0.924662709236145,0.9246671199798584
177.0,1.0,0.9993168115615845,5.4521460697287694e-05,5.4521460697287694e-05,0.9999899864196777,0.8702883720397949,0.8701381087303162,0.9997565150260925,1.0138096513401251e-05,1.0138096513401251e-05,0.9999995231628418,0.6506654620170593,0.6506654620170593
177.0,2.0,0.999336302280426,5.042788325226866e-05,5.042788325226866e-05,0.999990701675415,0.8161903023719788,0.81605064868927,0.9998809099197388,1.7544856746098958e-05,1.7544856746098958e-05,0.9999993443489075,0.9955333471298218,0.9955333471298218
177.0,3.0,0.9994915723800659,3.500432285363786e-05,3.500432285363786e-05,0.999993622303009,0.8428705930709839,0.8427653908729553,0.9988448023796082,0.00011260803148616105,0.00011260803148616105,0.9999811053276062,0.7858058214187622,0.7855703234672546
177.0,4.0,0.9995466470718384,4.007936513517052e-05,4.007936513517052e-05,0.9999935030937195,0.8491815328598022,0.849137008190155,0.9987761378288269,7.492807344533503e-05,7.492807344533503e-05,0.9999848008155823,0.7742311954498291,0.7737882137298584
178.0,0.0,0.9992281794548035,5.81170133955311e-05,5.81170133955311e-05,0.9999899864196777,0.7794210910797119,0.7792176008224487,0.9996541738510132,2.893979035434313e-05,2.893979035434313e-05,0.9999962449073792,0.9246628284454346,0.9246670603752136
178.0,1.0,0.9993163347244263,5.45216171303764e-05,5.45216171303764e-05,0.9999898076057434,0.8702882528305054,0.8701380491256714,0.9997551441192627,1.0139820915355813e-05,1.0139820915355813e-05,0.9999995827674866,0.6506654620170593,0.6506654620170593
178.0,2.0,0.9993351101875305,5.04262134199962e-05,5.04262134199962e-05,0.9999905824661255,0.8161901831626892,0.8160510659217834,0.9998806118965149,1.7539570762892254e-05,1.7539570762892254e-05,0.9999993443489075,0.9955333471298218,0.9955333471298218
178.0,3.0,0.9994913935661316,3.500964157865383e-05,3.500964157865383e-05,0.9999939203262329,0.8428706526756287,0.8427654504776001,0.9988450407981873,0.00011260285828029737,0.00011260285828029737,0.999981701374054,0.7858074307441711,0.7855743169784546
178.0,4.0,0.9995465278625488,4.00809440179728e-05,4.00809440179728e-05,0.9999938011169434,0.849181592464447,0.8491372466087341,0.9987755417823792,7.493244629586115e-05,7.493244629586115e-05,0.9999852180480957,0.7742310762405396,0.7737882733345032
179.0,0.0,0.9992280006408691,5.812822564621456e-05,5.812822564621456e-05,0.999989926815033,0.7794215083122253,0.7792183756828308,0.9996540546417236,2.8930173357366584e-05,2.8930173357366584e-05,0.9999961853027344,0.924662709236145,0.9246671795845032
179.0,1.0,0.9993167519569397,5.451753531815484e-05,5.451753531815484e-05,0.9999899864196777,0.8702883720397949,0.8701375722885132,0.9997560977935791,1.0134134754480328e-05,1.0134134754480328e-05,0.9999995827674866,0.6506654620170593,0.6506654620170593
179.0,2.0,0.999336302280426,5.0430986448191106e-05,5.0430986448191106e-05,0.9999904632568359,0.8161904215812683,0.8160508871078491,0.9998804926872253,1.7543608919368125e-05,1.7543608919368125e-05,0.9999992251396179,0.9955333471298218,0.9955333471298218
179.0,3.0,0.9994912147521973,3.501199171296321e-05,3.501199171296321e-05,0.9999937415122986,0.842870831489563,0.8427655100822449,0.9988446235656738,0.00011261278996244073,0.00011261278996244073,0.9999811053276062,0.7858073711395264,0.7855732440948486
179.0,4.0,0.9995470643043518,4.007948518847115e-05,4.007948518847115e-05,0.9999935030937195,0.8491812348365784,0.8491372466087341,0.9987749457359314,7.491678115911782e-05,7.491678115911782e-05,0.9999849200248718,0.7742311358451843,0.7737882137298584
180.0,0.0,0.999228298664093,5.812031668028794e-05,5.812031668028794e-05,0.9999898076057434,0.7794210314750671,0.7792173624038696,0.9996545314788818,2.894093449867796e-05,2.894093449867796e-05,0.9999961256980896,0.9246628284454346,0.9246671199798584
180.0,1.0,0.9993161559104919,5.4514115618076175e-05,5.4514115618076175e-05,0.999989926815033,0.8702879548072815,0.8701379299163818,0.9997551441192627,1.0143463441636413e-05,1.0143463441636413e-05,0.9999995827674866,0.6506654620170593,0.6506654620170593
180.0,2.0,0.9993360042572021,5.042616612627171e-05,5.042616612627171e-05,0.999990701675415,0.8161904215812683,0.8160507082939148,0.9998807311058044,1.753277683747001e-05,1.753277683747001e-05,0.9999993443489075,0.9955333471298218,0.995533287525177
180.0,3.0,0.9994905591011047,3.5009568819077685e-05,3.5009568819077685e-05,0.9999938607215881,0.8428707718849182,0.8427653908729553,0.9988446235656738,0.00011261738109169528,0.00011261738109169528,0.999981164932251,0.7858058214187622,0.7855733633041382
180.0,4.0,0.9995467662811279,4.0081096813082695e-05,4.0081096813082695e-05,0.9999935030937195,0.8491814136505127,0.8491377234458923,0.998775064945221,7.493794691981748e-05,7.493794691981748e-05,0.9999850392341614,0.7742311358451843,0.7737882137298584
181.0,0.0,0.9992278814315796,5.8126719522988424e-05,5.8126719522988424e-05,0.9999899864196777,0.7794212102890015,0.7792182564735413,0.9996544718742371,2.8930393455084413e-05,2.8930393455084413e-05,0.9999960064888,0.9246628880500793,0.9246669411659241
181.0,1.0,0.9993157982826233,5.451567631098442e-05,5.451567631098442e-05,0.9999901652336121,0.8702882528305054,0.8701381683349609,0.999755859375,1.0139862752112094e-05,1.0139862752112094e-05,0.9999995827674866,0.6506654620170593,0.6506654620170593
181.0,2.0,0.9993351697921753,5.0422608182998374e-05,5.0422608182998374e-05,0.9999907612800598,0.8161906003952026,0.8160514831542969,0.9998807311058044,1.75344648596365e-05,1.75344648596365e-05,0.9999993443489075,0.9955333471298218,0.9955333471298218
181.0,3.0,0.9994907379150391,3.500787352095358e-05,3.500787352095358e-05,0.999993622303009,0.8428702354431152,0.8427652716636658,0.9988452196121216,0.00011260648170718923,0.00011260648170718923,0.9999812841415405,0.7858074307441711,0.7855712175369263
181.0,4.0,0.9995458126068115,4.008226460427977e-05,4.008226460427977e-05,0.9999933838844299,0.8491811752319336,0.8491371870040894,0.9987759590148926,7.491765427403152e-05,7.491765427403152e-05,0.9999850392341614,0.7742311358451843,0.7737881541252136
182.0,0.0,0.9992284178733826,5.812494418933056e-05,5.812494418933056e-05,0.9999901056289673,0.7794210314750671,0.7792183756828308,0.999654233455658,2.893218697863631e-05,2.893218697863631e-05,0.9999961256980896,0.9246626496315002,0.9246671199798584
182.0,1.0,0.9993159174919128,5.4525913583347574e-05,5.4525913583347574e-05,0.9999898672103882,0.8702880144119263,0.8701381683349609,0.9997556209564209,1.0135018783330452e-05,1.0135018783330452e-05,0.9999995827674866,0.6506654620170593,0.6506654620170593
182.0,2.0,0.9993345737457275,5.042456541559659e-05,5.042456541559659e-05,0.9999901652336121,0.8161904811859131,0.8160507678985596,0.9998807311058044,1.7546759409015067e-05,1.7546759409015067e-05,0.9999993443489075,0.9955333471298218,0.9955333471298218
182.0,3.0,0.9994907975196838,3.500714956317097e-05,3.500714956317097e-05,0.9999937415122986,0.8428701162338257,0.8427653312683105,0.9988439679145813,0.00011263702617725357,0.00011263702617725357,0.999981164932251,0.7858058214187622,0.7855733633041382
182.0,4.0,0.9995462894439697,4.008270843769424e-05,4.008270843769424e-05,0.9999935626983643,0.849181056022644,0.8491377234458923,0.998775839805603,7.491806172765791e-05,7.491806172765791e-05,0.9999850392341614,0.7742310166358948,0.7737883925437927
183.0,0.0,0.9992284774780273,5.813587995362468e-05,5.813587995362468e-05,0.9999897480010986,0.7794210314750671,0.7792180180549622,0.9996543526649475,2.893529563152697e-05,2.893529563152697e-05,0.9999960064888,0.9246618151664734,0.9246665239334106
183.0,1.0,0.9993159770965576,5.452164987218566e-05,5.452164987218566e-05,0.999989926815033,0.8702877759933472,0.8701374530792236,0.9997555613517761,1.0139534424524754e-05,1.0139534424524754e-05,0.9999995231628418,0.6506654620170593,0.6506654620170593
183.0,2.0,0.9993355870246887,5.042618795414455e-05,5.042618795414455e-05,0.9999906420707703,0.8161903023719788,0.816051185131073,0.9998804926872253,1.7540402041049674e-05,1.7540402041049674e-05,0.9999992251396179,0.9955333471298218,0.9955333471298218
183.0,3.0,0.9994910359382629,3.500359889585525e-05,3.500359889585525e-05,0.9999940395355225,0.8428707122802734,0.8427655696868896,0.9988436698913574,0.00011262470070505515,0.00011262470070505515,0.999981164932251,0.7858060598373413,0.7855737209320068
183.0,4.0,0.999546229839325,4.008043833891861e-05,4.008043833891861e-05,0.999993622303009,0.8491809964179993,0.849137544631958,0.998776376247406,7.490635471185669e-05,7.490635471185669e-05,0.9999851584434509,0.7742310762405396,0.7737882137298584
184.0,0.0,0.9992284774780273,5.8129593526246026e-05,5.8129593526246026e-05,0.9999901056289673,0.7794210910797119,0.7792181968688965,0.9996543526649475,2.8928106985404156e-05,2.8928106985404156e-05,0.9999960064888,0.9246628880500793,0.9246671795845032
184.0,1.0,0.9993157982826233,5.452317054732703e-05,5.452317054732703e-05,0.9999898672103882,0.870288074016571,0.8701379299163818,0.9997560977935791,1.0134870535694063e-05,1.0134870535694063e-05,0.9999995231628418,0.6506654620170593,0.6506654620170593
184.0,2.0,0.9993358850479126,5.042266639065929e-05,5.042266639065929e-05,0.9999902844429016,0.8161904811859131,0.8160509467124939,0.9998804926872253,1.7547425159136765e-05,1.7547425159136765e-05,0.9999993443489075,0.9955333471298218,0.9955333471298218
184.0,3.0,0.9994922876358032,3.5010169085580856e-05,3.5010169085580856e-05,0.9999938607215881,0.8428707122802734,0.8427656292915344,0.998844563961029,0.00011262414045631886,0.00011262414045631886,0.9999813437461853,0.7858074307441711,0.7855712175369263
184.0,4.0,0.9995465874671936,4.007601455668919e-05,4.007601455668919e-05,0.9999934434890747,0.8491812944412231,0.8491370677947998,0.9987765550613403,7.492842996725813e-05,7.492842996725813e-05,0.9999849200248718,0.7742310762405396,0.7737882733345032
185.0,0.0,0.9992287755012512,5.813025200041011e-05,5.813025200041011e-05,0.9999902248382568,0.7794213891029358,0.7792176008224487,0.9996538758277893,2.8924327125423588e-05,2.8924327125423588e-05,0.9999961256980896,0.9246628880500793,0.9246669411659241
185.0,1.0,0.9993166923522949,5.452080586110242e-05,5.452080586110242e-05,0.9999897480010986,0.8702879548072815,0.8701381087303162,0.9997552633285522,1.0136425771634094e-05,1.0136425771634094e-05,0.9999995827674866,0.6506654620170593,0.6506654620170593
185.0,2.0,0.9993354082107544,5.042412885813974e-05,5.042412885813974e-05,0.9999902844429016,0.8161903023719788,0.8160504698753357,0.9998809695243835,1.752986281644553e-05,1.752986281644553e-05,0.9999993443489075,0.9955333471298218,0.995533287525177
185.0,3.0,0.999492347240448,3.501086757751182e-05,3.501086757751182e-05,0.9999939799308777,0.8428706526756287,0.8427653312683105,0.9988436102867126,0.00011261559120612219,0.00011261559120612219,0.999981164932251,0.7858056426048279,0.7855701446533203
185.0,4.0,0.9995467662811279,4.0082159102894366e-05,4.0082159102894366e-05,0.9999932050704956,0.8491808176040649,0.8491368889808655,0.9987775683403015,7.49206737964414e-05,7.49206737964414e-05,0.9999850392341614,0.7742313146591187,0.7737882733345032
186.0,0.0,0.9992289543151855,5.813304233015515e-05,5.813304233015515e-05,0.9999901056289673,0.7794209122657776,0.7792185544967651,0.9996541142463684,2.8936017770320177e-05,2.8936017770320177e-05,0.9999958872795105,0.9246619343757629,0.9246665239334106
186.0,1.0,0.9993172883987427,5.451907782116905e-05,5.451907782116905e-05,0.9999900460243225,0.8702880144119263,0.8701373934745789,0.9997565150260925,1.0141442544409074e-05,1.0141442544409074e-05,0.9999995827674866,0.6506654620170593,0.6506654620170593
186.0,2.0,0.9993356466293335,5.042245174990967e-05,5.042245174990967e-05,0.9999902844429016,0.8161903023719788,0.8160512447357178,0.9998806118965149,1.754474578774534e-05,1.754474578774534e-05,0.9999993443489075,0.9955333471298218,0.9955333471298218
186.0,3.0,0.9994916915893555,3.5010121791856363e-05,3.5010121791856363e-05,0.9999938011169434,0.8428706526756287,0.8427653908729553,0.9988434314727783,0.00011261796316830441,0.00011261796316830441,0.9999811053276062,0.7858057022094727,0.7855701446533203
186.0,4.0,0.9995461106300354,4.0080634789774194e-05,4.0080634789774194e-05,0.9999933242797852,0.8491814136505127,0.8491369485855103,0.9987759590148926,7.491698488593102e-05,7.491698488593102e-05,0.9999850988388062,0.7742311358451843,0.7737882137298584
187.0,0.0,0.999228298664093,5.8119298046221957e-05,5.8119298046221957e-05,0.9999898076057434,0.7794210910797119,0.7792172431945801,0.9996535181999207,2.893916462198831e-05,2.893916462198831e-05,0.9999960064888,0.9246628880500793,0.924666702747345
187.0,1.0,0.9993171691894531,5.451734614325687e-05,5.451734614325687e-05,0.9999898076057434,0.8702881932258606,0.8701379299163818,0.9997555613517761,1.0139237929251976e-05,1.0139237929251976e-05,0.9999995827674866,0.6506654620170593,0.6506654620170593
187.0,2.0,0.9993362426757812,5.041830809204839e-05,5.041830809204839e-05,0.9999905228614807,0.8161904215812683,0.8160511255264282,0.9998806715011597,1.753161814121995e-05,1.753161814121995e-05,0.9999993443489075,0.9955333471298218,0.9955333471298218
187.0,3.0,0.9994915127754211,3.500585808069445e-05,3.500585808069445e-05,0.9999937415122986,0.8428705930709839,0.842765212059021,0.9988442659378052,0.00011259444727329537,0.00011259444727329537,0.9999813437461853,0.7858075499534607,0.7855744957923889
187.0,4.0,0.9995463490486145,4.007843745057471e-05,4.007843745057471e-05,0.9999935626983643,0.8491812348365784,0.849137008190155,0.9987763166427612,7.492338045267388e-05,7.492338045267388e-05,0.9999849796295166,0.7742311358451843,0.7737882733345032
188.0,0.0,0.9992284178733826,5.812603194499388e-05,5.812603194499388e-05,0.9999899864196777,0.7794213891029358,0.7792181968688965,0.9996540546417236,2.8941396521986462e-05,2.8941396521986462e-05,0.9999960064888,0.9246626496315002,0.9246668815612793
188.0,1.0,0.9993172287940979,5.4521169658983126e-05,5.4521169658983126e-05,0.9999899864196777,0.870288074016571,0.8701375126838684,0.9997566938400269,1.0138307516172063e-05,1.0138307516172063e-05,0.9999995827674866,0.6506654620170593,0.6506654620170593
188.0,2.0,0.9993354678153992,5.0430713599780574e-05,5.0430713599780574e-05,0.9999904632568359,0.8161903023719788,0.8160514235496521,0.9998806715011597,1.7537802705192007e-05,1.7537802705192007e-05,0.9999993443489075,0.9955333471298218,0.9955333471298218
188.0,3.0,0.999491274356842,3.500498860375956e-05,3.500498860375956e-05,0.9999938607215881,0.8428707122802734,0.8427655100822449,0.9988442063331604,0.00011261815234320238,0.00011261815234320238,0.9999815225601196,0.7858060002326965,0.785574197769165
188.0,4.0,0.9995463490486145,4.0080281905829906e-05,4.0080281905829906e-05,0.9999938011169434,0.8491817116737366,0.8491380214691162,0.9987760782241821,7.493784505641088e-05,7.493784505641088e-05,0.9999849200248718,0.7742313146591187,0.7737882733345032
189.0,0.0,0.9992285966873169,5.812814924865961e-05,5.812814924865961e-05,0.9999899864196777,0.7794212698936462,0.7792178392410278,0.9996543526649475,2.8942506105522625e-05,2.8942506105522625e-05,0.9999958276748657,0.9246628284454346,0.9246671795845032
189.0,1.0,0.9993168711662292,5.451996185001917e-05,5.451996185001917e-05,0.999989926815033,0.8702882528305054,0.870137095451355,0.9997560381889343,1.0140552149096038e-05,1.0140552149096038e-05,0.9999995827674866,0.6506654620170593,0.6506654620170593
189.0,2.0,0.9993354678153992,5.0426471716491506e-05,5.0426471716491506e-05,0.9999905228614807,0.8161906003952026,0.8160508871078491,0.9998803734779358,1.7532825950183906e-05,1.7532825950183906e-05,0.9999993443489075,0.9955333471298218,0.9955333471298218
189.0,3.0,0.9994926452636719,3.501120227156207e-05,3.501120227156207e-05,0.999993622303009,0.8428705930709839,0.8427655100822449,0.998843789100647,0.00011260981409577653,0.00011260981409577653,0.9999815225601196,0.7858074307441711,0.7855720520019531
189.0,4.0,0.9995473027229309,4.007802635896951e-05,4.007802635896951e-05,0.9999935626983643,0.8491815328598022,0.8491377830505371,0.998775839805603,7.492635631933808e-05,7.492635631933808e-05,0.9999850392341614,0.7742310166358948,0.7737882137298584
190.0,0.0,0.999228835105896,5.812106974190101e-05,5.812106974190101e-05,0.9999898076057434,0.7794212102890015,0.7792181372642517,0.9996541738510132,2.8931681299582124e-05,2.8931681299582124e-05,0.9999961256980896,0.9246628284454346,0.9246669411659241
190.0,1.0,0.9993165135383606,5.4522784921573475e-05,5.4522784921573475e-05,0.999989926815033,0.870288074016571,0.8701378107070923,0.9997557997703552,1.0136483069800306e-05,1.0136483069800306e-05,0.9999995827674866,0.6506654620170593,0.6506654620170593
190.0,2.0,0.9993343949317932,5.0418955652276054e-05,5.0418955652276054e-05,0.9999906420707703,0.8161906599998474,0.8160508871078491,0.9998807311058044,1.752976095303893e-05,1.752976095303893e-05,0.9999993443489075,0.9955333471298218,0.9955333471298218
190.0,3.0,0.9994910359382629,3.501231185509823e-05,3.501231185509823e-05,0.9999936819076538,0.8428702354431152,0.842765212059021,0.9988442659378052,0.00011261089821346104,0.00011261089821346104,0.9999809861183167,0.7858056426048279,0.7855732440948486
190.0,4.0,0.9995456337928772,4.0077895391732454e-05,4.0077895391732454e-05,0.9999935626983643,0.8491812944412231,0.8491371273994446,0.9987743496894836,7.493090379284695e-05,7.493090379284695e-05,0.9999851584434509,0.7742311954498291,0.7737882137298584
191.0,0.0,0.9992276430130005,5.812343079014681e-05,5.812343079014681e-05,0.9999901652336121,0.7794215083122253,0.7792184352874756,0.9996535181999207,2.89325926132733e-05,2.89325926132733e-05,0.9999960660934448,0.9246628284454346,0.9246670603752136
191.0,1.0,0.9993165731430054,5.4516254749614745e-05,5.4516254749614745e-05,0.9999899864196777,0.870288074016571,0.8701373338699341,0.9997554421424866,1.0140394806512631e-05,1.0140394806512631e-05,0.9999995231628418,0.6506654620170593,0.6506654620170593
191.0,2.0,0.9993351101875305,5.042462726123631e-05,5.042462726123631e-05,0.9999906420707703,0.8161905407905579,0.8160514831542969,0.9998812675476074,1.7525881048641168e-05,1.7525881048641168e-05,0.9999993443489075,0.9955333471298218,0.9955333471298218
191.0,3.0,0.9994913339614868,3.500519960653037e-05,3.500519960653037e-05,0.9999939203262329,0.8428706526756287,0.8427655100822449,0.9988448023796082,0.00011260961036896333,0.00011260961036896333,0.9999815821647644,0.7858061194419861,0.7855743765830994
191.0,4.0,0.9995465874671936,4.008054384030402e-05,4.008054384030402e-05,0.9999934434890747,0.849181056022644,0.8491377830505371,0.9987764358520508,7.493238081224263e-05,7.493238081224263e-05,0.9999851584434509,0.7742310762405396,0.7737882137298584
192.0,0.0,0.9992287755012512,5.812329618493095e-05,5.812329618493095e-05,0.999989926815033,0.7794210910797119,0.7792182564735413,0.9996543526649475,2.8931470296811312e-05,2.8931470296811312e-05,0.9999961256980896,0.924662709236145,0.9246670603752136
192.0,1.0,0.9993166923522949,5.451354809338227e-05,5.451354809338227e-05,0.9999902248382568,0.8702879548072815,0.8701375126838684,0.9997557997703552,1.0136745913769118e-05,1.0136745913769118e-05,0.9999995827674866,0.6506654620170593,0.6506654620170593
192.0,2.0,0.9993363618850708,5.041863551014103e-05,5.041863551014103e-05,0.9999905228614807,0.8161903023719788,0.8160510659217834,0.9998809099197388,1.7534199287183583e-05,1.7534199287183583e-05,0.9999993443489075,0.9955333471298218,0.9955333471298218
192.0,3.0,0.9994925260543823,3.5004552046302706e-05,3.5004552046302706e-05,0.9999936819076538,0.8428707122802734,0.8427655100822449,0.9988440871238708,0.00011260675091762096,0.00011260675091762096,0.999981701374054,0.7858058214187622,0.785573422908783
192.0,4.0,0.9995466470718384,4.007741154055111e-05,4.007741154055111e-05,0.9999934434890747,0.8491812944412231,0.8491371870040894,0.998776912689209,7.493370503652841e-05,7.493370503652841e-05,0.9999849796295166,0.7742310762405396,0.7737882733345032
193.0,0.0,0.9992290139198303,5.812333256471902e-05,5.812333256471902e-05,0.9999902248382568,0.7794210910797119,0.7792174816131592,0.999654233455658,2.8937387469341047e-05,2.8937387469341047e-05,0.9999960660934448,0.9246628880500793,0.9246669411659241
193.0,1.0,0.9993168115615845,5.451463584904559e-05,5.451463584904559e-05,0.9999898672103882,0.8702878952026367,0.8701375722885132,0.9997556209564209,1.014234840113204e-05,1.014234840113204e-05,0.9999995231628418,0.6506654620170593,0.6506654620170593
193.0,2.0,0.9993356466293335,5.0424634537193924e-05,5.0424634537193924e-05,0.9999907612800598,0.8161901235580444,0.816051185131073,0.9998807311058044,1.7543294234201312e-05,1.7543294234201312e-05,0.9999993443489075,0.9955333471298218,0.9955333471298218
193.0,3.0,0.9994913339614868,3.50069094565697e-05,3.50069094565697e-05,0.9999939203262329,0.8428706526756287,0.8427653908729553,0.9988448023796082,0.00011262985208304599,0.00011262985208304599,0.9999813437461853,0.7858074307441711,0.7855712175369263
193.0,4.0,0.9995464086532593,4.007846291642636e-05,4.007846291642636e-05,0.9999935626983643,0.849181592464447,0.8491372466087341,0.9987753629684448,7.490965072065592e-05,7.490965072065592e-05,0.9999850392341614,0.7742311358451843,0.7737882733345032
194.0,0.0,0.9992282390594482,5.8124678616877645e-05,5.8124678616877645e-05,0.9999901056289673,0.7794210910797119,0.7792180180549622,0.9996537566184998,2.8935215595993213e-05,2.8935215595993213e-05,0.9999960064888,0.9246628284454346,0.9246671199798584
194.0,1.0,0.9993165135383606,5.452273035189137e-05,5.452273035189137e-05,0.999989926815033,0.870288074016571,0.8701379895210266,0.9997556805610657,1.0143919098482002e-05,1.0143919098482002e-05,0.9999995827674866,0.6506654620170593,0.6506654620170593
194.0,2.0,0.9993353486061096,5.0426246161805466e-05,5.0426246161805466e-05,0.9999907612800598,0.816190242767334,0.8160513043403625,0.9998804926872253,1.753507058310788e-05,1.753507058310788e-05,0.9999992251396179,0.9955333471298218,0.995533287525177
194.0,3.0,0.9994914531707764,3.501067840261385e-05,3.501067840261385e-05,0.9999939799308777,0.8428707122802734,0.8427655696868896,0.9988443851470947,0.00011263915803283453,0.00011263915803283453,0.9999811053276062,0.7858056426048279,0.7855702638626099
194.0,4.0,0.9995464086532593,4.008126416010782e-05,4.008126416010782e-05,0.9999933838844299,0.8491808176040649,0.849137008190155,0.9987761378288269,7.492813165299594e-05,7.492813165299594e-05,0.9999851584434509,0.7742310762405396,0.7737882137298584
195.0,0.0,0.999229907989502,5.812833478557877e-05,5.812833478557877e-05,0.9999895691871643,0.7794209122657776,0.7792176604270935,0.9996543526649475,2.8935832233401015e-05,2.8935832233401015e-05,0.9999961256980896,0.9246618747711182,0.9246665239334106
195.0,1.0,0.999316394329071,5.452047480503097e-05,5.452047480503097e-05,0.999989926815033,0.8702876567840576,0.8701370358467102,0.9997562766075134,1.0140833182958886e-05,1.0140833182958886e-05,0.9999995827674866,0.6506654620170593,0.6506654620170593
195.0,2.0,0.9993361830711365,5.043069177190773e-05,5.043069177190773e-05,0.9999904036521912,0.8161901831626892,0.8160508871078491,0.9998809099197388,1.7528127500554547e-05,1.7528127500554547e-05,0.9999993443489075,0.9955333471298218,0.9955333471298218
195.0,3.0,0.9994914531707764,3.501152968965471e-05,3.501152968965471e-05,0.9999934434890747,0.8428705930709839,0.8427653908729553,0.9988436102867126,0.00011262669431744143,0.00011262669431744143,0.9999813437461853,0.7858057022094727,0.7855732440948486
195.0,4.0,0.9995471239089966,4.0086299122776836e-05,4.0086299122776836e-05,0.9999934434890747,0.8491814732551575,0.8491368889808655,0.998776376247406,7.491221913369372e-05,7.491221913369372e-05,0.999984860420227,0.7742311358451843,0.7737882137298584
196.0,0.0,0.9992305040359497,5.8128345699515194e-05,5.8128345699515194e-05,0.999989926815033,0.7794210910797119,0.7792173624038696,0.9996540546417236,2.893775308621116e-05,2.893775308621116e-05,0.9999958872795105,0.9246618747711182,0.924666166305542
196.0,1.0,0.9993159770965576,5.451721153804101e-05,5.451721153804101e-05,0.9999900460243225,0.8702884912490845,0.8701373934745789,0.9997559189796448,1.0137377103092149e-05,1.0137377103092149e-05,0.9999995231628418,0.6506654620170593,0.6506654620170593
196.0,2.0,0.999334990978241,5.0429462135070935e-05,5.0429462135070935e-05,0.9999905228614807,0.8161906599998474,0.8160507678985596,0.9998809695243835,1.7534795915707946e-05,1.7534795915707946e-05,0.9999993443489075,0.9955333471298218,0.9955333471298218
196.0,3.0,0.9994913339614868,3.500724778859876e-05,3.500724778859876e-05,0.9999939203262329,0.8428706526756287,0.8427653312683105,0.9988440871238708,0.00011262489715591073,0.00011262489715591073,0.9999814033508301,0.7858058214187622,0.7855735421180725
196.0,4.0,0.9995465278625488,4.008131509181112e-05,4.008131509181112e-05,0.999993622303009,0.8491814136505127,0.8491376638412476,0.9987752437591553,7.491499127354473e-05,7.491499127354473e-05,0.9999849796295166,0.7742310762405396,0.7737882137298584
197.0,0.0,0.9992280006408691,5.812200470245443e-05,5.812200470245443e-05,0.999989926815033,0.7794209122657776,0.7792181968688965,0.999653697013855,2.893641431001015e-05,2.893641431001015e-05,0.9999960660934448,0.9246626496315002,0.9246671199798584
197.0,1.0,0.9993170499801636,5.451842662296258e-05,5.451842662296258e-05,0.9999898076057434,0.8702880144119263,0.870137095451355,0.9997559189796448,1.0139387995877769e-05,1.0139387995877769e-05,0.9999995231628418,0.6506654620170593,0.6506654620170593
197.0,2.0,0.9993351101875305,5.0427948735887185e-05,5.0427948735887185e-05,0.9999902248382568,0.8161899447441101,0.8160505294799805,0.9998807311058044,1.753714241203852e-05,1.753714241203852e-05,0.9999992251396179,0.9955333471298218,0.9955333471298218
197.0,3.0,0.9994915723800659,3.500778620946221e-05,3.500778620946221e-05,0.9999938607215881,0.8428707122802734,0.842765212059021,0.9988442063331604,0.00011260918836342171,0.00011260918836342171,0.9999808073043823,0.7858057022094727,0.7855698466300964
197.0,4.0,0.9995465278625488,4.008174437331036e-05,4.008174437331036e-05,0.9999933838844299,0.8491812348365784,0.8491370677947998,0.9987756609916687,7.491363066947088e-05,7.491363066947088e-05,0.9999850988388062,0.7742311954498291,0.7737882733345032
198.0,0.0,0.9992287755012512,5.8119374443776906e-05,5.8119374443776906e-05,0.9999897480010986,0.7794210314750671,0.7792172431945801,0.999653697013855,2.8938042305526324e-05,2.8938042305526324e-05,0.9999961256980896,0.9246628284454346,0.9246671199798584
198.0,1.0,0.9993162155151367,5.4522297432413325e-05,5.4522297432413325e-05,0.9999897480010986,0.8702877163887024,0.8701368570327759,0.9997557997703552,1.0139810910914093e-05,1.0139810910914093e-05,0.9999995827674866,0.6506654620170593,0.6506654620170593
198.0,2.0,0.9993360638618469,5.042743214289658e-05,5.042743214289658e-05,0.9999902844429016,0.8161903023719788,0.8160507678985596,0.9998809099197388,1.754064578562975e-05,1.754064578562975e-05,0.9999992251396179,0.9955333471298218,0.9955333471298218
198.0,3.0,0.999491274356842,3.500759703456424e-05,3.500759703456424e-05,0.9999936819076538,0.8428707122802734,0.842765212059021,0.9988436102867126,0.0001126203642343171,0.0001126203642343171,0.9999809861183167,0.7858075499534607,0.7855713963508606
198.0,4.0,0.9995468854904175,4.0080420149024576e-05,4.0080420149024576e-05,0.9999934434890747,0.8491817712783813,0.8491368889808655,0.998776912689209,7.491868746001273e-05,7.491868746001273e-05,0.9999850988388062,0.7742310762405396,0.7737882733345032
199.0,0.0,0.999228298664093,5.813043026137166e-05,5.813043026137166e-05,0.9999896287918091,0.7794210910797119,0.7792168259620667,0.9996539950370789,2.8925895094289444e-05,2.8925895094289444e-05,0.9999960660934448,0.924662709236145,0.9246671199798584
199.0,1.0,0.9993166923522949,5.4515567171620205e-05,5.4515567171620205e-05,0.9999901652336121,0.8702881336212158,0.8701372742652893,0.999755859375,1.0140350241272245e-05,1.0140350241272245e-05,0.9999995827674866,0.6506654620170593,0.6506654620170593
199.0,2.0,0.9993359446525574,5.0427635869709775e-05,5.0427635869709775e-05,0.9999904036521912,0.8161904811859131,0.8160509467124939,0.9998807311058044,1.7531865523778833e-05,1.7531865523778833e-05,0.9999993443489075,0.9955333471298218,0.995533287525177
199.0,3.0,0.9994908571243286,3.500432285363786e-05,3.500432285363786e-05,0.9999937415122986,0.8428706526756287,0.8427652716636658,0.9988443851470947,0.00011262024054303765,0.00011262024054303765,0.9999809861183167,0.7858060002326965,0.7855706214904785
199.0,4.0,0.9995465874671936,4.007884854217991e-05,4.007884854217991e-05,0.9999933242797852,0.849181592464447,0.8491370677947998,0.9987759590148926,7.491972792195156e-05,7.491972792195156e-05,0.9999851584434509,0.7742310166358948,0.7737882137298584
