epoch,fold,dice_train,loss_train,bce_train,accuracy_train,precision_train,f1_train,dice_test,loss_test,bce_test,accuracy_test,precision_test,f1_test
0.0,0.0,0.5733728408813477,0.42662718892097473,0.778632640838623,0.9221897721290588,0.5538241863250732,0.5201722383499146,0.39572790265083313,0.6042721271514893,1.0414316654205322,0.9243150353431702,0.0,0.0
0.0,1.0,0.7490258812904358,0.2509748935699463,0.8608911037445068,0.9696696400642395,0.6450258493423462,0.580420196056366,0.1546059548854828,0.8453940749168396,3.1247386932373047,0.9057269096374512,0.0,0.0
0.0,2.0,0.6773058772087097,0.3226943910121918,1.305414080619812,0.9564043283462524,0.545874297618866,0.5166536569595337,0.7228882908821106,0.2771115005016327,0.13166958093643188,0.984834611415863,0.5863831639289856,0.5270084142684937
0.0,3.0,0.6220476031303406,0.37795281410217285,1.2367945909500122,0.95693039894104,0.4638126492500305,0.4413129687309265,0.8904193043708801,0.10958107560873032,0.6008843183517456,0.9762319326400757,0.8047894835472107,0.7293006777763367
0.0,4.0,0.572956919670105,0.42704302072525024,2.1596179008483887,0.949348509311676,0.4137345850467682,0.3714195787906647,0.619608998298645,0.3803907632827759,3.563793659210205,0.9364285469055176,0.7410840392112732,0.45062685012817383
1.0,0.0,0.7376498579978943,0.26235127449035645,0.98875492811203,0.968397319316864,0.5827069282531738,0.5578607320785522,0.39502212405204773,0.6049779653549194,2.069129705429077,0.9243148565292358,0.0,0.0
1.0,1.0,0.8508708477020264,0.1491304486989975,0.44536498188972473,0.980798065662384,0.6586030125617981,0.6408671140670776,0.1546059250831604,0.8453943729400635,2.7194020748138428,0.9057272672653198,0.0,0.0
1.0,2.0,0.6969200968742371,0.30308055877685547,1.1364638805389404,0.962730348110199,0.5251431465148926,0.5141100287437439,0.8123270869255066,0.18767312169075012,0.03771369159221649,0.9930886030197144,0.6153613924980164,0.6020612716674805
1.0,3.0,0.6444624066352844,0.3555372655391693,1.4611507654190063,0.9576557278633118,0.4488789141178131,0.4243486523628235,0.9341598153114319,0.06583984196186066,0.49243101477622986,0.9840136766433716,0.8120310306549072,0.777041494846344
1.0,4.0,0.648339569568634,0.3516600728034973,1.3888274431228638,0.9590194225311279,0.42649751901626587,0.4158928394317627,0.8790679574012756,0.12093260139226913,0.4195300340652466,0.9857384562492371,0.7637326121330261,0.7479575276374817
2.0,0.0,0.7716019153594971,0.22839826345443726,0.8923415541648865,0.9725022912025452,0.5961728096008301,0.5827037692070007,0.39517325162887573,0.6048266887664795,1.9152965545654297,0.9243153929710388,0.0,0.0
2.0,1.0,0.8698413968086243,0.13015799224376678,0.49608856439590454,0.9820354580879211,0.6658626198768616,0.6485825777053833,0.15460585057735443,0.8453935980796814,3.3853111267089844,0.9057273268699646,0.0,0.0
2.0,2.0,0.7087681889533997,0.29123207926750183,1.1405212879180908,0.9642844796180725,0.5306666493415833,0.5233179926872253,0.9433907866477966,0.05660931020975113,0.02992415614426136,0.9951026439666748,0.6207218766212463,0.6148107647895813
2.0,3.0,0.676947832107544,0.3230527937412262,1.376741886138916,0.9609283208847046,0.4678056538105011,0.45022454857826233,0.9728786945343018,0.027121208608150482,0.03014129400253296,0.9952427744865417,0.8138441443443298,0.8146682381629944
2.0,4.0,0.6626331210136414,0.3373678922653198,1.3018492460250854,0.9605596661567688,0.4331078827381134,0.42780396342277527,0.9214016795158386,0.07859797030687332,0.48098406195640564,0.9864073991775513,0.7674526572227478,0.7554101943969727
3.0,0.0,0.7835547924041748,0.21644622087478638,0.9203702807426453,0.9737528562545776,0.6002174615859985,0.5906640887260437,0.3953111469745636,0.6046889424324036,2.46606183052063,0.924315333366394,0.0,0.0
3.0,1.0,0.8792699575424194,0.12072965502738953,0.527003288269043,0.9831673502922058,0.6686449646949768,0.6540249586105347,0.15460588037967682,0.8453938364982605,3.1603944301605225,0.9057266712188721,0.0,0.0
3.0,2.0,0.7104885578155518,0.2895119786262512,1.2298985719680786,0.9646284580230713,0.5334172248840332,0.524775505065918,0.9640255570411682,0.03597492724657059,0.030095720663666725,0.9955353140830994,0.6081587672233582,0.6171991229057312
3.0,3.0,0.680073618888855,0.319926917552948,1.329911470413208,0.9618327617645264,0.46595674753189087,0.4552343785762787,0.9772783517837524,0.022721130400896072,0.027835125103592873,0.9960117936134338,0.8272498250007629,0.819210410118103
3.0,4.0,0.6697628498077393,0.3302380442619324,1.3282023668289185,0.961455762386322,0.4427034854888916,0.4363175928592682,0.923807680606842,0.07619260996580124,0.49264806509017944,0.9868813157081604,0.7693219184875488,0.7578466534614563
4.0,0.0,0.7871333956718445,0.21286675333976746,1.0203222036361694,0.9742557406425476,0.6027899980545044,0.5941889882087708,0.39531344175338745,0.6046864986419678,2.7491819858551025,0.9243152141571045,0.0,0.0
4.0,1.0,0.8884656429290771,0.1115342304110527,0.5144052505493164,0.9843282699584961,0.6726284623146057,0.6630871891975403,0.15460598468780518,0.8453943133354187,3.897937774658203,0.905727207660675,0.0,0.0
4.0,2.0,0.7092397809028625,0.29076075553894043,1.251866340637207,0.9643831849098206,0.5374279022216797,0.52433842420578,0.9520584344863892,0.04794163629412651,0.02607288956642151,0.9962961673736572,0.6293421387672424,0.6181946396827698
4.0,3.0,0.769914448261261,0.23008590936660767,0.9039137363433838,0.9733177423477173,0.5956081748008728,0.5551654100418091,0.9566431045532227,0.0433565229177475,0.10511328279972076,0.9932734370231628,0.8043256402015686,0.8007707595825195
4.0,4.0,0.8985989689826965,0.10140106081962585,0.16187244653701782,0.9911642074584961,0.7011967897415161,0.6783533692359924,0.8673303127288818,0.1326698660850525,0.4390040934085846,0.9850949645042419,0.7290111184120178,0.7393678426742554
5.0,0.0,0.9209581613540649,0.07904157042503357,0.2592564523220062,0.9899759888648987,0.7508727312088013,0.7354850172996521,0.3884882926940918,0.6115116477012634,0.41821178793907166,0.9697551131248474,0.3779379725456238,0.3871542513370514
5.0,1.0,0.9200296998023987,0.07997141033411026,0.2411934733390808,0.9903189539909363,0.7204564809799194,0.7025895714759827,0.6957889795303345,0.3042108714580536,0.44026312232017517,0.9664526581764221,0.7482371926307678,0.5441359281539917
5.0,2.0,0.9216885566711426,0.07831128686666489,0.20392242074012756,0.9909377098083496,0.7588096857070923,0.7434234619140625,0.8882771730422974,0.11172284930944443,0.019165344536304474,0.996282696723938,0.6234889030456543,0.6258757710456848
5.0,3.0,0.9076336026191711,0.09236642718315125,0.26485493779182434,0.9898194670677185,0.7129332423210144,0.689633846282959,0.9677055478096008,0.03229447826743126,0.023651566356420517,0.9951121807098389,0.8306635022163391,0.809787392616272
5.0,4.0,0.9528878331184387,0.04711361229419708,0.036734260618686676,0.995582103729248,0.7310402393341064,0.7230265140533447,0.8865661025047302,0.11343435943126678,0.5383214950561523,0.984818160533905,0.7265998125076294,0.7429444789886475
6.0,0.0,0.9370294213294983,0.06297062337398529,0.22391581535339355,0.9916210770606995,0.7582941055297852,0.7488373517990112,0.8663002252578735,0.1336996704339981,0.14675317704677582,0.9908431768417358,0.5426463484764099,0.472250759601593
6.0,1.0,0.9395779967308044,0.06042243167757988,0.24584873020648956,0.9919455051422119,0.7319469451904297,0.7182735204696655,0.9472830891609192,0.05271647125482559,0.05909242480993271,0.9953588843345642,0.7969662547111511,0.7960484623908997
6.0,2.0,0.9397690892219543,0.060231100767850876,0.23112358152866364,0.9918317198753357,0.7710345983505249,0.7590738534927368,0.851122260093689,0.14887800812721252,0.01837761141359806,0.996561586856842,0.6213651299476624,0.621258556842804
6.0,3.0,0.9365038275718689,0.06349638104438782,0.23619939386844635,0.9919888973236084,0.723042368888855,0.7117337584495544,0.98126220703125,0.018737629055976868,0.02157069742679596,0.9964919686317444,0.8274350762367249,0.8243420124053955
6.0,4.0,0.968094527721405,0.03190597519278526,0.02617628499865532,0.9966216683387756,0.7404552698135376,0.7369127869606018,0.9140338897705078,0.08596610277891159,0.6233394145965576,0.9857494235038757,0.744979739189148,0.7526973485946655
7.0,0.0,0.9485735297203064,0.05142679810523987,0.23177893459796906,0.9926901459693909,0.76706463098526,0.7580393552780151,0.9271953105926514,0.07280459254980087,0.021600855514407158,0.9966660141944885,0.5635338425636292,0.5338550209999084
7.0,1.0,0.9471035599708557,0.052895788103342056,0.24565047025680542,0.9924648404121399,0.7331029176712036,0.7237546443939209,0.8831488490104675,0.11685159802436829,0.2147248536348343,0.9924384355545044,0.7798014283180237,0.7301079034805298
7.0,2.0,0.9505369663238525,0.049463436007499695,0.22770623862743378,0.9928037524223328,0.776650607585907,0.7680834531784058,0.9678318500518799,0.03216872736811638,0.023206522688269615,0.9970437288284302,0.6264684796333313,0.6290790438652039
7.0,3.0,0.9437621831893921,0.05623822659254074,0.24887196719646454,0.992385745048523,0.7289131879806519,0.7183942198753357,0.9803404808044434,0.019659442827105522,0.024405164644122124,0.9969912171363831,0.8315529823303223,0.8218642473220825
7.0,4.0,0.96138995885849,0.03861091658473015,0.07583510130643845,0.9959685802459717,0.7391246557235718,0.7321538925170898,0.9193922877311707,0.08060780167579651,0.5540788769721985,0.9872227311134338,0.7750845551490784,0.7512519359588623
8.0,0.0,0.9534023404121399,0.0465972013771534,0.2307112216949463,0.9929565787315369,0.7693874835968018,0.7617572546005249,0.9511932730674744,0.048806898295879364,0.030853619799017906,0.9961224794387817,0.5845444202423096,0.5605572462081909
8.0,1.0,0.955903947353363,0.04409637302160263,0.25417593121528625,0.9930627942085266,0.7386661767959595,0.7314128875732422,0.9643223285675049,0.03567717596888542,0.023695597425103188,0.9966369271278381,0.8370201587677002,0.8149590492248535
8.0,2.0,0.9509242177009583,0.04907596856355667,0.238198384642601,0.9930090308189392,0.7761057019233704,0.7683383226394653,0.9800537824630737,0.019945912063121796,0.0222301222383976,0.9972968101501465,0.6343543529510498,0.6340360641479492
8.0,3.0,0.9432889223098755,0.0567108690738678,0.2654946744441986,0.9927077293395996,0.7306298017501831,0.7212298512458801,0.9822943210601807,0.017705881968140602,0.024020597338676453,0.9970683455467224,0.8334593176841736,0.8244266510009766
8.0,4.0,0.9695681929588318,0.03043152578175068,0.03368828073143959,0.9968348741531372,0.7450712323188782,0.7396560907363892,0.9279202818870544,0.07207980751991272,0.6078316569328308,0.9875836372375488,0.7701359987258911,0.7640213370323181
9.0,0.0,0.956436038017273,0.04356388747692108,0.2389313280582428,0.9936400651931763,0.7720694541931152,0.7657250761985779,0.946320116519928,0.05368002504110336,0.039566412568092346,0.9953170418739319,0.599297046661377,0.5566152334213257
9.0,1.0,0.9563878774642944,0.043612539768218994,0.26538196206092834,0.9932382106781006,0.7399046421051025,0.7328605651855469,0.9618227481842041,0.038177937269210815,0.04911994934082031,0.9966931343078613,0.802785336971283,0.8152078986167908
9.0,2.0,0.9539317488670349,0.04606836661696434,0.24932892620563507,0.9932566285133362,0.7791745662689209,0.7720555663108826,0.9726406931877136,0.02735912799835205,0.021891919896006584,0.9974901676177979,0.6330514550209045,0.633641242980957
9.0,3.0,0.9485011696815491,0.051498956978321075,0.29073432087898254,0.9928304553031921,0.7351377606391907,0.725753664970398,0.9870485663414001,0.012951466254889965,0.02458820678293705,0.9974210858345032,0.8349387049674988,0.8310919404029846
9.0,4.0,0.9754813313484192,0.024519339203834534,0.024647174403071404,0.9972940683364868,0.7468096613883972,0.7443920969963074,0.9290804862976074,0.07091884315013885,0.6363436579704285,0.9878725409507751,0.7733281850814819,0.7630901336669922
10.0,0.0,0.9490563273429871,0.05094393342733383,0.277397483587265,0.9931742548942566,0.7682616114616394,0.7585853934288025,0.9508572220802307,0.049142464995384216,0.028137607499957085,0.996435821056366,0.5916413068771362,0.5592003464698792
10.0,1.0,0.9568992853164673,0.04310038313269615,0.2834644913673401,0.9932498931884766,0.7403700947761536,0.7327256202697754,0.9652585387229919,0.034741178154945374,0.02822161093354225,0.9971126317977905,0.8208000063896179,0.8139237761497498
10.0,2.0,0.9571279287338257,0.04287303239107132,0.26100796461105347,0.9935433864593506,0.781243085861206,0.7741143703460693,0.9814758896827698,0.018524356186389923,0.02297048270702362,0.9975853562355042,0.6300806999206543,0.6332342624664307
10.0,3.0,0.9531296491622925,0.04686963930726051,0.2921648621559143,0.9932762384414673,0.735508143901825,0.7283638715744019,0.9863871932029724,0.013613037765026093,0.026920022442936897,0.9973929524421692,0.8321223258972168,0.8285539746284485
10.0,4.0,0.977919340133667,0.02208135649561882,0.025831695646047592,0.9974230527877808,0.7476850152015686,0.7467826008796692,0.9311908483505249,0.06880924105644226,0.6326324939727783,0.9879652857780457,0.7777971625328064,0.7658297419548035
11.0,0.0,0.9560909271240234,0.043908268213272095,0.28020426630973816,0.9936105012893677,0.7726264595985413,0.7638522982597351,0.9708741903305054,0.029126005247235298,0.017409684136509895,0.997633695602417,0.5881417989730835,0.5835009813308716
11.0,1.0,0.9605068564414978,0.03949418291449547,0.28805702924728394,0.9936702251434326,0.74350506067276,0.7377474308013916,0.9329965710639954,0.06700290739536285,0.06523719429969788,0.9939112663269043,0.8321089744567871,0.7810718417167664
11.0,2.0,0.9579407572746277,0.04205979034304619,0.2817036509513855,0.9936208724975586,0.7809028625488281,0.7746723890304565,0.9786835312843323,0.021316470578312874,0.02556874416768551,0.9974507093429565,0.6346631050109863,0.626291811466217
11.0,3.0,0.9541838765144348,0.04581678658723831,0.2993992567062378,0.9933474063873291,0.7353882789611816,0.7281114459037781,0.986423134803772,0.013577081263065338,0.035079751163721085,0.99732506275177,0.8226466774940491,0.8293693661689758
11.0,4.0,0.976654589176178,0.02334587089717388,0.03165356442332268,0.9972900748252869,0.748492419719696,0.7459906935691833,0.9310300350189209,0.06897052377462387,0.6877140998840332,0.988021731376648,0.7729549407958984,0.7652776837348938
12.0,0.0,0.9572979807853699,0.04270260035991669,0.2659640312194824,0.9939290881156921,0.7733690738677979,0.7673021554946899,0.9776569604873657,0.022342784330248833,0.013143878430128098,0.9979763031005859,0.595622181892395,0.5949703454971313
12.0,1.0,0.9609686732292175,0.03903123363852501,0.2900707423686981,0.9937692880630493,0.7432193160057068,0.7376972436904907,0.9690340161323547,0.03096572309732437,0.03266867995262146,0.9971123933792114,0.8276447653770447,0.8184981346130371
12.0,2.0,0.9614956378936768,0.03850464150309563,0.2689268887042999,0.9940176010131836,0.7842150926589966,0.7787737250328064,0.9805181622505188,0.019481956958770752,0.02810281701385975,0.9975349307060242,0.6334875226020813,0.6306660771369934
12.0,3.0,0.9538391828536987,0.046161625534296036,0.29920440912246704,0.993472158908844,0.7360899448394775,0.7283535599708557,0.9893049001693726,0.010695753619074821,0.03439315780997276,0.9975745677947998,0.8337886929512024,0.8325483798980713
12.0,4.0,0.9777719974517822,0.02222846820950508,0.03111528605222702,0.9975013136863708,0.748513400554657,0.7467451095581055,0.9327320456504822,0.06726764142513275,0.658101499080658,0.988418459892273,0.7818765044212341,0.7658764123916626
13.0,0.0,0.9620542526245117,0.03794601559638977,0.24533909559249878,0.9943616986274719,0.7752935886383057,0.7721766233444214,0.935890257358551,0.06411034613847733,0.031268976628780365,0.9969510436058044,0.5669927597045898,0.5424550175666809
13.0,1.0,0.9641019701957703,0.03589871898293495,0.2593633234500885,0.9942308664321899,0.7464286088943481,0.7420032024383545,0.9739132523536682,0.02608683705329895,0.024679098278284073,0.9975184798240662,0.8331931233406067,0.8240466117858887
13.0,2.0,0.962955892086029,0.03704356402158737,0.24878011643886566,0.9943616986274719,0.784440279006958,0.7802951335906982,0.9847783446311951,0.015221506357192993,0.026711730286478996,0.9976235628128052,0.6380364298820496,0.6370689868927002
13.0,3.0,0.9604644775390625,0.03953605145215988,0.24756498634815216,0.9943112134933472,0.7418850064277649,0.736717939376831,0.9784688949584961,0.02153140865266323,0.043457645922899246,0.9969853758811951,0.8359920978546143,0.8221291899681091
13.0,4.0,0.9772701859474182,0.022729838266968727,0.050030119717121124,0.9972259998321533,0.750423014163971,0.7458964586257935,0.9348998069763184,0.06509970873594284,0.684967041015625,0.9884465932846069,0.7751142978668213,0.7692927122116089
14.0,0.0,0.965582549571991,0.034417882561683655,0.23410531878471375,0.9946596622467041,0.776948094367981,0.7738690972328186,0.9772303104400635,0.022769801318645477,0.013760551810264587,0.9980647563934326,0.5920025110244751,0.590539276599884
14.0,1.0,0.9652421474456787,0.03475788235664368,0.24286703765392303,0.994671106338501,0.7470640540122986,0.7438048124313354,0.9770918488502502,0.02290816232562065,0.03495008125901222,0.997481107711792,0.822023868560791,0.8284131288528442
14.0,2.0,0.9632540941238403,0.036746423691511154,0.22861944139003754,0.9947635531425476,0.7849157452583313,0.7816299796104431,0.985106348991394,0.014893642626702785,0.02603830210864544,0.9976973533630371,0.6366105675697327,0.637155294418335
14.0,3.0,0.9596191644668579,0.04038066044449806,0.2531094551086426,0.9943140745162964,0.7392985224723816,0.734927773475647,0.9893350601196289,0.010664508678019047,0.027730772271752357,0.9977068305015564,0.8367719054222107,0.832388162612915
14.0,4.0,0.9817459583282471,0.01825394481420517,0.02718862146139145,0.9977865815162659,0.7519315481185913,0.7504643201828003,0.9409834146499634,0.05901668593287468,0.5724108815193176,0.9902259111404419,0.7793521881103516,0.7749225497245789
15.0,0.0,0.9669212698936462,0.033078309148550034,0.22056497633457184,0.9950116276741028,0.7758442163467407,0.7739374041557312,0.9786951541900635,0.021304963156580925,0.0143718421459198,0.9979764223098755,0.5986589789390564,0.5917412042617798
15.0,1.0,0.9634389281272888,0.03656137362122536,0.2576020658016205,0.9944167137145996,0.7448107004165649,0.739948570728302,0.971175491809845,0.02882426418364048,0.026366595178842545,0.9977185130119324,0.8277842998504639,0.8199419379234314
15.0,2.0,0.9665653705596924,0.03343509882688522,0.23264682292938232,0.9949356317520142,0.7878016829490662,0.785193681716919,0.9851086139678955,0.014891910366714,0.02745760791003704,0.9977225661277771,0.637433648109436,0.6373381614685059
15.0,3.0,0.9643281102180481,0.0356716550886631,0.24863013625144958,0.9947063326835632,0.7407515645027161,0.7378873229026794,0.9896312355995178,0.010368670336902142,0.033461008220911026,0.9976266026496887,0.8356767892837524,0.8327233195304871
15.0,4.0,0.9837667942047119,0.016233626753091812,0.026515832170844078,0.9978235363960266,0.7521562576293945,0.7520797252655029,0.9448719620704651,0.05512791499495506,0.5693148970603943,0.990574836730957,0.7782474756240845,0.7792690396308899
16.0,0.0,0.9698311686515808,0.030168578028678894,0.21623331308364868,0.9952899813652039,0.7793689966201782,0.7765427827835083,0.9747037887573242,0.025296173989772797,0.01949714496731758,0.9977178573608398,0.5981252193450928,0.5892733931541443
16.0,1.0,0.967643141746521,0.03235829249024391,0.2417033314704895,0.9950287342071533,0.7461615204811096,0.7430295944213867,0.9745653867721558,0.02543485164642334,0.04143402725458145,0.9974016547203064,0.8205824494361877,0.824076235294342
16.0,2.0,0.9646853804588318,0.03531523421406746,0.23902970552444458,0.9948408007621765,0.786226212978363,0.7825354933738708,0.9264782667160034,0.07352142035961151,0.038896288722753525,0.9974327683448792,0.6224945187568665,0.6042738556861877
16.0,3.0,0.9603607058525085,0.039639052003622055,0.2599210739135742,0.9944530129432678,0.7402141094207764,0.735322117805481,0.9889200329780579,0.011080145835876465,0.02759253792464733,0.9976434111595154,0.8355492949485779,0.833023190498352
16.0,4.0,0.9837133884429932,0.016287384554743767,0.026746738702058792,0.9978821873664856,0.7535649538040161,0.7527269721031189,0.9433625340461731,0.05663808807730675,0.5365817546844482,0.9905660152435303,0.7853233218193054,0.7785712480545044
17.0,0.0,0.970660924911499,0.02933896891772747,0.21714623272418976,0.9953755736351013,0.7801529169082642,0.7781264781951904,0.9812467098236084,0.018753137439489365,0.01376332901418209,0.9981003403663635,0.604482889175415,0.5982446670532227
17.0,1.0,0.9676448106765747,0.032355163246393204,0.2473749816417694,0.9948703050613403,0.7478274703025818,0.7442095279693604,0.9690329432487488,0.03096664883196354,0.03501154109835625,0.9976080060005188,0.8234626054763794,0.81830233335495
17.0,2.0,0.9675570726394653,0.03244330361485481,0.23532003164291382,0.9950588941574097,0.7885057330131531,0.7857661843299866,0.981220543384552,0.01877916045486927,0.04841328412294388,0.9976950883865356,0.6373958587646484,0.6287156343460083
17.0,3.0,0.9652591347694397,0.03474017232656479,0.24650080502033234,0.9950932264328003,0.7422506213188171,0.7381236553192139,0.9902292490005493,0.009771056473255157,0.04037625342607498,0.9977446794509888,0.8344942927360535,0.8332781791687012
17.0,4.0,0.9824947118759155,0.017505284398794174,0.030582070350646973,0.997826337814331,0.7518933415412903,0.7512052059173584,0.9464443325996399,0.05355526879429817,0.5411854982376099,0.9911893010139465,0.7825761437416077,0.7816019654273987
18.0,0.0,0.9706461429595947,0.029354866594076157,0.22519508004188538,0.9952986836433411,0.7807832360267639,0.7782385945320129,0.9689232110977173,0.031076917424798012,0.019625000655651093,0.9978415369987488,0.5967544317245483,0.5789158344268799
18.0,1.0,0.9709117412567139,0.029088346287608147,0.24512211978435516,0.995159387588501,0.7485439777374268,0.7464151382446289,0.9741948246955872,0.025804992765188217,0.040359023958444595,0.9976926445960999,0.825838565826416,0.8235949277877808
18.0,2.0,0.9674221277236938,0.0325784757733345,0.2292713224887848,0.9952231049537659,0.7883590459823608,0.7847816348075867,0.9877972602844238,0.012202395126223564,0.033639613538980484,0.9979199171066284,0.6390759348869324,0.6397069096565247
18.0,3.0,0.9652313590049744,0.03476822376251221,0.2425534427165985,0.995076060295105,0.7424103021621704,0.7399835586547852,0.9903519749641418,0.009647690691053867,0.04274120181798935,0.9977644681930542,0.8362299203872681,0.8335905075073242
18.0,4.0,0.9825775623321533,0.01742224581539631,0.030039222911000252,0.9979183673858643,0.7518772482872009,0.7507877349853516,0.9494820833206177,0.05051848664879799,0.5438622832298279,0.9913292527198792,0.7893876433372498,0.7839207053184509
19.0,0.0,0.9695414900779724,0.030459033325314522,0.21589075028896332,0.9954414963722229,0.7818249464035034,0.7794079184532166,0.9763464331626892,0.02365357056260109,0.012579073198139668,0.9980851411819458,0.5968067646026611,0.594035267829895
19.0,1.0,0.970650851726532,0.02934948168694973,0.24325276911258698,0.9952762722969055,0.749459445476532,0.7468281984329224,0.9704118967056274,0.02958860620856285,0.03903106972575188,0.9973458051681519,0.8300778865814209,0.8222465515136719
19.0,2.0,0.9688014388084412,0.03119960054755211,0.2332783043384552,0.9953692555427551,0.7896643280982971,0.7878088355064392,0.985116720199585,0.014883428812026978,0.02641511708498001,0.9977902770042419,0.6377719044685364,0.6364831328392029
19.0,3.0,0.9666804075241089,0.03331950679421425,0.2432161122560501,0.9952141642570496,0.7457611560821533,0.7424442768096924,0.9838442206382751,0.016155295073986053,0.04832048341631889,0.9974464774131775,0.8350077867507935,0.8246855735778809
19.0,4.0,0.9810148477554321,0.018985429778695107,0.030851267278194427,0.9979664087295532,0.7516845464706421,0.7502288222312927,0.9399166703224182,0.06008327007293701,0.703750729560852,0.9894344210624695,0.7876748442649841,0.7738166451454163
20.0,0.0,0.9712483882904053,0.02875087410211563,0.22608807682991028,0.9954788088798523,0.7810286283493042,0.7780539393424988,0.9791812300682068,0.020818961784243584,0.012966831214725971,0.9981324076652527,0.6077961325645447,0.5955280661582947
20.0,1.0,0.9725805521011353,0.027419451624155045,0.230312317609787,0.9954574108123779,0.7517452239990234,0.7492170333862305,0.9786858558654785,0.02131393738090992,0.03486064076423645,0.99784255027771,0.835796594619751,0.8302525877952576
20.0,2.0,0.9681295156478882,0.031870778650045395,0.22641777992248535,0.9954237937927246,0.7900460958480835,0.7863438129425049,0.9754711985588074,0.024528808891773224,0.02828332968056202,0.9979063272476196,0.6344426870346069,0.6279256343841553
20.0,3.0,0.9701497554779053,0.02985035628080368,0.231646329164505,0.9953866004943848,0.7481724619865417,0.74540114402771,0.9908065795898438,0.009193486534059048,0.030738456174731255,0.9978627562522888,0.8371217846870422,0.8341658115386963
20.0,4.0,0.9867017865180969,0.013298976235091686,0.02575874887406826,0.9981024265289307,0.7563354969024658,0.7560214996337891,0.9520873427391052,0.04791276156902313,0.5362464785575867,0.9917590022087097,0.7878307104110718,0.7864063382148743
21.0,0.0,0.971686065196991,0.02831396274268627,0.21784868836402893,0.9955888986587524,0.782909095287323,0.7796505093574524,0.9823442101478577,0.01765586994588375,0.013090740889310837,0.9984464645385742,0.5968132019042969,0.5960050225257874
21.0,1.0,0.9696274399757385,0.030373303219676018,0.24449993669986725,0.9952577352523804,0.7510194778442383,0.7473177313804626,0.9755975604057312,0.024402564391493797,0.029665935784578323,0.9979472160339355,0.8340809345245361,0.8266538977622986
21.0,2.0,0.9707117080688477,0.029288917779922485,0.22831304371356964,0.9954411387443542,0.7916852831840515,0.7882572412490845,0.988759458065033,0.011240453459322453,0.02711823768913746,0.9981355667114258,0.6395970582962036,0.6403332948684692
21.0,3.0,0.969695508480072,0.03030424192547798,0.23563744127750397,0.9954389333724976,0.7481132745742798,0.7452205419540405,0.9901494383811951,0.00985080748796463,0.039627499878406525,0.9978147149085999,0.8370044827461243,0.8330812454223633
21.0,4.0,0.9870465993881226,0.012952601537108421,0.027209840714931488,0.998155951499939,0.7550902366638184,0.754814088344574,0.9513525366783142,0.04864718019962311,0.5868642330169678,0.9913966059684753,0.7821592688560486,0.7859413623809814
22.0,0.0,0.9724403023719788,0.02755977213382721,0.2168152928352356,0.9956042170524597,0.7845202088356018,0.7804521322250366,0.964385449886322,0.035614751279354095,0.020746061578392982,0.9977741837501526,0.5998840928077698,0.5749958157539368
22.0,1.0,0.973746120929718,0.026254674419760704,0.22671115398406982,0.9956389665603638,0.7533613443374634,0.7500630617141724,0.9789952635765076,0.021004710346460342,0.029002930968999863,0.9980607628822327,0.8314011693000793,0.8291000127792358
22.0,2.0,0.971553385257721,0.028447367250919342,0.21471227705478668,0.9957082271575928,0.7920528650283813,0.7883647084236145,0.9895632863044739,0.01043632160872221,0.025981705635786057,0.9981836080551147,0.6416702270507812,0.6411092281341553
22.0,3.0,0.9678576588630676,0.03214253485202789,0.23447151482105255,0.995378315448761,0.7469732165336609,0.7436985373497009,0.9915350675582886,0.008464789018034935,0.033381346613168716,0.9978455901145935,0.8368251323699951,0.8344066739082336
22.0,4.0,0.9860830903053284,0.013916850090026855,0.028728850185871124,0.9980750679969788,0.7563633322715759,0.7554779052734375,0.9537182450294495,0.04628188535571098,0.5062743425369263,0.9920694828033447,0.792198896408081,0.7888079881668091
23.0,0.0,0.9752879738807678,0.024712558835744858,0.20008008182048798,0.9959642887115479,0.7862816452980042,0.7828364372253418,0.9827293753623962,0.01727139763534069,0.012018860317766666,0.9985052943229675,0.5958597660064697,0.5957030057907104
23.0,1.0,0.9751491546630859,0.02485020086169243,0.21583881974220276,0.9958012104034424,0.7541358470916748,0.751172661781311,0.9855687022209167,0.014431376941502094,0.026195459067821503,0.9981938004493713,0.8363818526268005,0.8392223119735718
23.0,2.0,0.970639705657959,0.029360903427004814,0.2170814871788025,0.9956250190734863,0.7911366820335388,0.7872272729873657,0.9890792369842529,0.010921391658484936,0.032195959240198135,0.9981915950775146,0.636826753616333,0.6399297714233398
23.0,3.0,0.9706435203552246,0.029356203973293304,0.21908901631832123,0.9956742525100708,0.7497240304946899,0.7448213696479797,0.9903061389923096,0.009693457745015621,0.03368683531880379,0.9978764653205872,0.8363747596740723,0.8332952857017517
23.0,4.0,0.9848052859306335,0.015193993225693703,0.029732832685112953,0.9980507493019104,0.7557206749916077,0.7539955973625183,0.9537947773933411,0.046205006539821625,0.5273627638816833,0.9919875264167786,0.7900174856185913,0.787964403629303
24.0,0.0,0.9745240211486816,0.025475438684225082,0.19836993515491486,0.9959971308708191,0.7852429747581482,0.7815868258476257,0.9714054465293884,0.0285944826900959,0.023579729720950127,0.9981597065925598,0.5949718952178955,0.5807567834854126
24.0,1.0,0.9735733866691589,0.02642703615128994,0.2187492400407791,0.9957114458084106,0.754445493221283,0.7496108412742615,0.9670323729515076,0.032967619597911835,0.03557851165533066,0.9979522228240967,0.8275182247161865,0.8156430721282959
24.0,2.0,0.9706944823265076,0.029305456206202507,0.2053234726190567,0.9958104491233826,0.792983889579773,0.7876440286636353,0.9900606870651245,0.009939612820744514,0.02678070031106472,0.9982695579528809,0.6412451863288879,0.6414122581481934
24.0,3.0,0.973268449306488,0.02673192135989666,0.21201357245445251,0.9958494901657104,0.7521399259567261,0.7476316094398499,0.9907330870628357,0.009267306886613369,0.029429391026496887,0.997873842716217,0.837547242641449,0.833176851272583
24.0,4.0,0.9870555400848389,0.012944764457643032,0.027330467477440834,0.9982002973556519,0.7572507262229919,0.7562732100486755,0.9562217593193054,0.04377847537398338,0.47062253952026367,0.9925721883773804,0.7988674640655518,0.7905997037887573
25.0,0.0,0.9766732454299927,0.02332674339413643,0.19439829885959625,0.9960830807685852,0.7881922125816345,0.7843529582023621,0.9754533171653748,0.024546584114432335,0.025402285158634186,0.9978482723236084,0.6017528176307678,0.5867785215377808
25.0,1.0,0.9747756719589233,0.025223923847079277,0.20961296558380127,0.9959293603897095,0.7534846067428589,0.7503767609596252,0.9790758490562439,0.020924389362335205,0.03751373291015625,0.9980055689811707,0.8222248554229736,0.8322243094444275
25.0,2.0,0.9757128357887268,0.02428790181875229,0.19695040583610535,0.9960178136825562,0.7969072461128235,0.7929391860961914,0.9831362962722778,0.016863945871591568,0.03602826967835426,0.9978868961334229,0.6328476071357727,0.6360511779785156
25.0,3.0,0.9730773568153381,0.026921940967440605,0.2056039273738861,0.9959355592727661,0.7512323260307312,0.7468383312225342,0.9899367690086365,0.010063227266073227,0.03822161257266998,0.9978718757629395,0.8370678424835205,0.8330388069152832
25.0,4.0,0.9857487678527832,0.014250832609832287,0.02804744616150856,0.9981759190559387,0.7556154131889343,0.7542881965637207,0.9566443562507629,0.04335590824484825,0.47502171993255615,0.9925397634506226,0.7948169112205505,0.7915502190589905
26.0,0.0,0.9751902222633362,0.02480955794453621,0.1782158762216568,0.9962024092674255,0.7891331911087036,0.7850015759468079,0.9836798906326294,0.016320178285241127,0.011795519851148129,0.9985702037811279,0.6000557541847229,0.6018644571304321
26.0,1.0,0.9738364815711975,0.02616344951093197,0.19906927645206451,0.9958475232124329,0.7555387616157532,0.7502139806747437,0.9823803305625916,0.017619628459215164,0.03260297328233719,0.9981405138969421,0.8318787217140198,0.8329087495803833
26.0,2.0,0.9754857420921326,0.024514392018318176,0.18103644251823425,0.9961446523666382,0.7963181734085083,0.7933933734893799,0.9910708665847778,0.008929328061640263,0.02693292312324047,0.9984075427055359,0.6417615413665771,0.6422087550163269
26.0,3.0,0.9735061526298523,0.02649570442736149,0.16196173429489136,0.9963008761405945,0.7517344355583191,0.7485983967781067,0.9914501905441284,0.00854970421642065,0.029549947008490562,0.9979987740516663,0.834491491317749,0.8344017863273621
26.0,4.0,0.9836205244064331,0.01637934520840645,0.03153804689645767,0.9980134963989258,0.7549818754196167,0.7535679936408997,0.9546220898628235,0.04537836089730263,0.45185238122940063,0.9923666715621948,0.8007091879844666,0.7897941470146179
27.0,0.0,0.9775795340538025,0.022421490401029587,0.14843256771564484,0.9965389966964722,0.7887234687805176,0.7855648994445801,0.9844645857810974,0.015535566955804825,0.011795968748629093,0.9984779953956604,0.6005117893218994,0.5975754261016846
27.0,1.0,0.9765788912773132,0.023421533405780792,0.16702589392662048,0.9962790608406067,0.7555668354034424,0.7524673938751221,0.9827427268028259,0.0172575693577528,0.02848903089761734,0.997767984867096,0.8459610342979431,0.8370681405067444
27.0,2.0,0.9756512641906738,0.024349110201001167,0.14705316722393036,0.9964331984519958,0.7963136434555054,0.7930510640144348,0.9909473657608032,0.009052347391843796,0.025816164910793304,0.9984680414199829,0.6418235898017883,0.6421326994895935
27.0,3.0,0.9765594005584717,0.02344096079468727,0.13316941261291504,0.9966835379600525,0.7531453371047974,0.7504791021347046,0.9903168082237244,0.009682978503406048,0.058413658291101456,0.9974945783615112,0.8310447931289673,0.8332018852233887
27.0,4.0,0.9863556623458862,0.013644508086144924,0.028279881924390793,0.998214066028595,0.7556169629096985,0.754593014717102,0.9642578363418579,0.03574245423078537,0.2775299549102783,0.9944490790367126,0.8012152314186096,0.7988902926445007
28.0,0.0,0.9791554808616638,0.02084416337311268,0.1169862225651741,0.9969002604484558,0.7886918783187866,0.7866895794868469,0.9861113429069519,0.01388873253017664,0.011888662353157997,0.9985312819480896,0.5999580025672913,0.6028329133987427
28.0,1.0,0.9787765741348267,0.02122427336871624,0.12299170345067978,0.9968450665473938,0.756298303604126,0.7546818852424622,0.9772638082504272,0.022736018523573875,0.05758727341890335,0.9976369142532349,0.8263326287269592,0.8281962275505066
28.0,2.0,0.9764430522918701,0.023557087406516075,0.11362776905298233,0.9968248605728149,0.795839250087738,0.7935183048248291,0.9915069937705994,0.00849248468875885,0.025269854813814163,0.9984861016273499,0.6430767178535461,0.6425734162330627
28.0,3.0,0.9779810309410095,0.022019462659955025,0.10827987641096115,0.9970300197601318,0.7532036900520325,0.7519127130508423,0.9909595847129822,0.009040760807693005,0.03878246247768402,0.9979466199874878,0.830333948135376,0.834007740020752
28.0,4.0,0.9881527423858643,0.011847494170069695,0.027165411040186882,0.9983112812042236,0.7575981020927429,0.7569797039031982,0.9661261439323425,0.033874042332172394,0.2604913115501404,0.9946969151496887,0.8011844754219055,0.8005997538566589
29.0,0.0,0.9783065319061279,0.021694496273994446,0.1045740619301796,0.9970425963401794,0.787947952747345,0.7859216332435608,0.9874557256698608,0.012544265016913414,0.012508475221693516,0.998600959777832,0.6024343371391296,0.6027906537055969
29.0,1.0,0.9806011915206909,0.019399331882596016,0.09947403520345688,0.9971131086349487,0.7576460242271423,0.7568498253822327,0.9857937097549438,0.014205634593963623,0.030280431732535362,0.9982923269271851,0.8380418419837952,0.8374139070510864
29.0,2.0,0.980736494064331,0.019263774156570435,0.0927218571305275,0.9971801042556763,0.7988342642784119,0.7980571985244751,0.9903843402862549,0.009616237133741379,0.029617244377732277,0.9984506964683533,0.6419191956520081,0.6416945457458496
29.0,3.0,0.9771842360496521,0.022815657779574394,0.10691630095243454,0.9970026016235352,0.753139317035675,0.7522567510604858,0.9915844798088074,0.00841572042554617,0.04343758895993233,0.9978981614112854,0.8316106796264648,0.8345945477485657
29.0,4.0,0.9871954917907715,0.012803849764168262,0.029389197006821632,0.9982556700706482,0.7562164664268494,0.7555242776870728,0.9679198265075684,0.032079413533210754,0.2245856374502182,0.9952810406684875,0.8024290204048157,0.8020903468132019
30.0,0.0,0.981864333152771,0.01813686452805996,0.08038133382797241,0.9974894523620605,0.7902193665504456,0.7890452146530151,0.9857099056243896,0.014289840124547482,0.012881265953183174,0.9986448287963867,0.5984213352203369,0.6021025776863098
30.0,1.0,0.9844114780426025,0.015588711015880108,0.07059480249881744,0.9976030588150024,0.761393666267395,0.7605801224708557,0.9826153516769409,0.01738487184047699,0.028623953461647034,0.9984172582626343,0.8363520503044128,0.8330865502357483
30.0,2.0,0.9833216667175293,0.016679132357239723,0.06867539882659912,0.997639000415802,0.8018646836280823,0.8003841638565063,0.9919795989990234,0.008020586334168911,0.025233235210180283,0.9985668659210205,0.6415730118751526,0.6429610848426819
30.0,3.0,0.9831901788711548,0.01680929586291313,0.06961116939783096,0.9976707100868225,0.7582377791404724,0.7575439214706421,0.993472695350647,0.006527295336127281,0.026632923632860184,0.9983125329017639,0.8366592526435852,0.8364689350128174
30.0,4.0,0.991188645362854,0.008811498060822487,0.023214932531118393,0.9984941482543945,0.7602004408836365,0.7596027255058289,0.974762499332428,0.025237737223505974,0.13249285519123077,0.9964852333068848,0.8109703063964844,0.8092805743217468
31.0,0.0,0.9853838086128235,0.014615686610341072,0.06340540200471878,0.9977628588676453,0.7936092019081116,0.7928751111030579,0.9901456832885742,0.009854321368038654,0.011399820446968079,0.9987292885780334,0.60738605260849,0.6064730286598206
31.0,1.0,0.9855160117149353,0.01448387186974287,0.06559918820858002,0.9977331757545471,0.7624634504318237,0.7617909908294678,0.9890711903572083,0.010929432697594166,0.026181254535913467,0.9985017776489258,0.8422043919563293,0.841464638710022
31.0,2.0,0.9848869442939758,0.015113196335732937,0.06382367759943008,0.9977532625198364,0.8030503988265991,0.8021634817123413,0.9922242760658264,0.007775480858981609,0.02365129254758358,0.9986120462417603,0.6426407098770142,0.6432408690452576
31.0,3.0,0.9843142032623291,0.015686102211475372,0.06486479192972183,0.997790515422821,0.7596718072891235,0.7589922547340393,0.9937108755111694,0.0062892502173781395,0.025886358693242073,0.9983444809913635,0.8371267318725586,0.8366456031799316
31.0,4.0,0.9918781518936157,0.008121342398226261,0.023330576717853546,0.9985173344612122,0.7603650689125061,0.7602618932723999,0.9756191372871399,0.02438097819685936,0.11976780742406845,0.9966733455657959,0.8119366765022278,0.8097544312477112
32.0,0.0,0.9862998127937317,0.013700991868972778,0.0605282336473465,0.9978543519973755,0.7942633628845215,0.7939823269844055,0.9904484152793884,0.009551630355417728,0.011161664500832558,0.998742401599884,0.6083862781524658,0.6067997217178345
32.0,1.0,0.9858283996582031,0.014171291142702103,0.06241101399064064,0.997819721698761,0.7626628279685974,0.7621098756790161,0.990669310092926,0.009330847300589085,0.026361133903265,0.9985014200210571,0.8431620597839355,0.8435478210449219
32.0,2.0,0.985920786857605,0.014080435037612915,0.06102703884243965,0.9978294372558594,0.8036987781524658,0.8032581806182861,0.9923645853996277,0.007635732647031546,0.02425401471555233,0.9986284971237183,0.6426379084587097,0.6433112621307373
32.0,3.0,0.9850573539733887,0.014942759647965431,0.06260179728269577,0.9978609681129456,0.7605602741241455,0.7598013877868652,0.9937644600868225,0.006235247012227774,0.026800217106938362,0.9983510375022888,0.8369930386543274,0.8366999626159668
32.0,4.0,0.992173969745636,0.007826433517038822,0.023458698764443398,0.9985387921333313,0.7608835101127625,0.7606791257858276,0.9769467115402222,0.023052671924233437,0.11720605939626694,0.9968622326850891,0.8113305568695068,0.8112160563468933
33.0,0.0,0.986738920211792,0.013260610401630402,0.058490872383117676,0.9979087710380554,0.794679582118988,0.7943468689918518,0.9905538558959961,0.009446107782423496,0.011446980759501457,0.9987499713897705,0.6074587106704712,0.6066917181015015
33.0,1.0,0.9861478209495544,0.013851312920451164,0.06037589907646179,0.9978771805763245,0.7631805539131165,0.762444794178009,0.9909429550170898,0.009057203307747841,0.02570236660540104,0.9985411167144775,0.8443303108215332,0.8438114523887634
33.0,2.0,0.9861844778060913,0.01381511427462101,0.05879805237054825,0.9978864789009094,0.804283857345581,0.8036106824874878,0.9924269318580627,0.0075730737298727036,0.0240813959389925,0.9986403584480286,0.6432444453239441,0.6434188485145569
33.0,3.0,0.9850289225578308,0.014971221797168255,0.06089271232485771,0.9979081749916077,0.7598467469215393,0.7597367167472839,0.9938929677009583,0.006107282359153032,0.025753743946552277,0.9983880519866943,0.8373804688453674,0.8368574380874634
33.0,4.0,0.9922229647636414,0.0077775465324521065,0.02331540174782276,0.9985506534576416,0.7609379887580872,0.760714590549469,0.9777221083641052,0.02227807231247425,0.1099320575594902,0.9970069527626038,0.8127222061157227,0.8121858835220337
34.0,0.0,0.9870765805244446,0.012923129834234715,0.05710102245211601,0.9979560375213623,0.7949276566505432,0.7947231531143188,0.9907830357551575,0.009216822683811188,0.011441628448665142,0.9987660646438599,0.6085607409477234,0.6069658994674683
34.0,1.0,0.9865731000900269,0.013426859863102436,0.05873539671301842,0.9979177117347717,0.7631470561027527,0.7628251910209656,0.990800142288208,0.009199768304824829,0.02767326682806015,0.9985262751579285,0.8419956564903259,0.84355628490448
34.0,2.0,0.9864994287490845,0.01350089069455862,0.05688603222370148,0.9979361295700073,0.8043249845504761,0.8039807081222534,0.9925158023834229,0.007484235800802708,0.024393556639552116,0.998660147190094,0.6429718136787415,0.6435204148292542
34.0,3.0,0.9857165217399597,0.01428426057100296,0.05903613567352295,0.9979608058929443,0.7606019377708435,0.7603803277015686,0.9939612746238708,0.00603841058909893,0.02618166245520115,0.9983983635902405,0.8373046517372131,0.8368933796882629
34.0,4.0,0.9923465847969055,0.007653150707483292,0.023825161159038544,0.9985604882240295,0.7610759735107422,0.7608006596565247,0.9780787825584412,0.021920744329690933,0.10876330733299255,0.9970449209213257,0.8130504488945007,0.8125569224357605
35.0,0.0,0.9872068166732788,0.012793912552297115,0.05511781573295593,0.9979984164237976,0.7948441505432129,0.7947742938995361,0.9908688068389893,0.009131004102528095,0.011438403278589249,0.998755156993866,0.6092215776443481,0.6070087552070618
35.0,1.0,0.9868094325065613,0.01318984106183052,0.05646283179521561,0.9979649782180786,0.7636076807975769,0.763092577457428,0.991317093372345,0.008682887069880962,0.026750195771455765,0.9985546469688416,0.8437591791152954,0.844035804271698
35.0,2.0,0.9867920279502869,0.013208546675741673,0.05590786784887314,0.9979652762413025,0.8047289848327637,0.8041747808456421,0.9926205277442932,0.007379778660833836,0.023557843640446663,0.9986775517463684,0.6433671712875366,0.6435648798942566
35.0,3.0,0.985959529876709,0.014041208662092686,0.05747973918914795,0.9979970455169678,0.760833203792572,0.7605356574058533,0.9938318133354187,0.006168210878968239,0.02737301029264927,0.9983813166618347,0.8367820382118225,0.8367475271224976
35.0,4.0,0.9923598766326904,0.00763991754502058,0.023611852899193764,0.9985683560371399,0.7610958814620972,0.7609006762504578,0.9781125783920288,0.021887628361582756,0.10283432900905609,0.9971200227737427,0.8135092258453369,0.8128241896629333
36.0,0.0,0.9874270558357239,0.012572811916470528,0.05391714721918106,0.9980399012565613,0.7951937913894653,0.7949583530426025,0.9910529255867004,0.008947302587330341,0.010932006873190403,0.9987814426422119,0.6082652807235718,0.6072493195533752
36.0,1.0,0.9870827198028564,0.012917815707623959,0.055252060294151306,0.997999370098114,0.7637329697608948,0.7633935809135437,0.9901388883590698,0.009860909543931484,0.02648814022541046,0.9985642433166504,0.8415024876594543,0.843010425567627
36.0,2.0,0.9869539737701416,0.0130452336743474,0.05490490049123764,0.9979988932609558,0.8045827746391296,0.8043166995048523,0.992671549320221,0.007328073028475046,0.024001846089959145,0.9986857175827026,0.6432305574417114,0.6436497569084167
36.0,3.0,0.9862436652183533,0.013756314292550087,0.05616392567753792,0.998030960559845,0.7617264986038208,0.7608788013458252,0.9940650463104248,0.005934423767030239,0.026216300204396248,0.9984245300292969,0.8367714285850525,0.8369875550270081
36.0,4.0,0.9926186800003052,0.007380995899438858,0.02339368872344494,0.9985895156860352,0.7611074447631836,0.7610206007957458,0.9784907102584839,0.021508479490876198,0.10641182214021683,0.997139573097229,0.8125694990158081,0.8129339814186096
37.0,0.0,0.9876939058303833,0.012306172400712967,0.05354757606983185,0.9980592727661133,0.7958577871322632,0.7952827215194702,0.9893864989280701,0.010613510385155678,0.014133434742689133,0.9986400008201599,0.6028178930282593,0.6055088639259338
37.0,1.0,0.987433135509491,0.01256565097719431,0.0541963204741478,0.998038649559021,0.7642073035240173,0.7638019919395447,0.9893901348114014,0.010610392317175865,0.027726303786039352,0.9985630512237549,0.8400917649269104,0.8427194952964783
37.0,2.0,0.9869331121444702,0.013066662475466728,0.05471315607428551,0.9980198740959167,0.8049043416976929,0.8042458295822144,0.9927287697792053,0.007271216716617346,0.023532072082161903,0.9986981749534607,0.6436948776245117,0.6437332630157471
37.0,3.0,0.9864321351051331,0.013567611575126648,0.055316537618637085,0.998063862323761,0.7616590261459351,0.7611361145973206,0.9940931797027588,0.005906795151531696,0.025577569380402565,0.9984411001205444,0.8377076387405396,0.8370381593704224
37.0,4.0,0.9927412271499634,0.007258415222167969,0.023306412622332573,0.998603343963623,0.7613570690155029,0.761132001876831,0.9795153141021729,0.02048461325466633,0.09855435788631439,0.9972776174545288,0.8155988454818726,0.8140072226524353
38.0,0.0,0.9878908395767212,0.012108824215829372,0.05245036631822586,0.998087465763092,0.7958892583847046,0.7954754829406738,0.9911699891090393,0.008829858154058456,0.011235648766160011,0.99876868724823,0.6096500158309937,0.6073891520500183
38.0,1.0,0.9874941110610962,0.012504643760621548,0.054107945412397385,0.9980599284172058,0.7645118236541748,0.7638640403747559,0.9915415644645691,0.008458314463496208,0.027920980006456375,0.9985742568969727,0.8432864546775818,0.8441691994667053
38.0,2.0,0.9873745441436768,0.012625643983483315,0.05362454429268837,0.998052179813385,0.8054590225219727,0.8047134280204773,0.9927256107330322,0.007274253759533167,0.023079004138708115,0.9986907839775085,0.6441259384155273,0.6436688899993896
38.0,3.0,0.986740231513977,0.013259191066026688,0.05484536662697792,0.9980919361114502,0.7617918252944946,0.7613402605056763,0.9942259788513184,0.005774150602519512,0.026097232475876808,0.9984631538391113,0.8375701904296875,0.8372009992599487
38.0,4.0,0.992743730545044,0.007256677374243736,0.023354409262537956,0.9986098408699036,0.7612817287445068,0.7611151337623596,0.9794785380363464,0.020521868020296097,0.09636261314153671,0.9972889423370361,0.815544068813324,0.8138440251350403
39.0,0.0,0.9877217411994934,0.012278061360120773,0.051906146109104156,0.9981094002723694,0.795374870300293,0.7955033183097839,0.9914588332176208,0.00854103360325098,0.011234598234295845,0.9988203048706055,0.6089420318603516,0.6076723337173462
39.0,1.0,0.9877192378044128,0.012280470691621304,0.05335323512554169,0.9980974793434143,0.7642682790756226,0.7641009092330933,0.9917124509811401,0.008287740871310234,0.026944415643811226,0.9986066222190857,0.8440565466880798,0.8442840576171875
39.0,2.0,0.9877222776412964,0.012277635745704174,0.0528830848634243,0.9980904459953308,0.8054091334342957,0.8051230311393738,0.9928613305091858,0.0071386001072824,0.024675877764821053,0.998708188533783,0.6428684592247009,0.6437537670135498
39.0,3.0,0.9868721961975098,0.013127289712429047,0.055157702416181564,0.9981098771095276,0.7616272568702698,0.7615005373954773,0.9943004250526428,0.005699302535504103,0.025647694244980812,0.9984768629074097,0.8377510905265808,0.8372783660888672
39.0,4.0,0.9928699135780334,0.0071314554661512375,0.02325388230383396,0.9986231923103333,0.7614291310310364,0.7612758278846741,0.9802404642105103,0.01975931227207184,0.09749720245599747,0.9973690509796143,0.8142490983009338,0.8147304058074951
40.0,0.0,0.9883037209510803,0.011696836911141872,0.05265643820166588,0.9981276988983154,0.795632541179657,0.7959397435188293,0.9911795258522034,0.008820624090731144,0.011254066601395607,0.9987682700157166,0.6099141240119934,0.6072211265563965
40.0,1.0,0.9879605770111084,0.01203958410769701,0.053065408021211624,0.9981068968772888,0.764483630657196,0.7643404603004456,0.9917977452278137,0.008202079683542252,0.025886215269565582,0.9986199736595154,0.8442930579185486,0.8445491790771484
40.0,2.0,0.9877397418022156,0.01226064469665289,0.052158985286951065,0.9981057643890381,0.8058655261993408,0.8051732182502747,0.9928688406944275,0.007130851969122887,0.024436576291918755,0.9987146854400635,0.6428495645523071,0.6438084840774536
40.0,3.0,0.9867133498191833,0.013286824338138103,0.054700400680303574,0.9981244206428528,0.7614198923110962,0.7614104747772217,0.9943702220916748,0.005629954859614372,0.025387849658727646,0.9984937906265259,0.8375833034515381,0.83732008934021
40.0,4.0,0.9929453134536743,0.0070557561703026295,0.023110419511795044,0.998634934425354,0.7614642977714539,0.7613356113433838,0.9803298115730286,0.019669799134135246,0.09548266232013702,0.997418224811554,0.8148157000541687,0.814900815486908
41.0,0.0,0.9884191751480103,0.01158031728118658,0.05097508803009987,0.9981637597084045,0.7964206337928772,0.796059787273407,0.9916170835494995,0.008382805623114109,0.011197204701602459,0.9988327026367188,0.6090837121009827,0.6077935695648193
41.0,1.0,0.9879342913627625,0.012065501883625984,0.053039439022541046,0.9981232285499573,0.7641979455947876,0.764370322227478,0.9918762445449829,0.008124000392854214,0.02515680529177189,0.9986196756362915,0.8446319103240967,0.8445648550987244
41.0,2.0,0.9866923689842224,0.013307075016200542,0.05660426616668701,0.9980630278587341,0.8040890693664551,0.8049136400222778,0.9929676055908203,0.00703213969245553,0.023399602621793747,0.9987373948097229,0.6438023447990417,0.6439447999000549
41.0,3.0,0.9872552752494812,0.012745733372867107,0.053468748927116394,0.9981508851051331,0.7620791792869568,0.7620589733123779,0.9943217635154724,0.005677873268723488,0.025989653542637825,0.9984762668609619,0.8376628756523132,0.837267279624939
41.0,4.0,0.9930127859115601,0.006987405940890312,0.023136081174016,0.9986466765403748,0.7615731954574585,0.7613893151283264,0.9806124567985535,0.019387848675251007,0.09432294964790344,0.9974333643913269,0.8144224286079407,0.815248429775238
42.0,0.0,0.9884312152862549,0.01156988088041544,0.052138131111860275,0.9981549978256226,0.795508623123169,0.7961855530738831,0.9917434453964233,0.008256553672254086,0.011032236739993095,0.9988475441932678,0.6089219450950623,0.6078307628631592
42.0,1.0,0.9882274270057678,0.011772760190069675,0.05237023904919624,0.9981440901756287,0.7643806338310242,0.7647161483764648,0.991906464099884,0.008093349635601044,0.025536291301250458,0.9986412525177002,0.8450206518173218,0.8446226119995117
42.0,2.0,0.9885307550430298,0.011468584649264812,0.05318469926714897,0.9981259107589722,0.8061380386352539,0.8063488006591797,0.9929538369178772,0.007046323269605637,0.02400401048362255,0.998744785785675,0.6438551545143127,0.6439587473869324
42.0,3.0,0.9866380095481873,0.013363352976739407,0.05471830070018768,0.9981510639190674,0.7613425254821777,0.7623546123504639,0.9944251179695129,0.0055752950720489025,0.025796856731176376,0.9985071420669556,0.8375639319419861,0.8374119400978088
42.0,4.0,0.9930711984634399,0.006928159389644861,0.023103488609194756,0.9986507296562195,0.7616102695465088,0.7614463567733765,0.9810011982917786,0.018998658284544945,0.09323638677597046,0.9974418878555298,0.8161979913711548,0.8170742392539978
43.0,0.0,0.9884098768234253,0.011590305715799332,0.05047294870018959,0.9981827139854431,0.7963352799415588,0.7963793873786926,0.9917498230934143,0.0082504041492939,0.010927543044090271,0.9988501667976379,0.6088916063308716,0.6078035235404968
43.0,1.0,0.9884006977081299,0.011599352583289146,0.051694899797439575,0.9981591105461121,0.7649211287498474,0.76475989818573,0.9917687773704529,0.008231207728385925,0.02703028917312622,0.9986413717269897,0.8439733386039734,0.844115138053894
43.0,2.0,0.988425612449646,0.011574084870517254,0.05091499164700508,0.9981645345687866,0.8060896992683411,0.8058726787567139,0.9930535554885864,0.0069464403204619884,0.023900840431451797,0.998749852180481,0.6437696218490601,0.6440654993057251
43.0,3.0,0.9874684810638428,0.012530914507806301,0.05350245162844658,0.9981774091720581,0.7619883418083191,0.7621608376502991,0.9944249987602234,0.005574654322117567,0.026429153978824615,0.9985017776489258,0.8375446796417236,0.8374133706092834
43.0,4.0,0.9931063652038574,0.006893305107951164,0.023236814886331558,0.9986588358879089,0.7616416811943054,0.7615142464637756,0.9814772009849548,0.018523434177041054,0.09292693436145782,0.997515082359314,0.8146677017211914,0.8161329627037048
44.0,0.0,0.9888336658477783,0.011166374199092388,0.049798328429460526,0.9982122778892517,0.7962849736213684,0.7964577078819275,0.9918648600578308,0.008135227486491203,0.010746872052550316,0.9988598227500916,0.6091085076332092,0.6078904867172241
44.0,1.0,0.9884882569313049,0.011511793360114098,0.05201452225446701,0.9981673359870911,0.7649372220039368,0.765005350112915,0.9921594262123108,0.007840363308787346,0.024705374613404274,0.9986542463302612,0.845077633857727,0.8447625041007996
44.0,2.0,0.9884740710258484,0.011526772752404213,0.050808053463697433,0.9981871843338013,0.8060562610626221,0.8059169054031372,0.9931308627128601,0.006868694443255663,0.02338782325387001,0.9987561702728271,0.6438490152359009,0.6440814137458801
44.0,3.0,0.9877821803092957,0.012218000367283821,0.0532056987285614,0.9982012510299683,0.7621958255767822,0.7624502182006836,0.9945198893547058,0.0054806191474199295,0.02560391277074814,0.9985244274139404,0.8377575278282166,0.8374899625778198
44.0,4.0,0.9931624531745911,0.006836828775703907,0.02301345020532608,0.9986675381660461,0.7616832852363586,0.7615376114845276,0.9820148944854736,0.017985045909881592,0.0935746505856514,0.9975543022155762,0.8155844807624817,0.8166187405586243
45.0,0.0,0.9889100790023804,0.011089155450463295,0.04978045076131821,0.998219907283783,0.7964005470275879,0.7965187430381775,0.9919748306274414,0.00802510417997837,0.011229125782847404,0.9988759160041809,0.6088971495628357,0.6079562902450562
45.0,1.0,0.9887133240699768,0.011285918764770031,0.05117053911089897,0.9982069134712219,0.7652754187583923,0.7651798129081726,0.9922264814376831,0.007773653604090214,0.02578825131058693,0.9986757636070251,0.8446215391159058,0.8448981046676636
45.0,2.0,0.9885962605476379,0.0114041892811656,0.050207458436489105,0.9982079267501831,0.806463897228241,0.806015133857727,0.9931821823120117,0.0068177832290530205,0.023515626788139343,0.9987661838531494,0.643759548664093,0.6441395282745361
45.0,3.0,0.9878978133201599,0.012101070024073124,0.05186037719249725,0.9982311129570007,0.7625327706336975,0.7625484466552734,0.9945439696311951,0.0054557728581130505,0.025947289541363716,0.9985228180885315,0.8378152251243591,0.8374769687652588
45.0,4.0,0.9931871891021729,0.006812888663262129,0.023167897015810013,0.9986760020256042,0.7617368698120117,0.7615671753883362,0.9821212887763977,0.017878644168376923,0.09198667109012604,0.9975672960281372,0.8163759112358093,0.8167027831077576
46.0,0.0,0.9891263842582703,0.010873907245695591,0.04983830824494362,0.9982337355613708,0.7966918349266052,0.7967537641525269,0.9919888973236084,0.008011163212358952,0.011253127828240395,0.9988746643066406,0.609289288520813,0.6079487204551697
46.0,1.0,0.9886451363563538,0.011355116963386536,0.05093437805771828,0.9982107281684875,0.7654008865356445,0.7650019526481628,0.9923428297042847,0.007657263893634081,0.026147760450839996,0.9986830949783325,0.8446617126464844,0.8448689579963684
46.0,2.0,0.9884191155433655,0.011580698192119598,0.05110175907611847,0.9981988072395325,0.8058146238327026,0.8058238625526428,0.993191659450531,0.006808349397033453,0.02384299226105213,0.9987730979919434,0.6442292332649231,0.6441559195518494
46.0,3.0,0.987784743309021,0.012215426191687584,0.05151086300611496,0.9982517957687378,0.7624207735061646,0.7624780535697937,0.9946092367172241,0.005391514860093594,0.025815842673182487,0.9985399842262268,0.837871789932251,0.8375740051269531
46.0,4.0,0.9932907223701477,0.006709332577884197,0.02328086458146572,0.9986865520477295,0.7617946863174438,0.7616525888442993,0.9823607802391052,0.017638741061091423,0.09073801338672638,0.9976090788841248,0.8172376751899719,0.8170480728149414
47.0,0.0,0.9894382953643799,0.010562373325228691,0.04941244795918465,0.9982577562332153,0.7971183061599731,0.7970817685127258,0.9920156002044678,0.007984308525919914,0.011392728425562382,0.9988882541656494,0.6087077856063843,0.6080285906791687
47.0,1.0,0.9887797236442566,0.011220252141356468,0.05092858523130417,0.9982279539108276,0.7650665044784546,0.7651351690292358,0.9906952977180481,0.009304162114858627,0.03129267692565918,0.9985457062721252,0.8403557538986206,0.843433141708374
47.0,2.0,0.9889047145843506,0.011096207424998283,0.05050716549158096,0.9982315301895142,0.8060685992240906,0.8063268661499023,0.993242084980011,0.006757795810699463,0.024673620238900185,0.9987737536430359,0.6438322067260742,0.6442019939422607
47.0,3.0,0.9880773425102234,0.011922760866582394,0.052292414009571075,0.9982556104660034,0.7628178000450134,0.762727677822113,0.9946556687355042,0.005344517529010773,0.025745343416929245,0.9985520839691162,0.8380460739135742,0.8376255631446838
47.0,4.0,0.9933209419250488,0.006678469944745302,0.023406965658068657,0.9986910820007324,0.761872410774231,0.7617091536521912,0.9828796982765198,0.01711978204548359,0.09135634452104568,0.9976374506950378,0.8163701295852661,0.8175606727600098
48.0,0.0,0.9893568754196167,0.010642297565937042,0.04931876063346863,0.9982642531394958,0.796780526638031,0.7970269322395325,0.9920588731765747,0.007941219955682755,0.010999677702784538,0.9988914728164673,0.6098142862319946,0.6080304384231567
48.0,1.0,0.988942563533783,0.011057314462959766,0.05010609328746796,0.9982510209083557,0.7653186321258545,0.7653009295463562,0.9922056794166565,0.007794377859681845,0.025352148339152336,0.9986619353294373,0.8454686403274536,0.8448529243469238
48.0,2.0,0.9886107444763184,0.011389984749257565,0.05037945508956909,0.9982301592826843,0.8065548539161682,0.8059970140457153,0.9933049082756042,0.006694923620671034,0.023418568074703217,0.9987883567810059,0.6441370248794556,0.6442614793777466
48.0,3.0,0.9882785677909851,0.011721509508788586,0.05153307318687439,0.9982680678367615,0.7626911401748657,0.7629339098930359,0.9946827292442322,0.005317754577845335,0.02591022662818432,0.9985565543174744,0.8379162549972534,0.8376393914222717
48.0,4.0,0.9933830499649048,0.006616654805839062,0.02337651513516903,0.9987004399299622,0.7618893384933472,0.7617479562759399,0.982592761516571,0.017407771199941635,0.09039768576622009,0.9976457357406616,0.8179869651794434,0.8172042965888977
49.0,0.0,0.9893932938575745,0.010606554336845875,0.050439052283763885,0.9982723593711853,0.7972126007080078,0.7976195812225342,0.9921777248382568,0.007822259329259396,0.010906129144132137,0.9988993406295776,0.6097160577774048,0.6081696152687073
49.0,1.0,0.989246129989624,0.010753635317087173,0.051432084292173386,0.9982414245605469,0.7654320001602173,0.7658841609954834,0.9924330711364746,0.007567663211375475,0.02583153359591961,0.9986967444419861,0.8447015881538391,0.8450302481651306
49.0,2.0,0.9893869161605835,0.010613500140607357,0.05051906034350395,0.9982441663742065,0.806831419467926,0.8071922659873962,0.9933452010154724,0.006654616445302963,0.02388489805161953,0.9987986087799072,0.6441084146499634,0.644305408000946
49.0,3.0,0.9884290099143982,0.011571734212338924,0.05181095749139786,0.9982650279998779,0.7632947564125061,0.7632825374603271,0.9944289922714233,0.005571066867560148,0.027033697813749313,0.9984915852546692,0.8373982906341553,0.8373807072639465
49.0,4.0,0.9933874011039734,0.006611633580178022,0.02312931977212429,0.9987000226974487,0.7619341611862183,0.7617751359939575,0.9820483922958374,0.01795119047164917,0.08854116499423981,0.9976221919059753,0.8180741667747498,0.8165841102600098
50.0,0.0,0.9893980622291565,0.010601497255265713,0.049056123942136765,0.9982835650444031,0.7971106171607971,0.7970484495162964,0.9922903776168823,0.00770958699285984,0.01145248580724001,0.9989058971405029,0.6093242168426514,0.6081804633140564
50.0,1.0,0.9893268346786499,0.010673163458704948,0.050137244164943695,0.9982755780220032,0.7654271125793457,0.7657327055931091,0.9925100803375244,0.00748986704275012,0.025868970900774002,0.9987146854400635,0.8448134064674377,0.8451347351074219
50.0,2.0,0.9891617894172668,0.010837271809577942,0.05009059980511665,0.9982574582099915,0.8063151836395264,0.8065470457077026,0.9933570027351379,0.006643166299909353,0.02362283132970333,0.9987946152687073,0.6440609693527222,0.6443197727203369
50.0,3.0,0.988435685634613,0.01156364195048809,0.05171733349561691,0.9982870817184448,0.7632114291191101,0.7631549835205078,0.9947011470794678,0.005299340467900038,0.026569651439785957,0.9985597133636475,0.837864875793457,0.8376510143280029
50.0,4.0,0.9934529066085815,0.006546987686306238,0.02336767129600048,0.9987077713012695,0.7619356513023376,0.7617871761322021,0.9827943444252014,0.017205860465765,0.09444781392812729,0.9976373910903931,0.8148029446601868,0.8174769282341003
51.0,0.0,0.9893425703048706,0.010657310485839844,0.05211658403277397,0.9982531070709229,0.7963746786117554,0.797063946723938,0.9921316504478455,0.007868234068155289,0.010881815105676651,0.9988889098167419,0.6097268462181091,0.6081454753875732
51.0,1.0,0.9885453581809998,0.011456099338829517,0.054063137620687485,0.9982194900512695,0.7647079229354858,0.7657120227813721,0.9924136400222778,0.00758624030277133,0.025535793974995613,0.9986847639083862,0.8450095057487488,0.8449980020523071
51.0,2.0,0.9892645478248596,0.010734622366726398,0.04954538494348526,0.9982799291610718,0.8065964579582214,0.8066828846931458,0.9934051632881165,0.006594344042241573,0.023351578041911125,0.998801589012146,0.644003689289093,0.6443374156951904
51.0,3.0,0.9886847138404846,0.011315071024000645,0.0509277805685997,0.9983082413673401,0.7632710933685303,0.7635080814361572,0.9947265386581421,0.00527360662817955,0.026997044682502747,0.9985660314559937,0.8376723527908325,0.8377106785774231
51.0,4.0,0.9934988021850586,0.006501384079456329,0.023295048624277115,0.9987196326255798,0.7620141506195068,0.7618717551231384,0.9834731221199036,0.016527462750673294,0.08821605145931244,0.9977128505706787,0.817057728767395,0.8182188868522644
52.0,0.0,0.9898751974105835,0.010123839601874352,0.04911249876022339,0.9983096718788147,0.7971073389053345,0.7975313067436218,0.9922780394554138,0.007721736095845699,0.01148250512778759,0.9989033937454224,0.6092805862426758,0.6081944704055786
52.0,1.0,0.9894088506698608,0.010591265745460987,0.05151960626244545,0.9982582926750183,0.7656636834144592,0.7661323547363281,0.9924951791763306,0.007505122572183609,0.02446957677602768,0.998720645904541,0.8454200029373169,0.8450676798820496
52.0,2.0,0.9894412755966187,0.010558907873928547,0.04949692264199257,0.9982922673225403,0.8066453337669373,0.8068343997001648,0.9934198260307312,0.006580313201993704,0.023697298020124435,0.9988097548484802,0.6442523002624512,0.6443822979927063
52.0,3.0,0.9875444769859314,0.012454872950911522,0.05311807617545128,0.9982926845550537,0.7620599269866943,0.763218879699707,0.9947822093963623,0.005217775236815214,0.026250094175338745,0.9985734224319458,0.8381333947181702,0.8377677202224731
52.0,4.0,0.9935340881347656,0.0064662788063287735,0.02339441142976284,0.9987244606018066,0.7620837092399597,0.7618922591209412,0.9825120568275452,0.01748766377568245,0.08793853968381882,0.9976966977119446,0.8172206878662109,0.8189215064048767
53.0,0.0,0.9894997477531433,0.010499698109924793,0.04920899122953415,0.9983054995536804,0.7971174120903015,0.7971974015235901,0.9923337697982788,0.0076660653576254845,0.011392910033464432,0.998916506767273,0.6087498068809509,0.6081889867782593
53.0,1.0,0.9895344972610474,0.010465038008987904,0.050334297120571136,0.9982993006706238,0.7660033702850342,0.7659329771995544,0.9925979375839233,0.007402319926768541,0.026816127821803093,0.9987236857414246,0.8445689678192139,0.8451984524726868
53.0,2.0,0.9892431497573853,0.010757256299257278,0.049646779894828796,0.9982898235321045,0.806979238986969,0.806699275970459,0.9934276342391968,0.006571747362613678,0.024234866723418236,0.9988040924072266,0.6437106132507324,0.6443281769752502
53.0,3.0,0.987479031085968,0.012520086951553822,0.057188987731933594,0.9982391595840454,0.7622550129890442,0.7628533244132996,0.9947624206542969,0.005237780977040529,0.027118682861328125,0.9985727667808533,0.8378782868385315,0.8377155661582947
53.0,4.0,0.9935452938079834,0.006454705726355314,0.023640459403395653,0.9987243413925171,0.7620600461959839,0.7618884444236755,0.9808734655380249,0.019126489758491516,0.09977602958679199,0.9975932836532593,0.8138338923454285,0.8177307844161987
54.0,0.0,0.9892902970314026,0.010710209608078003,0.04993925243616104,0.9982997179031372,0.7973727583885193,0.7974675893783569,0.992245614528656,0.007754377089440823,0.011352265253663063,0.9989170432090759,0.6097263097763062,0.6080650687217712
54.0,1.0,0.9895120859146118,0.010487538762390614,0.04982456937432289,0.9983055591583252,0.766182541847229,0.7658805847167969,0.9925690293312073,0.007430637255311012,0.024519778788089752,0.998711884021759,0.8456169366836548,0.8451104164123535
54.0,2.0,0.9894757866859436,0.010524677112698555,0.04910362511873245,0.9983105063438416,0.807275116443634,0.806841254234314,0.9934899210929871,0.006509813945740461,0.02365160547196865,0.9988214373588562,0.6442175507545471,0.6444546580314636
54.0,3.0,0.9888818860054016,0.011117820627987385,0.05081389471888542,0.9983431100845337,0.763447105884552,0.7634975910186768,0.99480801820755,0.00519159622490406,0.02741440013051033,0.998579740524292,0.8377984166145325,0.8377770781517029
54.0,4.0,0.9935711622238159,0.006428606808185577,0.02335359901189804,0.9987324476242065,0.7621095776557922,0.7618992328643799,0.983758807182312,0.016240710392594337,0.09051249176263809,0.9977275729179382,0.8170785903930664,0.8184391856193542
55.0,0.0,0.9898683428764343,0.010131287388503551,0.04860889911651611,0.9983306527137756,0.7974733710289001,0.7975422739982605,0.9924860596656799,0.007513606920838356,0.01094909105449915,0.998927652835846,0.6098918318748474,0.6083019375801086
55.0,1.0,0.989719033241272,0.010280288755893707,0.049850769340991974,0.9983189702033997,0.7660694122314453,0.7661073803901672,0.9927549958229065,0.007245031651109457,0.024403290823101997,0.9987418055534363,0.8456336259841919,0.8452989459037781
55.0,2.0,0.9893566966056824,0.01064337883144617,0.04971586912870407,0.9983090758323669,0.8069825768470764,0.8067025542259216,0.9935325384140015,0.006467517931014299,0.023911595344543457,0.9988261461257935,0.6441663503646851,0.6444690823554993
55.0,3.0,0.9889662861824036,0.011033272370696068,0.05046968534588814,0.9983497262001038,0.7634058594703674,0.7636239528656006,0.9948694109916687,0.0051302784122526646,0.02641240693628788,0.9985963106155396,0.8382071256637573,0.8378232717514038
55.0,4.0,0.9935899972915649,0.006410134024918079,0.023297928273677826,0.9987386465072632,0.7620939016342163,0.7618829011917114,0.9837925434112549,0.016207925975322723,0.08809979259967804,0.9977522492408752,0.8183435201644897,0.8184765577316284
56.0,0.0,0.9897271990776062,0.010272465646266937,0.048550933599472046,0.9983383417129517,0.7975835204124451,0.7973694205284119,0.9925572276115417,0.007442831993103027,0.011244275607168674,0.9989436864852905,0.6098839044570923,0.6083986759185791
56.0,1.0,0.9895539879798889,0.010445898398756981,0.04989073798060417,0.9983240962028503,0.7658131122589111,0.7658966779708862,0.9928545951843262,0.00714569678530097,0.02483941987156868,0.9987648725509644,0.8454076647758484,0.8454275131225586
56.0,2.0,0.9895670413970947,0.010432213544845581,0.04931030794978142,0.9983194470405579,0.8071030974388123,0.8069217205047607,0.9934982657432556,0.006501427851617336,0.02448553964495659,0.9988176226615906,0.6437813639640808,0.6444188952445984
56.0,3.0,0.9887846112251282,0.011215358972549438,0.051374439150094986,0.9983462691307068,0.7633026838302612,0.7634271383285522,0.9948824048042297,0.005117657128721476,0.02615998685359955,0.9985928535461426,0.8383871912956238,0.8378487825393677
56.0,4.0,0.9936765432357788,0.006324430461972952,0.023261530324816704,0.9987486004829407,0.7621773481369019,0.7620102763175964,0.9838052988052368,0.016194839030504227,0.0884450376033783,0.9977623224258423,0.8174823522567749,0.8184481263160706
57.0,0.0,0.990045428276062,0.00995561107993126,0.04820496216416359,0.9983579516410828,0.7976928353309631,0.797705352306366,0.9924592971801758,0.007540722843259573,0.01222995575517416,0.9989300966262817,0.6085079908370972,0.6082578301429749
57.0,1.0,0.9895957112312317,0.010404451750218868,0.04994639754295349,0.9983252286911011,0.766170859336853,0.7659884095191956,0.9928025007247925,0.0071971905417740345,0.025208983570337296,0.9987648725509644,0.8451292514801025,0.8453634977340698
57.0,2.0,0.9893871545791626,0.010612894780933857,0.04937493056058884,0.9983290433883667,0.8064079284667969,0.8066907525062561,0.9935755133628845,0.0064246500842273235,0.02389681152999401,0.9988358616828918,0.6442235708236694,0.6445160508155823
57.0,3.0,0.9888262152671814,0.011173534207046032,0.05043031647801399,0.9983559846878052,0.7634770274162292,0.7635157108306885,0.9949108958244324,0.005089849233627319,0.02652055025100708,0.9986047744750977,0.838188648223877,0.837912917137146
57.0,4.0,0.9936990737915039,0.006300313863903284,0.023191755637526512,0.998754620552063,0.7622435688972473,0.762030303478241,0.9836840629577637,0.016316134482622147,0.08624265342950821,0.9977710247039795,0.8190146684646606,0.8183077573776245
58.0,0.0,0.9900804758071899,0.009918835945427418,0.048302263021469116,0.9983622431755066,0.7977010011672974,0.7978264093399048,0.9926983118057251,0.007301762234419584,0.011417167261242867,0.998966634273529,0.6098631024360657,0.6085401773452759
58.0,1.0,0.989829957485199,0.010170172899961472,0.04966563731431961,0.9983456134796143,0.7662981748580933,0.7662159204483032,0.9926783442497253,0.007321926765143871,0.02484203316271305,0.9987621903419495,0.8453999757766724,0.8453235030174255
58.0,2.0,0.989754319190979,0.010245558805763721,0.048854149878025055,0.9983494877815247,0.8072855472564697,0.8071404695510864,0.9935865998268127,0.006413172464817762,0.02327670343220234,0.9988365769386292,0.6445634961128235,0.6445228457450867
58.0,3.0,0.9890265464782715,0.010972905904054642,0.05088147521018982,0.9983658194541931,0.7634164690971375,0.763810932636261,0.9948807954788208,0.005119251552969217,0.027035271748900414,0.9986016750335693,0.8378411531448364,0.8378374576568604
58.0,4.0,0.9937418699264526,0.0062571000307798386,0.023333586752414703,0.9987635016441345,0.7622480988502502,0.7620607614517212,0.9840037226676941,0.01599615439772606,0.08900532126426697,0.9977924823760986,0.8168614506721497,0.8188006281852722
59.0,0.0,0.9899898767471313,0.010010338388383389,0.04870343953371048,0.9983616471290588,0.7974112033843994,0.7976653575897217,0.9927787780761719,0.007221062667667866,0.01117914728820324,0.9989721775054932,0.6098728179931641,0.6086190938949585
59.0,1.0,0.9897817969322205,0.010218736715614796,0.05008329078555107,0.9983474612236023,0.7660102248191833,0.766294002532959,0.9927739500999451,0.007226238958537579,0.025481244549155235,0.9987426400184631,0.8453004956245422,0.8453419804573059
59.0,2.0,0.9895354509353638,0.010464710183441639,0.0493718720972538,0.9983411431312561,0.8066353797912598,0.8070327043533325,0.9936554431915283,0.006344882305711508,0.023942196741700172,0.9988487958908081,0.6441145539283752,0.6445804238319397
59.0,3.0,0.9890508651733398,0.010949523188173771,0.050962965935468674,0.9983708262443542,0.7631625533103943,0.7638667225837708,0.9949740767478943,0.005026322789490223,0.026688244193792343,0.9986165165901184,0.8383185863494873,0.8379450440406799
59.0,4.0,0.99378502368927,0.006214183755218983,0.02335134707391262,0.9987688660621643,0.7623463273048401,0.7621365189552307,0.9841471910476685,0.01585337147116661,0.0894053652882576,0.9977796673774719,0.8173178434371948,0.8190064430236816
60.0,0.0,0.9904597401618958,0.009540150873363018,0.047845885157585144,0.9984044432640076,0.7976895570755005,0.7982581853866577,0.9928364157676697,0.00716363126412034,0.011506165377795696,0.9989805817604065,0.6096436977386475,0.6086745262145996
60.0,1.0,0.990372359752655,0.009627326391637325,0.048279643058776855,0.9983885288238525,0.7666043639183044,0.7668911218643188,0.9930171370506287,0.0069824461825191975,0.02440299279987812,0.9987955093383789,0.845679759979248,0.845517635345459
60.0,2.0,0.9903231859207153,0.009677765890955925,0.047958049923181534,0.9983916282653809,0.8076745271682739,0.8078396320343018,0.9937109351158142,0.006288709584623575,0.023526664823293686,0.9988619089126587,0.6443274617195129,0.6446442008018494
60.0,3.0,0.9896992444992065,0.01030111312866211,0.04914160445332527,0.9984224438667297,0.7640848755836487,0.7644858956336975,0.9950180053710938,0.004982163198292255,0.02622409723699093,0.9986247420310974,0.8383186459541321,0.8379703164100647
60.0,4.0,0.9938703775405884,0.00612928019836545,0.023091668263077736,0.9987795948982239,0.7623851895332336,0.76219642162323,0.9850519299507141,0.014947805553674698,0.08465999364852905,0.997850775718689,0.8199118971824646,0.8201490640640259
61.0,0.0,0.9907287955284119,0.009272009134292603,0.04719402268528938,0.9984201192855835,0.7981322407722473,0.7984809279441833,0.9928866624832153,0.00711339246481657,0.011363579891622066,0.9989853501319885,0.6098371148109436,0.6087384819984436
61.0,1.0,0.990496039390564,0.009504887275397778,0.04836913198232651,0.9983978867530823,0.7670146822929382,0.7671077847480774,0.9930753111839294,0.006924815941601992,0.02447422407567501,0.998802125453949,0.8455892205238342,0.8456069231033325
61.0,2.0,0.9904589653015137,0.009541231207549572,0.047984082251787186,0.9983949661254883,0.8079789876937866,0.808040976524353,0.9937176704406738,0.006282157730311155,0.02345351129770279,0.9988676905632019,0.6444218158721924,0.6446631550788879
61.0,3.0,0.9897812008857727,0.010218575596809387,0.04918966814875603,0.9984295964241028,0.7644273042678833,0.7646293044090271,0.9950267672538757,0.004973079543560743,0.02638009376823902,0.9986286759376526,0.8383182883262634,0.8379822969436646
61.0,4.0,0.9938804507255554,0.0061187464743852615,0.023134931921958923,0.9987826943397522,0.7623997330665588,0.7622031569480896,0.9853315353393555,0.014668977819383144,0.08547918498516083,0.9978641867637634,0.8197968602180481,0.8204180598258972
62.0,0.0,0.9908446669578552,0.009155440144240856,0.04718146100640297,0.9984256625175476,0.7984493970870972,0.7986607551574707,0.9928922653198242,0.007107829675078392,0.011453410610556602,0.9989832639694214,0.6098150610923767,0.6087221503257751
62.0,1.0,0.9905614852905273,0.009438845328986645,0.048353977501392365,0.9984033703804016,0.767033576965332,0.7671445608139038,0.993080735206604,0.006919206120073795,0.024119673296809196,0.9987985491752625,0.8456736207008362,0.8456062078475952
62.0,2.0,0.9904559254646301,0.009545345790684223,0.04794258996844292,0.9984021186828613,0.8079272508621216,0.808045506477356,0.9937260150909424,0.006274077109992504,0.02363673411309719,0.9988704323768616,0.6444107294082642,0.6446768045425415
62.0,3.0,0.9898576140403748,0.010142105631530285,0.04919211566448212,0.9984351992607117,0.7644813656806946,0.7646875977516174,0.9950340986251831,0.004966417793184519,0.026649324223399162,0.9986315369606018,0.8382543921470642,0.837989330291748
62.0,4.0,0.9938860535621643,0.0061137187294662,0.023181671276688576,0.9987828731536865,0.7623872756958008,0.7622056603431702,0.9854018092155457,0.014598811976611614,0.08576349914073944,0.9978733658790588,0.8198032975196838,0.8204843997955322
63.0,0.0,0.9908692836761475,0.009131474420428276,0.047227274626493454,0.9984299540519714,0.7984725832939148,0.7986882328987122,0.9929015040397644,0.007098533678799868,0.01145189069211483,0.9989883899688721,0.6098929047584534,0.6087589859962463
63.0,1.0,0.9905927777290344,0.00940732005983591,0.04843110591173172,0.9984067678451538,0.7670572400093079,0.7671443819999695,0.993096649646759,0.0069034406915307045,0.024381792172789574,0.9988052845001221,0.8456516265869141,0.8456281423568726
63.0,2.0,0.9905465245246887,0.009454090148210526,0.04795198515057564,0.998405933380127,0.8080353140830994,0.8081166744232178,0.9937304854393005,0.006269006058573723,0.02354603074491024,0.9988712668418884,0.6444351077079773,0.6446741223335266
63.0,3.0,0.9898568391799927,0.01014343835413456,0.04921640455722809,0.9984350204467773,0.7644687294960022,0.7646826505661011,0.9950400590896606,0.004959982819855213,0.026628876104950905,0.9986324310302734,0.8382991552352905,0.8380111455917358
63.0,4.0,0.9938933849334717,0.006106858141720295,0.02322249300777912,0.9987860918045044,0.7624049782752991,0.762218177318573,0.98543781042099,0.014562922529876232,0.08546241372823715,0.9978789687156677,0.8198893070220947,0.8205299377441406
64.0,0.0,0.990882158279419,0.0091181555762887,0.04720223695039749,0.9984321594238281,0.7984945774078369,0.7986963987350464,0.9929097294807434,0.0070900823920965195,0.011528423987329006,0.9989874362945557,0.6097881197929382,0.608747661113739
64.0,1.0,0.990617573261261,0.009382831864058971,0.04844840615987778,0.9984083771705627,0.7670683264732361,0.767174243927002,0.9930928349494934,0.006906874477863312,0.024747934192419052,0.9988054633140564,0.845488429069519,0.8456295728683472
64.0,2.0,0.9905576705932617,0.009443053044378757,0.04800964891910553,0.9984075427055359,0.8080678582191467,0.8081252574920654,0.9937360882759094,0.006263982970267534,0.023756062611937523,0.9988717436790466,0.6444288492202759,0.6446794271469116
64.0,3.0,0.9898881316184998,0.010111929848790169,0.04927755892276764,0.9984378814697266,0.7644982933998108,0.764703631401062,0.9950430989265442,0.004956653341650963,0.026785651221871376,0.9986336827278137,0.8383377194404602,0.8380201458930969
64.0,4.0,0.9938996434211731,0.006099709775298834,0.02335633523762226,0.9987870454788208,0.762427568435669,0.7622348666191101,0.9854260087013245,0.014573462307453156,0.0858064740896225,0.9978805184364319,0.8197309374809265,0.8205109238624573
65.0,0.0,0.9908856153488159,0.009115294553339481,0.04721519351005554,0.9984350800514221,0.7984977960586548,0.7987111806869507,0.9929211735725403,0.007078858092427254,0.01149862352758646,0.9989910125732422,0.6098931431770325,0.6087772846221924
65.0,1.0,0.9906371831893921,0.009363514371216297,0.04836145415902138,0.998414933681488,0.7671187520027161,0.7672058343887329,0.9931132197380066,0.00688706710934639,0.024498797953128815,0.9988095760345459,0.8456636667251587,0.8456410765647888
65.0,2.0,0.9905765652656555,0.009423360228538513,0.048062339425086975,0.9984123110771179,0.8080841898918152,0.8081565499305725,0.9937421679496765,0.0062576960772275925,0.02367413602769375,0.9988738894462585,0.6444550156593323,0.6446852684020996
65.0,3.0,0.9899057149887085,0.010094480589032173,0.04930049926042557,0.9984419345855713,0.7645170092582703,0.7647292613983154,0.9950492978096008,0.004950516391545534,0.02673618495464325,0.9986361861228943,0.8383498191833496,0.8380268812179565
65.0,4.0,0.9939051866531372,0.00609469972550869,0.023359695449471474,0.9987896680831909,0.762432873249054,0.7622376680374146,0.9854782223701477,0.01452239602804184,0.08606033027172089,0.9978861808776855,0.8198376893997192,0.8205734491348267
66.0,0.0,0.990908682346344,0.0090909693390131,0.04728330671787262,0.9984351992607117,0.7985200881958008,0.7987387776374817,0.9929298758506775,0.007069788407534361,0.011564911343157291,0.9989885687828064,0.6098794937133789,0.6087669730186462
66.0,1.0,0.990641713142395,0.009359714575111866,0.048458755016326904,0.9984162449836731,0.7671211361885071,0.7672116756439209,0.993124783039093,0.006875400897115469,0.0245481226593256,0.9988120198249817,0.8456516861915588,0.845671534538269
66.0,2.0,0.9905871748924255,0.0094118257984519,0.04796237498521805,0.9984135627746582,0.8080909252166748,0.8081569671630859,0.9937485456466675,0.00625120522454381,0.02370310015976429,0.9988738894462585,0.6444379687309265,0.6446872353553772
66.0,3.0,0.9899223446846008,0.010077283717691898,0.04925164952874184,0.9984453320503235,0.7645428776741028,0.7647420763969421,0.9950547814369202,0.004945038817822933,0.026706449687480927,0.9986386895179749,0.8383784294128418,0.8380336761474609
66.0,4.0,0.9939109683036804,0.006088503636419773,0.023308351635932922,0.9987906813621521,0.762451708316803,0.7622484564781189,0.9855005741119385,0.01449922937899828,0.08541708439588547,0.9978899955749512,0.8199619054794312,0.8205967545509338
67.0,0.0,0.9909287691116333,0.00907117035239935,0.04727727919816971,0.9984409809112549,0.7985342741012573,0.7987512946128845,0.9929397106170654,0.007060236297547817,0.01155353244394064,0.9989917278289795,0.609916627407074,0.6087766885757446
67.0,1.0,0.9906560182571411,0.009344823658466339,0.04857809841632843,0.9984186291694641,0.7671062350273132,0.7672148942947388,0.9931349754333496,0.0068653966300189495,0.024609120562672615,0.9988118410110474,0.845634400844574,0.8456668257713318
67.0,2.0,0.990605354309082,0.009395717643201351,0.04805191233754158,0.9984180331230164,0.8081186413764954,0.8081834316253662,0.9937542080879211,0.00624588318169117,0.023773564025759697,0.9988741874694824,0.6444211602210999,0.6446935534477234
67.0,3.0,0.9899376034736633,0.01006215251982212,0.04934375733137131,0.99844890832901,0.764570415019989,0.7647733092308044,0.9950588941574097,0.004940497223287821,0.026716656982898712,0.9986397624015808,0.8383615016937256,0.8380342721939087
67.0,4.0,0.9939201474189758,0.006079787388443947,0.023404685780405998,0.9987930059432983,0.7624471187591553,0.7622493505477905,0.9855371117591858,0.014463297091424465,0.08586472272872925,0.9978951811790466,0.8199018836021423,0.8206213116645813
68.0,0.0,0.9909356236457825,0.009064976125955582,0.04730325564742088,0.9984418153762817,0.7985489368438721,0.7987576723098755,0.9929479360580444,0.007052179891616106,0.01149908546358347,0.9989931583404541,0.6099546551704407,0.6087968349456787
68.0,1.0,0.9906742572784424,0.009325590915977955,0.048568978905677795,0.9984232783317566,0.7671459913253784,0.7672399282455444,0.9931435585021973,0.006856782361865044,0.024657955393195152,0.9988150000572205,0.8456441164016724,0.8456817865371704
68.0,2.0,0.9906169176101685,0.00938340462744236,0.048080891370773315,0.9984188675880432,0.8081146478652954,0.8081879019737244,0.9937613010406494,0.006238502450287342,0.023654716089367867,0.9988750219345093,0.6444739699363708,0.6446911692619324
68.0,3.0,0.9899480938911438,0.010051445104181767,0.04936288297176361,0.9984521269798279,0.7645673751831055,0.7647742033004761,0.9950649738311768,0.004935091827064753,0.02687240019440651,0.9986388087272644,0.8383143544197083,0.8380299210548401
68.0,4.0,0.9939271211624146,0.006072388030588627,0.023379947990179062,0.9987938404083252,0.7624545097351074,0.7622559070587158,0.985558271408081,0.014441595412790775,0.08603794872760773,0.9979014992713928,0.8199049830436707,0.8206523060798645
69.0,0.0,0.990944504737854,0.00905505008995533,0.047373633831739426,0.9984445571899414,0.7985554337501526,0.7987694144248962,0.9929593801498413,0.007040552794933319,0.011760486289858818,0.998993456363678,0.6098858714103699,0.6088076233863831
69.0,1.0,0.9906898140907288,0.009309753775596619,0.048619940876960754,0.9984238147735596,0.7671566009521484,0.7672528028488159,0.9931508898735046,0.006849241442978382,0.02468440681695938,0.9988148808479309,0.8456931114196777,0.8456941843032837
69.0,2.0,0.9906296133995056,0.009370788000524044,0.04812430217862129,0.998420774936676,0.8081409931182861,0.8082027435302734,0.9937677979469299,0.0062324474565684795,0.023791104555130005,0.9988778233528137,0.6444841623306274,0.6447016000747681
69.0,3.0,0.9899654388427734,0.0100344717502594,0.049360331147909164,0.9984539151191711,0.7645857930183411,0.7647906541824341,0.9950689673423767,0.0049309562891721725,0.02697703428566456,0.99864262342453,0.8383227586746216,0.8380403518676758
69.0,4.0,0.9939324855804443,0.006067704409360886,0.02346920594573021,0.9987942576408386,0.7624453902244568,0.7622571587562561,0.9855690598487854,0.01443121675401926,0.08512610197067261,0.9978995323181152,0.8200960159301758,0.8206621408462524
70.0,0.0,0.9909637570381165,0.009035895578563213,0.04733693599700928,0.9984472393989563,0.7985762357711792,0.7987807989120483,0.9929697513580322,0.007030374836176634,0.011726530268788338,0.9989969730377197,0.6098929643630981,0.608816385269165
70.0,1.0,0.9906991124153137,0.009300454519689083,0.048572786152362823,0.9984265565872192,0.7671610713005066,0.7672629952430725,0.9931380152702332,0.006861882749944925,0.02493685483932495,0.9988123178482056,0.8454781770706177,0.8456670045852661
70.0,2.0,0.9906424283981323,0.009357383474707603,0.0480983704328537,0.998425304889679,0.8081556558609009,0.8082138299942017,0.9937741160392761,0.0062260800041258335,0.023741042241454124,0.9988771677017212,0.6445279717445374,0.6446985006332397
70.0,3.0,0.9899786114692688,0.010022146627306938,0.04936222732067108,0.9984553456306458,0.7645959258079529,0.7647998332977295,0.995072066783905,0.004927538800984621,0.026877840980887413,0.9986440539360046,0.8383850455284119,0.838046669960022
70.0,4.0,0.993938148021698,0.006062217988073826,0.023472029715776443,0.9987952709197998,0.7624782919883728,0.7622659802436829,0.9856034517288208,0.01439667772501707,0.08567474037408829,0.9979116320610046,0.8200318813323975,0.8206986784934998
71.0,0.0,0.9909763336181641,0.009024566039443016,0.04741734266281128,0.9984486103057861,0.7985802292823792,0.798793613910675,0.9929752945899963,0.007024482823908329,0.011665767058730125,0.998996376991272,0.6099820733070374,0.6088034510612488
71.0,1.0,0.9907141923904419,0.009286537766456604,0.048636239022016525,0.9984282851219177,0.7671629786491394,0.7672718167304993,0.9931672811508179,0.00683289859443903,0.024750351905822754,0.9988194704055786,0.8456931710243225,0.8457210063934326
71.0,2.0,0.9906520247459412,0.009348088875412941,0.048217590898275375,0.99842768907547,0.8081684708595276,0.8082249164581299,0.9937824010848999,0.006217589136213064,0.023838449269533157,0.9988813996315002,0.6444998979568481,0.6447175741195679
71.0,3.0,0.9899985790252686,0.01000143401324749,0.049379825592041016,0.9984581470489502,0.7646186351776123,0.7648174166679382,0.995080828666687,0.004919280763715506,0.02698225900530815,0.9986464977264404,0.8383517861366272,0.8380542993545532
71.0,4.0,0.9939460158348083,0.006053363438695669,0.02349395677447319,0.9987973570823669,0.7624751329421997,0.7622710466384888,0.9856236577033997,0.014376753941178322,0.08582194149494171,0.9979166388511658,0.8200359344482422,0.8207250833511353
72.0,0.0,0.9909871816635132,0.009013142436742783,0.04739706218242645,0.9984522461891174,0.798599362373352,0.7988059520721436,0.9929866790771484,0.0070130480453372,0.011752740480005741,0.9989976286888123,0.6099128127098083,0.6088047623634338
72.0,1.0,0.9907212853431702,0.009277994744479656,0.04863646253943443,0.9984312057495117,0.7671729326248169,0.767280101776123,0.9931584000587463,0.006841200403869152,0.02506306767463684,0.9988145232200623,0.8455352783203125,0.8456900715827942
72.0,2.0,0.9906625747680664,0.0093379570171237,0.04819251596927643,0.9984291195869446,0.8081673979759216,0.8082375526428223,0.9937898516654968,0.006210299674421549,0.02387225814163685,0.9988810420036316,0.6444788575172424,0.6447193026542664
72.0,3.0,0.9900079369544983,0.009991666302084923,0.049452148377895355,0.9984622597694397,0.7646358609199524,0.7648295164108276,0.9950817823410034,0.004918305203318596,0.02716653048992157,0.9986436367034912,0.8382789492607117,0.8380450010299683
72.0,4.0,0.9939537048339844,0.006047315429896116,0.023540209978818893,0.9987959861755371,0.7624530792236328,0.7622652053833008,0.9856317043304443,0.014368818141520023,0.08504077047109604,0.9979174137115479,0.8201719522476196,0.8207334876060486
73.0,0.0,0.9909995198249817,0.009000971913337708,0.04748969152569771,0.9984537363052368,0.7986099123954773,0.7988156676292419,0.9929971694946289,0.0070028952322900295,0.01178572978824377,0.9989987015724182,0.609939694404602,0.6088192462921143
73.0,1.0,0.9907341599464417,0.00926586426794529,0.04867713525891304,0.9984294772148132,0.7671778798103333,0.7672842144966125,0.9931744933128357,0.006825686432421207,0.024602727964520454,0.9988179802894592,0.8458141684532166,0.8457046151161194
73.0,2.0,0.9906787872314453,0.009320484474301338,0.04825880378484726,0.998431921005249,0.8081983923912048,0.8082539439201355,0.9937967658042908,0.006203243974596262,0.023829661309719086,0.9988818168640137,0.6445201635360718,0.6447197198867798
73.0,3.0,0.9900134801864624,0.009987056255340576,0.049511123448610306,0.9984626770019531,0.764640212059021,0.7648321986198425,0.9950900077819824,0.004910161253064871,0.027128171175718307,0.9986487627029419,0.8383474349975586,0.8380579948425293
73.0,4.0,0.9939598441123962,0.006040374748408794,0.023562371730804443,0.9987978935241699,0.7624717354774475,0.7622741460800171,0.9856688380241394,0.014331293292343616,0.08572550117969513,0.9979270100593567,0.8201174139976501,0.8207769393920898
74.0,0.0,0.9910110831260681,0.008988584391772747,0.04755496233701706,0.9984561800956726,0.7986215353012085,0.7988268733024597,0.9929993748664856,0.007000860292464495,0.011751199141144753,0.9990001916885376,0.6099057197570801,0.6088413000106812
74.0,1.0,0.9907400608062744,0.00925884023308754,0.04868457466363907,0.9984365701675415,0.7671933770179749,0.7672996520996094,0.9931893348693848,0.006810753606259823,0.02485092356801033,0.9988195300102234,0.8456960320472717,0.8457129597663879
74.0,2.0,0.990693211555481,0.009306217543780804,0.048239078372716904,0.9984344244003296,0.8081939816474915,0.808259129524231,0.9938052296638489,0.006194808520376682,0.02395329810678959,0.9988818168640137,0.6445049047470093,0.6447194218635559
74.0,3.0,0.9900261759757996,0.009973721578717232,0.049482401460409164,0.9984648823738098,0.7646416425704956,0.7648376226425171,0.9950927495956421,0.004907183349132538,0.027127854526042938,0.9986473917961121,0.8383391499519348,0.8380560278892517
74.0,4.0,0.9939675331115723,0.006032225675880909,0.023618439212441444,0.9987984299659729,0.7624842524528503,0.7622807025909424,0.9856616258621216,0.014338486827909946,0.08542351424694061,0.9979245066642761,0.8201610445976257,0.8207637071609497
75.0,0.0,0.9910212159156799,0.008978703059256077,0.04750370234251022,0.9984571933746338,0.7986385822296143,0.7988349199295044,0.993013322353363,0.006986781023442745,0.011664226651191711,0.9990015029907227,0.6100281476974487,0.6088396906852722
75.0,1.0,0.9907562136650085,0.0092440415173769,0.04877474531531334,0.9984372854232788,0.7672004103660583,0.7673078775405884,0.9931976795196533,0.006802165415138006,0.02466520480811596,0.998823881149292,0.8457528352737427,0.8457323312759399
75.0,2.0,0.9906995892524719,0.009300664998590946,0.04829734191298485,0.998436689376831,0.808203935623169,0.8082612156867981,0.993813157081604,0.00618716049939394,0.023951487615704536,0.9988824129104614,0.6444615721702576,0.644720196723938
75.0,3.0,0.9900426864624023,0.009957057423889637,0.04951159656047821,0.9984676241874695,0.7646469473838806,0.7648575305938721,0.9950990080833435,0.004901386331766844,0.02718353644013405,0.9986506104469299,0.838385283946991,0.838073194026947
75.0,4.0,0.9939740300178528,0.006026082672178745,0.023613421246409416,0.9987989664077759,0.7624844908714294,0.7622866034507751,0.9856896996498108,0.014310048893094063,0.08571780472993851,0.9979308843612671,0.8201570510864258,0.8208016753196716
76.0,0.0,0.9910334944725037,0.008966469205915928,0.047553908079862595,0.9984592795372009,0.79864501953125,0.7988470196723938,0.9930201172828674,0.00698009692132473,0.011698662303388119,0.9990017414093018,0.6099911332130432,0.6088281273841858
76.0,1.0,0.9907650351524353,0.009235503152012825,0.04876789450645447,0.9984390139579773,0.7672118544578552,0.767318069934845,0.9932072758674622,0.006792795844376087,0.024804063141345978,0.9988247156143188,0.8456992506980896,0.8457383513450623
76.0,2.0,0.9907103180885315,0.009288978762924671,0.048293016850948334,0.9984387755393982,0.8082152605056763,0.80827796459198,0.993823230266571,0.006176873575896025,0.023937927559018135,0.9988853931427002,0.6445090174674988,0.6447293162345886
76.0,3.0,0.9900554418563843,0.009944941848516464,0.049564044922590256,0.9984705448150635,0.7646571397781372,0.7648666501045227,0.9951024651527405,0.004896731115877628,0.027145996689796448,0.9986512660980225,0.8384032845497131,0.8380767107009888
76.0,4.0,0.9939810037612915,0.006018034648150206,0.023666519671678543,0.9988024234771729,0.7624893188476562,0.762290894985199,0.9856768846511841,0.014322914183139801,0.08637802302837372,0.9979271292686462,0.8200131058692932,0.820790708065033
77.0,0.0,0.9910391569137573,0.008961093612015247,0.04763626307249069,0.9984619617462158,0.7986488938331604,0.7988490462303162,0.9930288791656494,0.006971084047108889,0.011807221919298172,0.9990047216415405,0.6100030541419983,0.608831524848938
77.0,1.0,0.9907804727554321,0.009219099767506123,0.04882701858878136,0.9984424114227295,0.7672202587127686,0.7673308849334717,0.9932117462158203,0.006788427475839853,0.024766309186816216,0.9988250732421875,0.8457983732223511,0.8457428812980652
77.0,2.0,0.9907234311103821,0.00927686132490635,0.0483834482729435,0.9984418153762817,0.8082380294799805,0.8082965016365051,0.9938269257545471,0.006173270754516125,0.024143582209944725,0.9988824725151062,0.6444216966629028,0.644723653793335
77.0,3.0,0.9900634288787842,0.0099369240924716,0.04959775507450104,0.9984714388847351,0.7646635174751282,0.764876127243042,0.9951072335243225,0.004892812110483646,0.026973480358719826,0.9986511468887329,0.8384287357330322,0.8380765914916992
77.0,4.0,0.9939892888069153,0.006011060439050198,0.023632775992155075,0.998803973197937,0.7624997496604919,0.7622928619384766,0.9857266545295715,0.014273028820753098,0.08587005734443665,0.9979368448257446,0.8201428651809692,0.8208237886428833
78.0,0.0,0.9910520315170288,0.008948438800871372,0.047646936029195786,0.9984635710716248,0.7986502051353455,0.798863410949707,0.9930382966995239,0.006961825303733349,0.011912635527551174,0.9990016222000122,0.6099252104759216,0.6088459491729736
78.0,1.0,0.9907891750335693,0.009210440330207348,0.04879609867930412,0.9984436631202698,0.7672320604324341,0.7673485279083252,0.9932140707969666,0.006785917561501265,0.025075417011976242,0.9988271594047546,0.8456573486328125,0.8457385301589966
78.0,2.0,0.9907336235046387,0.009266006760299206,0.04835018888115883,0.9984410405158997,0.8082395195960999,0.8082976937294006,0.9938397407531738,0.0061600226908922195,0.02406458370387554,0.9988870620727539,0.6444738507270813,0.6447870135307312
78.0,3.0,0.9900767207145691,0.009923853911459446,0.04964826628565788,0.9984740614891052,0.7646733522415161,0.7648987770080566,0.9951111078262329,0.004888482857495546,0.027322912588715553,0.9986534714698792,0.8383462429046631,0.8380712270736694
78.0,4.0,0.9939965009689331,0.00600390275940299,0.023729689419269562,0.9988022446632385,0.7624946236610413,0.7623093128204346,0.9857366681098938,0.014263881370425224,0.08586671203374863,0.9979394674301147,0.8201664090156555,0.8208337426185608
79.0,0.0,0.9910598397254944,0.008940505795180798,0.047764722257852554,0.9984666109085083,0.7986623048782349,0.7988843321800232,0.9930464625358582,0.006953277625143528,0.011865035630762577,0.9990054368972778,0.6099120378494263,0.6088653206825256
79.0,1.0,0.9908021092414856,0.009198390878736973,0.04887935519218445,0.9984455704689026,0.7672399282455444,0.767363429069519,0.9932328462600708,0.006767211481928825,0.02472153678536415,0.9988274574279785,0.845782995223999,0.8457500338554382
79.0,2.0,0.990745484828949,0.009254981763660908,0.04844187572598457,0.9984450340270996,0.8082401752471924,0.8083064556121826,0.9938492774963379,0.006150858476758003,0.024113057181239128,0.998887836933136,0.6445091962814331,0.6447960734367371
79.0,3.0,0.9900872111320496,0.009911937639117241,0.04969870299100876,0.998475968837738,0.7646946310997009,0.7649070024490356,0.9951174259185791,0.004883197136223316,0.02735498733818531,0.9986534714698792,0.8383853435516357,0.8380861282348633
79.0,4.0,0.9940036535263062,0.005995931103825569,0.023745408281683922,0.9988060593605042,0.7625145316123962,0.7623245716094971,0.9857543706893921,0.0142457140609622,0.08588337898254395,0.9979442358016968,0.8202009797096252,0.8208650946617126
80.0,0.0,0.991075336933136,0.008925037458539009,0.04769811034202576,0.9984675645828247,0.7986682057380676,0.7988905906677246,0.9930336475372314,0.006966342683881521,0.011645485647022724,0.9990023374557495,0.6101943850517273,0.6088518500328064
80.0,1.0,0.9908097982406616,0.009190386161208153,0.04894984886050224,0.9984482526779175,0.7672581076622009,0.7673696279525757,0.993238627910614,0.006760946474969387,0.024840954691171646,0.9988288879394531,0.8458238840103149,0.8457582592964172
80.0,2.0,0.9907523989677429,0.009247278794646263,0.04853316396474838,0.9984460473060608,0.8082627058029175,0.8083158135414124,0.9938593506813049,0.006140389945358038,0.0241232980042696,0.998892605304718,0.6445413827896118,0.6448112726211548
80.0,3.0,0.990104079246521,0.009895623661577702,0.04963761568069458,0.9984780550003052,0.7646999955177307,0.76491379737854,0.9951213002204895,0.00487879803404212,0.027361104264855385,0.9986550807952881,0.8383908867835999,0.8380924463272095
80.0,4.0,0.9940111041069031,0.005988906137645245,0.02370932511985302,0.9988057017326355,0.7625167369842529,0.7623264789581299,0.9857631325721741,0.014237050898373127,0.08634090423583984,0.9979465007781982,0.8201306462287903,0.820867121219635
81.0,0.0,0.9910815954208374,0.008917813189327717,0.047739963978528976,0.9984690546989441,0.7986796498298645,0.7988991141319275,0.9930630326271057,0.006936873774975538,0.011972269043326378,0.9990053772926331,0.6099218726158142,0.6088685393333435
81.0,1.0,0.9908192753791809,0.009179998189210892,0.04898083582520485,0.9984491467475891,0.7672615051269531,0.7673786878585815,0.9932551980018616,0.006744615267962217,0.02475675195455551,0.9988313913345337,0.8457903861999512,0.8457647562026978
81.0,2.0,0.9907628893852234,0.0092368945479393,0.048573464155197144,0.9984490871429443,0.8082533478736877,0.8083219528198242,0.993868350982666,0.006131553091108799,0.023948712274432182,0.9988897442817688,0.6445544362068176,0.6448087096214294
81.0,3.0,0.9901136755943298,0.009886307641863823,0.049680691212415695,0.9984807372093201,0.7647235989570618,0.7649267911911011,0.9951257705688477,0.004873609635978937,0.027496403083205223,0.9986558556556702,0.8383773565292358,0.8380966186523438
81.0,4.0,0.9940209984779358,0.005980218295007944,0.023777244612574577,0.998805820941925,0.7625137567520142,0.7623302340507507,0.9857714176177979,0.014228793792426586,0.08556056022644043,0.9979476928710938,0.8203036189079285,0.8208747506141663
82.0,0.0,0.9910925030708313,0.008907479234039783,0.04772823676466942,0.9984726309776306,0.7986966967582703,0.7989073395729065,0.993073046207428,0.0069268313236534595,0.011820187792181969,0.9990078210830688,0.6099784970283508,0.6088552474975586
82.0,1.0,0.9908267855644226,0.00917317345738411,0.04905140399932861,0.998450756072998,0.7672632336616516,0.7673776745796204,0.993269681930542,0.006730634719133377,0.02473611757159233,0.998832106590271,0.8458032011985779,0.8457707762718201
82.0,2.0,0.9907779693603516,0.009221253916621208,0.04848482459783554,0.9984506964683533,0.8082722425460815,0.8083317279815674,0.9938770532608032,0.0061231497675180435,0.024061882868409157,0.998891294002533,0.6445311307907104,0.64481520652771
82.0,3.0,0.9901261925697327,0.00987439975142479,0.04972309619188309,0.9984816908836365,0.7647239565849304,0.764935314655304,0.9951297640800476,0.004869627766311169,0.02747480571269989,0.9986577033996582,0.8383888006210327,0.8381021618843079
82.0,4.0,0.9940282702445984,0.005970942322164774,0.023781215772032738,0.9988088011741638,0.7625258564949036,0.7623342275619507,0.9857794642448425,0.014220843091607094,0.0856219083070755,0.9979512691497803,0.8202937245368958,0.820889413356781
83.0,0.0,0.9911056160926819,0.008893965743482113,0.047860287129879,0.9984739422798157,0.7987021207809448,0.7989199161529541,0.9930824041366577,0.006917749531567097,0.011838416568934917,0.9990059733390808,0.6099777817726135,0.6088485717773438
83.0,1.0,0.9908376932144165,0.009160476736724377,0.04905036464333534,0.9984531998634338,0.7672846913337708,0.7673929929733276,0.9932916760444641,0.006708153989166021,0.024973543360829353,0.9988332986831665,0.8457857370376587,0.8458589315414429
83.0,2.0,0.9907888174057007,0.009211515076458454,0.04855901002883911,0.9984528422355652,0.8082788586616516,0.808340847492218,0.9938838481903076,0.0061161816120147705,0.024161051958799362,0.9988908767700195,0.6445598602294922,0.644822359085083
83.0,3.0,0.9901378154754639,0.009863187558948994,0.049755629152059555,0.998485267162323,0.7647191882133484,0.7649372220039368,0.9951361417770386,0.004864056594669819,0.02756902016699314,0.9986608624458313,0.8384249210357666,0.8381157517433167
83.0,4.0,0.9940403699874878,0.0059598577208817005,0.02383696846663952,0.9988076686859131,0.7625410556793213,0.7623665928840637,0.9857932925224304,0.014206447638571262,0.08611766993999481,0.9979497194290161,0.8201894760131836,0.820887565612793
84.0,0.0,0.9911198019981384,0.008880134671926498,0.04787742346525192,0.9984765648841858,0.7987173795700073,0.7989451289176941,0.9930884838104248,0.006911705248057842,0.011897658929228783,0.9990049600601196,0.6099573373794556,0.608847975730896
84.0,1.0,0.9908480048179626,0.009152892976999283,0.04904063045978546,0.9984551072120667,0.7672907710075378,0.7674025297164917,0.9933103322982788,0.006689569912850857,0.02476608380675316,0.9988349080085754,0.8458617925643921,0.8458743095397949
84.0,2.0,0.9908012747764587,0.009198199026286602,0.04862329736351967,0.9984557628631592,0.8083087801933289,0.8083775043487549,0.9938933253288269,0.00610718410462141,0.024253707379102707,0.9988942742347717,0.6445466876029968,0.6448385119438171
84.0,3.0,0.9901517629623413,0.009847695007920265,0.04976676404476166,0.9984859824180603,0.764745831489563,0.7649737596511841,0.9951409697532654,0.004858686588704586,0.02750185877084732,0.998659610748291,0.8384095430374146,0.8381067514419556
84.0,4.0,0.9940515160560608,0.005949106067419052,0.023897992447018623,0.9988100528717041,0.7625253796577454,0.7623683214187622,0.9858170747756958,0.014183363877236843,0.08576157689094543,0.9979589581489563,0.8203428387641907,0.8209333419799805
85.0,0.0,0.9911326766014099,0.00886878464370966,0.04792768508195877,0.9984792470932007,0.7987261414527893,0.7989556789398193,0.9930960536003113,0.0069041321985423565,0.012012680061161518,0.9990042448043823,0.6099497079849243,0.6088474988937378
85.0,1.0,0.9908600449562073,0.00914056971669197,0.04911572113633156,0.998458743095398,0.7673009037971497,0.7674139142036438,0.9933269619941711,0.006673126481473446,0.024853572249412537,0.9988368153572083,0.8458583354949951,0.8458912968635559
85.0,2.0,0.9908106327056885,0.009189099073410034,0.04865366965532303,0.9984570145606995,0.8083006739616394,0.8083802461624146,0.9939008951187134,0.006098938174545765,0.024265751242637634,0.9988915324211121,0.6445451974868774,0.6448271870613098
85.0,3.0,0.990165114402771,0.00983535498380661,0.04984627664089203,0.9984866380691528,0.7647632360458374,0.7649789452552795,0.9951452016830444,0.004854968283325434,0.027630839496850967,0.9986604452133179,0.8384004235267639,0.8381118774414062
85.0,4.0,0.994059681892395,0.005940642673522234,0.02390982024371624,0.9988126158714294,0.762556254863739,0.7623900175094604,0.9858285188674927,0.014171525835990906,0.0862530767917633,0.9979608058929443,0.8203213214874268,0.8209430575370789
86.0,0.0,0.9911405444145203,0.008859163150191307,0.04788949340581894,0.9984797239303589,0.7987412810325623,0.7989632487297058,0.9930996298789978,0.006900366861373186,0.011858620680868626,0.9990098476409912,0.6100554466247559,0.6088489890098572
86.0,1.0,0.9908685088157654,0.00913158617913723,0.049148716032505035,0.9984594583511353,0.7673190832138062,0.767425000667572,0.9933395981788635,0.006660675164312124,0.025055399164557457,0.9988381862640381,0.8457828760147095,0.8458977937698364
86.0,2.0,0.9908185005187988,0.009181071072816849,0.048646923154592514,0.9984586834907532,0.8083193898200989,0.8083915114402771,0.9939097762107849,0.006090059876441956,0.024214433506131172,0.9988946914672852,0.6445968747138977,0.6448336839675903
86.0,3.0,0.990178644657135,0.00982140563428402,0.04989397153258324,0.998489260673523,0.7647799849510193,0.764999508857727,0.9951487183570862,0.004850920755416155,0.027558688074350357,0.9986623525619507,0.8384196162223816,0.8381178975105286
86.0,4.0,0.9940663576126099,0.005934267304837704,0.023957477882504463,0.9988133907318115,0.7625630497932434,0.76238614320755,0.98585444688797,0.01414512563496828,0.0865039974451065,0.9979680776596069,0.8203008770942688,0.8209713101387024
87.0,0.0,0.9911507368087769,0.00885066483169794,0.047930292785167694,0.9984810948371887,0.7987449169158936,0.7989737391471863,0.9931105375289917,0.0068892911076545715,0.011879147961735725,0.9990163445472717,0.6100472211837769,0.6088815331459045
87.0,1.0,0.9908772706985474,0.009122928604483604,0.04917668178677559,0.9984622001647949,0.7673256397247314,0.7674368619918823,0.9933499693870544,0.0066498443484306335,0.025013690814375877,0.99884033203125,0.845887303352356,0.8459049463272095
87.0,2.0,0.9908310770988464,0.009169338271021843,0.04866389185190201,0.9984609484672546,0.8083301186561584,0.8084017038345337,0.9939192533493042,0.006080964580178261,0.02422936260700226,0.9988957643508911,0.6445826292037964,0.6448551416397095
87.0,3.0,0.9901886582374573,0.009811127558350563,0.0498865470290184,0.9984948039054871,0.7647987008094788,0.7650181651115417,0.9951546788215637,0.004845528397709131,0.02760821394622326,0.9986640810966492,0.8384151458740234,0.8381200432777405
87.0,4.0,0.9940729737281799,0.00592686515301466,0.02400634065270424,0.998814582824707,0.7625558972358704,0.7623939514160156,0.9858672022819519,0.014132524840533733,0.08636979013681412,0.9979687333106995,0.8203245997428894,0.8209714293479919
88.0,0.0,0.9911586046218872,0.008842184208333492,0.04803178086876869,0.9984825253486633,0.7987579703330994,0.7989843487739563,0.9931212067604065,0.006878525018692017,0.011883988976478577,0.9990116953849792,0.6100047826766968,0.6088680624961853
88.0,1.0,0.9908868670463562,0.00911380723118782,0.04922417923808098,0.9984628558158875,0.7673369646072388,0.7674434781074524,0.9933550357818604,0.006644467823207378,0.024843621999025345,0.9988396763801575,0.8459720611572266,0.845909059047699
88.0,2.0,0.9908415079116821,0.009158443659543991,0.04874702915549278,0.9984605312347412,0.8083391785621643,0.8084044456481934,0.9939258694648743,0.006074175704270601,0.024422353133559227,0.9988980293273926,0.6445669531822205,0.6448811888694763
88.0,3.0,0.990200400352478,0.009799852035939693,0.04992442578077316,0.9984937906265259,0.764801025390625,0.7650231719017029,0.9951604008674622,0.0048397378996014595,0.027661992236971855,0.9986642003059387,0.8384431600570679,0.8381255269050598
88.0,4.0,0.9940813183784485,0.0059185633435845375,0.024035584181547165,0.9988130927085876,0.7625681757926941,0.762395977973938,0.9858683943748474,0.014131617732346058,0.08598481863737106,0.9979705214500427,0.8203838467597961,0.8209792971611023
89.0,0.0,0.9911683797836304,0.00883181020617485,0.04801611229777336,0.9984855055809021,0.7987757325172424,0.7989950180053711,0.993128776550293,0.006871418096125126,0.011866513639688492,0.9990161061286926,0.6100035309791565,0.6089050769805908
89.0,1.0,0.9908925890922546,0.009107735939323902,0.04925079271197319,0.9984652996063232,0.7673448920249939,0.767450749874115,0.9933662414550781,0.006633716635406017,0.02488800883293152,0.9988417625427246,0.8459512591362,0.8459160923957825
89.0,2.0,0.9908513426780701,0.009148486889898777,0.048741694539785385,0.9984639883041382,0.8083621263504028,0.808417022228241,0.9939350485801697,0.00606512138620019,0.02433653548359871,0.9988978505134583,0.6446001529693604,0.6448761224746704
89.0,3.0,0.9902122020721436,0.009788032621145248,0.0499870665371418,0.9984975457191467,0.7648086547851562,0.7650353312492371,0.9951649904251099,0.00483551574870944,0.027665315195918083,0.9986663460731506,0.8384364247322083,0.8381302356719971
89.0,4.0,0.994088351726532,0.0059115104377269745,0.023997027426958084,0.9988144040107727,0.7625768780708313,0.7623994946479797,0.985890805721283,0.014109586365520954,0.08647913485765457,0.9979764223098755,0.8203569054603577,0.8210009336471558
90.0,0.0,0.9911940097808838,0.00880550965666771,0.04806986078619957,0.998491644859314,0.7987955808639526,0.7990165948867798,0.9931421875953674,0.006857812870293856,0.0119245033711195,0.9990149140357971,0.6099941730499268,0.6088966131210327
90.0,1.0,0.9909178018569946,0.009082072414457798,0.049281004816293716,0.9984675645828247,0.7673589587211609,0.7674671411514282,0.9933821558952332,0.0066181691363453865,0.025101881474256516,0.9988462328910828,0.8458737134933472,0.8459370136260986
90.0,2.0,0.9908740520477295,0.009125713258981705,0.04877489060163498,0.9984681606292725,0.8083728551864624,0.8084360361099243,0.9939425587654114,0.006057664752006531,0.024347255006432533,0.9988998174667358,0.6445990204811096,0.6448823809623718
90.0,3.0,0.990232527256012,0.009767149575054646,0.049989692866802216,0.998499870300293,0.7648326754570007,0.7650474905967712,0.9951687455177307,0.004831089172512293,0.027669869363307953,0.99866783618927,0.8384397625923157,0.8381405472755432
90.0,4.0,0.9941033720970154,0.0058967238292098045,0.024037625640630722,0.9988196492195129,0.7625892758369446,0.7624185085296631,0.9859028458595276,0.014097687788307667,0.08653724938631058,0.9979761838912964,0.8203553557395935,0.8210023045539856
91.0,0.0,0.9911969304084778,0.008802423253655434,0.048064760863780975,0.9984908699989319,0.7988017797470093,0.7990174889564514,0.9931439161300659,0.006856272928416729,0.011951806023716927,0.9990135431289673,0.6099855899810791,0.6088946461677551
91.0,1.0,0.9909196496009827,0.009080355055630207,0.049252044409513474,0.9984700679779053,0.7673630118370056,0.7674719095230103,0.9933830499649048,0.006617074832320213,0.025101138278841972,0.9988456964492798,0.8458738327026367,0.8459368348121643
91.0,2.0,0.990874171257019,0.009123978205025196,0.048755157738924026,0.9984688758850098,0.8083759546279907,0.8084390163421631,0.9939427971839905,0.006056817248463631,0.02435336261987686,0.9988997578620911,0.64460289478302,0.6448827981948853
91.0,3.0,0.9902344942092896,0.00976566132158041,0.04995892941951752,0.9985005259513855,0.7648318409919739,0.765048086643219,0.9951694011688232,0.004830505233258009,0.027660218998789787,0.9986680746078491,0.8384454250335693,0.8381404280662537
91.0,4.0,0.994103729724884,0.005895845126360655,0.024028204381465912,0.9988198280334473,0.7625942230224609,0.7624212503433228,0.9859052300453186,0.014095808379352093,0.08647453039884567,0.9979764223098755,0.8203626871109009,0.821004331111908
92.0,0.0,0.991197943687439,0.008801214396953583,0.04804045706987381,0.9984922409057617,0.7988030314445496,0.7990195155143738,0.9931449294090271,0.006855435203760862,0.011950976215302944,0.9990137815475464,0.6099838018417358,0.6088945269584656
92.0,1.0,0.9909202456474304,0.009079213254153728,0.04926900565624237,0.9984704256057739,0.7673630714416504,0.767473578453064,0.9933838248252869,0.006616226863116026,0.02506384812295437,0.998845636844635,0.8459039330482483,0.8459386229515076
92.0,2.0,0.9908767342567444,0.009122749790549278,0.04874945431947708,0.9984695911407471,0.8083801865577698,0.8084403276443481,0.9939438700675964,0.006056190934032202,0.024348560720682144,0.9989004135131836,0.6446009278297424,0.6448845863342285
92.0,3.0,0.990234911441803,0.00976458378136158,0.04996878653764725,0.9985007047653198,0.764831006526947,0.7650517225265503,0.9951703548431396,0.004830123856663704,0.027623740956187248,0.99866783618927,0.8384506106376648,0.8381407260894775
92.0,4.0,0.9941049218177795,0.005895172245800495,0.02402133122086525,0.9988188743591309,0.7625935077667236,0.7624193429946899,0.9859062433242798,0.014093993231654167,0.08639654517173767,0.997978150844574,0.820382833480835,0.8210110068321228
93.0,0.0,0.9911985397338867,0.008800150826573372,0.04806123673915863,0.9984922409057617,0.7988079190254211,0.7990216016769409,0.9931455850601196,0.0068543883971869946,0.01198418065905571,0.9990139007568359,0.6099836826324463,0.6088946461677551
93.0,1.0,0.9909214377403259,0.009078213013708591,0.049255937337875366,0.9984704256057739,0.7673651576042175,0.7674744129180908,0.993385374546051,0.0066149975173175335,0.025104476138949394,0.998845636844635,0.8458858132362366,0.845937192440033
93.0,2.0,0.9908781051635742,0.009121685288846493,0.048767849802970886,0.998469889163971,0.8083854913711548,0.8084405660629272,0.9939441680908203,0.006055362522602081,0.024343101307749748,0.9989008903503418,0.6445991396903992,0.644885241985321
93.0,3.0,0.9902380108833313,0.009762994945049286,0.049971986562013626,0.9985012412071228,0.7648316025733948,0.7650514841079712,0.9951705932617188,0.004829414188861847,0.027695847675204277,0.9986692070960999,0.8384457230567932,0.8381419777870178
93.0,4.0,0.9941046833992004,0.00589434988796711,0.02402460016310215,0.998820424079895,0.7625927925109863,0.762419581413269,0.9859063625335693,0.01409335806965828,0.0865318700671196,0.9979788661003113,0.8203675150871277,0.8210113644599915
94.0,0.0,0.991200864315033,0.008799047209322453,0.048063039779663086,0.9984923601150513,0.7988109588623047,0.7990201115608215,0.9931467771530151,0.006853312719613314,0.011979297734797001,0.999014139175415,0.6099777817726135,0.6088979244232178
94.0,1.0,0.9909225106239319,0.00907701812684536,0.04928533360362053,0.9984701871871948,0.7673633694648743,0.7674718499183655,0.9933857917785645,0.00661436514928937,0.025142502039670944,0.9988465905189514,0.8458753228187561,0.8459404110908508
94.0,2.0,0.9908788800239563,0.009120442904531956,0.04876216500997543,0.9984705448150635,0.8083842396736145,0.8084445595741272,0.9939451217651367,0.006054642144590616,0.02434934489428997,0.9989004731178284,0.6445977687835693,0.6448850631713867
94.0,3.0,0.9902377128601074,0.009761973284184933,0.04996342957019806,0.9985021352767944,0.764832079410553,0.7650547623634338,0.9951716065406799,0.004828926641494036,0.027664734050631523,0.9986683130264282,0.838444173336029,0.8381395936012268
94.0,4.0,0.9941072463989258,0.00589356804266572,0.024051720276474953,0.9988200664520264,0.7625923156738281,0.7624190449714661,0.9859092235565186,0.014090982265770435,0.08648909628391266,0.9979788064956665,0.8203737735748291,0.8210120797157288
95.0,0.0,0.9912014007568359,0.008797979913651943,0.048065394163131714,0.9984933137893677,0.7988069653511047,0.7990241050720215,0.9931477308273315,0.006852712947875261,0.011954618617892265,0.9990134835243225,0.6099855899810791,0.6088944673538208
95.0,1.0,0.9909236431121826,0.009075920097529888,0.04927923530340195,0.9984708428382874,0.7673709392547607,0.7674770355224609,0.993386447429657,0.006613203790038824,0.025103991851210594,0.9988452196121216,0.8458791971206665,0.8459363579750061
95.0,2.0,0.9908804297447205,0.009119585156440735,0.04877280071377754,0.9984705448150635,0.8083820343017578,0.8084442615509033,0.9939460158348083,0.0060537732206285,0.024340296164155006,0.9989004135131836,0.6446038484573364,0.6448861360549927
95.0,3.0,0.9902393817901611,0.00976067315787077,0.049943599849939346,0.9985023140907288,0.7648407220840454,0.7650527954101562,0.995171844959259,0.004828519653528929,0.02768794074654579,0.9986681938171387,0.8384465575218201,0.8381412625312805
95.0,4.0,0.9941074848175049,0.005892839282751083,0.02403489500284195,0.9988194108009338,0.7625936269760132,0.7624211311340332,0.9859107732772827,0.014089768752455711,0.08657050877809525,0.9979793429374695,0.8203590512275696,0.8210131525993347
96.0,0.0,0.9912038445472717,0.00879682507365942,0.04806871712207794,0.9984933137893677,0.7988067865371704,0.7990245819091797,0.9931485652923584,0.0068514784798026085,0.011950911022722721,0.9990155696868896,0.6099854111671448,0.608900785446167
96.0,1.0,0.9909254312515259,0.009074878878891468,0.04928791895508766,0.9984716176986694,0.7673658132553101,0.7674741148948669,0.993387758731842,0.006612473167479038,0.025074800476431847,0.9988467693328857,0.8458879590034485,0.8459399342536926
96.0,2.0,0.9908804893493652,0.009118515998125076,0.048757459968328476,0.9984711408615112,0.8083955645561218,0.8084481954574585,0.9939467906951904,0.00605302769690752,0.024351822212338448,0.9989013075828552,0.6446000337600708,0.6448865532875061
96.0,3.0,0.9902404546737671,0.009759577922523022,0.04999560862779617,0.9985024929046631,0.7648372054100037,0.7650553584098816,0.9951716065406799,0.004828137811273336,0.0276741124689579,0.9986679553985596,0.8384566307067871,0.8381437659263611
96.0,4.0,0.994107186794281,0.005892171990126371,0.024048352614045143,0.9988199472427368,0.7625951766967773,0.7624239325523376,0.9859127402305603,0.014087118208408356,0.08641661703586578,0.997978925704956,0.8203834295272827,0.8210145831108093
97.0,0.0,0.9912034869194031,0.0087960883975029,0.04805169999599457,0.9984942078590393,0.7988099455833435,0.7990259528160095,0.9931495189666748,0.006850249599665403,0.011955605819821358,0.999015748500824,0.6100285053253174,0.608919084072113
97.0,1.0,0.9909263253211975,0.009073863737285137,0.04928748682141304,0.9984714388847351,0.7673701047897339,0.7674750685691833,0.9933881163597107,0.0066115353256464005,0.025132810696959496,0.9988479018211365,0.8458793759346008,0.8459426760673523
97.0,2.0,0.9908826947212219,0.009117419831454754,0.048776548355817795,0.9984710216522217,0.8083949685096741,0.8084489703178406,0.9939475655555725,0.006052159704267979,0.024361949414014816,0.9989007711410522,0.6446067690849304,0.6448856592178345
97.0,3.0,0.9902418255805969,0.009758477099239826,0.04994078725576401,0.998503565788269,0.7648386359214783,0.765059769153595,0.995172381401062,0.004827461671084166,0.02767067216336727,0.9986681938171387,0.8384448885917664,0.8381398916244507
97.0,4.0,0.9941084980964661,0.005891390144824982,0.02407267317175865,0.9988208413124084,0.7625908851623535,0.7624245285987854,0.9859140515327454,0.014086013659834862,0.08640453964471817,0.997980535030365,0.8204028606414795,0.8210244178771973
98.0,0.0,0.9912050366401672,0.008794831112027168,0.048057787120342255,0.998493492603302,0.7988161444664001,0.7990289926528931,0.9931504130363464,0.006849667057394981,0.011953603476285934,0.9990147352218628,0.6099857091903687,0.6088972687721252
98.0,1.0,0.9909273386001587,0.009072708897292614,0.04928328096866608,0.9984714984893799,0.7673765420913696,0.7674797773361206,0.9933896064758301,0.006610610522329807,0.025121552869677544,0.9988477826118469,0.845893919467926,0.8459452390670776
98.0,2.0,0.9908838272094727,0.009116224944591522,0.0487787164747715,0.9984704852104187,0.8083947896957397,0.8084499835968018,0.9939490556716919,0.006051282864063978,0.02434770204126835,0.9989014267921448,0.6446079611778259,0.644887387752533
98.0,3.0,0.9902434349060059,0.009757139720022678,0.04995625093579292,0.9985032081604004,0.7648468017578125,0.7650613784790039,0.9951732158660889,0.004826984368264675,0.027716808021068573,0.9986684322357178,0.8384459614753723,0.8381417393684387
98.0,4.0,0.9941097497940063,0.005890684202313423,0.024039866402745247,0.9988211989402771,0.7625957131385803,0.7624205350875854,0.985914409160614,0.014085656963288784,0.08657757937908173,0.9979796409606934,0.8203756809234619,0.8210227489471436
99.0,0.0,0.9912067651748657,0.008793747052550316,0.048086971044540405,0.9984944462776184,0.798818051815033,0.7990318536758423,0.9931510090827942,0.006848672404885292,0.011985605582594872,0.9990141987800598,0.6099837422370911,0.6088964939117432
99.0,1.0,0.9909286499023438,0.009071709588170052,0.0492970272898674,0.998472273349762,0.7673792243003845,0.7674837708473206,0.9933900833129883,0.006609608884900808,0.02512536011636257,0.9988457560539246,0.845883846282959,0.8459397554397583
99.0,2.0,0.9908847212791443,0.009115206077694893,0.048770222812891006,0.9984719157218933,0.8083915114402771,0.8084486722946167,0.9939499497413635,0.006050459574908018,0.024360070005059242,0.9989013075828552,0.6446067094802856,0.6448857188224792
99.0,3.0,0.9902436137199402,0.009756192564964294,0.04997383430600166,0.9985030293464661,0.7648444771766663,0.765062153339386,0.9951737523078918,0.004826488438993692,0.027699628844857216,0.9986690878868103,0.8384475708007812,0.8381417393684387
99.0,4.0,0.9941099882125854,0.005889913532882929,0.02404649928212166,0.9988213181495667,0.7625983357429504,0.7624233961105347,0.9859176278114319,0.01408241968601942,0.08647488057613373,0.9979819655418396,0.8203954100608826,0.8210275769233704
100.0,0.0,0.9912062883377075,0.008792881853878498,0.04806898534297943,0.9984943270683289,0.7988201379776001,0.7990304231643677,0.9931519031524658,0.006847855169326067,0.011954471468925476,0.999015748500824,0.6099857091903687,0.6089019179344177
100.0,1.0,0.9909286499023438,0.009070559404790401,0.049267593771219254,0.9984716773033142,0.767377495765686,0.7674839496612549,0.9933908581733704,0.006608927622437477,0.02516794390976429,0.9988471269607544,0.8458845615386963,0.8459431529045105
100.0,2.0,0.9908860325813293,0.009114107117056847,0.048796460032463074,0.9984709620475769,0.8083910346031189,0.8084504008293152,0.9939500093460083,0.006049748510122299,0.02435416169464588,0.9989004731178284,0.6446111798286438,0.6448845863342285
100.0,3.0,0.9902462363243103,0.00975501723587513,0.04995952546596527,0.9985030293464661,0.7648465633392334,0.765058159828186,0.99517422914505,0.004826034419238567,0.027699068188667297,0.9986687898635864,0.8384463787078857,0.8381422758102417
100.0,4.0,0.994110643863678,0.005889161489903927,0.024045661091804504,0.9988203048706055,0.7626014947891235,0.7624263167381287,0.985919177532196,0.01408088393509388,0.08653574436903,0.9979826807975769,0.8203878998756409,0.8210299611091614
101.0,0.0,0.9912078976631165,0.008791829459369183,0.0480855330824852,0.9984952807426453,0.7988124489784241,0.799031674861908,0.9931531548500061,0.006846899166703224,0.011959357187151909,0.9990149736404419,0.6100298166275024,0.6089181303977966
101.0,1.0,0.990930438041687,0.009069466032087803,0.04924494028091431,0.9984731078147888,0.7673850655555725,0.7674849629402161,0.9933923482894897,0.0066078901290893555,0.025138942524790764,0.9988475441932678,0.8458855748176575,0.845943808555603
101.0,2.0,0.990886390209198,0.00911295972764492,0.04880876839160919,0.9984721541404724,0.8083984851837158,0.8084526658058167,0.9939507842063904,0.006048834417015314,0.02436133101582527,0.9989008903503418,0.6446055173873901,0.64488685131073
101.0,3.0,0.9902467131614685,0.00975368544459343,0.0499652698636055,0.9985023140907288,0.7648465633392334,0.7650591135025024,0.9951743483543396,0.004825578071177006,0.027702149003744125,0.9986690282821655,0.8384532928466797,0.8381451964378357
101.0,4.0,0.9941113591194153,0.005888450425118208,0.02406168356537819,0.9988206028938293,0.7625970840454102,0.7624238133430481,0.9859208464622498,0.014079120010137558,0.08645953983068466,0.9979820847511292,0.8204029202461243,0.8210286498069763
102.0,0.0,0.9912094473838806,0.008790740743279457,0.04809926450252533,0.9984950423240662,0.7988191843032837,0.7990334033966064,0.9931538105010986,0.006846065167337656,0.011958821676671505,0.9990153908729553,0.6100322008132935,0.6089000105857849
102.0,1.0,0.9909309148788452,0.009068608283996582,0.04927647113800049,0.9984729290008545,0.7673857808113098,0.7674869894981384,0.9933926463127136,0.006606784649193287,0.025126369670033455,0.9988475441932678,0.8458886742591858,0.8459416031837463
102.0,2.0,0.9908877015113831,0.009111872874200344,0.04878230392932892,0.9984713792800903,0.8084042072296143,0.8084574937820435,0.9939520955085754,0.00604805676266551,0.024405084550380707,0.9989004135131836,0.6445945501327515,0.6448876261711121
102.0,3.0,0.9902480244636536,0.009752621874213219,0.0499604232609272,0.9985035061836243,0.7648534178733826,0.7650656700134277,0.9951751232147217,0.004824955482035875,0.0277200136333704,0.9986704587936401,0.8384426832199097,0.8381433486938477
102.0,4.0,0.9941120147705078,0.005887681618332863,0.024079501628875732,0.998820424079895,0.7625863552093506,0.7624238133430481,0.9859226942062378,0.014077629894018173,0.0864514708518982,0.9979823231697083,0.8204076290130615,0.8210326433181763
103.0,0.0,0.9912103414535522,0.008789547719061375,0.04806191474199295,0.9984946846961975,0.7988232970237732,0.7990344762802124,0.9931549429893494,0.006845094729214907,0.011990253813564777,0.9990160465240479,0.6100329160690308,0.6089213490486145
103.0,1.0,0.9909318089485168,0.009067494422197342,0.04927710443735123,0.9984731674194336,0.7673890590667725,0.7674873471260071,0.9933942556381226,0.006606080569326878,0.02514863759279251,0.9988487362861633,0.8458830714225769,0.8459465503692627
103.0,2.0,0.9908890128135681,0.009111037477850914,0.048810120671987534,0.9984726905822754,0.8084025382995605,0.8084573149681091,0.9939528703689575,0.006047310307621956,0.024367529898881912,0.9989016652107239,0.644609272480011,0.6448873281478882
103.0,3.0,0.9902492165565491,0.00975133664906025,0.05001050978899002,0.9985039234161377,0.7648438811302185,0.7650619745254517,0.9951753616333008,0.0048246546648442745,0.02770591713488102,0.9986683130264282,0.8384556770324707,0.8381461501121521
103.0,4.0,0.9941126108169556,0.005887088365852833,0.024051686748862267,0.9988213777542114,0.7626010775566101,0.7624292373657227,0.9859241843223572,0.014075891114771366,0.08648555725812912,0.9979820251464844,0.8204016089439392,0.8210299611091614
104.0,0.0,0.9912106990814209,0.008788526989519596,0.048098448663949966,0.9984946846961975,0.7988197207450867,0.7990328669548035,0.9931558966636658,0.006844152696430683,0.01199069619178772,0.9990152716636658,0.6100327968597412,0.6089204549789429
104.0,1.0,0.990933895111084,0.009066515602171421,0.0493028499186039,0.9984732270240784,0.7673863768577576,0.7674894332885742,0.9933948516845703,0.006605168804526329,0.025133585557341576,0.9988487958908081,0.845906138420105,0.8459486961364746
104.0,2.0,0.9908897280693054,0.009109958074986935,0.048790521919727325,0.9984723329544067,0.8083944320678711,0.8084507584571838,0.9939537644386292,0.006046258378773928,0.024365214630961418,0.9989014267921448,0.6446081399917603,0.6448879241943359
104.0,3.0,0.9902496933937073,0.009750145487487316,0.04999064654111862,0.9985033869743347,0.7648482322692871,0.7650631666183472,0.9951753616333008,0.004824069328606129,0.02768203802406788,0.9986695647239685,0.8384556174278259,0.8381462693214417
104.0,4.0,0.9941136240959167,0.00588602339848876,0.02407551184296608,0.9988209009170532,0.7625938653945923,0.7624274492263794,0.9859260320663452,0.014074764214456081,0.08639483898878098,0.997982919216156,0.820419430732727,0.8210350871086121
105.0,0.0,0.9912125468254089,0.008787618950009346,0.04811352491378784,0.9984952807426453,0.7988206744194031,0.7990347743034363,0.9931565523147583,0.006843397859483957,0.01196291483938694,0.9990155696868896,0.6100396513938904,0.6089038252830505
105.0,1.0,0.9909337162971497,0.00906546413898468,0.049282655119895935,0.9984728693962097,0.767387866973877,0.7674880623817444,0.9933958053588867,0.0066041103564202785,0.025134921073913574,0.9988487958908081,0.8459103107452393,0.8459497690200806
105.0,2.0,0.9908910989761353,0.009108895435929298,0.0488147959113121,0.9984716176986694,0.8083992600440979,0.8084525465965271,0.9939542412757874,0.0060456544160842896,0.024361761286854744,0.9989010691642761,0.64460688829422,0.6448880434036255
105.0,3.0,0.9902516007423401,0.009748857468366623,0.04998379573225975,0.9985044598579407,0.7648500800132751,0.7650655508041382,0.995176374912262,0.004823577124625444,0.0276888869702816,0.9986684322357178,0.8384559154510498,0.838143527507782
105.0,4.0,0.9941151738166809,0.005885258316993713,0.024037176743149757,0.998822033405304,0.7626125812530518,0.7624315619468689,0.9859270453453064,0.014072706922888756,0.08656559884548187,0.9979832172393799,0.8203878998756409,0.8210340738296509
106.0,0.0,0.9912133812904358,0.008786695078015327,0.048109959810972214,0.9984958171844482,0.798822283744812,0.7990365028381348,0.9931573867797852,0.0068425568751990795,0.012022092007100582,0.9990164041519165,0.6099911332130432,0.6089029908180237
106.0,1.0,0.990935206413269,0.009064308367669582,0.04931322857737541,0.9984734654426575,0.767385721206665,0.7674893140792847,0.9933965802192688,0.00660314317792654,0.025150036439299583,0.998848557472229,0.8459019064903259,0.8459480404853821
106.0,2.0,0.9908925890922546,0.009107829071581364,0.04882156103849411,0.9984731674194336,0.8083950877189636,0.8084561228752136,0.9939559102058411,0.006044819951057434,0.02437629923224449,0.9989011883735657,0.6446100473403931,0.6448866128921509
106.0,3.0,0.9902523756027222,0.009747514501214027,0.049986496567726135,0.9985048174858093,0.7648517489433289,0.7650673389434814,0.9951769709587097,0.0048229265958070755,0.02769581973552704,0.9986699223518372,0.8384538292884827,0.838146984577179
106.0,4.0,0.9941155314445496,0.005884678103029728,0.024064211174845695,0.9988210797309875,0.762605607509613,0.7624257206916809,0.9859302639961243,0.014070243574678898,0.086525559425354,0.9979837536811829,0.8203984498977661,0.8210383653640747
107.0,0.0,0.9912151098251343,0.008784950710833073,0.04809495434165001,0.9984952807426453,0.7988252639770508,0.7990365028381348,0.9931580424308777,0.006842121947556734,0.012050922028720379,0.9990174174308777,0.6099781394004822,0.6089077591896057
107.0,1.0,0.9909372925758362,0.009063119068741798,0.049296408891677856,0.9984738826751709,0.7673794031143188,0.767487645149231,0.9933974742889404,0.006602534558624029,0.0251599233597517,0.9988484978675842,0.8458977937698364,0.8459494113922119
107.0,2.0,0.9908927083015442,0.00910634733736515,0.04880066588521004,0.9984740018844604,0.8084084987640381,0.8084607124328613,0.9939562082290649,0.006043884437531233,0.02436637319624424,0.9989017844200134,0.6446100473403931,0.6448888182640076
107.0,3.0,0.9902541637420654,0.009746245108544827,0.04996892064809799,0.9985048174858093,0.7648577094078064,0.7650717496871948,0.9951767325401306,0.0048225875943899155,0.02772395685315132,0.998669445514679,0.8384572863578796,0.8381466865539551
107.0,4.0,0.9941149353981018,0.005884045735001564,0.02407218888401985,0.998822808265686,0.762605607509613,0.7624313235282898,0.9859325289726257,0.014067676849663258,0.08644737303256989,0.9979829788208008,0.8204074501991272,0.8210423588752747
108.0,0.0,0.9912153482437134,0.00878425594419241,0.04811055585741997,0.9984959363937378,0.7988256812095642,0.7990371584892273,0.9931592345237732,0.006840735673904419,0.011991933919489384,0.9990167617797852,0.609991192817688,0.6089040040969849
108.0,1.0,0.9909378290176392,0.00906174723058939,0.0493084192276001,0.9984735250473022,0.7673883438110352,0.7674911022186279,0.9933983683586121,0.0066015999764204025,0.025161240249872208,0.9988481402397156,0.8458932042121887,0.8459483981132507
108.0,2.0,0.9908953309059143,0.009105013683438301,0.048821449279785156,0.9984738230705261,0.8083996176719666,0.8084598183631897,0.9939565658569336,0.006043228320777416,0.024370785802602768,0.9989013075828552,0.644608736038208,0.6448877453804016
108.0,3.0,0.9902547001838684,0.009744624607264996,0.050012361258268356,0.9985052943229675,0.7648530006408691,0.7650683522224426,0.99517822265625,0.004822010640054941,0.027735494077205658,0.9986699223518372,0.8384528160095215,0.8381466865539551
108.0,4.0,0.9941164255142212,0.005883315112441778,0.024070726707577705,0.9988215565681458,0.7626024484634399,0.7624310255050659,0.9859344959259033,0.01406559906899929,0.08647137880325317,0.9979845881462097,0.8204096555709839,0.8210464119911194
109.0,0.0,0.9912170767784119,0.008782828226685524,0.048117510974407196,0.9984958171844482,0.7988280057907104,0.7990421652793884,0.9931596517562866,0.006840067449957132,0.011995390057563782,0.9990171194076538,0.6100460886955261,0.6089069843292236
109.0,1.0,0.9909388422966003,0.009060597978532314,0.049306366592645645,0.998473048210144,0.7673940658569336,0.7674917578697205,0.9933993816375732,0.00660058343783021,0.025161070749163628,0.9988499283790588,0.8458946347236633,0.8459535837173462
109.0,2.0,0.9908956289291382,0.009103893302381039,0.04882553964853287,0.9984737634658813,0.8083981275558472,0.8084563612937927,0.9939574599266052,0.006042486988008022,0.02437242679297924,0.9989014267921448,0.6446228623390198,0.6448954939842224
109.0,3.0,0.9902566075325012,0.009743280708789825,0.04997784271836281,0.9985056519508362,0.7648571729660034,0.7650718688964844,0.9951788187026978,0.004821606446057558,0.027706032618880272,0.9986704587936401,0.838455319404602,0.8381466269493103
109.0,4.0,0.9941163659095764,0.005882556550204754,0.024088546633720398,0.9988227486610413,0.7626022696495056,0.7624320387840271,0.9859365224838257,0.014063696376979351,0.08640503138303757,0.9979838728904724,0.8204160928726196,0.821044385433197
110.0,0.0,0.9912189245223999,0.008781461976468563,0.048106711357831955,0.9984958171844482,0.7988284826278687,0.799038827419281,0.9931604862213135,0.006839157082140446,0.012029006145894527,0.9990177154541016,0.6100439429283142,0.608927845954895
110.0,1.0,0.9909396767616272,0.009059437550604343,0.04930032789707184,0.9984740614891052,0.7673913836479187,0.7674931883811951,0.9934004545211792,0.006599780172109604,0.02515350840985775,0.9988502264022827,0.8459143042564392,0.8459544777870178
110.0,2.0,0.9908972978591919,0.009102633222937584,0.048822738230228424,0.9984726905822754,0.8084097504615784,0.8084612488746643,0.9939582347869873,0.006041795946657658,0.024402860552072525,0.9989020228385925,0.644621729850769,0.6448962688446045
110.0,3.0,0.9902578592300415,0.009742352180182934,0.0499972328543663,0.9985064268112183,0.7648568749427795,0.7650739550590515,0.9951789975166321,0.004821157082915306,0.027694353833794594,0.9986699223518372,0.8384596109390259,0.8381497859954834
110.0,4.0,0.9941188097000122,0.005881899036467075,0.024083228781819344,0.9988225698471069,0.7626076340675354,0.7624330520629883,0.985938310623169,0.014061742462217808,0.08652510493993759,0.9979850649833679,0.8204092979431152,0.8210466504096985
111.0,0.0,0.9912192821502686,0.00878062192350626,0.048078954219818115,0.9984961748123169,0.798827588558197,0.7990421652793884,0.9931616187095642,0.006838385947048664,0.012029184028506279,0.9990167617797852,0.6100345849990845,0.6089231967926025
111.0,1.0,0.9909417033195496,0.009058233350515366,0.0493224561214447,0.9984737038612366,0.7673929333686829,0.7674961090087891,0.9934008717536926,0.006599219050258398,0.025155404582619667,0.9988488554954529,0.8459091782569885,0.8459500670433044
111.0,2.0,0.9908990263938904,0.009101426228880882,0.04884517565369606,0.9984731674194336,0.808402955532074,0.8084615468978882,0.9939588904380798,0.006040997803211212,0.024378148838877678,0.9989014267921448,0.6446241736412048,0.6448935866355896
111.0,3.0,0.9902594685554504,0.00974090863019228,0.05001538619399071,0.9985056519508362,0.7648677229881287,0.7650778293609619,0.9951792359352112,0.004820743575692177,0.02772996574640274,0.9986699223518372,0.8384532332420349,0.8381485342979431
111.0,4.0,0.9941181540489197,0.00588117865845561,0.024097170680761337,0.9988223910331726,0.7625986337661743,0.7624315619468689,0.9859397411346436,0.014059670269489288,0.08638888597488403,0.9979844093322754,0.8204218149185181,0.8210452198982239
112.0,0.0,0.9912199974060059,0.00877939723432064,0.04809717461466789,0.998496413230896,0.7988329529762268,0.7990442514419556,0.993162214756012,0.0068376739509403706,0.011998512782156467,0.999017596244812,0.6100420951843262,0.608928918838501
112.0,1.0,0.9909431338310242,0.009056981652975082,0.04932126775383949,0.9984748363494873,0.7673914432525635,0.7674958109855652,0.9934014081954956,0.006598057225346565,0.025165710598230362,0.9988501667976379,0.8458991050720215,0.8459530472755432
112.0,2.0,0.9908995032310486,0.009100232273340225,0.048830971121788025,0.9984747767448425,0.8084133863449097,0.8084682822227478,0.9939593076705933,0.006040329113602638,0.024383939802646637,0.9989019632339478,0.6446167230606079,0.6448974013328552
112.0,3.0,0.9902605414390564,0.009739452041685581,0.04998849704861641,0.9985043406486511,0.7648522853851318,0.765069842338562,0.9951799511909485,0.0048201181925833225,0.027703018859028816,0.9986700415611267,0.8384665846824646,0.8381513953208923
112.0,4.0,0.99411940574646,0.0058803558349609375,0.02408762089908123,0.9988230466842651,0.7626243233680725,0.762437641620636,0.9859414100646973,0.014058714732527733,0.08657112717628479,0.9979845881462097,0.8203998804092407,0.8210470080375671
113.0,0.0,0.991221010684967,0.008778362534940243,0.048096444457769394,0.998496413230896,0.7988280057907104,0.7990422248840332,0.9931631088256836,0.006836952641606331,0.012059147469699383,0.999018132686615,0.6099894046783447,0.6089118123054504
113.0,1.0,0.9909438490867615,0.00905588548630476,0.049308616667985916,0.998473048210144,0.7673889994621277,0.7674939036369324,0.9934025406837463,0.006597419269382954,0.025192683562636375,0.9988507628440857,0.8458862900733948,0.8459543585777283
113.0,2.0,0.9909008145332336,0.009098906069993973,0.048862069845199585,0.9984738230705261,0.8083995580673218,0.8084650039672852,0.9939606189727783,0.0060395607724785805,0.024367688223719597,0.9989025592803955,0.6446333527565002,0.6448974609375
113.0,3.0,0.9902622103691101,0.009738191962242126,0.04998170584440231,0.9985060691833496,0.7648680210113525,0.7650752663612366,0.9951803088188171,0.004819872789084911,0.027731146663427353,0.998671293258667,0.838462769985199,0.8381537199020386
113.0,4.0,0.9941204786300659,0.005879672709852457,0.0240924134850502,0.9988223910331726,0.7626188397407532,0.7624385356903076,0.9859434962272644,0.014056526124477386,0.08659715205430984,0.9979842305183411,0.8204014897346497,0.821046769618988
114.0,0.0,0.9912226796150208,0.008777114562690258,0.0480964221060276,0.9984966516494751,0.798830509185791,0.7990431785583496,0.9931643605232239,0.006835706997662783,0.012031974270939827,0.9990187287330627,0.6100485324859619,0.6089312434196472
114.0,1.0,0.9909441471099854,0.009054852649569511,0.049322228878736496,0.9984738826751709,0.7673903703689575,0.767495334148407,0.9934031963348389,0.006596399936825037,0.025167711079120636,0.9988498091697693,0.8459000587463379,0.8459540605545044
114.0,2.0,0.9909020066261292,0.009098060429096222,0.048856545239686966,0.9984745383262634,0.8084117770195007,0.8084692358970642,0.9939613342285156,0.00603880500420928,0.024403510615229607,0.9989024996757507,0.6446180939674377,0.6448974609375
114.0,3.0,0.990262508392334,0.009737299755215645,0.05001882463693619,0.9985068440437317,0.7648606300354004,0.765076756477356,0.9951803088188171,0.00481941644102335,0.027724433690309525,0.9986698031425476,0.8384547829627991,0.83814936876297
114.0,4.0,0.9941210746765137,0.005879238247871399,0.02410370297729969,0.9988234639167786,0.7626095414161682,0.7624351382255554,0.9859458804130554,0.014054411090910435,0.08646326512098312,0.9979835152626038,0.8204143047332764,0.8210453391075134
115.0,0.0,0.9912234544754028,0.008776196278631687,0.0481087900698185,0.9984973669052124,0.7988324165344238,0.7990445494651794,0.9931647181510925,0.006835403852164745,0.012096162885427475,0.9990180730819702,0.6099948287010193,0.6089092493057251
115.0,1.0,0.9909465312957764,0.009053800255060196,0.04931739345192909,0.9984749555587769,0.7673924565315247,0.7674959301948547,0.9934042096138,0.0065956125035882,0.02516149915754795,0.9988502860069275,0.8458815217018127,0.8459525108337402
115.0,2.0,0.9909026026725769,0.009096935391426086,0.048853304237127304,0.9984747171401978,0.8084092736244202,0.8084671497344971,0.993961751461029,0.0060381512157619,0.024396786466240883,0.9989014267921448,0.6446241140365601,0.6448941826820374
115.0,3.0,0.9902639389038086,0.009735895320773125,0.050037965178489685,0.9985068440437317,0.7648630738258362,0.7650787234306335,0.9951810836791992,0.0048189000226557255,0.0277498047798872,0.9986703991889954,0.8384552001953125,0.8381492495536804
115.0,4.0,0.9941213726997375,0.005878548603504896,0.024111727252602577,0.9988223910331726,0.7626103162765503,0.7624315619468689,0.9859474897384644,0.014052717946469784,0.08648260682821274,0.997983992099762,0.8204165101051331,0.8210465312004089
116.0,0.0,0.9912245273590088,0.008775061927735806,0.04810946807265282,0.9984970092773438,0.7988304495811462,0.7990419864654541,0.993165910243988,0.006834229454398155,0.01206680666655302,0.9990183711051941,0.6100466847419739,0.6089304685592651
116.0,1.0,0.9909466505050659,0.009052569046616554,0.049329303205013275,0.9984745979309082,0.7673977017402649,0.7675003409385681,0.9934051036834717,0.006594629026949406,0.025172922760248184,0.998849093914032,0.8459098935127258,0.8459532260894775
116.0,2.0,0.9909047484397888,0.009095830842852592,0.04884222149848938,0.9984751343727112,0.8084129095077515,0.8084655404090881,0.9939625859260559,0.0060374541208148,0.02442023530602455,0.9989014267921448,0.6446167230606079,0.6448937058448792
116.0,3.0,0.9902646541595459,0.009734587743878365,0.050029657781124115,0.9985061287879944,0.7648595571517944,0.7650781869888306,0.9951810836791992,0.004818453453481197,0.0277590099722147,0.9986703991889954,0.8384518623352051,0.8381495475769043
116.0,4.0,0.9941222667694092,0.005877925548702478,0.02410776913166046,0.9988235831260681,0.762606143951416,0.7624346613883972,0.9859496355056763,0.014051004312932491,0.0865192636847496,0.9979856610298157,0.8204168081283569,0.8210501670837402
117.0,0.0,0.9912246465682983,0.008773930370807648,0.04812295734882355,0.998496413230896,0.7988294959068298,0.7990437746047974,0.9931662678718567,0.00683369068428874,0.011971847154200077,0.9990193247795105,0.6100542545318604,0.6089330315589905
117.0,1.0,0.9909484386444092,0.00905135553330183,0.04933875426650047,0.9984755516052246,0.7673991918563843,0.7675020098686218,0.9934059977531433,0.006593810394406319,0.025148989632725716,0.9988502264022827,0.8459258675575256,0.8459528088569641
117.0,2.0,0.9909051060676575,0.00909456331282854,0.04882543906569481,0.9984752535820007,0.8084027171134949,0.8084659576416016,0.9939635396003723,0.006036476232111454,0.02441236563026905,0.9989022016525269,0.6446297764778137,0.6448973417282104
117.0,3.0,0.9902662634849548,0.009733287617564201,0.05000801756978035,0.9985074996948242,0.7648720741271973,0.7650803327560425,0.9951820969581604,0.004818100947886705,0.02777436189353466,0.9986709356307983,0.838457465171814,0.8381521105766296
117.0,4.0,0.9941224455833435,0.005877151619642973,0.024127015843987465,0.9988238215446472,0.762614905834198,0.7624351382255554,0.9859507083892822,0.014049251563847065,0.08656015992164612,0.9979867339134216,0.8204154968261719,0.8210541009902954
118.0,0.0,0.9912277460098267,0.00877284538000822,0.04813474044203758,0.9984977841377258,0.7988320589065552,0.7990456223487854,0.9931673407554626,0.006832730490714312,0.011973450891673565,0.9990195035934448,0.6100543141365051,0.608934223651886
118.0,1.0,0.990949809551239,0.009050137363374233,0.049346186220645905,0.9984755516052246,0.7673954963684082,0.7675014734268188,0.9934067726135254,0.006593482568860054,0.025123706087470055,0.9988499283790588,0.8459309935569763,0.8459516167640686
118.0,2.0,0.9909064769744873,0.00909336656332016,0.04886383190751076,0.9984754323959351,0.8084145784378052,0.8084696531295776,0.9939642548561096,0.006035719066858292,0.024413183331489563,0.998902440071106,0.64462810754776,0.6448982954025269
118.0,3.0,0.9902678728103638,0.009731852449476719,0.050019796937704086,0.9985066652297974,0.7648716568946838,0.7650792598724365,0.9951820969581604,0.004817667882889509,0.027729826048016548,0.9986708164215088,0.8384557962417603,0.8381503224372864
118.0,4.0,0.9941232800483704,0.0058764200657606125,0.02410784550011158,0.9988238215446472,0.7626058459281921,0.7624359130859375,0.9859528541564941,0.014047311618924141,0.08646204322576523,0.9979862570762634,0.8204234838485718,0.8210538625717163
119.0,0.0,0.9912272691726685,0.008771608583629131,0.048131659626960754,0.9984981417655945,0.7988341450691223,0.7990479469299316,0.9931681156158447,0.0068319919519126415,0.012101315893232822,0.9990193247795105,0.6100439429283142,0.6089320182800293
119.0,1.0,0.9909512996673584,0.009049016050994396,0.04931763559579849,0.9984762072563171,0.7674053907394409,0.7674998044967651,0.9934078454971313,0.006592212710529566,0.025236615911126137,0.9988512396812439,0.8458677530288696,0.8459528684616089
119.0,2.0,0.9909071326255798,0.009092595428228378,0.04887963831424713,0.9984745979309082,0.8084048628807068,0.8084663152694702,0.9939653277397156,0.0060350229032337666,0.024415725842118263,0.9989020228385925,0.6446293592453003,0.6448992490768433
119.0,3.0,0.9902684688568115,0.009730752557516098,0.05004020035266876,0.9985077381134033,0.7648618221282959,0.7650821805000305,0.9951829314231873,0.004817169159650803,0.02774800918996334,0.998671293258667,0.8384626507759094,0.8381537199020386
119.0,4.0,0.9941237568855286,0.005875765345990658,0.02410537376999855,0.9988240003585815,0.7626178860664368,0.7624367475509644,0.9859535694122314,0.01404622569680214,0.08644391596317291,0.9979862570762634,0.8204312920570374,0.8210525512695312
120.0,0.0,0.9912312626838684,0.008768899366259575,0.04809826239943504,0.9984981417655945,0.7988453507423401,0.7990491390228271,0.9931692481040955,0.006830675061792135,0.012039707973599434,0.9990206956863403,0.6100677847862244,0.6089409589767456
120.0,1.0,0.9909539222717285,0.009046611376106739,0.049311671406030655,0.9984759092330933,0.767407238483429,0.7675037384033203,0.9934090375900269,0.0065908911637961864,0.025131795555353165,0.9988517761230469,0.8459140062332153,0.8459582924842834
120.0,2.0,0.990909993648529,0.009089618921279907,0.04883654788136482,0.9984759092330933,0.8084216117858887,0.8084737658500671,0.9939652681350708,0.006034390535205603,0.02441641315817833,0.9989025592803955,0.6446303725242615,0.6448985934257507
120.0,3.0,0.9902716279029846,0.009728086180984974,0.050011955201625824,0.9985074400901794,0.7648752927780151,0.7650846838951111,0.9951829314231873,0.004816646687686443,0.027770936489105225,0.9986721873283386,0.8384597301483154,0.8381551504135132
120.0,4.0,0.9941253662109375,0.005873959511518478,0.024105437099933624,0.9988248944282532,0.7626214027404785,0.7624415159225464,0.9859553575515747,0.014045004732906818,0.0865008533000946,0.9979856014251709,0.8204222321510315,0.8210526704788208
121.0,0.0,0.9912304282188416,0.008768467232584953,0.048115551471710205,0.9984989762306213,0.7988396286964417,0.7990496158599854,0.9931691884994507,0.00683055492118001,0.01203727163374424,0.9990197420120239,0.6100574135780334,0.6089356541633606
121.0,1.0,0.9909533262252808,0.009046356193721294,0.04933760315179825,0.9984754920005798,0.7674030661582947,0.7675038576126099,0.9934091567993164,0.006590916309505701,0.025129161775112152,0.998851478099823,0.8459110260009766,0.8459576964378357
121.0,2.0,0.9909101724624634,0.009089436382055283,0.04884492605924606,0.9984763264656067,0.8084161877632141,0.8084723949432373,0.9939659833908081,0.006034315563738346,0.02441350556910038,0.9989025592803955,0.6446305513381958,0.6448994874954224
121.0,3.0,0.9902721047401428,0.009727968834340572,0.05001530423760414,0.9985074996948242,0.7648736834526062,0.765084445476532,0.9951832294464111,0.004816744010895491,0.02776927873492241,0.998671293258667,0.8384581208229065,0.8381534218788147
121.0,4.0,0.9941257238388062,0.005873970687389374,0.024103865027427673,0.9988247156143188,0.7626194357872009,0.7624422907829285,0.9859555959701538,0.014044690877199173,0.08652994781732559,0.9979868531227112,0.8204205632209778,0.8210540413856506
122.0,0.0,0.9912314414978027,0.008768396452069283,0.04813230037689209,0.9984976053237915,0.7988385558128357,0.7990491390228271,0.9931694865226746,0.006830469239503145,0.012036646716296673,0.9990198612213135,0.6100542545318604,0.6089351177215576
122.0,1.0,0.9909539222717285,0.009046264924108982,0.049342311918735504,0.9984767436981201,0.7674019932746887,0.7675040364265442,0.9934093356132507,0.006590821780264378,0.02512747421860695,0.998851478099823,0.8459081649780273,0.8459557890892029
122.0,2.0,0.99090975522995,0.009089360944926739,0.04883934557437897,0.998475968837738,0.8084142804145813,0.8084729909896851,0.9939659237861633,0.006034377962350845,0.024412887170910835,0.9989030957221985,0.6446293592453003,0.6448987722396851
122.0,3.0,0.9902721643447876,0.009727872908115387,0.050007108598947525,0.9985073804855347,0.7648733854293823,0.7650843858718872,0.9951831102371216,0.004816683474928141,0.027756372466683388,0.9986706972122192,0.8384579420089722,0.8381532430648804
122.0,4.0,0.9941253662109375,0.005874010734260082,0.024099094793200493,0.9988232254981995,0.7626197338104248,0.7624409794807434,0.9859551191329956,0.014044397510588169,0.08650347590446472,0.9979857802391052,0.8204208612442017,0.821053147315979
123.0,0.0,0.9912304282188416,0.0087682930752635,0.04811832681298256,0.9984980225563049,0.798838198184967,0.799049437046051,0.9931698441505432,0.006830224767327309,0.012036515399813652,0.9990201592445374,0.6100543737411499,0.6089352965354919
123.0,1.0,0.9909541606903076,0.00904615968465805,0.04933777078986168,0.9984757900238037,0.767401933670044,0.7675036787986755,0.9934089183807373,0.0065908413380384445,0.025127023458480835,0.9988513588905334,0.8459100723266602,0.845957338809967
123.0,2.0,0.9909100532531738,0.009089251980185509,0.0488315224647522,0.9984766840934753,0.8084145784378052,0.8084725737571716,0.9939653873443604,0.00603425083681941,0.024412846192717552,0.9989025592803955,0.6446294188499451,0.6448988914489746
123.0,3.0,0.9902719259262085,0.009727712720632553,0.05001009255647659,0.9985076189041138,0.7648724317550659,0.7650834918022156,0.9951835870742798,0.004816688597202301,0.027756178751587868,0.9986710548400879,0.8384576439857483,0.8381527066230774
123.0,4.0,0.9941258430480957,0.005873921327292919,0.02410767786204815,0.9988245368003845,0.7626188397407532,0.7624407410621643,0.9859554171562195,0.014044282026588917,0.08649303764104843,0.9979864954948425,0.8204203844070435,0.821054220199585
124.0,0.0,0.9912326335906982,0.008768164552748203,0.04812446981668472,0.9984980225563049,0.7988389730453491,0.7990489602088928,0.9931697845458984,0.0068303379230201244,0.012036148458719254,0.9990199208259583,0.6100543737411499,0.6089352369308472
124.0,1.0,0.9909535646438599,0.009046057239174843,0.04933204874396324,0.9984758496284485,0.767402708530426,0.7675045728683472,0.9934090375900269,0.0065908231772482395,0.025126459077000618,0.9988516569137573,0.8459095358848572,0.8459572196006775
124.0,2.0,0.9909105896949768,0.009089167229831219,0.04882814735174179,0.9984754920005798,0.808414876461029,0.8084720969200134,0.9939658045768738,0.0060341996140778065,0.02441221848130226,0.998902440071106,0.644629180431366,0.6448990702629089
124.0,3.0,0.9902721047401428,0.009727668017148972,0.05001824349164963,0.9985076189041138,0.7648729681968689,0.7650831341743469,0.9951834678649902,0.004816726315766573,0.027768636122345924,0.9986715316772461,0.838456392288208,0.838152289390564
124.0,4.0,0.9941257238388062,0.005873857531696558,0.02410707250237465,0.9988253116607666,0.7626190185546875,0.7624416947364807,0.9859557151794434,0.014044204726815224,0.08651072531938553,0.9979862570762634,0.8204209208488464,0.8210523128509521
125.0,0.0,0.9912314414978027,0.008768103085458279,0.048125240951776505,0.9984980225563049,0.7988380789756775,0.7990491986274719,0.9931696653366089,0.006830080412328243,0.012036331929266453,0.9990198612213135,0.6100541949272156,0.6089352965354919
125.0,1.0,0.9909540414810181,0.009045993909239769,0.0493333674967289,0.9984759092330933,0.7674016356468201,0.7675038576126099,0.9934096932411194,0.0065907626412808895,0.025126837193965912,0.9988523125648499,0.8459110260009766,0.8459600806236267
125.0,2.0,0.9909109473228455,0.009089133702218533,0.04883304983377457,0.998476505279541,0.8084179162979126,0.8084731101989746,0.9939658045768738,0.006034135352820158,0.024412289261817932,0.998902440071106,0.6446279883384705,0.6448981761932373
125.0,3.0,0.9902729392051697,0.009727571159601212,0.05001461133360863,0.9985074996948242,0.764873206615448,0.7650834321975708,0.9951829314231873,0.004816729575395584,0.027756081894040108,0.998671293258667,0.838456392288208,0.838152289390564
125.0,4.0,0.9941253662109375,0.005873820278793573,0.024098273366689682,0.9988242387771606,0.7626181840896606,0.7624414563179016,0.9859557151794434,0.014044071547687054,0.08650131523609161,0.997986376285553,0.8204209208488464,0.8210539817810059
126.0,0.0,0.9912326335906982,0.008768093772232533,0.04812884330749512,0.9984987378120422,0.7988377213478088,0.7990497350692749,0.9931697845458984,0.006830140016973019,0.012036612257361412,0.9990198612213135,0.6100543737411499,0.6089353561401367
126.0,1.0,0.9909546971321106,0.009045925922691822,0.049326442182064056,0.9984761476516724,0.7674022316932678,0.7675046324729919,0.9934089183807373,0.006590791512280703,0.025127287954092026,0.9988522529602051,0.8459125757217407,0.8459588289260864
126.0,2.0,0.9909102916717529,0.00908903032541275,0.048834800720214844,0.9984762668609619,0.8084149360656738,0.8084732294082642,0.9939659833908081,0.006034114398062229,0.024412615224719048,0.998902440071106,0.6446279883384705,0.6448983550071716
126.0,3.0,0.9902717471122742,0.009727506898343563,0.05001337453722954,0.9985078573226929,0.7648726105690002,0.7650841474533081,0.9951834678649902,0.004816667642444372,0.02775614894926548,0.9986710548400879,0.8384572863578796,0.8381531834602356
126.0,4.0,0.9941256642341614,0.005873851478099823,0.02409895323216915,0.9988245368003845,0.7626194357872009,0.7624409794807434,0.9859563112258911,0.014043919742107391,0.08649400621652603,0.9979860186576843,0.8204216361045837,0.8210551738739014
127.0,0.0,0.9912320375442505,0.008767986670136452,0.048125747591257095,0.9984988570213318,0.7988381385803223,0.7990497350692749,0.993169903755188,0.006830341648310423,0.012036670930683613,0.9990196824073792,0.6100543141365051,0.6089352965354919
127.0,1.0,0.9909539818763733,0.009045878425240517,0.04933002591133118,0.9984759092330933,0.7674012780189514,0.7675037384033203,0.993409276008606,0.00659068301320076,0.025127042084932327,0.998852014541626,0.8459128141403198,0.8459587097167969
127.0,2.0,0.9909110069274902,0.009088974446058273,0.048830702900886536,0.9984768629074097,0.8084155321121216,0.8084738254547119,0.9939659833908081,0.0060341134667396545,0.024412261322140694,0.998902440071106,0.64462810754776,0.6448980569839478
127.0,3.0,0.9902725219726562,0.009727400727570057,0.05001114681363106,0.9985079169273376,0.7648744583129883,0.7650837302207947,0.9951833486557007,0.004816736560314894,0.027755700051784515,0.9986709356307983,0.8384564518928528,0.8381520509719849
127.0,4.0,0.9941253066062927,0.005873801652342081,0.02409849502146244,0.9988244771957397,0.7626194357872009,0.76244056224823,0.985957145690918,0.014043844304978848,0.08650925010442734,0.9979863166809082,0.820421576499939,0.8210543394088745
128.0,0.0,0.9912327527999878,0.008767935447394848,0.04812256246805191,0.9984987378120422,0.798837423324585,0.7990493774414062,0.9931697249412537,0.006830265745520592,0.01203653309494257,0.999019980430603,0.6100542545318604,0.6089351177215576
128.0,1.0,0.9909539222717285,0.009045793674886227,0.04933470860123634,0.998476505279541,0.767401933670044,0.7675039172172546,0.9934093952178955,0.006590608507394791,0.025126587599515915,0.9988519549369812,0.845912516117096,0.8459586501121521
128.0,2.0,0.9909110069274902,0.009088910184800625,0.04884648695588112,0.9984764456748962,0.8084162473678589,0.8084737062454224,0.9939659833908081,0.006034097168594599,0.024412401020526886,0.9989027380943298,0.6446281671524048,0.6448981761932373
128.0,3.0,0.9902725219726562,0.009727329015731812,0.05001003295183182,0.9985072016716003,0.7648740410804749,0.7650836706161499,0.9951833486557007,0.00481668533757329,0.027768416330218315,0.9986714124679565,0.8384571671485901,0.8381521701812744
128.0,4.0,0.9941266179084778,0.005873780231922865,0.024098215624690056,0.9988235235214233,0.7626196146011353,0.7624407410621643,0.9859563708305359,0.014043545350432396,0.08651048690080643,0.9979865550994873,0.820421576499939,0.8210536241531372
129.0,0.0,0.9912307858467102,0.008767852559685707,0.04812538996338844,0.9984988570213318,0.7988375425338745,0.7990500330924988,0.9931695461273193,0.006830173544585705,0.012036493979394436,0.9990202784538269,0.6100544333457947,0.6089363098144531
129.0,1.0,0.9909543991088867,0.009045793674886227,0.049326956272125244,0.9984760284423828,0.767402172088623,0.7675042748451233,0.9934097528457642,0.006590532138943672,0.025126749649643898,0.9988520741462708,0.845912754535675,0.8459583520889282
129.0,2.0,0.9909113645553589,0.009088859893381596,0.04883572831749916,0.9984757304191589,0.808415412902832,0.8084724545478821,0.993966281414032,0.006034123245626688,0.024411985650658607,0.9989022612571716,0.6446279883384705,0.6448982954025269
129.0,3.0,0.9902729392051697,0.00972721353173256,0.0500146746635437,0.9985079169273376,0.7648745775222778,0.7650841474533081,0.9951834678649902,0.004816748667508364,0.027755722403526306,0.9986716508865356,0.8384568095207214,0.8381533026695251
129.0,4.0,0.9941257238388062,0.0058737872168421745,0.024098023772239685,0.9988242387771606,0.7626194953918457,0.7624414563179016,0.9859563708305359,0.01404346339404583,0.08651129901409149,0.9979868531227112,0.820422351360321,0.8210546970367432
130.0,0.0,0.9912310242652893,0.008767806924879551,0.04811776429414749,0.998498260974884,0.7988392114639282,0.7990502119064331,0.9931700229644775,0.0068300883285701275,0.012036153115332127,0.9990205764770508,0.6100544333457947,0.6089363694190979
130.0,1.0,0.9909547567367554,0.009045655839145184,0.049337729811668396,0.9984762668609619,0.7674028873443604,0.7675043344497681,0.9934089779853821,0.006590684410184622,0.025126434862613678,0.9988520741462708,0.8459128141403198,0.8459588885307312
130.0,2.0,0.9909105896949768,0.009088786318898201,0.04883156344294548,0.9984756708145142,0.8084166646003723,0.8084731101989746,0.9939662218093872,0.0060340934433043,0.024411946535110474,0.9989020824432373,0.64462810754776,0.6448983550071716
130.0,3.0,0.9902730584144592,0.00972717348486185,0.050005678087472916,0.9985073804855347,0.7648741006851196,0.7650841474533081,0.9951834678649902,0.004816676955670118,0.027755800634622574,0.9986715316772461,0.8384569883346558,0.838151752948761
130.0,4.0,0.9941261410713196,0.005873742047697306,0.02409851737320423,0.998824954032898,0.7626199126243591,0.7624409794807434,0.9859567880630493,0.01404337678104639,0.08650081604719162,0.9979867935180664,0.8204240798950195,0.8210554122924805
131.0,0.0,0.9912313222885132,0.008767783641815186,0.04811106622219086,0.9984995722770691,0.7988390326499939,0.7990493774414062,0.993169903755188,0.006829999852925539,0.01203654520213604,0.999020516872406,0.6100543141365051,0.6089363694190979
131.0,1.0,0.9909544587135315,0.009045591577887535,0.04931981489062309,0.9984761476516724,0.7674031257629395,0.7675045132637024,0.9934089183807373,0.006590555422008038,0.025126345455646515,0.9988517165184021,0.8459126353263855,0.8459571003913879
131.0,2.0,0.9909114241600037,0.009088722057640553,0.04882527142763138,0.9984757304191589,0.8084187507629395,0.8084731698036194,0.9939659833908081,0.006034022197127342,0.02441202476620674,0.9989022016525269,0.6446292400360107,0.6448989510536194
131.0,3.0,0.990272045135498,0.00972710084170103,0.05001235753297806,0.9985073208808899,0.7648749947547913,0.7650850415229797,0.9951835870742798,0.004816670436412096,0.027755919843912125,0.9986717700958252,0.8384572863578796,0.8381516337394714
131.0,4.0,0.9941261410713196,0.005873756017535925,0.024098778143525124,0.9988235235214233,0.7626205682754517,0.7624403238296509,0.9859567880630493,0.014043159782886505,0.08652688562870026,0.9979870915412903,0.820424497127533,0.8210554122924805
132.0,0.0,0.9912325143814087,0.00876763928681612,0.048109885305166245,0.9984979033470154,0.7988396286964417,0.7990499138832092,0.993169903755188,0.0068300343118608,0.012036452069878578,0.999020516872406,0.6100544333457947,0.6089364290237427
132.0,1.0,0.9909539818763733,0.009045599959790707,0.0493333637714386,0.9984758496284485,0.7674040794372559,0.7675043344497681,0.9934096336364746,0.006590532138943672,0.02512645348906517,0.9988519549369812,0.845912516117096,0.84595787525177
132.0,2.0,0.9909121990203857,0.009088674560189247,0.04883531853556633,0.9984760880470276,0.8084168434143066,0.8084723949432373,0.9939658045768738,0.00603404501453042,0.02441144734621048,0.9989020824432373,0.64462810754776,0.6448982954025269
132.0,3.0,0.9902729988098145,0.0097269956022501,0.050008922815322876,0.9985070824623108,0.7648741006851196,0.765084445476532,0.9951831102371216,0.004816711880266666,0.027755701914429665,0.998671293258667,0.8384578824043274,0.8381516933441162
132.0,4.0,0.994125485420227,0.005873770918697119,0.024098355323076248,0.9988235235214233,0.7626200914382935,0.7624412775039673,0.9859570860862732,0.014042984694242477,0.0865001305937767,0.9979862570762634,0.8204220533370972,0.8210535645484924
133.0,0.0,0.9912314414978027,0.008767645806074142,0.04811336472630501,0.9984984993934631,0.7988399863243103,0.7990497946739197,0.993169903755188,0.006830074358731508,0.012036369182169437,0.999019980430603,0.6100526452064514,0.6089354157447815
133.0,1.0,0.9909537434577942,0.009045502170920372,0.04932514578104019,0.9984765648841858,0.7674019932746887,0.7675036191940308,0.9934093952178955,0.006590512581169605,0.025126421824097633,0.998851478099823,0.8459122776985168,0.8459562659263611
133.0,2.0,0.9909119009971619,0.009088593535125256,0.048837725073099136,0.9984766840934753,0.8084172606468201,0.8084729313850403,0.9939660429954529,0.006034034304320812,0.024411439895629883,0.9989023208618164,0.6446281671524048,0.6448982954025269
133.0,3.0,0.990273118019104,0.009726976975798607,0.050005458295345306,0.9985077381134033,0.7648739218711853,0.7650833129882812,0.9951833486557007,0.00481667835265398,0.027755659073591232,0.9986710548400879,0.8384573459625244,0.8381514549255371
133.0,4.0,0.9941263198852539,0.005873748101294041,0.024097593501210213,0.9988245368003845,0.76261967420578,0.7624403238296509,0.9859570264816284,0.014042948372662067,0.08649060130119324,0.9979865550994873,0.8204222917556763,0.8210542798042297
134.0,0.0,0.9912319183349609,0.008767602033913136,0.048119597136974335,0.9984981417655945,0.7988396286964417,0.7990482449531555,0.9931700229644775,0.006829869467765093,0.012036620639264584,0.9990204572677612,0.6100525259971619,0.6089363694190979
134.0,1.0,0.990954577922821,0.009045450016856194,0.049330443143844604,0.9984765648841858,0.7674034237861633,0.7675033807754517,0.9934095144271851,0.0065905326046049595,0.025126393884420395,0.9988515973091125,0.8459125757217407,0.8459569215774536
134.0,2.0,0.9909107089042664,0.009088528342545033,0.04883154481649399,0.9984766840934753,0.8084172606468201,0.8084726333618164,0.9939658045768738,0.0060339742340147495,0.024411633610725403,0.9989023208618164,0.6446282267570496,0.6448981761932373
134.0,3.0,0.9902743697166443,0.009726867079734802,0.05000739544630051,0.9985079169273376,0.7648751735687256,0.7650845050811768,0.9951834678649902,0.00481670256704092,0.02775549329817295,0.998671293258667,0.8384571671485901,0.8381513953208923
134.0,4.0,0.9941259622573853,0.00587368942797184,0.024102123454213142,0.9988237023353577,0.7626198530197144,0.7624413371086121,0.9859575629234314,0.014042803086340427,0.08650035411119461,0.9979863166809082,0.8204230070114136,0.821054995059967
135.0,0.0,0.99123215675354,0.008767550811171532,0.048125170171260834,0.9984983801841736,0.7988397479057312,0.7990490794181824,0.9931700229644775,0.006829869467765093,0.012036538682878017,0.9990202784538269,0.6100525856018066,0.6089363694190979
135.0,1.0,0.9909543395042419,0.009045346640050411,0.04933241754770279,0.9984763264656067,0.7674023509025574,0.7675034999847412,0.9934099316596985,0.006590444128960371,0.025126667693257332,0.9988517761230469,0.8459125757217407,0.8459566235542297
135.0,2.0,0.9909119009971619,0.009088397957384586,0.048837851732969284,0.9984760880470276,0.8084172606468201,0.8084725141525269,0.9939656853675842,0.006033954676240683,0.024411575868725777,0.9989027380943298,0.6446282267570496,0.6448987722396851
135.0,3.0,0.9902730584144592,0.009726803749799728,0.05001819506287575,0.9985073208808899,0.764874279499054,0.765083909034729,0.9951829314231873,0.004816679749637842,0.027756107971072197,0.9986710548400879,0.8384581804275513,0.8381513953208923
135.0,4.0,0.9941264390945435,0.0058736796490848064,0.02409868687391281,0.9988241791725159,0.7626199126243591,0.762441098690033,0.9859577417373657,0.014042583294212818,0.0865023136138916,0.9979870915412903,0.8204221129417419,0.8210542798042297
136.0,0.0,0.9912331104278564,0.00876739900559187,0.04812010005116463,0.9984992146492004,0.7988402843475342,0.7990504503250122,0.993169903755188,0.006829895544797182,0.012036568485200405,0.9990201592445374,0.6100525856018066,0.6089365482330322
136.0,1.0,0.9909543991088867,0.009045313112437725,0.04933779314160347,0.9984762668609619,0.7674036622047424,0.7675045132637024,0.9934090375900269,0.006590454839169979,0.0251267421990633,0.998851478099823,0.8459128141403198,0.8459567427635193
136.0,2.0,0.9909113049507141,0.00908841285854578,0.048842158168554306,0.9984757304191589,0.8084180355072021,0.8084721565246582,0.9939666986465454,0.0060338969342410564,0.024411799386143684,0.9989027380943298,0.6446280479431152,0.6448989510536194
136.0,3.0,0.9902728796005249,0.009726733900606632,0.05000963434576988,0.9985073804855347,0.7648752331733704,0.7650843858718872,0.9951837062835693,0.004816681146621704,0.02775619924068451,0.998671293258667,0.8384584784507751,0.8381523489952087
136.0,4.0,0.9941260814666748,0.005873688030987978,0.024098116904497147,0.9988242387771606,0.7626199722290039,0.7624408006668091,0.9859570860862732,0.014042507857084274,0.08649321645498276,0.9979868531227112,0.8204243183135986,0.8210545778274536
137.0,0.0,0.99123215675354,0.008767455816268921,0.04811327904462814,0.9984987378120422,0.7988404035568237,0.7990495562553406,0.9931700825691223,0.006829801481217146,0.01203669048845768,0.9990212917327881,0.6100561618804932,0.6089382171630859
137.0,1.0,0.990954577922821,0.009045242331922054,0.04932738095521927,0.9984761476516724,0.7674040794372559,0.7675045132637024,0.9934093952178955,0.006590486038476229,0.025126531720161438,0.9988515973091125,0.8459128141403198,0.8459566235542297
137.0,2.0,0.990911066532135,0.009088363498449326,0.04884248599410057,0.9984766244888306,0.8084183931350708,0.8084728717803955,0.9939664602279663,0.0060339090414345264,0.024411773309111595,0.9989028573036194,0.6446282267570496,0.6448988914489746
137.0,3.0,0.9902732372283936,0.009726712480187416,0.05000710114836693,0.9985085129737854,0.7648754715919495,0.7650842666625977,0.9951831102371216,0.00481671467423439,0.027768557891249657,0.9986721873283386,0.8384581804275513,0.8381521105766296
137.0,4.0,0.9941269159317017,0.005873680580407381,0.02410665899515152,0.9988246560096741,0.7626194357872009,0.7624412775039673,0.9859575033187866,0.014042441733181477,0.08650219440460205,0.9979869723320007,0.8204240798950195,0.82105553150177
138.0,0.0,0.9912325143814087,0.008767321705818176,0.04810866713523865,0.9984976649284363,0.7988408207893372,0.7990487217903137,0.9931698441505432,0.006829964462667704,0.012036471627652645,0.9990206360816956,0.6100544929504395,0.6089373230934143
138.0,1.0,0.9909555912017822,0.009045196697115898,0.04933010786771774,0.9984763264656067,0.767403781414032,0.7675049901008606,0.993409276008606,0.00659053772687912,0.025126131251454353,0.9988518953323364,0.8459124565124512,0.8459561467170715
138.0,2.0,0.9909117221832275,0.009088302031159401,0.04883522912859917,0.9984754920005798,0.8084187507629395,0.8084729313850403,0.9939659237861633,0.006033913232386112,0.02441122941672802,0.9989028573036194,0.64462810754776,0.6448989510536194
138.0,3.0,0.990273118019104,0.00972666498273611,0.05001264438033104,0.9985082149505615,0.7648746967315674,0.7650846242904663,0.9951831102371216,0.004816710948944092,0.027756018564105034,0.9986708164215088,0.8384578824043274,0.8381513357162476
138.0,4.0,0.9941263794898987,0.005873710848391056,0.02410210855305195,0.9988238215446472,0.7626191973686218,0.7624403238296509,0.9859578609466553,0.014042291790246964,0.08648401498794556,0.9979862570762634,0.8204255104064941,0.8210550546646118
139.0,0.0,0.9912329912185669,0.008767262101173401,0.04811502620577812,0.9984983801841736,0.7988418936729431,0.799049973487854,0.993169903755188,0.006829751189798117,0.012036483734846115,0.9990202188491821,0.6100543141365051,0.6089362502098083
139.0,1.0,0.9909544587135315,0.009045160375535488,0.04932047426700592,0.9984766244888306,0.7674038410186768,0.7675039172172546,0.9934095740318298,0.0065905265510082245,0.025126153603196144,0.9988516569137573,0.8459129333496094,0.8459556698799133
139.0,2.0,0.9909117817878723,0.00908823125064373,0.04882435500621796,0.9984758496284485,0.8084188103675842,0.8084725141525269,0.9939659833908081,0.006033842917531729,0.024411756545305252,0.998902440071106,0.6446282267570496,0.6448989510536194
139.0,3.0,0.9902728796005249,0.009726525284349918,0.05001034215092659,0.9985070824623108,0.7648759484291077,0.7650846838951111,0.995184063911438,0.004816708154976368,0.027756040915846825,0.9986716508865356,0.8384577631950378,0.8381513953208923
139.0,4.0,0.9941269159317017,0.005873658694326878,0.024102475494146347,0.9988237023353577,0.7626194357872009,0.7624406218528748,0.9859579801559448,0.014042149297893047,0.086483895778656,0.9979872107505798,0.8204247355461121,0.8210561275482178
140.0,0.0,0.9912323951721191,0.008767231367528439,0.04811851307749748,0.9984973669052124,0.7988394498825073,0.7990487813949585,0.9931703209877014,0.006829804740846157,0.012036577798426151,0.9990198612213135,0.6100526452064514,0.6089354753494263
140.0,1.0,0.990955114364624,0.009045015089213848,0.04932146146893501,0.9984769225120544,0.7674034833908081,0.7675045728683472,0.9934092164039612,0.006590443663299084,0.025125937536358833,0.9988512396812439,0.8459121584892273,0.8459556698799133
140.0,2.0,0.990911602973938,0.009088147431612015,0.0488332062959671,0.9984762668609619,0.808418333530426,0.8084725141525269,0.9939661622047424,0.006033831275999546,0.0244117584079504,0.9989028573036194,0.6446278691291809,0.6448988318443298
140.0,3.0,0.99027419090271,0.009726474061608315,0.05001021549105644,0.998507559299469,0.7648748159408569,0.7650839686393738,0.9951833486557007,0.004816744476556778,0.027768921107053757,0.9986714124679565,0.8384575843811035,0.838151752948761
140.0,4.0,0.9941261410713196,0.005873633082956076,0.024102607741951942,0.9988242387771606,0.7626196146011353,0.7624410390853882,0.9859585165977478,0.014041926711797714,0.08649186044931412,0.9979872107505798,0.820425271987915,0.8210561275482178
141.0,0.0,0.9912325143814087,0.008767194114625454,0.04812013730406761,0.998498260974884,0.7988398671150208,0.7990486025810242,0.9931703209877014,0.006829683668911457,0.012036317028105259,0.9990206956863403,0.6100543737411499,0.6089373230934143
141.0,1.0,0.9909546971321106,0.009044922888278961,0.049340277910232544,0.9984767436981201,0.7674028277397156,0.7675050497055054,0.9934096336364746,0.006590371020138264,0.025125514715909958,0.9988517761230469,0.845912754535675,0.8459560871124268
141.0,2.0,0.9909108281135559,0.009088040329515934,0.04883402958512306,0.9984756708145142,0.8084174394607544,0.8084722757339478,0.9939661622047424,0.006033817306160927,0.024410992860794067,0.9989024996757507,0.6446262001991272,0.6448980569839478
141.0,3.0,0.9902735352516174,0.00972635019570589,0.049998193979263306,0.9985083341598511,0.7648748755455017,0.7650846838951111,0.9951831102371216,0.004816649481654167,0.027768252417445183,0.9986708164215088,0.8384577631950378,0.8381513953208923
141.0,4.0,0.9941254258155823,0.005873543675988913,0.024101924151182175,0.9988240599632263,0.7626197338104248,0.76244056224823,0.9859585762023926,0.014041777700185776,0.08649060130119324,0.9979872107505798,0.8204230666160583,0.8210561275482178
142.0,0.0,0.9912322759628296,0.00876709446310997,0.048117514699697495,0.9984987378120422,0.7988393902778625,0.7990500330924988,0.9931702017784119,0.006829740945249796,0.012036413885653019,0.9990204572677612,0.610052764415741,0.6089363694190979
142.0,1.0,0.9909546375274658,0.009044941514730453,0.04932916536927223,0.9984762072563171,0.7674028277397156,0.7675042748451233,0.9934099316596985,0.006590309087187052,0.025125643238425255,0.9988518953323364,0.8459124565124512,0.8459561467170715
142.0,2.0,0.9909128546714783,0.00908802542835474,0.04883139953017235,0.9984762072563171,0.8084181547164917,0.8084729909896851,0.9939662218093872,0.006033798214048147,0.02441093698143959,0.9989024996757507,0.6446262001991272,0.6448980569839478
142.0,3.0,0.9902735352516174,0.009726305492222309,0.050005991011857986,0.9985083937644958,0.7648747563362122,0.7650848627090454,0.9951831102371216,0.004816692788153887,0.027768544852733612,0.9986710548400879,0.8384576439857483,0.838151216506958
142.0,4.0,0.9941263794898987,0.005873541813343763,0.02410181425511837,0.9988242983818054,0.762619137763977,0.7624410390853882,0.9859580397605896,0.01404170785099268,0.08649339526891708,0.9979866147041321,0.8204225897789001,0.8210544586181641
143.0,0.0,0.9912336468696594,0.008767031133174896,0.04811571538448334,0.9984976649284363,0.7988395094871521,0.7990496754646301,0.9931701421737671,0.006829865276813507,0.012036391533911228,0.9990206956863403,0.6100543141365051,0.6089373230934143
143.0,1.0,0.9909548163414001,0.009044822305440903,0.04933282360434532,0.9984757304191589,0.7674018740653992,0.7675041556358337,0.9934089779853821,0.006590304430574179,0.02512519247829914,0.9988513588905334,0.8459130525588989,0.8459562659263611
143.0,2.0,0.9909114837646484,0.00908792857080698,0.04884713143110275,0.9984771609306335,0.8084172606468201,0.8084728717803955,0.9939660429954529,0.006033733487129211,0.024411000311374664,0.9989018440246582,0.6446260809898376,0.6448979377746582
143.0,3.0,0.9902737140655518,0.009726213291287422,0.05000605434179306,0.9985074996948242,0.7648736834526062,0.7650836706161499,0.9951830506324768,0.004816661588847637,0.027768539264798164,0.9986711740493774,0.8384580016136169,0.8381506204605103
143.0,4.0,0.9941260814666748,0.005873536691069603,0.0240977443754673,0.9988242387771606,0.762620210647583,0.7624415159225464,0.9859580993652344,0.014041578397154808,0.08650178462266922,0.9979869723320007,0.8204243183135986,0.8210545182228088
144.0,0.0,0.9912325143814087,0.008766993880271912,0.04812042787671089,0.9984980225563049,0.7988395690917969,0.7990495562553406,0.9931707978248596,0.006829432677477598,0.012036453001201153,0.9990204572677612,0.6100543737411499,0.6089364886283875
144.0,1.0,0.9909553527832031,0.009044778533279896,0.049331966787576675,0.9984766244888306,0.7674020528793335,0.7675050497055054,0.9934096932411194,0.006590221077203751,0.025125371292233467,0.998851478099823,0.8459125757217407,0.8459562063217163
144.0,2.0,0.9909120202064514,0.009087908081710339,0.048832718282938004,0.9984762668609619,0.808419942855835,0.8084722757339478,0.9939660429954529,0.006033768877387047,0.024411354213953018,0.9989029765129089,0.6446282863616943,0.6448989510536194
144.0,3.0,0.9902743101119995,0.009726160205900669,0.05001014843583107,0.9985079765319824,0.7648758292198181,0.7650849223136902,0.9951830506324768,0.00481667835265398,0.027768701314926147,0.9986705780029297,0.8384580612182617,0.8381511569023132
144.0,4.0,0.9941260814666748,0.005873534828424454,0.024102361872792244,0.9988241791725159,0.76261967420578,0.7624407410621643,0.9859585762023926,0.014041484333574772,0.0864928737282753,0.9979868531227112,0.8204227089881897,0.8210538029670715
145.0,0.0,0.9912335276603699,0.008766941726207733,0.048112910240888596,0.9984989762306213,0.7988407015800476,0.7990493178367615,0.9931703805923462,0.006829592864960432,0.012036382220685482,0.9990206956863403,0.6100544333457947,0.6089373826980591
145.0,1.0,0.9909560084342957,0.009044736623764038,0.04932662844657898,0.9984756708145142,0.7674038410186768,0.7675031423568726,0.993410050868988,0.0065903086215257645,0.025124916806817055,0.9988512396812439,0.8459128737449646,0.8459567427635193
145.0,2.0,0.9909111857414246,0.009087818674743176,0.048830077052116394,0.9984762668609619,0.8084185719490051,0.8084736466407776,0.9939665794372559,0.006033686455339193,0.024410540238022804,0.9989016652107239,0.6446260809898376,0.6448977589607239
145.0,3.0,0.9902743697166443,0.009726091288030148,0.0500091090798378,0.9985079765319824,0.7648754715919495,0.7650828957557678,0.9951830506324768,0.004816762171685696,0.027768397703766823,0.9986711740493774,0.838458240032196,0.838151752948761
145.0,4.0,0.9941264390945435,0.005873500369489193,0.02410145103931427,0.9988239407539368,0.7626204490661621,0.7624408006668091,0.9859583973884583,0.014041288755834103,0.08649077266454697,0.9979870915412903,0.8204225301742554,0.8210552334785461
146.0,0.0,0.9912328720092773,0.008766846731305122,0.0481211356818676,0.9984984993934631,0.7988388538360596,0.799049437046051,0.9931701421737671,0.006829604972153902,0.012036444619297981,0.9990206956863403,0.6100544333457947,0.6089372634887695
146.0,1.0,0.9909554123878479,0.009044665843248367,0.04933179169893265,0.998475968837738,0.7674022316932678,0.7675043940544128,0.9934091567993164,0.006590224336832762,0.02512507140636444,0.9988516569137573,0.8459126353263855,0.8459565043449402
146.0,2.0,0.9909127354621887,0.009087717160582542,0.04883419722318649,0.998476505279541,0.8084180951118469,0.8084730505943298,0.9939661622047424,0.006033669225871563,0.02441057749092579,0.9989019632339478,0.644626259803772,0.6448988318443298
146.0,3.0,0.9902738332748413,0.009725980460643768,0.05001625791192055,0.9985073804855347,0.7648748159408569,0.7650848031044006,0.9951835870742798,0.0048166788183152676,0.027766089886426926,0.9986711740493774,0.8384588360786438,0.8381522297859192
146.0,4.0,0.9941268563270569,0.0058734784834086895,0.024105165153741837,0.9988240003585815,0.7626191973686218,0.7624397873878479,0.985958993434906,0.014041194692254066,0.0864991620182991,0.9979872107505798,0.8204230070114136,0.8210550546646118
147.0,0.0,0.9912336468696594,0.00876680389046669,0.04811630770564079,0.9984981417655945,0.7988394498825073,0.799048900604248,0.9931703209877014,0.006829462479799986,0.012036344967782497,0.9990206360816956,0.6100544333457947,0.6089373230934143
147.0,1.0,0.9909551739692688,0.009044595062732697,0.04933594539761543,0.9984761476516724,0.7674027681350708,0.7675044536590576,0.9934096336364746,0.006590108387172222,0.02512524090707302,0.9988517165184021,0.8459122776985168,0.8459562063217163
147.0,2.0,0.990912675857544,0.00908773485571146,0.048831164836883545,0.9984768033027649,0.8084188103675842,0.8084723353385925,0.9939668774604797,0.006033679936081171,0.024410927668213844,0.9989029169082642,0.6446260809898376,0.6448984146118164
147.0,3.0,0.9902747273445129,0.009725905954837799,0.050013188272714615,0.9985082745552063,0.7648749947547913,0.7650842666625977,0.9951833486557007,0.004816679749637842,0.027768027037382126,0.9986714124679565,0.8384585380554199,0.8381518721580505
147.0,4.0,0.9941266179084778,0.005873472895473242,0.024101663380861282,0.9988246560096741,0.76261967420578,0.7624410390853882,0.9859587550163269,0.014041049405932426,0.08648360520601273,0.9979870319366455,0.8204256296157837,0.8210535645484924
148.0,0.0,0.9912326335906982,0.008766681887209415,0.048126935958862305,0.998498260974884,0.7988398671150208,0.7990489602088928,0.9931703209877014,0.006829413119703531,0.012069283984601498,0.9990205764770508,0.6100543737411499,0.6089372634887695
148.0,1.0,0.9909554123878479,0.009044543839991093,0.049331896007061005,0.9984760880470276,0.7674024701118469,0.7675048112869263,0.9934096336364746,0.006590148434042931,0.02512485347688198,0.998852014541626,0.8459141254425049,0.8459564447402954
148.0,2.0,0.9909123182296753,0.009087655693292618,0.048828668892383575,0.9984765648841858,0.8084191679954529,0.8084720373153687,0.9939664006233215,0.0060336594469845295,0.024410873651504517,0.9989027380943298,0.6446260809898376,0.6448989510536194
148.0,3.0,0.9902746081352234,0.009725838899612427,0.05001242086291313,0.9985083937644958,0.7648747563362122,0.7650845646858215,0.9951839447021484,0.0048166378401219845,0.027768027037382126,0.9986715316772461,0.8384582996368408,0.8381520509719849
148.0,4.0,0.9941254258155823,0.005873492453247309,0.0241060983389616,0.9988235235214233,0.7626192569732666,0.762441098690033,0.9859587550163269,0.014040861278772354,0.08650971204042435,0.9979875087738037,0.8204234838485718,0.8210530877113342
149.0,0.0,0.9912336468696594,0.008766661398112774,0.0481141097843647,0.9984986186027527,0.7988386750221252,0.7990497946739197,0.9931704998016357,0.006829380989074707,0.012036717496812344,0.9990208745002747,0.6100544333457947,0.6089372038841248
149.0,1.0,0.9909557104110718,0.009044399484992027,0.049351003021001816,0.9984766244888306,0.7674031853675842,0.7675046920776367,0.9934096932411194,0.006590057630091906,0.025125062093138695,0.9988518953323364,0.8459128737449646,0.8459568023681641
149.0,2.0,0.990912914276123,0.009087576530873775,0.04882804676890373,0.9984766244888306,0.8084188103675842,0.8084732890129089,0.9939662218093872,0.006033643148839474,0.02441096492111683,0.998902440071106,0.6446261405944824,0.6448988318443298
149.0,3.0,0.9902758598327637,0.009725762531161308,0.05000969022512436,0.998507559299469,0.7648740410804749,0.765083909034729,0.9951832294464111,0.004816677886992693,0.027768127620220184,0.9986714124679565,0.8384585976600647,0.8381521701812744
149.0,4.0,0.9941271543502808,0.0058734179474413395,0.024102110415697098,0.9988240599632263,0.7626200914382935,0.7624412178993225,0.9859588742256165,0.014040523208677769,0.08649245649576187,0.9979869723320007,0.820424497127533,0.8210533857345581
150.0,0.0,0.9912335276603699,0.008766432292759418,0.04811935871839523,0.9984984993934631,0.798839271068573,0.7990482449531555,0.9931706786155701,0.0068293968215584755,0.012069489806890488,0.999020516872406,0.6100545525550842,0.6089372634887695
150.0,1.0,0.9909555315971375,0.009044207632541656,0.04933324456214905,0.9984759092330933,0.7674028873443604,0.7675043344497681,0.9934096336364746,0.006590150762349367,0.02512531541287899,0.9988517761230469,0.8459124565124512,0.8459571003913879
150.0,2.0,0.9909128546714783,0.009087351150810719,0.048837970942258835,0.9984765648841858,0.808418333530426,0.8084728717803955,0.9939665794372559,0.006033563520759344,0.024410489946603775,0.9989024996757507,0.6446260809898376,0.644899308681488
150.0,3.0,0.9902750253677368,0.009725529700517654,0.050013285130262375,0.9985073804855347,0.7648738622665405,0.7650831341743469,0.9951831102371216,0.0048166075721383095,0.027768153697252274,0.9986711740493774,0.8384580612182617,0.838152289390564
150.0,4.0,0.994126558303833,0.005873346235603094,0.024106279015541077,0.9988242983818054,0.7626206874847412,0.7624415755271912,0.9859592318534851,0.014040544629096985,0.08651018887758255,0.9979868531227112,0.8204220533370972,0.8210517168045044
151.0,0.0,0.9912331104278564,0.008766413666307926,0.04811623692512512,0.9984995722770691,0.7988407611846924,0.7990483045578003,0.9931701421737671,0.0068294582888484,0.012036491185426712,0.9990208148956299,0.6100543141365051,0.6089372038841248
151.0,1.0,0.990955650806427,0.009044209495186806,0.049336861819028854,0.9984766244888306,0.7674034833908081,0.7675039172172546,0.9934097528457642,0.0065901135094463825,0.025125207379460335,0.9988519549369812,0.845912516117096,0.8459571003913879
151.0,2.0,0.990912914276123,0.009087269194424152,0.04883401095867157,0.9984766840934753,0.8084186315536499,0.8084729313850403,0.9939664602279663,0.006033551413565874,0.024410512298345566,0.9989026784896851,0.644626259803772,0.6448987126350403
151.0,3.0,0.9902741312980652,0.009725573472678661,0.05001363903284073,0.9985073804855347,0.7648745179176331,0.7650846242904663,0.9951828122138977,0.0048166317865252495,0.02776646427810192,0.9986716508865356,0.8384583592414856,0.8381522297859192
151.0,4.0,0.9941259026527405,0.005873367190361023,0.024105578660964966,0.998824417591095,0.7626193761825562,0.76244056224823,0.9859586358070374,0.01404052134603262,0.08650130033493042,0.9979869723320007,0.8204230070114136,0.8210529088973999
152.0,0.0,0.9912333488464355,0.008766399696469307,0.048119332641363144,0.9984990954399109,0.7988408803939819,0.7990483045578003,0.9931706190109253,0.006829236634075642,0.012036497704684734,0.9990206360816956,0.6100544333457947,0.6089372634887695
152.0,1.0,0.9909551739692688,0.009044208563864231,0.04933316260576248,0.9984767436981201,0.7674022912979126,0.767503559589386,0.9934099912643433,0.006590135395526886,0.02512521669268608,0.998851478099823,0.8459138870239258,0.8459569215774536
152.0,2.0,0.9909125566482544,0.009087291546165943,0.048833850771188736,0.9984762668609619,0.8084166049957275,0.8084716796875,0.9939662218093872,0.006033585872501135,0.024410560727119446,0.9989025592803955,0.6446262001991272,0.6448990106582642
152.0,3.0,0.9902746677398682,0.009725530631840229,0.05000580847263336,0.9985082745552063,0.7648752331733704,0.7650849223136902,0.9951833486557007,0.004816601984202862,0.027768008410930634,0.9986715316772461,0.8384583592414856,0.8381516933441162
152.0,4.0,0.9941260814666748,0.005873347166925669,0.024101749062538147,0.998824417591095,0.76261967420578,0.7624408006668091,0.9859591126441956,0.014040576294064522,0.08650144934654236,0.9979864954948425,0.8204249739646912,0.8210528492927551
153.0,0.0,0.9912334084510803,0.008766393177211285,0.04811929911375046,0.9984990954399109,0.7988395690917969,0.7990493774414062,0.9931706190109253,0.006829301826655865,0.01206941343843937,0.9990206956863403,0.6100543737411499,0.6089372038841248
153.0,1.0,0.990955650806427,0.00904426071792841,0.04932967200875282,0.9984760880470276,0.7674029469490051,0.7675032019615173,0.9934096932411194,0.006589973345398903,0.02512502484023571,0.9988512992858887,0.8459137678146362,0.8459566235542297
153.0,2.0,0.990912675857544,0.0090873334556818,0.04884146898984909,0.9984763264656067,0.8084173202514648,0.8084713220596313,0.9939664602279663,0.006033590529114008,0.024410642683506012,0.9989027380943298,0.64462810754776,0.6448997259140015
153.0,3.0,0.9902750849723816,0.009725576266646385,0.05000957474112511,0.9985072016716003,0.7648756504058838,0.7650843858718872,0.9951832294464111,0.004816622938960791,0.02776801586151123,0.9986710548400879,0.8384585380554199,0.838151752948761
153.0,4.0,0.9941263794898987,0.005873368587344885,0.024101803079247475,0.9988240003585815,0.76261967420578,0.7624405026435852,0.9859592318534851,0.014040596783161163,0.08649251610040665,0.9979869723320007,0.8204225897789001,0.8210517168045044
154.0,0.0,0.9912334084510803,0.008766429498791695,0.048119381070137024,0.9984989762306213,0.7988387942314148,0.7990486025810242,0.9931707382202148,0.006829367019236088,0.01206946186721325,0.9990206360816956,0.6100544333457947,0.6089373826980591
154.0,1.0,0.9909554719924927,0.009044232778251171,0.049333225935697556,0.9984767436981201,0.7674030065536499,0.7675032615661621,0.9934095740318298,0.006590066011995077,0.02512502484023571,0.998851478099823,0.8459139466285706,0.8459575176239014
154.0,2.0,0.9909126162528992,0.009087316691875458,0.04883430898189545,0.9984766840934753,0.8084179162979126,0.8084717988967896,0.9939662218093872,0.006033589132130146,0.024410665035247803,0.9989027380943298,0.6446274518966675,0.6448994278907776
154.0,3.0,0.9902743697166443,0.009725525975227356,0.050005748867988586,0.9985084533691406,0.7648739218711853,0.7650826573371887,0.9951833486557007,0.004816591739654541,0.02776821330189705,0.9986710548400879,0.8384578227996826,0.8381515741348267
154.0,4.0,0.994126558303833,0.005873330868780613,0.02410181611776352,0.9988237023353577,0.7626197338104248,0.7624412775039673,0.9859587550163269,0.014040647074580193,0.08650120347738266,0.9979872107505798,0.8204228281974792,0.8210524320602417
155.0,0.0,0.9912341237068176,0.00876641646027565,0.04812275618314743,0.998498260974884,0.7988405823707581,0.7990485429763794,0.9931706786155701,0.006829271093010902,0.01206936314702034,0.9990205764770508,0.6100544333457947,0.6089372038841248
155.0,1.0,0.9909560680389404,0.009044220671057701,0.04933692887425423,0.9984761476516724,0.7674031257629395,0.7675039172172546,0.993410050868988,0.0065900483168661594,0.025125183165073395,0.9988516569137573,0.8459136486053467,0.8459576964378357
155.0,2.0,0.9909119606018066,0.009087332524359226,0.0488344170153141,0.9984769821166992,0.8084174394607544,0.8084719777107239,0.9939665794372559,0.006033620331436396,0.024410663172602654,0.9989024996757507,0.644627571105957,0.6448994278907776
155.0,3.0,0.9902747869491577,0.009725536219775677,0.05001338571310043,0.9985089302062988,0.7648745775222778,0.7650834321975708,0.9951831102371216,0.004816574975848198,0.027767915278673172,0.9986715316772461,0.8384582996368408,0.8381518721580505
155.0,4.0,0.9941256046295166,0.005873353686183691,0.02410624548792839,0.9988255500793457,0.7626206874847412,0.7624415755271912,0.9859588742256165,0.01404064241796732,0.08650144934654236,0.9979874491691589,0.8204249143600464,0.8210538625717163
156.0,0.0,0.9912334084510803,0.00876644067466259,0.04811621829867363,0.9984983801841736,0.7988408803939819,0.7990486025810242,0.9931706786155701,0.0068294755183160305,0.01203654520213604,0.9990203380584717,0.6100544333457947,0.6089373230934143
156.0,1.0,0.990955650806427,0.009044239297509193,0.04932976886630058,0.9984762668609619,0.7674022316932678,0.7675030827522278,0.9934096336364746,0.006590147502720356,0.025125155225396156,0.9988515973091125,0.8459138870239258,0.8459566235542297
156.0,2.0,0.9909135103225708,0.009087306447327137,0.04883432760834694,0.9984761476516724,0.8084172606468201,0.8084716200828552,0.9939659237861633,0.006033552344888449,0.024410691112279892,0.998902440071106,0.6446260809898376,0.6448987722396851
156.0,3.0,0.9902739524841309,0.009725533425807953,0.050013430416584015,0.9985088109970093,0.7648733854293823,0.7650834321975708,0.9951834678649902,0.004816640168428421,0.027768027037382126,0.9986721873283386,0.8384583592414856,0.8381528854370117
156.0,4.0,0.9941266775131226,0.005873336922377348,0.02410179190337658,0.9988237023353577,0.7626194357872009,0.76244056224823,0.9859592318534851,0.01404055766761303,0.08651001006364822,0.9979867935180664,0.8204256296157837,0.8210530877113342
157.0,0.0,0.9912336468696594,0.008766453713178635,0.04811622202396393,0.9984988570213318,0.7988395690917969,0.7990487217903137,0.9931703805923462,0.0068293106742203236,0.012036598287522793,0.999020516872406,0.6100544333457947,0.6089364290237427
157.0,1.0,0.9909555315971375,0.009044201113283634,0.049333356320858,0.9984764456748962,0.7674030661582947,0.7675036191940308,0.9934096336364746,0.006590133532881737,0.025125162675976753,0.998851478099823,0.8459135890007019,0.8459571599960327
157.0,2.0,0.9909131526947021,0.009087332524359226,0.04883794113993645,0.9984760880470276,0.8084186911582947,0.8084726333618164,0.9939664602279663,0.006033604498952627,0.024410713464021683,0.998902440071106,0.6446274518966675,0.644899308681488
157.0,3.0,0.9902744889259338,0.009725553914904594,0.05000203847885132,0.9985078573226929,0.7648748159408569,0.7650831937789917,0.9951831102371216,0.004816609900444746,0.02776808850467205,0.9986706972122192,0.8384584784507751,0.8381514549255371
157.0,4.0,0.9941270351409912,0.005873344372957945,0.024101832881569862,0.9988242387771606,0.7626203298568726,0.7624415159225464,0.9859588742256165,0.014040560461580753,0.08650143444538116,0.9979875087738037,0.820422351360321,0.8210523724555969
158.0,0.0,0.9912338852882385,0.008766389451920986,0.04812273010611534,0.9984988570213318,0.7988401651382446,0.7990488409996033,0.9931706786155701,0.006829476915299892,0.012069392949342728,0.9990206360816956,0.6100543737411499,0.6089373230934143
158.0,1.0,0.9909563660621643,0.00904422253370285,0.049336884170770645,0.9984760284423828,0.7674030065536499,0.7675037384033203,0.993409276008606,0.006590303499251604,0.025125350803136826,0.998852014541626,0.8459125757217407,0.8459568023681641
158.0,2.0,0.9909128546714783,0.009087326005101204,0.04883797466754913,0.9984756708145142,0.8084174990653992,0.8084725737571716,0.9939660429954529,0.006033598445355892,0.024410810321569443,0.998902440071106,0.6446260809898376,0.6448987722396851
158.0,3.0,0.990275502204895,0.009725559502840042,0.05000949651002884,0.9985077381134033,0.7648756504058838,0.7650846838951111,0.9951838254928589,0.004816582892090082,0.027768045663833618,0.998671293258667,0.8384580016136169,0.8381520509719849
158.0,4.0,0.9941261410713196,0.005873322486877441,0.024101734161376953,0.998824417591095,0.7626203298568726,0.7624412775039673,0.985959529876709,0.014040607959032059,0.08650156110525131,0.9979866147041321,0.8204234838485718,0.8210512399673462
159.0,0.0,0.9912338852882385,0.008766432292759418,0.048119645565748215,0.9984983801841736,0.7988397479057312,0.7990489602088928,0.9931706786155701,0.0068292561918497086,0.01206935290247202,0.9990206360816956,0.6100545525550842,0.6089372038841248
159.0,1.0,0.9909566640853882,0.009044180624186993,0.049333356320858,0.9984765648841858,0.7674027681350708,0.7675027847290039,0.9934096932411194,0.006590106524527073,0.025125203654170036,0.9988515973091125,0.8459135293960571,0.8459569811820984
159.0,2.0,0.990912675857544,0.009087331593036652,0.048830948770046234,0.9984765648841858,0.8084173202514648,0.8084723949432373,0.9939664602279663,0.006033610086888075,0.02441086806356907,0.9989027380943298,0.64462810754776,0.6448996663093567
159.0,3.0,0.9902757406234741,0.009725515730679035,0.050013430416584015,0.998508870601654,0.7648748755455017,0.7650837898254395,0.9951835870742798,0.004816602449864149,0.027768118306994438,0.9986710548400879,0.8384581804275513,0.8381518721580505
159.0,4.0,0.9941266179084778,0.005873345769941807,0.02410186268389225,0.9988247156143188,0.7626203298568726,0.7624413371086121,0.9859597086906433,0.01404056791216135,0.08650162816047668,0.9979861378669739,0.8204251527786255,0.8210521340370178
160.0,0.0,0.9912334084510803,0.008766409009695053,0.04811306297779083,0.9984988570213318,0.798839807510376,0.7990488409996033,0.9931706190109253,0.006829363759607077,0.01206934917718172,0.9990206956863403,0.6100544333457947,0.6089372634887695
160.0,1.0,0.9909557700157166,0.00904420018196106,0.049333129078149796,0.9984761476516724,0.7674029469490051,0.7675030827522278,0.9934101104736328,0.006590178236365318,0.025125188753008842,0.9988515973091125,0.845913827419281,0.8459568023681641
160.0,2.0,0.9909126162528992,0.009087317623198032,0.04883797839283943,0.9984765648841858,0.8084179759025574,0.8084725737571716,0.9939664006233215,0.006033594254404306,0.024410733953118324,0.9989025592803955,0.6446273922920227,0.644898533821106
160.0,3.0,0.9902743697166443,0.009725570678710938,0.050009679049253464,0.998508095741272,0.7648753523826599,0.7650846838951111,0.9951834678649902,0.004816587548702955,0.02776787057518959,0.9986714124679565,0.8384583592414856,0.8381520509719849
160.0,4.0,0.9941264390945435,0.005873323883861303,0.024106258526444435,0.9988240003585815,0.762620210647583,0.7624412178993225,0.9859592318534851,0.014040564186871052,0.08650181442499161,0.9979872107505798,0.8204233646392822,0.8210526704788208
161.0,0.0,0.991233766078949,0.008766399696469307,0.04811963438987732,0.9984987378120422,0.7988393902778625,0.7990480065345764,0.9931707382202148,0.006829447578638792,0.012036563828587532,0.9990206360816956,0.6100541949272156,0.6089373826980591
161.0,1.0,0.9909564852714539,0.009044203907251358,0.049333494156599045,0.9984766244888306,0.7674020528793335,0.7675039172172546,0.993410050868988,0.006590033881366253,0.025125259533524513,0.998852014541626,0.8459137678146362,0.8459585905075073
161.0,2.0,0.9909132719039917,0.009087294340133667,0.04883792996406555,0.9984763264656067,0.8084180951118469,0.8084726929664612,0.9939665794372559,0.006033578421920538,0.024410776793956757,0.9989024996757507,0.64462810754776,0.6448997259140015
161.0,3.0,0.9902746677398682,0.009725542739033699,0.05000973492860794,0.9985074400901794,0.7648753523826599,0.7650834321975708,0.9951830506324768,0.004816619213670492,0.027767976745963097,0.9986708164215088,0.8384578824043274,0.8381515741348267
161.0,4.0,0.9941263198852539,0.0058733574114739895,0.024101780727505684,0.9988245368003845,0.7626203298568726,0.7624410390853882,0.9859597086906433,0.014040563255548477,0.08650175482034683,0.9979868531227112,0.8204230070114136,0.8210523724555969
162.0,0.0,0.9912338852882385,0.008766413666307926,0.04811638221144676,0.9984977841377258,0.7988402843475342,0.7990494966506958,0.993170440196991,0.006829423364251852,0.012069584801793098,0.9990208148956299,0.6100544929504395,0.6089373230934143
162.0,1.0,0.9909563064575195,0.009044183418154716,0.049336988478899,0.998475968837738,0.7674031853675842,0.7675038576126099,0.9934102296829224,0.006590023636817932,0.025125199928879738,0.998852014541626,0.845913827419281,0.8459579348564148
162.0,2.0,0.9909136295318604,0.009087302722036839,0.04884146526455879,0.9984766840934753,0.8084168434143066,0.8084738254547119,0.9939660429954529,0.006033618934452534,0.024410782381892204,0.9989029169082642,0.6446294188499451,0.6449003219604492
162.0,3.0,0.9902747869491577,0.009725550189614296,0.050013381987810135,0.998508095741272,0.7648741602897644,0.7650836110115051,0.9951834678649902,0.004816591739654541,0.027768008410930634,0.9986717700958252,0.8384579420089722,0.8381519913673401
162.0,4.0,0.9941266775131226,0.0058733499608933926,0.024106347933411598,0.9988248944282532,0.7626196146011353,0.7624410390853882,0.9859592318534851,0.014040534384548664,0.0865013524889946,0.9979868531227112,0.8204231262207031,0.8210526704788208
163.0,0.0,0.9912335276603699,0.00876638013869524,0.04811948537826538,0.9984992146492004,0.7988391518592834,0.7990488409996033,0.9931706786155701,0.006829415448009968,0.012036653235554695,0.9990208148956299,0.6100543737411499,0.60893714427948
163.0,1.0,0.9909560680389404,0.009044176898896694,0.04933321848511696,0.9984757900238037,0.7674033045768738,0.7675032019615173,0.9934098720550537,0.006590106058865786,0.02512507513165474,0.9988514184951782,0.8459122776985168,0.8459557890892029
163.0,2.0,0.9909121990203857,0.009087322279810905,0.04883445054292679,0.998476505279541,0.8084172010421753,0.8084722757339478,0.9939664602279663,0.006033589132130146,0.0244107898324728,0.9989026784896851,0.6446273326873779,0.6448994874954224
163.0,3.0,0.9902744889259338,0.009725552052259445,0.050009459257125854,0.998508095741272,0.764875054359436,0.7650834321975708,0.9951832294464111,0.004816577769815922,0.027768084779381752,0.9986717700958252,0.8384578227996826,0.8381521701812744
163.0,4.0,0.994126558303833,0.005873351823538542,0.024101167917251587,0.9988248944282532,0.762620210647583,0.762441098690033,0.9859586358070374,0.01404064241796732,0.08649270236492157,0.9979872107505798,0.8204256296157837,0.8210559487342834
164.0,0.0,0.9912338852882385,0.00876640249043703,0.04811938479542732,0.9984989762306213,0.7988400459289551,0.7990483641624451,0.9931704998016357,0.006829341873526573,0.012036653235554695,0.9990203380584717,0.6100543737411499,0.6089363694190979
164.0,1.0,0.99095618724823,0.009044223465025425,0.04934048652648926,0.9984765648841858,0.7674028277397156,0.7675046324729919,0.9934097528457642,0.006590219680219889,0.025125127285718918,0.9988522529602051,0.8459141850471497,0.845957338809967
164.0,2.0,0.9909133911132812,0.009087340906262398,0.048834428191185,0.9984762668609619,0.8084171414375305,0.8084720969200134,0.9939661622047424,0.006033588200807571,0.02441069297492504,0.9989022612571716,0.6446262001991272,0.6448988318443298
164.0,3.0,0.9902738332748413,0.009725590236485004,0.05000961199402809,0.9985082745552063,0.7648746967315674,0.7650830745697021,0.9951831102371216,0.004816648084670305,0.027767939493060112,0.9986714124679565,0.838458240032196,0.8381521105766296
164.0,4.0,0.994126558303833,0.00587331410497427,0.024106217548251152,0.998824417591095,0.7626198530197144,0.7624402046203613,0.9859592914581299,0.014040620997548103,0.08649247139692307,0.9979867935180664,0.8204230070114136,0.8210515975952148
165.0,0.0,0.9912333488464355,0.008766441605985165,0.04811955615878105,0.9984984993934631,0.7988407015800476,0.7990487813949585,0.9931704998016357,0.00682944618165493,0.012036592699587345,0.9990206360816956,0.6100543141365051,0.6089372038841248
165.0,1.0,0.990955650806427,0.009044209495186806,0.04933326318860054,0.9984766840934753,0.7674029469490051,0.7675044536590576,0.9934096932411194,0.006590031553059816,0.0251250471919775,0.9988524317741394,0.8459139466285706,0.8459568023681641
165.0,2.0,0.9909122586250305,0.009087342768907547,0.048838067799806595,0.9984762668609619,0.8084185719490051,0.8084716796875,0.9939668774604797,0.006033611483871937,0.024410750716924667,0.9989022612571716,0.6446263194084167,0.6448989510536194
165.0,3.0,0.9902739524841309,0.009725536219775677,0.05000576749444008,0.9985083341598511,0.7648751735687256,0.7650831937789917,0.9951831102371216,0.004816615022718906,0.027768027037382126,0.9986714124679565,0.8384582996368408,0.8381515145301819
165.0,4.0,0.9941264390945435,0.0058733257465064526,0.02410626783967018,0.9988242387771606,0.7626199722290039,0.762441098690033,0.9859595894813538,0.014040526002645493,0.08650133013725281,0.9979870319366455,0.8204254508018494,0.8210538029670715
166.0,0.0,0.9912333488464355,0.008766433224081993,0.04812275990843773,0.9984986186027527,0.7988409399986267,0.799048662185669,0.9931706786155701,0.0068292985670268536,0.01203664019703865,0.9990208148956299,0.6100544333457947,0.6089374423027039
166.0,1.0,0.99095618724823,0.009044208563864231,0.049336742609739304,0.9984759092330933,0.7674031257629395,0.7675032615661621,0.9934102296829224,0.006590049713850021,0.0251250509172678,0.998852014541626,0.8459136486053467,0.8459568023681641
166.0,2.0,0.9909131526947021,0.009087340906262398,0.048830918967723846,0.9984773397445679,0.8084166646003723,0.8084716796875,0.9939664006233215,0.0060335551388561726,0.024410804733633995,0.9989029169082642,0.6446293592453003,0.644900381565094
166.0,3.0,0.9902753829956055,0.009725568816065788,0.05000574514269829,0.9985091090202332,0.7648745179176331,0.7650840878486633,0.9951829314231873,0.004816639702767134,0.027768198400735855,0.998671293258667,0.8384580016136169,0.8381516933441162
166.0,4.0,0.9941263198852539,0.005873348098248243,0.024101844057440758,0.9988242983818054,0.7626199722290039,0.7624406218528748,0.985958993434906,0.014040590263903141,0.08651047945022583,0.9979863166809082,0.8204230070114136,0.8210535645484924
167.0,0.0,0.9912342429161072,0.0087664145976305,0.048122256994247437,0.9984989762306213,0.7988398671150208,0.799049437046051,0.9931707978248596,0.006829348858445883,0.012069525197148323,0.9990206360816956,0.6100544333457947,0.6089374423027039
167.0,1.0,0.9909564256668091,0.009044209495186806,0.049329522997140884,0.9984762668609619,0.7674027681350708,0.7675033211708069,0.9934101104736328,0.006590080913156271,0.025125212967395782,0.9988517165184021,0.8459138870239258,0.8459571003913879
167.0,2.0,0.9909124970436096,0.009087330661714077,0.048837944865226746,0.9984754920005798,0.8084176778793335,0.8084732294082642,0.9939664006233215,0.006033569108694792,0.024410733953118324,0.9989029169082642,0.6446293592453003,0.6449002623558044
167.0,3.0,0.9902735948562622,0.009725536219775677,0.0500134602189064,0.9985072016716003,0.7648748755455017,0.7650842070579529,0.9951831102371216,0.004816608969122171,0.027766289189457893,0.9986716508865356,0.838458240032196,0.8381519913673401
167.0,4.0,0.994127094745636,0.005873342044651508,0.02410179190337658,0.998823344707489,0.7626199722290039,0.7624419331550598,0.9859592318534851,0.014040589332580566,0.08650150150060654,0.9979870915412903,0.8204230070114136,0.821052074432373
168.0,0.0,0.9912344813346863,0.00876641646027565,0.04811307415366173,0.9984992146492004,0.7988396883010864,0.7990487813949585,0.9931707978248596,0.006829377729445696,0.01203662995249033,0.9990208148956299,0.6100543141365051,0.6089372038841248
168.0,1.0,0.9909557104110718,0.009044241160154343,0.04933325946331024,0.998476505279541,0.767403781414032,0.7675037980079651,0.9934097528457642,0.006590081844478846,0.025125104933977127,0.9988516569137573,0.8459136486053467,0.8459567427635193
168.0,2.0,0.9909123778343201,0.00908732321113348,0.048841558396816254,0.9984767436981201,0.8084169030189514,0.8084723353385925,0.993966281414032,0.006033541169017553,0.024410678073763847,0.9989027380943298,0.6446294188499451,0.6449003219604492
168.0,3.0,0.9902747869491577,0.009725562296807766,0.05000191181898117,0.9985085129737854,0.7648747563362122,0.7650839686393738,0.9951829314231873,0.004816626198589802,0.027767928317189217,0.998671293258667,0.8384584188461304,0.8381521105766296
168.0,4.0,0.9941259622573853,0.00587337976321578,0.02410181052982807,0.9988247752189636,0.7626203298568726,0.7624409794807434,0.9859591126441956,0.014040605165064335,0.08648371696472168,0.9979872107505798,0.8204249739646912,0.821054220199585
169.0,0.0,0.9912333488464355,0.00876639410853386,0.04811956360936165,0.9984979033470154,0.7988401055335999,0.799049437046051,0.9931703209877014,0.006829343736171722,0.012069582007825375,0.9990204572677612,0.6100544333457947,0.6089363694190979
169.0,1.0,0.9909555912017822,0.009044196456670761,0.04932957515120506,0.9984766244888306,0.7674038410186768,0.767503559589386,0.9934095144271851,0.0065900650806725025,0.02512543275952339,0.9988518953323364,0.8459135890007019,0.8459575176239014
169.0,2.0,0.9909127354621887,0.009087326005101204,0.04883098229765892,0.9984762668609619,0.8084194660186768,0.8084719181060791,0.9939659833908081,0.0060335793532431126,0.024410685524344444,0.9989024996757507,0.6446273326873779,0.6448994278907776
169.0,3.0,0.9902738928794861,0.009725524112582207,0.05001353845000267,0.9985076189041138,0.7648752331733704,0.7650839686393738,0.9951831102371216,0.004816628526896238,0.027768176048994064,0.998671293258667,0.8384581804275513,0.8381513953208923
169.0,4.0,0.994127094745636,0.005873303860425949,0.024101726710796356,0.9988240003585815,0.7626199722290039,0.7624410390853882,0.9859590530395508,0.014040528796613216,0.0865103006362915,0.9979874491691589,0.8204259276390076,0.8210543394088745
170.0,0.0,0.9912336468696594,0.00876637827605009,0.048119064420461655,0.9984987378120422,0.798840343952179,0.7990490794181824,0.993170440196991,0.006829514633864164,0.012036566622555256,0.9990209341049194,0.6100543737411499,0.6089373230934143
170.0,1.0,0.9909560084342957,0.009044231846928596,0.049329474568367004,0.9984763264656067,0.7674029469490051,0.767503559589386,0.9934101104736328,0.006589984521269798,0.02512495033442974,0.9988517165184021,0.8459135890007019,0.8459574580192566
170.0,2.0,0.990912914276123,0.009087303653359413,0.0488344207406044,0.9984766244888306,0.8084173202514648,0.8084720969200134,0.9939664006233215,0.006033615674823523,0.024410730227828026,0.9989026784896851,0.6446263194084167,0.6448988318443298
170.0,3.0,0.9902752637863159,0.009725543670356274,0.05000576749444008,0.9985083937644958,0.7648748159408569,0.7650826573371887,0.9951828122138977,0.00481658848002553,0.027768157422542572,0.9986715316772461,0.8384586572647095,0.8381522297859192
170.0,4.0,0.9941267967224121,0.0058733150362968445,0.02410624362528324,0.9988241791725159,0.7626199126243591,0.7624412775039673,0.9859590530395508,0.014040609821677208,0.08650165051221848,0.9979874491691589,0.8204231262207031,0.8210540413856506
171.0,0.0,0.9912335276603699,0.008766395039856434,0.04811633750796318,0.9984983801841736,0.7988399267196655,0.7990492582321167,0.9931704998016357,0.006829323712736368,0.01203665230423212,0.9990208148956299,0.6100543141365051,0.6089373826980591
171.0,1.0,0.9909562468528748,0.009044253267347813,0.049340009689331055,0.9984761476516724,0.767402172088623,0.7675031423568726,0.9934096932411194,0.006590075325220823,0.025125017389655113,0.998852014541626,0.8459138870239258,0.8459568619728088
171.0,2.0,0.9909125566482544,0.009087319485843182,0.048834703862667084,0.998476505279541,0.8084191679954529,0.8084725141525269,0.9939664602279663,0.0060335928574204445,0.024410631507635117,0.998902440071106,0.6446260809898376,0.6448986530303955
171.0,3.0,0.9902747273445129,0.009725515730679035,0.05000564455986023,0.9985078573226929,0.7648747563362122,0.7650835514068604,0.9951829314231873,0.0048166364431381226,0.02776636928319931,0.9986709356307983,0.8384583592414856,0.8381521105766296
171.0,4.0,0.9941262006759644,0.005873334128409624,0.024101821705698967,0.9988242387771606,0.7626198530197144,0.7624408602714539,0.9859592318534851,0.014040609821677208,0.08649252355098724,0.9979869723320007,0.8204227685928345,0.8210511207580566
172.0,0.0,0.9912335276603699,0.008766424842178822,0.04811619594693184,0.9984983801841736,0.7988389730453491,0.7990490794181824,0.993170440196991,0.006829493213444948,0.012036573141813278,0.9990208745002747,0.6100544333457947,0.6089373230934143
172.0,1.0,0.9909557104110718,0.009044193662703037,0.04933328926563263,0.9984757900238037,0.7674029469490051,0.7675043344497681,0.9934095740318298,0.006590164732187986,0.025125179439783096,0.9988518953323364,0.8459139466285706,0.8459579944610596
172.0,2.0,0.9909120202064514,0.009087282232940197,0.04883789271116257,0.9984760284423828,0.8084183931350708,0.8084729313850403,0.9939664006233215,0.0060335793532431126,0.024410700425505638,0.9989028573036194,0.6446263194084167,0.6448994278907776
172.0,3.0,0.9902743101119995,0.00972554087638855,0.05001365393400192,0.9985077977180481,0.7648746967315674,0.7650831341743469,0.9951835870742798,0.004816634114831686,0.02776789478957653,0.9986715316772461,0.8384578227996826,0.8381520509719849
172.0,4.0,0.994125485420227,0.00587331922724843,0.024101778864860535,0.9988254904747009,0.7626211047172546,0.7624416947364807,0.9859590530395508,0.014040572568774223,0.08650166541337967,0.9979869723320007,0.8204236030578613,0.821053147315979
173.0,0.0,0.9912336468696594,0.00876640435308218,0.04811634123325348,0.9984983801841736,0.7988406419754028,0.7990493178367615,0.9931706190109253,0.006829326506704092,0.012036525644361973,0.9990206956863403,0.6100545525550842,0.6089373230934143
173.0,1.0,0.9909562468528748,0.009044206701219082,0.049325939267873764,0.9984773397445679,0.7674039006233215,0.7675036191940308,0.9934098720550537,0.0065900725312530994,0.025125158950686455,0.9988518953323364,0.8459136486053467,0.8459575176239014
173.0,2.0,0.9909123182296753,0.009087341837584972,0.048834364861249924,0.9984774589538574,0.8084188103675842,0.8084731101989746,0.9939664006233215,0.006033593323081732,0.024410735815763474,0.9989022016525269,0.6446263194084167,0.6448984146118164
173.0,3.0,0.9902751445770264,0.009725548326969147,0.05000573769211769,0.998508095741272,0.7648748159408569,0.765083909034729,0.9951835870742798,0.0048166438937187195,0.027768075466156006,0.9986711740493774,0.838458240032196,0.8381520509719849
173.0,4.0,0.9941260814666748,0.005873365327715874,0.024101754650473595,0.9988238215446472,0.76261967420578,0.7624415755271912,0.9859590530395508,0.01404058001935482,0.08650162816047668,0.997986376285553,0.8204227089881897,0.8210514783859253
174.0,0.0,0.9912343621253967,0.008766417391598225,0.04811960086226463,0.9984986186027527,0.7988395094871521,0.7990490794181824,0.9931707382202148,0.006829461082816124,0.012036602012813091,0.9990208148956299,0.6100544333457947,0.6089373230934143
174.0,1.0,0.9909557700157166,0.00904420018196106,0.049336906522512436,0.9984767436981201,0.7674028277397156,0.7675036787986755,0.9934095144271851,0.006590171717107296,0.025125235319137573,0.9988515973091125,0.845913827419281,0.8459569811820984
174.0,2.0,0.9909124970436096,0.009087292477488518,0.04883444309234619,0.9984761476516724,0.8084170818328857,0.8084719777107239,0.9939665794372559,0.006033570505678654,0.024410715326666832,0.9989027380943298,0.6446261405944824,0.6448988914489746
174.0,3.0,0.9902752637863159,0.009725583717226982,0.05000951513648033,0.998508095741272,0.7648745179176331,0.7650828957557678,0.9951832294464111,0.004816622007638216,0.02776629477739334,0.99867182970047,0.8384583592414856,0.8381518125534058
174.0,4.0,0.9941266775131226,0.0058733499608933926,0.024101823568344116,0.9988245368003845,0.7626197338104248,0.7624409794807434,0.9859591126441956,0.014040620066225529,0.08649269491434097,0.9979870915412903,0.8204241991043091,0.8210528492927551
175.0,0.0,0.9912340044975281,0.008766423910856247,0.04811956733465195,0.9984992146492004,0.7988394498825073,0.7990497350692749,0.993170440196991,0.006829375401139259,0.012036636471748352,0.9990208148956299,0.610054612159729,0.6089374423027039
175.0,1.0,0.9909557104110718,0.009044235572218895,0.049329642206430435,0.9984766244888306,0.7674027681350708,0.7675036191940308,0.9934099912643433,0.006590153090655804,0.025125212967395782,0.9988516569137573,0.8459137678146362,0.8459575176239014
175.0,2.0,0.9909119606018066,0.009087312035262585,0.048834457993507385,0.998476505279541,0.808418869972229,0.8084721565246582,0.9939660429954529,0.006033598445355892,0.024410638958215714,0.9989033937454224,0.6446273922920227,0.644899845123291
175.0,3.0,0.9902744293212891,0.009725508280098438,0.05001728609204292,0.9985085725784302,0.7648738026618958,0.7650840878486633,0.9951829314231873,0.004816586617380381,0.027768095955252647,0.9986717700958252,0.8384584188461304,0.8381525278091431
175.0,4.0,0.9941267967224121,0.005873322952538729,0.024106265977025032,0.9988240599632263,0.7626200914382935,0.7624416947364807,0.985959529876709,0.014040566980838776,0.0865015983581543,0.9979867935180664,0.8204255104064941,0.8210528492927551
176.0,0.0,0.9912333488464355,0.00876643881201744,0.048119571059942245,0.9984980225563049,0.7988399267196655,0.7990487813949585,0.9931703805923462,0.006829346530139446,0.012036646716296673,0.9990206360816956,0.6100543737411499,0.6089373230934143
176.0,1.0,0.9909554123878479,0.009044231846928596,0.04933318868279457,0.9984769821166992,0.7674027681350708,0.7675030827522278,0.9934091567993164,0.006590172648429871,0.02512511797249317,0.9988514184951782,0.8459135890007019,0.8459569215774536
176.0,2.0,0.9909124970436096,0.009087334387004375,0.04883444681763649,0.9984765648841858,0.8084174394607544,0.8084713816642761,0.993966281414032,0.006033593323081732,0.024410678073763847,0.998902440071106,0.6446262001991272,0.6448988914489746
176.0,3.0,0.9902752041816711,0.009725523181259632,0.05000573769211769,0.998508095741272,0.7648757696151733,0.7650834918022156,0.9951833486557007,0.004816635511815548,0.027768097817897797,0.9986710548400879,0.8384581804275513,0.8381519317626953
176.0,4.0,0.9941256642341614,0.005873369053006172,0.024101756513118744,0.9988241791725159,0.7626203298568726,0.7624412775039673,0.9859593510627747,0.014040530659258366,0.08649244159460068,0.9979870915412903,0.8204222321510315,0.8210516571998596
177.0,0.0,0.9912329912185669,0.008766413666307926,0.04811577871441841,0.9984990954399109,0.7988401055335999,0.7990484237670898,0.9931706190109253,0.006829428486526012,0.012069572694599628,0.9990206956863403,0.6100544333457947,0.6089372038841248
177.0,1.0,0.9909552335739136,0.009044202044606209,0.04933684691786766,0.9984769225120544,0.7674025297164917,0.7675034999847412,0.9934097528457642,0.006590009201318026,0.025125158950686455,0.9988520741462708,0.8459135890007019,0.8459575772285461
177.0,2.0,0.990912675857544,0.009087320417165756,0.048837631940841675,0.9984763264656067,0.8084179162979126,0.8084732890129089,0.993966281414032,0.0060335854068398476,0.024410635232925415,0.9989024996757507,0.6446260213851929,0.644897997379303
177.0,3.0,0.9902740120887756,0.009725494310259819,0.05000953748822212,0.9985079765319824,0.7648749351501465,0.7650842666625977,0.9951833486557007,0.004816663917154074,0.027768243104219437,0.9986720681190491,0.8384583592414856,0.8381524085998535
177.0,4.0,0.9941263794898987,0.005873338785022497,0.024101832881569862,0.9988240003585815,0.7626200914382935,0.762441098690033,0.9859595894813538,0.01404058001935482,0.0865100547671318,0.9979867339134216,0.8204225301742554,0.8210524320602417
178.0,0.0,0.9912334084510803,0.008766410872340202,0.04811635613441467,0.998498260974884,0.7988391518592834,0.7990496158599854,0.9931703209877014,0.006829454563558102,0.01203660573810339,0.9990206360816956,0.6100544333457947,0.6089373230934143
178.0,1.0,0.990955650806427,0.00904421228915453,0.049332763999700546,0.9984763264656067,0.7674022316932678,0.7675034999847412,0.9934098720550537,0.006590080913156271,0.02512511983513832,0.9988517761230469,0.8459135890007019,0.8459568619728088
178.0,2.0,0.9909135103225708,0.009087289683520794,0.04883742332458496,0.9984755516052246,0.8084182143211365,0.8084729313850403,0.9939664602279663,0.006033590529114008,0.024410657584667206,0.9989022016525269,0.6446262001991272,0.6448979377746582
178.0,3.0,0.9902747869491577,0.009725513868033886,0.050017375499010086,0.9985082149505615,0.7648747563362122,0.7650840282440186,0.9951829314231873,0.0048166075721383095,0.02776804007589817,0.9986719489097595,0.8384580612182617,0.8381524085998535
178.0,4.0,0.9941254258155823,0.005873383022844791,0.024101847782731056,0.9988240003585815,0.7626199722290039,0.7624413371086121,0.9859591126441956,0.01404054556041956,0.08649251610040665,0.9979868531227112,0.8204225897789001,0.8210521340370178
179.0,0.0,0.9912334084510803,0.008766393177211285,0.04811619222164154,0.9984987378120422,0.7988409996032715,0.7990488409996033,0.9931711554527283,0.006829253863543272,0.012036630883812904,0.9990206956863403,0.6100544333457947,0.6089373230934143
179.0,1.0,0.9909552335739136,0.009044183418154716,0.04932968318462372,0.9984766244888306,0.7674031853675842,0.7675034999847412,0.9934101104736328,0.0065901814959943295,0.02512550540268421,0.9988523125648499,0.8459140062332153,0.8459579348564148
179.0,2.0,0.9909127354621887,0.009087326936423779,0.048831045627593994,0.9984763860702515,0.8084180355072021,0.8084723949432373,0.993966281414032,0.006033585872501135,0.024410707876086235,0.9989028573036194,0.6446295380592346,0.644900381565094
179.0,3.0,0.9902737736701965,0.009725509211421013,0.050013467669487,0.9985079169273376,0.764875590801239,0.765083909034729,0.9951831102371216,0.004816639702767134,0.02776634506881237,0.9986717700958252,0.8384582996368408,0.8381525874137878
179.0,4.0,0.9941268563270569,0.005873332731425762,0.024101844057440758,0.9988246560096741,0.7626198530197144,0.7624407410621643,0.9859594702720642,0.014040522277355194,0.08651012182235718,0.9979870319366455,0.8204242587089539,0.8210528492927551
180.0,0.0,0.9912335276603699,0.008766379207372665,0.04811956360936165,0.9984990954399109,0.798841118812561,0.7990491986274719,0.9931704998016357,0.006829380989074707,0.012036566622555256,0.9990201592445374,0.6100544333457947,0.6089363694190979
180.0,1.0,0.9909557700157166,0.009044195525348186,0.04933326691389084,0.9984769225120544,0.7674036026000977,0.7675034999847412,0.9934099912643433,0.006590105127543211,0.025125304237008095,0.9988518953323364,0.8459135890007019,0.8459567427635193
180.0,2.0,0.9909128546714783,0.00908729899674654,0.048837583512067795,0.9984767436981201,0.8084185719490051,0.8084728121757507,0.9939662218093872,0.006033582147210836,0.024410700425505638,0.9989029765129089,0.6446275115013123,0.6448994278907776
180.0,3.0,0.9902752637863159,0.009725532494485378,0.05001349002122879,0.9985079169273376,0.7648756504058838,0.7650836110115051,0.9951832294464111,0.0048166438937187195,0.027768012136220932,0.9986716508865356,0.8384584784507751,0.8381524085998535
180.0,4.0,0.9941258430480957,0.005873365327715874,0.024101803079247475,0.998824417591095,0.7626208066940308,0.7624409794807434,0.9859593510627747,0.014040513895452023,0.0865013524889946,0.9979870319366455,0.8204249143600464,0.8210529088973999
181.0,0.0,0.9912327527999878,0.008766434155404568,0.04811953008174896,0.9984987378120422,0.7988409399986267,0.7990490198135376,0.9931702017784119,0.006829428486526012,0.012069500051438808,0.9990206360816956,0.6100544333457947,0.6089373230934143
181.0,1.0,0.9909555315971375,0.00904418621212244,0.04933676868677139,0.998475968837738,0.7674031853675842,0.7675032615661621,0.9934099316596985,0.006590160541236401,0.02512536384165287,0.9988517761230469,0.8459134697914124,0.8459576964378357
181.0,2.0,0.9909123182296753,0.009087304584681988,0.048834335058927536,0.9984766840934753,0.8084185719490051,0.8084726333618164,0.9939664006233215,0.006033546291291714,0.024410642683506012,0.9989026784896851,0.6446273326873779,0.6448994874954224
181.0,3.0,0.9902750849723816,0.009725534357130527,0.050009530037641525,0.9985078573226929,0.7648758888244629,0.7650837302207947,0.9951835870742798,0.004816633183509111,0.02776804007589817,0.9986715316772461,0.8384584188461304,0.8381520509719849
181.0,4.0,0.9941264390945435,0.0058733499608933926,0.024101806804537773,0.998824954032898,0.7626200914382935,0.7624410390853882,0.9859592914581299,0.014040484093129635,0.08649229258298874,0.9979862570762634,0.820424497127533,0.8210535645484924
182.0,0.0,0.9912341237068176,0.008766413666307926,0.04811938852071762,0.998498260974884,0.7988405823707581,0.799048662185669,0.9931706786155701,0.006829388905316591,0.012036616913974285,0.9990206956863403,0.6100543737411499,0.6089372038841248
182.0,1.0,0.9909555315971375,0.009044185280799866,0.04932592436671257,0.9984754323959351,0.7674033045768738,0.7675042748451233,0.9934095144271851,0.006590195000171661,0.0251252893358469,0.9988518953323364,0.8459134101867676,0.8459572792053223
182.0,2.0,0.9909125566482544,0.009087304584681988,0.04883047938346863,0.9984762668609619,0.808418869972229,0.8084731101989746,0.993966281414032,0.006033529993146658,0.024410497397184372,0.9989023208618164,0.6446261405944824,0.644897997379303
182.0,3.0,0.9902744293212891,0.009725506417453289,0.05000569671392441,0.9985083937644958,0.764875054359436,0.7650836706161499,0.9951833486557007,0.004816640168428421,0.027768172323703766,0.9986716508865356,0.8384583592414856,0.8381525278091431
182.0,4.0,0.994127094745636,0.005873335059732199,0.024101821705698967,0.9988244771957397,0.7626196146011353,0.762441098690033,0.9859583377838135,0.014040529727935791,0.0864923745393753,0.9979864954948425,0.8204250335693359,0.8210526704788208
183.0,0.0,0.9912329912185669,0.008766391314566135,0.0481162965297699,0.998498260974884,0.798839807510376,0.7990491986274719,0.9931703805923462,0.006829374004155397,0.012069513089954853,0.9990206956863403,0.6100544333457947,0.6089372038841248
183.0,1.0,0.9909563064575195,0.009044214151799679,0.04933321103453636,0.9984767436981201,0.7674039006233215,0.7675044536590576,0.9934097528457642,0.0065900664776563644,0.025125227868556976,0.998852014541626,0.8459135890007019,0.8459575772285461
183.0,2.0,0.9909127354621887,0.00908731296658516,0.048834510147571564,0.9984760880470276,0.808418869972229,0.8084729909896851,0.9939664006233215,0.006033551413565874,0.024410733953118324,0.9989022016525269,0.6446263194084167,0.6448980569839478
183.0,3.0,0.9902749061584473,0.009725532494485378,0.050009679049253464,0.9985087513923645,0.7648759484291077,0.7650840282440186,0.9951834678649902,0.004816620610654354,0.027768198400735855,0.9986715316772461,0.8384582996368408,0.8381519317626953
183.0,4.0,0.9941261410713196,0.005873327609151602,0.02410631626844406,0.9988247156143188,0.7626203894615173,0.762441098690033,0.9859590530395508,0.014040589332580566,0.08649253100156784,0.9979868531227112,0.8204244375228882,0.8210527896881104
184.0,0.0,0.9912340044975281,0.008766424842178822,0.048116300255060196,0.9984983801841736,0.7988399267196655,0.7990484833717346,0.9931706190109253,0.006829367019236088,0.012036602944135666,0.9990206360816956,0.6100543141365051,0.6089372634887695
184.0,1.0,0.9909557700157166,0.009044207632541656,0.049329645931720734,0.9984758496284485,0.767402708530426,0.7675023078918457,0.9934095740318298,0.0065901814959943295,0.02512522228062153,0.9988522529602051,0.8459135293960571,0.845957338809967
184.0,2.0,0.9909127950668335,0.009087332524359226,0.04883796349167824,0.9984772205352783,0.8084176182746887,0.8084728717803955,0.9939664602279663,0.006033559795469046,0.024410631507635117,0.9989024996757507,0.6446263194084167,0.6448979377746582
184.0,3.0,0.9902750849723816,0.009725544601678848,0.05001331865787506,0.9985079169273376,0.7648752331733704,0.7650837302207947,0.9951832294464111,0.00481664203107357,0.02776811458170414,0.9986711740493774,0.8384580612182617,0.8381521701812744
184.0,4.0,0.9941275119781494,0.005873348098248243,0.024106288328766823,0.9988240599632263,0.7626194953918457,0.7624412178993225,0.9859591126441956,0.014040553011000156,0.08649245649576187,0.9979867935180664,0.8204249143600464,0.8210529088973999
185.0,0.0,0.9912335276603699,0.008766403421759605,0.04811621084809303,0.9984986186027527,0.7988396286964417,0.7990484833717346,0.9931704998016357,0.006829345598816872,0.012069568037986755,0.9990208745002747,0.6100544333457947,0.6089372634887695
185.0,1.0,0.9909555315971375,0.009044203907251358,0.049332741647958755,0.9984757900238037,0.7674031853675842,0.767503559589386,0.9934097528457642,0.006590163800865412,0.025125252082943916,0.9988516569137573,0.8459139466285706,0.8459574580192566
185.0,2.0,0.9909120798110962,0.009087331593036652,0.0488339439034462,0.9984768629074097,0.8084189295768738,0.8084729909896851,0.9939664006233215,0.006033557932823896,0.024410588666796684,0.998902440071106,0.6446263194084167,0.6448979377746582
185.0,3.0,0.9902744293212891,0.009725518524646759,0.05001336336135864,0.9985083937644958,0.7648744583129883,0.7650839686393738,0.9951834678649902,0.004816616419702768,0.0277679655700922,0.9986717700958252,0.8384581804275513,0.8381516933441162
185.0,4.0,0.9941261410713196,0.005873349495232105,0.024106280878186226,0.9988238215446472,0.762620210647583,0.7624412178993225,0.9859591126441956,0.014040572568774223,0.08649249374866486,0.997987687587738,0.8204249739646912,0.8210538029670715
186.0,0.0,0.9912342429161072,0.008766434155404568,0.04811624810099602,0.9984984993934631,0.798839271068573,0.7990484833717346,0.9931710958480835,0.006829391699284315,0.012069633230566978,0.9990208745002747,0.6100543737411499,0.6089372038841248
186.0,1.0,0.9909564256668091,0.00904420018196106,0.04933684691786766,0.9984763264656067,0.7674039006233215,0.767503559589386,0.9934093952178955,0.00659019174054265,0.02512519247829914,0.9988517761230469,0.8459121584892273,0.8459568619728088
186.0,2.0,0.9909120798110962,0.009087327867746353,0.048834461718797684,0.9984763264656067,0.8084183931350708,0.8084717392921448,0.9939660429954529,0.006033563055098057,0.0244106724858284,0.9989027380943298,0.6446295380592346,0.6448995471000671
186.0,3.0,0.9902737736701965,0.009725570678710938,0.05001337453722954,0.9985082149505615,0.764875590801239,0.7650837302207947,0.9951835870742798,0.004816642962396145,0.027768030762672424,0.9986715316772461,0.8384585380554199,0.8381521105766296
186.0,4.0,0.9941269159317017,0.005873377900570631,0.024106252938508987,0.9988245368003845,0.7626206874847412,0.7624417543411255,0.9859592914581299,0.01404058188199997,0.08650146424770355,0.9979867339134216,0.8204247355461121,0.8210529088973999
187.0,0.0,0.9912335276603699,0.008766439743340015,0.04812274128198624,0.998498260974884,0.798840343952179,0.7990483641624451,0.9931706786155701,0.006829356774687767,0.0120696434751153,0.9990208148956299,0.6100543141365051,0.6089372038841248
187.0,1.0,0.9909564852714539,0.009044203907251358,0.04934003949165344,0.9984758496284485,0.7674033045768738,0.7675036787986755,0.9934099316596985,0.006590201053768396,0.025125207379460335,0.9988522529602051,0.8459138870239258,0.8459582924842834
187.0,2.0,0.9909123182296753,0.009087338112294674,0.04883767291903496,0.9984762668609619,0.8084181547164917,0.8084738850593567,0.9939661622047424,0.006033571902662516,0.024410735815763474,0.998902440071106,0.6446262001991272,0.6448978185653687
187.0,3.0,0.9902744293212891,0.00972554087638855,0.05001739785075188,0.9985079765319824,0.7648757696151733,0.7650826573371887,0.9951831102371216,0.0048166546039283276,0.027766205370426178,0.9986711740493774,0.8384586572647095,0.838152289390564
187.0,4.0,0.994126558303833,0.005873323883861303,0.024105681106448174,0.9988248944282532,0.7626204490661621,0.7624415159225464,0.985958993434906,0.014040550217032433,0.0865016058087349,0.9979865550994873,0.8204250335693359,0.8210536241531372
188.0,0.0,0.9912333488464355,0.008766408078372478,0.04811917617917061,0.9984983801841736,0.798840343952179,0.7990491390228271,0.9931711554527283,0.006829303223639727,0.012069503776729107,0.9990206956863403,0.6100544333457947,0.6089374423027039
188.0,1.0,0.9909557104110718,0.009044207632541656,0.04934011027216911,0.9984765648841858,0.767403244972229,0.7675039172172546,0.9934095144271851,0.00659024715423584,0.02512531727552414,0.9988515973091125,0.8459135293960571,0.845956563949585
188.0,2.0,0.990912675857544,0.009087341837584972,0.048834532499313354,0.9984768033027649,0.808418869972229,0.8084717988967896,0.9939664006233215,0.006033593323081732,0.02441069297492504,0.9989022612571716,0.6446272730827332,0.6448984742164612
188.0,3.0,0.9902744293212891,0.009725553914904594,0.050009649246931076,0.9985074996948242,0.7648754715919495,0.7650848031044006,0.9951833486557007,0.00481664203107357,0.027768153697252274,0.9986721873283386,0.8384582996368408,0.8381526470184326
188.0,4.0,0.9941263198852539,0.005873355083167553,0.024106256663799286,0.9988246560096741,0.7626198530197144,0.7624412775039673,0.9859588146209717,0.014040605165064335,0.0864928588271141,0.9979874491691589,0.8204245567321777,0.8210537433624268
189.0,0.0,0.9912336468696594,0.008766398765146732,0.048116374760866165,0.9984987378120422,0.7988395690917969,0.7990490198135376,0.9931704998016357,0.0068294289521873,0.012069529853761196,0.9990211129188538,0.6100542545318604,0.6089373230934143
189.0,1.0,0.9909552335739136,0.009044230915606022,0.0493333600461483,0.9984772801399231,0.7674033045768738,0.7675045132637024,0.9934099316596985,0.00659007066860795,0.025125304237008095,0.9988518953323364,0.8459137678146362,0.8459569215774536
189.0,2.0,0.9909132719039917,0.00908732321113348,0.04883456602692604,0.9984762668609619,0.8084184527397156,0.8084737062454224,0.9939666986465454,0.006033599842339754,0.024410739541053772,0.9989026784896851,0.6446294188499451,0.6448996067047119
189.0,3.0,0.9902748465538025,0.009725573472678661,0.050013426691293716,0.9985083937644958,0.7648753523826599,0.7650835514068604,0.9951831102371216,0.004816660191863775,0.027755364775657654,0.9986719489097595,0.8384582996368408,0.8381527662277222
189.0,4.0,0.9941263794898987,0.005873353220522404,0.024101899936795235,0.9988242983818054,0.7626208066940308,0.7624414563179016,0.9859591126441956,0.014040627516806126,0.08650156110525131,0.9979864954948425,0.8204247951507568,0.821053147315979
190.0,0.0,0.9912344813346863,0.00876644253730774,0.048116374760866165,0.9984983801841736,0.7988408803939819,0.7990491986274719,0.9931706190109253,0.006829462479799986,0.012069569900631905,0.9990206360816956,0.6100543737411499,0.6089373826980591
190.0,1.0,0.99095618724823,0.009044251404702663,0.049333278089761734,0.9984768629074097,0.7674043774604797,0.7675043344497681,0.9934093952178955,0.006590135395526886,0.0251252930611372,0.9988519549369812,0.845913827419281,0.8459571599960327
190.0,2.0,0.9909135103225708,0.009087346494197845,0.04883400723338127,0.9984761476516724,0.808417558670044,0.8084729909896851,0.9939665794372559,0.0060335793532431126,0.024410706013441086,0.9989027380943298,0.6446295380592346,0.6449002623558044
190.0,3.0,0.9902753233909607,0.009725561365485191,0.05001360550522804,0.9985076189041138,0.7648752927780151,0.7650842070579529,0.9951834678649902,0.004816644825041294,0.02775363065302372,0.9986715316772461,0.8384581804275513,0.8381521701812744
190.0,4.0,0.9941257238388062,0.005873349029570818,0.024096861481666565,0.9988244771957397,0.762620210647583,0.7624419927597046,0.9859592318534851,0.014040587469935417,0.08649259060621262,0.9979869723320007,0.8204244375228882,0.8210535049438477
191.0,0.0,0.9912333488464355,0.008766423910856247,0.04811634123325348,0.9984980225563049,0.7988408803939819,0.7990488409996033,0.9931704998016357,0.006829510442912579,0.01203666441142559,0.9990208745002747,0.6100544929504395,0.6089373230934143
191.0,1.0,0.9909559488296509,0.009044225327670574,0.0493333600461483,0.998475968837738,0.7674028277397156,0.7675039172172546,0.9934101104736328,0.006590030621737242,0.02512531168758869,0.9988520741462708,0.845913827419281,0.8459571003913879
191.0,2.0,0.9909132719039917,0.009087320417165756,0.04883446544408798,0.9984768033027649,0.8084177374839783,0.8084726929664612,0.9939662218093872,0.006033589597791433,0.024410687386989594,0.9989028573036194,0.6446261405944824,0.6448979377746582
191.0,3.0,0.9902747273445129,0.00972552876919508,0.05001344159245491,0.9985080361366272,0.7648751735687256,0.7650836110115051,0.9951832294464111,0.004816650878638029,0.027755361050367355,0.9986719489097595,0.8384582996368408,0.8381523489952087
191.0,4.0,0.9941257238388062,0.005873349495232105,0.02409747987985611,0.9988239407539368,0.76261967420578,0.7624408006668091,0.985958993434906,0.014040589332580566,0.08650146424770355,0.9979872107505798,0.8204232454299927,0.8210530281066895
192.0,0.0,0.991233766078949,0.008766409941017628,0.048113152384757996,0.9984992146492004,0.7988397479057312,0.7990487813949585,0.9931707382202148,0.006829478312283754,0.012069533579051495,0.9990205764770508,0.6100543737411499,0.6089373826980591
192.0,1.0,0.9909558892250061,0.00904423650354147,0.049329694360494614,0.9984754920005798,0.7674029469490051,0.7675031423568726,0.9934099912643433,0.006590103264898062,0.025125455111265182,0.9988517165184021,0.8459140062332153,0.84595787525177
192.0,2.0,0.9909132719039917,0.009087339043617249,0.04882749170064926,0.9984761476516724,0.8084173798561096,0.8084716200828552,0.9939662218093872,0.006033639423549175,0.02441065013408661,0.9989024996757507,0.6446263194084167,0.6448979377746582
192.0,3.0,0.9902747869491577,0.009725562296807766,0.05000568926334381,0.998508095741272,0.7648749351501465,0.7650828957557678,0.9951833486557007,0.004816683940589428,0.0277554914355278,0.9986723065376282,0.838458240032196,0.8381524085998535
192.0,4.0,0.9941268563270569,0.005873385816812515,0.02409748174250126,0.998825192451477,0.7626191973686218,0.7624412178993225,0.9859593510627747,0.014040602371096611,0.08649230748414993,0.9979873299598694,0.820421576499939,0.8210524320602417
193.0,0.0,0.991233766078949,0.008766445331275463,0.04811294376850128,0.9984987378120422,0.7988389730453491,0.7990484833717346,0.9931707978248596,0.006829467136412859,0.012036521919071674,0.9990206956863403,0.6100544333457947,0.6089372038841248
193.0,1.0,0.9909555912017822,0.00904424674808979,0.04932604730129242,0.9984761476516724,0.7674022912979126,0.7675040364265442,0.9934095144271851,0.006590139586478472,0.025125356391072273,0.9988517165184021,0.8459129333496094,0.8459572196006775
193.0,2.0,0.9909128546714783,0.009087360464036465,0.0488274022936821,0.9984762668609619,0.8084171414375305,0.8084722757339478,0.9939664006233215,0.006033613346517086,0.024410665035247803,0.998902440071106,0.6446260809898376,0.6448980569839478
193.0,3.0,0.9902746677398682,0.009725594893097878,0.050005726516246796,0.9985084533691406,0.7648745179176331,0.7650833129882812,0.9951829314231873,0.004816676490008831,0.027755439281463623,0.9986721873283386,0.8384584784507751,0.8381528258323669
193.0,4.0,0.9941263198852539,0.00587338674813509,0.02409750036895275,0.998824417591095,0.7626192569732666,0.7624412775039673,0.9859591126441956,0.014040596783161163,0.08649228513240814,0.9979865550994873,0.8204229474067688,0.821052074432373
194.0,0.0,0.9912343621253967,0.008766443468630314,0.04811263456940651,0.9984983801841736,0.7988385558128357,0.7990481853485107,0.993170440196991,0.006829507183283567,0.012036538682878017,0.999020516872406,0.6100543141365051,0.6089372634887695
194.0,1.0,0.9909553527832031,0.009044259786605835,0.049329161643981934,0.9984771013259888,0.7674011588096619,0.7675041556358337,0.9934099316596985,0.006590053904801607,0.02512538991868496,0.9988517761230469,0.8459135890007019,0.8459568619728088
194.0,2.0,0.9909126162528992,0.009087360464036465,0.0488269217312336,0.9984764456748962,0.8084171414375305,0.8084721565246582,0.9939662218093872,0.006033624056726694,0.02441064640879631,0.9989025592803955,0.6446262001991272,0.6448985934257507
194.0,3.0,0.9902748465538025,0.00972557719796896,0.05000573396682739,0.9985074996948242,0.7648743391036987,0.7650833129882812,0.9951831102371216,0.00481667323037982,0.027766449376940727,0.99867182970047,0.838458240032196,0.8381527662277222
194.0,4.0,0.9941258430480957,0.005873381160199642,0.024101274088025093,0.9988242983818054,0.7626199722290039,0.7624413371086121,0.9859594702720642,0.014040578156709671,0.08649244159460068,0.9979870319366455,0.8204232454299927,0.8210525512695312
195.0,0.0,0.9912341237068176,0.008766425773501396,0.048115815967321396,0.9984988570213318,0.7988397479057312,0.7990477681159973,0.9931703805923462,0.006829380989074707,0.012036548927426338,0.9990202188491821,0.6100544333457947,0.6089364290237427
195.0,1.0,0.9909563660621643,0.00904421042650938,0.04932909831404686,0.9984757900238037,0.767402708530426,0.7675034999847412,0.9934098720550537,0.006590174976736307,0.025125347077846527,0.9988520741462708,0.8459135293960571,0.8459578156471252
195.0,2.0,0.9909136295318604,0.00908732321113348,0.04883407801389694,0.9984769821166992,0.8084173202514648,0.8084717392921448,0.9939666390419006,0.006033602170646191,0.02441064454615116,0.9989023208618164,0.6446281671524048,0.6448988914489746
195.0,3.0,0.9902748465538025,0.009725538082420826,0.05000580847263336,0.9985074996948242,0.7648746967315674,0.7650840878486633,0.9951838254928589,0.004816643428057432,0.027766477316617966,0.99867182970047,0.8384586572647095,0.8381527066230774
195.0,4.0,0.9941269159317017,0.005873355083167553,0.024105753749608994,0.998824417591095,0.7626199126243591,0.7624417543411255,0.9859592914581299,0.014040568843483925,0.08649243414402008,0.9979870915412903,0.8204247951507568,0.8210536241531372
196.0,0.0,0.9912343621253967,0.008766421116888523,0.0481162928044796,0.9984987378120422,0.7988395690917969,0.7990486025810242,0.9931706786155701,0.006829313468188047,0.012069487012922764,0.999020516872406,0.6100544333457947,0.6089373230934143
196.0,1.0,0.9909557104110718,0.009044205769896507,0.049333278089761734,0.9984769225120544,0.7674036622047424,0.7675037384033203,0.9934096336364746,0.006590093951672316,0.02512534148991108,0.9988517761230469,0.845913290977478,0.8459574580192566
196.0,2.0,0.9909123182296753,0.009087317623198032,0.04882747307419777,0.9984761476516724,0.8084183931350708,0.8084724545478821,0.9939661622047424,0.006033608224242926,0.024410635232925415,0.9989028573036194,0.6446296572685242,0.6449002027511597
196.0,3.0,0.9902750849723816,0.009725525975227356,0.050009649246931076,0.9985077977180481,0.764875590801239,0.7650840878486633,0.9951835870742798,0.004816614091396332,0.027768157422542572,0.9986717700958252,0.8384580612182617,0.8381519913673401
196.0,4.0,0.9941266179084778,0.005873321555554867,0.024101898074150085,0.9988246560096741,0.76261967420578,0.7624408006668091,0.985959529876709,0.014040552079677582,0.08650146424770355,0.9979872107505798,0.8204251527786255,0.8210538029670715
197.0,0.0,0.9912343621253967,0.0087664183229208,0.04811960458755493,0.99849933385849,0.7988405227661133,0.7990490198135376,0.993170440196991,0.0068292999640107155,0.012036619707942009,0.9990208745002747,0.6100543737411499,0.6089373826980591
197.0,1.0,0.9909561276435852,0.009044208563864231,0.049340471625328064,0.9984765648841858,0.7674038410186768,0.7675033807754517,0.9934095740318298,0.006590058095753193,0.02512519247829914,0.9988517761230469,0.8459141254425049,0.8459576964378357
197.0,2.0,0.9909119606018066,0.00908733531832695,0.048837918788194656,0.9984761476516724,0.8084182143211365,0.8084728121757507,0.993966281414032,0.006033603567630053,0.024410763755440712,0.9989024996757507,0.6446274518966675,0.6448983550071716
197.0,3.0,0.9902748465538025,0.009725569747388363,0.050013426691293716,0.9985085725784302,0.7648748755455017,0.7650835514068604,0.9951830506324768,0.004816626198589802,0.02776814065873623,0.99867182970047,0.8384587168693542,0.8381528854370117
197.0,4.0,0.9941259026527405,0.0058733574114739895,0.024106303229928017,0.9988246560096741,0.7626210451126099,0.7624413371086121,0.985959529876709,0.014040631242096424,0.08651009202003479,0.9979867935180664,0.8204240202903748,0.8210533857345581
198.0,0.0,0.9912338852882385,0.00876643043011427,0.04812260717153549,0.9984990954399109,0.7988405823707581,0.7990496754646301,0.9931706190109253,0.006829363759607077,0.01203647069633007,0.999020516872406,0.6100543737411499,0.6089373230934143
198.0,1.0,0.9909555315971375,0.00904422253370285,0.04933677241206169,0.9984762668609619,0.7674038410186768,0.7675036191940308,0.9934096336364746,0.00659005856141448,0.025125205516815186,0.9988521337509155,0.8459138870239258,0.8459572792053223
198.0,2.0,0.990912675857544,0.009087303653359413,0.04883784428238869,0.9984759092330933,0.8084191083908081,0.8084724545478821,0.9939665794372559,0.006033582147210836,0.024410609155893326,0.9989029765129089,0.6446293592453003,0.6448995471000671
198.0,3.0,0.99027419090271,0.009725511074066162,0.05001332610845566,0.9985074400901794,0.764876127243042,0.7650841474533081,0.9951833486557007,0.004816598724573851,0.027767900377511978,0.9986717700958252,0.8384580612182617,0.8381526470184326
198.0,4.0,0.9941270351409912,0.0058733257465064526,0.024101799353957176,0.9988241791725159,0.7626203894615173,0.7624418139457703,0.9859588742256165,0.014040559530258179,0.08651014417409897,0.9979869723320007,0.820424497127533,0.821053147315979
199.0,0.0,0.9912346005439758,0.008766408078372478,0.04811939597129822,0.9984984993934631,0.7988406419754028,0.7990485429763794,0.9931706190109253,0.006829484365880489,0.012036647647619247,0.9990206956863403,0.6100544333457947,0.6089372038841248
199.0,1.0,0.9909560084342957,0.009044197387993336,0.04933319613337517,0.9984757304191589,0.7674034833908081,0.7675031423568726,0.9934095144271851,0.006590120028704405,0.025125285610556602,0.9988518953323364,0.8459137678146362,0.8459569811820984
199.0,2.0,0.9909123778343201,0.009087322279810905,0.04883432760834694,0.998476505279541,0.8084169030189514,0.8084717988967896,0.9939666390419006,0.006033608224242926,0.024410700425505638,0.9989026784896851,0.6446292996406555,0.6448995471000671
199.0,3.0,0.9902744293212891,0.009725505486130714,0.05001336336135864,0.9985083937644958,0.7648743987083435,0.7650830745697021,0.9951837062835693,0.0048166257329285145,0.027768097817897797,0.9986717700958252,0.8384577631950378,0.8381522297859192
199.0,4.0,0.9941256642341614,0.005873338785022497,0.02410181798040867,0.9988244771957397,0.7626199126243591,0.7624412775039673,0.9859592914581299,0.014040582813322544,0.086510069668293,0.9979867339134216,0.8204243183135986,0.8210527896881104
