epoch,fold,dice_train,loss_train,bce_train,accuracy_train,precision_train,f1_train,dice_test,loss_test,bce_test,accuracy_test,precision_test,f1_test
0.0,0.0,0.66953045129776,0.3304697871208191,0.2800315320491791,0.9428672790527344,0.5996173024177551,0.6170089244842529,0.610553503036499,0.38944655656814575,0.08333079516887665,0.9824706315994263,0.46845701336860657,0.43696486949920654
0.0,1.0,0.8743523955345154,0.12564699351787567,0.17274926602840424,0.9827544093132019,0.6832889914512634,0.676425039768219,0.7330855131149292,0.2669139504432678,0.6551056504249573,0.9578968286514282,0.785228967666626,0.5839842557907104
0.0,2.0,0.9296585321426392,0.0703422874212265,0.0642930343747139,0.9891894459724426,0.7458643317222595,0.7494862079620361,0.8624733090400696,0.13752636313438416,0.022534187883138657,0.992874026298523,0.6071614623069763,0.6045257449150085
0.0,3.0,0.9358739852905273,0.06412477046251297,0.054029591381549835,0.9912622570991516,0.7166402339935303,0.7166982293128967,0.9702987670898438,0.029701678082346916,0.014768936671316624,0.9954435229301453,0.8150651454925537,0.8158738613128662
0.0,4.0,0.9542359709739685,0.045764677226543427,0.04655101150274277,0.9940863251686096,0.7262790203094482,0.7255339026451111,0.9435722231864929,0.05642758682370186,0.06734407693147659,0.9909500479698181,0.771405816078186,0.7814140319824219
1.0,0.0,0.9581040740013123,0.04189606383442879,0.034359827637672424,0.9941704273223877,0.7690495848655701,0.7676380276679993,0.9520454406738281,0.04795464128255844,0.015159995295107365,0.9950326681137085,0.5495298504829407,0.5733457207679749
1.0,1.0,0.9635979533195496,0.03640282154083252,0.03039119392633438,0.9952548742294312,0.7445929646492004,0.7442432641983032,0.9495325088500977,0.050467755645513535,0.039609361439943314,0.9931044578552246,0.785099446773529,0.8022240400314331
1.0,2.0,0.9655937552452087,0.03440578654408455,0.02553493157029152,0.9956557750701904,0.7864739298820496,0.785740852355957,0.9757692217826843,0.02423105388879776,0.009653427638113499,0.9975181221961975,0.6237629652023315,0.6317291259765625
1.0,3.0,0.9655113220214844,0.03448890149593353,0.03661803901195526,0.9959303140640259,0.7456387877464294,0.7439896464347839,0.9828944802284241,0.017105955630540848,0.008083882741630077,0.9979011416435242,0.8280711770057678,0.8264312148094177
1.0,4.0,0.975414514541626,0.024586325511336327,0.009641783311963081,0.9975664019584656,0.7478663921356201,0.7473147511482239,0.9650200605392456,0.03497973084449768,0.02102275937795639,0.9951090216636658,0.8078622817993164,0.802851140499115
2.0,0.0,0.9760416150093079,0.023958612233400345,0.013838750310242176,0.9971361756324768,0.7849640250205994,0.7857505679130554,0.9728619456291199,0.027138223871588707,0.00585886649787426,0.9980847835540771,0.5829893946647644,0.5923985838890076
2.0,1.0,0.9784913063049316,0.021509023383259773,0.011732317507266998,0.9975475072860718,0.7567706108093262,0.7567692399024963,0.9711214303970337,0.02887878753244877,0.011570245027542114,0.99755859375,0.8419682383537292,0.8254866003990173
2.0,2.0,0.9777877330780029,0.02221272513270378,0.010569099336862564,0.9977261424064636,0.7977004647254944,0.7967859506607056,0.9843263626098633,0.01567472331225872,0.00610332190990448,0.9983235597610474,0.6335306167602539,0.6375913023948669
2.0,3.0,0.9787185192108154,0.021281875669956207,0.010040382854640484,0.9978105425834656,0.756044864654541,0.7556705474853516,0.9853569269180298,0.014643451198935509,0.0062591303139925,0.9985173344612122,0.8325243592262268,0.8284453749656677
2.0,4.0,0.9843209385871887,0.01567924953997135,0.005791981238871813,0.9986736178398132,0.7542739510536194,0.7535402774810791,0.9753449559211731,0.024655627086758614,0.014560948126018047,0.9970616102218628,0.8104569911956787,0.8128400444984436
3.0,0.0,0.9821789860725403,0.01782214641571045,0.009487755596637726,0.9982613325119019,0.792359471321106,0.7915576696395874,0.9822821021080017,0.01771785505115986,0.0033439421094954014,0.9992147088050842,0.6017287969589233,0.6000689268112183
3.0,1.0,0.984760582447052,0.015239892527461052,0.007621828932315111,0.9985007643699646,0.7634834051132202,0.7631458640098572,0.9261400699615479,0.07385994493961334,0.02363794855773449,0.9936274886131287,0.8491423726081848,0.7804313898086548
3.0,2.0,0.9833787083625793,0.016621168702840805,0.008539102040231228,0.9984146952629089,0.8036020398139954,0.8025020956993103,0.9898137450218201,0.010186301544308662,0.003364472184330225,0.9991490840911865,0.6418248414993286,0.642317533493042
3.0,3.0,0.9842923879623413,0.015707997605204582,0.0075910016894340515,0.9986081123352051,0.7620099782943726,0.7605494260787964,0.991312563419342,0.008687666617333889,0.004869905300438404,0.9990624189376831,0.8345063328742981,0.8350009322166443
3.0,4.0,0.98832106590271,0.011678802780807018,0.0058190226554870605,0.9990103244781494,0.758832573890686,0.7574116587638855,0.9824783205986023,0.01752122864127159,0.011388624086976051,0.9980784058570862,0.8193181157112122,0.819617509841919
4.0,0.0,0.9863438010215759,0.013655613176524639,0.007613289635628462,0.9987195730209351,0.7963264584541321,0.7954801321029663,0.9848930835723877,0.015107148326933384,0.00331009179353714,0.9993305206298828,0.6032423377037048,0.602961003780365
4.0,1.0,0.9877845048904419,0.012216288596391678,0.006665216293185949,0.998878002166748,0.7667137980461121,0.7657363414764404,0.9863067865371704,0.013693406246602535,0.005588090978562832,0.9990696310997009,0.8437931537628174,0.8390478491783142
4.0,2.0,0.9868760704994202,0.013124297372996807,0.008693697862327099,0.9988021850585938,0.8067628741264343,0.8057246208190918,0.9914677143096924,0.008531936444342136,0.003146624192595482,0.9993194937705994,0.6439107060432434,0.643592357635498
4.0,3.0,0.9875161647796631,0.012484591454267502,0.006426429841667414,0.9989457726478577,0.7645062208175659,0.7635048031806946,0.992800235748291,0.007200176827609539,0.004506431054323912,0.9992321729660034,0.8360055685043335,0.8360920548439026
4.0,4.0,0.9906142950057983,0.009386255405843258,0.004205020144581795,0.9992440938949585,0.7611098885536194,0.7594766020774841,0.9863064289093018,0.013693074695765972,0.009720510803163052,0.9986668229103088,0.8239854574203491,0.8232362270355225
5.0,0.0,0.9890742301940918,0.010925966314971447,0.006567387375980616,0.9990202188491821,0.7992846965789795,0.7979176044464111,0.9885507225990295,0.011449296027421951,0.002989872358739376,0.9994297623634338,0.6062279343605042,0.6049594283103943
5.0,1.0,0.9899226427078247,0.010077373124659061,0.006337675731629133,0.9991065263748169,0.7688536047935486,0.7678359150886536,0.9786905646324158,0.02130945771932602,0.007603068370372057,0.9985868334770203,0.8506335020065308,0.8315803408622742
5.0,2.0,0.9902297854423523,0.009769636206328869,0.006287085823714733,0.9991293549537659,0.8104388117790222,0.8088497519493103,0.9930676817893982,0.0069325459189713,0.002701204502955079,0.9995147585868835,0.6460233330726624,0.6447342038154602
5.0,3.0,0.9894922375679016,0.010509230196475983,0.006088271737098694,0.999114453792572,0.7674287557601929,0.7655892968177795,0.9941328763961792,0.005866966675966978,0.004948628135025501,0.9993196129798889,0.8389678001403809,0.8376396894454956
5.0,4.0,0.9903668165206909,0.009633149020373821,0.01008959673345089,0.9991068243980408,0.7614023089408875,0.7593474388122559,0.9863346219062805,0.013665609061717987,0.010582458227872849,0.9986183047294617,0.8230884075164795,0.8237107396125793
6.0,0.0,0.9912603497505188,0.008741193450987339,0.005915120709687471,0.9992145895957947,0.8015798330307007,0.800043523311615,0.9893819093704224,0.010618040338158607,0.0029183956794440746,0.9995389580726624,0.60753333568573,0.6061599254608154
6.0,1.0,0.9914559125900269,0.00854445155709982,0.005801030434668064,0.9992424845695496,0.7702354788780212,0.7690411806106567,0.9913845062255859,0.008614979684352875,0.0047790855169296265,0.9993870258331299,0.8480439782142639,0.8441130518913269
6.0,2.0,0.9902600646018982,0.009740017354488373,0.008359753526747227,0.9990506768226624,0.8111167550086975,0.8091878294944763,0.9932366609573364,0.00676331389695406,0.0030616032890975475,0.9995125532150269,0.6457399725914001,0.6446188688278198
6.0,3.0,0.9914183616638184,0.008580828085541725,0.005785960238426924,0.9992834329605103,0.7690293192863464,0.7672680616378784,0.994962751865387,0.005037401337176561,0.0045957500115036964,0.9993906617164612,0.8387227058410645,0.838264524936676
6.0,4.0,0.9933789372444153,0.006621163804084063,0.003847894724458456,0.9994489550590515,0.7635898590087891,0.7619034051895142,0.9902523159980774,0.009747768752276897,0.01040169969201088,0.9990251660346985,0.8282144069671631,0.8273389339447021
7.0,0.0,0.9920330047607422,0.007965878583490849,0.0056021022610366344,0.999301552772522,0.8024707436561584,0.8006675839424133,0.9926877617835999,0.007311904802918434,0.002787168137729168,0.9995798468589783,0.6107058525085449,0.6091623902320862
7.0,1.0,0.9920914769172668,0.007908987812697887,0.006014314014464617,0.9992582201957703,0.7707740664482117,0.7695363163948059,0.9920575618743896,0.00794249027967453,0.004590048920363188,0.9993829131126404,0.8495441675186157,0.8445655107498169
7.0,2.0,0.9922042489051819,0.00779658043757081,0.005811755079776049,0.9992887377738953,0.8123703598976135,0.8105258345603943,0.9945772886276245,0.005423142109066248,0.0025662838015705347,0.9996135830879211,0.6473698616027832,0.6459436416625977
7.0,3.0,0.9919678568840027,0.008031743578612804,0.005479616578668356,0.9993505477905273,0.7693752646446228,0.7677355408668518,0.9953238368034363,0.004675968084484339,0.004458454437553883,0.9994319677352905,0.8388242721557617,0.8384814858436584
7.0,4.0,0.9942493438720703,0.0057511418126523495,0.003630512859672308,0.9995108246803284,0.7644560933113098,0.7627813220024109,0.991468071937561,0.008532562293112278,0.008882209658622742,0.9991476535797119,0.828153669834137,0.8281744718551636
8.0,0.0,0.9929490089416504,0.0070510683581233025,0.005967590492218733,0.99934983253479,0.8028528690338135,0.8015453815460205,0.9933744668960571,0.006625521462410688,0.0026942354161292315,0.9996045827865601,0.6089580059051514,0.6095911264419556
8.0,1.0,0.9931731820106506,0.006827613804489374,0.005581679288297892,0.9993299245834351,0.7716884016990662,0.7706356048583984,0.9933513402938843,0.00664822943508625,0.003972524311393499,0.9994910955429077,0.8496818542480469,0.845716655254364
8.0,2.0,0.993143618106842,0.006856042426079512,0.005491313990205526,0.9993759393692017,0.8129376769065857,0.8115172982215881,0.9944791793823242,0.0055215200409293175,0.0027620885521173477,0.9995791912078857,0.6483246684074402,0.6460983753204346
8.0,3.0,0.9931764006614685,0.006823324132710695,0.004938232246786356,0.9994131922721863,0.7701848745346069,0.7688819169998169,0.9959345459938049,0.004065798129886389,0.004220008384436369,0.9994843006134033,0.8399302363395691,0.838952362537384
8.0,4.0,0.994837760925293,0.005162109155207872,0.0034652105532586575,0.9995570778846741,0.7647765874862671,0.7632774710655212,0.9918813705444336,0.008119165897369385,0.00846872664988041,0.9991680979728699,0.8300095796585083,0.8288734555244446
9.0,0.0,0.9941713809967041,0.005828807130455971,0.005150524899363518,0.9994369149208069,0.8038315773010254,0.8026130199432373,0.9944054484367371,0.0055942353792488575,0.0022586716804653406,0.9996609091758728,0.6127291321754456,0.6108116507530212
9.0,1.0,0.9942641854286194,0.00573638454079628,0.004974795505404472,0.9994440674781799,0.7725000977516174,0.771593451499939,0.9939112663269043,0.006088738329708576,0.0036175588611513376,0.9995567202568054,0.8495521545410156,0.8462811708450317
9.0,2.0,0.9943093061447144,0.005690641701221466,0.005328643601387739,0.9994347095489502,0.813992977142334,0.8125754594802856,0.9958634972572327,0.004136547911912203,0.0023041239473968744,0.999672532081604,0.6481059193611145,0.6470877528190613
9.0,3.0,0.9939226508140564,0.0060767135582864285,0.005550699774175882,0.9994176030158997,0.7710555195808411,0.7696502804756165,0.9961901903152466,0.003810157533735037,0.004229776561260223,0.9994986653327942,0.8410712480545044,0.8392881155014038
9.0,4.0,0.9954590201377869,0.004541714675724506,0.0033612761180847883,0.9995949268341064,0.7651814222335815,0.7638197541236877,0.9938202500343323,0.006179359275847673,0.008412406779825687,0.9993098974227905,0.8318111896514893,0.8306183218955994
10.0,0.0,0.9951063990592957,0.004893654957413673,0.004937338642776012,0.999502420425415,0.8048850893974304,0.8036134839057922,0.9955479502677917,0.0044525787234306335,0.002437909599393606,0.9996758699417114,0.6128084659576416,0.6116259694099426
10.0,1.0,0.9946910738945007,0.00530919898301363,0.005680172238498926,0.9994314312934875,0.7730510234832764,0.7720303535461426,0.9948099851608276,0.0051900832913815975,0.0033494820818305016,0.9996188282966614,0.8496468663215637,0.8470728993415833
10.0,2.0,0.995227038860321,0.004772271029651165,0.004887052811682224,0.9995163083076477,0.8147416114807129,0.8134326338768005,0.9961226582527161,0.003877796232700348,0.0023987030144780874,0.9996960163116455,0.6484155654907227,0.6473122239112854
10.0,3.0,0.9946742057800293,0.005326516926288605,0.004745633341372013,0.9995229244232178,0.7713890671730042,0.7701884508132935,0.9967840909957886,0.0032159388065338135,0.00407371623441577,0.99956214427948,0.8409566879272461,0.8397412896156311
10.0,4.0,0.9960401058197021,0.003960182424634695,0.0033049904741346836,0.9996410608291626,0.7657891511917114,0.764320433139801,0.9949300289154053,0.005070152692496777,0.007191231474280357,0.9994050860404968,0.8322051763534546,0.8317432999610901
11.0,0.0,0.9953093528747559,0.004690276924520731,0.004758547060191631,0.9995424747467041,0.8050305843353271,0.803757905960083,0.9960390329360962,0.003960982896387577,0.0027249061968177557,0.9997132420539856,0.6125954389572144,0.6121228933334351
11.0,1.0,0.9956896901130676,0.0043107131496071815,0.005026448052376509,0.999542236328125,0.7738983035087585,0.7729592323303223,0.9951238036155701,0.004876239690929651,0.003098396584391594,0.9996505379676819,0.84991854429245,0.8473482131958008
11.0,2.0,0.9954959154129028,0.004503077361732721,0.005076013505458832,0.9995334148406982,0.8150684237480164,0.8136478066444397,0.9966034889221191,0.0033963259775191545,0.002508684294298291,0.9997319579124451,0.6478549838066101,0.6476243734359741
11.0,3.0,0.9954208731651306,0.004579193890094757,0.0045163254253566265,0.9995755553245544,0.7719679474830627,0.770852267742157,0.9969545006752014,0.003045319579541683,0.004150639288127422,0.999584436416626,0.8408183455467224,0.8398773670196533
11.0,4.0,0.9959469437599182,0.00405312841758132,0.0036432426422834396,0.999602198600769,0.7655434608459473,0.7642282843589783,0.9952313899993896,0.004769019782543182,0.006568020675331354,0.9994451403617859,0.8330883383750916,0.831960916519165
12.0,0.0,0.9958291053771973,0.004170821513980627,0.004756173584610224,0.999579131603241,0.8054581880569458,0.8042278289794922,0.9962596893310547,0.0037402326706796885,0.0028420728631317616,0.9996699690818787,0.6129923462867737,0.6121153235435486
12.0,1.0,0.9957273602485657,0.00427259923890233,0.005122062750160694,0.9995589852333069,0.7737036347389221,0.7729293704032898,0.9951048493385315,0.004895668011158705,0.0032352518755942583,0.9996651411056519,0.8494422435760498,0.8476515412330627
12.0,2.0,0.995840847492218,0.004159406293183565,0.004945322871208191,0.9995730519294739,0.8151623606681824,0.8139303922653198,0.996873140335083,0.0031269295141100883,0.0024990190286189318,0.9997449517250061,0.6482692360877991,0.6479099988937378
12.0,3.0,0.9957777261734009,0.004222360905259848,0.004542750772088766,0.9996005892753601,0.7723119258880615,0.7712138295173645,0.9970569610595703,0.002943066181614995,0.004275194834917784,0.9996083974838257,0.8408334851264954,0.8399974703788757
12.0,4.0,0.9963656663894653,0.0036344395484775305,0.003587461309507489,0.9996562004089355,0.7659235000610352,0.7646032571792603,0.9955009818077087,0.004498395137488842,0.007421138230711222,0.9994692206382751,0.8330380320549011,0.8321163058280945
13.0,0.0,0.9957257509231567,0.004273608792573214,0.004948909860104322,0.9995834827423096,0.8047673106193542,0.8037809133529663,0.9970657825469971,0.002933853305876255,0.0025616600178182125,0.9997595548629761,0.6134483814239502,0.6130728125572205
13.0,1.0,0.9962840676307678,0.003715897910296917,0.004944820422679186,0.9996019005775452,0.7744779586791992,0.7734275460243225,0.9961299300193787,0.0038700238801538944,0.003421040251851082,0.9996707439422607,0.8502736687660217,0.8486256003379822
13.0,2.0,0.9960943460464478,0.0039053214713931084,0.005224865861237049,0.9995644688606262,0.8154088854789734,0.8142409920692444,0.996599555015564,0.0034008107613772154,0.004229055251926184,0.9997137188911438,0.6474915146827698,0.6475680470466614
13.0,3.0,0.9956455230712891,0.0043534473516047,0.005052994936704636,0.9995980262756348,0.7719221115112305,0.7710404396057129,0.9972789287567139,0.0027214332949370146,0.004361320752650499,0.9996151328086853,0.8411056995391846,0.8400595188140869
13.0,4.0,0.9969150424003601,0.003083322662860155,0.003356762696057558,0.99969083070755,0.7661654353141785,0.7651301026344299,0.9957683682441711,0.004232236184179783,0.007178704719990492,0.9995126128196716,0.8330092430114746,0.8323991298675537
14.0,0.0,0.9962601661682129,0.003739519976079464,0.004850232042372227,0.9996034502983093,0.8054766058921814,0.8045102953910828,0.9853755235671997,0.01462431438267231,0.006965180393308401,0.9984890222549438,0.6149232387542725,0.6015087962150574
14.0,1.0,0.9962834119796753,0.003715984756127,0.004826982039958239,0.9996010661125183,0.7745154500007629,0.7734154462814331,0.9959160089492798,0.0040837237611413,0.003722596447914839,0.9996898174285889,0.8505113124847412,0.8483273386955261
14.0,2.0,0.9964457750320435,0.003554512048140168,0.0051703364588320255,0.9996012449264526,0.8155507445335388,0.8145157694816589,0.9972736239433289,0.002726771403104067,0.0028378975111991167,0.9997639060020447,0.6484196186065674,0.6481048464775085
14.0,3.0,0.9962149262428284,0.0037849831860512495,0.004781588912010193,0.9996294379234314,0.7724289894104004,0.7715021967887878,0.9973094463348389,0.002690431661903858,0.004084266256541014,0.9996310472488403,0.8415007591247559,0.8401454091072083
14.0,4.0,0.9970532059669495,0.0029476238414645195,0.0033961322624236345,0.999701201915741,0.7661190629005432,0.7651898860931396,0.9959264397621155,0.0040734014473855495,0.006909829098731279,0.9995049238204956,0.8337047100067139,0.8324995040893555
15.0,0.0,0.9965101480484009,0.0034905364736914635,0.004830124322324991,0.9996296763420105,0.8057679533958435,0.8047816157341003,0.9972649216651917,0.002735094865784049,0.002703197067603469,0.9997615814208984,0.6141853928565979,0.6129286289215088
15.0,1.0,0.9967747926712036,0.0032259684521704912,0.004797390196472406,0.9996359944343567,0.774673581123352,0.7738869786262512,0.9967605471611023,0.0032393005676567554,0.003236775053665042,0.9997076988220215,0.8506568670272827,0.8489967584609985
15.0,2.0,0.9966976046562195,0.0033011832274496555,0.00480989832431078,0.9996281862258911,0.8157732486724854,0.8147178888320923,0.9973240494728088,0.002675513969734311,0.0025945778470486403,0.999772846698761,0.6488248109817505,0.6481807827949524
15.0,3.0,0.9966517686843872,0.003348503028973937,0.0048272330313920975,0.99965500831604,0.7729146480560303,0.7720293998718262,0.9967986345291138,0.003200831590220332,0.005424597766250372,0.9995959401130676,0.8398879766464233,0.8398162126541138
15.0,4.0,0.9971541166305542,0.0028466449584811926,0.0034560635685920715,0.9997057914733887,0.7663390636444092,0.76532381772995,0.996039628982544,0.0039613391272723675,0.0075166006572544575,0.9995476007461548,0.8329306244850159,0.8326552510261536
16.0,0.0,0.9966169595718384,0.0033838716335594654,0.004869929514825344,0.9996327757835388,0.8058290481567383,0.8049451112747192,0.9978562593460083,0.002143613062798977,0.0024804314598441124,0.9997841715812683,0.6143090724945068,0.6134890913963318
16.0,1.0,0.9970019459724426,0.00299854320473969,0.004671909846365452,0.9996557831764221,0.7748054265975952,0.7740532159805298,0.9965106844902039,0.0034893720876425505,0.003104591043666005,0.9997022747993469,0.850788950920105,0.8488085269927979
16.0,2.0,0.9968767762184143,0.003123910166323185,0.0047305673360824585,0.999640941619873,0.8158616423606873,0.814900815486908,0.9964745044708252,0.0035254033282399178,0.0025000120513141155,0.9996987581253052,0.6492334008216858,0.6475187540054321
16.0,3.0,0.9963962435722351,0.00360363582149148,0.004683006554841995,0.9996442794799805,0.7727838754653931,0.7718413472175598,0.9976836442947388,0.0023166509345173836,0.003609197912737727,0.9996660351753235,0.8413505554199219,0.840456485748291
16.0,4.0,0.9975380897521973,0.0024623346980661154,0.00302334176376462,0.9997357130050659,0.7664913535118103,0.765699028968811,0.9964839220046997,0.003516255645081401,0.006757467053830624,0.999572217464447,0.8337879776954651,0.8330675959587097
17.0,0.0,0.9971258640289307,0.0028735753148794174,0.004391873721033335,0.9996728301048279,0.8061588406562805,0.8053631782531738,0.9981542825698853,0.0018460535211488605,0.002284643240272999,0.9997956156730652,0.6142896413803101,0.6137899160385132
17.0,1.0,0.9969661235809326,0.0030329222790896893,0.004999566823244095,0.9996451735496521,0.7748688459396362,0.7740666270256042,0.9969955682754517,0.0030042361468076706,0.0030820746906101704,0.9997300505638123,0.8505841493606567,0.8491913080215454
17.0,2.0,0.9971327781677246,0.0028669496532529593,0.004788185935467482,0.9996610283851624,0.8159646987915039,0.8151532411575317,0.9977419972419739,0.00225799810141325,0.0026198741979897022,0.9998087286949158,0.6487314105033875,0.6485463976860046
17.0,3.0,0.997194230556488,0.002805846044793725,0.004360737279057503,0.9996945261955261,0.7732303738594055,0.7725476622581482,0.9979240298271179,0.002076366450637579,0.003650972153991461,0.9996926784515381,0.841544508934021,0.8406807780265808
17.0,4.0,0.9974709153175354,0.002529795514419675,0.0028649205341935158,0.9997449517250061,0.7661575078964233,0.7655913233757019,0.9964306950569153,0.0035690227523446083,0.008542508818209171,0.9995439052581787,0.8334610462188721,0.8329535722732544
18.0,0.0,0.9974011778831482,0.002598749240860343,0.004419250413775444,0.9996951818466187,0.8062979578971863,0.8055684566497803,0.998276948928833,0.0017231465317308903,0.002297205850481987,0.9998093843460083,0.6141459345817566,0.6138526201248169
18.0,1.0,0.9972464442253113,0.0027531071100383997,0.004638097248971462,0.9996771216392517,0.7750160098075867,0.774336576461792,0.9969667196273804,0.003033010521903634,0.0027338028885424137,0.9997230768203735,0.8511549830436707,0.8493946194648743
18.0,2.0,0.9971777200698853,0.0028221530374139547,0.004755816888064146,0.9996775388717651,0.8160094618797302,0.8151750564575195,0.9978455305099487,0.002155076013877988,0.002559061162173748,0.9998128414154053,0.6489533185958862,0.6486184597015381
18.0,3.0,0.9974206686019897,0.0025795346591621637,0.004420644138008356,0.9997149705886841,0.7733299732208252,0.7726891040802002,0.9979920387268066,0.002008081879466772,0.0031628222204744816,0.9997047781944275,0.841772198677063,0.840730607509613
18.0,4.0,0.9972434639930725,0.0027573988772928715,0.002828737022355199,0.9997473955154419,0.7660170197486877,0.7652474641799927,0.9965177178382874,0.00348165025934577,0.0071156881749629974,0.9995911717414856,0.833556592464447,0.8330483436584473
19.0,0.0,0.9971200823783875,0.002879984909668565,0.00433746911585331,0.999692440032959,0.8061301112174988,0.8053263425827026,0.9981675744056702,0.0018327089492231607,0.001933454186655581,0.9998069405555725,0.6143828630447388,0.6137596964836121
19.0,1.0,0.9975955486297607,0.002404858823865652,0.004375902004539967,0.9997135400772095,0.7752382755279541,0.7746069431304932,0.9978307485580444,0.0021695708855986595,0.0024422532878816128,0.9997828006744385,0.8506272435188293,0.8499819040298462
19.0,2.0,0.9974503517150879,0.002550380304455757,0.0043675401248037815,0.9997037649154663,0.8162691593170166,0.8154499530792236,0.9979491233825684,0.0020509795285761356,0.00227159820497036,0.9998242259025574,0.6489957571029663,0.6487287878990173
19.0,3.0,0.9975099563598633,0.002490759827196598,0.004191214218735695,0.9997310042381287,0.7733896970748901,0.772795557975769,0.9981009364128113,0.0018993772100657225,0.003327692160382867,0.9997233748435974,0.8418076634407043,0.8408498167991638
19.0,4.0,0.9974461197853088,0.0025541484355926514,0.005076361354440451,0.9996981620788574,0.7662011981010437,0.765640914440155,0.9968056678771973,0.0031948015093803406,0.0066818175837397575,0.9996215105056763,0.834317147731781,0.833353579044342
20.0,0.0,0.9976128935813904,0.002387238433584571,0.004370886832475662,0.999720573425293,0.8064041137695312,0.8058031797409058,0.9985082149505615,0.0014917546650394797,0.0023530651815235615,0.9998207688331604,0.6144182085990906,0.6140322089195251
20.0,1.0,0.9971562623977661,0.0028434842824935913,0.004698890261352062,0.9997091889381409,0.7752205729484558,0.7742237448692322,0.9974929094314575,0.002507355296984315,0.0029289224185049534,0.9997519254684448,0.8511520624160767,0.8498609662055969
20.0,2.0,0.9976853728294373,0.002315248129889369,0.004332450218498707,0.9997190833091736,0.816423237323761,0.8156576156616211,0.9978793859481812,0.002120843157172203,0.0022493870928883553,0.9998171329498291,0.6491121649742126,0.6486474871635437
20.0,3.0,0.9977065920829773,0.0022937580943107605,0.004324217792600393,0.9997411966323853,0.7735750675201416,0.7729682922363281,0.9983250498771667,0.0016747898189350963,0.0031895677093416452,0.9997400641441345,0.841935932636261,0.841029703617096
20.0,4.0,0.9980819225311279,0.0019179629161953926,0.0028775432147085667,0.9997845888137817,0.7667043209075928,0.7661929726600647,0.9951964020729065,0.004803866147994995,0.012694072909653187,0.9993260502815247,0.8316895365715027,0.8317947387695312
21.0,0.0,0.9977942705154419,0.002205644967034459,0.004410703666508198,0.9997295141220093,0.8066637516021729,0.8059970736503601,0.9980742931365967,0.0019257550593465567,0.0024124779738485813,0.9998069405555725,0.6140526533126831,0.6140652894973755
21.0,1.0,0.9977895021438599,0.0022107623517513275,0.004513946827501059,0.999729573726654,0.7754323482513428,0.7748294472694397,0.9980714917182922,0.0019282831344753504,0.0025885282084345818,0.9997928142547607,0.8512125611305237,0.8502101898193359
21.0,2.0,0.9977331161499023,0.0022667977027595043,0.0044280048459768295,0.9997215270996094,0.8164387941360474,0.8157685399055481,0.9983898997306824,0.0016105436952784657,0.002797953085973859,0.999835193157196,0.6498692035675049,0.6492008566856384
21.0,3.0,0.9977958798408508,0.002204722259193659,0.0044361078180372715,0.9997479915618896,0.773740291595459,0.7730684280395508,0.9985733032226562,0.0014267080696299672,0.003323010867461562,0.9997526407241821,0.8417873382568359,0.8413923382759094
21.0,4.0,0.9983611106872559,0.0016387958312407136,0.0028033882845193148,0.9997923374176025,0.7669803500175476,0.7664555907249451,0.9954605102539062,0.0045397900976240635,0.007977405562996864,0.9995628595352173,0.8307747840881348,0.8318800926208496
22.0,0.0,0.997904360294342,0.002096035983413458,0.004363249521702528,0.9997404217720032,0.8067051768302917,0.8060746192932129,0.9986382722854614,0.0013616824289783835,0.002240804024040699,0.9998360276222229,0.6146566271781921,0.6141200065612793
22.0,1.0,0.9978120923042297,0.002187693491578102,0.0044918362982571125,0.9997321963310242,0.7755556106567383,0.7748968601226807,0.9981578588485718,0.0018418187974020839,0.0023918775841593742,0.9998137354850769,0.851248025894165,0.8503374457359314
22.0,2.0,0.9980196356773376,0.001981034642085433,0.004333593882620335,0.9997441172599792,0.8165616989135742,0.8159814476966858,0.9985343217849731,0.0014657434076070786,0.0030744189862161875,0.9998452067375183,0.6498686075210571,0.6492906212806702
22.0,3.0,0.9979154467582703,0.002084889682009816,0.0044195763766765594,0.9997626543045044,0.7737754583358765,0.773167610168457,0.9986934661865234,0.00130663369782269,0.0033818818628787994,0.999758243560791,0.8418302536010742,0.8414859771728516
22.0,4.0,0.9985466003417969,0.0014536712551489472,0.0028421394526958466,0.9998109340667725,0.7671364545822144,0.7666195034980774,0.9974048733711243,0.002595203462988138,0.006328705232590437,0.9996753334999084,0.8347103595733643,0.8338858485221863
23.0,0.0,0.9980157017707825,0.0019852721597999334,0.004381737671792507,0.999749481678009,0.8068233728408813,0.8061860203742981,0.9989436268806458,0.0010561461094766855,0.0022969208657741547,0.9998608827590942,0.6144678592681885,0.6144412755966187
23.0,1.0,0.997486412525177,0.00251408270560205,0.005032372195273638,0.9997150897979736,0.7754009366035461,0.774851381778717,0.9972976446151733,0.0027021353598684072,0.002612814772874117,0.9997718334197998,0.8513790965080261,0.8495690226554871
23.0,2.0,0.9981261491775513,0.0018740632804110646,0.004744725301861763,0.9997515678405762,0.8166385293006897,0.8160687685012817,0.9985915422439575,0.0014086890732869506,0.00316552328877151,0.9998476505279541,0.6498032212257385,0.6493105888366699
23.0,3.0,0.9981334805488586,0.0018681091023609042,0.004510227590799332,0.9997767806053162,0.7739220857620239,0.773341715335846,0.9987534880638123,0.0012467310298234224,0.00361022911965847,0.9997609853744507,0.8418290615081787,0.8415446281433105
23.0,4.0,0.9986373782157898,0.0013626933796331286,0.0028804338071495295,0.9998182654380798,0.7672033905982971,0.766683042049408,0.9975669980049133,0.0024335954803973436,0.006976521573960781,0.999687671661377,0.8346915245056152,0.8339982628822327
24.0,0.0,0.998199999332428,0.001800479250960052,0.00443425914272666,0.9997655749320984,0.8069373369216919,0.8063483238220215,0.9987663626670837,0.0012337167281657457,0.0020576855167746544,0.9998457431793213,0.6146649122238159,0.6143327951431274
24.0,1.0,0.9982197284698486,0.0017806029645726085,0.0048374272882938385,0.9997613430023193,0.7756838798522949,0.7752078771591187,0.9983235597610474,0.001676518120802939,0.0023828851990401745,0.9998279213905334,0.8512762784957886,0.8504933714866638
24.0,2.0,0.9981248378753662,0.0018757515354081988,0.00460955873131752,0.9997574090957642,0.8166404366493225,0.8160632848739624,0.9985525012016296,0.0014475584030151367,0.0036360835656523705,0.9998425841331482,0.649720311164856,0.6493575572967529
24.0,3.0,0.9980939626693726,0.0019060327904298902,0.004635494668036699,0.999778151512146,0.7739131450653076,0.773331880569458,0.9983247518539429,0.0016756964614614844,0.003637331537902355,0.9997252225875854,0.8421903252601624,0.8410817384719849
24.0,4.0,0.9986530542373657,0.0013479115441441536,0.003043076489120722,0.9998250007629395,0.7672090530395508,0.7667031288146973,0.997647225856781,0.0023531722836196423,0.0069604236632585526,0.9997063875198364,0.8346503973007202,0.8340765833854675
25.0,0.0,0.9980151057243347,0.0019859347958117723,0.004666447173804045,0.9997638463973999,0.8066933155059814,0.8061100244522095,0.9990333914756775,0.0009666752885095775,0.0024322259705513716,0.9998700618743896,0.6146148443222046,0.6145277619361877
25.0,1.0,0.9982042908668518,0.001796496449969709,0.004700326826423407,0.9997677803039551,0.7756587266921997,0.7751666307449341,0.9983925819396973,0.0016068062977865338,0.0023597092367708683,0.9998346567153931,0.8513233065605164,0.8505185842514038
25.0,2.0,0.9982820749282837,0.0017183515010401607,0.00468460563570261,0.9997706413269043,0.8167274594306946,0.8162022829055786,0.9986569881439209,0.0013433558633551002,0.0035670979414135218,0.9998542666435242,0.649871826171875,0.649371325969696
25.0,3.0,0.998192548751831,0.001808149740099907,0.0047071571461856365,0.9997855424880981,0.7739425897598267,0.7733893394470215,0.9988200068473816,0.001180075341835618,0.0038890386931598186,0.9997725486755371,0.8419490456581116,0.8416022658348083
25.0,4.0,0.9986891746520996,0.0013112800661474466,0.0029987702146172523,0.9998282194137573,0.7672549486160278,0.7667440176010132,0.9977479577064514,0.0022524648811668158,0.007509984076023102,0.9997104406356812,0.8347734212875366,0.8341747522354126
26.0,0.0,0.9983354210853577,0.0016653023194521666,0.00443522073328495,0.9997827410697937,0.8070213794708252,0.8064671754837036,0.9989521503448486,0.0010475553572177887,0.0026013441383838654,0.9998700618743896,0.614452600479126,0.6144925951957703
26.0,1.0,0.9983842968940735,0.0016167302383109927,0.004741910845041275,0.9997782707214355,0.7758204936981201,0.7753328680992126,0.9985226988792419,0.0014771075220778584,0.002370224567130208,0.9998496770858765,0.8513065576553345,0.8506191968917847
26.0,2.0,0.9982397556304932,0.0017600404098629951,0.004555657040327787,0.9997751116752625,0.8167035579681396,0.8161513209342957,0.9987456798553467,0.0012545997742563486,0.003154982812702656,0.9998648166656494,0.6500324010848999,0.6494507789611816
26.0,3.0,0.9982919096946716,0.0017085830913856626,0.00457403901964426,0.9997981190681458,0.7740389108657837,0.7734938859939575,0.9988677501678467,0.001132562872953713,0.003365547629073262,0.9997842907905579,0.8422008156776428,0.8416264057159424
26.0,4.0,0.998788058757782,0.0012126265792176127,0.003017738228663802,0.9998390674591064,0.7672657370567322,0.7668101191520691,0.997787356376648,0.002212419407442212,0.007174694444984198,0.9997132420539856,0.8347430229187012,0.834213376045227
27.0,0.0,0.9983670711517334,0.0016327359480783343,0.004583355970680714,0.9997884631156921,0.8070318102836609,0.8064921498298645,0.9987316131591797,0.00126861862372607,0.002260542009025812,0.9998438358306885,0.6147065758705139,0.6142956018447876
27.0,1.0,0.9983922839164734,0.0016077402979135513,0.004988616798073053,0.9997832775115967,0.7758479714393616,0.7753676772117615,0.9984725713729858,0.0015271923039108515,0.0022849971428513527,0.9998437762260437,0.8514677286148071,0.850597083568573
27.0,2.0,0.9984632134437561,0.0015375628136098385,0.004583996720612049,0.9997937679290771,0.8168789744377136,0.8163608312606812,0.9985716938972473,0.001428259420208633,0.003326922655105591,0.9998459219932556,0.6499645709991455,0.6492918133735657
27.0,3.0,0.9981163740158081,0.0018832179484888911,0.00461980514228344,0.9997906684875488,0.7738319039344788,0.7733733654022217,0.998986542224884,0.0010135386837646365,0.003560795448720455,0.9997966885566711,0.8420962691307068,0.8417529463768005
27.0,4.0,0.998874843120575,0.0011249567614868283,0.00305433152243495,0.999847948551178,0.7673431038856506,0.7668954133987427,0.9979202747344971,0.00207930407486856,0.007221388630568981,0.9997364282608032,0.8348954916000366,0.8343344330787659
28.0,0.0,0.9984862208366394,0.0015142442425712943,0.004583869129419327,0.999800980091095,0.807121217250824,0.8065926432609558,0.9990759491920471,0.0009240694344043732,0.002708695363253355,0.9998645782470703,0.6146032214164734,0.6145278215408325
28.0,1.0,0.9981765747070312,0.0018246417166665196,0.005056736059486866,0.9997886419296265,0.7757411599159241,0.7751513123512268,0.9986874461174011,0.0013128587743267417,0.002326154848560691,0.9998708963394165,0.8514411449432373,0.8507741093635559
28.0,2.0,0.998550534248352,0.0014497499214485288,0.004593484103679657,0.9998030662536621,0.8169212341308594,0.8164354562759399,0.9988566637039185,0.0011433589970692992,0.003514103824272752,0.9998759031295776,0.6500135064125061,0.6495574712753296
28.0,3.0,0.9984710812568665,0.001529520726762712,0.004666062071919441,0.999816358089447,0.7741475701332092,0.7736451625823975,0.9990702867507935,0.0009302785038016737,0.003552928101271391,0.9998077750205994,0.8421950340270996,0.8417961001396179
28.0,4.0,0.9986768960952759,0.0013230177573859692,0.0031134039163589478,0.9998416304588318,0.7671101093292236,0.7667087316513062,0.9979226589202881,0.002077691722661257,0.007613114546984434,0.9997335076332092,0.8348384499549866,0.8343517184257507
29.0,0.0,0.9984663724899292,0.0015343223931267858,0.004554336424916983,0.9998061060905457,0.807144284248352,0.8065788149833679,0.9990335702896118,0.0009664712706580758,0.0024768884759396315,0.9998884797096252,0.6144947409629822,0.6145918965339661
29.0,1.0,0.9985383749008179,0.0014623320894315839,0.004886941518634558,0.9998014569282532,0.7759419679641724,0.7755041718482971,0.9986324906349182,0.001367773162201047,0.0024265521205961704,0.9998665452003479,0.8513853549957275,0.8507038950920105
29.0,2.0,0.998489499092102,0.0015110044041648507,0.00460863159969449,0.9998010396957397,0.8168426156044006,0.8163849115371704,0.9988712668418884,0.0011289569083601236,0.003461382817476988,0.9998767375946045,0.650037944316864,0.6495646834373474
29.0,3.0,0.9984644651412964,0.001536474097520113,0.004865165334194899,0.9998202323913574,0.7741427421569824,0.7736567258834839,0.9990179538726807,0.0009823428699746728,0.0035960725508630276,0.9998076558113098,0.8420877456665039,0.8417538404464722
29.0,4.0,0.9989302158355713,0.0010706298053264618,0.0031452379189431667,0.9998564124107361,0.767353355884552,0.766932487487793,0.9980394244194031,0.0019618328660726547,0.006942677777260542,0.9997502565383911,0.8350536823272705,0.834443986415863
30.0,0.0,0.9986304640769958,0.0013709046179428697,0.004694534931331873,0.9998191595077515,0.8072106242179871,0.8067157864570618,0.9993101358413696,0.0006899076979607344,0.002524887677282095,0.9999030828475952,0.6148251295089722,0.6147426962852478
30.0,1.0,0.9986834526062012,0.0013176092179492116,0.005005944985896349,0.9998175501823425,0.7760211229324341,0.7756035327911377,0.9988141655921936,0.0011858540819957852,0.0023873932659626007,0.9998876452445984,0.851455569267273,0.8508585095405579
30.0,2.0,0.9986783862113953,0.0013222824782133102,0.0046701617538928986,0.999821126461029,0.8169835209846497,0.816536545753479,0.9989141225814819,0.0010858908062800765,0.003573366906493902,0.9998815059661865,0.6500517725944519,0.6495940089225769
30.0,3.0,0.9986041784286499,0.0013964468380436301,0.00476453360170126,0.9998356699943542,0.7742274403572083,0.7737658619880676,0.9991285800933838,0.0008717100135982037,0.0036707331892102957,0.9998217225074768,0.8422178030014038,0.8418428897857666
30.0,4.0,0.9990271329879761,0.0009736764477565885,0.0031196661293506622,0.9998669624328613,0.7674113512039185,0.7670124769210815,0.9981412291526794,0.0018596011213958263,0.007234672550112009,0.9997659921646118,0.8350498676300049,0.8345298171043396
31.0,0.0,0.9986739754676819,0.0013268102193251252,0.004728928208351135,0.9998268485069275,0.8072337508201599,0.8067562580108643,0.9993542432785034,0.0006459641736000776,0.00248534488491714,0.999907910823822,0.6147962212562561,0.6147724986076355
31.0,1.0,0.9987143278121948,0.0012855618260800838,0.00496524665504694,0.9998228549957275,0.7760401964187622,0.7756392359733582,0.9988507032394409,0.0011499958345666528,0.0024168421514332294,0.9998920559883118,0.851486325263977,0.8509029150009155
31.0,2.0,0.9987072944641113,0.0012933374382555485,0.004683691542595625,0.9998260736465454,0.8170062303543091,0.8165677785873413,0.9989427328109741,0.0010576623026281595,0.0035528605803847313,0.9998855590820312,0.6500520706176758,0.6496361494064331
31.0,3.0,0.9986345767974854,0.0013664825819432735,0.004752147942781448,0.9998397827148438,0.7742441892623901,0.7737973928451538,0.9991375207901001,0.0008628827054053545,0.003671135986223817,0.999825119972229,0.8422365784645081,0.8418558835983276
31.0,4.0,0.9990478157997131,0.0009528453228995204,0.0031246920116245747,0.9998707175254822,0.7674245834350586,0.7670348882675171,0.9981675148010254,0.0018333308398723602,0.007269396912306547,0.9997730851173401,0.8350619077682495,0.8345596790313721
32.0,0.0,0.9986914992332458,0.0013088717823848128,0.004702299367636442,0.9998306632041931,0.807247519493103,0.8067760467529297,0.9994055032730103,0.0005946276942268014,0.0024808133020997047,0.9999126195907593,0.6148089170455933,0.6148269176483154
32.0,1.0,0.9987387657165527,0.0012621070491150022,0.004989802371710539,0.9998258948326111,0.776047945022583,0.7756589651107788,0.9988611340522766,0.001139476546086371,0.002448543207719922,0.9998946189880371,0.8515013456344604,0.8509146571159363
32.0,2.0,0.9987272024154663,0.0012736325152218342,0.0047409976832568645,0.9998297691345215,0.817013680934906,0.8165866136550903,0.9989608526229858,0.0010390104725956917,0.00347507162950933,0.9998874664306641,0.6500577926635742,0.6496431231498718
32.0,3.0,0.998653769493103,0.0013475760351866484,0.004786091390997171,0.9998432993888855,0.7742508053779602,0.7738120555877686,0.9991462230682373,0.0008538753609173,0.003715328173711896,0.9998278617858887,0.8422245979309082,0.8418608903884888
32.0,4.0,0.9990611672401428,0.0009398302645422518,0.0031173264142125845,0.9998710751533508,0.7674291729927063,0.7670456767082214,0.9981896281242371,0.001810976304113865,0.007353129796683788,0.9997769594192505,0.8350799083709717,0.8345813155174255
33.0,0.0,0.9987085461616516,0.0012924287002533674,0.004801010247319937,0.9998334646224976,0.8072547912597656,0.8067910671234131,0.9994168877601624,0.0005832446040585637,0.0024676197208464146,0.9999140501022339,0.6148115396499634,0.6148318648338318
33.0,1.0,0.9987532496452332,0.0012469833018258214,0.005003949627280235,0.999828577041626,0.7760540843009949,0.7756708860397339,0.9988738298416138,0.0011267763329669833,0.002417210955172777,0.9998974204063416,0.851507842540741,0.8509288430213928
33.0,2.0,0.9987399578094482,0.001260839868336916,0.004766077268868685,0.9998326301574707,0.8170191645622253,0.8165966272354126,0.9989786148071289,0.001021327916532755,0.0035245255567133427,0.9998908638954163,0.6500566601753235,0.6496736407279968
33.0,3.0,0.9986684322357178,0.0013319397112354636,0.00482289120554924,0.9998465180397034,0.7742615938186646,0.7738288044929504,0.9991584420204163,0.0008416410419158638,0.0037984235677868128,0.9998303651809692,0.8422294855117798,0.8418734073638916
33.0,4.0,0.9990733861923218,0.0009281731327064335,0.0031905262731015682,0.9998747110366821,0.7674297094345093,0.7670568823814392,0.9982027411460876,0.0017974770162254572,0.007506794296205044,0.9997789859771729,0.8350759744644165,0.8345903754234314
34.0,0.0,0.9987221360206604,0.0012789511820301414,0.004811545833945274,0.9998355507850647,0.807261049747467,0.8068022131919861,0.9994291067123413,0.0005707359523512423,0.002503608353435993,0.9999163746833801,0.6148210167884827,0.6148420572280884
34.0,1.0,0.9987682104110718,0.001232501701451838,0.0050848787650465965,0.9998314380645752,0.7760604619979858,0.7756862640380859,0.9988941550254822,0.0011063531273975968,0.002453617285937071,0.9998982548713684,0.8515088558197021,0.8509482145309448
34.0,2.0,0.9987556338310242,0.0012450433569028974,0.004805699922144413,0.9998346567153931,0.8170275092124939,0.8166120052337646,0.9989916086196899,0.0010084605310112238,0.0035280841402709484,0.9998913407325745,0.6500635147094727,0.6496762037277222
34.0,3.0,0.9986850619316101,0.0013161643873900175,0.004856761544942856,0.9998474717140198,0.7742652893066406,0.7738409638404846,0.9991685748100281,0.0008316199528053403,0.003779239021241665,0.9998332262039185,0.8422391414642334,0.8418853282928467
34.0,4.0,0.999086320400238,0.0009146847878582776,0.0031865413766354322,0.9998764395713806,0.7674371600151062,0.7670712471008301,0.9982249736785889,0.0017754115397110581,0.0074880304746329784,0.9997823238372803,0.8350957036018372,0.834610104560852
35.0,0.0,0.9987374544143677,0.0012638935586437583,0.004827530588954687,0.9998376369476318,0.807267427444458,0.8068177103996277,0.9994398951530457,0.0005599583964794874,0.0025383655447512865,0.9999188780784607,0.6148211359977722,0.614855170249939
35.0,1.0,0.9987803101539612,0.0012205889215692878,0.005096813663840294,0.9998337626457214,0.7760651111602783,0.7756935954093933,0.9989007115364075,0.0010995676275342703,0.0024361740797758102,0.9998990893363953,0.8515113592147827,0.8509500026702881
35.0,2.0,0.9987661838531494,0.0012347326846793294,0.004860895685851574,0.9998364448547363,0.8170308470726013,0.8166214823722839,0.9990105628967285,0.000989435939118266,0.0036104745231568813,0.9998941421508789,0.6500662565231323,0.6497036814689636
35.0,3.0,0.9986959099769592,0.0013053250731900334,0.004906980786472559,0.9998496770858765,0.7742696404457092,0.7738513946533203,0.9991763830184937,0.0008238689042627811,0.003758785082027316,0.9998344779014587,0.8422453999519348,0.8418897986412048
35.0,4.0,0.9990983009338379,0.0009036216069944203,0.003216738114133477,0.9998772144317627,0.7674389481544495,0.7670778036117554,0.9982345104217529,0.0017660045996308327,0.007511591538786888,0.999783992767334,0.8351014256477356,0.8346157073974609
36.0,0.0,0.9987470507621765,0.0012542807962745428,0.004825269803404808,0.9998393654823303,0.8072692155838013,0.8068238496780396,0.9994496703147888,0.0005503356806002557,0.0025452515110373497,0.9999204277992249,0.6148310899734497,0.6148600578308105
36.0,1.0,0.9987902045249939,0.0012100933818146586,0.0051823812536895275,0.9998347163200378,0.776067852973938,0.7757028937339783,0.9989054799079895,0.0010951642179861665,0.002469080500304699,0.9998998641967773,0.8515127301216125,0.8509549498558044
36.0,2.0,0.9987727403640747,0.001227472210302949,0.004856203682720661,0.9998375773429871,0.8170357942581177,0.8166248202323914,0.9990231394767761,0.0009766417788341641,0.0035705522168427706,0.9998946785926819,0.6500674486160278,0.6497089266777039
36.0,3.0,0.9987057447433472,0.0012958411825820804,0.004931818228214979,0.9998508095741272,0.7742759585380554,0.7738572359085083,0.9991837739944458,0.0008166120969690382,0.0037925320211797953,0.9998358488082886,0.8422466516494751,0.8418938517570496
36.0,4.0,0.999103844165802,0.0008973038638941944,0.0032240860164165497,0.9998791217803955,0.7674450874328613,0.767085075378418,0.998242974281311,0.001757425139658153,0.007644351571798325,0.9997854828834534,0.8351053595542908,0.8346201181411743
37.0,0.0,0.9987547993659973,0.0012462529120966792,0.0048975651152431965,0.999840497970581,0.807273268699646,0.8068282008171082,0.9994550943374634,0.0005453340709209442,0.0025348791386932135,0.9999221563339233,0.6148349046707153,0.6148655414581299
37.0,1.0,0.9987980723381042,0.001202694489620626,0.005173990968614817,0.9998366832733154,0.7760716676712036,0.7757072448730469,0.9989268183708191,0.00107319257222116,0.00246083689853549,0.9999005794525146,0.8515187501907349,0.8509814739227295
37.0,2.0,0.9987849593162537,0.0012163930805400014,0.004894751124083996,0.9998395442962646,0.8170405030250549,0.8166372179985046,0.9990310668945312,0.0009689354919828475,0.003594176610931754,0.9998952746391296,0.6500715613365173,0.6497119665145874
37.0,3.0,0.9987178444862366,0.001282919547520578,0.004962089005857706,0.9998518824577332,0.7742791175842285,0.7738686203956604,0.9991888403892517,0.0008111133938655257,0.003819639328867197,0.9998372197151184,0.8422465324401855,0.8418976664543152
37.0,4.0,0.9991167783737183,0.0008846214623190463,0.003232409246265888,0.9998803734779358,0.7674444317817688,0.7670946717262268,0.9982532858848572,0.0017470960738137364,0.007640290539711714,0.9997873902320862,0.8351145386695862,0.8346293568611145
38.0,0.0,0.9987668991088867,0.0012347217416390777,0.004915660247206688,0.9998421669006348,0.8072733879089355,0.8068400621414185,0.9994615316390991,0.0005385522963479161,0.0025368044152855873,0.999923050403595,0.6148366928100586,0.6148695349693298
38.0,1.0,0.9988073706626892,0.001193425734527409,0.005224921274930239,0.9998375773429871,0.776078999042511,0.7757166624069214,0.9989360570907593,0.0010640374384820461,0.0024934031534940004,0.9999006986618042,0.8515266180038452,0.8509825468063354
38.0,2.0,0.9987947344779968,0.0012062698369845748,0.004931490868330002,0.9998407959938049,0.8170479536056519,0.8166446089744568,0.9990389943122864,0.0009611608111299574,0.003550706198439002,0.9998964071273804,0.6500700116157532,0.6497253775596619
38.0,3.0,0.9987266063690186,0.0012752373004332185,0.004986516200006008,0.9998537302017212,0.774287760257721,0.7738759517669678,0.9991962313652039,0.0008046923903748393,0.003746260888874531,0.999839186668396,0.8422510027885437,0.8419042229652405
38.0,4.0,0.9991235136985779,0.0008779148338362575,0.0032468116842210293,0.9998819828033447,0.7674492597579956,0.7670997977256775,0.9982638359069824,0.0017368001863360405,0.007696994114667177,0.999789297580719,0.8351218700408936,0.8346377015113831
39.0,0.0,0.9987757205963135,0.0012254741741344333,0.004921642132103443,0.9998435378074646,0.8072834610939026,0.8068466782569885,0.9994704723358154,0.0005296457093209028,0.0025321547873318195,0.999925971031189,0.6148404479026794,0.6148810386657715
39.0,1.0,0.9988162517547607,0.0011847114656120539,0.005199314095079899,0.9998395442962646,0.7760849595069885,0.775726318359375,0.9989451169967651,0.0010552870808169246,0.0025265230797231197,0.9999032020568848,0.8515294194221497,0.8509911894798279
39.0,2.0,0.9988032579421997,0.001198474201373756,0.004956586752086878,0.9998416900634766,0.8170508146286011,0.8166495561599731,0.9990499019622803,0.0009504316840320826,0.0035843849182128906,0.9998978972434998,0.6500807404518127,0.6497271060943604
39.0,3.0,0.9987348914146423,0.0012661184882745147,0.004971568007022142,0.9998552799224854,0.7742915153503418,0.7738839387893677,0.9992018342018127,0.0007982146926224232,0.0037723055575042963,0.9998401999473572,0.8422495722770691,0.8419075608253479
39.0,4.0,0.9991301894187927,0.0008707737433724105,0.0032455292530357838,0.9998839497566223,0.7674524784088135,0.7671077847480774,0.9982722997665405,0.0017286939546465874,0.0077635920606553555,0.9997899532318115,0.8351293802261353,0.8346417546272278
40.0,0.0,0.9987832307815552,0.0012178858742117882,0.004956692457199097,0.9998457431793213,0.8072873950004578,0.8068554401397705,0.9994798898696899,0.0005201038438826799,0.0025306707248091698,0.999927282333374,0.6148439645767212,0.6148849129676819
40.0,1.0,0.9988225102424622,0.0011786208488047123,0.005261479411274195,0.9998409748077393,0.7760834097862244,0.7757286429405212,0.9989500045776367,0.001050513586960733,0.002555171260610223,0.9999054670333862,0.8515291810035706,0.8509990572929382
40.0,2.0,0.9988094568252563,0.0011917365482077003,0.00493968278169632,0.9998432993888855,0.8170544505119324,0.8166549205780029,0.99905925989151,0.0009403349831700325,0.003586138365790248,0.999899685382843,0.6500831246376038,0.6497451663017273
40.0,3.0,0.9987425208091736,0.001258797594346106,0.005021955352276564,0.9998564124107361,0.774294376373291,0.7738873958587646,0.9992055296897888,0.0007941746152937412,0.0038885753601789474,0.9998424053192139,0.8422483801841736,0.8419116735458374
40.0,4.0,0.9991359114646912,0.0008647977374494076,0.0032557458616793156,0.9998844265937805,0.7674517035484314,0.7671120762825012,0.9982814788818359,0.001718551036901772,0.0077213868498802185,0.9997917413711548,0.8351432681083679,0.8346521258354187
41.0,0.0,0.9987905621528625,0.001211067195981741,0.004971592221409082,0.9998459815979004,0.8072898983955383,0.8068587779998779,0.9994895458221436,0.0005105470190756023,0.0025376915000379086,0.9999272227287292,0.6148636937141418,0.6148947477340698
41.0,1.0,0.9988323450088501,0.0011681702453643084,0.005255150143057108,0.9998418688774109,0.7760980725288391,0.7757387161254883,0.998951256275177,0.0010494217276573181,0.0025309461634606123,0.9999051094055176,0.8515278697013855,0.8509976267814636
41.0,2.0,0.9988159537315369,0.0011849263682961464,0.004988508298993111,0.9998446106910706,0.8170625567436218,0.8166612386703491,0.9990662336349487,0.0009340181131847203,0.0036413148045539856,0.9999006390571594,0.6500849723815918,0.6497485637664795
41.0,3.0,0.9987510442733765,0.0012508266372606158,0.005043611861765385,0.9998571276664734,0.7743042707443237,0.7738969326019287,0.999212384223938,0.0007881851634010673,0.0038221280556172132,0.999843180179596,0.8422484993934631,0.8419135808944702
41.0,4.0,0.9991415739059448,0.0008600961300544441,0.0032597871031612158,0.9998854398727417,0.7674560546875,0.7671172022819519,0.9982897639274597,0.0017109087202697992,0.007864895276725292,0.9997931122779846,0.8351529240608215,0.8346573710441589
42.0,0.0,0.9987969398498535,0.0012042849557474256,0.005016716197133064,0.9998472332954407,0.8072969913482666,0.8068652153015137,0.9994940161705017,0.000505819043610245,0.0025645876303315163,0.9999268054962158,0.6148601174354553,0.6148963570594788
42.0,1.0,0.9988401532173157,0.0011605627369135618,0.0052808914333581924,0.9998430013656616,0.7760952711105347,0.7757415175437927,0.9989556074142456,0.0010444478830322623,0.0025158755015581846,0.9999058246612549,0.8515290021896362,0.8509997129440308
42.0,2.0,0.9988288879394531,0.0011722007766366005,0.005029917228966951,0.9998456239700317,0.8170625567436218,0.816677451133728,0.9990711212158203,0.0009286773856729269,0.0036015266086906195,0.9999021887779236,0.6500883102416992,0.6497541666030884
42.0,3.0,0.9987682700157166,0.0012328370939940214,0.005052634514868259,0.9998581409454346,0.7743080258369446,0.7739148139953613,0.9992220997810364,0.0007777300197631121,0.0038787671364843845,0.999845564365387,0.8422488570213318,0.8419229388237
42.0,4.0,0.9991472363471985,0.000853543751873076,0.003257786389440298,0.9998870491981506,0.7674589157104492,0.767122745513916,0.9983212947845459,0.0016789098735898733,0.007993415929377079,0.9997951984405518,0.8351514339447021,0.8346925377845764
43.0,0.0,0.9988141059875488,0.0011875479249283671,0.005038698669523001,0.9998490810394287,0.8072992563247681,0.8068831562995911,0.999496579170227,0.000503654358908534,0.002566123614087701,0.9999274611473083,0.6148619055747986,0.6148971915245056
43.0,1.0,0.9988564848899841,0.001144332461990416,0.005335645284503698,0.9998452067375183,0.7760974168777466,0.7757601737976074,0.9989514946937561,0.001048530451953411,0.0024721522349864244,0.9999058842658997,0.851531982421875,0.851000189781189
43.0,2.0,0.9988390207290649,0.001161946333013475,0.0050512151792645454,0.9998477101325989,0.8170668482780457,0.8166837096214294,0.9990742802619934,0.0009252363815903664,0.003567939391359687,0.9999037384986877,0.6500915288925171,0.6497586369514465
43.0,3.0,0.9987742304801941,0.001227392116561532,0.005124448798596859,0.9998588562011719,0.7743114829063416,0.7739189863204956,0.9992300868034363,0.0007700483547523618,0.003925677854567766,0.9998487830162048,0.8422515988349915,0.841934323310852
43.0,4.0,0.9991543889045715,0.0008472612244077027,0.0032820268534123898,0.999888002872467,0.767458438873291,0.767128050327301,0.99833083152771,0.0016697589308023453,0.007884410209953785,0.9997951984405518,0.8351576924324036,0.8347012400627136
44.0,0.0,0.9988189339637756,0.00118225475307554,0.0050735785625875,0.9998511672019958,0.807300329208374,0.8068889379501343,0.9994989633560181,0.0005013893824070692,0.0025396470446139574,0.9999277591705322,0.6148637533187866,0.6148982048034668
44.0,1.0,0.9988658428192139,0.0011354913003742695,0.0053425501100718975,0.9998465776443481,0.7761040925979614,0.7757694125175476,0.9989591836929321,0.0010405784705653787,0.002575453370809555,0.9999062418937683,0.8515319228172302,0.8510014414787292
44.0,2.0,0.9988454580307007,0.0011556827230378985,0.005074823275208473,0.999849259853363,0.817068338394165,0.8166897296905518,0.9990769028663635,0.0009231716976501048,0.003624357283115387,0.9999037384986877,0.6500914096832275,0.6497614979743958
44.0,3.0,0.9987773299217224,0.001223620492964983,0.005139956250786781,0.9998605251312256,0.774307131767273,0.7739197611808777,0.9992398023605347,0.0007608249434269965,0.0038623653817921877,0.9998522996902466,0.8422527313232422,0.8419442772865295
44.0,4.0,0.9991588592529297,0.0008430882589891553,0.003290998749434948,0.9998895525932312,0.7674596905708313,0.7671321034431458,0.9983400106430054,0.0016599296359345317,0.008023091591894627,0.9997971653938293,0.8351580500602722,0.83470618724823
45.0,0.0,0.9988263845443726,0.0011750775156542659,0.005096763372421265,0.9998515248298645,0.807311475276947,0.8068981766700745,0.9994999766349792,0.000500201596878469,0.0024915572721511126,0.999927282333374,0.6148653626441956,0.6148989796638489
45.0,1.0,0.9988702535629272,0.0011303703067824244,0.0053530060686171055,0.9998483061790466,0.7761066555976868,0.77577143907547,0.9989833831787109,0.00101671542506665,0.0025783656165003777,0.9999070763587952,0.8515834808349609,0.8510299324989319
45.0,2.0,0.9988528490066528,0.0011476424988359213,0.005099754314869642,0.9998499155044556,0.8170763254165649,0.8166927695274353,0.9990807175636292,0.000919623242225498,0.0036729867570102215,0.9999049305915833,0.6500933170318604,0.6497644782066345
45.0,3.0,0.9987978339195251,0.0012037409469485283,0.005149217788130045,0.9998607635498047,0.7743287682533264,0.7739417552947998,0.9992446303367615,0.0007555993506684899,0.0038740120362490416,0.9998528957366943,0.8422515988349915,0.8419463038444519
45.0,4.0,0.9991686344146729,0.0008325715316459537,0.0032775942236185074,0.9998902678489685,0.7674751877784729,0.767142117023468,0.9983674883842468,0.0016332118539139628,0.008063902147114277,0.9997984766960144,0.8351706266403198,0.8347333073616028
46.0,0.0,0.998842179775238,0.0011587609769776464,0.005091940518468618,0.9998518824577332,0.807316780090332,0.8069103360176086,0.9995063543319702,0.000493672036100179,0.0024768959265202284,0.9999288320541382,0.6148725748062134,0.6149025559425354
46.0,1.0,0.9988831281661987,0.0011172413360327482,0.00538626778870821,0.9998489022254944,0.7761121392250061,0.7757858037948608,0.9989916086196899,0.0010090728756040335,0.002593417651951313,0.9999076724052429,0.851582407951355,0.8510329723358154
46.0,2.0,0.9988702535629272,0.0011309400433674455,0.0050841341726481915,0.9998509883880615,0.8170861601829529,0.8167127966880798,0.9990864992141724,0.0009138181922025979,0.003746106056496501,0.9999048113822937,0.6500933170318604,0.6497636437416077
46.0,3.0,0.9988082051277161,0.001193598727695644,0.005184699781239033,0.9998619556427002,0.7743320465087891,0.7739527225494385,0.9992480278015137,0.0007520629442296922,0.003869603155180812,0.9998555183410645,0.8422525525093079,0.841954231262207
46.0,4.0,0.9991737604141235,0.0008276431472040713,0.00329438503831625,0.9998911619186401,0.7674768567085266,0.7671449780464172,0.9983941912651062,0.001606366247870028,0.008007845841348171,0.9997993111610413,0.8351761698722839,0.8347598314285278
47.0,0.0,0.9988572597503662,0.0011439218651503325,0.005119271110743284,0.9998529553413391,0.807326078414917,0.8069230318069458,0.999506950378418,0.000493300671223551,0.0024254010058939457,0.9999291300773621,0.6148726940155029,0.6149044036865234
47.0,1.0,0.9988951683044434,0.0011055461363866925,0.005363607779145241,0.9998498558998108,0.7761138081550598,0.7757977843284607,0.9990062713623047,0.0009937728755176067,0.002585903275758028,0.9999082088470459,0.8516097664833069,0.8510472774505615
47.0,2.0,0.9988850355148315,0.0011156195541843772,0.0051083872094750404,0.9998521208763123,0.8170950412750244,0.8167262077331543,0.9990880489349365,0.0009117423905991018,0.0037588952109217644,0.9999045133590698,0.6500931978225708,0.6497635841369629
47.0,3.0,0.998817503452301,0.0011831134324893355,0.005188143812119961,0.999862015247345,0.7743390798568726,0.7739585638046265,0.9992507696151733,0.0007492253789678216,0.0038096194621175528,0.9998577237129211,0.8422542214393616,0.8419593572616577
47.0,4.0,0.9991793036460876,0.000821469584479928,0.003296890528872609,0.999891996383667,0.7674890160560608,0.7671515345573425,0.9983976483345032,0.0016025545774027705,0.008089406415820122,0.9997994303703308,0.8351773619651794,0.8347619771957397
48.0,0.0,0.9988616704940796,0.001139820204116404,0.0051223174668848515,0.9998542070388794,0.8073267340660095,0.8069260120391846,0.9995116591453552,0.0004883179208263755,0.0025067562237381935,0.9999290704727173,0.6148725748062134,0.6149044632911682
48.0,1.0,0.9989006519317627,0.0011003169929608703,0.00539946835488081,0.9998513460159302,0.7761152982711792,0.7757998704910278,0.9990091323852539,0.0009909893851727247,0.0026116743683815002,0.999909520149231,0.8516143560409546,0.8510497212409973
48.0,2.0,0.9988881945610046,0.0011126237222924829,0.005092672538012266,0.9998528361320496,0.8170961737632751,0.8167282938957214,0.9990915656089783,0.0009086939389817417,0.003737731371074915,0.9999051094055176,0.6500932574272156,0.6497652530670166
48.0,3.0,0.9988192319869995,0.0011812258744612336,0.005201493389904499,0.9998626112937927,0.7743422985076904,0.7739611864089966,0.9992592334747314,0.0007410284015350044,0.0038690969813615084,0.9998581409454346,0.8422611951828003,0.8419608473777771
48.0,4.0,0.9991827607154846,0.0008179322467185557,0.0033055732492357492,0.9998928308486938,0.7674869894981384,0.7671510577201843,0.9984034299850464,0.0015970510430634022,0.00808233767747879,0.999801516532898,0.8351801037788391,0.8347676992416382
49.0,0.0,0.9988658428192139,0.001135116908699274,0.0051285140216350555,0.9998558163642883,0.8073288798332214,0.8069286942481995,0.9995183348655701,0.0004818012530449778,0.002480336930602789,0.9999297857284546,0.6149042248725891,0.6149201989173889
49.0,1.0,0.9989050030708313,0.001096536172553897,0.0054147313348948956,0.9998520016670227,0.776119589805603,0.7758029699325562,0.9990113377571106,0.0009890702785924077,0.0026530877221375704,0.9999091029167175,0.851617157459259,0.8510510921478271
49.0,2.0,0.9988921880722046,0.001108967699110508,0.005100749898701906,0.9998534917831421,0.8171010613441467,0.8167317509651184,0.9990920424461365,0.0009080770541913807,0.0038511657621711493,0.9999059438705444,0.6500932574272156,0.6497681736946106
49.0,3.0,0.9988232254981995,0.0011777830077335238,0.0051975916139781475,0.9998632669448853,0.7743442058563232,0.7739635705947876,0.9992656111717224,0.0007348266080953181,0.003974673338234425,0.999859094619751,0.8422577977180481,0.841966450214386
49.0,4.0,0.9991854429244995,0.0008153492235578597,0.003315297421067953,0.9998936057090759,0.7674899697303772,0.7671558260917664,0.998410165309906,0.0015904719475656748,0.008101368322968483,0.9998031258583069,0.835181474685669,0.8347725868225098
50.0,0.0,0.9988691806793213,0.0011312629794701934,0.0051432084292173386,0.9998560547828674,0.8073301315307617,0.8069332242012024,0.9995181560516357,0.00048195599811151624,0.002442247699946165,0.9999295473098755,0.6149023771286011,0.6149202585220337
50.0,1.0,0.9989102482795715,0.0010906464885920286,0.005439898930490017,0.9998522400856018,0.7761205434799194,0.7758106589317322,0.9990123510360718,0.0009879011195152998,0.0026394627057015896,0.9999092817306519,0.8516156077384949,0.8510533571243286
50.0,2.0,0.9988971948623657,0.0011033484479412436,0.005142757203429937,0.9998552799224854,0.8170983195304871,0.816737174987793,0.9990935325622559,0.0009060974116437137,0.00375497923232615,0.9999057054519653,0.650093138217926,0.6497689485549927
50.0,3.0,0.998826801776886,0.0011739693582057953,0.005212021060287952,0.9998647570610046,0.7743435502052307,0.7739667296409607,0.9992729425430298,0.0007278325501829386,0.0038651616778224707,0.999861478805542,0.8422619104385376,0.8419744372367859
50.0,4.0,0.9991889595985413,0.0008125407039187849,0.0032976053189486265,0.9998940825462341,0.767486035823822,0.7671560645103455,0.9984145164489746,0.0015857553808018565,0.008090059272944927,0.9998043775558472,0.8351827263832092,0.8347769379615784
51.0,0.0,0.9988739490509033,0.001126596936956048,0.005155281629413366,0.9998582601547241,0.8073283433914185,0.8069373965263367,0.9995229244232178,0.0004771016538143158,0.002513511572033167,0.9999309182167053,0.6149042248725891,0.6149228811264038
51.0,1.0,0.9989131689071655,0.0010881588095799088,0.005419297143816948,0.9998536705970764,0.7761242389678955,0.7758120894432068,0.9990137815475464,0.000986312865279615,0.0025954556185752153,0.9999098181724548,0.8516146540641785,0.8510539531707764
51.0,2.0,0.9989020824432373,0.0010982174426317215,0.005126201082020998,0.9998568296432495,0.8171047568321228,0.8167429566383362,0.9991000890731812,0.0008999269921332598,0.0038009402342140675,0.9999076128005981,0.6500949263572693,0.6497730612754822
51.0,3.0,0.9988297820091248,0.0011707179946824908,0.005238473881036043,0.9998658299446106,0.7743469476699829,0.7739701271057129,0.9992794394493103,0.0007204898865893483,0.0038963118568062782,0.9998623728752136,0.8422641754150391,0.8419821858406067
51.0,4.0,0.9991928935050964,0.0008080092375166714,0.0033168087247759104,0.9998953342437744,0.7674940824508667,0.767162561416626,0.998418927192688,0.0015811542980372906,0.008097449317574501,0.9998055696487427,0.8351851105690002,0.8347804546356201
52.0,0.0,0.9988791346549988,0.0011224199552088976,0.005179292522370815,0.9998582601547241,0.8073333501815796,0.8069415092468262,0.9995266795158386,0.0004735984548460692,0.0025095788296312094,0.9999312162399292,0.6149064898490906,0.6149241328239441
52.0,1.0,0.9989175200462341,0.00108304840978235,0.005453059915453196,0.9998554587364197,0.7761245369911194,0.7758174538612366,0.999019205570221,0.0009814475197345018,0.002626954112201929,0.9999103546142578,0.8516197204589844,0.8510563373565674
52.0,2.0,0.998906135559082,0.001094417180866003,0.0051423427648842335,0.9998573064804077,0.8171060085296631,0.8167458772659302,0.9991023540496826,0.0008978659170679748,0.003783023450523615,0.9999068975448608,0.6500957608222961,0.6497725248336792
52.0,3.0,0.9988354444503784,0.0011653131805360317,0.005241595208644867,0.9998657703399658,0.7743468284606934,0.7739733457565308,0.9992823004722595,0.0007180575048550963,0.0038602526765316725,0.9998637437820435,0.8422631025314331,0.8419836163520813
52.0,4.0,0.9991962313652039,0.000805105606559664,0.0033475703094154596,0.9998958706855774,0.7674912810325623,0.76716548204422,0.9984230995178223,0.001577545190230012,0.008132963441312313,0.9998070001602173,0.8351868987083435,0.8347835540771484
53.0,0.0,0.9988826513290405,0.0011186235351487994,0.005160892382264137,0.9998601078987122,0.8073356747627258,0.8069449663162231,0.9995287656784058,0.0004712798981927335,0.0024866200983524323,0.999931275844574,0.6149065494537354,0.6149240732192993
53.0,1.0,0.9989232420921326,0.0010782156605273485,0.00548865832388401,0.9998555183410645,0.7761267423629761,0.7758210301399231,0.9990208745002747,0.0009797217790037394,0.0026464781258255243,0.9999112486839294,0.8516221046447754,0.8510587215423584
53.0,2.0,0.9989098310470581,0.0010910077253356576,0.00516173429787159,0.9998584389686584,0.8171082735061646,0.8167493939399719,0.999110996723175,0.0008890762110240757,0.003682828973978758,0.9999077320098877,0.6500957012176514,0.6497756242752075
53.0,3.0,0.9988378882408142,0.001163082430139184,0.005268371198326349,0.9998663067817688,0.7743497490882874,0.7739787697792053,0.9992867708206177,0.0007139168446883559,0.0039405119605362415,0.9998651146888733,0.8422669768333435,0.8419878482818604
53.0,4.0,0.9992045760154724,0.0007959569338709116,0.00334071833640337,0.9998961091041565,0.7674924731254578,0.767170250415802,0.9984234571456909,0.0015770014142617583,0.00800911895930767,0.9998074769973755,0.8351889252662659,0.8347859978675842
54.0,0.0,0.9988911151885986,0.00110956362914294,0.005181344226002693,0.9998601078987122,0.8073359727859497,0.8069524168968201,0.9995297789573669,0.00047008408000692725,0.002522003138437867,0.9999323487281799,0.6149505972862244,0.614948034286499
54.0,1.0,0.9989299774169922,0.0010704637970775366,0.005504766944795847,0.9998559355735779,0.7761259078979492,0.7758265733718872,0.9990226626396179,0.0009780158288776875,0.0026648668572306633,0.9999117255210876,0.8516238331794739,0.8510602712631226
54.0,2.0,0.9989112615585327,0.0010900037596002221,0.005196852143853903,0.9998586773872375,0.8171031475067139,0.8167480230331421,0.9991454482078552,0.0008547684410586953,0.0037292710039764643,0.9999087452888489,0.6500973701477051,0.6498203873634338
54.0,3.0,0.9988470673561096,0.0011544987792149186,0.005312518682330847,0.9998674392700195,0.7743474841117859,0.7739843130111694,0.9992893934249878,0.000711182423401624,0.0038570258766412735,0.9998661279678345,0.8422670960426331,0.8419904112815857
54.0,4.0,0.9992079138755798,0.0007931683794595301,0.0033583156764507294,0.9998972415924072,0.7674916386604309,0.7671772837638855,0.9984263777732849,0.0015739620430395007,0.008299503475427628,0.9998082518577576,0.8351897597312927,0.8347862362861633
55.0,0.0,0.9988952875137329,0.0011057521915063262,0.00523341866210103,0.9998602271080017,0.8073359131813049,0.8069565892219543,0.9995269179344177,0.00047315514530055225,0.0025224476121366024,0.9999313950538635,0.6149065494537354,0.6149241924285889
55.0,1.0,0.9989349246025085,0.0010658048558980227,0.005502721294760704,0.9998574256896973,0.7761278748512268,0.77583247423172,0.9990255832672119,0.0009747542208060622,0.002666286425665021,0.9999120235443115,0.8516268134117126,0.8510622382164001
55.0,2.0,0.9989132881164551,0.001087165204808116,0.005211501382291317,0.9998594522476196,0.8171104192733765,0.8167532682418823,0.9991568922996521,0.0008434231858700514,0.0037920125760138035,0.999909520149231,0.6500975489616394,0.6498261094093323
55.0,3.0,0.9988504648208618,0.0011507350718602538,0.005271960515528917,0.9998679757118225,0.774354875087738,0.7739914655685425,0.9992907643318176,0.0007097296766005456,0.003914537839591503,0.9998659491539001,0.8422662615776062,0.8419899344444275
55.0,4.0,0.9992165565490723,0.000784741307143122,0.003328245133161545,0.9998983144760132,0.7674978971481323,0.7671828866004944,0.9984294772148132,0.001570735708810389,0.008277036249637604,0.9998078346252441,0.8351943492889404,0.8347901701927185
56.0,0.0,0.9988979697227478,0.0011028227163478732,0.005240761209279299,0.9998605847358704,0.8073372840881348,0.8069594502449036,0.9995216727256775,0.00047835794975981116,0.00255356146954,0.9999319314956665,0.6148748397827148,0.6149100065231323
56.0,1.0,0.9989380240440369,0.0010618512751534581,0.0055237263441085815,0.9998576045036316,0.7761301398277283,0.7758364677429199,0.9990265965461731,0.0009735078201629221,0.0026868414133787155,0.9999125599861145,0.8516235947608948,0.8510637879371643
56.0,2.0,0.9989168643951416,0.0010839594760909677,0.005226733162999153,0.9998601675033569,0.8171115517616272,0.8167546391487122,0.9991598129272461,0.000840245105791837,0.003859464079141617,0.9999099969863892,0.6500975489616394,0.6498295664787292
56.0,3.0,0.9988526701927185,0.0011470040772110224,0.005322531796991825,0.99986732006073,0.7743544578552246,0.7739892601966858,0.9992908835411072,0.0007094393949955702,0.003975807689130306,0.9998668432235718,0.8422641158103943,0.8419911861419678
56.0,4.0,0.9992187023162842,0.000781677255872637,0.0033693707082420588,0.9998982548713684,0.7674993276596069,0.7671853303909302,0.9984356760978699,0.0015643544029444456,0.00831922423094511,0.9998093843460083,0.8351932764053345,0.834797739982605
57.0,0.0,0.9989022612571716,0.0010985314147546887,0.005276570562273264,0.9998612999916077,0.8073393702507019,0.8069624304771423,0.9995266795158386,0.0004734204849228263,0.0025623266119509935,0.9999319911003113,0.6149065494537354,0.6149258613586426
57.0,1.0,0.9989457726478577,0.001055393135175109,0.005565727595239878,0.999857485294342,0.7761368751525879,0.7758414149284363,0.9990288019180298,0.0009714875486679375,0.002671660389751196,0.9999133944511414,0.8516295552253723,0.851066529750824
57.0,2.0,0.9989208579063416,0.0010792016983032227,0.005235129501670599,0.9998599886894226,0.81711745262146,0.8167598843574524,0.9991645216941833,0.0008355493773706257,0.0038080287631601095,0.9999105334281921,0.6500989198684692,0.6498326659202576
57.0,3.0,0.9988600611686707,0.0011402817908674479,0.005329550243914127,0.9998696446418762,0.7743560075759888,0.7739964723587036,0.9993070363998413,0.000693696376401931,0.003909782972186804,0.9998684525489807,0.8422943949699402,0.8420059084892273
57.0,4.0,0.9992213845252991,0.0007797976140864193,0.003391571808606386,0.9998992085456848,0.767503023147583,0.7671862840652466,0.9984395503997803,0.00156039884313941,0.008334236219525337,0.9998093843460083,0.8351935148239136,0.8347989916801453
58.0,0.0,0.9989091753959656,0.001091842306777835,0.005275380797684193,0.9998626708984375,0.8073462843894958,0.8069700598716736,0.9995458126068115,0.0004542501410469413,0.0025291359052062035,0.9999328255653381,0.614989697933197,0.6149481534957886
58.0,1.0,0.9989494681358337,0.0010512295411899686,0.005569148808717728,0.9998588562011719,0.7761427164077759,0.7758455276489258,0.9990513324737549,0.0009493803954683244,0.002646683482453227,0.9999139904975891,0.8516305685043335,0.8510894775390625
58.0,2.0,0.9989305734634399,0.001070226775482297,0.005269960034638643,0.9998613595962524,0.8171252012252808,0.8167681694030762,0.9991726875305176,0.0008277476881630719,0.00384635291993618,0.9999110698699951,0.6500990390777588,0.6498452425003052
58.0,3.0,0.998870313167572,0.0011300538899376988,0.005361791700124741,0.9998695850372314,0.7743669152259827,0.7740091681480408,0.9993076920509338,0.0006925856578163803,0.003973498474806547,0.9998703598976135,0.8422955870628357,0.8420080542564392
58.0,4.0,0.9992337226867676,0.0007669319747947156,0.00338139571249485,0.9998998641967773,0.7675199508666992,0.7672030329704285,0.9984413981437683,0.001558631774969399,0.008247388526797295,0.9998105764389038,0.8351982831954956,0.8348053097724915
59.0,0.0,0.9989177584648132,0.0010834191925823689,0.005299344193190336,0.9998635053634644,0.8073498606681824,0.8069789409637451,0.9995561838150024,0.0004437356546986848,0.002538316184654832,0.999933660030365,0.614989697933197,0.6149529218673706
59.0,1.0,0.998957633972168,0.001043492928147316,0.005567953456193209,0.999859631061554,0.7761504650115967,0.7758548855781555,0.9990522265434265,0.0009482918540015817,0.002659986261278391,0.9999145865440369,0.8516333699226379,0.8510910272598267
59.0,2.0,0.9989355802536011,0.0010653998469933867,0.005257045850157738,0.999862015247345,0.8171314001083374,0.8167756199836731,0.99918133020401,0.0008189906948246062,0.0038699654396623373,0.9999119639396667,0.650098979473114,0.6498538255691528
59.0,3.0,0.9988732933998108,0.0011273461859673262,0.00537840835750103,0.9998698234558105,0.7743675112724304,0.7740122675895691,0.9993124008178711,0.0006879286956973374,0.0040570031851530075,0.9998711943626404,0.8422991037368774,0.8420116305351257
59.0,4.0,0.9992401003837585,0.0007605198188684881,0.0033977904822677374,0.9999001026153564,0.7675224542617798,0.7672061324119568,0.9984501600265503,0.0015505444025620818,0.008369740098714828,0.9998118281364441,0.8351976871490479,0.8348088264465332
60.0,0.0,0.998923122882843,0.0010779396397992969,0.00531168794259429,0.9998649954795837,0.8073509931564331,0.806982696056366,0.9995622634887695,0.00043816951802000403,0.0025430521927773952,0.9999342560768127,0.614989697933197,0.6149545311927795
60.0,1.0,0.998964250087738,0.0010367132490500808,0.005596701055765152,0.9998614192008972,0.7761505842208862,0.7758579254150391,0.9990553259849548,0.0009454659302718937,0.0026724773924797773,0.9999143481254578,0.8516334295272827,0.8510902523994446
60.0,2.0,0.9989410042762756,0.001059289905242622,0.005303711164742708,0.9998631477355957,0.8171334266662598,0.816776692867279,0.9991858601570129,0.0008144966559484601,0.0038372096605598927,0.9999117851257324,0.650098979473114,0.6498538851737976
60.0,3.0,0.9988812804222107,0.001119746477343142,0.005392012186348438,0.999871015548706,0.7743691205978394,0.7740155458450317,0.9993153810501099,0.0006851236685179174,0.004002918489277363,0.9998716711997986,0.8423002362251282,0.8420124650001526
60.0,4.0,0.9992460012435913,0.0007550827576778829,0.0033942735753953457,0.9999009370803833,0.7675241827964783,0.7672109007835388,0.9984515905380249,0.0015485367039218545,0.0084232147783041,0.9998118877410889,0.8351976871490479,0.8348093628883362
61.0,0.0,0.9989238977432251,0.0010767955100163817,0.0053254300728440285,0.9998646378517151,0.8073505759239197,0.8069831728935242,0.9995642304420471,0.00043575323070399463,0.002544090151786804,0.9999350309371948,0.6149897575378418,0.6149570941925049
61.0,1.0,0.9989652037620544,0.0010358290746808052,0.0056237466633319855,0.9998611211776733,0.7761514186859131,0.7758587002754211,0.9990556836128235,0.000944743282161653,0.0026696696877479553,0.9999144673347473,0.8516331911087036,0.8510922789573669
61.0,2.0,0.9989416599273682,0.0010585366981104016,0.0053177825175225735,0.999862551689148,0.817134439945221,0.816777765750885,0.999186098575592,0.0008141862344928086,0.003854574868455529,0.9999118447303772,0.6500990986824036,0.6498538255691528
61.0,3.0,0.9988812804222107,0.001119120861403644,0.005397622473537922,0.9998716711997986,0.7743700742721558,0.7740163803100586,0.9993156790733337,0.0006845574243925512,0.004017239902168512,0.999871551990509,0.8423007726669312,0.8420129418373108
61.0,4.0,0.9992460012435913,0.0007545191911049187,0.0034135489258915186,0.9999021291732788,0.7675244212150574,0.7672117352485657,0.9984522461891174,0.0015477612614631653,0.008434834890067577,0.999811589717865,0.8352001905441284,0.8348107933998108
62.0,0.0,0.9989238381385803,0.0010762049350887537,0.005334895104169846,0.9998642802238464,0.8073517680168152,0.8069834113121033,0.9995654225349426,0.0004343949258327484,0.0025793761014938354,0.999935507774353,0.6149897575378418,0.6149585843086243
62.0,1.0,0.998965859413147,0.0010353270918130875,0.005630135536193848,0.999862015247345,0.776151180267334,0.7758591771125793,0.9990560412406921,0.0009442331502214074,0.002673055976629257,0.9999145269393921,0.8516333699226379,0.8510922193527222
62.0,2.0,0.9989424347877502,0.0010579577647149563,0.005320174153894186,0.9998635649681091,0.8171347379684448,0.8167775273323059,0.9991864562034607,0.0008138505509123206,0.003857983509078622,0.9999120235443115,0.650098979473114,0.6498540639877319
62.0,3.0,0.998881459236145,0.0011185210896655917,0.005402167793363333,0.999871015548706,0.7743701338768005,0.7740164399147034,0.9993160367012024,0.0006842532893642783,0.004029357805848122,0.9998719692230225,0.842300534248352,0.8420131802558899
62.0,4.0,0.9992468357086182,0.0007540554506704211,0.003411552868783474,0.999901533126831,0.7675240635871887,0.7672114372253418,0.9984527230262756,0.00154719571582973,0.008448168635368347,0.9998115301132202,0.8352001905441284,0.8348109722137451
63.0,0.0,0.9989252090454102,0.0010756603442132473,0.005341765005141497,0.9998653531074524,0.8073519468307495,0.806983470916748,0.9995670914649963,0.00043312401976436377,0.002577319974079728,0.9999353885650635,0.6149897575378418,0.6149585247039795
63.0,1.0,0.9989659190177917,0.0010348688811063766,0.005645709112286568,0.9998613595962524,0.7761516571044922,0.7758594751358032,0.9990574717521667,0.0009423550218343735,0.0026820714119821787,0.9999144673347473,0.8516331911087036,0.8510921001434326
63.0,2.0,0.9989434480667114,0.001057318993844092,0.005337029695510864,0.9998639822006226,0.8171346187591553,0.8167780041694641,0.9991866946220398,0.0008136105607263744,0.0038258552085608244,0.9999118447303772,0.650098979473114,0.6498540043830872
63.0,3.0,0.9988831877708435,0.0011176234111189842,0.005411891732364893,0.9998704791069031,0.7743695974349976,0.7740164399147034,0.9993162751197815,0.0006838797125965357,0.0040368628688156605,0.9998714327812195,0.8423008918762207,0.8420130610466003
63.0,4.0,0.9992484450340271,0.0007526134140789509,0.0034246102441102266,0.9999013543128967,0.7675240635871887,0.767211377620697,0.9984525442123413,0.0015467312186956406,0.008460032753646374,0.9998123049736023,0.8352000713348389,0.834811270236969
64.0,0.0,0.9989272952079773,0.001074011903256178,0.005366746336221695,0.9998648762702942,0.8073572516441345,0.8069865107536316,0.9995657205581665,0.0004342035099398345,0.0025853062979876995,0.999935507774353,0.6149898171424866,0.6149585843086243
64.0,1.0,0.9989660978317261,0.0010345057817175984,0.005650149192661047,0.9998613595962524,0.7761518359184265,0.7758594751358032,0.9990667104721069,0.0009336129878647625,0.002679110737517476,0.9999150633811951,0.8516589403152466,0.8511064052581787
64.0,2.0,0.9989454746246338,0.0010550962761044502,0.005347350612282753,0.9998635649681091,0.8171398043632507,0.8167816400527954,0.9991867542266846,0.0008135660318657756,0.0038459650240838528,0.9999117851257324,0.6500989198684692,0.6498539447784424
64.0,3.0,0.9988862872123718,0.0011152083752676845,0.0054143560118973255,0.9998714923858643,0.774376392364502,0.7740206718444824,0.9993166327476501,0.0006836989778093994,0.004038913641124964,0.9998717308044434,0.8423006534576416,0.8420137763023376
64.0,4.0,0.9992508888244629,0.0007503247470594943,0.0034386510960757732,0.9999019503593445,0.7675313949584961,0.7672158479690552,0.9984541535377502,0.0015462832525372505,0.008464504033327103,0.9998125433921814,0.8352000117301941,0.8348127007484436
65.0,0.0,0.9989281296730042,0.0010726263280957937,0.0053705330938100815,0.9998646378517151,0.8073572516441345,0.8069873452186584,0.9995682239532471,0.0004320537263993174,0.0025825933553278446,0.999935507774353,0.614989697933197,0.6149584650993347
65.0,1.0,0.9989663362503052,0.0010342104360461235,0.005636772606521845,0.9998621940612793,0.776151180267334,0.7758605480194092,0.9990701675415039,0.0009304301929660141,0.0026995709631592035,0.9999155402183533,0.8516589403152466,0.8511069416999817
65.0,2.0,0.9989468455314636,0.0010541360825300217,0.005342157557606697,0.9998635649681091,0.8171401023864746,0.8167824149131775,0.999187171459198,0.0008133416413329542,0.0038475492037832737,0.9999120831489563,0.6500990390777588,0.6498546004295349
65.0,3.0,0.9988867044448853,0.001114376587793231,0.00543266860768199,0.999870777130127,0.7743764519691467,0.7740211486816406,0.9993175268173218,0.0006834813393652439,0.004033802542835474,0.9998722076416016,0.8423008322715759,0.8420137763023376
65.0,4.0,0.9992506504058838,0.000749854720197618,0.003451809985563159,0.9999028444290161,0.7675309777259827,0.7672165036201477,0.9984540939331055,0.0015456440160050988,0.008465704508125782,0.9998123049736023,0.8352000117301941,0.8348128795623779
66.0,0.0,0.9989298582077026,0.001072012004442513,0.0053725410252809525,0.9998645186424255,0.8073571920394897,0.8069875240325928,0.9995684027671814,0.0004318410938140005,0.002586156129837036,0.999935507774353,0.614989697933197,0.6149585247039795
66.0,1.0,0.9989675879478455,0.0010337536223232746,0.005652753636240959,0.9998613595962524,0.7761513590812683,0.7758597731590271,0.9990714192390442,0.0009290152229368687,0.002717407653108239,0.9999155402183533,0.8516587018966675,0.8511078953742981
66.0,2.0,0.9989479780197144,0.001053589629009366,0.005366505589336157,0.9998638033866882,0.8171402812004089,0.8167831301689148,0.9991875290870667,0.0008130812784656882,0.0038485778495669365,0.9999118447303772,0.6500990986824036,0.6498545408248901
66.0,3.0,0.9988870024681091,0.001113814301788807,0.005431371740996838,0.9998708367347717,0.7743763327598572,0.7740219831466675,0.9993171691894531,0.0006832132348790765,0.004054619465023279,0.999872088432312,0.8423013091087341,0.8420140743255615
66.0,4.0,0.9992516040802002,0.0007491532014682889,0.003448950592428446,0.9999019503593445,0.7675306797027588,0.7672157287597656,0.998454213142395,0.0015452575171366334,0.00848188903182745,0.9998124837875366,0.8352006673812866,0.8348134756088257
67.0,0.0,0.9989289045333862,0.0010714911622926593,0.0053734383545815945,0.9998659491539001,0.8073577880859375,0.8069873452186584,0.9995695948600769,0.0004306575865484774,0.0025854019913822412,0.999935507774353,0.614989697933197,0.6149585247039795
67.0,1.0,0.9989672303199768,0.0010334518738090992,0.0056579033844172955,0.9998615384101868,0.776151716709137,0.7758601307868958,0.999073326587677,0.0009274682961404324,0.002736554713919759,0.9999158382415771,0.8516590595245361,0.8511089086532593
67.0,2.0,0.9989476799964905,0.0010530592408031225,0.005350037012249231,0.9998642206192017,0.8171406984329224,0.8167826533317566,0.9991874098777771,0.0008127928012982011,0.003920421935617924,0.9999118447303772,0.6500990986824036,0.6498544812202454
67.0,3.0,0.9988875985145569,0.001113354810513556,0.005448914598673582,0.9998723864555359,0.7743766903877258,0.7740224599838257,0.9993171691894531,0.000682980171404779,0.004051073454320431,0.9998719692230225,0.8423008918762207,0.842013955116272
67.0,4.0,0.9992518424987793,0.0007487995317205787,0.003446978982537985,0.9999028444290161,0.7675309777259827,0.7672179341316223,0.9984553456306458,0.00154487497638911,0.008470349945127964,0.9998130798339844,0.8352007269859314,0.8348138928413391
68.0,0.0,0.9989296197891235,0.001071109320037067,0.005377331282943487,0.999865710735321,0.8073579668998718,0.8069887161254883,0.9995703101158142,0.00042987128836102784,0.002582377288490534,0.9999358654022217,0.614989697933197,0.6149798631668091
68.0,1.0,0.998967170715332,0.0010331408120691776,0.005667014978826046,0.9998618364334106,0.7761518359184265,0.7758603692054749,0.9990746378898621,0.0009258416248485446,0.002728685736656189,0.999915599822998,0.8516590595245361,0.8511099219322205
68.0,2.0,0.99894779920578,0.0010526120895519853,0.0053639840334653854,0.9998643398284912,0.8171407580375671,0.8167835474014282,0.9991875886917114,0.0008125914027914405,0.003916491754353046,0.9999119639396667,0.6500989198684692,0.6498546004295349
68.0,3.0,0.998888373374939,0.0011127748293802142,0.005447831004858017,0.9998716711997986,0.7743765115737915,0.7740228772163391,0.9993175268173218,0.0006828386103734374,0.004047690890729427,0.9998728036880493,0.8423010110855103,0.842014491558075
68.0,4.0,0.9992526173591614,0.0007483074441552162,0.003452837700024247,0.9999021887779236,0.7675312161445618,0.7672169208526611,0.9984554052352905,0.001544476835988462,0.008477416820824146,0.9998130202293396,0.8352002501487732,0.8348139524459839
69.0,0.0,0.9989298582077026,0.0010706555331125855,0.005385135766118765,0.9998654723167419,0.8073578476905823,0.8069885969161987,0.9995705485343933,0.0004295534745324403,0.0025833994150161743,0.9999359846115112,0.614989697933197,0.6149798631668091
69.0,1.0,0.9989674091339111,0.001033016131259501,0.00567461596801877,0.9998617768287659,0.7761519551277161,0.7758634090423584,0.999075710773468,0.0009248481946997344,0.002722520148381591,0.9999158978462219,0.8516589999198914,0.8511195182800293
69.0,2.0,0.9989476799964905,0.001052172272466123,0.005362201016396284,0.9998646378517151,0.8171408772468567,0.8167857527732849,0.9991881251335144,0.0008122363360598683,0.003921548370271921,0.9999122023582458,0.6500991582870483,0.6498566269874573
69.0,3.0,0.9988885521888733,0.0011122499126940966,0.0054467059671878815,0.9998719096183777,0.7743765711784363,0.7740232944488525,0.9993177652359009,0.0006826791213825345,0.0040447162464261055,0.9998726844787598,0.8423007726669312,0.8420144319534302
69.0,4.0,0.9992526173591614,0.0007480179774574935,0.003458272200077772,0.9999027848243713,0.7675316333770752,0.7672175168991089,0.9984558820724487,0.0015441966243088245,0.00847672764211893,0.9998128414154053,0.8352007865905762,0.8348150253295898
70.0,0.0,0.9989305138587952,0.001070317579433322,0.005390744656324387,0.9998655915260315,0.8073575496673584,0.8069885969161987,0.9995707869529724,0.0004291909863241017,0.0025835568085312843,0.9999357461929321,0.6149897575378418,0.6149798035621643
70.0,1.0,0.9989679455757141,0.0010325713083148003,0.005670375190675259,0.9998621344566345,0.7761518955230713,0.7758617997169495,0.9990760684013367,0.0009240222861990333,0.0027328606229275465,0.9999160170555115,0.8516588807106018,0.8511195182800293
70.0,2.0,0.998948872089386,0.001051930128596723,0.005361807066947222,0.9998636841773987,0.8171404004096985,0.8167858123779297,0.999188244342804,0.00081202934961766,0.0038847450632601976,0.9999123811721802,0.6500989198684692,0.6498567461967468
70.0,3.0,0.9988890290260315,0.0011117722606286407,0.005451377481222153,0.9998712539672852,0.7743768692016602,0.7740254402160645,0.99931800365448,0.0006824014126323164,0.0040458920411765575,0.9998726844787598,0.8423014879226685,0.8420146107673645
70.0,4.0,0.999253511428833,0.0007477471954189241,0.0034544134978204966,0.999902069568634,0.7675312161445618,0.7672194838523865,0.9984555840492249,0.0015439424896612763,0.00847836583852768,0.9998130798339844,0.8352005481719971,0.8348146677017212
71.0,0.0,0.9989306330680847,0.0010698898695409298,0.005381852854043245,0.9998661279678345,0.8073575496673584,0.8069918751716614,0.9995711445808411,0.00042903050780296326,0.002583610825240612,0.9999358057975769,0.614989697933197,0.6149798035621643
71.0,1.0,0.9989681839942932,0.0010324192699044943,0.005669742356985807,0.9998624920845032,0.7761518359184265,0.7758640050888062,0.9990765452384949,0.000923670653719455,0.002723974408581853,0.9999160170555115,0.8516588807106018,0.8511196970939636
71.0,2.0,0.9989491701126099,0.0010513997403904796,0.005365455988794565,0.9998641610145569,0.8171413540840149,0.8167858719825745,0.9991886615753174,0.0008118305122479796,0.003923651296645403,0.9999120831489563,0.6500990390777588,0.6498565673828125
71.0,3.0,0.9988890290260315,0.0011115873930975795,0.005449444521218538,0.9998722076416016,0.774376392364502,0.7740252017974854,0.99931800365448,0.0006821054848842323,0.00405128113925457,0.9998729228973389,0.8423019647598267,0.8420146703720093
71.0,4.0,0.9992527961730957,0.0007473333389498293,0.0034652655012905598,0.9999025464057922,0.7675316333770752,0.767220139503479,0.9984568357467651,0.0015436932444572449,0.008478282019495964,0.9998125433921814,0.8352004289627075,0.8348141312599182
72.0,0.0,0.9989318251609802,0.001069641555659473,0.005378365982323885,0.9998658299446106,0.8073572516441345,0.8069908022880554,0.9995711445808411,0.00042883536661975086,0.0025861673057079315,0.9999358057975769,0.6149898171424866,0.6149798631668091
72.0,1.0,0.9989683032035828,0.0010321090230718255,0.005677919834852219,0.9998621344566345,0.7761520743370056,0.7758644223213196,0.9990774989128113,0.0009229478309862316,0.0027362380642443895,0.9999161958694458,0.8516589403152466,0.851119339466095
72.0,2.0,0.9989492297172546,0.001051213126629591,0.005365286022424698,0.999864399433136,0.8171400427818298,0.8167861104011536,0.9991884231567383,0.0008116880781017244,0.003923339303582907,0.999912440776825,0.6500990390777588,0.649857223033905
72.0,3.0,0.9988895058631897,0.0011112301144748926,0.005452882964164019,0.999872088432312,0.7743765115737915,0.7740259766578674,0.9993181228637695,0.0006818452384322882,0.004052814561873674,0.9998730421066284,0.8423025608062744,0.8420152068138123
72.0,4.0,0.9992536306381226,0.0007471478311344981,0.0034614342730492353,0.9999030232429504,0.767531156539917,0.7672204375267029,0.9984573125839233,0.001543443533591926,0.008496188558638096,0.9998126029968262,0.8352006673812866,0.8348146677017212
73.0,0.0,0.9989317059516907,0.0010692771757021546,0.005385005846619606,0.9998664855957031,0.8073581457138062,0.806991696357727,0.999571681022644,0.000428649946115911,0.0025883461348712444,0.9999363422393799,0.6149897575378418,0.6149812936782837
73.0,1.0,0.9989688992500305,0.0010319636203348637,0.0056686620227992535,0.999862790107727,0.7761520147323608,0.7758620977401733,0.9990777969360352,0.0009224122622981668,0.002742994809523225,0.9999157786369324,0.8516589403152466,0.851119339466095
73.0,2.0,0.9989497065544128,0.001050702529028058,0.005368891637772322,0.9998639225959778,0.8171400427818298,0.816786527633667,0.9991888999938965,0.0008116845856420696,0.00391941936686635,0.999912440776825,0.6500990390777588,0.6498571634292603
73.0,3.0,0.9988900423049927,0.0011110249906778336,0.005460282787680626,0.9998723268508911,0.7743766903877258,0.7740262150764465,0.9993186593055725,0.0006815801025368273,0.004055407829582691,0.9998731017112732,0.8423024415969849,0.8420157432556152
73.0,4.0,0.9992544651031494,0.0007465562666766346,0.0034606442786753178,0.9999033212661743,0.7675312757492065,0.7672209143638611,0.9984572529792786,0.0015432775253430009,0.008488056249916553,0.9998129606246948,0.8352005481719971,0.8348146677017212
74.0,0.0,0.9989317059516907,0.0010691247880458832,0.005388703662902117,0.999865710735321,0.8073572516441345,0.8069912195205688,0.9995718002319336,0.00042824161937460303,0.0025859870947897434,0.9999366402626038,0.6149898171424866,0.6149831414222717
74.0,1.0,0.9989694356918335,0.0010316710686311126,0.005680364556610584,0.999862015247345,0.7761520147323608,0.7758626937866211,0.9990784525871277,0.0009219610365107656,0.002738684881478548,0.999916136264801,0.8516590595245361,0.8511195182800293
74.0,2.0,0.9989497661590576,0.001050541177392006,0.005365438759326935,0.9998646378517151,0.8171406984329224,0.8167865872383118,0.9991888999938965,0.0008114163065329194,0.003940246533602476,0.999912440776825,0.6500990390777588,0.6498572826385498
74.0,3.0,0.9988894462585449,0.0011106677120551467,0.005466137547045946,0.9998725056648254,0.7743768095970154,0.774028480052948,0.9993188977241516,0.0006813376676291227,0.004053907468914986,0.9998731017112732,0.8423026204109192,0.8420157432556152
74.0,4.0,0.9992542862892151,0.0007464013178832829,0.0034671188332140446,0.9999032616615295,0.7675315141677856,0.7672244906425476,0.9984570741653442,0.0015429846243932843,0.008496632799506187,0.9998128414154053,0.8352012634277344,0.8348151445388794
75.0,0.0,0.9989317059516907,0.0010687902104109526,0.005384571384638548,0.9998660683631897,0.8073577880859375,0.8069913983345032,0.9995720982551575,0.00042778856004588306,0.0025847298093140125,0.9999366998672485,0.614989697933197,0.6149832010269165
75.0,1.0,0.9989688992500305,0.0010316091356799006,0.005672680679708719,0.9998626112937927,0.7761526703834534,0.7758625149726868,0.9990785121917725,0.0009216642356477678,0.0027433326467871666,0.9999159574508667,0.8516589999198914,0.8511192798614502
75.0,2.0,0.9989504814147949,0.0010503537487238646,0.005367817357182503,0.9998649954795837,0.8171408176422119,0.8167866468429565,0.9991893172264099,0.0008112271898426116,0.003922990057617426,0.9999125003814697,0.650098979473114,0.6498572826385498
75.0,3.0,0.9988902807235718,0.0011105751618742943,0.005458502564579248,0.9998711943626404,0.7743768692016602,0.7740289568901062,0.9993188977241516,0.0006811078637838364,0.0040540751069784164,0.9998734593391418,0.8423032164573669,0.8420155644416809
75.0,4.0,0.9992543458938599,0.0007459103944711387,0.0034667965956032276,0.9999029040336609,0.7675317525863647,0.7672210931777954,0.9984576106071472,0.0015428084880113602,0.008495247922837734,0.9998125433921814,0.8352014422416687,0.8348151445388794
76.0,0.0,0.9989326000213623,0.0010685099987313151,0.005389034282416105,0.9998663663864136,0.80735844373703,0.8069921731948853,0.9995723366737366,0.0004277432744856924,0.0025885747745633125,0.9999364614486694,0.614989697933197,0.6149831414222717
76.0,1.0,0.9989691376686096,0.0010313480161130428,0.005680076777935028,0.9998624324798584,0.7761528491973877,0.7758627533912659,0.999079167842865,0.000921532278880477,0.002737688831984997,0.9999161958694458,0.8516589999198914,0.8511193990707397
76.0,2.0,0.9989499449729919,0.0010499106720089912,0.005366042722016573,0.9998645186424255,0.817141592502594,0.8167867660522461,0.9991891384124756,0.000811147503554821,0.0039225611835718155,0.9999126195907593,0.6500990986824036,0.6498574018478394
76.0,3.0,0.9988905191421509,0.00111010717228055,0.005464241839945316,0.9998720288276672,0.7743770480155945,0.7740259766578674,0.9993194937705994,0.0006808807956986129,0.0040528420358896255,0.9998735785484314,0.8423030972480774,0.8420161604881287
76.0,4.0,0.9992551803588867,0.0007458700565621257,0.0034675770439207554,0.9999030232429504,0.7675321102142334,0.7672243118286133,0.9984579682350159,0.001542646554298699,0.008500847034156322,0.9998128414154053,0.8352009057998657,0.8348150253295898
77.0,0.0,0.9989318251609802,0.0010684054577723145,0.005387871526181698,0.9998661279678345,0.8073585033416748,0.8069918155670166,0.9995726346969604,0.0004274664679542184,0.0025872180704027414,0.9999366998672485,0.614989697933197,0.6149830222129822
77.0,1.0,0.9989697933197021,0.0010310696670785546,0.005682353861629963,0.9998627305030823,0.7761531472206116,0.7758631706237793,0.999079167842865,0.0009209965355694294,0.00274673686362803,0.9999161958694458,0.8516587615013123,0.8511195182800293
77.0,2.0,0.9989504218101501,0.0010498811025172472,0.005369923077523708,0.999864399433136,0.8171409964561462,0.8167865872383118,0.9991896152496338,0.0008109496557153761,0.003924268763512373,0.9999127388000488,0.650098979473114,0.6498572826385498
77.0,3.0,0.9988909363746643,0.0011099980911239982,0.005467054434120655,0.9998714327812195,0.7743770480155945,0.7740285992622375,0.9993199110031128,0.0006806468591094017,0.004056846257299185,0.9998735785484314,0.8423029184341431,0.8420159816741943
77.0,4.0,0.9992554783821106,0.0007454210426658392,0.0034665637649595737,0.9999029040336609,0.7675317525863647,0.7672218084335327,0.9984580874443054,0.0015424212906509638,0.008492927066981792,0.9998128414154053,0.8352010250091553,0.8348150849342346
78.0,0.0,0.998932421207428,0.001068102428689599,0.005395710933953524,0.9998658299446106,0.8073583245277405,0.8069915771484375,0.99957275390625,0.0004272879450581968,0.0025860490277409554,0.9999365210533142,0.614989697933197,0.6149831414222717
78.0,1.0,0.9989697337150574,0.0010308942291885614,0.005676965229213238,0.9998624920845032,0.7761520743370056,0.7758647203445435,0.9990799427032471,0.0009204869857057929,0.0027398152742534876,0.9999159574508667,0.8516590595245361,0.851119339466095
78.0,2.0,0.9989506006240845,0.0010495426831766963,0.005370870232582092,0.999864935874939,0.8171406388282776,0.8167888522148132,0.9991896748542786,0.0008107922622002661,0.0039448547177016735,0.9999127388000488,0.650098979473114,0.6498572826385498
78.0,3.0,0.9988911151885986,0.001109736505895853,0.0054675317369401455,0.9998719096183777,0.7743770480155945,0.7740260362625122,0.9993200302124023,0.0006804561126045883,0.004052693024277687,0.9998735785484314,0.8423033356666565,0.8420168161392212
78.0,4.0,0.9992547631263733,0.000745403696782887,0.003459727158769965,0.9999030232429504,0.7675321698188782,0.7672237753868103,0.9984580874443054,0.0015421758871525526,0.008503304794430733,0.9998130202293396,0.8352010250091553,0.8348144292831421
79.0,0.0,0.9989336729049683,0.0010677806567400694,0.005391167476773262,0.9998661279678345,0.8073583245277405,0.8069920539855957,0.9995728731155396,0.0004270833160262555,0.002588048344478011,0.9999368190765381,0.6149897575378418,0.6149831414222717
79.0,1.0,0.9989698529243469,0.0010306522017344832,0.005677634384483099,0.9998623132705688,0.7761526107788086,0.7758626937866211,0.99908047914505,0.0009199613123200834,0.0027404967695474625,0.999916136264801,0.8516589999198914,0.8511195182800293
79.0,2.0,0.9989513158798218,0.0010493466397747397,0.005371853243559599,0.9998648166656494,0.8171409964561462,0.8167865872383118,0.9991896748542786,0.0008107145549729466,0.003942323848605156,0.999912440776825,0.650098979473114,0.6498572826385498
79.0,3.0,0.9988914728164673,0.0011093375505879521,0.005470315460115671,0.9998719692230225,0.7743765115737915,0.7740265727043152,0.9993207454681396,0.0006802529678680003,0.004057525657117367,0.9998740553855896,0.8423031568527222,0.8420172333717346
79.0,4.0,0.9992561340332031,0.0007448435062542558,0.0034699742682278156,0.9999027848243713,0.7675316333770752,0.7672243118286133,0.9984579682350159,0.0015421180287376046,0.008487910963594913,0.9998135566711426,0.8352012038230896,0.8348153829574585
80.0,0.0,0.9989331960678101,0.0010675692465156317,0.005390685051679611,0.9998660683631897,0.8073590993881226,0.8069928288459778,0.9995731115341187,0.0004269916389603168,0.0025863072369247675,0.9999366402626038,0.6149897575378418,0.614983081817627
80.0,1.0,0.9989709258079529,0.001030531944707036,0.005682270508259535,0.9998629093170166,0.7761527299880981,0.7758650183677673,0.999081015586853,0.0009193866862915456,0.0027487108018249273,0.9999163746833801,0.8516637682914734,0.8511220216751099
80.0,2.0,0.9989516139030457,0.0010488638654351234,0.005376461427658796,0.9998646974563599,0.8171422481536865,0.8167880773544312,0.9991902112960815,0.0008105724700726569,0.003944000694900751,0.9999129772186279,0.6500989198684692,0.649857223033905
80.0,3.0,0.9988920092582703,0.001109100878238678,0.005463907960802317,0.9998723268508911,0.7743781805038452,0.7740291357040405,0.9993202686309814,0.0006801029667258263,0.004056179895997047,0.9998738169670105,0.8423031568527222,0.8420172333717346
80.0,4.0,0.999256432056427,0.000744804332498461,0.0034653746988624334,0.999902606010437,0.7675333619117737,0.767224907875061,0.9984583258628845,0.0015417995164170861,0.008503698743879795,0.9998129606246948,0.8352014422416687,0.8348150253295898
81.0,0.0,0.9989336729049683,0.001067229313775897,0.0053961132653057575,0.9998663663864136,0.8073592185974121,0.80699223279953,0.9995731711387634,0.0004266964679118246,0.002585074631497264,0.9999366998672485,0.6149898171424866,0.6149830222129822
81.0,1.0,0.998970091342926,0.0010303565068170428,0.005686645861715078,0.9998624324798584,0.7761533856391907,0.7758632898330688,0.9990814924240112,0.000918946519959718,0.002727155340835452,0.9999165534973145,0.8516639471054077,0.8511218428611755
81.0,2.0,0.9989521503448486,0.001048709382303059,0.005377266090363264,0.9998649954795837,0.8171424865722656,0.816789984703064,0.9991898536682129,0.0008103958680294454,0.003926808480173349,0.9999123811721802,0.650098979473114,0.6498573422431946
81.0,3.0,0.9988917708396912,0.0011089887702837586,0.005471779499202967,0.9998724460601807,0.7743783593177795,0.7740294337272644,0.999320387840271,0.0006799655384384096,0.004058091901242733,0.9998738169670105,0.8423032164573669,0.8420172333717346
81.0,4.0,0.9992569088935852,0.0007442981586791575,0.0034692727494984865,0.9999021887779236,0.7675336003303528,0.7672253847122192,0.9984586834907532,0.001541585079394281,0.008491583168506622,0.9998130798339844,0.8352009654045105,0.834815263748169
82.0,0.0,0.9989333152770996,0.0010670815827324986,0.005400240886956453,0.9998661279678345,0.8073592185974121,0.8069928884506226,0.9995733499526978,0.00042658328311517835,0.0025847929064184427,0.9999368190765381,0.6149897575378418,0.6149831414222717
82.0,1.0,0.9989701509475708,0.001030246145091951,0.005683852359652519,0.9998633861541748,0.7761479020118713,0.7758625745773315,0.9990817308425903,0.0009185445378534496,0.002740447176620364,0.9999162554740906,0.8516638875007629,0.8511215448379517
82.0,2.0,0.9989522695541382,0.0010483990190550685,0.005375262349843979,0.9998653531074524,0.8171423077583313,0.8167901039123535,0.9991899132728577,0.0008104341686703265,0.003941179718822241,0.9999120831489563,0.650098979473114,0.6498574018478394
82.0,3.0,0.998892605304718,0.0011085898149758577,0.0054640695452690125,0.9998725652694702,0.7743781208992004,0.7740270495414734,0.9993208646774292,0.0006798520334996283,0.00407426618039608,0.9998741745948792,0.8423033952713013,0.842017650604248
82.0,4.0,0.999256432056427,0.0007442360511049628,0.0034656936768442392,0.9999028444290161,0.7675334215164185,0.7672222852706909,0.9984589219093323,0.0015413278015330434,0.008479433134198189,0.9998133182525635,0.8352011442184448,0.8348153829574585
83.0,0.0,0.9989341497421265,0.0010668504983186722,0.005390644073486328,0.9998664855957031,0.8073592185974121,0.8069929480552673,0.9995737075805664,0.0004264354065526277,0.002588648581877351,0.9999367594718933,0.6149897575378418,0.6149830222129822
83.0,1.0,0.9989708662033081,0.0010300811845809221,0.005688568577170372,0.9998626112937927,0.7761527299880981,0.7758628129959106,0.9990819096565247,0.0009181612986139953,0.0027455296367406845,0.9999165534973145,0.8516637086868286,0.851121723651886
83.0,2.0,0.9989522099494934,0.0010481252102181315,0.005377883557230234,0.9998653531074524,0.8171427845954895,0.8167882561683655,0.9991902112960815,0.000810289871878922,0.003942553419619799,0.999912679195404,0.6500991582870483,0.6498572826385498
83.0,3.0,0.9988922476768494,0.0011084683937951922,0.00547246215865016,0.9998724460601807,0.7743728756904602,0.7740268111228943,0.9993207454681396,0.0006796362577006221,0.004060938488692045,0.9998740553855896,0.8423029780387878,0.8420172929763794
83.0,4.0,0.9992574453353882,0.0007436093874275684,0.0034683889243751764,0.9999030828475952,0.7675333619117737,0.7672250270843506,0.9984596371650696,0.0015410437481477857,0.008504321798682213,0.9998124837875366,0.8352012634277344,0.8348158001899719
84.0,0.0,0.9989335536956787,0.0010665940353646874,0.0054006194695830345,0.9998664855957031,0.8073592782020569,0.8069925308227539,0.9995739459991455,0.0004263752489350736,0.0025881666224449873,0.9999367594718933,0.6149897575378418,0.6149831414222717
84.0,1.0,0.998970627784729,0.0010299041168764234,0.005680853966623545,0.9998628497123718,0.7761484980583191,0.7758632302284241,0.9990825653076172,0.0009179690387099981,0.00275019952096045,0.9999161958694458,0.8516639471054077,0.8511220216751099
84.0,2.0,0.9989520907402039,0.00104796071536839,0.005379583686590195,0.9998653531074524,0.8171379566192627,0.8167877793312073,0.9991900324821472,0.0008100401610136032,0.003929921891540289,0.9999123811721802,0.650098979473114,0.649857223033905
84.0,3.0,0.9988926649093628,0.001108204131014645,0.005467629060149193,0.9998720288276672,0.7743781208992004,0.7740302681922913,0.9993212819099426,0.0006794056389480829,0.0040541235357522964,0.9998740553855896,0.8423030972480774,0.842017412185669
84.0,4.0,0.9992567896842957,0.0007437415770255029,0.0034704518038779497,0.9999037981033325,0.7675332427024841,0.7672227025032043,0.9984596967697144,0.0015407877508550882,0.008509873412549496,0.9998132586479187,0.8352010250091553,0.8348162174224854
85.0,0.0,0.998934268951416,0.0010664607398211956,0.005400172900408506,0.9998661279678345,0.8073589205741882,0.8069927096366882,0.9995740056037903,0.00042618124280124903,0.0025884981732815504,0.9999365210533142,0.614989697933197,0.6149831414222717
85.0,1.0,0.9989709854125977,0.0010297420667484403,0.00568815041333437,0.9998635053634644,0.776147723197937,0.775863528251648,0.9990823864936829,0.0009176626335829496,0.002750514540821314,0.9999161958694458,0.8516638875007629,0.8511218428611755
85.0,2.0,0.9989525079727173,0.0010477019241079688,0.005371956154704094,0.9998648166656494,0.8171378970146179,0.8167880773544312,0.999190092086792,0.0008099015685729682,0.003929434809833765,0.9999126195907593,0.6500990390777588,0.649857223033905
85.0,3.0,0.9988932013511658,0.0011079930700361729,0.005475259851664305,0.999872088432312,0.7743723392486572,0.7740268707275391,0.9993210434913635,0.0006792708300054073,0.004059767350554466,0.9998745918273926,0.8423029780387878,0.8420174717903137
85.0,4.0,0.9992570281028748,0.0007435749866999686,0.003458361839875579,0.9999035596847534,0.7675331830978394,0.7672222852706909,0.9984603524208069,0.0015405514277517796,0.008504016324877739,0.9998130798339844,0.8352012038230896,0.8348158597946167
86.0,0.0,0.9989345073699951,0.0010661996202543378,0.005397472530603409,0.9998669624328613,0.8073590993881226,0.8069928884506226,0.9995737671852112,0.00042614253470674157,0.0025905673392117023,0.9999366402626038,0.614989697933197,0.6149830222129822
86.0,1.0,0.9989712238311768,0.0010295282118022442,0.005693675950169563,0.9998628497123718,0.7761478424072266,0.7758634090423584,0.9990827441215515,0.0009174972074106336,0.0027346231509000063,0.9999161958694458,0.8516639471054077,0.8511220216751099
86.0,2.0,0.9989527463912964,0.0010474439477548003,0.0053847734816372395,0.9998650550842285,0.817137598991394,0.816788375377655,0.9991905689239502,0.0008097731042653322,0.003930595237761736,0.9999126195907593,0.650098979473114,0.6498572826385498
86.0,3.0,0.9988927841186523,0.001107801217585802,0.005462894216179848,0.9998722076416016,0.7743782997131348,0.7740277647972107,0.9993216395378113,0.0006790515035390854,0.004056897014379501,0.9998742938041687,0.8423029184341431,0.8420175313949585
86.0,4.0,0.9992569088935852,0.0007435244624502957,0.003472105599939823,0.9999033808708191,0.7675331830978394,0.7672220468521118,0.9984599947929382,0.0015402864664793015,0.008504502475261688,0.9998142123222351,0.8352013230323792,0.8348165154457092
87.0,0.0,0.998934805393219,0.0010660111438483,0.005404687020927668,0.9998667240142822,0.8073593378067017,0.806993305683136,0.9995740056037903,0.0004259193083271384,0.0025906439404934645,0.9999367594718933,0.614989697933197,0.6149831414222717
87.0,1.0,0.9989714622497559,0.0010292016668245196,0.005679264664649963,0.9998630285263062,0.7761528491973877,0.775863766670227,0.9990835189819336,0.00091731728753075,0.0027470265049487352,0.9999162554740906,0.8516637682914734,0.8511219024658203
87.0,2.0,0.9989528656005859,0.0010473980801180005,0.005369596648961306,0.9998642802238464,0.8171420693397522,0.8167884945869446,0.999191164970398,0.0008096914389170706,0.003947088029235601,0.999912440776825,0.6500990986824036,0.649857223033905
87.0,3.0,0.9988924860954285,0.0011075411457568407,0.005475717596709728,0.999872624874115,0.7743779420852661,0.7740275263786316,0.9993217587471008,0.0006788684404455125,0.004056914243847132,0.9998738169670105,0.8423032164573669,0.8420175909996033
87.0,4.0,0.9992566704750061,0.0007434266735799611,0.003464073408395052,0.9999035000801086,0.7675272822380066,0.76722252368927,0.9984603524208069,0.0015400043921545148,0.008502814918756485,0.9998133182525635,0.8352011442184448,0.8348166942596436
88.0,0.0,0.9989349246025085,0.0010657653911039233,0.005400686524808407,0.9998660683631897,0.8073597550392151,0.8069937825202942,0.9995743036270142,0.0004260064451955259,0.0025914981961250305,0.9999367594718933,0.6149897575378418,0.6149831414222717
88.0,1.0,0.9989725947380066,0.0010291370563209057,0.005678776651620865,0.9998620748519897,0.7761528491973877,0.7758644819259644,0.9990826845169067,0.0009173775906674564,0.002748116385191679,0.9999162554740906,0.8516638875007629,0.8511220216751099
88.0,2.0,0.9989535808563232,0.0010471292771399021,0.005379978101700544,0.9998647570610046,0.8171422481536865,0.8167915344238281,0.9991907477378845,0.0008096027304418385,0.003946785815060139,0.9999130964279175,0.650098979473114,0.6498576402664185
88.0,3.0,0.998894214630127,0.0011074159992858768,0.0054727778770029545,0.9998725652694702,0.7743777632713318,0.774030327796936,0.9993224143981934,0.0006787128513678908,0.0040640877559781075,0.9998742938041687,0.8423029780387878,0.8420181274414062
88.0,4.0,0.9992581009864807,0.0007429377874359488,0.0034720543771982193,0.9999033212661743,0.7675333619117737,0.7672258615493774,0.9984598755836487,0.0015397467650473118,0.008519729599356651,0.9998133778572083,0.8352015614509583,0.8348166942596436
89.0,0.0,0.9989357590675354,0.001065554446540773,0.005403904709964991,0.9998666048049927,0.8073588609695435,0.8069936633110046,0.9995741248130798,0.0004258038243278861,0.002593760844320059,0.9999364018440247,0.6149897575378418,0.6149830222129822
89.0,1.0,0.9989714622497559,0.0010289382189512253,0.005691784434020519,0.9998635649681091,0.7761527895927429,0.7758643627166748,0.9990836977958679,0.0009170082048512995,0.0027515117544680834,0.9999165534973145,0.8516651391983032,0.8511224389076233
89.0,2.0,0.9989537596702576,0.0010469505796208978,0.005381765775382519,0.9998650550842285,0.8171426057815552,0.8167888522148132,0.9991908073425293,0.0008094533113762736,0.003930690232664347,0.9999125003814697,0.6500991582870483,0.6498579382896423
89.0,3.0,0.9988937973976135,0.0011071845656260848,0.005476152990013361,0.9998723268508911,0.77437824010849,0.7740310430526733,0.9993221163749695,0.0006785098230466247,0.004061421845108271,0.9998742938041687,0.8423032164573669,0.8420177102088928
89.0,4.0,0.9992581009864807,0.0007430275436490774,0.0034727153833955526,0.9999033212661743,0.7675332427024841,0.7672255039215088,0.9984607100486755,0.0015394696965813637,0.00851097796112299,0.9998133182525635,0.8352013230323792,0.8348169922828674
90.0,0.0,0.998936116695404,0.001065002870745957,0.0054022166877985,0.9998659491539001,0.8073596358299255,0.8069942593574524,0.9995740056037903,0.0004258746048435569,0.0025924535002559423,0.9999368190765381,0.6149897575378418,0.6149832010269165
90.0,1.0,0.9989725351333618,0.001027978491038084,0.005687681492418051,0.9998628497123718,0.7761527895927429,0.7758668661117554,0.999083399772644,0.0009168709511868656,0.002754529705271125,0.9999163746833801,0.8516650795936584,0.8511225581169128
90.0,2.0,0.9989553689956665,0.001045860000886023,0.005384648684412241,0.9998648762702942,0.8171426057815552,0.8167919516563416,0.9991909861564636,0.00080935686128214,0.003930674400180578,0.9999127388000488,0.650098979473114,0.6498578190803528
90.0,3.0,0.9988940358161926,0.0011062811827287078,0.005474225617945194,0.9998728036880493,0.7743780612945557,0.7740298509597778,0.9993225336074829,0.0006783385761082172,0.004057972226291895,0.9998741745948792,0.8423030376434326,0.8420180678367615
90.0,4.0,0.9992585778236389,0.0007420704350806773,0.0034687595907598734,0.9999029040336609,0.767533004283905,0.7672252058982849,0.9984611868858337,0.001539347693324089,0.008502409793436527,0.9998140335083008,0.8352010250091553,0.8348171710968018
91.0,0.0,0.9989356398582458,0.001064935466274619,0.005399906542152166,0.9998666048049927,0.8073594570159912,0.8069937229156494,0.9995744228363037,0.0004255989333614707,0.002590369200333953,0.9999367594718933,0.6149898171424866,0.6149830222129822
91.0,1.0,0.9989727735519409,0.0010279243579134345,0.005683493800461292,0.9998630881309509,0.776153028011322,0.7758662700653076,0.9990832805633545,0.0009168277611024678,0.0027520363219082355,0.9999162554740906,0.8516639471054077,0.8511219024658203
91.0,2.0,0.9989547729492188,0.001045804820023477,0.0053821769542992115,0.9998652338981628,0.8171428442001343,0.8167916536331177,0.999191164970398,0.0008093468495644629,0.0039300015196204185,0.9999122619628906,0.6500990986824036,0.649857759475708
91.0,3.0,0.9988937377929688,0.0011062439298257232,0.005470331758260727,0.9998729228973389,0.7743780612945557,0.7740310430526733,0.9993218779563904,0.0006783193675801158,0.00405651843175292,0.9998741745948792,0.8423031568527222,0.8420177698135376
91.0,4.0,0.9992589354515076,0.0007420389447361231,0.0034678932279348373,0.9999033212661743,0.7675333619117737,0.7672256231307983,0.9984608292579651,0.0015393062494695187,0.008509477600455284,0.9998137950897217,0.8352013230323792,0.8348171710968018
92.0,0.0,0.9989349246025085,0.0010649131145328283,0.005398825276643038,0.9998672008514404,0.8073587417602539,0.8069930076599121,0.9995745420455933,0.0004255536769051105,0.0025902017951011658,0.9999366402626038,0.614989697933197,0.6149831414222717
92.0,1.0,0.9989728331565857,0.0010279036359861493,0.0056836665607988834,0.9998636841773987,0.7761531472206116,0.7758673429489136,0.9990832805633545,0.0009168117539957166,0.0027516738045960665,0.9999163746833801,0.8516638875007629,0.8511220812797546
92.0,2.0,0.9989550113677979,0.0010457948083058,0.005378550849854946,0.9998653531074524,0.8171427249908447,0.8167911767959595,0.9991907477378845,0.0008093422511592507,0.003929833881556988,0.999912679195404,0.6500990390777588,0.6498578190803528
92.0,3.0,0.9988939166069031,0.0011062237899750471,0.005473227705806494,0.9998728036880493,0.7743780612945557,0.7740305662155151,0.9993221163749695,0.0006783041171729565,0.0040564932860434055,0.9998741745948792,0.8423031568527222,0.8420177698135376
92.0,4.0,0.9992583990097046,0.0007420346373692155,0.003467622445896268,0.9999032616615295,0.7675334811210632,0.7672261595726013,0.9984610676765442,0.001539268996566534,0.008502244018018246,0.9998134970664978,0.8352011442184448,0.8348175287246704
93.0,0.0,0.9989356398582458,0.0010648883180692792,0.005399257875978947,0.9998663663864136,0.8073590993881226,0.8069942593574524,0.9995745420455933,0.00042552559170871973,0.002590309362858534,0.9999368190765381,0.6149898171424866,0.614983081817627
93.0,1.0,0.9989730715751648,0.0010278754634782672,0.00569069292396307,0.9998635053634644,0.7761528491973877,0.7758666276931763,0.9990834593772888,0.000916793302167207,0.002751875203102827,0.9999159574508667,0.8516638875007629,0.8511217832565308
93.0,2.0,0.9989549517631531,0.0010457462631165981,0.0053789978846907616,0.9998656511306763,0.8171424865722656,0.8167910575866699,0.9991909265518188,0.0008093341020867229,0.003930036444216967,0.9999125003814697,0.6500990986824036,0.6498579978942871
93.0,3.0,0.9988947510719299,0.0011061978293582797,0.005469665862619877,0.9998725056648254,0.7743781208992004,0.7740306258201599,0.9993221163749695,0.0006782850250601768,0.004056977108120918,0.9998741745948792,0.8423032760620117,0.8420181274414062
93.0,4.0,0.9992586970329285,0.000742014090064913,0.0034682368859648705,0.9999037981033325,0.7675337195396423,0.7672256827354431,0.9984613060951233,0.0015392325585708022,0.00851074792444706,0.9998137950897217,0.8352006673812866,0.8348172903060913
94.0,0.0,0.9989359974861145,0.0010648594470694661,0.005402781069278717,0.9998663663864136,0.8073592185974121,0.8069936633110046,0.9995746612548828,0.0004254908999428153,0.002590249991044402,0.9999366998672485,0.6149897575378418,0.6149830222129822
94.0,1.0,0.9989724159240723,0.0010278556728735566,0.005687257274985313,0.9998628497123718,0.7761530876159668,0.7758667469024658,0.9990836381912231,0.0009167718817479908,0.0027518027927726507,0.9999162554740906,0.8516639471054077,0.8511222004890442
94.0,2.0,0.998955249786377,0.0010456976015120745,0.005378135945647955,0.9998645186424255,0.8171426653862,0.816791296005249,0.9991913437843323,0.0008093171054497361,0.003930251579731703,0.9999127388000488,0.650098979473114,0.6498580574989319
94.0,3.0,0.998894989490509,0.001106170122511685,0.005473313853144646,0.9998725652694702,0.7743780612945557,0.7740306854248047,0.9993225336074829,0.0006782642449252307,0.0040571317076683044,0.9998741745948792,0.8423030376434326,0.8420179486274719
94.0,4.0,0.9992591142654419,0.0007419770117849112,0.00346808647736907,0.9999035000801086,0.7675331830978394,0.7672258615493774,0.9984613060951233,0.0015391953056678176,0.008511236868798733,0.9998137950897217,0.8352012038230896,0.8348171710968018
95.0,0.0,0.9989355206489563,0.0010648405877873302,0.005396900232881308,0.9998661279678345,0.8073594570159912,0.8069942593574524,0.9995745420455933,0.0004255152598489076,0.0025904783979058266,0.9999365210533142,0.6149897575378418,0.6149830222129822
95.0,1.0,0.9989719986915588,0.001027831225655973,0.005687798839062452,0.9998637437820435,0.7761529088020325,0.7758657336235046,0.9990833401679993,0.0009167526150122285,0.0027519960422068834,0.9999161958694458,0.8516638875007629,0.8511219024658203
95.0,2.0,0.9989550113677979,0.001045712037011981,0.005374916363507509,0.9998654723167419,0.817142128944397,0.816791296005249,0.9991909861564636,0.0008093127980828285,0.003930326551198959,0.9999126195907593,0.6500989198684692,0.649857759475708
95.0,3.0,0.9988946318626404,0.0011061663972213864,0.005466607864946127,0.9998728036880493,0.7743779420852661,0.7740305662155151,0.9993218779563904,0.0006782446289435029,0.0040567731484770775,0.9998740553855896,0.8423030376434326,0.842018187046051
95.0,4.0,0.9992583990097046,0.0007419792236760259,0.0034681130200624466,0.9999033808708191,0.7675334215164185,0.7672256827354431,0.9984610676765442,0.0015391597989946604,0.008501746691763401,0.9998131394386292,0.8352014422416687,0.8348172307014465
96.0,0.0,0.998936116695404,0.0010648188181221485,0.005393069237470627,0.9998675584793091,0.8073597550392151,0.8069937229156494,0.9995743632316589,0.00042548603960312903,0.00259042764082551,0.9999366998672485,0.6149898171424866,0.6149830222129822
96.0,1.0,0.9989727735519409,0.0010278117842972279,0.005684507079422474,0.9998633861541748,0.7761526703834534,0.7758668661117554,0.999083399772644,0.0009167493553832173,0.0027523322496563196,0.9999163150787354,0.8516650199890137,0.8511224389076233
96.0,2.0,0.9989545345306396,0.0010456884047016501,0.005378643982112408,0.9998654723167419,0.8171426057815552,0.8167915344238281,0.9991912245750427,0.000809301040135324,0.003930392675101757,0.999912679195404,0.650098979473114,0.6498578190803528
96.0,3.0,0.9988946318626404,0.0011061300756409764,0.005462802015244961,0.9998728632926941,0.7743781208992004,0.7740306258201599,0.9993226528167725,0.000678227748721838,0.00405642855912447,0.9998742938041687,0.8423030376434326,0.8420179486274719
96.0,4.0,0.9992586374282837,0.0007419572211802006,0.0034680613316595554,0.9999033808708191,0.7675334215164185,0.7672255039215088,0.9984608888626099,0.0015391191700473428,0.008492720313370228,0.9998135566711426,0.8352009654045105,0.8348172903060913
97.0,0.0,0.998936116695404,0.0010648086899891496,0.005389589816331863,0.9998658299446106,0.8073590993881226,0.8069942593574524,0.9995745420455933,0.0004255009407643229,0.0025903943460434675,0.9999366402626038,0.6149897575378418,0.6149830222129822
97.0,1.0,0.9989733695983887,0.0010277789551764727,0.005680274683982134,0.9998635649681091,0.7761527299880981,0.7758663296699524,0.999083399772644,0.0009167363750748336,0.002751990919932723,0.9999165534973145,0.8516639471054077,0.8511221408843994
97.0,2.0,0.9989559650421143,0.0010456755990162492,0.005378771107643843,0.9998652935028076,0.8171427845954895,0.8167921304702759,0.9991909265518188,0.0008092909120023251,0.003930197097361088,0.9999128580093384,0.6500989198684692,0.6498579382896423
97.0,3.0,0.9988946914672852,0.001106112264096737,0.005466054659336805,0.9998730421066284,0.7743781805038452,0.7740307450294495,0.9993223547935486,0.0006782101118005812,0.0040564457885921,0.9998742938041687,0.8423030972480774,0.8420181274414062
97.0,4.0,0.9992588758468628,0.0007419463945552707,0.0034676326904445887,0.9999040365219116,0.7675331830978394,0.7672258615493774,0.9984616041183472,0.0015390899498015642,0.008501478470861912,0.9998142123222351,0.8352009057998657,0.83481764793396
98.0,0.0,0.9989356398582458,0.0010647735325619578,0.0053964899852871895,0.9998668432235718,0.8073595762252808,0.8069939017295837,0.9995746612548828,0.0004254247178323567,0.002590143820270896,0.9999365210533142,0.6149898171424866,0.614983081817627
98.0,1.0,0.9989734888076782,0.0010277627734467387,0.005679990164935589,0.9998630285263062,0.776153028011322,0.7758668065071106,0.9990833401679993,0.0009167329990305007,0.0027519785799086094,0.9999165534973145,0.8516638875007629,0.8511220216751099
98.0,2.0,0.9989547729492188,0.0010456303134560585,0.005378338508307934,0.9998651146888733,0.817142903804779,0.816791832447052,0.9991907477378845,0.0008092764182947576,0.00393043365329504,0.9999131560325623,0.6500989198684692,0.6498579978942871
98.0,3.0,0.998894214630127,0.0011060877004638314,0.005462787579745054,0.9998723864555359,0.7743779420852661,0.7740305662155151,0.9993223547935486,0.0006781905540265143,0.004056580364704132,0.9998745918273926,0.8423033356666565,0.8420185446739197
98.0,4.0,0.9992594122886658,0.0007419235189445317,0.003472143318504095,0.9999037981033325,0.7675331830978394,0.7672260999679565,0.9984617829322815,0.001539054443128407,0.008502011187374592,0.999813973903656,0.8352010250091553,0.8348177671432495
99.0,0.0,0.9989356398582458,0.001064752577804029,0.005395844113081694,0.9998663663864136,0.8073590397834778,0.8069940209388733,0.9995743632316589,0.000425449077738449,0.0025907238014042377,0.9999366998672485,0.6149898171424866,0.6149830222129822
99.0,1.0,0.9989728331565857,0.001027729595080018,0.005680748727172613,0.9998635649681091,0.7761527299880981,0.775867223739624,0.999083399772644,0.0009167124517261982,0.002753036329522729,0.9999164938926697,0.8516650795936584,0.8511225581169128
99.0,2.0,0.9989556074142456,0.0010456126183271408,0.005376388318836689,0.9998647570610046,0.8171424269676208,0.8167920112609863,0.9991909861564636,0.0008092672214843333,0.003930652514100075,0.9999126195907593,0.650098979473114,0.6498579382896423
99.0,3.0,0.9988946318626404,0.0011060679098591208,0.005466426722705364,0.9998723268508911,0.7743780612945557,0.7740316390991211,0.999322235584259,0.0006781733827665448,0.00405713589861989,0.9998742938041687,0.8423031568527222,0.8420183062553406
99.0,4.0,0.9992579817771912,0.0007419315516017377,0.00346813234500587,0.9999029040336609,0.7675336599349976,0.7672260999679565,0.9984615445137024,0.001539023476652801,0.008493789471685886,0.9998137354850769,0.8352009654045105,0.8348179459571838
100.0,0.0,0.9989362359046936,0.0010647287126630545,0.00539358239620924,0.9998667240142822,0.8073594570159912,0.8069940805435181,0.9995747804641724,0.0004254399100318551,0.00259054871276021,0.9999367594718933,0.614989697933197,0.6149829626083374
100.0,1.0,0.9989731311798096,0.001027713413350284,0.005677758250385523,0.9998636841773987,0.7761529088020325,0.7758671045303345,0.9990838170051575,0.0009167059906758368,0.002752046100795269,0.9999163746833801,0.8516648411750793,0.8511224985122681
100.0,2.0,0.9989546537399292,0.0010455825831741095,0.005375415086746216,0.9998653531074524,0.8171424865722656,0.8167914748191833,0.9991912245750427,0.0008092614589259028,0.003930502105504274,0.9999123811721802,0.6500990986824036,0.6498580574989319
100.0,3.0,0.9988947510719299,0.0011060555698350072,0.005463022738695145,0.9998727440834045,0.7743789553642273,0.7740307450294495,0.9993221163749695,0.0006781498086638749,0.004056383389979601,0.9998744130134583,0.8423029780387878,0.8420182466506958
100.0,4.0,0.9992589354515076,0.0007418991881422698,0.0034682094119489193,0.9999035000801086,0.7675332427024841,0.7672256827354431,0.9984610676765442,0.0015389833133667707,0.008492744527757168,0.9998137950897217,0.8352012038230896,0.8348177075386047
101.0,0.0,0.9989364743232727,0.0010647156741470098,0.005396000575274229,0.9998668432235718,0.8073592185974121,0.8069943189620972,0.9995745420455933,0.00042543531162664294,0.0025903447531163692,0.9999366402626038,0.614989697933197,0.6149831414222717
101.0,1.0,0.9989731907844543,0.0010276936227455735,0.005680030677467585,0.9998633861541748,0.776153028011322,0.7758669257164001,0.9990835189819336,0.0009167056996375322,0.002752241911366582,0.9999163746833801,0.8516649603843689,0.8511224389076233
101.0,2.0,0.998954713344574,0.0010455693118274212,0.005378279834985733,0.999864935874939,0.8171432018280029,0.8167916536331177,0.999191164970398,0.0008092541829682887,0.003930784296244383,0.9999125003814697,0.6500990390777588,0.6498578786849976
101.0,3.0,0.9988947510719299,0.001106021460145712,0.005467124283313751,0.9998725652694702,0.7743782997131348,0.7740311026573181,0.9993219971656799,0.000678130192682147,0.004056773614138365,0.999874472618103,0.8423030972480774,0.8420183658599854
101.0,4.0,0.9992591738700867,0.0007419045432470739,0.0034683607518672943,0.9999040365219116,0.7675332427024841,0.7672258615493774,0.9984614253044128,0.0015389547916129231,0.008493381552398205,0.9998140335083008,0.8352017402648926,0.8348184823989868
102.0,0.0,0.998936116695404,0.0010646918090060353,0.005393818486481905,0.9998669624328613,0.8073599934577942,0.8069944381713867,0.999574601650238,0.0004254106606822461,0.0025903163477778435,0.9999367594718933,0.614989697933197,0.6149831414222717
102.0,1.0,0.9989731907844543,0.001027669059112668,0.005680093541741371,0.999863862991333,0.7761530876159668,0.7758677005767822,0.9990837574005127,0.0009166757808998227,0.0027520335279405117,0.9999165534973145,0.8516637682914734,0.8511220216751099
102.0,2.0,0.9989553689956665,0.0010455506853759289,0.00537522230297327,0.9998649954795837,0.8171431422233582,0.8167920112609863,0.9991909861564636,0.0008092422503978014,0.0039305416867136955,0.999912679195404,0.6500990390777588,0.6498576402664185
102.0,3.0,0.9988949298858643,0.0011060085380449891,0.005466190632432699,0.9998727440834045,0.7743778824806213,0.7740314602851868,0.9993223547935486,0.0006781182601116598,0.0040566879324615,0.999874472618103,0.8423029184341431,0.8420188426971436
102.0,4.0,0.999258816242218,0.0007418800378218293,0.00346831395290792,0.9999035000801086,0.7675331830978394,0.7672260999679565,0.9984613656997681,0.001538917887955904,0.008493555709719658,0.9998137354850769,0.8352019786834717,0.834818422794342
103.0,0.0,0.9989363551139832,0.001064666430465877,0.005393761210143566,0.9998663663864136,0.8073596954345703,0.8069942593574524,0.9995747208595276,0.00042534590465947986,0.0025902963243424892,0.9999366998672485,0.6149898171424866,0.6149829626083374
103.0,1.0,0.9989731907844543,0.0010276403045281768,0.005679842550307512,0.9998629689216614,0.7761532068252563,0.7758675217628479,0.9990836381912231,0.0009166616364382207,0.002752833068370819,0.9999167323112488,0.8516650795936584,0.8511224389076233
103.0,2.0,0.9989545345306396,0.0010455154115334153,0.005376116838306189,0.9998650550842285,0.8171427249908447,0.8167914152145386,0.9991912245750427,0.0008092254283837974,0.003930800594389439,0.9999127388000488,0.650098979473114,0.6498578786849976
103.0,3.0,0.9988945722579956,0.0011059833923354745,0.005466621369123459,0.999872624874115,0.7743781805038452,0.7740313410758972,0.9993223547935486,0.0006780936964787543,0.00405707024037838,0.9998744130134583,0.8423028588294983,0.8420184850692749
103.0,4.0,0.9992590546607971,0.0007418651366606355,0.003468405921012163,0.9999036192893982,0.7675337195396423,0.7672258615493774,0.9984616637229919,0.0015388848260045052,0.00849363673478365,0.9998138546943665,0.8352019190788269,0.8348188400268555
104.0,0.0,0.9989365935325623,0.0010646419832482934,0.0053935786709189415,0.99986732006073,0.8073601722717285,0.8069947361946106,0.9995746612548828,0.0004253788501955569,0.0025905249640345573,0.9999366998672485,0.614989697933197,0.6149831414222717
104.0,1.0,0.9989730715751648,0.0010276235407218337,0.005680805072188377,0.9998632073402405,0.7761531472206116,0.7758674025535583,0.9990835189819336,0.0009166556410491467,0.0027524582110345364,0.9999159574508667,0.8516647815704346,0.8511223793029785
104.0,2.0,0.9989549517631531,0.0010454962030053139,0.005375198554247618,0.9998659491539001,0.8171424865722656,0.8167917132377625,0.9991911053657532,0.0008092112257145345,0.00393108744174242,0.9999122619628906,0.6500990390777588,0.6498578190803528
104.0,3.0,0.9988948702812195,0.0011059632524847984,0.005467050708830357,0.9998725652694702,0.7743781805038452,0.7740311026573181,0.9993224143981934,0.000678070355206728,0.004057173617184162,0.9998745918273926,0.8423030972480774,0.8420184254646301
104.0,4.0,0.9992592930793762,0.0007418544846586883,0.0034689628519117832,0.9999035596847534,0.7675334811210632,0.7672255039215088,0.9984613656997681,0.0015388492029160261,0.008493644185364246,0.9998137354850769,0.8352016806602478,0.8348182439804077
105.0,0.0,0.9989367127418518,0.0010646212613210082,0.005393330939114094,0.9998669624328613,0.8073597550392151,0.8069947361946106,0.9995747804641724,0.0004254092345945537,0.0025906472001224756,0.9999368190765381,0.6149897575378418,0.6149831414222717
105.0,1.0,0.9989727735519409,0.0010275982785969973,0.005678111221641302,0.9998636841773987,0.7761535048484802,0.7758678197860718,0.9990838170051575,0.0009166559320874512,0.002752879401668906,0.9999164938926697,0.8516648411750793,0.8511226177215576
105.0,2.0,0.9989550113677979,0.0010454668663442135,0.005379616282880306,0.9998654723167419,0.8171426653862,0.8167919516563416,0.9991907477378845,0.0008092118659988046,0.003930711653083563,0.9999127388000488,0.650098979473114,0.6498579978942871
105.0,3.0,0.9988946318626404,0.0011059418320655823,0.005465984810143709,0.9998728036880493,0.7743788361549377,0.7740311622619629,0.9993217587471008,0.000678056210745126,0.004069752991199493,0.9998741745948792,0.8423031568527222,0.8420187830924988
105.0,4.0,0.9992588758468628,0.0007418444147333503,0.003472708398476243,0.9999029040336609,0.7675338387489319,0.7672262191772461,0.9984613060951233,0.0015388155588880181,0.008493334986269474,0.999813973903656,0.8352016806602478,0.8348181843757629
106.0,0.0,0.9989367723464966,0.0010646040318533778,0.005396781023591757,0.9998669624328613,0.8073597550392151,0.8069940805435181,0.9995747208595276,0.0004253436054568738,0.0025903847999870777,0.9999367594718933,0.6149897575378418,0.6149831414222717
106.0,1.0,0.9989726543426514,0.0010275745298713446,0.005683931987732649,0.9998629689216614,0.7761532068252563,0.7758675217628479,0.9990836977958679,0.0009166442905552685,0.002752375090494752,0.9999164938926697,0.8516650199890137,0.8511226177215576
106.0,2.0,0.998954713344574,0.0010454587172716856,0.0053787254728376865,0.9998655319213867,0.817142903804779,0.8167927265167236,0.9991911053657532,0.0008092024945653975,0.0039308639243245125,0.9999128580093384,0.6500990390777588,0.6498579382896423
106.0,3.0,0.9988946914672852,0.0011059280950576067,0.005466545931994915,0.9998727440834045,0.774378776550293,0.7740310430526733,0.9993219971656799,0.0006780367693863809,0.004069798160344362,0.9998742938041687,0.8423030376434326,0.8420183658599854
106.0,4.0,0.9992589354515076,0.0007418322493322194,0.0034730127081274986,0.9999024271965027,0.7675331234931946,0.7672259211540222,0.9984622597694397,0.0015387857565656304,0.008493755012750626,0.9998140335083008,0.8352015018463135,0.834818422794342
107.0,0.0,0.998935878276825,0.0010645841248333454,0.005396732594817877,0.9998672008514404,0.8073599338531494,0.806993842124939,0.9995747208595276,0.0004253075167071074,0.002590527292340994,0.9999366998672485,0.614989697933197,0.614983081817627
107.0,1.0,0.9989734292030334,0.0010275556705892086,0.0056809959933161736,0.9998634457588196,0.776153028011322,0.7758675813674927,0.9990836977958679,0.000916608318220824,0.0027525261975824833,0.9999166131019592,0.8516647815704346,0.8511224985122681
107.0,2.0,0.9989553689956665,0.0010454377625137568,0.00537888566032052,0.9998654127120972,0.8171427249908447,0.8167920708656311,0.9991909861564636,0.0008091878844425082,0.003930946346372366,0.999912440776825,0.650098979473114,0.6498578786849976
107.0,3.0,0.9988948702812195,0.0011059007374569774,0.0054672276601195335,0.9998729228973389,0.7743791937828064,0.7740311026573181,0.9993224143981934,0.0006780164549127221,0.004069544840604067,0.999874472618103,0.8423031568527222,0.8420184850692749
107.0,4.0,0.9992589354515076,0.0007418132154271007,0.0034691423643380404,0.9999033808708191,0.7675337195396423,0.7672262191772461,0.9984616637229919,0.0015387521125376225,0.008493083529174328,0.9998134970664978,0.8352017998695374,0.8348188400268555
108.0,0.0,0.9989368915557861,0.0010645572328940034,0.005396184977144003,0.999866247177124,0.8073597550392151,0.8069940805435181,0.9995746612548828,0.0004253387451171875,0.002590577583760023,0.9999365210533142,0.614989697933197,0.614983081817627
108.0,1.0,0.9989727735519409,0.0010275434469804168,0.005681255832314491,0.9998635649681091,0.7761536240577698,0.7758668661117554,0.9990836977958679,0.0009165994124487042,0.0027525227051228285,0.9999165534973145,0.8516649603843689,0.8511224985122681
108.0,2.0,0.9989548325538635,0.0010454030707478523,0.005378969945013523,0.9998656511306763,0.8171424865722656,0.8167915344238281,0.9991909861564636,0.0008091758354566991,0.003931047860532999,0.9999123811721802,0.6500991582870483,0.6498580574989319
108.0,3.0,0.998894989490509,0.001105885487049818,0.005467192269861698,0.9998729228973389,0.7743783593177795,0.7740312218666077,0.9993221163749695,0.0006779921241104603,0.00406973622739315,0.9998745918273926,0.8423029184341431,0.8420186638832092
108.0,4.0,0.9992588758468628,0.0007417942397296429,0.003473424119874835,0.9999029040336609,0.7675332427024841,0.767225444316864,0.9984614253044128,0.0015387169551104307,0.008493279106914997,0.9998136162757874,0.8352017998695374,0.8348186612129211
109.0,0.0,0.998936116695404,0.0010645444272086024,0.005396437365561724,0.9998663663864136,0.8073596358299255,0.806994616985321,0.9995747804641724,0.0004253499209880829,0.0025905114598572254,0.9999365210533142,0.6149898171424866,0.6149830222129822
109.0,1.0,0.9989737272262573,0.0010275173699483275,0.005684546194970608,0.9998633861541748,0.7761534452438354,0.7758681178092957,0.9990836381912231,0.0009165963274426758,0.0027524896431714296,0.999916136264801,0.8516647815704346,0.8511226177215576
109.0,2.0,0.998956024646759,0.0010453900322318077,0.005379059351980686,0.9998652935028076,0.8171428442001343,0.8167924880981445,0.9991912245750427,0.0008091689669527113,0.003931105136871338,0.9999128580093384,0.6500989198684692,0.649857759475708
109.0,3.0,0.9988951086997986,0.0011058556847274303,0.00546720065176487,0.9998728036880493,0.7743785381317139,0.7740312218666077,0.9993223547935486,0.0006779826362617314,0.0040697674266994,0.999874472618103,0.8423032164573669,0.8420185446739197
109.0,4.0,0.9992584586143494,0.0007417721790261567,0.003469162853434682,0.9999033212661743,0.7675336003303528,0.7672259211540222,0.9984618425369263,0.0015386822633445263,0.008493076078593731,0.9998140335083008,0.8352022171020508,0.8348186016082764
110.0,0.0,0.9989362359046936,0.0010645192814990878,0.0053966413252055645,0.9998668432235718,0.8073599338531494,0.8069950342178345,0.9995749592781067,0.0004253255610819906,0.00259030656889081,0.9999366998672485,0.6149898171424866,0.6149829626083374
110.0,1.0,0.9989727139472961,0.0010274936212226748,0.005681146867573261,0.9998635053634644,0.7761533856391907,0.7758674025535583,0.9990835189819336,0.0009165746159851551,0.002752077765762806,0.999916136264801,0.8516649603843689,0.8511223793029785
110.0,2.0,0.9989555478096008,0.0010453651193529367,0.005378432106226683,0.9998650550842285,0.8171431422233582,0.8167923092842102,0.9991911053657532,0.0008091604104265571,0.003931047860532999,0.999912440776825,0.6500990986824036,0.6498578190803528
110.0,3.0,0.998894989490509,0.0011058287927880883,0.005466527305543423,0.9998732805252075,0.7743785381317139,0.7740311026573181,0.999322772026062,0.0006779592949897051,0.004069813061505556,0.9998745918273926,0.8423029780387878,0.8420184254646301
110.0,4.0,0.9992591142654419,0.0007417674642056227,0.0034729072358459234,0.9999033212661743,0.7675327062606812,0.7672253847122192,0.9984618425369263,0.0015386443119496107,0.008493651635944843,0.9998142719268799,0.8352016806602478,0.8348188996315002
111.0,0.0,0.9989367127418518,0.0010644961148500443,0.0053970906883478165,0.9998663663864136,0.807359516620636,0.8069944381713867,0.9995747208595276,0.0004253066435921937,0.0025902825873345137,0.9999367594718933,0.6149897575378418,0.6149830222129822
111.0,1.0,0.9989725351333618,0.0010274741798639297,0.005680653732270002,0.9998633861541748,0.7761535048484802,0.7758669257164001,0.9990838170051575,0.0009165698429569602,0.002752542495727539,0.9999163746833801,0.8516650199890137,0.8511226177215576
111.0,2.0,0.9989556074142456,0.0010453375289216638,0.005379613023251295,0.9998655319213867,0.8171426057815552,0.8167913556098938,0.9991912245750427,0.0008091576746664941,0.003931081388145685,0.9999130964279175,0.650098979473114,0.6498576402664185
111.0,3.0,0.9988949298858643,0.0011058193631470203,0.005467244889587164,0.9998733401298523,0.7743789553642273,0.774031400680542,0.9993223547935486,0.0006779368850402534,0.0040695504285395145,0.9998745918273926,0.8423030972480774,0.8420184254646301
111.0,4.0,0.9992586970329285,0.0007417502347379923,0.003472827607765794,0.999902606010437,0.7675334811210632,0.7672259211540222,0.998461902141571,0.0015386177692562342,0.008493304252624512,0.9998143315315247,0.8352016806602478,0.8348181843757629
112.0,0.0,0.998936116695404,0.0010644777212291956,0.005396607331931591,0.9998669624328613,0.8073599934577942,0.8069946765899658,0.9995748996734619,0.00042531953658908606,0.002590473275631666,0.9999366402626038,0.6149898171424866,0.614983081817627
112.0,1.0,0.9989739060401917,0.0010274499654769897,0.005683832336217165,0.9998628497123718,0.776153564453125,0.7758674025535583,0.9990836977958679,0.0009165541850961745,0.0027528151404112577,0.9999164938926697,0.8516651391983032,0.8511225581169128
112.0,2.0,0.9989562034606934,0.0010453190188854933,0.005379334092140198,0.9998646974563599,0.8171427845954895,0.8167924284934998,0.999191164970398,0.0008091439958661795,0.0039313845336437225,0.999912679195404,0.6500990390777588,0.6498580574989319
112.0,3.0,0.9988951086997986,0.001105796662159264,0.005466801580041647,0.9998725056648254,0.7743785977363586,0.7740310430526733,0.9993224143981934,0.0006779212271794677,0.004070166032761335,0.9998741745948792,0.8423030376434326,0.842018723487854
112.0,4.0,0.999258816242218,0.0007417378365062177,0.0034731258638203144,0.9999027848243713,0.7675332427024841,0.7672256231307983,0.998461902141571,0.0015385783044621348,0.008494182489812374,0.9998146891593933,0.8352025151252747,0.8348190784454346
113.0,0.0,0.9989362359046936,0.0010644493158906698,0.005397256463766098,0.9998674392700195,0.8073596954345703,0.8069943785667419,0.9995748996734619,0.00042526022298261523,0.0025905082002282143,0.9999366998672485,0.6149898171424866,0.6149830222129822
113.0,1.0,0.998974084854126,0.0010274326195940375,0.005684365518391132,0.9998629093170166,0.7761532068252563,0.7758672833442688,0.9990836977958679,0.0009165520896203816,0.00275261583738029,0.999916672706604,0.8516648411750793,0.8511227965354919
113.0,2.0,0.9989548921585083,0.0010453074937686324,0.005379451904445887,0.9998649954795837,0.8171431422233582,0.8167920708656311,0.9991912245750427,0.0008091354393400252,0.0039312588050961494,0.9999125003814697,0.6500990986824036,0.6498579382896423
113.0,3.0,0.9988947510719299,0.00110576709266752,0.005466720554977655,0.999872624874115,0.7743788361549377,0.7740309834480286,0.9993228912353516,0.0006779023678973317,0.0040699029341340065,0.9998742938041687,0.8423029184341431,0.842018723487854
113.0,4.0,0.9992592930793762,0.0007417320739477873,0.0034737521782517433,0.9999026656150818,0.7675336003303528,0.7672256827354431,0.9984616637229919,0.00153855059761554,0.008494035340845585,0.9998140335083008,0.8352022171020508,0.8348188996315002
114.0,0.0,0.9989363551139832,0.0010644305730238557,0.005397534929215908,0.9998675584793091,0.8073599934577942,0.8069943785667419,0.9995747208595276,0.00042526997276581824,0.0025904749054461718,0.9999368190765381,0.6149897575378418,0.6149829626083374
114.0,1.0,0.9989733695983887,0.0010274153901264071,0.0056847454980015755,0.9998637437820435,0.7761539220809937,0.7758678197860718,0.999083399772644,0.0009165393421426415,0.002752468688413501,0.9999163150787354,0.8516648411750793,0.8511227369308472
114.0,2.0,0.9989556670188904,0.0010452766437083483,0.00537863839417696,0.9998660087585449,0.8171427249908447,0.8167921900749207,0.9991908073425293,0.0008091211202554405,0.0039314404129981995,0.9999129176139832,0.6500990390777588,0.6498579382896423
114.0,3.0,0.9988948702812195,0.0011057546362280846,0.005466599017381668,0.9998727440834045,0.7743791937828064,0.7740313410758972,0.9993219971656799,0.0006778755923733115,0.004070119932293892,0.999874472618103,0.8423030972480774,0.8420184850692749
114.0,4.0,0.9992596507072449,0.0007417135639116168,0.0034734460059553385,0.9999033808708191,0.7675333619117737,0.7672263979911804,0.9984616637229919,0.0015385191654786468,0.00849422998726368,0.9998149275779724,0.8352025151252747,0.8348191380500793
115.0,0.0,0.9989364743232727,0.0010644166031852365,0.00539706414565444,0.9998674392700195,0.8073603510856628,0.8069943189620972,0.9995747804641724,0.00042524992022663355,0.0025907205417752266,0.9999369382858276,0.6149898171424866,0.6149832010269165
115.0,1.0,0.9989727139472961,0.001027364982292056,0.0056846532970666885,0.9998637437820435,0.776153028011322,0.7758673429489136,0.9990838170051575,0.0009165231604129076,0.002752938074991107,0.9999164938926697,0.8516650199890137,0.8511225581169128
115.0,2.0,0.998954713344574,0.0010452669812366366,0.005379973445087671,0.9998656511306763,0.817143440246582,0.8167914152145386,0.9991912245750427,0.0008091141353361309,0.003931310493499041,0.9999122619628906,0.650098979473114,0.6498581767082214
115.0,3.0,0.998894989490509,0.0011057431111112237,0.005466777831315994,0.9998723268508911,0.7743784785270691,0.7740309238433838,0.999322772026062,0.0006778579554520547,0.004069981165230274,0.9998747110366821,0.8423030376434326,0.8420186042785645
115.0,4.0,0.999259352684021,0.0007416916778311133,0.0034734385553747416,0.9999029040336609,0.7675336003303528,0.7672263383865356,0.9984620213508606,0.0015384878497570753,0.008493875153362751,0.9998144507408142,0.8352022767066956,0.8348188996315002
116.0,0.0,0.998936116695404,0.001064394018612802,0.005396934691816568,0.9998664855957031,0.8073599934577942,0.8069946765899658,0.9995746612548828,0.00042526022298261523,0.00259060924872756,0.9999366402626038,0.614989697933197,0.6149830222129822
116.0,1.0,0.998973548412323,0.0010273607913404703,0.005684588570147753,0.9998630881309509,0.7761533856391907,0.7758674621582031,0.9990835189819336,0.0009165246738120914,0.002752687083557248,0.9999162554740906,0.8516649603843689,0.8511225581169128
116.0,2.0,0.9989548921585083,0.001045223674736917,0.005379627924412489,0.9998654723167419,0.8171431422233582,0.8167917728424072,0.9991909861564636,0.0008091028430499136,0.0039314208552241325,0.9999128580093384,0.650098979473114,0.6498579382896423
116.0,3.0,0.9988945126533508,0.0011057239025831223,0.005467010196298361,0.9998733997344971,0.7743788361549377,0.7740311026573181,0.9993223547935486,0.0006778459064662457,0.0040696850046515465,0.9998745918273926,0.842303454875946,0.8420189619064331
116.0,4.0,0.9992591142654419,0.0007416881271637976,0.0034727342426776886,0.99990314245224,0.7675334215164185,0.7672256827354431,0.9984616637229919,0.0015384550206363201,0.008494323119521141,0.9998146891593933,0.8352029919624329,0.8348187208175659
117.0,0.0,0.9989364743232727,0.0010643766727298498,0.005397496744990349,0.9998663663864136,0.8073599934577942,0.8069950938224792,0.9995747208595276,0.0004252659564372152,0.002590624848380685,0.9999369978904724,0.6149898171424866,0.6149831414222717
117.0,1.0,0.9989736676216125,0.0010273371590301394,0.005681880284100771,0.99986332654953,0.7761535048484802,0.7758672833442688,0.9990836381912231,0.0009165003430098295,0.002752098487690091,0.9999163746833801,0.8516649603843689,0.8511227965354919
117.0,2.0,0.9989556074142456,0.0010452116839587688,0.005379213485866785,0.9998651146888733,0.8171437382698059,0.8167928457260132,0.9991913437843323,0.0008091015624813735,0.003931183367967606,0.9999125003814697,0.6500989198684692,0.6498579978942871
117.0,3.0,0.9988953471183777,0.0011057010851800442,0.0054631722159683704,0.9998728036880493,0.7743790745735168,0.7740316390991211,0.9993224143981934,0.0006778230308555067,0.004069218877702951,0.9998742938041687,0.8423031568527222,0.8420189023017883
117.0,4.0,0.9992581605911255,0.0007416677544824779,0.003472798503935337,0.9999037384986877,0.7675328850746155,0.767225980758667,0.9984616637229919,0.0015384237049147487,0.008493280038237572,0.9998144507408142,0.8352022767066956,0.8348194360733032
118.0,0.0,0.9989368915557861,0.0010643535060808063,0.005396546330302954,0.9998669624328613,0.8073597550392151,0.8069947957992554,0.9995747208595276,0.00042523443698883057,0.002590697491541505,0.9999367594718933,0.6149898171424866,0.6149831414222717
118.0,1.0,0.9989734888076782,0.0010273137595504522,0.005681870970875025,0.9998632073402405,0.7761536240577698,0.7758673429489136,0.9990837574005127,0.0009164968505501747,0.0027529089711606503,0.9999166131019592,0.8516649603843689,0.8511225581169128
118.0,2.0,0.9989556074142456,0.0010451946873217821,0.005379322450608015,0.9998645186424255,0.8171431422233582,0.816792368888855,0.9991916418075562,0.0008090866613201797,0.00393169978633523,0.999912440776825,0.650098979473114,0.6498579382896423
118.0,3.0,0.9988947510719299,0.0011056852526962757,0.005467293784022331,0.999872624874115,0.7743794322013855,0.7740311622619629,0.9993228912353516,0.000677802599966526,0.004069983493536711,0.9998744130134583,0.8423031568527222,0.8420186638832092
118.0,4.0,0.9992591738700867,0.0007416517473757267,0.00347323389723897,0.99990314245224,0.767534077167511,0.767225980758667,0.998461902141571,0.0015383927384391427,0.008494497276842594,0.9998140335083008,0.8352025151252747,0.8348188996315002
119.0,0.0,0.9989365935325623,0.001064335461705923,0.0053970846347510815,0.9998667240142822,0.8073599934577942,0.8069946765899658,0.9995747208595276,0.0004252355720382184,0.0025909345131367445,0.9999368190765381,0.614989697933197,0.6149831414222717
119.0,1.0,0.9989730715751648,0.001027300488203764,0.005685029085725546,0.9998636841773987,0.7761536240577698,0.7758674025535583,0.9990834593772888,0.0009164788061752915,0.0027533466927707195,0.9999163746833801,0.8516648411750793,0.8511224985122681
119.0,2.0,0.9989556670188904,0.0010451574344187975,0.005379534792155027,0.9998655915260315,0.8171432614326477,0.8167919516563416,0.999191403388977,0.0008090683841146529,0.003913654014468193,0.999912440776825,0.6500990986824036,0.649857759475708
119.0,3.0,0.9988948702812195,0.0011056677903980017,0.005467393435537815,0.9998735785484314,0.7743786573410034,0.7740311622619629,0.9993226528167725,0.0006777780363336205,0.0040702517144382,0.9998742938041687,0.8423029780387878,0.8420190215110779
119.0,4.0,0.9992594122886658,0.0007416489534080029,0.003473425516858697,0.9999038577079773,0.7675339579582214,0.7672262191772461,0.9984617829322815,0.001538364333100617,0.008494696579873562,0.9998145699501038,0.8352025151252747,0.8348190784454346
120.0,0.0,0.9989368915557861,0.0010642652632668614,0.005397461820393801,0.9998667240142822,0.8073599934577942,0.8069947361946106,0.9995749592781067,0.00042518629925325513,0.0025907435920089483,0.9999366402626038,0.614989697933197,0.6149830222129822
120.0,1.0,0.998974084854126,0.0010271957144141197,0.0056851087138056755,0.999863862991333,0.7761538624763489,0.7758680582046509,0.999083399772644,0.0009164692601189017,0.0027530058287084103,0.999916672706604,0.8516650795936584,0.8511225581169128
120.0,2.0,0.9989556074142456,0.0010450683766975999,0.005379838868975639,0.9998654723167419,0.8171430826187134,0.8167921900749207,0.9991914629936218,0.0008090549963526428,0.003931759856641293,0.999912440776825,0.6500990390777588,0.6498578786849976
120.0,3.0,0.9988958239555359,0.0011055669747292995,0.005467629991471767,0.9998732209205627,0.7743791937828064,0.7740314602851868,0.9993231296539307,0.0006777658709324896,0.004070333670824766,0.9998747110366821,0.8423032164573669,0.8420190215110779
120.0,4.0,0.9992592930793762,0.0007415355648845434,0.003473511664196849,0.9999035596847534,0.7675337195396423,0.7672259211540222,0.9984614253044128,0.0015383627032861114,0.008494645357131958,0.999814510345459,0.8352027535438538,0.8348186016082764
121.0,0.0,0.9989367723464966,0.0010642698034644127,0.005394188687205315,0.9998667240142822,0.8073602914810181,0.806995153427124,0.9995749592781067,0.00042520463466644287,0.0025907522067427635,0.9999367594718933,0.6149897575378418,0.6149831414222717
121.0,1.0,0.9989739656448364,0.0010271925712004304,0.005681367125362158,0.9998635053634644,0.7761534452438354,0.775867760181427,0.9990840554237366,0.0009164681541733444,0.0027529976796358824,0.9999163746833801,0.8516648411750793,0.8511224389076233
121.0,2.0,0.9989558458328247,0.0010450656991451979,0.005379787180572748,0.9998655915260315,0.8171433806419373,0.8167925477027893,0.9991909861564636,0.0008090594783425331,0.003931721206754446,0.9999125003814697,0.6500989198684692,0.649857759475708
121.0,3.0,0.9988951683044434,0.0011055658105760813,0.005467591341584921,0.9998729825019836,0.7743792533874512,0.7740315198898315,0.9993228912353516,0.0006777674425393343,0.004070226568728685,0.999874472618103,0.8423032164573669,0.8420186042785645
121.0,4.0,0.9992594122886658,0.0007415363215841353,0.0034734669607132673,0.9999039769172668,0.7675336599349976,0.7672261595726013,0.9984621405601501,0.001538364915177226,0.008494575507938862,0.9998137354850769,0.8352029323577881,0.8348188996315002
122.0,0.0,0.9989367127418518,0.0010642670094966888,0.005397378001362085,0.9998667240142822,0.8073595762252808,0.8069950342178345,0.9995747804641724,0.0004251943319104612,0.002590708900243044,0.9999365210533142,0.614989697933197,0.614983081817627
122.0,1.0,0.9989736080169678,0.0010271937353536487,0.005681429989635944,0.9998635649681091,0.776153564453125,0.7758675813674927,0.9990836977958679,0.0009164612856693566,0.0027529816143214703,0.9999163746833801,0.8516650199890137,0.8511224389076233
122.0,2.0,0.9989556670188904,0.001045060926117003,0.005379784852266312,0.9998653531074524,0.8171433210372925,0.8167933225631714,0.999191164970398,0.0008090577321127057,0.003931752406060696,0.9999127388000488,0.6500992178916931,0.649857759475708
122.0,3.0,0.998894989490509,0.0011055684881284833,0.005463764071464539,0.9998730421066284,0.7743790149688721,0.7740311622619629,0.9993230104446411,0.0006777646485716105,0.004070242401212454,0.9998745918273926,0.8423032164573669,0.8420189619064331
122.0,4.0,0.9992591142654419,0.0007415395812131464,0.0034689977765083313,0.9999033212661743,0.7675336599349976,0.7672261595726013,0.9984623789787292,0.0015383654972538352,0.008494527079164982,0.9998140335083008,0.8352025151252747,0.8348191380500793
123.0,0.0,0.9989364743232727,0.001064266893081367,0.005394075531512499,0.9998667240142822,0.8073603510856628,0.806994616985321,0.9995747804641724,0.0004252155194990337,0.0025907184462994337,0.9999364614486694,0.614989697933197,0.6149831414222717
123.0,1.0,0.9989733695983887,0.0010271900100633502,0.005681357812136412,0.9998635053634644,0.7761535048484802,0.7758679986000061,0.9990837574005127,0.0009164584917016327,0.002752923406660557,0.9999160170555115,0.8516650795936584,0.8511226177215576
123.0,2.0,0.9989550113677979,0.0010450611589476466,0.005379720591008663,0.9998655915260315,0.8171433210372925,0.8167923092842102,0.999191164970398,0.0008090558112598956,0.003913473803550005,0.999912679195404,0.6500991582870483,0.6498579382896423
123.0,3.0,0.9988951086997986,0.0011055629001930356,0.005467585753649473,0.9998731017112732,0.7743789553642273,0.7740312218666077,0.9993223547935486,0.0006777651724405587,0.004070190247148275,0.999874472618103,0.8423032164573669,0.8420184254646301
123.0,4.0,0.9992598295211792,0.0007415356812998652,0.003468940267339349,0.9999033212661743,0.7675338983535767,0.7672259211540222,0.9984618425369263,0.0015383625868707895,0.008494480513036251,0.9998143315315247,0.8352028727531433,0.8348193168640137
124.0,0.0,0.998936116695404,0.001064264215528965,0.005394072737544775,0.9998670816421509,0.8073602318763733,0.8069948554039001,0.9995748996734619,0.0004251722421031445,0.0025906837545335293,0.9999366402626038,0.6149897575378418,0.6149831414222717
124.0,1.0,0.9989737272262573,0.0010271898936480284,0.00568128889426589,0.9998638033866882,0.7761541604995728,0.7758679986000061,0.9990835189819336,0.0009164633811451495,0.002752853324636817,0.9999162554740906,0.8516650795936584,0.8511225581169128
124.0,2.0,0.9989557266235352,0.0010450641857460141,0.005379652604460716,0.9998653531074524,0.8171431422233582,0.8167924284934998,0.999191164970398,0.0008090561022982001,0.003931681625545025,0.9999126195907593,0.6500990390777588,0.6498581171035767
124.0,3.0,0.9988954067230225,0.00110556127037853,0.005463659297674894,0.9998727440834045,0.7743791341781616,0.774031400680542,0.999322772026062,0.0006777645321562886,0.0040701585821807384,0.999874472618103,0.8423029780387878,0.8420187830924988
124.0,4.0,0.9992586970329285,0.0007415332947857678,0.0034733943175524473,0.9999030828475952,0.7675337195396423,0.7672259211540222,0.9984620809555054,0.0015383617719635367,0.008494477719068527,0.9998146891593933,0.8352029323577881,0.8348188996315002
125.0,0.0,0.9989363551139832,0.0010642627021297812,0.005397300235927105,0.9998668432235718,0.8073599338531494,0.8069945573806763,0.9995748996734619,0.00042520606075413525,0.0025906958617269993,0.9999366998672485,0.614989697933197,0.6149831414222717
125.0,1.0,0.9989736080169678,0.0010271873325109482,0.005681284237653017,0.9998639822006226,0.7761538028717041,0.7758675813674927,0.9990840554237366,0.0009164594812318683,0.002752836560830474,0.9999161958694458,0.8516648411750793,0.8511223793029785
125.0,2.0,0.9989561438560486,0.0010450580157339573,0.0053795878775417805,0.9998654723167419,0.817143440246582,0.8167928457260132,0.9991909265518188,0.0008090538904070854,0.0039316751062870026,0.9999130964279175,0.6500990986824036,0.6498579382896423
125.0,3.0,0.9988951086997986,0.0011055629001930356,0.0054674516431987286,0.9998728036880493,0.7743791937828064,0.774031400680542,0.999322772026062,0.0006777649978175759,0.00407009944319725,0.9998747110366821,0.8423030376434326,0.8420189023017883
125.0,4.0,0.9992601275444031,0.0007415329455398023,0.003468874143436551,0.9999033212661743,0.7675334811210632,0.7672263383865356,0.9984617829322815,0.0015383587451651692,0.008494350127875805,0.9998145699501038,0.8352026343345642,0.8348191976547241
126.0,0.0,0.9989363551139832,0.001064262934960425,0.005397207103669643,0.9998661279678345,0.8073595762252808,0.8069948554039001,0.9995749592781067,0.00042517081601545215,0.002590646268799901,0.9999367594718933,0.6149897575378418,0.6149832010269165
126.0,1.0,0.9989743232727051,0.001027190126478672,0.005684872157871723,0.9998635649681091,0.7761536240577698,0.77586829662323,0.9990836977958679,0.0009164646617136896,0.002752776723355055,0.9999167323112488,0.8516649603843689,0.8511224985122681
126.0,2.0,0.9989558458328247,0.0010450597619637847,0.00537952221930027,0.9998654127120972,0.817143440246582,0.8167927861213684,0.9991913437843323,0.000809060875326395,0.003931713756173849,0.9999126195907593,0.6500990390777588,0.6498578190803528
126.0,3.0,0.9988958835601807,0.0011055595241487026,0.005467376206070185,0.9998733997344971,0.7743787169456482,0.7740315198898315,0.9993230104446411,0.0006777626113034785,0.004070011433213949,0.9998745918273926,0.8423030972480774,0.8420189023017883
126.0,4.0,0.9992596507072449,0.0007415318978019059,0.003473301650956273,0.9999037981033325,0.7675337195396423,0.7672260999679565,0.9984614253044128,0.001538358279503882,0.008494269102811813,0.9998142123222351,0.8352026343345642,0.8348194360733032
127.0,0.0,0.9989371299743652,0.0010642624692991376,0.00539390929043293,0.9998663663864136,0.8073599934577942,0.8069949150085449,0.9995750784873962,0.00042519374983385205,0.0025906527880579233,0.9999369382858276,0.6149897575378418,0.6149831414222717
127.0,1.0,0.998974084854126,0.0010271891951560974,0.005684732925146818,0.9998632669448853,0.7761533260345459,0.7758678197860718,0.9990836381912231,0.0009164664661511779,0.0027527024503797293,0.9999164938926697,0.8516649603843689,0.8511224985122681
127.0,2.0,0.9989557266235352,0.0010450570844113827,0.005379559006541967,0.9998655915260315,0.8171430826187134,0.8167927265167236,0.9991912245750427,0.0008090639021247625,0.003931648563593626,0.9999126195907593,0.650098979473114,0.6498579382896423
127.0,3.0,0.9988954663276672,0.0011055615032091737,0.0054673501290380955,0.9998733401298523,0.7743791937828064,0.7740314602851868,0.9993226528167725,0.000677761621773243,0.004070074763149023,0.9998744130134583,0.8423032760620117,0.8420190215110779
127.0,4.0,0.9992591738700867,0.0007415346335619688,0.0034732806961983442,0.9999033212661743,0.7675336599349976,0.7672268152236938,0.9984617829322815,0.0015383550198748708,0.00849422812461853,0.9998148083686829,0.8352029323577881,0.8348191380500793
128.0,0.0,0.9989376068115234,0.0010642621200531721,0.005397123284637928,0.9998666048049927,0.8073607683181763,0.8069943189620972,0.9995747804641724,0.000425179983722046,0.0025906709488481283,0.9999364614486694,0.6149897575378418,0.6149831414222717
128.0,1.0,0.9989732503890991,0.0010271919891238213,0.00568486237898469,0.9998639822006226,0.7761533260345459,0.7758676409721375,0.9990837574005127,0.0009164565126411617,0.0027527795173227787,0.999916136264801,0.8516650199890137,0.8511227369308472
128.0,2.0,0.9989555478096008,0.001045055571012199,0.005379567388445139,0.9998657703399658,0.817143440246582,0.816792368888855,0.9991908073425293,0.0008090616902336478,0.003931678365916014,0.999912679195404,0.650098979473114,0.6498579382896423
128.0,3.0,0.9988953471183777,0.0011055635986849666,0.00546740647405386,0.9998729228973389,0.7743796110153198,0.7740309238433838,0.999322772026062,0.0006777623784728348,0.00407011853531003,0.9998748302459717,0.8423032164573669,0.8420185446739197
128.0,4.0,0.9992596507072449,0.0007415330619551241,0.0034733302891254425,0.9999035596847534,0.7675336599349976,0.7672266960144043,0.998461902141571,0.0015383544377982616,0.008494295179843903,0.9998143315315247,0.8352027535438538,0.8348186612129211
129.0,0.0,0.998936116695404,0.001064262818545103,0.005397219676524401,0.9998669624328613,0.8073599934577942,0.8069952726364136,0.9995746612548828,0.00042519831913523376,0.002590702148154378,0.9999367594718933,0.6149897575378418,0.6149831414222717
129.0,1.0,0.998974084854126,0.001027189544402063,0.005684794392436743,0.9998635053634644,0.7761538624763489,0.7758674621582031,0.9990834593772888,0.0009164548246189952,0.0027527445927262306,0.9999163150787354,0.8516649603843689,0.8511225581169128
129.0,2.0,0.9989559650421143,0.0010450533591210842,0.005379509646445513,0.9998660087585449,0.817143440246582,0.8167924880981445,0.9991911053657532,0.0008090595947578549,0.003931672777980566,0.9999123811721802,0.6500990390777588,0.6498579382896423
129.0,3.0,0.9988955855369568,0.0011055617360398173,0.005467353854328394,0.999872624874115,0.7743789553642273,0.7740318179130554,0.999322772026062,0.0006777634262107313,0.004070008639246225,0.9998744130134583,0.8423031568527222,0.8420187830924988
129.0,4.0,0.9992591142654419,0.0007415315485559404,0.003473354270681739,0.9999036192893982,0.7675338387489319,0.7672264575958252,0.9984616637229919,0.001538352225907147,0.008494318462908268,0.9998147487640381,0.8352027535438538,0.8348188996315002
130.0,0.0,0.998936116695404,0.0010642624692991376,0.005397198721766472,0.9998672008514404,0.8073602914810181,0.8069950938224792,0.9995747208595276,0.0004251997743267566,0.0025906849186867476,0.9999366402626038,0.614989697933197,0.6149830222129822
130.0,1.0,0.9989734292030334,0.0010271855862811208,0.005681231617927551,0.9998634457588196,0.7761536240577698,0.7758672833442688,0.9990835189819336,0.0009164594812318683,0.002752761822193861,0.9999167323112488,0.8516650199890137,0.8511223793029785
130.0,2.0,0.9989555478096008,0.0010450526606291533,0.005379584617912769,0.9998654127120972,0.817143440246582,0.8167919516563416,0.9991911053657532,0.0008090591290965676,0.003913451451808214,0.9999126195907593,0.6500990390777588,0.6498578786849976
130.0,3.0,0.998894989490509,0.0011055588256567717,0.0054673971608281136,0.9998728632926941,0.7743791341781616,0.7740312218666077,0.9993228912353516,0.0006777603994123638,0.00407011853531003,0.9998744130134583,0.8423032760620117,0.8420189023017883
130.0,4.0,0.9992588758468628,0.000741532479878515,0.0034733193460851908,0.999904453754425,0.7675334215164185,0.7672265768051147,0.9984620213508606,0.0015383518766611814,0.00849426444619894,0.999813973903656,0.8352028727531433,0.8348191976547241
131.0,0.0,0.9989362359046936,0.0010642634006217122,0.0053971982561051846,0.9998668432235718,0.8073602318763733,0.806995153427124,0.9995750784873962,0.00042518688132986426,0.002590680029243231,0.9999367594718933,0.614989697933197,0.6149830222129822
131.0,1.0,0.9989732503890991,0.0010271845385432243,0.0056848069652915,0.9998638033866882,0.7761534452438354,0.775867760181427,0.9990839958190918,0.0009164618677459657,0.0027527452912181616,0.999916672706604,0.8516650199890137,0.8511224389076233
131.0,2.0,0.9989559650421143,0.0010450546396896243,0.005379555281251669,0.9998655319213867,0.817143440246582,0.8167927265167236,0.9991913437843323,0.000809060875326395,0.003931685350835323,0.999912679195404,0.650098979473114,0.6498580574989319
131.0,3.0,0.9988952875137329,0.0011055569630116224,0.005463557783514261,0.9998716115951538,0.7743790149688721,0.7740318775177002,0.9993224143981934,0.0006777623202651739,0.004070078022778034,0.9998745918273926,0.8423030972480774,0.8420190811157227
131.0,4.0,0.9992600083351135,0.0007415323052555323,0.003473315853625536,0.9999037384986877,0.7675334811210632,0.767225980758667,0.9984622597694397,0.0015383479185402393,0.008494261652231216,0.9998142719268799,0.8352025151252747,0.8348190784454346
132.0,0.0,0.9989372491836548,0.0010642585111781955,0.0053939116187393665,0.9998669624328613,0.8073599934577942,0.8069943189620972,0.9995747804641724,0.00042519575799815357,0.0025906723458319902,0.9999366998672485,0.6149898171424866,0.6149830222129822
132.0,1.0,0.9989741444587708,0.0010271838400512934,0.005681187380105257,0.9998635649681091,0.7761536836624146,0.7758676409721375,0.9990840554237366,0.0009164573857560754,0.002752726897597313,0.9999165534973145,0.8516650795936584,0.8511227369308472
132.0,2.0,0.9989559650421143,0.0010450539411976933,0.005379572510719299,0.9998658299446106,0.8171437978744507,0.8167924880981445,0.999191164970398,0.0008090591290965676,0.0039316522888839245,0.999912679195404,0.6500990390777588,0.6498580574989319
132.0,3.0,0.9988945126533508,0.001105555915273726,0.005467378068715334,0.9998729825019836,0.774379312992096,0.7740316390991211,0.9993226528167725,0.0006777591770514846,0.004070176277309656,0.9998745918273926,0.8423031568527222,0.8420184254646301
132.0,4.0,0.9992602467536926,0.0007415290456265211,0.0034689216408878565,0.9999036192893982,0.7675338387489319,0.7672261595726013,0.9984620213508606,0.001538346754387021,0.008494298905134201,0.9998140931129456,0.8352029919624329,0.834818959236145
133.0,0.0,0.9989364743232727,0.001064257463440299,0.005393916741013527,0.9998663663864136,0.807360053062439,0.8069943785667419,0.9995749592781067,0.00042519604903645813,0.0025906753726303577,0.9999366402626038,0.6149897575378418,0.614983081817627
133.0,1.0,0.9989736676216125,0.0010271858191117644,0.005681195762008429,0.999862790107727,0.7761538624763489,0.7758684158325195,0.9990836977958679,0.000916456978302449,0.0027527445927262306,0.9999161958694458,0.8516650199890137,0.8511225581169128
133.0,2.0,0.9989557862281799,0.001045052893459797,0.005379563197493553,0.9998661279678345,0.8171434998512268,0.8167924284934998,0.9991911053657532,0.0008090570918284357,0.003913410939276218,0.9999130964279175,0.6500990986824036,0.6498579382896423
133.0,3.0,0.9988953471183777,0.0011055510258302093,0.005463496781885624,0.9998724460601807,0.7743791937828064,0.7740315198898315,0.9993228912353516,0.0006777599337510765,0.004070040304213762,0.9998745918273926,0.8423032760620117,0.8420190215110779
133.0,4.0,0.9992595314979553,0.0007415285799652338,0.0034688713494688272,0.9999032616615295,0.7675336003303528,0.7672260999679565,0.9984621405601501,0.0015383451245725155,0.008494220674037933,0.9998144507408142,0.8352026343345642,0.834818422794342
134.0,0.0,0.9989367127418518,0.0010642571141943336,0.005393880885094404,0.9998674392700195,0.807360053062439,0.8069948554039001,0.9995747208595276,0.00042517969268374145,0.002590679097920656,0.9999365210533142,0.6149897575378418,0.6149831414222717
134.0,1.0,0.9989737272262573,0.0010271855862811208,0.005681112874299288,0.9998633861541748,0.7761538624763489,0.7758680582046509,0.9990838766098022,0.0009164580842480063,0.0027527210768312216,0.9999166131019592,0.8516650795936584,0.8511224985122681
134.0,2.0,0.9989556074142456,0.0010450538247823715,0.005379462614655495,0.9998658299446106,0.8171432614326477,0.8167927265167236,0.999191164970398,0.0008090629708021879,0.003931676968932152,0.9999125003814697,0.6500992178916931,0.6498579382896423
134.0,3.0,0.9988951683044434,0.0011055548675358295,0.005463471636176109,0.9998731017112732,0.7743786573410034,0.7740309238433838,0.9993232488632202,0.0006777617381885648,0.004070115275681019,0.9998748302459717,0.8423030972480774,0.842018723487854
134.0,4.0,0.9992595911026001,0.000741532479878515,0.003468843875452876,0.9999033212661743,0.7675339579582214,0.7672263383865356,0.9984624981880188,0.0015383429126814008,0.008494174107909203,0.9998144507408142,0.8352027535438538,0.8348188996315002
135.0,0.0,0.9989362359046936,0.0010642559500411153,0.005393866449594498,0.9998666048049927,0.8073598742485046,0.8069943785667419,0.9995748996734619,0.00042517943074926734,0.0025906572118401527,0.9999367594718933,0.6149898171424866,0.6149830222129822
135.0,1.0,0.9989732503890991,0.0010271817445755005,0.005681093782186508,0.9998636245727539,0.7761536240577698,0.7758679986000061,0.9990838170051575,0.0009164563962258399,0.002752655651420355,0.9999166131019592,0.8516650795936584,0.8511224985122681
135.0,2.0,0.9989555478096008,0.0010450512636452913,0.005379439797252417,0.9998655319213867,0.8171433210372925,0.8167923092842102,0.9991908073425293,0.0008090613409876823,0.003913430497050285,0.9999127388000488,0.650098979473114,0.6498579382896423
135.0,3.0,0.9988946914672852,0.0011055594077333808,0.0054634627886116505,0.9998728036880493,0.7743787169456482,0.7740314602851868,0.9993226528167725,0.0006777567323297262,0.004070063587278128,0.9998747110366821,0.8423032760620117,0.8420186638832092
135.0,4.0,0.9992600083351135,0.0007415327127091587,0.0034688466694206,0.9999035000801086,0.7675338387489319,0.7672262191772461,0.9984624981880188,0.0015383438440039754,0.008494099602103233,0.9998142719268799,0.8352025151252747,0.8348193764686584
136.0,0.0,0.9989365935325623,0.001064258860424161,0.0053938101045787334,0.99986732006073,0.8073597550392151,0.8069944381713867,0.9995747208595276,0.00042517855763435364,0.0025906453374773264,0.9999367594718933,0.6149897575378418,0.6149829626083374
136.0,1.0,0.9989736080169678,0.0010271838400512934,0.005681132897734642,0.9998637437820435,0.7761533260345459,0.7758675217628479,0.9990837574005127,0.0009164595976471901,0.0027526456397026777,0.9999166131019592,0.8516650795936584,0.8511227369308472
136.0,2.0,0.9989557266235352,0.0010450526606291533,0.0053794607520103455,0.9998655915260315,0.8171438574790955,0.8167924284934998,0.9991909861564636,0.0008090607589110732,0.0039316201582551,0.999912679195404,0.6500990986824036,0.6498579978942871
136.0,3.0,0.9988952875137329,0.0011055534705519676,0.005463432986289263,0.9998729228973389,0.7743790745735168,0.7740312218666077,0.9993224143981934,0.0006777574890293181,0.004070053808391094,0.9998747110366821,0.8423030376434326,0.8420187830924988
136.0,4.0,0.9992591738700867,0.0007415303261950612,0.0034688496962189674,0.9999036192893982,0.7675338983535767,0.7672263979911804,0.9984621405601501,0.001538339420221746,0.008494071662425995,0.9998140335083008,0.8352026343345642,0.8348193168640137
137.0,0.0,0.9989364743232727,0.0010642566485330462,0.005397062283009291,0.9998668432235718,0.8073603510856628,0.8069950938224792,0.9995749592781067,0.0004251711070537567,0.0025906546507030725,0.9999366998672485,0.6149897575378418,0.6149830222129822
137.0,1.0,0.9989739656448364,0.0010271790670230985,0.0056810830719769,0.9998641610145569,0.7761539816856384,0.7758675813674927,0.9990837574005127,0.0009164605871774256,0.0027526095509529114,0.9999165534973145,0.851665198802948,0.8511224985122681
137.0,2.0,0.9989557266235352,0.0010450491681694984,0.005379310343414545,0.9998665452003479,0.8171440958976746,0.8167923092842102,0.9991911053657532,0.0008090618648566306,0.00391338299959898,0.999912679195404,0.6500990986824036,0.6498579978942871
137.0,3.0,0.9988946914672852,0.0011055506765842438,0.005463345907628536,0.9998730421066284,0.7743790745735168,0.7740313410758972,0.9993226528167725,0.0006777537055313587,0.004069757182151079,0.9998747110366821,0.8423032164573669,0.842018723487854
137.0,4.0,0.9992597699165344,0.0007415341096930206,0.0034732052590698004,0.9999035596847534,0.7675334811210632,0.7672261595726013,0.9984618425369263,0.0015383370919153094,0.008494061417877674,0.9998142123222351,0.835202693939209,0.8348190784454346
138.0,0.0,0.9989371299743652,0.0010642557172104716,0.00539376400411129,0.9998661279678345,0.8073599934577942,0.8069952130317688,0.9995750188827515,0.000425179983722046,0.0025905913207679987,0.9999366402626038,0.6149897575378418,0.614983081817627
138.0,1.0,0.9989730715751648,0.0010271758073940873,0.005681016016751528,0.9998641610145569,0.7761536836624146,0.7758675813674927,0.9990838170051575,0.0009164615767076612,0.0027525979094207287,0.9999161958694458,0.8516650795936584,0.8511224389076233
138.0,2.0,0.9989548921585083,0.0010450513800606132,0.005379337351769209,0.9998654723167419,0.8171433210372925,0.8167920708656311,0.9991909861564636,0.0008090671035461128,0.003913349937647581,0.9999126195907593,0.6500992178916931,0.649857759475708
138.0,3.0,0.9988953471183777,0.0011055534705519676,0.005467173643410206,0.9998729825019836,0.7743791937828064,0.7740309834480286,0.9993225336074829,0.0006777527160011232,0.004069954622536898,0.9998754262924194,0.8423030972480774,0.8420189023017883
138.0,4.0,0.9992591142654419,0.0007415204308927059,0.00346874026581645,0.9999030232429504,0.7675333619117737,0.7672261595726013,0.9984616041183472,0.0015383354621008039,0.008494039997458458,0.9998140931129456,0.8352024555206299,0.8348188996315002
139.0,0.0,0.9989367127418518,0.0010642524575814605,0.005393755156546831,0.9998668432235718,0.807360053062439,0.8069941401481628,0.9995750188827515,0.00042517913971096277,0.002590618096292019,0.9999368190765381,0.6149898171424866,0.6149831414222717
139.0,1.0,0.9989734888076782,0.0010271809296682477,0.005680951755493879,0.9998641014099121,0.7761538028717041,0.7758676409721375,0.9990838766098022,0.0009164639632217586,0.002752524334937334,0.9999165534973145,0.8516648411750793,0.8511225581169128
139.0,2.0,0.998955488204956,0.001045049517415464,0.005379313603043556,0.9998654723167419,0.8171430826187134,0.8167925477027893,0.9991913437843323,0.0008090659976005554,0.0039133718237280846,0.9999127388000488,0.6500991582870483,0.649857759475708
139.0,3.0,0.998894989490509,0.0011055520735681057,0.005463292822241783,0.9998729825019836,0.7743792533874512,0.7740312218666077,0.999322772026062,0.0006777546950615942,0.004069950897246599,0.9998747110366821,0.8423033356666565,0.8420189023017883
139.0,4.0,0.9992588758468628,0.000741524447221309,0.003468724200502038,0.9999040961265564,0.7675334811210632,0.7672258615493774,0.9984621405601501,0.00153833266813308,0.008493989706039429,0.9998142123222351,0.8352026343345642,0.8348182439804077
140.0,0.0,0.9989368915557861,0.0010642518755048513,0.005393768660724163,0.9998667240142822,0.8073602318763733,0.8069950342178345,0.9995748996734619,0.00042517081601545215,0.0025906001683324575,0.9999364614486694,0.6149898171424866,0.6149831414222717
140.0,1.0,0.998973548412323,0.001027178019285202,0.005681034177541733,0.99986332654953,0.7761535048484802,0.7758680582046509,0.9990835189819336,0.0009164684452116489,0.0027525341138243675,0.9999165534973145,0.851665198802948,0.8511224389076233
140.0,2.0,0.9989560842514038,0.0010450457921251655,0.005379296373575926,0.9998655915260315,0.8171432614326477,0.8167921900749207,0.999191164970398,0.0008090656483545899,0.003913386259227991,0.9999128580093384,0.6500990986824036,0.6498578190803528
140.0,3.0,0.9988949298858643,0.0011055495124310255,0.005463393870741129,0.9998728632926941,0.774378776550293,0.7740311622619629,0.999322772026062,0.000677755509968847,0.004069954622536898,0.9998747110366821,0.8423030972480774,0.8420186042785645
140.0,4.0,0.9992591738700867,0.0007415301515720785,0.003468724898993969,0.9999037981033325,0.7675333619117737,0.7672264575958252,0.9984620213508606,0.0015383322024717927,0.008493978530168533,0.9998140931129456,0.8352025151252747,0.8348194360733032
141.0,0.0,0.9989365935325623,0.001064252108335495,0.005393750499933958,0.9998670816421509,0.8073597550392151,0.8069949150085449,0.9995748996734619,0.00042517081601545215,0.0025905915535986423,0.9999366998672485,0.6149897575378418,0.6149830222129822
141.0,1.0,0.9989733695983887,0.001027176738716662,0.00568107794970274,0.9998634457588196,0.7761535048484802,0.7758673429489136,0.9990836977958679,0.0009164637885987759,0.0027525711338967085,0.9999163746833801,0.8516650199890137,0.8511224985122681
141.0,2.0,0.998955488204956,0.0010450464906170964,0.0053793503902852535,0.9998663663864136,0.8171434998512268,0.8167925477027893,0.999191164970398,0.000809063611086458,0.0039133718237280846,0.9999126195907593,0.6500990390777588,0.6498578786849976
141.0,3.0,0.9988951086997986,0.0011055564973503351,0.005463381763547659,0.9998725056648254,0.7743794322013855,0.7740316987037659,0.9993225336074829,0.0006777515518479049,0.004069969989359379,0.9998741745948792,0.8423030376434326,0.8420189619064331
141.0,4.0,0.9992597699165344,0.0007415258442051709,0.003468726994469762,0.9999037384986877,0.7675337195396423,0.7672262191772461,0.9984621405601501,0.0015383315039798617,0.008494016714394093,0.999813973903656,0.8352026343345642,0.8348191976547241
142.0,0.0,0.9989365935325623,0.0010642497800290585,0.005393739324063063,0.9998667240142822,0.8073598742485046,0.8069947361946106,0.9995749592781067,0.000425156787969172,0.002590636257082224,0.9999366998672485,0.6149898171424866,0.6149831414222717
142.0,1.0,0.9989736676216125,0.0010271755745634437,0.005680957343429327,0.9998642206192017,0.7761536836624146,0.7758675217628479,0.9990835189819336,0.0009164612856693566,0.0027525429613888264,0.9999162554740906,0.8516648411750793,0.8511224389076233
142.0,2.0,0.9989557266235352,0.0010450425324961543,0.00537931127473712,0.9998648762702942,0.8171432018280029,0.8167927265167236,0.999191403388977,0.0008090645424090326,0.003913379739969969,0.9999128580093384,0.6500992178916931,0.6498578190803528
142.0,3.0,0.9988952875137329,0.0011055453214794397,0.005463356617838144,0.9998735189437866,0.7743789553642273,0.7740314602851868,0.9993228912353516,0.0006777556845918298,0.00406982796266675,0.9998744130134583,0.8423032760620117,0.8420190215110779
142.0,4.0,0.9992595911026001,0.0007415337022393942,0.0034687111619859934,0.9999040365219116,0.7675334811210632,0.7672260999679565,0.9984621405601501,0.0015383260324597359,0.00849396176636219,0.9998140335083008,0.835202693939209,0.8348190784454346
143.0,0.0,0.998935878276825,0.0010642515262588859,0.005393749102950096,0.9998670816421509,0.8073601722717285,0.8069944381713867,0.9995748996734619,0.0004251642385497689,0.0025905934162437916,0.9999366402626038,0.6149898171424866,0.614983081817627
143.0,1.0,0.9989739656448364,0.0010271768551319838,0.0056809596717357635,0.9998646974563599,0.7761536836624146,0.7758672833442688,0.9990831613540649,0.0009164635557681322,0.002752462634816766,0.9999159574508667,0.8516649603843689,0.8511224985122681
143.0,2.0,0.9989560842514038,0.0010450428817421198,0.005379252601414919,0.9998654723167419,0.8171435594558716,0.8167931437492371,0.999191164970398,0.0008090632618404925,0.003913350868970156,0.9999125003814697,0.6500990986824036,0.6498578786849976
143.0,3.0,0.9988947510719299,0.0011055483482778072,0.005463292356580496,0.9998728632926941,0.7743794918060303,0.7740307450294495,0.9993225336074829,0.0006777524831704795,0.004069862887263298,0.9998747110366821,0.8423030376434326,0.8420189619064331
143.0,4.0,0.9992592930793762,0.0007415269501507282,0.0034686976578086615,0.9999033808708191,0.7675337195396423,0.767225980758667,0.9984620809555054,0.0015383298741653562,0.008493960835039616,0.999813973903656,0.8352028727531433,0.8348191976547241
144.0,0.0,0.9989364743232727,0.0010642524575814605,0.005393715109676123,0.99986732006073,0.8073601126670837,0.8069946765899658,0.9995749592781067,0.00042517768451943994,0.002590562915429473,0.9999367594718933,0.6149898171424866,0.614983081817627
144.0,1.0,0.9989733099937439,0.001027173944748938,0.005681025795638561,0.9998635053634644,0.7761536240577698,0.7758670449256897,0.9990836977958679,0.000916454300750047,0.0027525092009454966,0.9999167323112488,0.8516647815704346,0.8511223793029785
144.0,2.0,0.9989556074142456,0.001045044045895338,0.0053792535327374935,0.9998654723167419,0.8171435594558716,0.8167919516563416,0.9991915822029114,0.0008090651826933026,0.003913316875696182,0.999912440776825,0.6500990986824036,0.6498578786849976
144.0,3.0,0.9988952875137329,0.0011055454378947616,0.0054632872343063354,0.999872624874115,0.7743791937828064,0.774031400680542,0.9993226528167725,0.0006777525995858014,0.00406986428424716,0.9998747110366821,0.8423032760620117,0.8420189619064331
144.0,4.0,0.9992590546607971,0.0007415243308059871,0.0034686874132603407,0.9999037384986877,0.7675338983535767,0.767225980758667,0.9984622597694397,0.0015383281279355288,0.00849392730742693,0.9998148083686829,0.8352027535438538,0.8348188400268555
145.0,0.0,0.9989368915557861,0.0010642498964443803,0.00539364805445075,0.9998676776885986,0.8073601126670837,0.8069950342178345,0.9995747208595276,0.0004251885984558612,0.0025905705988407135,0.9999368190765381,0.6149897575378418,0.6149830222129822
145.0,1.0,0.9989736080169678,0.0010271730134263635,0.005680964794009924,0.9998633861541748,0.7761532068252563,0.775867760181427,0.9990838170051575,0.0009164517978206277,0.00275245844386518,0.9999162554740906,0.8516647219657898,0.8511227369308472
145.0,2.0,0.9989557266235352,0.0010450377594679594,0.005379243288189173,0.9998655319213867,0.817142903804779,0.8167917132377625,0.999191164970398,0.0008090654737316072,0.003913329914212227,0.9999125003814697,0.6500990390777588,0.6498578190803528
145.0,3.0,0.9988960027694702,0.001105547766201198,0.005463280715048313,0.999872088432312,0.7743791937828064,0.774031937122345,0.9993228912353516,0.0006777539383620024,0.004069862421602011,0.9998745918273926,0.8423032164573669,0.8420187830924988
145.0,4.0,0.9992586374282837,0.0007415239815600216,0.003468708600848913,0.99990314245224,0.7675338387489319,0.7672256231307983,0.9984613656997681,0.0015383264981210232,0.008493964560329914,0.9998144507408142,0.8352029919624329,0.8348188400268555
146.0,0.0,0.9989363551139832,0.0010642519919201732,0.005393627565354109,0.9998670816421509,0.8073598742485046,0.8069942593574524,0.9995749592781067,0.0004251765494700521,0.002590576419606805,0.9999366998672485,0.6149897575378418,0.6149830222129822
146.0,1.0,0.9989739060401917,0.0010271756909787655,0.005680947098881006,0.9998632073402405,0.7761538028717041,0.7758675217628479,0.9990838766098022,0.0009164530201815069,0.00275244377553463,0.9999163746833801,0.8516650199890137,0.8511225581169128
146.0,2.0,0.998955488204956,0.001045040786266327,0.005379261448979378,0.9998655319213867,0.8171432614326477,0.8167921304702759,0.999191164970398,0.0008090656483545899,0.003913355991244316,0.9999128580093384,0.650098979473114,0.6498579382896423
146.0,3.0,0.9988954067230225,0.0011055443901568651,0.00546327605843544,0.9998733401298523,0.7743790149688721,0.774030864238739,0.9993228912353516,0.0006777521339245141,0.004069830756634474,0.9998744130134583,0.8423032164573669,0.8420189023017883
146.0,4.0,0.9992596507072449,0.0007415268919430673,0.0034687144216150045,0.9999037384986877,0.7675337195396423,0.767225980758667,0.9984617829322815,0.0015383234713226557,0.00849390123039484,0.9998134970664978,0.8352031111717224,0.834818959236145
147.0,0.0,0.9989365935325623,0.0010642484994605184,0.005393706727772951,0.9998661279678345,0.8073594570159912,0.8069943189620972,0.9995748996734619,0.00042516851681284606,0.0025905657093971968,0.9999366998672485,0.6149897575378418,0.6149832010269165
147.0,1.0,0.9989733695983887,0.001027176040224731,0.005680933594703674,0.9998635649681091,0.776153564453125,0.7758678793907166,0.9990836977958679,0.0009164530201815069,0.0027524870820343494,0.9999163150787354,0.8516650199890137,0.8511224985122681
147.0,2.0,0.9989556074142456,0.0010450370609760284,0.005379281006753445,0.9998658895492554,0.817142903804779,0.8167923092842102,0.999191164970398,0.0008090612245723605,0.003913335036486387,0.9999126195907593,0.6500990390777588,0.6498580574989319
147.0,3.0,0.9988951683044434,0.0011055470677092671,0.005463258363306522,0.9998725652694702,0.7743790149688721,0.7740310430526733,0.9993225336074829,0.0006777546950615942,0.004069819580763578,0.9998745918273926,0.8423032164573669,0.8420192003250122
147.0,4.0,0.9992591738700867,0.000741531781386584,0.0034686506260186434,0.9999037981033325,0.7675338983535767,0.7672259211540222,0.9984617829322815,0.0015383231220766902,0.008493912406265736,0.9998140931129456,0.8352031111717224,0.8348196148872375
148.0,0.0,0.9989356398582458,0.001064248033799231,0.005393660627305508,0.9998679161071777,0.807360053062439,0.8069941401481628,0.9995752573013306,0.00042515419772826135,0.002590578282251954,0.9999369382858276,0.6149897575378418,0.6149830222129822
148.0,1.0,0.9989728927612305,0.0010271701030433178,0.005680941045284271,0.9998633861541748,0.7761533856391907,0.7758677005767822,0.9990836381912231,0.0009164480143226683,0.0027524521574378014,0.9999163746833801,0.8516650199890137,0.8511223793029785
148.0,2.0,0.9989557266235352,0.001045039389282465,0.005379172507673502,0.9998656511306763,0.8171435594558716,0.8167921900749207,0.999191403388977,0.0008090634364634752,0.003913332242518663,0.999912440776825,0.650098979473114,0.6498578786849976
148.0,3.0,0.9988951683044434,0.0011055463692173362,0.00546325882896781,0.9998735785484314,0.7743791341781616,0.774031400680542,0.9993225336074829,0.0006777537055313587,0.004069806542247534,0.9998745918273926,0.8423032164573669,0.8420189023017883
148.0,4.0,0.999259352684021,0.0007415256695821881,0.003468678565695882,0.9999043345451355,0.7675336003303528,0.7672261595726013,0.9984613656997681,0.0015383227728307247,0.00849385466426611,0.9998147487640381,0.8352025151252747,0.8348186612129211
149.0,0.0,0.9989368915557861,0.0010642464039847255,0.005393651779741049,0.9998666048049927,0.8073602318763733,0.8069952130317688,0.9995747804641724,0.00042515419772826135,0.0025905391667038202,0.9999368190765381,0.6149897575378418,0.614983081817627
149.0,1.0,0.9989728927612305,0.001027173362672329,0.005680893547832966,0.9998635649681091,0.7761535048484802,0.7758680582046509,0.9990836381912231,0.0009164604707621038,0.00275242212228477,0.9999166131019592,0.8516650199890137,0.8511225581169128
149.0,2.0,0.9989562630653381,0.001045036013238132,0.005379214882850647,0.9998657703399658,0.817143440246582,0.8167927265167236,0.9991909265518188,0.0008090650080703199,0.0039133247919380665,0.999912679195404,0.6500988602638245,0.6498578786849976
149.0,3.0,0.998895525932312,0.0011055435752496123,0.005463224835693836,0.9998735189437866,0.7743791341781616,0.7740313410758972,0.9993224143981934,0.0006777500384487212,0.00406981073319912,0.9998748302459717,0.8423032760620117,0.8420191407203674
149.0,4.0,0.999259352684021,0.0007415280560962856,0.003468678565695882,0.9999037981033325,0.7675336599349976,0.7672261595726013,0.998461902141571,0.001538316486403346,0.008493882603943348,0.9998145699501038,0.8352029323577881,0.8348193168640137
150.0,0.0,0.9989365935325623,0.0010642418637871742,0.005393644329160452,0.9998667240142822,0.8073604106903076,0.8069947361946106,0.9995746612548828,0.0004251754144206643,0.0025905610527843237,0.9999366998672485,0.6149898171424866,0.614983081817627
150.0,1.0,0.9989736080169678,0.0010271631181240082,0.005680950824171305,0.9998627305030823,0.7761538624763489,0.7758668065071106,0.9990835189819336,0.0009164554066956043,0.0027524768374860287,0.9999165534973145,0.8516651391983032,0.8511225581169128
150.0,2.0,0.9989559054374695,0.001045031240209937,0.005379226058721542,0.9998659491539001,0.8171432614326477,0.8167923092842102,0.9991911053657532,0.0008090627961792052,0.003913345281034708,0.999912440776825,0.650098979473114,0.649857759475708
150.0,3.0,0.9988949298858643,0.001105534378439188,0.005463286768645048,0.9998729228973389,0.7743791937828064,0.7740320563316345,0.9993233680725098,0.0006777502130717039,0.00406982284039259,0.999874472618103,0.8423031568527222,0.8420187830924988
150.0,4.0,0.9992596507072449,0.000741516996640712,0.0034686822909861803,0.9999023079872131,0.7675336599349976,0.7672261595726013,0.9984623193740845,0.0015383181162178516,0.008493859320878983,0.999813973903656,0.8352027535438538,0.8348193168640137
151.0,0.0,0.9989367127418518,0.0010642429115250707,0.005393642000854015,0.9998667240142822,0.8073601126670837,0.8069949746131897,0.9995747804641724,0.00042514989036135375,0.002590579679235816,0.9999368190765381,0.614989697933197,0.614983081817627
151.0,1.0,0.9989740252494812,0.0010271628852933645,0.0056809247471392155,0.9998635053634644,0.7761539816856384,0.7758683562278748,0.9990834593772888,0.0009164544171653688,0.002752469852566719,0.9999164938926697,0.8516647219657898,0.8511224985122681
151.0,2.0,0.9989562630653381,0.0010450304253026843,0.0053792232647538185,0.9998650550842285,0.8171433210372925,0.8167927265167236,0.999191403388977,0.0008090645424090326,0.00391332246363163,0.9999128580093384,0.6500990986824036,0.6498579382896423
151.0,3.0,0.9988953471183777,0.0011055364739149809,0.005463280249387026,0.9998723864555359,0.7743790149688721,0.7740313410758972,0.9993224143981934,0.0006777495727874339,0.004069801885634661,0.9998744130134583,0.8423030972480774,0.8420190215110779
151.0,4.0,0.9992590546607971,0.000741517695132643,0.0034686787985265255,0.9999035000801086,0.7675337195396423,0.7672263979911804,0.9984623193740845,0.0015383174177259207,0.008493883535265923,0.9998140335083008,0.8352027535438538,0.8348190784454346
152.0,0.0,0.9989365935325623,0.0010642416309565306,0.005393647123128176,0.9998669624328613,0.8073599338531494,0.8069949746131897,0.9995751976966858,0.0004251602222211659,0.0025905573274940252,0.9999365210533142,0.6149898171424866,0.6149830222129822
152.0,1.0,0.9989738464355469,0.001027163933031261,0.005680910311639309,0.9998634457588196,0.7761532664299011,0.7758680582046509,0.9990837574005127,0.0009164533112198114,0.0027524596080183983,0.999916672706604,0.8516650199890137,0.8511223793029785
152.0,2.0,0.998956024646759,0.001045028562657535,0.005379229784011841,0.9998654127120972,0.8171426057815552,0.8167920708656311,0.9991911053657532,0.000809060235042125,0.003913356922566891,0.9999130964279175,0.650098979473114,0.6498578190803528
152.0,3.0,0.9988953471183777,0.0011055361246690154,0.005463282577693462,0.9998730421066284,0.7743794322013855,0.7740315198898315,0.9993228912353516,0.0006777475355193019,0.004069831687957048,0.9998741745948792,0.8423032760620117,0.8420189619064331
152.0,4.0,0.9992585778236389,0.0007415194995701313,0.0034686769358813763,0.9999042749404907,0.7675334215164185,0.7672263383865356,0.9984620809555054,0.0015383197460323572,0.00849387887865305,0.9998142719268799,0.8352027535438538,0.8348194360733032
153.0,0.0,0.9989372491836548,0.001064244075678289,0.005393648985773325,0.9998668432235718,0.8073601126670837,0.8069957494735718,0.9995748996734619,0.00042517282417975366,0.0025905570946633816,0.9999368190765381,0.6149897575378418,0.6149830222129822
153.0,1.0,0.998974084854126,0.0010271617211401463,0.005680939648300409,0.9998642802238464,0.7761533260345459,0.7758682370185852,0.9990836977958679,0.0009164531948044896,0.0027524654287844896,0.9999168515205383,0.8516651391983032,0.8511226177215576
153.0,2.0,0.9989549517631531,0.0010450314730405807,0.0053792353719472885,0.9998658299446106,0.8171430230140686,0.8167927861213684,0.9991912245750427,0.0008090651826933026,0.003913343884050846,0.9999129176139832,0.650098979473114,0.6498578786849976
153.0,3.0,0.9988941550254822,0.001105533679947257,0.005463281646370888,0.9998734593391418,0.7743790745735168,0.7740314602851868,0.9993230104446411,0.0006777517846785486,0.004069794900715351,0.9998745918273926,0.8423030376434326,0.8420187830924988
153.0,4.0,0.9992591738700867,0.0007415195577777922,0.003468685084953904,0.9999035000801086,0.7675336003303528,0.767225980758667,0.9984620809555054,0.0015383169520646334,0.008493872359395027,0.9998140931129456,0.8352029919624329,0.8348188996315002
154.0,0.0,0.9989355206489563,0.0010642459383234382,0.005393659695982933,0.9998670816421509,0.8073599934577942,0.8069944977760315,0.9995749592781067,0.00042517081601545215,0.00259054615162313,0.9999368190765381,0.6149898171424866,0.6149830222129822
154.0,1.0,0.9989732503890991,0.001027164631523192,0.0056809308007359505,0.9998636245727539,0.7761533260345459,0.775867223739624,0.9990836977958679,0.0009164519142359495,0.0027524668257683516,0.9999162554740906,0.8516650199890137,0.8511222004890442
154.0,2.0,0.9989551305770874,0.0010450270492583513,0.0053792367689311504,0.9998658895492554,0.817143440246582,0.8167921900749207,0.999191164970398,0.0008090645424090326,0.003913341090083122,0.9999125003814697,0.6500990986824036,0.649857759475708
154.0,3.0,0.9988951086997986,0.0011055326322093606,0.005463276989758015,0.9998732805252075,0.7743791937828064,0.7740318775177002,0.9993225336074829,0.0006777538219466805,0.004069828893989325,0.9998741745948792,0.8423029780387878,0.8420189619064331
154.0,4.0,0.9992597699165344,0.0007415172294713557,0.0034686741419136524,0.9999037981033325,0.7675333619117737,0.7672258615493774,0.9984624981880188,0.0015383169520646334,0.008493874222040176,0.9998146891593933,0.8352025151252747,0.8348187208175659
155.0,0.0,0.998936116695404,0.001064244075678289,0.005393640138208866,0.9998676776885986,0.8073599338531494,0.8069944381713867,0.9995747804641724,0.0004251602222211659,0.002590552903711796,0.9999368190765381,0.614989697933197,0.6149831414222717
155.0,1.0,0.9989727139472961,0.0010271621868014336,0.00568092567846179,0.9998636245727539,0.776154100894928,0.7758675217628479,0.9990836977958679,0.000916452903766185,0.0027524414472281933,0.9999166131019592,0.8516648411750793,0.8511224985122681
155.0,2.0,0.998956024646759,0.001045029261149466,0.005379224196076393,0.9998646378517151,0.8171431422233582,0.8167933821678162,0.999191164970398,0.0008090643677860498,0.0039133550599217415,0.9999127388000488,0.6500990986824036,0.6498580574989319
155.0,3.0,0.9988951683044434,0.0011055321665480733,0.005463280715048313,0.9998725056648254,0.7743791937828064,0.7740311622619629,0.9993225336074829,0.0006777503294870257,0.004069827031344175,0.9998745918273926,0.8423030972480774,0.8420189023017883
155.0,4.0,0.999259352684021,0.0007415186846628785,0.0034686713479459286,0.9999035000801086,0.7675338983535767,0.7672257423400879,0.9984618425369263,0.0015383166028186679,0.008493919856846333,0.9998138546943665,0.835202693939209,0.834818959236145
156.0,0.0,0.9989363551139832,0.001064240699633956,0.005393644329160452,0.9998672008514404,0.8073603510856628,0.8069949746131897,0.9995749592781067,0.0004251811478752643,0.002590537304058671,0.9999365210533142,0.614989697933197,0.614983081817627
156.0,1.0,0.9989738464355469,0.0010271617211401463,0.005680914036929607,0.9998640418052673,0.7761536240577698,0.7758678197860718,0.9990836977958679,0.000916454300750047,0.0027524472679942846,0.9999164938926697,0.8516649603843689,0.8511224985122681
156.0,2.0,0.9989557266235352,0.0010450290283188224,0.005379244219511747,0.999864935874939,0.8171437382698059,0.8167930245399475,0.9991912245750427,0.0008090678602457047,0.003913351334631443,0.9999127388000488,0.6500990390777588,0.6498579382896423
156.0,3.0,0.9988954067230225,0.0011055354261770844,0.005463284440338612,0.9998729228973389,0.774378776550293,0.7740314602851868,0.9993224143981934,0.000677750795148313,0.0040697939693927765,0.9998750686645508,0.8423032760620117,0.8420190811157227
156.0,4.0,0.999258816242218,0.000741521012969315,0.003468677867203951,0.9999036192893982,0.7675334811210632,0.7672265768051147,0.9984617829322815,0.001538317883387208,0.008493873290717602,0.9998144507408142,0.8352026343345642,0.8348191976547241
157.0,0.0,0.9989364743232727,0.001064242678694427,0.0053936452604830265,0.999866247177124,0.8073598146438599,0.8069952130317688,0.9995748996734619,0.00042517969268374145,0.0025905747897922993,0.9999366402626038,0.614989697933197,0.6149830222129822
157.0,1.0,0.9989733695983887,0.0010271643986925483,0.005680918227881193,0.9998636841773987,0.7761538028717041,0.7758675813674927,0.9990836977958679,0.0009164541261270642,0.0027524481993168592,0.9999163746833801,0.8516650199890137,0.8511224985122681
157.0,2.0,0.9989559650421143,0.0010450283298268914,0.005379226990044117,0.9998652935028076,0.8171430826187134,0.8167924284934998,0.9991913437843323,0.0008090672781690955,0.003913345746695995,0.999912679195404,0.6500990390777588,0.6498578190803528
157.0,3.0,0.9988954663276672,0.0011055348441004753,0.005463290493935347,0.9998729825019836,0.7743791341781616,0.7740312218666077,0.9993228912353516,0.000677750795148313,0.004069795832037926,0.9998747110366821,0.8423031568527222,0.842018723487854
157.0,4.0,0.9992595911026001,0.0007415182190015912,0.0034686855506151915,0.9999027848243713,0.7675333619117737,0.7672259211540222,0.9984618425369263,0.0015383150894194841,0.008493883535265923,0.9998144507408142,0.835202693939209,0.8348193764686584
158.0,0.0,0.9989370107650757,0.0010642443085089326,0.005393638741225004,0.9998667240142822,0.8073604702949524,0.8069950342178345,0.9995748996734619,0.00042516738176345825,0.002590582938864827,0.9999367594718933,0.614989697933197,0.6149830222129822
158.0,1.0,0.9989743828773499,0.001027164631523192,0.005680917762219906,0.9998647570610046,0.7761534452438354,0.7758681774139404,0.9990838766098022,0.0009164422517642379,0.0027524579782038927,0.9999167323112488,0.8516647815704346,0.8511224389076233
158.0,2.0,0.9989560842514038,0.001045027282088995,0.005379234906286001,0.9998658299446106,0.8171436190605164,0.8167921900749207,0.9991913437843323,0.0008090673945844173,0.003913357853889465,0.9999129176139832,0.6500990986824036,0.6498579978942871
158.0,3.0,0.9988943934440613,0.0011055360082536936,0.0054632811807096004,0.9998731017112732,0.774379312992096,0.7740309238433838,0.9993224143981934,0.000677748816087842,0.004069832153618336,0.9998742938041687,0.8423030972480774,0.8420189619064331
158.0,4.0,0.9992585778236389,0.0007415171712636948,0.0034686680883169174,0.9999037981033325,0.7675336003303528,0.7672258615493774,0.9984623789787292,0.0015383175341412425,0.00849390123039484,0.9998154044151306,0.835202693939209,0.8348195552825928
159.0,0.0,0.9989368915557861,0.001064244075678289,0.005393631290644407,0.9998670816421509,0.8073599338531494,0.8069946765899658,0.9995750188827515,0.0004251645295880735,0.002590572228655219,0.9999367594718933,0.6149898171424866,0.6149831414222717
159.0,1.0,0.9989732503890991,0.001027161837555468,0.005680921953171492,0.9998638033866882,0.776153564453125,0.7758681178092957,0.9990837574005127,0.0009164531948044896,0.00275246100500226,0.9999163150787354,0.8516649603843689,0.8511224985122681
159.0,2.0,0.998956024646759,0.0010450301924720407,0.005379221402108669,0.999864935874939,0.8171433806419373,0.8167925477027893,0.9991913437843323,0.0008090666378848255,0.003913355991244316,0.9999122619628906,0.6500990390777588,0.6498579382896423
159.0,3.0,0.998894989490509,0.0011055351933464408,0.005463269539177418,0.9998722076416016,0.7743790745735168,0.7740315198898315,0.9993228912353516,0.0006777515518479049,0.004069797229021788,0.9998748302459717,0.8423032164573669,0.8420188426971436
159.0,4.0,0.9992589354515076,0.0007415181025862694,0.003468672279268503,0.9999039769172668,0.7675336003303528,0.7672263383865356,0.9984618425369263,0.0015383166028186679,0.008493888191878796,0.9998142719268799,0.8352031111717224,0.8348191976547241
160.0,0.0,0.9989364743232727,0.0010642450070008636,0.005393636878579855,0.9998674392700195,0.8073602914810181,0.806994616985321,0.9995749592781067,0.0004251587961334735,0.002590551506727934,0.9999369978904724,0.6149898171424866,0.6149831414222717
160.0,1.0,0.998974084854126,0.0010271614883095026,0.005680934526026249,0.9998633861541748,0.7761532664299011,0.7758682370185852,0.9990837574005127,0.0009164515067823231,0.002752475906163454,0.9999164938926697,0.8516650795936584,0.8511225581169128
160.0,2.0,0.9989557266235352,0.001045031938701868,0.005379235837608576,0.9998654127120972,0.817143440246582,0.8167926073074341,0.9991911053657532,0.0008090621558949351,0.0039133429527282715,0.999912440776825,0.6500990390777588,0.6498580574989319
160.0,3.0,0.9988954067230225,0.0011055353097617626,0.005463278852403164,0.9998723268508911,0.7743785381317139,0.7740316987037659,0.999322772026062,0.0006777522503398359,0.004069816786795855,0.9998744130134583,0.8423033356666565,0.842018723487854
160.0,4.0,0.9992594122886658,0.0007415175787173212,0.0034686739090830088,0.9999037981033325,0.7675334215164185,0.7672262191772461,0.9984616637229919,0.001538317184895277,0.008493862114846706,0.9998142719268799,0.8352031707763672,0.8348195552825928
161.0,0.0,0.9989367127418518,0.0010642443085089326,0.005393633618950844,0.9998668432235718,0.8073604702949524,0.8069947957992554,0.9995746612548828,0.00042516394751146436,0.0025905556976795197,0.9999369382858276,0.614989697933197,0.6149830222129822
161.0,1.0,0.9989733099937439,0.0010271603241562843,0.00568092055618763,0.9998630881309509,0.7761539816856384,0.7758675813674927,0.9990835189819336,0.0009164474322460592,0.002752468455582857,0.9999166131019592,0.8516650199890137,0.8511224985122681
161.0,2.0,0.9989562034606934,0.001045031240209937,0.005379226058721542,0.9998655915260315,0.8171433806419373,0.8167923092842102,0.9991912245750427,0.0008090658229775727,0.003913342021405697,0.9999126195907593,0.6500990986824036,0.6498579978942871
161.0,3.0,0.9988957643508911,0.0011055354261770844,0.005463284905999899,0.9998732805252075,0.7743794918060303,0.7740315198898315,0.9993224143981934,0.000677751493640244,0.004069807007908821,0.999874472618103,0.8423030376434326,0.8420186042785645
161.0,4.0,0.9992596507072449,0.0007415178697556257,0.0034686741419136524,0.9999035596847534,0.7675336003303528,0.7672264575958252,0.998461902141571,0.0015383197460323572,0.008493885397911072,0.9998143315315247,0.835202693939209,0.8348191976547241
162.0,0.0,0.9989367723464966,0.0010642441920936108,0.005393646657466888,0.9998664855957031,0.8073598146438599,0.8069944381713867,0.9995748996734619,0.00042516106623224914,0.0025905617512762547,0.9999368190765381,0.6149898171424866,0.6149830222129822
162.0,1.0,0.9989732503890991,0.0010271641658619046,0.005680926609784365,0.9998630285263062,0.7761536836624146,0.7758677005767822,0.9990838170051575,0.0009164551156572998,0.002752464497461915,0.999916672706604,0.8516650795936584,0.8511229157447815
162.0,2.0,0.9989560842514038,0.001045028562657535,0.005379235837608576,0.999865710735321,0.8171438574790955,0.8167922496795654,0.9991914629936218,0.00080906628863886,0.0039133429527282715,0.9999127388000488,0.650098979473114,0.6498578786849976
162.0,3.0,0.9988952875137329,0.0011055362410843372,0.0054632811807096004,0.9998730421066284,0.7743790149688721,0.7740315794944763,0.9993228912353516,0.0006777519010938704,0.004069825634360313,0.999874472618103,0.8423030376434326,0.8420191407203674
162.0,4.0,0.9992586970329285,0.0007415178115479648,0.003468678565695882,0.9999030232429504,0.7675339579582214,0.7672259211540222,0.9984615445137024,0.0015383174177259207,0.008493886329233646,0.9998143315315247,0.8352029323577881,0.8348188996315002
163.0,0.0,0.9989373683929443,0.0010642432607710361,0.005393643863499165,0.9998669624328613,0.8073601126670837,0.8069950342178345,0.9995747804641724,0.0004251602222211659,0.0025905617512762547,0.9999366998672485,0.614989697933197,0.6149831414222717
163.0,1.0,0.9989737272262573,0.0010271640494465828,0.00568091357126832,0.9998632669448853,0.776154100894928,0.7758684754371643,0.9990834593772888,0.0009164527291432023,0.0027524689212441444,0.999916136264801,0.8516650199890137,0.8511225581169128
163.0,2.0,0.9989550709724426,0.0010450287954881787,0.005379252135753632,0.9998655915260315,0.8171433210372925,0.8167927265167236,0.999191164970398,0.0008090640767477453,0.003913329914212227,0.999912679195404,0.6500990986824036,0.6498579382896423
163.0,3.0,0.9988953471183777,0.001105532399378717,0.0054632993414998055,0.999872624874115,0.7743792533874512,0.7740310430526733,0.9993228912353516,0.0006777525995858014,0.004069795832037926,0.9998749494552612,0.8423032760620117,0.8420186638832092
163.0,4.0,0.9992588758468628,0.0007415199652314186,0.003468673676252365,0.9999027848243713,0.7675338387489319,0.7672259211540222,0.998461902141571,0.0015383169520646334,0.008493871428072453,0.9998140335083008,0.835202693939209,0.8348191976547241
164.0,0.0,0.9989370107650757,0.0010642437264323235,0.00539363594725728,0.9998664855957031,0.8073601722717285,0.8069943785667419,0.9995749592781067,0.0004251739592291415,0.0025905664078891277,0.9999366998672485,0.6149897575378418,0.614983081817627
164.0,1.0,0.9989731311798096,0.00102716323453933,0.005680909845978022,0.9998632669448853,0.7761533260345459,0.7758675217628479,0.9990836381912231,0.0009164584917016327,0.002752452390268445,0.9999167323112488,0.8516649603843689,0.8511227965354919
164.0,2.0,0.9989555478096008,0.0010450324043631554,0.005379247944802046,0.9998652935028076,0.8171434998512268,0.8167935609817505,0.9991913437843323,0.000809064251370728,0.003913356922566891,0.999912440776825,0.650098979473114,0.6498578190803528
164.0,3.0,0.9988952875137329,0.0011055314680561423,0.0054632872343063354,0.9998733401298523,0.7743789553642273,0.7740315794944763,0.9993224143981934,0.0006777466624043882,0.004069785121828318,0.9998747110366821,0.8423033952713013,0.8420184850692749
164.0,4.0,0.9992590546607971,0.0007415189174935222,0.003468682523816824,0.9999035000801086,0.7675336003303528,0.7672259211540222,0.9984624981880188,0.0015383188147097826,0.008493873290717602,0.9998140335083008,0.8352027535438538,0.8348193764686584
165.0,0.0,0.9989365935325623,0.0010642423294484615,0.005393629427999258,0.9998676776885986,0.8073597550392151,0.8069947361946106,0.9995750188827515,0.0004251656646374613,0.0025905456859618425,0.9999366998672485,0.6149897575378418,0.6149831414222717
165.0,1.0,0.9989740252494812,0.00102716451510787,0.005680922884494066,0.9998634457588196,0.776153564453125,0.7758679986000061,0.9990837574005127,0.0009164533112198114,0.002752462634816766,0.9999165534973145,0.8516650795936584,0.851122260093689
165.0,2.0,0.9989551305770874,0.001045029959641397,0.0053792293183505535,0.9998654723167419,0.8171432614326477,0.8167921304702759,0.9991913437843323,0.0008090648916549981,0.003913352731615305,0.9999126195907593,0.6500990390777588,0.6498579382896423
165.0,3.0,0.9988960027694702,0.0011055360082536936,0.005463281646370888,0.9998732805252075,0.7743789553642273,0.7740311026573181,0.999322772026062,0.0006777473608963192,0.004069813527166843,0.9998748302459717,0.8423030376434326,0.8420189619064331
165.0,4.0,0.9992591142654419,0.0007415159489028156,0.0034686701837927103,0.9999037384986877,0.767534077167511,0.7672263383865356,0.9984627962112427,0.0015383184654638171,0.008493862114846706,0.9998138546943665,0.8352029919624329,0.8348193168640137
166.0,0.0,0.9989359974861145,0.0010642424458637834,0.005393643397837877,0.9998675584793091,0.8073601126670837,0.806994616985321,0.9995747208595276,0.00042515562381595373,0.0025905717629939318,0.9999366998672485,0.614989697933197,0.6149831414222717
166.0,1.0,0.9989742636680603,0.0010271655628457665,0.005680914968252182,0.9998634457588196,0.7761538028717041,0.7758687734603882,0.9990838766098022,0.0009164559887722135,0.0027524789329618216,0.9999165534973145,0.8516650199890137,0.8511225581169128
166.0,2.0,0.9989553689956665,0.0010450320551171899,0.0053792367689311504,0.9998655915260315,0.817143976688385,0.8167924880981445,0.9991911053657532,0.0008090640767477453,0.00391335180029273,0.9999127388000488,0.6500992178916931,0.6498579382896423
166.0,3.0,0.9988949298858643,0.00110553577542305,0.005463276524096727,0.9998730421066284,0.7743791937828064,0.7740315198898315,0.9993230104446411,0.0006777520175091922,0.004069799557328224,0.9998747110366821,0.8423030376434326,0.8420189023017883
166.0,4.0,0.9992594122886658,0.0007415202562697232,0.0034686699509620667,0.9999035000801086,0.7675336003303528,0.7672263383865356,0.9984620809555054,0.0015383166028186679,0.008493882603943348,0.9998144507408142,0.8352034091949463,0.8348191976547241
167.0,0.0,0.9989365935325623,0.0010642432607710361,0.005393648985773325,0.9998669624328613,0.8073598742485046,0.8069950938224792,0.9995750188827515,0.00042517713154666126,0.0025905678048729897,0.9999366998672485,0.614989697933197,0.6149830222129822
167.0,1.0,0.9989728927612305,0.0010271643986925483,0.005680926609784365,0.9998642802238464,0.776153564453125,0.775867760181427,0.9990838766098022,0.0009164547082036734,0.0027524735778570175,0.9999167323112488,0.8516650199890137,0.8511225581169128
167.0,2.0,0.9989553093910217,0.0010450327536091208,0.005379233509302139,0.999865710735321,0.8171433210372925,0.8167924284934998,0.9991913437843323,0.0008090629708021879,0.0039133308455348015,0.999912440776825,0.6500990986824036,0.6498579382896423
167.0,3.0,0.9988949298858643,0.0011055351933464408,0.005463285371661186,0.9998723864555359,0.7743792533874512,0.7740310430526733,0.9993230104446411,0.0006777483504265547,0.0040698000229895115,0.9998747110366821,0.8423029780387878,0.842018723487854
167.0,4.0,0.9992600679397583,0.0007415199652314186,0.0034686739090830088,0.9999028444290161,0.7675334215164185,0.7672260999679565,0.9984617829322815,0.0015383156714960933,0.008493884466588497,0.9998144507408142,0.835202693939209,0.8348191976547241
168.0,0.0,0.9989367127418518,0.0010642459383234382,0.005393647123128176,0.9998672008514404,0.8073598742485046,0.8069949746131897,0.9995747208595276,0.0004251719801686704,0.0025905603542923927,0.9999366998672485,0.6149897575378418,0.614983081817627
168.0,1.0,0.9989733099937439,0.0010271654464304447,0.0056809186935424805,0.9998636841773987,0.7761536240577698,0.7758674621582031,0.9990835189819336,0.0009164545917883515,0.002752464497461915,0.9999162554740906,0.8516649603843689,0.8511227965354919
168.0,2.0,0.9989564418792725,0.0010450291447341442,0.005379233043640852,0.9998658299446106,0.8171437978744507,0.8167932033538818,0.9991912245750427,0.0008090680348686874,0.0039133429527282715,0.999912440776825,0.650098979473114,0.6498576998710632
168.0,3.0,0.9988952875137329,0.0011055388022214174,0.005463288631290197,0.9998725652694702,0.7743788361549377,0.774031400680542,0.9993225336074829,0.0006777499220333993,0.004069823771715164,0.9998744130134583,0.8423031568527222,0.8420188426971436
168.0,4.0,0.9992592930793762,0.0007415192667394876,0.0034686760045588017,0.999902606010437,0.7675338983535767,0.7672263979911804,0.9984618425369263,0.0015383190475404263,0.008493960835039616,0.9998142123222351,0.8352023959159851,0.8348190784454346
169.0,0.0,0.9989367723464966,0.0010642427951097488,0.005393643863499165,0.9998672008514404,0.8073601722717285,0.8069943189620972,0.9995748996734619,0.00042515419772826135,0.002590552903711796,0.9999366998672485,0.6149897575378418,0.6149829626083374
169.0,1.0,0.998973548412323,0.0010271648643538356,0.005680924281477928,0.9998638033866882,0.7761538624763489,0.7758677005767822,0.9990839958190918,0.000916460994631052,0.002752442844212055,0.9999163746833801,0.8516650199890137,0.8511222004890442
169.0,2.0,0.9989560842514038,0.0010450336849316955,0.005379231180995703,0.9998657703399658,0.8171433210372925,0.8167923092842102,0.999191164970398,0.0008090640767477453,0.003913353197276592,0.9999126195907593,0.650098979473114,0.6498579382896423
169.0,3.0,0.9988951086997986,0.001105532981455326,0.005463285371661186,0.9998733997344971,0.7743791341781616,0.7740311026573181,0.9993225336074829,0.0006777503294870257,0.004069805610924959,0.9998742938041687,0.8423030972480774,0.8420189619064331
169.0,4.0,0.9992589354515076,0.0007415160653181374,0.0034686655271798372,0.9999038577079773,0.7675337195396423,0.767225980758667,0.9984614253044128,0.001538317184895277,0.008493885397911072,0.9998142719268799,0.8352028727531433,0.8348191976547241
170.0,0.0,0.9989365935325623,0.001064242678694427,0.005393642466515303,0.9998668432235718,0.8073598742485046,0.8069947957992554,0.9995749592781067,0.0004251616483088583,0.002590541262179613,0.9999367594718933,0.6149898171424866,0.6149830222129822
170.0,1.0,0.9989737272262573,0.0010271609062328935,0.005680933129042387,0.9998634457588196,0.7761536836624146,0.7758677005767822,0.999083399772644,0.0009164551156572998,0.0027524633333086967,0.9999163150787354,0.8516651391983032,0.8511228561401367
170.0,2.0,0.9989557862281799,0.0010450305417180061,0.005379226058721542,0.9998656511306763,0.817143976688385,0.8167926669120789,0.9991911053657532,0.0008090654737316072,0.003913347143679857,0.9999123811721802,0.6500990986824036,0.6498578190803528
170.0,3.0,0.9988954663276672,0.0011055353097617626,0.005463285371661186,0.9998730421066284,0.7743792533874512,0.7740314602851868,0.9993226528167725,0.0006777500384487212,0.004069805145263672,0.9998744130134583,0.8423033356666565,0.8420191407203674
170.0,4.0,0.9992591142654419,0.0007415179279632866,0.0034686680883169174,0.9999039769172668,0.7675331830978394,0.7672262191772461,0.9984620213508606,0.0015383150894194841,0.008493893779814243,0.999813973903656,0.8352025151252747,0.8348191976547241
171.0,0.0,0.9989370107650757,0.0010642420966178179,0.00539364293217659,0.9998670816421509,0.807360053062439,0.8069947361946106,0.9995746612548828,0.0004251582140568644,0.0025905552320182323,0.9999366998672485,0.614989697933197,0.6149831414222717
171.0,1.0,0.9989738464355469,0.0010271630017086864,0.00568092567846179,0.9998636841773987,0.7761533856391907,0.7758682370185852,0.9990838766098022,0.0009164517978206277,0.002752455649897456,0.9999164938926697,0.851665198802948,0.8511223793029785
171.0,2.0,0.9989557266235352,0.001045029261149466,0.005379233043640852,0.9998659491539001,0.8171432614326477,0.8167924284934998,0.9991913437843323,0.0008090650080703199,0.003913360182195902,0.999912440776825,0.6500990986824036,0.6498578786849976
171.0,3.0,0.9988951086997986,0.001105535659007728,0.005463283509016037,0.9998733401298523,0.7743791341781616,0.774031400680542,0.999322772026062,0.000677748117595911,0.0040697865188121796,0.9998748302459717,0.8423029184341431,0.8420189023017883
171.0,4.0,0.9992597699165344,0.0007415171712636948,0.0034686767030507326,0.9999035000801086,0.7675334215164185,0.7672259211540222,0.9984622597694397,0.0015383181162178516,0.008493890054523945,0.9998142123222351,0.8352029919624329,0.8348196148872375
172.0,0.0,0.9989367127418518,0.0010642437264323235,0.005393655970692635,0.9998666048049927,0.8073597550392151,0.8069944977760315,0.9995748996734619,0.0004251613572705537,0.002590558025985956,0.9999366998672485,0.6149898171424866,0.6149832010269165
172.0,1.0,0.998972475528717,0.0010271642822772264,0.005680925212800503,0.9998636841773987,0.7761536240577698,0.7758669257164001,0.9990837574005127,0.0009164487128145993,0.00275246798992157,0.9999165534973145,0.8516653776168823,0.8511227369308472
172.0,2.0,0.9989558458328247,0.001045029261149466,0.00537921953946352,0.999866247177124,0.817143440246582,0.8167924880981445,0.9991914629936218,0.0008090647170320153,0.003913354594260454,0.9999128580093384,0.6500990986824036,0.6498579382896423
172.0,3.0,0.998895525932312,0.0011055347276851535,0.005463276524096727,0.9998729825019836,0.7743790745735168,0.7740315794944763,0.9993225336074829,0.0006777491071261466,0.004069816321134567,0.999874472618103,0.8423030376434326,0.8420189619064331
172.0,4.0,0.9992591738700867,0.0007415152504108846,0.0034686739090830088,0.9999040365219116,0.7675333619117737,0.7672256231307983,0.9984622597694397,0.0015383170684799552,0.008493888191878796,0.9998146891593933,0.8352027535438538,0.8348188996315002
173.0,0.0,0.9989367127418518,0.0010642430279403925,0.005393659695982933,0.9998667240142822,0.8073598146438599,0.8069950342178345,0.9995747208595276,0.000425162521423772,0.002590554067865014,0.9999366402626038,0.6149898171424866,0.6149831414222717
173.0,1.0,0.998973548412323,0.001027165912091732,0.0056809247471392155,0.9998638033866882,0.7761535048484802,0.7758675813674927,0.9990840554237366,0.000916460994631052,0.0027524647302925587,0.9999165534973145,0.8516649603843689,0.8511222004890442
173.0,2.0,0.9989557862281799,0.0010450293775647879,0.005379240028560162,0.9998656511306763,0.8171432614326477,0.8167926073074341,0.9991914629936218,0.0008090664632618427,0.003913350868970156,0.9999127388000488,0.6500990986824036,0.6498580574989319
173.0,3.0,0.9988955855369568,0.0011055364739149809,0.005463286768645048,0.9998734593391418,0.7743790745735168,0.7740315794944763,0.999322772026062,0.0006777506787329912,0.004069799557328224,0.999874472618103,0.8423031568527222,0.8420186638832092
173.0,4.0,0.9992581605911255,0.000741521012969315,0.0034686794970184565,0.9999030232429504,0.7675334811210632,0.7672259211540222,0.9984623193740845,0.0015383160207420588,0.008493899367749691,0.999814510345459,0.835202693939209,0.8348193168640137
174.0,0.0,0.9989363551139832,0.0010642423294484615,0.005393646657466888,0.99986732006073,0.8073605895042419,0.8069948554039001,0.9995750188827515,0.00042515562381595373,0.002590571530163288,0.9999366402626038,0.6149897575378418,0.6149829626083374
174.0,1.0,0.998974084854126,0.0010271623032167554,0.005680927075445652,0.9998638033866882,0.7761538028717041,0.7758674621582031,0.9990836381912231,0.0009164552902802825,0.0027524838224053383,0.9999161958694458,0.8516651391983032,0.8511223793029785
174.0,2.0,0.9989559054374695,0.0010450277477502823,0.005379221402108669,0.9998653531074524,0.8171433210372925,0.8167924284934998,0.9991912245750427,0.0008090685005299747,0.003913354128599167,0.9999126195907593,0.6500990390777588,0.6498578786849976
174.0,3.0,0.998894989490509,0.0011055346112698317,0.005463274195790291,0.9998728632926941,0.7743789553642273,0.7740316390991211,0.9993230104446411,0.0006777517846785486,0.004069821443408728,0.9998748302459717,0.8423033952713013,0.8420186042785645
174.0,4.0,0.9992598295211792,0.0007415179279632866,0.0034686799626797438,0.9999036192893982,0.7675338387489319,0.7672264575958252,0.9984616637229919,0.0015383169520646334,0.008493875153362751,0.9998146891593933,0.835203230381012,0.8348191976547241
175.0,0.0,0.9989357590675354,0.00106424477417022,0.005393639672547579,0.9998668432235718,0.8073596954345703,0.8069943785667419,0.9995748996734619,0.0004251613572705537,0.0025905610527843237,0.9999365210533142,0.614989697933197,0.6149830222129822
175.0,1.0,0.998973548412323,0.0010271643986925483,0.00568093778565526,0.9998637437820435,0.7761535048484802,0.7758678793907166,0.9990836977958679,0.0009164533112198114,0.0027524689212441444,0.9999163746833801,0.8516650199890137,0.8511227369308472
175.0,2.0,0.9989561438560486,0.0010450283298268914,0.005379237700253725,0.9998658299446106,0.8171433210372925,0.8167927861213684,0.9991912245750427,0.0008090664632618427,0.003913343884050846,0.999912440776825,0.6500990986824036,0.649857759475708
175.0,3.0,0.9988951086997986,0.0011055365903303027,0.005463304463773966,0.9998723864555359,0.7743786573410034,0.7740314602851868,0.9993225336074829,0.0006777471280656755,0.004069826565682888,0.9998747110366821,0.8423030972480774,0.8420186638832092
175.0,4.0,0.9992588758468628,0.0007415195577777922,0.003468683222308755,0.9999039769172668,0.7675336599349976,0.7672257423400879,0.9984617829322815,0.0015383169520646334,0.008493906818330288,0.9998145699501038,0.8352031707763672,0.8348190784454346
176.0,0.0,0.9989367723464966,0.0010642454726621509,0.005393631290644407,0.9998667240142822,0.8073596358299255,0.8069949746131897,0.9995748996734619,0.00042515218956395984,0.00259057036601007,0.9999369382858276,0.614989697933197,0.6149830222129822
176.0,1.0,0.9989739060401917,0.0010271633509546518,0.005680939648300409,0.9998636841773987,0.776153564453125,0.7758674621582031,0.9990838766098022,0.0009164612856693566,0.002752467291429639,0.9999163746833801,0.8516650795936584,0.8511224985122681
176.0,2.0,0.9989561438560486,0.0010450305417180061,0.005379226990044117,0.9998660087585449,0.8171432614326477,0.8167923092842102,0.9991911053657532,0.0008090672781690955,0.003913370426744223,0.999912679195404,0.6500990986824036,0.6498578786849976
176.0,3.0,0.998894989490509,0.0011055339127779007,0.005463283509016037,0.9998732805252075,0.7743789553642273,0.7740306258201599,0.9993232488632202,0.0006777528906241059,0.004069820046424866,0.9998744130134583,0.8423030376434326,0.842018723487854
176.0,4.0,0.9992596507072449,0.0007415181025862694,0.0034686382859945297,0.9999036192893982,0.7675336599349976,0.7672262191772461,0.9984620809555054,0.0015383153222501278,0.008493880741298199,0.9998140931129456,0.8352031111717224,0.8348194360733032
177.0,0.0,0.9989363551139832,0.0010642445413395762,0.005393663886934519,0.9998667240142822,0.8073599338531494,0.8069950342178345,0.9995747804641724,0.000425189733505249,0.0025905619841068983,0.9999364614486694,0.614989697933197,0.6149830222129822
177.0,1.0,0.9989733099937439,0.001027165213599801,0.005680927075445652,0.9998633861541748,0.7761538028717041,0.7758679986000061,0.9990836381912231,0.0009164555813185871,0.0027524554170668125,0.9999161958694458,0.8516651391983032,0.8511227369308472
177.0,2.0,0.9989562034606934,0.001045025885105133,0.005379225127398968,0.9998650550842285,0.8171433210372925,0.8167924880981445,0.9991909861564636,0.00080906692892313,0.003913355991244316,0.9999128580093384,0.6500990986824036,0.6498578190803528
177.0,3.0,0.9988948702812195,0.0011055399663746357,0.005463306792080402,0.9998729825019836,0.774378776550293,0.7740309834480286,0.9993223547935486,0.0006777533562853932,0.004069783259183168,0.9998744130134583,0.8423030376434326,0.842018723487854
177.0,4.0,0.9992594122886658,0.0007415148429572582,0.003468677867203951,0.9999033808708191,0.7675338983535767,0.7672262191772461,0.9984620809555054,0.001538317184895277,0.008493886329233646,0.9998145699501038,0.8352031707763672,0.8348191380500793
178.0,0.0,0.9989365935325623,0.0010642438428476453,0.005393650382757187,0.9998668432235718,0.8073599934577942,0.8069956302642822,0.9995747804641724,0.0004251582140568644,0.0025905524380505085,0.9999366402626038,0.614989697933197,0.614983081817627
178.0,1.0,0.998973548412323,0.0010271650971844792,0.005680922884494066,0.9998632073402405,0.7761535048484802,0.7758681178092957,0.9990841150283813,0.0009164559887722135,0.0027524707838892937,0.9999163746833801,0.8516650199890137,0.8511227369308472
178.0,2.0,0.9989554286003113,0.0010450282134115696,0.005379240494221449,0.9998656511306763,0.8171431422233582,0.8167921304702759,0.999191403388977,0.0008090639021247625,0.003913339227437973,0.9999125003814697,0.650098979473114,0.6498576998710632
178.0,3.0,0.9988948702812195,0.0011055347276851535,0.005463289562612772,0.9998729228973389,0.7743791341781616,0.7740315198898315,0.9993225336074829,0.0006777546950615942,0.004069818649441004,0.9998745918273926,0.8423030972480774,0.8420187830924988
178.0,4.0,0.9992597699165344,0.0007415204308927059,0.0034686645958572626,0.9999032616615295,0.7675334811210632,0.7672266960144043,0.9984629154205322,0.0015383170684799552,0.008493879809975624,0.9998144507408142,0.835202693939209,0.8348193764686584
179.0,0.0,0.9989367723464966,0.00106424477417022,0.005393660627305508,0.9998675584793091,0.8073603510856628,0.8069952130317688,0.9995749592781067,0.00042515562381595373,0.0025905570946633816,0.9999365210533142,0.614989697933197,0.6149831414222717
179.0,1.0,0.9989741444587708,0.0010271643986925483,0.0056809172965586185,0.9998636245727539,0.7761536240577698,0.77586829662323,0.9990839958190918,0.0009164480143226683,0.0027524575125426054,0.9999163746833801,0.8516650795936584,0.8511223793029785
179.0,2.0,0.998956024646759,0.001045028562657535,0.005379223730415106,0.9998659491539001,0.8171434998512268,0.8167920708656311,0.9991912245750427,0.0008090625051409006,0.003913348540663719,0.9999126195907593,0.6500990390777588,0.6498579978942871
179.0,3.0,0.9988950490951538,0.001105535076931119,0.0054632737301290035,0.9998730421066284,0.7743789553642273,0.7740312218666077,0.999322772026062,0.0006777496892027557,0.004069819115102291,0.9998747110366821,0.8423030376434326,0.8420189619064331
179.0,4.0,0.9992591142654419,0.0007415171712636948,0.0034686808940023184,0.9999040365219116,0.7675337195396423,0.7672266960144043,0.9984617829322815,0.0015383190475404263,0.008493887260556221,0.9998143315315247,0.8352028727531433,0.8348188400268555
180.0,0.0,0.9989372491836548,0.001064244657754898,0.005393632221966982,0.9998670816421509,0.807360053062439,0.8069952130317688,0.9995749592781067,0.0004251748323440552,0.0025905552320182323,0.9999367594718933,0.6149897575378418,0.6149830222129822
180.0,1.0,0.9989742040634155,0.00102716323453933,0.005680920090526342,0.9998636841773987,0.7761533260345459,0.7758678793907166,0.9990834593772888,0.0009164530201815069,0.0027524593751877546,0.9999164938926697,0.8516650199890137,0.8511220812797546
180.0,2.0,0.9989557266235352,0.0010450311237946153,0.005379227921366692,0.9998647570610046,0.817143440246582,0.8167922496795654,0.9991913437843323,0.0008090632618404925,0.0039133415557444096,0.9999122619628906,0.650098979473114,0.6498579382896423
180.0,3.0,0.9988945722579956,0.0011055367067456245,0.005463289562612772,0.9998729228973389,0.7743794322013855,0.7740306854248047,0.9993228912353516,0.0006777482340112329,0.004069805145263672,0.9998747110366821,0.8423032760620117,0.842018723487854
180.0,4.0,0.9992588758468628,0.0007415139116346836,0.003468658309429884,0.99990314245224,0.7675334811210632,0.7672262191772461,0.9984620809555054,0.0015383174177259207,0.008493894711136818,0.9998142123222351,0.835203230381012,0.8348193764686584
181.0,0.0,0.9989363551139832,0.0010642425622791052,0.005393645726144314,0.9998661279678345,0.8073602914810181,0.8069947957992554,0.9995749592781067,0.0004251633654348552,0.0025905694346874952,0.9999366998672485,0.614989697933197,0.6149831414222717
181.0,1.0,0.9989734888076782,0.0010271626524627209,0.0056809326633811,0.99986332654953,0.7761540412902832,0.7758677005767822,0.9990835189819336,0.000916454300750047,0.00275245844386518,0.9999164938926697,0.8516650199890137,0.8511226177215576
181.0,2.0,0.9989559054374695,0.0010450277477502823,0.0053792367689311504,0.9998653531074524,0.8171436190605164,0.8167931437492371,0.9991911053657532,0.0008090625051409006,0.003913376946002245,0.9999127388000488,0.6500990390777588,0.6498578190803528
181.0,3.0,0.9988945722579956,0.0011055375216528773,0.005463274195790291,0.9998732805252075,0.774378776550293,0.7740312218666077,0.9993221163749695,0.0006777499220333993,0.004069811664521694,0.999874472618103,0.8423030972480774,0.842018723487854
181.0,4.0,0.999259889125824,0.0007415176369249821,0.0034686666913330555,0.9999035000801086,0.7675337195396423,0.7672262191772461,0.9984620809555054,0.0015383150894194841,0.008493924513459206,0.9998142123222351,0.8352027535438538,0.8348188996315002
182.0,0.0,0.9989372491836548,0.001064241281710565,0.005393640138208866,0.9998670816421509,0.8073602318763733,0.806995153427124,0.9995750188827515,0.00042517768451943994,0.002590558957308531,0.9999367594718933,0.6149898171424866,0.6149832010269165
182.0,1.0,0.9989732503890991,0.0010271628852933645,0.005680931266397238,0.9998636841773987,0.7761533856391907,0.775867760181427,0.9990836381912231,0.0009164499351754785,0.0027524693869054317,0.9999164938926697,0.8516649603843689,0.8511223793029785
182.0,2.0,0.9989556670188904,0.0010450290283188224,0.005379231180995703,0.9998653531074524,0.8171432614326477,0.8167922496795654,0.9991913437843323,0.0008090653573162854,0.003913342487066984,0.9999129772186279,0.6500990986824036,0.6498579382896423
182.0,3.0,0.9988958835601807,0.0011055351933464408,0.005463276524096727,0.9998725056648254,0.7743794322013855,0.7740313410758972,0.9993224143981934,0.000677748816087842,0.004069801885634661,0.9998744130134583,0.8423031568527222,0.8420186042785645
182.0,4.0,0.9992592930793762,0.0007415158324874938,0.0034686815924942493,0.9999032616615295,0.7675336003303528,0.7672263979911804,0.9984622597694397,0.0015383162535727024,0.008493895642459393,0.9998144507408142,0.835202693939209,0.8348193764686584
183.0,0.0,0.9989365935325623,0.0010642445413395762,0.005393643397837877,0.9998672008514404,0.8073599934577942,0.8069953918457031,0.9995747208595276,0.00042517768451943994,0.0025905617512762547,0.9999364614486694,0.6149898171424866,0.614983081817627
183.0,1.0,0.9989739656448364,0.0010271641658619046,0.005680887959897518,0.9998632669448853,0.7761536240577698,0.77586829662323,0.9990836381912231,0.0009164587827399373,0.002752463798969984,0.9999163746833801,0.8516647219657898,0.8511224985122681
183.0,2.0,0.9989557862281799,0.0010450290283188224,0.005379236303269863,0.9998658895492554,0.8171434998512268,0.8167926669120789,0.9991911053657532,0.0008090654737316072,0.0039133550599217415,0.9999128580093384,0.650098979473114,0.6498580574989319
183.0,3.0,0.9988952875137329,0.001105535076931119,0.005463291425257921,0.9998730421066284,0.7743786573410034,0.7740320563316345,0.9993228912353516,0.0006777496892027557,0.0040697939693927765,0.9998747110366821,0.8423029780387878,0.8420189619064331
183.0,4.0,0.9992596507072449,0.0007415174040943384,0.0034686673898249865,0.9999035000801086,0.7675338983535767,0.7672260999679565,0.9984625577926636,0.0015383175341412425,0.008493904024362564,0.999813973903656,0.8352026343345642,0.8348195552825928
184.0,0.0,0.9989374876022339,0.0010642430279403925,0.005393640603870153,0.9998666048049927,0.8073605298995972,0.8069950342178345,0.9995749592781067,0.00042516051325947046,0.002590563613921404,0.9999368190765381,0.614989697933197,0.6149830222129822
184.0,1.0,0.9989731907844543,0.0010271606734022498,0.005680927541106939,0.9998637437820435,0.7761539816856384,0.7758673429489136,0.9990838170051575,0.0009164579096250236,0.0027524514589458704,0.9999166131019592,0.8516649603843689,0.8511224389076233
184.0,2.0,0.9989557862281799,0.001045031938701868,0.00537923164665699,0.9998645782470703,0.8171435594558716,0.8167927265167236,0.9991913437843323,0.0008090612245723605,0.0039133550599217415,0.9999125003814697,0.6500990390777588,0.6498578786849976
184.0,3.0,0.9988951683044434,0.0011055340291932225,0.0054632858373224735,0.9998732209205627,0.774378776550293,0.7740318775177002,0.999322772026062,0.0006777484668418765,0.00406979862600565,0.9998747110366821,0.8423032760620117,0.8420187830924988
184.0,4.0,0.999259352684021,0.0007415167056024075,0.0034686748404055834,0.9999035596847534,0.7675338387489319,0.7672262191772461,0.9984620809555054,0.0015383143909275532,0.008493872359395027,0.9998142123222351,0.8352027535438538,0.834818959236145
185.0,0.0,0.9989368915557861,0.0010642431443557143,0.005393638275563717,0.9998667240142822,0.8073603510856628,0.8069950342178345,0.9995751976966858,0.00042516106623224914,0.0025905596558004618,0.9999367594718933,0.6149897575378418,0.6149830222129822
185.0,1.0,0.9989739060401917,0.0010271624196320772,0.00568092055618763,0.9998642206192017,0.7761532068252563,0.7758676409721375,0.9990837574005127,0.000916460994631052,0.00275246100500226,0.9999166131019592,0.8516649603843689,0.8511223793029785
185.0,2.0,0.9989563822746277,0.0010450268164277077,0.005379236303269863,0.9998652338981628,0.8171433210372925,0.816792368888855,0.999191164970398,0.0008090666378848255,0.0039133490063250065,0.9999127388000488,0.6500990986824036,0.6498579382896423
185.0,3.0,0.9988954663276672,0.00110553577542305,0.005463278386741877,0.9998729228973389,0.7743790745735168,0.7740315198898315,0.9993224143981934,0.0006777539383620024,0.004069795366376638,0.999874472618103,0.8423032164573669,0.842018723487854
185.0,4.0,0.9992591738700867,0.0007415197906084359,0.0034686634317040443,0.9999033808708191,0.7675334215164185,0.7672260999679565,0.9984621405601501,0.001538317883387208,0.008493930101394653,0.999814510345459,0.8352027535438538,0.8348191380500793
186.0,0.0,0.9989367127418518,0.0010642457054927945,0.005393640603870153,0.9998672008514404,0.8073603510856628,0.806995153427124,0.9995750188827515,0.00042516595567576587,0.0025905605871230364,0.9999368190765381,0.6149897575378418,0.6149830222129822
186.0,1.0,0.9989741444587708,0.0010271630017086864,0.005680922884494066,0.9998636841773987,0.7761536836624146,0.7758681178092957,0.9990839958190918,0.0009164561051875353,0.0027524633333086967,0.9999168515205383,0.8516649603843689,0.8511227965354919
186.0,2.0,0.998955488204956,0.001045031240209937,0.005379246547818184,0.9998660087585449,0.8171428442001343,0.8167924284934998,0.9991916418075562,0.0008090639021247625,0.003913353197276592,0.9999127388000488,0.650098979473114,0.6498578786849976
186.0,3.0,0.9988958835601807,0.0011055339127779007,0.005463301204144955,0.999872624874115,0.7743788361549377,0.7740319967269897,0.9993224143981934,0.0006777495727874339,0.004069813061505556,0.9998751878738403,0.8423032760620117,0.8420189023017883
186.0,4.0,0.9992591738700867,0.0007415205473080277,0.00346867716871202,0.9999040961265564,0.7675337195396423,0.7672263979911804,0.9984623789787292,0.0015383156714960933,0.008493882603943348,0.9998149275779724,0.8352028727531433,0.8348191380500793
187.0,0.0,0.9989367723464966,0.0010642438428476453,0.0053936499170959,0.9998669624328613,0.8073599338531494,0.8069947957992554,0.9995747208595276,0.0004251645295880735,0.0025905666407197714,0.9999366402626038,0.6149897575378418,0.6149829626083374
187.0,1.0,0.9989737272262573,0.00102716323453933,0.005680930335074663,0.9998634457588196,0.7761538624763489,0.7758671045303345,0.9990836381912231,0.0009164577932097018,0.002752474509179592,0.9999160170555115,0.8516650199890137,0.8511222004890442
187.0,2.0,0.9989556074142456,0.001045030658133328,0.005379252601414919,0.9998664259910583,0.8171434998512268,0.8167924880981445,0.9991914629936218,0.0008090631454251707,0.003913343418389559,0.9999127388000488,0.6500990390777588,0.6498578190803528
187.0,3.0,0.9988947510719299,0.001105536357499659,0.005463276524096727,0.9998733401298523,0.7743790745735168,0.7740318775177002,0.9993225336074829,0.000677751493640244,0.004069818649441004,0.9998747110366821,0.8423030972480774,0.842018723487854
187.0,4.0,0.9992592930793762,0.0007415200816467404,0.003468678565695882,0.9999030828475952,0.7675337195396423,0.7672259211540222,0.9984616041183472,0.0015383213758468628,0.008493882603943348,0.9998142719268799,0.835202693939209,0.8348193764686584
188.0,0.0,0.9989368915557861,0.001064241281710565,0.005393643397837877,0.9998667240142822,0.8073602318763733,0.8069952130317688,0.9995748996734619,0.00042518199188634753,0.002590551506727934,0.9999366402626038,0.614989697933197,0.6149831414222717
188.0,1.0,0.9989745020866394,0.0010271609062328935,0.005680922884494066,0.99986332654953,0.7761533856391907,0.775868833065033,0.9990835189819336,0.0009164588991552591,0.002752464497461915,0.9999163150787354,0.8516650795936584,0.8511223793029785
188.0,2.0,0.9989561438560486,0.0010450287954881787,0.0053792293183505535,0.9998652338981628,0.8171432018280029,0.8167924284934998,0.9991908073425293,0.0008090632618404925,0.0039133429527282715,0.9999127388000488,0.6500990986824036,0.6498579382896423
188.0,3.0,0.9988951683044434,0.0011055406648665667,0.0054632797837257385,0.9998729228973389,0.7743790745735168,0.7740313410758972,0.9993226528167725,0.0006777482340112329,0.004069810267537832,0.9998742938041687,0.8423031568527222,0.8420189023017883
188.0,4.0,0.9992595314979553,0.000741516996640712,0.003468675771728158,0.9999027848243713,0.7675339579582214,0.767225980758667,0.9984620809555054,0.0015383195132017136,0.008493910543620586,0.9998142123222351,0.835202693939209,0.8348191380500793
189.0,0.0,0.9989359974861145,0.0010642404668033123,0.005393637344241142,0.9998666048049927,0.807360053062439,0.8069946765899658,0.9995748996734619,0.0004251808568369597,0.0025905556976795197,0.9999367594718933,0.6149898171424866,0.6149830222129822
189.0,1.0,0.9989734292030334,0.0010271617211401463,0.005680944304913282,0.9998638033866882,0.7761535048484802,0.7758674621582031,0.9990838170051575,0.0009164558141492307,0.002752463798969984,0.9999166131019592,0.8516650199890137,0.8511227369308472
189.0,2.0,0.9989559650421143,0.0010450280969962478,0.005379241891205311,0.9998655319213867,0.8171430230140686,0.8167924880981445,0.9991908073425293,0.0008090647170320153,0.0039133345708251,0.9999130964279175,0.6500989198684692,0.6498578786849976
189.0,3.0,0.9988956451416016,0.0011055362410843372,0.005463277921080589,0.9998729825019836,0.7743790149688721,0.7740315794944763,0.9993226528167725,0.0006777472444809973,0.004069788847118616,0.9998748302459717,0.8423031568527222,0.8420191407203674
189.0,4.0,0.9992588758468628,0.0007415125146508217,0.00346867716871202,0.9999035596847534,0.767533004283905,0.7672264575958252,0.9984615445137024,0.0015383166028186679,0.008493858389556408,0.9998142719268799,0.8352023959159851,0.834818959236145
190.0,0.0,0.9989363551139832,0.0010642405832186341,0.005393636412918568,0.9998675584793091,0.8073601722717285,0.806994616985321,0.9995748996734619,0.0004251754144206643,0.00259054615162313,0.9999366402626038,0.6149898171424866,0.614983081817627
190.0,1.0,0.9989739656448364,0.001027162536047399,0.005680917762219906,0.9998634457588196,0.7761536240577698,0.7758678197860718,0.9990836977958679,0.0009164544171653688,0.0027524579782038927,0.9999163150787354,0.8516650199890137,0.8511224985122681
190.0,2.0,0.9989562034606934,0.0010450289119035006,0.005379236303269863,0.9998657703399658,0.8171434998512268,0.8167926073074341,0.999191403388977,0.0008090645424090326,0.003913353197276592,0.9999126195907593,0.6500990390777588,0.649857759475708
190.0,3.0,0.9988946914672852,0.0011055369395762682,0.0054632811807096004,0.9998724460601807,0.7743789553642273,0.7740316390991211,0.9993226528167725,0.0006777480011805892,0.004069807939231396,0.9998748302459717,0.8423030972480774,0.8420191407203674
190.0,4.0,0.9992589354515076,0.0007415194995701313,0.0034686727449297905,0.9999035596847534,0.7675337195396423,0.7672264575958252,0.9984622597694397,0.0015383156714960933,0.00849389098584652,0.9998143315315247,0.8352023959159851,0.8348191976547241
191.0,0.0,0.9989367127418518,0.0010642437264323235,0.005393635481595993,0.9998670816421509,0.8073599338531494,0.8069947361946106,0.9995747804641724,0.0004251616483088583,0.0025905626825988293,0.9999367594718933,0.6149898171424866,0.614983081817627
191.0,1.0,0.9989739060401917,0.0010271624196320772,0.005680942442268133,0.9998642206192017,0.7761534452438354,0.7758675217628479,0.9990836381912231,0.0009164561051875353,0.002752471249550581,0.9999164938926697,0.851665198802948,0.8511223793029785
191.0,2.0,0.9989554286003113,0.0010450307745486498,0.005379240494221449,0.9998659491539001,0.8171434998512268,0.8167919516563416,0.9991914629936218,0.000809064251370728,0.0039133611135184765,0.9999128580093384,0.6500990390777588,0.6498578190803528
191.0,3.0,0.9988952875137329,0.0011055371724069118,0.005463290959596634,0.9998727440834045,0.7743791341781616,0.7740315198898315,0.999322772026062,0.0006777509115636349,0.004069789778441191,0.999874472618103,0.8423031568527222,0.8420186042785645
191.0,4.0,0.9992595314979553,0.0007415176369249821,0.003468681825324893,0.9999035596847534,0.7675336003303528,0.767225980758667,0.9984620213508606,0.0015383162535727024,0.008493886329233646,0.9998140335083008,0.8352024555206299,0.8348193168640137
192.0,0.0,0.9989372491836548,0.0010642445413395762,0.005393644794821739,0.9998669624328613,0.807360053062439,0.806995153427124,0.9995749592781067,0.00042518400005064905,0.0025905619841068983,0.9999367594718933,0.614989697933197,0.6149831414222717
192.0,1.0,0.9989737272262573,0.0010271626524627209,0.005680926144123077,0.99986332654953,0.7761534452438354,0.7758678197860718,0.9990836977958679,0.0009164552902802825,0.002752474043518305,0.9999163150787354,0.8516649603843689,0.8511224985122681
192.0,2.0,0.9989566206932068,0.0010450289119035006,0.005379232112318277,0.9998646378517151,0.8171435594558716,0.8167926669120789,0.9991913437843323,0.0008090650080703199,0.003913366701453924,0.9999125003814697,0.6500989198684692,0.6498579978942871
192.0,3.0,0.9988959431648254,0.0011055344948545098,0.005463278386741877,0.9998719096183777,0.774378776550293,0.7740314602851868,0.999322772026062,0.0006777495727874339,0.0040698121301829815,0.9998745918273926,0.8423033356666565,0.8420190811157227
192.0,4.0,0.999259352684021,0.0007415182190015912,0.0034686762373894453,0.9999029040336609,0.7675338387489319,0.7672262191772461,0.9984618425369263,0.0015383166028186679,0.008493888191878796,0.999814510345459,0.8352029919624329,0.8348191380500793
193.0,0.0,0.9989365935325623,0.0010642416309565306,0.00539363780990243,0.9998667240142822,0.807360053062439,0.806995153427124,0.9995750188827515,0.00042515964014455676,0.002590527292340994,0.9999367594718933,0.6149897575378418,0.6149831414222717
193.0,1.0,0.9989732503890991,0.001027164631523192,0.005680920090526342,0.9998628497123718,0.776153564453125,0.7758678793907166,0.9990836381912231,0.0009164526127278805,0.0027524768374860287,0.9999163746833801,0.8516650199890137,0.8511224389076233
193.0,2.0,0.9989557266235352,0.0010450314730405807,0.005379244685173035,0.999865710735321,0.8171432614326477,0.8167928457260132,0.999191403388977,0.0008090643677860498,0.003913345746695995,0.9999126195907593,0.6500991582870483,0.6498578786849976
193.0,3.0,0.9988947510719299,0.0011055347276851535,0.0054632811807096004,0.9998735189437866,0.7743791937828064,0.7740313410758972,0.9993224143981934,0.0006777517846785486,0.004069782327860594,0.9998744130134583,0.8423031568527222,0.8420187830924988
193.0,4.0,0.9992596507072449,0.000741515017580241,0.003468636190518737,0.9999038577079773,0.7675334811210632,0.7672264575958252,0.9984620213508606,0.0015383199788630009,0.008493893779814243,0.9998147487640381,0.835202693939209,0.834818959236145
194.0,0.0,0.9989363551139832,0.0010642434936016798,0.005393652245402336,0.9998668432235718,0.8073602318763733,0.8069950342178345,0.9995748996734619,0.0004251656646374613,0.0025905598886311054,0.9999366402626038,0.614989697933197,0.614983081817627
194.0,1.0,0.9989734292030334,0.0010271640494465828,0.005680940579622984,0.9998642802238464,0.776153564453125,0.7758674025535583,0.9990836977958679,0.0009164584917016327,0.002752461703494191,0.9999165534973145,0.8516650199890137,0.851122260093689
194.0,2.0,0.9989559054374695,0.001045029261149466,0.005379233509302139,0.9998659491539001,0.8171432614326477,0.8167922496795654,0.999191164970398,0.0008090625051409006,0.003913356922566891,0.999912440776825,0.6500990986824036,0.6498578190803528
194.0,3.0,0.9988955855369568,0.001105531700886786,0.005463282577693462,0.9998729228973389,0.7743792533874512,0.7740313410758972,0.9993231296539307,0.0006777505623176694,0.00406979862600565,0.9998742938041687,0.8423030972480774,0.8420189023017883
194.0,4.0,0.9992595314979553,0.000741515017580241,0.0034686799626797438,0.99990314245224,0.7675336003303528,0.7672263979911804,0.9984618425369263,0.001538317184895277,0.008493899367749691,0.9998140931129456,0.835202693939209,0.8348190784454346
195.0,0.0,0.9989365935325623,0.0010642437264323235,0.00539363594725728,0.9998675584793091,0.8073601126670837,0.8069952726364136,0.9995748996734619,0.00042516595567576587,0.0025905570946633816,0.9999368190765381,0.6149897575378418,0.6149830222129822
195.0,1.0,0.9989729523658752,0.0010271635837852955,0.0056809550151228905,0.9998637437820435,0.7761532664299011,0.7758677005767822,0.9990836381912231,0.0009164594812318683,0.0027524717152118683,0.9999164938926697,0.8516651391983032,0.8511223793029785
195.0,2.0,0.9989559650421143,0.001045030658133328,0.0053792488761246204,0.9998655319213867,0.8171434998512268,0.8167924880981445,0.999191164970398,0.0008090621558949351,0.003913364373147488,0.999912679195404,0.650098979473114,0.6498579382896423
195.0,3.0,0.9988951683044434,0.0011055342620238662,0.005463277921080589,0.9998728632926941,0.7743790149688721,0.7740315198898315,0.9993226528167725,0.0006777504459023476,0.004069789312779903,0.9998744130134583,0.8423029184341431,0.8420188426971436
195.0,4.0,0.999259352684021,0.0007415188592858613,0.003468666458502412,0.9999033212661743,0.7675334215164185,0.7672266364097595,0.9984616637229919,0.001538317184895277,0.008493880741298199,0.9998144507408142,0.8352031111717224,0.8348195552825928
196.0,0.0,0.9989362359046936,0.0010642448905855417,0.005393659230321646,0.9998668432235718,0.8073601126670837,0.8069950342178345,0.9995749592781067,0.00042516080429777503,0.0025905442889779806,0.9999368190765381,0.614989697933197,0.6149830222129822
196.0,1.0,0.9989736676216125,0.001027161255478859,0.005680946633219719,0.9998639822006226,0.7761533856391907,0.7758675813674927,0.9990837574005127,0.0009164572111330926,0.0027524412143975496,0.9999163150787354,0.8516651391983032,0.8511224985122681
196.0,2.0,0.9989557862281799,0.0010450307745486498,0.005379233043640852,0.9998655319213867,0.8171432018280029,0.816791832447052,0.9991905689239502,0.0008090640767477453,0.003913338761776686,0.999912679195404,0.6500990986824036,0.6498578786849976
196.0,3.0,0.9988956451416016,0.0011055360082536936,0.005463290493935347,0.9998728632926941,0.7743790745735168,0.774031400680542,0.9993232488632202,0.0006777482340112329,0.004069805145263672,0.9998747110366821,0.8423030376434326,0.8420187830924988
196.0,4.0,0.9992595314979553,0.0007415216532535851,0.0034686578437685966,0.9999027848243713,0.7675336003303528,0.7672261595726013,0.9984620809555054,0.0015383141580969095,0.008493871428072453,0.9998144507408142,0.8352027535438538,0.8348188996315002
197.0,0.0,0.9989379644393921,0.0010642434936016798,0.005393622443079948,0.9998670816421509,0.8073598146438599,0.8069949150085449,0.9995748996734619,0.0004251765494700521,0.0025905382353812456,0.9999368190765381,0.6149897575378418,0.614983081817627
197.0,1.0,0.9989738464355469,0.0010271620703861117,0.005680933594703674,0.9998635053634644,0.7761539220809937,0.7758676409721375,0.9990836977958679,0.0009164519142359495,0.002752463798969984,0.9999165534973145,0.8516649603843689,0.8511225581169128
197.0,2.0,0.9989559650421143,0.0010450287954881787,0.005379237700253725,0.9998664259910583,0.8171429634094238,0.8167924284934998,0.9991913437843323,0.0008090613409876823,0.0039133429527282715,0.9999129176139832,0.6500990986824036,0.6498579382896423
197.0,3.0,0.9988950490951538,0.00110553577542305,0.005463287699967623,0.9998729825019836,0.7743794918060303,0.7740312218666077,0.9993226528167725,0.0006777512608096004,0.004069808404892683,0.9998747110366821,0.8423030972480774,0.8420190215110779
197.0,4.0,0.9992588758468628,0.000741515017580241,0.0034686753060668707,0.9999037384986877,0.7675334811210632,0.7672263979911804,0.9984623193740845,0.0015383188147097826,0.008493885397911072,0.9998144507408142,0.8352034091949463,0.8348191976547241
198.0,0.0,0.9989364743232727,0.0010642411652952433,0.005393635481595993,0.9998668432235718,0.807360053062439,0.8069949746131897,0.9995747208595276,0.00042515649693086743,0.00259054615162313,0.9999366998672485,0.6149898171424866,0.6149832010269165
198.0,1.0,0.9989734292030334,0.001027163933031261,0.005680909845978022,0.9998632073402405,0.7761536836624146,0.7758678197860718,0.9990836977958679,0.0009164551156572998,0.0027524647302925587,0.9999165534973145,0.8516650795936584,0.8511224985122681
198.0,2.0,0.9989567399024963,0.0010450294939801097,0.0053792246617376804,0.9998664259910583,0.8171435594558716,0.8167923092842102,0.9991912245750427,0.0008090664632618427,0.003913344815373421,0.999912679195404,0.6500990986824036,0.6498578190803528
198.0,3.0,0.9988953471183777,0.0011055400827899575,0.005463283509016037,0.9998728632926941,0.7743789553642273,0.774031400680542,0.9993231296539307,0.0006777466624043882,0.00406980887055397,0.9998747110366821,0.8423029780387878,0.8420191407203674
198.0,4.0,0.999259352684021,0.0007415165309794247,0.003468681825324893,0.9999036192893982,0.7675334811210632,0.7672263383865356,0.9984618425369263,0.0015383150894194841,0.008493872359395027,0.9998147487640381,0.835203230381012,0.8348195552825928
199.0,0.0,0.9989370107650757,0.0010642418637871742,0.005393640603870153,0.999866247177124,0.8073602914810181,0.8069942593574524,0.9995747804641724,0.00042516106623224914,0.002590553369373083,0.9999366402626038,0.614989697933197,0.614983081817627
199.0,1.0,0.9989738464355469,0.0010271611390635371,0.005680913105607033,0.9998638033866882,0.7761536836624146,0.7758674025535583,0.9990839958190918,0.0009164519142359495,0.002752472646534443,0.9999161958694458,0.8516648411750793,0.8511224985122681
199.0,2.0,0.9989553689956665,0.0010450296103954315,0.005379228852689266,0.9998654723167419,0.8171434998512268,0.8167926669120789,0.999191403388977,0.0008090651826933026,0.003913345746695995,0.999912679195404,0.6500990986824036,0.6498578190803528
199.0,3.0,0.998894989490509,0.0011055396171286702,0.00546327605843544,0.9998729825019836,0.7743786573410034,0.7740313410758972,0.999322772026062,0.0006777465459890664,0.004069801885634661,0.9998745918273926,0.8423031568527222,0.8420188426971436
199.0,4.0,0.999259889125824,0.0007415174623019993,0.0034686794970184565,0.9999035596847534,0.7675336599349976,0.7672262191772461,0.9984614253044128,0.0015383162535727024,0.008493897505104542,0.999814510345459,0.8352027535438538,0.8348191976547241
