epoch,fold,dice_train,loss_train,bce_train,accuracy_train,precision_train,f1_train,dice_test,loss_test,bce_test,accuracy_test,precision_test,f1_test
0.0,0.0,0.5724816918373108,0.4275180399417877,0.4770551919937134,0.8869413733482361,0.5694833993911743,0.5487544536590576,0.7776003479957581,0.22239971160888672,0.571958601474762,0.9719855189323425,0.756138026714325,0.6932649612426758
0.0,1.0,0.7326545119285583,0.2673453390598297,0.448316365480423,0.9693777561187744,0.6842390894889832,0.6312175989151001,0.6708562970161438,0.32914406061172485,0.6787311434745789,0.9515356421470642,0.5573980212211609,0.5059368014335632
0.0,2.0,0.756321907043457,0.24367842078208923,0.5315664410591125,0.9702617526054382,0.6896461248397827,0.6455995440483093,0.6673948168754578,0.3326052129268646,0.7035085558891296,0.9573976397514343,0.5563146471977234,0.5023495554924011
0.0,3.0,0.7455586791038513,0.2544422745704651,0.634040117263794,0.9675617218017578,0.6825981140136719,0.6215961575508118,0.7690445780754089,0.23095504939556122,0.3509460985660553,0.9762767553329468,0.7360677123069763,0.6591838598251343
0.0,4.0,0.7831422090530396,0.21685805916786194,0.5548992156982422,0.9735769629478455,0.6949813961982727,0.653554379940033,0.6290753483772278,0.3709244430065155,1.0766346454620361,0.9483819007873535,0.5577925443649292,0.4923323392868042
1.0,0.0,0.7800962328910828,0.21990437805652618,0.6073376536369324,0.9725767970085144,0.6909316182136536,0.6484971642494202,0.8355634808540344,0.16443689167499542,0.4421006441116333,0.9841358065605164,0.7281909584999084,0.7439863681793213
1.0,1.0,0.7809781432151794,0.2190224826335907,0.5853599309921265,0.9743098020553589,0.6901770234107971,0.6531285047531128,0.874000072479248,0.12600021064281464,0.37620821595191956,0.9843141436576843,0.730955958366394,0.7186641097068787
1.0,2.0,0.8140754699707031,0.18592469394207,0.5208180546760559,0.9779130816459656,0.7276638150215149,0.6873388290405273,0.6768531203269958,0.3231467008590698,0.9268932938575745,0.9586932063102722,0.5623355507850647,0.5060527324676514
1.0,3.0,0.8464711308479309,0.15352900326251984,0.4616622030735016,0.981115460395813,0.7366366386413574,0.7093445062637329,0.8498252630233765,0.15017445385456085,0.4090590178966522,0.980049729347229,0.7553906440734863,0.678833544254303
1.0,4.0,0.8464342355728149,0.1535661369562149,0.47403794527053833,0.9817790389060974,0.7266650199890137,0.6902766227722168,0.6680659055709839,0.33193397521972656,0.9255274534225464,0.9530771374702454,0.569556713104248,0.5135772824287415
2.0,0.0,0.8576114177703857,0.14238882064819336,0.3904907703399658,0.9834152460098267,0.7317616939544678,0.7038329839706421,0.8928753137588501,0.10712490230798721,0.29950207471847534,0.9884043335914612,0.7657400369644165,0.7620418071746826
2.0,1.0,0.7995248436927795,0.20047445595264435,1.311070203781128,0.9741013050079346,0.6983824968338013,0.6514589786529541,0.9006425738334656,0.09935744106769562,0.3453137278556824,0.9873983860015869,0.7491287589073181,0.7268800735473633
2.0,2.0,0.8845255970954895,0.1154746264219284,0.4235806465148926,0.9853517413139343,0.7554413080215454,0.730972409248352,0.8883077502250671,0.11169247329235077,0.32002803683280945,0.9887620210647583,0.7455121278762817,0.722880482673645
2.0,3.0,0.8837372660636902,0.11626317352056503,0.43008801341056824,0.985419511795044,0.7560752630233765,0.7245814800262451,0.8931736946105957,0.1068262979388237,0.38067659735679626,0.9868481755256653,0.7500084638595581,0.7160508036613464
2.0,4.0,0.8874834775924683,0.11251778900623322,0.3622727692127228,0.9868060946464539,0.743569016456604,0.7208240032196045,0.9061654210090637,0.09383463859558105,0.24350635707378387,0.9877281188964844,0.7880032658576965,0.7577617168426514
3.0,0.0,0.87611323595047,0.12388651818037033,0.4776371419429779,0.9847119450569153,0.7435666918754578,0.7147436738014221,0.8857386708259583,0.11426161974668503,0.6229932308197021,0.9801146984100342,0.7993347644805908,0.7285341620445251
3.0,1.0,0.9030358791351318,0.09696345776319504,0.32710376381874084,0.9880521893501282,0.7615490555763245,0.740358293056488,0.9139387011528015,0.08606155961751938,0.2792915403842926,0.9896687865257263,0.7589657306671143,0.7369227409362793
3.0,2.0,0.9100210666656494,0.08997932821512222,0.34241411089897156,0.9886570572853088,0.7723182439804077,0.7519692182540894,0.915263295173645,0.08473612368106842,0.22294509410858154,0.9911348819732666,0.7564671039581299,0.7380915284156799
3.0,3.0,0.90047687292099,0.09952321648597717,0.3323765695095062,0.9868971109390259,0.7610465288162231,0.7439331412315369,0.905413806438446,0.0945863202214241,0.2304113507270813,0.9911385774612427,0.7648988366127014,0.7501387000083923
3.0,4.0,0.8964087963104248,0.10359065234661102,0.3035539984703064,0.9885532259941101,0.7595667243003845,0.741998016834259,0.9079810380935669,0.0920187458395958,0.48126399517059326,0.9876031279563904,0.7750020027160645,0.7526581883430481
4.0,0.0,0.8862283825874329,0.11377259343862534,0.4234331548213959,0.9855273365974426,0.7439901828765869,0.7206049561500549,0.9379002451896667,0.06209998577833176,0.23244664072990417,0.9911177158355713,0.8040735125541687,0.7825044393539429
4.0,1.0,0.9180001020431519,0.08199980109930038,0.317640483379364,0.9898755550384521,0.7729339599609375,0.7577918171882629,0.8922428488731384,0.10775717347860336,0.7950160503387451,0.9836819767951965,0.7637490630149841,0.712540864944458
4.0,2.0,0.9242335557937622,0.0757664367556572,0.26488128304481506,0.9905814528465271,0.7780993580818176,0.7640340924263,0.9366574287414551,0.06334270536899567,0.20470012724399567,0.9922128319740295,0.7555179595947266,0.7518762350082397
4.0,3.0,0.9062933921813965,0.0937066301703453,0.2922156751155853,0.9880601763725281,0.7648704648017883,0.7505801320075989,0.9215640425682068,0.0784359723329544,0.22559574246406555,0.9912099242210388,0.7706221342086792,0.7467332482337952
4.0,4.0,0.9223478436470032,0.0776517242193222,0.2913341820240021,0.9903280735015869,0.7707933783531189,0.7539960741996765,0.946392297744751,0.05360797047615051,0.20972374081611633,0.9920047521591187,0.8036465048789978,0.7908650636672974
5.0,0.0,0.9334257245063782,0.06657522171735764,0.21958531439304352,0.991584300994873,0.7731064558029175,0.7627703547477722,0.9505170583724976,0.049482814967632294,0.2234618067741394,0.9919373989105225,0.7967829704284668,0.7950559258460999
5.0,1.0,0.9381119608879089,0.06188736855983734,0.23094379901885986,0.9916402697563171,0.7794752717018127,0.7695549130439758,0.9482371211051941,0.05176335573196411,0.19010184705257416,0.992404043674469,0.7863492965698242,0.7668925523757935
5.0,2.0,0.9141753911972046,0.08582556247711182,0.29864558577537537,0.9884979724884033,0.7715917825698853,0.754279613494873,0.9293872714042664,0.07061246782541275,0.2070869505405426,0.992236852645874,0.7574067115783691,0.7618268728256226
5.0,3.0,0.9279085993766785,0.07209236919879913,0.25925174355506897,0.9908161759376526,0.7807632088661194,0.7697547674179077,0.9326938986778259,0.0673058032989502,0.2896171510219574,0.9915233850479126,0.7684892416000366,0.7540249228477478
5.0,4.0,0.9386584758758545,0.06134119629859924,0.21984978020191193,0.9916786551475525,0.7750066518783569,0.7672966122627258,0.9559503793716431,0.044049449265003204,0.18410052359104156,0.9926887154579163,0.8005792498588562,0.8017451763153076
6.0,0.0,0.918942391872406,0.08105803281068802,0.31034791469573975,0.9900727868080139,0.7677754163742065,0.7484411001205444,0.9285358190536499,0.07146424800157547,0.3763185739517212,0.9901134371757507,0.7948351502418518,0.7722151875495911
6.0,1.0,0.934780478477478,0.06521985679864883,0.22556108236312866,0.9914219379425049,0.7809455394744873,0.7679054737091064,0.9498224258422852,0.05017770454287529,0.19574765861034393,0.9925798773765564,0.7805430889129639,0.7740229368209839
6.0,2.0,0.9485281109809875,0.05147119611501694,0.2031564861536026,0.9923045039176941,0.791534423828125,0.7839915156364441,0.9411829710006714,0.058817699551582336,0.18076086044311523,0.9929652214050293,0.7638051509857178,0.7662727236747742
6.0,3.0,0.9476642608642578,0.05233559384942055,0.19925133883953094,0.99216228723526,0.7862863540649414,0.7789598703384399,0.9477328658103943,0.05226752161979675,0.20911836624145508,0.9927167892456055,0.7749954462051392,0.7696735262870789
6.0,4.0,0.945110023021698,0.054890409111976624,0.21064405143260956,0.9919217228889465,0.7806618213653564,0.7715375423431396,0.9562345743179321,0.043765630573034286,0.18981552124023438,0.9928434491157532,0.8049719929695129,0.8037395477294922
7.0,0.0,0.9490395784378052,0.050961147993803024,0.20789024233818054,0.9924642443656921,0.7817932367324829,0.7746527791023254,0.944029688835144,0.0559699572622776,0.23065787553787231,0.9922078251838684,0.7932751178741455,0.7965837717056274
7.0,1.0,0.950666606426239,0.049334198236465454,0.21010801196098328,0.9926219582557678,0.7884185314178467,0.7824788689613342,0.9542170166969299,0.045782797038555145,0.17781934142112732,0.993141770362854,0.7860143780708313,0.77637779712677
7.0,2.0,0.9272107481956482,0.07279045134782791,0.23161107301712036,0.9916396737098694,0.7871183753013611,0.7767045497894287,0.9477131366729736,0.05228707566857338,0.2535438537597656,0.9922696352005005,0.7539355754852295,0.7564764618873596
7.0,3.0,0.9522234797477722,0.04777711257338524,0.19660243391990662,0.9929126501083374,0.7884078025817871,0.7827165126800537,0.8599063754081726,0.14009368419647217,0.33005088567733765,0.9895356297492981,0.7200090289115906,0.7483683824539185
7.0,4.0,0.9493210315704346,0.050679441541433334,0.20668791234493256,0.9926748871803284,0.7839083671569824,0.7767248749732971,0.9551119804382324,0.0448877178132534,0.1876777559518814,0.9932246804237366,0.8135436177253723,0.8045684695243835
8.0,0.0,0.9516518115997314,0.04834854230284691,0.2069370299577713,0.9930427670478821,0.7866463661193848,0.7790306210517883,0.9589648246765137,0.041035156697034836,0.2088867723941803,0.9931792616844177,0.8079332709312439,0.8020687699317932
8.0,1.0,0.9294335842132568,0.07056731730699539,0.3107296824455261,0.9915741682052612,0.7793989777565002,0.7635802626609802,0.9363976120948792,0.06360284239053726,0.24129566550254822,0.9930078387260437,0.769881546497345,0.7548360824584961
8.0,2.0,0.9428626894950867,0.05713808164000511,0.2893570065498352,0.9918864369392395,0.7911189198493958,0.7789406776428223,0.9534117579460144,0.046587999910116196,0.2180435210466385,0.9933269023895264,0.7712745070457458,0.7639741897583008
8.0,3.0,0.956641674041748,0.043358199298381805,0.20475180447101593,0.9931771159172058,0.7934017777442932,0.7872962951660156,0.9494653344154358,0.05053470656275749,0.2151610553264618,0.993269681930542,0.7821169495582581,0.7713894248008728
8.0,4.0,0.956601083278656,0.04339883103966713,0.19980363547801971,0.9933902025222778,0.7862630486488342,0.7811068296432495,0.9627544283866882,0.03724570944905281,0.1847485899925232,0.9937283992767334,0.8109508156776428,0.8074182271957397
9.0,0.0,0.9563140273094177,0.043687283992767334,0.19982920587062836,0.9934006333351135,0.7876232862472534,0.7833707332611084,0.9592422842979431,0.04075777903199196,0.20965862274169922,0.9933356642723083,0.8060396313667297,0.8048924207687378
9.0,1.0,0.9543402791023254,0.045659586787223816,0.21532823145389557,0.9932419657707214,0.7912487387657166,0.7853906750679016,0.9454135894775391,0.054586563259363174,0.2045109122991562,0.9933220744132996,0.7741590738296509,0.779052197933197
9.0,2.0,0.9571203589439392,0.04288024455308914,0.2009277045726776,0.9933616518974304,0.7956831455230713,0.790929913520813,0.9636409878730774,0.036359112709760666,0.1814742088317871,0.9941494464874268,0.781242311000824,0.7748410701751709
9.0,3.0,0.9587043523788452,0.04129603132605553,0.19370710849761963,0.9936156868934631,0.7952644228935242,0.791802167892456,0.9542989134788513,0.04570135846734047,0.22570586204528809,0.993441641330719,0.7827125787734985,0.7768399715423584
9.0,4.0,0.9549806118011475,0.045020073652267456,0.21080748736858368,0.993385374546051,0.7885067462921143,0.7821616530418396,0.9585204720497131,0.0414796844124794,0.1846977323293686,0.9938328266143799,0.8105637431144714,0.8004715442657471
10.0,0.0,0.9579578638076782,0.04204218089580536,0.20051023364067078,0.9936697483062744,0.7901033163070679,0.7842914462089539,0.9605036973953247,0.039496514946222305,0.23136006295681,0.9934216737747192,0.8048160672187805,0.8048729300498962
10.0,1.0,0.9492694139480591,0.05073106288909912,0.22288323938846588,0.9931369423866272,0.7919798493385315,0.783247172832489,0.9549577832221985,0.04504206031560898,0.19429895281791687,0.9937727451324463,0.7853568196296692,0.7836208939552307
10.0,2.0,0.9602351784706116,0.03976554423570633,0.20067214965820312,0.993715763092041,0.7997140288352966,0.7943314909934998,0.9667432904243469,0.03325678035616875,0.1841452717781067,0.9943535923957825,0.7799721956253052,0.7766491174697876
10.0,3.0,0.9610580801963806,0.03894224017858505,0.19405494630336761,0.9938384294509888,0.7954121828079224,0.7911895513534546,0.9547618627548218,0.045238375663757324,0.21986323595046997,0.9937392473220825,0.7846583127975464,0.776655375957489
10.0,4.0,0.9499002695083618,0.050100307911634445,0.2624821960926056,0.9930573105812073,0.7856082320213318,0.7758663296699524,0.9611268043518066,0.03887319192290306,0.19658197462558746,0.9939501285552979,0.8078230619430542,0.8066397309303284
11.0,0.0,0.9485760927200317,0.05142340064048767,0.21237459778785706,0.9936309456825256,0.7843464612960815,0.7770086526870728,0.9367228150367737,0.06327737122774124,0.19982346892356873,0.9921703934669495,0.8191661238670349,0.7985376715660095
11.0,1.0,0.9573537111282349,0.04264608398079872,0.19523337483406067,0.9938001036643982,0.7974228262901306,0.7913540601730347,0.9629930257797241,0.03700747713446617,0.1855931133031845,0.9937747716903687,0.7841989398002625,0.7823021411895752
11.0,2.0,0.9603840112686157,0.03961625695228577,0.1980181187391281,0.9937574863433838,0.7999621033668518,0.7941586375236511,0.9680913686752319,0.03190842643380165,0.17850226163864136,0.9946184158325195,0.7860170006752014,0.7803866267204285
11.0,3.0,0.9652042984962463,0.03479529544711113,0.18574734032154083,0.9942155480384827,0.8012573719024658,0.7963216304779053,0.95034259557724,0.04965734854340553,0.22693777084350586,0.9939606785774231,0.788437008857727,0.7719692587852478
11.0,4.0,0.9607489705085754,0.03925022855401039,0.1964481770992279,0.994171679019928,0.7908630967140198,0.7860859036445618,0.9693703055381775,0.0306294783949852,0.16623732447624207,0.9946213960647583,0.8205738067626953,0.8153945803642273
12.0,0.0,0.957588255405426,0.042412206530570984,0.20664973556995392,0.9939128160476685,0.791639506816864,0.7825102806091309,0.9643322229385376,0.03566758334636688,0.19722002744674683,0.9943044781684875,0.8155373334884644,0.808639407157898
12.0,1.0,0.9625142812728882,0.03748573362827301,0.19133643805980682,0.9944000840187073,0.7992929816246033,0.7948411107063293,0.9521458148956299,0.047854434698820114,0.20099633932113647,0.9939983487129211,0.7929750084877014,0.7764144539833069
12.0,2.0,0.9553364515304565,0.04466449096798897,0.21252098679542542,0.9939494132995605,0.7999158501625061,0.7926983833312988,0.9559985399246216,0.04400091990828514,0.19268959760665894,0.9946114420890808,0.784526526927948,0.7800207734107971
12.0,3.0,0.9614966511726379,0.038504067808389664,0.19623927772045135,0.9943198561668396,0.8006146550178528,0.7947791814804077,0.9522504806518555,0.047749754041433334,0.2175685614347458,0.9942510724067688,0.7808509469032288,0.7744365334510803
12.0,4.0,0.9565834403038025,0.04341629892587662,0.20140157639980316,0.9942606091499329,0.7917692065238953,0.7842398881912231,0.9673987030982971,0.03260144963860512,0.1685275286436081,0.9945878386497498,0.8215188980102539,0.8128016591072083
13.0,0.0,0.9622746706008911,0.037724945694208145,0.19204045832157135,0.9944785833358765,0.7938923239707947,0.78877192735672,0.9606238007545471,0.03937660902738571,0.18724612891674042,0.9942743182182312,0.8085499405860901,0.8075731992721558
13.0,1.0,0.960997462272644,0.03900232911109924,0.20114147663116455,0.9942938685417175,0.8016563653945923,0.7935208678245544,0.9474458694458008,0.05255419760942459,0.20821376144886017,0.9936848878860474,0.7899252772331238,0.7722468376159668
13.0,2.0,0.9631892442703247,0.03681081533432007,0.19963772594928741,0.9945110082626343,0.8028851747512817,0.797082781791687,0.9704614281654358,0.029538633301854134,0.18355970084667206,0.995082676410675,0.7874336838722229,0.7816421985626221
13.0,3.0,0.9658911824226379,0.03410934656858444,0.1933189481496811,0.9946661591529846,0.8019049167633057,0.796169102191925,0.9602721929550171,0.039727747440338135,0.21341468393802643,0.994504451751709,0.7921102046966553,0.7856985926628113
13.0,4.0,0.9576320648193359,0.042368993163108826,0.2077503502368927,0.9943585991859436,0.7915112972259521,0.7840029001235962,0.9709275364875793,0.029072508215904236,0.1726374626159668,0.9949250817298889,0.8218726515769958,0.8174844980239868
14.0,0.0,0.9636263847351074,0.03637411817908287,0.20095933973789215,0.9946458339691162,0.7961565256118774,0.7890827059745789,0.9651059508323669,0.03489402309060097,0.20767411589622498,0.994596004486084,0.8125671148300171,0.8079855442047119
14.0,1.0,0.95988929271698,0.04011046141386032,0.21428678929805756,0.994394838809967,0.8010066747665405,0.7936722636222839,0.9580845832824707,0.04191551357507706,0.21352648735046387,0.9943030476570129,0.7868233323097229,0.779670774936676
14.0,2.0,0.9617018699645996,0.03829854354262352,0.21278806030750275,0.9943661093711853,0.8025346994400024,0.795324444770813,0.9692519307136536,0.030747976154088974,0.19305214285850525,0.9951170682907104,0.7868627309799194,0.7789533734321594
14.0,3.0,0.9674883484840393,0.032512366771698,0.19557662308216095,0.994809091091156,0.802932620048523,0.798510730266571,0.9609835147857666,0.03901636600494385,0.22969263792037964,0.9945991635322571,0.7933527231216431,0.7831459045410156
14.0,4.0,0.9629957675933838,0.03700438141822815,0.21812620759010315,0.9945474863052368,0.7944489121437073,0.7870290875434875,0.9681799411773682,0.03182032331824303,0.18611566722393036,0.9947924613952637,0.8239803910255432,0.8134207725524902
15.0,0.0,0.9648264646530151,0.035173747688531876,0.19942590594291687,0.9948030114173889,0.7964738607406616,0.7910239100456238,0.9606818556785583,0.039318397641181946,0.201902374625206,0.9937279224395752,0.823186457157135,0.8073283433914185
15.0,1.0,0.9623351097106934,0.037665143609046936,0.2098073959350586,0.9945379495620728,0.8023943305015564,0.7944405674934387,0.9679280519485474,0.032072246074676514,0.19561193883419037,0.9949350357055664,0.7898964881896973,0.7888240814208984
15.0,2.0,0.9642590880393982,0.035741616040468216,0.2092297375202179,0.994731605052948,0.8040556311607361,0.7982397675514221,0.9712767004966736,0.02872356027364731,0.19583937525749207,0.9952743649482727,0.7862813472747803,0.7827333807945251
15.0,3.0,0.96595299243927,0.034047435969114304,0.20443855226039886,0.994862973690033,0.8028191924095154,0.796942949295044,0.9543119668960571,0.04568778723478317,0.22964262962341309,0.9941175580024719,0.7908247113227844,0.776309609413147
15.0,4.0,0.9628830552101135,0.03711727634072304,0.21168556809425354,0.9946966171264648,0.7942691445350647,0.7881075143814087,0.9705521464347839,0.029448097571730614,0.18447257578372955,0.9948345422744751,0.8249962329864502,0.8172194957733154
16.0,0.0,0.9669520854949951,0.03304744139313698,0.2021905928850174,0.9949169754981995,0.7973771691322327,0.7919281721115112,0.9621015191078186,0.037898629903793335,0.20624198019504547,0.9942337870597839,0.8237001895904541,0.8069584369659424
16.0,1.0,0.9629827737808228,0.03701579570770264,0.2141987532377243,0.9946107268333435,0.8030667304992676,0.7958268523216248,0.9657489657402039,0.03425099700689316,0.21436139941215515,0.9946907162666321,0.7866793274879456,0.78704434633255
16.0,2.0,0.965877890586853,0.03412169590592384,0.20856839418411255,0.9948362112045288,0.8061255812644958,0.8002002239227295,0.9694393277168274,0.030560992658138275,0.19526150822639465,0.9951210021972656,0.7932845950126648,0.7805942893028259
16.0,3.0,0.9661296606063843,0.03387002274394035,0.20192909240722656,0.9949452877044678,0.8049641847610474,0.7991036176681519,0.9630607962608337,0.036939121782779694,0.2331009954214096,0.9948126077651978,0.7947880625724792,0.7870341539382935
16.0,4.0,0.9656206369400024,0.03437960892915726,0.21319366991519928,0.9948320388793945,0.798295795917511,0.791869044303894,0.9668160676956177,0.03318353742361069,0.18674960732460022,0.9948379993438721,0.8111740350723267,0.8131158351898193
17.0,0.0,0.9678016304969788,0.032198771834373474,0.202818363904953,0.995056688785553,0.7990857362747192,0.794329047203064,0.9676123857498169,0.03238765895366669,0.20766952633857727,0.9949344396591187,0.8166146278381348,0.8142752051353455
17.0,1.0,0.9641790390014648,0.035820554941892624,0.21580825746059418,0.9947990775108337,0.8022992610931396,0.7969452142715454,0.9648271203041077,0.03517327830195427,0.19444967806339264,0.9952479600906372,0.7925218343734741,0.7859151363372803
17.0,2.0,0.962000846862793,0.037999384105205536,0.22069872915744781,0.9944575428962708,0.8048197627067566,0.796770453453064,0.9726771712303162,0.027323057875037193,0.18915008008480072,0.9953650832176208,0.7891521453857422,0.7854247093200684
17.0,3.0,0.9689469337463379,0.03105342946946621,0.19507038593292236,0.9950724244117737,0.8056355714797974,0.7993271946907043,0.9633213877677917,0.03667839616537094,0.21729014813899994,0.9948513507843018,0.794158399105072,0.786196768283844
17.0,4.0,0.9667201638221741,0.03327994793653488,0.1941879838705063,0.995151937007904,0.7982972264289856,0.792812705039978,0.9732101559638977,0.026790687814354897,0.17749644815921783,0.9953111410140991,0.8173344135284424,0.8207201957702637
18.0,0.0,0.9667086005210876,0.03329167142510414,0.18643607199192047,0.9952179789543152,0.7986443042755127,0.7931565046310425,0.9695924520492554,0.03040703386068344,0.18587392568588257,0.9952507615089417,0.8187411427497864,0.8149458169937134
18.0,1.0,0.9689580202102661,0.031042108312249184,0.18616105616092682,0.9952796697616577,0.8034810423851013,0.8008372187614441,0.9689793586730957,0.031020790338516235,0.18036328256130219,0.9953811764717102,0.7884242534637451,0.7899268269538879
18.0,2.0,0.9678197503089905,0.03218131512403488,0.18341869115829468,0.9952875971794128,0.8060484528541565,0.8014701008796692,0.9718922972679138,0.028107883408665657,0.1588565707206726,0.9957955479621887,0.7848917841911316,0.7828967571258545
18.0,3.0,0.970957338809967,0.029042934998869896,0.16922438144683838,0.995564341545105,0.8052030801773071,0.8021999001502991,0.961605966091156,0.03839384391903877,0.21192902326583862,0.9950361251831055,0.7811284065246582,0.783165693283081
18.0,4.0,0.969456672668457,0.030543910339474678,0.18244808912277222,0.9954335689544678,0.7984378933906555,0.79503333568573,0.9712163805961609,0.028783269226551056,0.18669988214969635,0.9953097701072693,0.810268223285675,0.8172799944877625
19.0,0.0,0.9663480520248413,0.03365291655063629,0.18109966814517975,0.9955065846443176,0.7969771027565002,0.7944586277008057,0.9717606902122498,0.028239350765943527,0.17571565508842468,0.9955773949623108,0.819025993347168,0.8159201741218567
19.0,1.0,0.9694644808769226,0.030535629019141197,0.1712324470281601,0.995588481426239,0.8038957118988037,0.8013492226600647,0.9718171954154968,0.0281824953854084,0.15437373518943787,0.9958438873291016,0.7984228730201721,0.7924738526344299
19.0,2.0,0.9704574346542358,0.02954203449189663,0.1679091900587082,0.9957060813903809,0.8076616525650024,0.8043630719184875,0.9761862754821777,0.023813772946596146,0.15609174966812134,0.9959731698036194,0.7951998114585876,0.7890621423721313
19.0,3.0,0.9694291353225708,0.030571309849619865,0.16415464878082275,0.9956728219985962,0.8037937879562378,0.8008581399917603,0.962049126625061,0.037950702011585236,0.2187027782201767,0.9951789975166321,0.7907007932662964,0.7832089066505432
19.0,4.0,0.971333920955658,0.02866659127175808,0.15954451262950897,0.9958592653274536,0.7987168431282043,0.7963482737541199,0.9754897356033325,0.024510784074664116,0.13222408294677734,0.9959812760353088,0.8281166553497314,0.8209600448608398
20.0,0.0,0.9717538952827454,0.028246039524674416,0.15365105867385864,0.995900571346283,0.8002368807792664,0.797882080078125,0.9734638929367065,0.02653653919696808,0.14532658457756042,0.9959409236907959,0.8216601014137268,0.8187070488929749
20.0,1.0,0.9723545908927917,0.027645215392112732,0.15315422415733337,0.9959885478019714,0.8059600591659546,0.8038949966430664,0.9745100140571594,0.025490012019872665,0.13619066774845123,0.9961757659912109,0.8004828095436096,0.7951556444168091
20.0,2.0,0.9718356728553772,0.028163734823465347,0.1482091099023819,0.9959841370582581,0.808570384979248,0.8062933087348938,0.9773513674736023,0.022648798301815987,0.12471205741167068,0.9965053200721741,0.7909145355224609,0.7874576449394226
20.0,3.0,0.9753168821334839,0.02468268573284149,0.13445715606212616,0.9962077140808105,0.8074917793273926,0.8068870902061462,0.9679917097091675,0.032008327543735504,0.15781284868717194,0.9960538148880005,0.7957807183265686,0.7908221483230591
20.0,4.0,0.9715787172317505,0.028421195223927498,0.14353471994400024,0.9961474537849426,0.7997249960899353,0.7978085279464722,0.9778436422348022,0.022156748920679092,0.11505396664142609,0.9965472221374512,0.8225551843643188,0.8254247903823853
21.0,0.0,0.9738609790802002,0.02614007517695427,0.12891705334186554,0.9962866306304932,0.8001333475112915,0.7997801899909973,0.9722864627838135,0.027713358402252197,0.1284845620393753,0.9959237575531006,0.8283935189247131,0.8166568279266357
21.0,1.0,0.9712284803390503,0.028771137818694115,0.16371062397956848,0.9958130717277527,0.8049771189689636,0.8019543886184692,0.9728041291236877,0.02719568833708763,0.14469903707504272,0.9962354898452759,0.7966946959495544,0.7949395179748535
21.0,2.0,0.974398136138916,0.025602197274565697,0.129167377948761,0.996353268623352,0.8097905516624451,0.8083953857421875,0.976199209690094,0.023800648748874664,0.1186986118555069,0.9966220855712891,0.7859079837799072,0.7859815955162048
21.0,3.0,0.9724989533424377,0.02750151790678501,0.13121642172336578,0.9962145090103149,0.8070043921470642,0.8035657405853271,0.9726120829582214,0.02738759107887745,0.13429124653339386,0.9965013861656189,0.790644109249115,0.7940703630447388
21.0,4.0,0.974391758441925,0.025608744472265244,0.1262732595205307,0.9963769316673279,0.7985652089118958,0.7996655702590942,0.9783380627632141,0.02166207879781723,0.1168733611702919,0.9965255856513977,0.8218304514884949,0.8256941437721252
22.0,0.0,0.9760661721229553,0.023933516815304756,0.11594288051128387,0.9965856075286865,0.8011245131492615,0.8017157912254333,0.9738807678222656,0.026119131594896317,0.1296466886997223,0.996283233165741,0.824130654335022,0.8186892867088318
22.0,1.0,0.9733153581619263,0.026684841141104698,0.130776047706604,0.9963054060935974,0.8058052062988281,0.8055306077003479,0.9741655588150024,0.0258345827460289,0.12671837210655212,0.996335506439209,0.7863782048225403,0.7961164116859436
22.0,2.0,0.972176730632782,0.027822673320770264,0.11537150293588638,0.9964417815208435,0.8062641620635986,0.8063471913337708,0.9777679443359375,0.022232113406062126,0.0858534500002861,0.9968470335006714,0.7910853028297424,0.7902031540870667
22.0,3.0,0.9768845438957214,0.023115308955311775,0.10982242226600647,0.9966481328010559,0.8076006770133972,0.8081153035163879,0.9757194519042969,0.024280384182929993,0.12520509958267212,0.9966498613357544,0.7958906292915344,0.7994499206542969
22.0,4.0,0.976759672164917,0.023240048438310623,0.10572217404842377,0.9967528581619263,0.8022569417953491,0.8021271824836731,0.9788697361946106,0.021130336448550224,0.09753639250993729,0.9968187212944031,0.8189364075660706,0.826210618019104
23.0,0.0,0.9734641909599304,0.02653653733432293,0.11943982541561127,0.9964507818222046,0.8010215759277344,0.800879180431366,0.9752132296562195,0.024787085130810738,0.10565763711929321,0.9966802597045898,0.8237602114677429,0.8212972283363342
23.0,1.0,0.9772570133209229,0.02274206653237343,0.0993368998169899,0.9968384504318237,0.8095370531082153,0.8092442750930786,0.9767068028450012,0.023292778059840202,0.08812719583511353,0.9966835379600525,0.8038823008537292,0.799100935459137
23.0,2.0,0.9754636287689209,0.024536889046430588,0.1012849435210228,0.9967336654663086,0.8096146583557129,0.8092806935310364,0.9792629480361938,0.020736515522003174,0.09364069998264313,0.9970982074737549,0.7910218834877014,0.7914698719978333
23.0,3.0,0.9763063788414001,0.02369283139705658,0.11022845655679703,0.9966360926628113,0.8072552680969238,0.8074212074279785,0.9698270559310913,0.030172856524586678,0.12755343317985535,0.9965578317642212,0.7966495752334595,0.7929257154464722
23.0,4.0,0.9770233631134033,0.02297581546008587,0.1011255607008934,0.9968347549438477,0.8024455904960632,0.8017870187759399,0.9804069995880127,0.01959299109876156,0.08037657290697098,0.9971136450767517,0.822403073310852,0.8261299133300781
24.0,0.0,0.9758380651473999,0.02416115626692772,0.09494985640048981,0.9969207048416138,0.8017129898071289,0.8011178970336914,0.9760406613349915,0.02395937219262123,0.12832961976528168,0.9966686367988586,0.8205443620681763,0.8210164904594421
24.0,1.0,0.9766761064529419,0.023324040696024895,0.10424689948558807,0.9968234896659851,0.8100828528404236,0.8096521496772766,0.9757153987884521,0.024284889921545982,0.08633607625961304,0.9969950914382935,0.7988963723182678,0.7957693934440613
24.0,2.0,0.9730013012886047,0.026997575536370277,0.11214698106050491,0.9965899586677551,0.8097668290138245,0.8073245882987976,0.9775010943412781,0.022498834878206253,0.08386024832725525,0.9972376227378845,0.7923464179039001,0.7862963080406189
24.0,3.0,0.9785889983177185,0.021411750465631485,0.0914405807852745,0.9969863295555115,0.8094889521598816,0.8090522885322571,0.9763160943984985,0.02368440292775631,0.09022562205791473,0.9969046115875244,0.7995206117630005,0.7985185980796814
24.0,4.0,0.9772725701332092,0.022727182134985924,0.09295491129159927,0.996997594833374,0.8035818338394165,0.8032165765762329,0.9767451882362366,0.023255327716469765,0.0898866280913353,0.9963489770889282,0.8310841917991638,0.8225215673446655
25.0,0.0,0.9793403744697571,0.020659426227211952,0.08664172887802124,0.9970946311950684,0.8043528199195862,0.8045075535774231,0.976367712020874,0.023632239550352097,0.10167740285396576,0.9968660473823547,0.8199905753135681,0.8201262950897217
25.0,1.0,0.9770587682723999,0.022941654548048973,0.09270721673965454,0.9969782829284668,0.8076450824737549,0.80836021900177,0.9781983494758606,0.021802037954330444,0.08502145856618881,0.9971007108688354,0.800254762172699,0.8010811805725098
25.0,2.0,0.9774750471115112,0.022524584084749222,0.09266841411590576,0.9969459176063538,0.8122313022613525,0.8114808201789856,0.9831744432449341,0.01682574860751629,0.0774412602186203,0.9974367022514343,0.7953226566314697,0.7957383990287781
25.0,3.0,0.9817492961883545,0.01824983023107052,0.08092742413282394,0.997214138507843,0.8123452067375183,0.8127666115760803,0.9745478630065918,0.025452686473727226,0.0825754851102829,0.9971864819526672,0.7995921969413757,0.7962361574172974
25.0,4.0,0.9774739742279053,0.022526124492287636,0.08823329955339432,0.9970536828041077,0.8038584589958191,0.8030010461807251,0.9810932874679565,0.01890699192881584,0.07343649864196777,0.9972274303436279,0.826980471611023,0.8285394310951233
26.0,0.0,0.9756706953048706,0.02432829886674881,0.09746167808771133,0.9969213008880615,0.802358090877533,0.8013947606086731,0.9764198660850525,0.0235801599919796,0.13001009821891785,0.9965009689331055,0.8149240612983704,0.821942150592804
26.0,1.0,0.9793541431427002,0.02064565382897854,0.08711414784193039,0.9971092939376831,0.8109026551246643,0.8111381530761719,0.9823487997055054,0.01765151135623455,0.07725043594837189,0.9972702860832214,0.8011927604675293,0.801568865776062
26.0,2.0,0.9790439009666443,0.02095554769039154,0.08965688198804855,0.9970489144325256,0.8121702671051025,0.8122939467430115,0.9801075458526611,0.019892266020178795,0.09142529964447021,0.997251570224762,0.788237988948822,0.7903361320495605
26.0,3.0,0.9800145030021667,0.019985131919384003,0.08568229526281357,0.9970932602882385,0.8113360404968262,0.8107323050498962,0.9724850058555603,0.027515413239598274,0.0911196768283844,0.9971486926078796,0.7946249842643738,0.7971656918525696
26.0,4.0,0.9776721000671387,0.02232750691473484,0.09099148213863373,0.9970681071281433,0.8037948608398438,0.8027780055999756,0.9815304279327393,0.018470270559191704,0.06404254585504532,0.9973148703575134,0.8248206377029419,0.8281386494636536
27.0,0.0,0.977741539478302,0.022258037701249123,0.10245423018932343,0.9968746900558472,0.8043174743652344,0.8029009699821472,0.9755216240882874,0.024478008970618248,0.09855394065380096,0.9969837665557861,0.8189752697944641,0.8231030106544495
27.0,1.0,0.9801947474479675,0.019804855808615685,0.08634734898805618,0.9971720576286316,0.811683714389801,0.8115976452827454,0.9814271330833435,0.01857299730181694,0.07012015581130981,0.997268557548523,0.801738977432251,0.802453339099884
27.0,2.0,0.9778991341590881,0.02209954895079136,0.08754774928092957,0.9970805048942566,0.8142033815383911,0.8131303787231445,0.983164370059967,0.01683560013771057,0.06728498637676239,0.9975174069404602,0.7970251441001892,0.795208752155304
27.0,3.0,0.9796725511550903,0.020327884703874588,0.08483047038316727,0.9971632361412048,0.8124825358390808,0.8114520907402039,0.9783247709274292,0.02167530357837677,0.08927152305841446,0.997363805770874,0.8000755906105042,0.8015085458755493
27.0,4.0,0.9789406657218933,0.021060733124613762,0.08720032870769501,0.9971917867660522,0.8039582371711731,0.8039865493774414,0.9824007749557495,0.017598876729607582,0.07156480848789215,0.9971362352371216,0.8315200209617615,0.8281475305557251
28.0,0.0,0.9793652296066284,0.020633745938539505,0.08024915307760239,0.9972627758979797,0.8050463199615479,0.8049010634422302,0.9785435199737549,0.021456362679600716,0.07703647017478943,0.997197151184082,0.8267521262168884,0.8252368569374084
28.0,1.0,0.979189932346344,0.020809482783079147,0.08801529556512833,0.9971679449081421,0.8120085000991821,0.8109380602836609,0.9812528491020203,0.018747389316558838,0.07287503778934479,0.9973284602165222,0.8039303421974182,0.8034136295318604
28.0,2.0,0.9775672554969788,0.0224335677921772,0.09291739761829376,0.9970099329948425,0.8130660653114319,0.812550961971283,0.9840500950813293,0.015950525179505348,0.07706457376480103,0.9974877238273621,0.7974386215209961,0.7968013882637024
28.0,3.0,0.9794110059738159,0.020588627085089684,0.10300728678703308,0.9969743490219116,0.8120309114456177,0.8105651140213013,0.9800716042518616,0.01992863416671753,0.08089291304349899,0.9974371790885925,0.804284930229187,0.8037230372428894
28.0,4.0,0.9803578853607178,0.019641663879156113,0.08487491309642792,0.9972469210624695,0.8045871257781982,0.8055676817893982,0.9794963002204895,0.020503435283899307,0.07781773060560226,0.9972009062767029,0.8233149647712708,0.8259662985801697
29.0,0.0,0.9813148975372314,0.01868627220392227,0.07888972014188766,0.9973403215408325,0.8074648380279541,0.8076164126396179,0.9770183563232422,0.022981848567724228,0.14673493802547455,0.9965498447418213,0.8120349645614624,0.8222124576568604
29.0,1.0,0.978620707988739,0.021380094811320305,0.08930882066488266,0.9971895217895508,0.8121737837791443,0.8111943006515503,0.9801160097122192,0.019883884117007256,0.09667593240737915,0.9971173405647278,0.8003854751586914,0.8012055158615112
29.0,2.0,0.9771677851676941,0.02283259853720665,0.1014207974076271,0.9969157576560974,0.8123272657394409,0.8115664124488831,0.983439564704895,0.016560763120651245,0.07639084756374359,0.9975868463516235,0.7955718636512756,0.7944812178611755
29.0,3.0,0.9828713536262512,0.017128759995102882,0.07649514079093933,0.9974091649055481,0.8140042424201965,0.8139240741729736,0.9774248600006104,0.022574935108423233,0.09152743965387344,0.9972274303436279,0.7979941964149475,0.8013693690299988
29.0,4.0,0.9797543287277222,0.02024555206298828,0.08667745441198349,0.9972229599952698,0.8061808347702026,0.8053944706916809,0.980059027671814,0.01994006335735321,0.0721496120095253,0.9974617958068848,0.8249342441558838,0.8276841044425964
30.0,0.0,0.983347475528717,0.016652576625347137,0.06784390658140182,0.9976032972335815,0.8084122538566589,0.8086224794387817,0.9811984896659851,0.018801601603627205,0.0780583992600441,0.9974380135536194,0.8247380256652832,0.8265154361724854
30.0,1.0,0.9831826090812683,0.016817450523376465,0.06734426319599152,0.9976112842559814,0.815373420715332,0.8154336214065552,0.9857744574546814,0.014225617051124573,0.06370709836483002,0.9976387619972229,0.8055385947227478,0.8048588037490845
30.0,2.0,0.9838502407073975,0.0161490086466074,0.06806116551160812,0.9976049065589905,0.8177639842033386,0.817748486995697,0.9859604239463806,0.01403942983597517,0.06435931473970413,0.9977632164955139,0.797590970993042,0.7985942363739014
30.0,3.0,0.9849546551704407,0.015046258457005024,0.06444406509399414,0.9976524114608765,0.8162934184074402,0.8160740733146667,0.982936680316925,0.01706327684223652,0.06848076730966568,0.9976979494094849,0.806443452835083,0.8064269423484802
30.0,4.0,0.9843348264694214,0.015665439888834953,0.06590577960014343,0.9976736307144165,0.8094915151596069,0.8093487620353699,0.9857878088951111,0.014212187379598618,0.061395131051540375,0.9976525902748108,0.8337637186050415,0.8338032960891724
31.0,0.0,0.985230565071106,0.014769061468541622,0.06388652324676514,0.9977108240127563,0.8106411695480347,0.8106227517127991,0.9832066297531128,0.016792962327599525,0.06828270852565765,0.9975647926330566,0.8289604783058167,0.8278942704200745
31.0,1.0,0.9846253395080566,0.015374630689620972,0.0648001953959465,0.9976841807365417,0.8166676163673401,0.8167868256568909,0.9861610531806946,0.013838911429047585,0.062453869730234146,0.9977127909660339,0.8055375814437866,0.8056392073631287
31.0,2.0,0.9846854209899902,0.015314025804400444,0.06554556638002396,0.9976596236228943,0.8182152509689331,0.8181023597717285,0.9864335656166077,0.013566398061811924,0.06038392707705498,0.9978223443031311,0.7988415360450745,0.7988457679748535
31.0,3.0,0.9854970574378967,0.014502745121717453,0.06335033476352692,0.9976844191551208,0.8170076012611389,0.8166460394859314,0.9834709763526917,0.016529623419046402,0.06578605622053146,0.9977468848228455,0.8063929677009583,0.8069942593574524
31.0,4.0,0.9848955869674683,0.01510393526405096,0.06457138061523438,0.997712254524231,0.810138463973999,0.8100443482398987,0.9862259030342102,0.013774316757917404,0.060727424919605255,0.9976881146430969,0.8336725234985352,0.8341360688209534
32.0,0.0,0.9854629635810852,0.01453705970197916,0.062378544360399246,0.9977394342422485,0.8114421963691711,0.8113481402397156,0.9836068153381348,0.016393033787608147,0.06767620146274567,0.9975922107696533,0.8299030065536499,0.8286255598068237
32.0,1.0,0.985085129737854,0.01491556130349636,0.06381756067276001,0.9977163672447205,0.8172884583473206,0.8173589110374451,0.986742377281189,0.013257802464067936,0.06179654225707054,0.9977317452430725,0.806035578250885,0.8059082627296448
32.0,2.0,0.9850467443466187,0.014953287318348885,0.0638234093785286,0.9976921081542969,0.8189553022384644,0.8188926577568054,0.9867390394210815,0.013260866515338421,0.05819516256451607,0.9978460073471069,0.8011417388916016,0.799634575843811
32.0,3.0,0.9857698678970337,0.014229860156774521,0.06212078034877777,0.9977140426635742,0.8172667622566223,0.8169024586677551,0.9820166826248169,0.017983652651309967,0.06431631743907928,0.997677206993103,0.8096490502357483,0.8055103421211243
32.0,4.0,0.9852140545845032,0.014786054380238056,0.06412360072135925,0.9977238774299622,0.8104093074798584,0.810193657875061,0.9863761067390442,0.013623961247503757,0.058680854737758636,0.9976857900619507,0.8348847031593323,0.834306001663208
33.0,0.0,0.9856864809989929,0.01431426964700222,0.061993733048439026,0.9977512955665588,0.8110148310661316,0.8112796545028687,0.9835541248321533,0.01644577458500862,0.07245836406946182,0.9975762367248535,0.8280287981033325,0.8284788727760315
33.0,1.0,0.9853320717811584,0.014668788760900497,0.0631759762763977,0.9977359175682068,0.8176248669624329,0.8175318837165833,0.9868679046630859,0.01313242968171835,0.05896783992648125,0.9977432489395142,0.8071632981300354,0.8061470985412598
33.0,2.0,0.9852022528648376,0.014796784147620201,0.06370006501674652,0.99771648645401,0.8188346028327942,0.8186992406845093,0.9871219396591187,0.012877975590527058,0.05825052410364151,0.9978808760643005,0.8008896708488464,0.799720823764801
33.0,3.0,0.9860853552818298,0.013915294781327248,0.06209423020482063,0.9977313876152039,0.8169870376586914,0.8168716430664062,0.9838657975196838,0.016134392470121384,0.06544601917266846,0.9977827072143555,0.8066474795341492,0.8074390888214111
33.0,4.0,0.9855093955993652,0.014490757137537003,0.0631663054227829,0.9977537989616394,0.810788094997406,0.8106438517570496,0.9866865277290344,0.013313520699739456,0.057698264718055725,0.9977084398269653,0.8349025249481201,0.8342795372009277
34.0,0.0,0.9860866069793701,0.013912725262343884,0.06092797964811325,0.9977779388427734,0.8119621872901917,0.8120370507240295,0.9842227697372437,0.015777502208948135,0.06819446384906769,0.9976451992988586,0.829676628112793,0.8291937708854675
34.0,1.0,0.985461950302124,0.014538357965648174,0.06280941516160965,0.9977552890777588,0.8180782198905945,0.8176743984222412,0.9867088198661804,0.013291571289300919,0.058131150901317596,0.9977392554283142,0.8080279231071472,0.8060833215713501
34.0,2.0,0.98543381690979,0.014566460624337196,0.06251638382673264,0.9977306127548218,0.8199091553688049,0.819398045539856,0.9871183037757874,0.012881657108664513,0.058955516666173935,0.997880756855011,0.8002250790596008,0.7999581694602966
34.0,3.0,0.9861919283866882,0.013807781040668488,0.06057675927877426,0.9977526664733887,0.8177973628044128,0.8173192143440247,0.9841855764389038,0.015814287588000298,0.06388429552316666,0.997804582118988,0.8070199489593506,0.8078029155731201
34.0,4.0,0.985530436038971,0.014470001682639122,0.06224432215094566,0.9977694749832153,0.8110190629959106,0.8106488585472107,0.9868261814117432,0.013173529878258705,0.05862535163760185,0.997734785079956,0.8343638181686401,0.8345907926559448
35.0,0.0,0.9861539006233215,0.01384582556784153,0.06019281968474388,0.9977989792823792,0.8124762773513794,0.8120267987251282,0.9843230247497559,0.015677226707339287,0.0686081275343895,0.9976482391357422,0.8297056555747986,0.8291764855384827
35.0,1.0,0.9856184720993042,0.014381088316440582,0.06161414831876755,0.9977741241455078,0.8185158967971802,0.8179830312728882,0.986936092376709,0.013064173050224781,0.05829958617687225,0.9977630376815796,0.8075960874557495,0.8065382242202759
35.0,2.0,0.9856440424919128,0.014355621300637722,0.06219549477100372,0.9977441430091858,0.819999635219574,0.8194882273674011,0.9872554540634155,0.01274463813751936,0.05875203385949135,0.9978828430175781,0.8008929491043091,0.8000075221061707
35.0,3.0,0.986360490322113,0.013639705255627632,0.0605890229344368,0.9977696537971497,0.8179740309715271,0.817394495010376,0.9842325448989868,0.015767404809594154,0.06251969188451767,0.9978089332580566,0.8086962103843689,0.8078286051750183
35.0,4.0,0.9857258200645447,0.014274180866777897,0.062199581414461136,0.9977827668190002,0.8114913105964661,0.8110185861587524,0.9868272542953491,0.013172736391425133,0.05774557217955589,0.9977279305458069,0.8342812657356262,0.8344701528549194
36.0,0.0,0.9862582087516785,0.013742444105446339,0.059880755841732025,0.9978054165840149,0.8122901916503906,0.8122012615203857,0.984477698802948,0.015522599220275879,0.06539636105298996,0.9976754784584045,0.8309001326560974,0.8294675350189209
36.0,1.0,0.9857744574546814,0.014225502498447895,0.06048651412129402,0.9977875351905823,0.8179715871810913,0.817894458770752,0.9870885610580444,0.012911303900182247,0.05810738354921341,0.9978032112121582,0.8070899844169617,0.8068524599075317
36.0,2.0,0.9857044816017151,0.014295999892055988,0.06109217181801796,0.9977602362632751,0.8200328350067139,0.8195919394493103,0.9874926805496216,0.012507202103734016,0.0584007203578949,0.9979096055030823,0.8004264235496521,0.800193190574646
36.0,3.0,0.9864799380302429,0.013519526459276676,0.059196438640356064,0.9977859258651733,0.8182007670402527,0.8175902962684631,0.984270453453064,0.015729425475001335,0.06868094950914383,0.997768759727478,0.8067758679389954,0.8078077435493469
36.0,4.0,0.9857202172279358,0.01427975483238697,0.06069616600871086,0.9978010058403015,0.8112565875053406,0.8107243776321411,0.986483633518219,0.013515956699848175,0.05669700354337692,0.9976954460144043,0.8362550139427185,0.8343335390090942
37.0,0.0,0.9865615963935852,0.013438096269965172,0.058489225804805756,0.9978256821632385,0.8126614689826965,0.8124427199363708,0.984815239906311,0.01518427487462759,0.06511689722537994,0.9976863265037537,0.8315384387969971,0.82962965965271
37.0,1.0,0.9859241247177124,0.014075936749577522,0.060625821352005005,0.9977998733520508,0.8183700442314148,0.8181252479553223,0.9870401620864868,0.012960116378962994,0.05816010385751724,0.9978122711181641,0.8070743083953857,0.8069466948509216
37.0,2.0,0.9857736229896545,0.014227055013179779,0.060611918568611145,0.9977633357048035,0.8206809759140015,0.8197416663169861,0.9872459173202515,0.012753859162330627,0.055352430790662766,0.9979127645492554,0.8025811314582825,0.7996926307678223
37.0,3.0,0.9866328239440918,0.013368451967835426,0.06007969751954079,0.9977876543998718,0.8184354901313782,0.8178303241729736,0.9842962622642517,0.015703856945037842,0.06276809424161911,0.9978451132774353,0.8085014820098877,0.8080505132675171
37.0,4.0,0.9860824346542358,0.013917667791247368,0.06070636212825775,0.9978113174438477,0.8119858503341675,0.8112102746963501,0.9870203137397766,0.012978943064808846,0.055686794221401215,0.9977848529815674,0.8336979150772095,0.8345176577568054
38.0,0.0,0.9865055680274963,0.013494212180376053,0.05869513005018234,0.9978331327438354,0.8120720982551575,0.8121485710144043,0.9847826361656189,0.015217357315123081,0.06875859946012497,0.9976695775985718,0.8306330442428589,0.8296298980712891
38.0,1.0,0.9859739542007446,0.014025358483195305,0.061797887086868286,0.997793972492218,0.8183779716491699,0.8181642889976501,0.9875885248184204,0.012411247938871384,0.05811778083443642,0.9978215098381042,0.807359516620636,0.8069214820861816
38.0,2.0,0.9859028458595276,0.014097203500568867,0.06068109720945358,0.9977779388427734,0.8198572993278503,0.8196926712989807,0.9876890182495117,0.012310792692005634,0.057809364050626755,0.9979119300842285,0.7992331981658936,0.8004298806190491
38.0,3.0,0.9865376949310303,0.013462980277836323,0.059474460780620575,0.9977966547012329,0.8178091645240784,0.8177528381347656,0.9839654564857483,0.016034159809350967,0.074657142162323,0.9977161884307861,0.8048959970474243,0.8075697422027588
38.0,4.0,0.9859234690666199,0.014076107181608677,0.06093581020832062,0.997805655002594,0.8115465641021729,0.8109219670295715,0.9871808886528015,0.012818535789847374,0.055680692195892334,0.9977759718894958,0.834854245185852,0.834854781627655
39.0,0.0,0.9866433143615723,0.013357248157262802,0.05760521441698074,0.9978518486022949,0.8128712177276611,0.8125389814376831,0.9846571683883667,0.015342497266829014,0.06477264314889908,0.9977124929428101,0.8316544890403748,0.8295183181762695
39.0,1.0,0.9860761165618896,0.013924475759267807,0.059837475419044495,0.9978148341178894,0.8181982636451721,0.8181538581848145,0.9876627922058105,0.012337063439190388,0.05710138380527496,0.9978342056274414,0.8074681162834167,0.8070619702339172
39.0,2.0,0.9861260652542114,0.01387444045394659,0.060690343379974365,0.9977920651435852,0.8202843070030212,0.8200039863586426,0.9878854155540466,0.012114300392568111,0.055794116109609604,0.9979405999183655,0.8008598685264587,0.8008553981781006
39.0,3.0,0.9867517352104187,0.013247638940811157,0.05831129476428032,0.9978111982345581,0.8187949061393738,0.8178519606590271,0.9849106073379517,0.015089473687112331,0.06147254630923271,0.997868537902832,0.8086733818054199,0.8085777163505554
39.0,4.0,0.9862048625946045,0.013795717619359493,0.06042635068297386,0.9978287816047668,0.8119683861732483,0.8113035559654236,0.9872731566429138,0.01272665150463581,0.05503896623849869,0.9978029131889343,0.8351641893386841,0.8348801732063293
40.0,0.0,0.9868273138999939,0.013172095641493797,0.05806215852499008,0.9978546500205994,0.8126306533813477,0.8126177787780762,0.9846826195716858,0.015317349694669247,0.06555905938148499,0.9977161884307861,0.829521119594574,0.8296191692352295
40.0,1.0,0.986257791519165,0.013743431307375431,0.060228291898965836,0.9978307485580444,0.8186936974525452,0.8185068368911743,0.9874399900436401,0.012560481205582619,0.05743998661637306,0.9978101849555969,0.8077120184898376,0.8070136308670044
40.0,2.0,0.9859115481376648,0.014087733812630177,0.0604594349861145,0.9977883100509644,0.8198058009147644,0.8198093771934509,0.9879725575447083,0.012027534656226635,0.054653480648994446,0.9979507327079773,0.8022317290306091,0.8007256388664246
40.0,3.0,0.9868330359458923,0.013167288154363632,0.05817469581961632,0.9978165626525879,0.8188357949256897,0.8181750774383545,0.984369158744812,0.0156306941062212,0.06146053224802017,0.9978614449501038,0.8086371421813965,0.8078036308288574
40.0,4.0,0.9863113164901733,0.013689451850950718,0.06001138314604759,0.9978384971618652,0.8123864531517029,0.8113587498664856,0.986760675907135,0.013239206746220589,0.05635315179824829,0.9977872967720032,0.8333514928817749,0.8323639035224915
41.0,0.0,0.9868007302284241,0.013199864886701107,0.05813005194067955,0.9978622198104858,0.81283038854599,0.81243896484375,0.9845846891403198,0.015415230765938759,0.06335487216711044,0.9977242946624756,0.831047534942627,0.8291779160499573
41.0,1.0,0.9863591194152832,0.013640490360558033,0.05870276689529419,0.9978442788124084,0.8193053603172302,0.8185997605323792,0.9873640537261963,0.012635813094675541,0.054804909974336624,0.9978063106536865,0.8089965581893921,0.8070164322853088
41.0,2.0,0.9861258268356323,0.013874719850718975,0.0600128211081028,0.9978078603744507,0.8206053376197815,0.8201857209205627,0.988105297088623,0.01189482118934393,0.05601656809449196,0.9979578256607056,0.801635205745697,0.8008986711502075
41.0,3.0,0.9870651960372925,0.01293527614325285,0.05829349905252457,0.9978370070457458,0.8186194896697998,0.8182331919670105,0.9850605130195618,0.014939156360924244,0.05988769605755806,0.99787837266922,0.8083181381225586,0.8086525201797485
41.0,4.0,0.9863910675048828,0.013608569279313087,0.05934125557541847,0.9978509545326233,0.8123960494995117,0.8116881251335144,0.9874695539474487,0.012530408799648285,0.058028653264045715,0.9977912306785583,0.8341240882873535,0.8349128365516663
42.0,0.0,0.9870308041572571,0.0129697872325778,0.057471346110105515,0.9978776574134827,0.8130896687507629,0.812886655330658,0.9848865270614624,0.015113580971956253,0.06496723741292953,0.9977331161499023,0.8299168944358826,0.8299237489700317
42.0,1.0,0.9865261316299438,0.013475517742335796,0.05942612886428833,0.9978497624397278,0.8192269206047058,0.8187626600265503,0.9878987073898315,0.012100918218493462,0.0562860481441021,0.9978695511817932,0.8081920146942139,0.8072477579116821
42.0,2.0,0.9861873388290405,0.013813228346407413,0.06050419807434082,0.9978049993515015,0.8206401467323303,0.8199958205223083,0.9882678985595703,0.011732027865946293,0.054371219128370285,0.9979791045188904,0.8018317222595215,0.8012770414352417
42.0,3.0,0.9872961044311523,0.012703290209174156,0.05776748061180115,0.9978485107421875,0.8187960982322693,0.818412184715271,0.9850266575813293,0.014973451383411884,0.060256075114011765,0.997905433177948,0.8084306716918945,0.8085788488388062
42.0,4.0,0.9864920377731323,0.013508190400898457,0.05938054248690605,0.9978629350662231,0.8127021789550781,0.8115352988243103,0.9875345826148987,0.012465177103877068,0.05627286061644554,0.9978229403495789,0.8349219560623169,0.8350862860679626
43.0,0.0,0.9870277047157288,0.01297210156917572,0.057720210403203964,0.9978805184364319,0.8131649494171143,0.8129397034645081,0.9851388931274414,0.014860290102660656,0.06384433060884476,0.9977441430091858,0.8306352496147156,0.8298609852790833
43.0,1.0,0.9864904284477234,0.013509172946214676,0.05944028124213219,0.9978548288345337,0.8188470005989075,0.8186296820640564,0.9874611496925354,0.012539076618850231,0.058590758591890335,0.997790515422821,0.8089703321456909,0.8067678809165955
43.0,2.0,0.9863924980163574,0.013608552515506744,0.05936489626765251,0.997829794883728,0.8207355737686157,0.820237398147583,0.9879686832427979,0.012031483463943005,0.05649876967072487,0.9979842305183411,0.8020217418670654,0.8002673983573914
43.0,3.0,0.9872570633888245,0.012742438353598118,0.05854482203722,0.9978471994400024,0.818848192691803,0.8184454441070557,0.9849635362625122,0.01503655593842268,0.06032031401991844,0.9978892803192139,0.8090990781784058,0.8085862994194031
43.0,4.0,0.9864875674247742,0.013513317331671715,0.05968279391527176,0.9978671073913574,0.8125096559524536,0.8116166591644287,0.9878925681114197,0.012107251212000847,0.05535576492547989,0.9978359341621399,0.8352265357971191,0.835461437702179
44.0,0.0,0.9871320724487305,0.012868496589362621,0.0577520951628685,0.9978893399238586,0.8132697939872742,0.8129393458366394,0.9849826693534851,0.015017664059996605,0.06387079507112503,0.9977424144744873,0.8324008584022522,0.8300766348838806
44.0,1.0,0.9866217374801636,0.013378487899899483,0.05823010951280594,0.9978646039962769,0.8193781971931458,0.8188527226448059,0.9880699515342712,0.011929928325116634,0.05764308571815491,0.9978857040405273,0.8078480958938599,0.8074221014976501
44.0,2.0,0.9864429831504822,0.013557443395256996,0.059181369841098785,0.9978405833244324,0.8204514384269714,0.8202219009399414,0.9874595999717712,0.012540054507553577,0.0537988506257534,0.9979497790336609,0.8033819794654846,0.8002333045005798
44.0,3.0,0.9870651364326477,0.012935790233314037,0.05783086642622948,0.9978488683700562,0.8189350366592407,0.818317711353302,0.984735369682312,0.015264236368238926,0.06114782392978668,0.9979113340377808,0.8093409538269043,0.8086597323417664
44.0,4.0,0.986699104309082,0.013301042839884758,0.05927107483148575,0.9978725910186768,0.8123871684074402,0.8118363618850708,0.9877569675445557,0.012243473902344704,0.06182556599378586,0.9977904558181763,0.8341813683509827,0.8352787494659424
45.0,0.0,0.9871860146522522,0.012814528308808804,0.05792279914021492,0.9978975653648376,0.8134765625,0.8130614161491394,0.9850642681121826,0.014935603365302086,0.06359460949897766,0.9977648854255676,0.8311126232147217,0.8299221396446228
45.0,1.0,0.9866987466812134,0.013302255421876907,0.058901507407426834,0.9978787302970886,0.81944739818573,0.8190209865570068,0.9878252744674683,0.012174386531114578,0.053880494087934494,0.9978570938110352,0.8087390065193176,0.8071556091308594
45.0,2.0,0.9861291646957397,0.01387079432606697,0.06217198446393013,0.9978069067001343,0.8199794292449951,0.8200818300247192,0.9885760545730591,0.011424003168940544,0.05417501553893089,0.9980074763298035,0.802201509475708,0.8016663193702698
45.0,3.0,0.9872995018959045,0.01269962266087532,0.05709470808506012,0.9978707432746887,0.8184645175933838,0.817973256111145,0.9852829575538635,0.014717002399265766,0.06012120470404625,0.9979174733161926,0.8092835545539856,0.808838963508606
45.0,4.0,0.9865773916244507,0.013422622345387936,0.05972863361239433,0.997879147529602,0.8124386072158813,0.8118259906768799,0.9880161285400391,0.011983777396380901,0.05565422773361206,0.9978545308113098,0.8348991274833679,0.835540771484375
46.0,0.0,0.9875074028968811,0.012493569403886795,0.056385498493909836,0.9979146718978882,0.8137360215187073,0.8134776949882507,0.9849828481674194,0.015017358586192131,0.0626700222492218,0.9977498054504395,0.8321129679679871,0.8297902941703796
46.0,1.0,0.9866586327552795,0.013342133723199368,0.058945439755916595,0.9978821277618408,0.8192782402038574,0.8186667561531067,0.9862056374549866,0.013794207945466042,0.06024283543229103,0.9978095293045044,0.8048380017280579,0.8069620728492737
46.0,2.0,0.9864485859870911,0.013551491312682629,0.05933266133069992,0.997844934463501,0.8208255767822266,0.820359468460083,0.9887678623199463,0.011232390999794006,0.05410383641719818,0.998006284236908,0.8022007942199707,0.80183345079422
46.0,3.0,0.9875655174255371,0.01243407092988491,0.057482942938804626,0.9978832602500916,0.8194124102592468,0.818775475025177,0.9850113987922668,0.014988827519118786,0.062447186559438705,0.9978833794593811,0.8100730776786804,0.8087249398231506
46.0,4.0,0.9866978526115417,0.013302369974553585,0.059667494148015976,0.9978858232498169,0.812705934047699,0.811907947063446,0.9879053235054016,0.012094982899725437,0.05892989784479141,0.9978170990943909,0.8342522382736206,0.8354610204696655
47.0,0.0,0.9872599840164185,0.012740022502839565,0.05732091888785362,0.997909665107727,0.8133032321929932,0.813251256942749,0.9837146997451782,0.01628504879772663,0.08160927891731262,0.9975340366363525,0.8246762752532959,0.8285438418388367
47.0,1.0,0.9868484139442444,0.013151110149919987,0.058841273188591,0.9978848695755005,0.8194277286529541,0.8191195130348206,0.9882777333259583,0.01172183733433485,0.05408019945025444,0.9979100823402405,0.8087476491928101,0.8075847625732422
47.0,2.0,0.9865698218345642,0.013430587016046047,0.05921713635325432,0.9978536367416382,0.8212043642997742,0.8204551339149475,0.9879834651947021,0.012016408145427704,0.05394281446933746,0.99799644947052,0.8033058047294617,0.8002364039421082
47.0,3.0,0.98752361536026,0.012476143427193165,0.05776597931981087,0.9978769421577454,0.8195374608039856,0.8187153339385986,0.9851855039596558,0.014814266934990883,0.06273496150970459,0.9979142546653748,0.80888432264328,0.8087571859359741
47.0,4.0,0.9869474172592163,0.013052715919911861,0.05886640027165413,0.9979064464569092,0.8127584457397461,0.81210857629776,0.9881686568260193,0.011831573210656643,0.05534949526190758,0.9978618621826172,0.8357729315757751,0.8356947302818298
48.0,0.0,0.9874716401100159,0.01252810936421156,0.05729195848107338,0.9979091882705688,0.8137742280960083,0.8134585618972778,0.9841684103012085,0.015831535682082176,0.06533188372850418,0.9977240562438965,0.8300992846488953,0.828841507434845
48.0,1.0,0.9867953062057495,0.013205299153923988,0.058583155274391174,0.9978846907615662,0.8192968964576721,0.8188721537590027,0.9875108599662781,0.0124895004555583,0.05873354151844978,0.9977712631225586,0.8095483779907227,0.8067852854728699
48.0,2.0,0.9867486953735352,0.013251109980046749,0.05920446664094925,0.9978634119033813,0.8211516737937927,0.8206528425216675,0.9889299273490906,0.011070371605455875,0.053588785231113434,0.9980288743972778,0.8026033043861389,0.8019552230834961
48.0,3.0,0.9874627590179443,0.012537677772343159,0.05737697333097458,0.997887134552002,0.8192407488822937,0.8185497522354126,0.985370397567749,0.0146295465528965,0.058918293565511703,0.9979259967803955,0.8092852830886841,0.8088344931602478
48.0,4.0,0.9866704344749451,0.01332945842295885,0.058927636593580246,0.9978975653648376,0.8130082488059998,0.8117914199829102,0.9881548285484314,0.011845404282212257,0.05782698839902878,0.9978559017181396,0.8344560265541077,0.8356345295906067
49.0,0.0,0.9875742793083191,0.01242569275200367,0.05644167214632034,0.9979305267333984,0.8138913512229919,0.8134114742279053,0.9851438999176025,0.014856265857815742,0.06335944682359695,0.9977861046791077,0.8318618535995483,0.83014315366745
49.0,1.0,0.9870701432228088,0.012931219302117825,0.058423981070518494,0.997904896736145,0.8197293281555176,0.8193031549453735,0.9875153303146362,0.012484639883041382,0.055141907185316086,0.9979223608970642,0.8079575300216675,0.8076738119125366
49.0,2.0,0.9866951107978821,0.013305081985890865,0.05948866903781891,0.9978618621826172,0.8216312527656555,0.8205434679985046,0.988727331161499,0.01127269584685564,0.05595143139362335,0.9979958534240723,0.8007217645645142,0.8013971447944641
49.0,3.0,0.9874995946884155,0.012499532662332058,0.05712376534938812,0.9979003071784973,0.819225549697876,0.8186143636703491,0.9854156374931335,0.014584135264158249,0.060456424951553345,0.9979516863822937,0.8095569014549255,0.8089945912361145
49.0,4.0,0.9868663549423218,0.013133401982486248,0.05878881737589836,0.9979166388511658,0.8132209181785583,0.8121837377548218,0.9883368611335754,0.011663141660392284,0.054499268531799316,0.9978756904602051,0.8362820744514465,0.8358887434005737
50.0,0.0,0.9876170754432678,0.012383632361888885,0.05745987966656685,0.9979243278503418,0.8135726451873779,0.8134450316429138,0.9852403402328491,0.014760092832148075,0.06374159455299377,0.9977874159812927,0.8310032486915588,0.830036997795105
50.0,1.0,0.9868806004524231,0.013119202107191086,0.058755695819854736,0.997911274433136,0.8191870450973511,0.8189897537231445,0.9877934455871582,0.012206370942294598,0.06258504837751389,0.9978402256965637,0.8063443303108215,0.8073258996009827
50.0,2.0,0.9864537715911865,0.01354576088488102,0.06045708805322647,0.9978464841842651,0.8207686543464661,0.8202227354049683,0.987145721912384,0.012854146771132946,0.05537445470690727,0.9980065226554871,0.8035366535186768,0.7997910380363464
50.0,3.0,0.9872227311134338,0.012777114287018776,0.0589439794421196,0.997889518737793,0.8189920783042908,0.8182551264762878,0.9853859543800354,0.01461437251418829,0.06375215947628021,0.997913122177124,0.807512104511261,0.8090114593505859
50.0,4.0,0.9868707656860352,0.013128993101418018,0.058699801564216614,0.9979150891304016,0.8124596476554871,0.8120388984680176,0.9879974126815796,0.012003352865576744,0.05540059879422188,0.9978832006454468,0.8343735933303833,0.8354035019874573
51.0,0.0,0.9877125024795532,0.012286826968193054,0.056620046496391296,0.9979439973831177,0.8138072490692139,0.8136093616485596,0.9853312969207764,0.01466858759522438,0.06159703806042671,0.997796356678009,0.8308486938476562,0.830085277557373
51.0,1.0,0.9869991540908813,0.013000879436731339,0.059549298137426376,0.9979039430618286,0.8194664120674133,0.8192375302314758,0.9881777167320251,0.01182248629629612,0.054856762290000916,0.9979018568992615,0.8092635273933411,0.8075454235076904
51.0,2.0,0.9866557121276855,0.01334504596889019,0.05959289148449898,0.9978699684143066,0.8208910226821899,0.820478081703186,0.9888575077056885,0.011142652481794357,0.05312623456120491,0.9980379939079285,0.8026559948921204,0.8018336296081543
51.0,3.0,0.9875850081443787,0.012415258213877678,0.05724018067121506,0.9979073405265808,0.8191556334495544,0.8186331391334534,0.985754132270813,0.014245331287384033,0.05983779951930046,0.9979689121246338,0.8094949722290039,0.8094369769096375
51.0,4.0,0.9870442152023315,0.012955952435731888,0.059141483157873154,0.9979243874549866,0.8123802542686462,0.8120611310005188,0.9880974888801575,0.011902473866939545,0.054709743708372116,0.9978942275047302,0.8358975052833557,0.8353825211524963
52.0,0.0,0.9877070188522339,0.012293234467506409,0.057153571397066116,0.9979390501976013,0.8137930035591125,0.8135797381401062,0.9844080209732056,0.015591801144182682,0.06025785952806473,0.9976609945297241,0.8339877724647522,0.8291618227958679
52.0,1.0,0.9871319532394409,0.012868952937424183,0.05848696827888489,0.997919499874115,0.8197328448295593,0.8193575143814087,0.9883343577384949,0.011665625497698784,0.05669737979769707,0.9979378581047058,0.807640016078949,0.8077033162117004
52.0,2.0,0.9869337677955627,0.013066894374787807,0.05901394411921501,0.9978948831558228,0.8211724162101746,0.8207579851150513,0.9890305399894714,0.010969114489853382,0.05436054244637489,0.998047411441803,0.8027698993682861,0.8016465306282043
52.0,3.0,0.9878917336463928,0.012107959017157555,0.05756494775414467,0.9979097247123718,0.8195087313652039,0.8189905285835266,0.984405517578125,0.015594258904457092,0.0663076788187027,0.9978808760643005,0.8101111054420471,0.808014988899231
52.0,4.0,0.9869627356529236,0.013037537224590778,0.059775546193122864,0.9979196786880493,0.8125680088996887,0.812085747718811,0.9879263639450073,0.012073333375155926,0.06063556671142578,0.9978241324424744,0.8361522555351257,0.8357052803039551
53.0,0.0,0.9875267744064331,0.012472858652472496,0.05748886242508888,0.9979450106620789,0.8133497834205627,0.8136196732521057,0.9858071804046631,0.014193283393979073,0.06209985539317131,0.997805655002594,0.8319386839866638,0.8306289315223694
53.0,1.0,0.9871963858604431,0.012803208082914352,0.05829000845551491,0.997925341129303,0.8199046850204468,0.819434642791748,0.9886171221733093,0.011383150704205036,0.05525917932391167,0.9979390501976013,0.8084931969642639,0.8078792691230774
53.0,2.0,0.9870822429656982,0.012917320244014263,0.05890614166855812,0.997895359992981,0.8211631774902344,0.820853590965271,0.9890320897102356,0.010967724956572056,0.055101122707128525,0.998051643371582,0.8020308613777161,0.8019404411315918
53.0,3.0,0.9876874685287476,0.012313046492636204,0.057910192757844925,0.9979179501533508,0.8195944428443909,0.818759560585022,0.9856820702552795,0.014317830093204975,0.05988471210002899,0.9979613423347473,0.8087854385375977,0.809354841709137
53.0,4.0,0.9870477318763733,0.012952198274433613,0.05870937556028366,0.9979320764541626,0.8123672008514404,0.8122047185897827,0.988674521446228,0.011325383558869362,0.053212475031614304,0.9978914260864258,0.8373384475708008,0.8361577987670898
54.0,0.0,0.9878409504890442,0.012158660218119621,0.056297894567251205,0.9979647994041443,0.8145000338554382,0.8139151334762573,0.9853748083114624,0.014625437557697296,0.06580385565757751,0.9978001117706299,0.8301592469215393,0.8303555250167847
54.0,1.0,0.9871398210525513,0.012859314680099487,0.0583520345389843,0.9979286789894104,0.8195244669914246,0.8194121718406677,0.9887967109680176,0.011203466914594173,0.05456124618649483,0.9979513883590698,0.8089902400970459,0.8080699443817139
54.0,2.0,0.9871171116828918,0.012883683666586876,0.058810073882341385,0.9979008436203003,0.8217204809188843,0.8210382461547852,0.9887752532958984,0.011224196292459965,0.06045146659016609,0.9979828000068665,0.8008394241333008,0.801457941532135
54.0,3.0,0.9879644513130188,0.012035579420626163,0.05771700292825699,0.9979270696640015,0.8197581171989441,0.8189992308616638,0.9857746958732605,0.014225771650671959,0.05881296843290329,0.9979797005653381,0.8100416660308838,0.8093692660331726
54.0,4.0,0.9873265027999878,0.012673941440880299,0.0592040978372097,0.9979419708251953,0.8128802180290222,0.8125013113021851,0.988297700881958,0.011702429503202438,0.05937613919377327,0.9978803396224976,0.8346286416053772,0.8358660936355591
55.0,0.0,0.9879367351531982,0.012063611298799515,0.05711275711655617,0.9979616403579712,0.813920259475708,0.8138473033905029,0.9861093163490295,0.013890332542359829,0.06252535432577133,0.9978314638137817,0.8319478631019592,0.8311462998390198
55.0,1.0,0.9872468113899231,0.012753075920045376,0.05911003425717354,0.9979206323623657,0.8196927309036255,0.8195329308509827,0.9884911179542542,0.011508705094456673,0.05591621622443199,0.9979079365730286,0.808824360370636,0.8075776696205139
55.0,2.0,0.9870617389678955,0.01293742936104536,0.0598079115152359,0.9978991150856018,0.821047306060791,0.8209084868431091,0.9887460470199585,0.0112538430839777,0.05514364689588547,0.9980602264404297,0.8018715381622314,0.8009705543518066
55.0,3.0,0.987920343875885,0.012079774402081966,0.05711667239665985,0.9979366064071655,0.8193833827972412,0.8189377188682556,0.9850332736968994,0.01496672723442316,0.06502805650234222,0.9978974461555481,0.8048945665359497,0.8083730936050415
55.0,4.0,0.9874085187911987,0.012592200189828873,0.05811857804656029,0.9979565739631653,0.8128654956817627,0.8126180768013,0.9885209798812866,0.011479215696454048,0.05483522638678551,0.9979041218757629,0.8363276720046997,0.8361080884933472
56.0,0.0,0.9880152344703674,0.011985140852630138,0.056618623435497284,0.9979754686355591,0.8138580918312073,0.8138129711151123,0.9860581755638123,0.01394190639257431,0.06236620992422104,0.9978135824203491,0.8315942287445068,0.8308284878730774
56.0,1.0,0.9871970415115356,0.012803327292203903,0.05831603333353996,0.9979287981987,0.8200832009315491,0.8194273710250854,0.9886294603347778,0.011370883323252201,0.054695822298526764,0.9979465007781982,0.8088549971580505,0.807780921459198
56.0,2.0,0.987096905708313,0.012902784161269665,0.05925880745053291,0.997910737991333,0.8215144276618958,0.8210000395774841,0.9891502857208252,0.010850206948816776,0.0532582625746727,0.998079240322113,0.8023839592933655,0.8018466234207153
56.0,3.0,0.9880725145339966,0.011928780004382133,0.05779961869120598,0.997933566570282,0.819681704044342,0.819122850894928,0.9858965873718262,0.014103506691753864,0.059784550219774246,0.9979992508888245,0.809687614440918,0.8097041845321655
56.0,4.0,0.9871768355369568,0.012823410332202911,0.05822209641337395,0.9979572296142578,0.8131831884384155,0.8122144937515259,0.9887853860855103,0.011214561760425568,0.05337688326835632,0.9979099631309509,0.8377265334129333,0.8365737795829773
57.0,0.0,0.9880188703536987,0.011980613693594933,0.05652744695544243,0.9979747533798218,0.8141486048698425,0.8138765096664429,0.9855419397354126,0.014458045363426208,0.061072938144207,0.997826337814331,0.8326777219772339,0.8302763104438782
57.0,1.0,0.9874579310417175,0.012542481534183025,0.0577726773917675,0.9979556202888489,0.8201872110366821,0.8196909427642822,0.9888368844985962,0.011163076385855675,0.05494657903909683,0.9979778528213501,0.8087607026100159,0.8082597851753235
57.0,2.0,0.98729008436203,0.012710275128483772,0.05851755291223526,0.9979169964790344,0.8214928507804871,0.8211101293563843,0.9889644980430603,0.011035512201488018,0.05415827035903931,0.9980748891830444,0.800674319267273,0.8014225959777832
57.0,3.0,0.9880881905555725,0.011911076493561268,0.05705558881163597,0.997945249080658,0.819602370262146,0.8193715214729309,0.9858517646789551,0.014148598536849022,0.05968521907925606,0.9980084300041199,0.8101285696029663,0.8094006776809692
57.0,4.0,0.9870573878288269,0.012942486442625523,0.058586087077856064,0.9979394674301147,0.8126260042190552,0.8121032118797302,0.9887353777885437,0.011264340952038765,0.05360999330878258,0.9979419708251953,0.8369249701499939,0.836551308631897
58.0,0.0,0.9882597923278809,0.011740419082343578,0.05619851127266884,0.9979934096336365,0.814317524433136,0.8141895532608032,0.985916793346405,0.014083006419241428,0.0665939524769783,0.9978072643280029,0.8298683166503906,0.830711305141449
58.0,1.0,0.9874231815338135,0.012577083893120289,0.05769258365035057,0.9979640245437622,0.8199305534362793,0.8196461796760559,0.9891535043716431,0.010846633464097977,0.05660121142864227,0.9979836344718933,0.8082927465438843,0.8083761930465698
58.0,2.0,0.9871802926063538,0.012819209136068821,0.05847788602113724,0.9979283809661865,0.821574866771698,0.8211562037467957,0.988983154296875,0.011016902513802052,0.05373058840632439,0.998065710067749,0.8038030862808228,0.8016838431358337
58.0,3.0,0.9881173372268677,0.011884001083672047,0.05764876306056976,0.9979480504989624,0.8195816874504089,0.819281280040741,0.9860461950302124,0.013954062014818192,0.06253654509782791,0.9979872107505798,0.8091869950294495,0.8097022175788879
58.0,4.0,0.9873741269111633,0.012626197189092636,0.05773540213704109,0.9979708194732666,0.812620997428894,0.8122607469558716,0.9889101982116699,0.011090184561908245,0.05510823801159859,0.9979425072669983,0.8367827534675598,0.8366737365722656
59.0,0.0,0.9883140921592712,0.011686044745147228,0.05583954602479935,0.9980006814002991,0.8144488334655762,0.8142514228820801,0.9862067103385925,0.013793633319437504,0.06305228173732758,0.9978504776954651,0.8314020037651062,0.8310437798500061
59.0,1.0,0.9874288439750671,0.012571101076900959,0.05750424414873123,0.9979647397994995,0.8199952840805054,0.8195464015007019,0.9887944459915161,0.011205438524484634,0.05398144945502281,0.9979747533798218,0.809275209903717,0.8080152273178101
59.0,2.0,0.9872174263000488,0.012783476151525974,0.05859629064798355,0.99793940782547,0.8214761018753052,0.8210188150405884,0.9892067909240723,0.010792921297252178,0.052775923162698746,0.9980950355529785,0.8024404644966125,0.8022041916847229
59.0,3.0,0.9882530570030212,0.01174849271774292,0.05746973305940628,0.9979490637779236,0.8202529549598694,0.8194513916969299,0.985929012298584,0.014071140438318253,0.06197537109255791,0.9979963898658752,0.8086870908737183,0.8095968961715698
59.0,4.0,0.9871951937675476,0.012805175967514515,0.05800258368253708,0.9979737401008606,0.8132290840148926,0.8125191330909729,0.9884648323059082,0.011535480618476868,0.05471010506153107,0.9979310631752014,0.8362159132957458,0.8358780145645142
60.0,0.0,0.9882909655570984,0.011709028854966164,0.055194396525621414,0.9980173110961914,0.8145012259483337,0.8141175508499146,0.9861028790473938,0.0138968825340271,0.062301360070705414,0.997880220413208,0.8331487774848938,0.8310649991035461
60.0,1.0,0.9877675175666809,0.012233400717377663,0.05670134350657463,0.9979990124702454,0.8207591772079468,0.8200146555900574,0.989133358001709,0.010865696705877781,0.05376279354095459,0.9980137348175049,0.8089524507522583,0.8083769083023071
60.0,2.0,0.987703263759613,0.012296408414840698,0.05716390535235405,0.9979730248451233,0.8223387002944946,0.8215438723564148,0.9896032214164734,0.010396898724138737,0.05291362479329109,0.9981141090393066,0.8025309443473816,0.802415132522583
60.0,3.0,0.9885671734809875,0.011431993916630745,0.055573970079422,0.9979968667030334,0.8205311298370361,0.819717526435852,0.9863258004188538,0.013674318790435791,0.059732239693403244,0.9980325698852539,0.8094627857208252,0.8099619746208191
60.0,4.0,0.9879051446914673,0.012095232494175434,0.05707099288702011,0.9980160593986511,0.8135736584663391,0.8130324482917786,0.989119291305542,0.01088063046336174,0.05423927307128906,0.9979655146598816,0.8369848132133484,0.8368179798126221
61.0,0.0,0.9886417984962463,0.011358044110238552,0.05488941818475723,0.9980356693267822,0.8146058917045593,0.8144835233688354,0.9863275289535522,0.013672325760126114,0.06142447516322136,0.9978877305984497,0.8333051204681396,0.8311051726341248
61.0,1.0,0.9879175424575806,0.01208230946213007,0.05649758502840996,0.9980056285858154,0.820921003818512,0.8201451897621155,0.989347517490387,0.01065223291516304,0.05396125093102455,0.9980167746543884,0.808881402015686,0.808585524559021
61.0,2.0,0.9878327250480652,0.012167534790933132,0.05707673355937004,0.9979820251464844,0.8224131464958191,0.8217034339904785,0.9896968007087708,0.010303189046680927,0.05306283012032509,0.9981133341789246,0.8025172352790833,0.8024992942810059
61.0,3.0,0.9886478185653687,0.01135324314236641,0.05554606765508652,0.9979994297027588,0.820497989654541,0.8197853565216064,0.986484706401825,0.013515393249690533,0.05820144712924957,0.998048722743988,0.8102721571922302,0.8101127743721008
61.0,4.0,0.9880032539367676,0.01199730858206749,0.056631170213222504,0.9980192184448242,0.8137519359588623,0.8131206035614014,0.9891762733459473,0.010823815129697323,0.05395888537168503,0.9979729652404785,0.8371774554252625,0.8368709087371826
62.0,0.0,0.9886948466300964,0.011304473504424095,0.05457327142357826,0.998041570186615,0.8147882223129272,0.8145451545715332,0.9863757491111755,0.013624283485114574,0.062199704349040985,0.9978873133659363,0.8330399394035339,0.8311337232589722
62.0,1.0,0.987950325012207,0.012049145996570587,0.056423090398311615,0.9980100989341736,0.8209834098815918,0.8202012777328491,0.9894195199012756,0.010580186732113361,0.05376947671175003,0.9980260133743286,0.808979332447052,0.808655858039856
62.0,2.0,0.98787522315979,0.012125369161367416,0.05700716748833656,0.997988224029541,0.8224436640739441,0.8217349648475647,0.9897403120994568,0.010259836912155151,0.05220027640461922,0.9981250762939453,0.8028807044029236,0.8025416135787964
62.0,3.0,0.9886888861656189,0.011311670765280724,0.055353667587041855,0.9980031251907349,0.8206146359443665,0.8198193311691284,0.986507773399353,0.013492337428033352,0.05794975161552429,0.9980554580688477,0.8104636073112488,0.8101943731307983
62.0,4.0,0.988038957118988,0.01196106243878603,0.056719258427619934,0.998024582862854,0.8138077855110168,0.8131722807884216,0.9891943335533142,0.010805748403072357,0.05391436442732811,0.997973620891571,0.8372552394866943,0.836888313293457
63.0,0.0,0.988728940486908,0.011270705610513687,0.05453437566757202,0.9980451464653015,0.8148292899131775,0.8145835995674133,0.9864121675491333,0.013587931171059608,0.06180091202259064,0.9978939294815063,0.83319491147995,0.8311742544174194
63.0,1.0,0.9879937767982483,0.012006700038909912,0.056464459747076035,0.9980141520500183,0.8209244012832642,0.8202238082885742,0.989364743232727,0.010635517537593842,0.05343252420425415,0.9980220198631287,0.8090835809707642,0.8085790276527405
63.0,2.0,0.9879024624824524,0.01209701132029295,0.05682777985930443,0.9979912042617798,0.8225505948066711,0.8217769861221313,0.989790141582489,0.010209481231868267,0.05202741548418999,0.9981270432472229,0.8031210899353027,0.8026501536369324
63.0,3.0,0.9887084364891052,0.011291613802313805,0.05537816882133484,0.9980071783065796,0.8206408619880676,0.819830596446991,0.9865195751190186,0.01348051056265831,0.058151256293058395,0.9980595111846924,0.8105536699295044,0.8102349638938904
63.0,4.0,0.9880319237709045,0.011967816390097141,0.05665247514843941,0.9980277419090271,0.8137810230255127,0.8131681680679321,0.9892351031303406,0.010764765553176403,0.05376529321074486,0.9979795813560486,0.8373970985412598,0.8369148373603821
64.0,0.0,0.9887445569038391,0.011254952289164066,0.05470622330904007,0.9980478882789612,0.8147674202919006,0.8145931363105774,0.9865239858627319,0.013475550338625908,0.06162314862012863,0.9979001879692078,0.8333832025527954,0.8313034176826477
64.0,1.0,0.9880730509757996,0.011927705258131027,0.056578535586595535,0.9980150461196899,0.8209547996520996,0.8203153014183044,0.9894166588783264,0.01058363076299429,0.05305865779519081,0.9980263710021973,0.8093103766441345,0.8086252808570862
64.0,2.0,0.9879912734031677,0.012008781544864178,0.05693664774298668,0.9979931116104126,0.8225637674331665,0.8218551278114319,0.9897968769073486,0.010203106328845024,0.05176438018679619,0.9981313943862915,0.8032618165016174,0.8026878833770752
64.0,3.0,0.9887470602989197,0.011253380216658115,0.05536029115319252,0.9980098605155945,0.8206917643547058,0.8199017643928528,0.9865373969078064,0.013462473638355732,0.05831586569547653,0.9980546832084656,0.810390830039978,0.8101822137832642
64.0,4.0,0.9880840182304382,0.01191524788737297,0.056776754558086395,0.9980276226997375,0.8138100504875183,0.8132216334342957,0.9892475008964539,0.010753131471574306,0.05376501381397247,0.9979790449142456,0.8372769355773926,0.8369107842445374
65.0,0.0,0.9887771010398865,0.011222882196307182,0.054462093859910965,0.9980487823486328,0.8148865103721619,0.8146244287490845,0.9865756630897522,0.013424179516732693,0.061929114162921906,0.9979028701782227,0.8333876729011536,0.8313235640525818
65.0,1.0,0.9880746603012085,0.011925166472792625,0.05658547952771187,0.9980170130729675,0.8209487199783325,0.8203408718109131,0.989448606967926,0.010551520623266697,0.05388368293642998,0.9980313777923584,0.8090274333953857,0.8086937069892883
65.0,2.0,0.9879983067512512,0.012001600116491318,0.05696272850036621,0.9979923963546753,0.8225559592247009,0.8218516111373901,0.9898183941841125,0.010181767866015434,0.051758382469415665,0.9981356859207153,0.8032585978507996,0.802722692489624
65.0,3.0,0.9888292551040649,0.01117129810154438,0.0553412102162838,0.9980126619338989,0.820748507976532,0.8199796080589294,0.9865810871124268,0.013418874703347683,0.05856172367930412,0.9980581402778625,0.8103234171867371,0.8102484941482544
65.0,4.0,0.9881427884101868,0.011856567114591599,0.05673038214445114,0.9980329275131226,0.8138757348060608,0.8133249282836914,0.9892299771308899,0.010769955813884735,0.054084666073322296,0.9979760050773621,0.8371416330337524,0.8368905186653137
66.0,0.0,0.9887708425521851,0.011228836141526699,0.054484911262989044,0.998052179813385,0.8148561716079712,0.8146573305130005,0.9867530465126038,0.01324720960110426,0.061844050884246826,0.9979032874107361,0.8334083557128906,0.8315854668617249
66.0,1.0,0.988121509552002,0.01187895704060793,0.05652599409222603,0.9980214834213257,0.8211051225662231,0.8203834295272827,0.9894574284553528,0.01054290123283863,0.053504616022109985,0.9980276823043823,0.8090890645980835,0.8086894750595093
66.0,2.0,0.987988293170929,0.01201192568987608,0.05698207765817642,0.997994065284729,0.822581946849823,0.8218989968299866,0.9898785352706909,0.010121638886630535,0.05206400901079178,0.9981342554092407,0.8030000925064087,0.8026672005653381
66.0,3.0,0.9888420701026917,0.011158138513565063,0.05539757385849953,0.9980140328407288,0.8207324743270874,0.8199705481529236,0.986633837223053,0.013365867547690868,0.05846800655126572,0.998060941696167,0.8104128837585449,0.8102893233299255
66.0,4.0,0.9881775975227356,0.011822083964943886,0.056528396904468536,0.9980340600013733,0.8139106631278992,0.8133321404457092,0.9892798066139221,0.010720700025558472,0.053646884858608246,0.9979869723320007,0.8376051783561707,0.8370144963264465
67.0,0.0,0.9888078570365906,0.01119198463857174,0.05455317348241806,0.998052716255188,0.8149158954620361,0.8146572113037109,0.986675500869751,0.013324287720024586,0.06310118734836578,0.997886061668396,0.83290034532547,0.8314961194992065
67.0,1.0,0.9881133437156677,0.011886315420269966,0.05650274083018303,0.9980201721191406,0.8210284113883972,0.8203566670417786,0.989453911781311,0.010545969940721989,0.05325598642230034,0.9980343580245972,0.8091700077056885,0.8087260127067566
67.0,2.0,0.9880340695381165,0.01196623407304287,0.05687901750206947,0.9979985952377319,0.8226655125617981,0.8219122290611267,0.9898862242698669,0.010113962925970554,0.05226396024227142,0.9981346726417542,0.8028740286827087,0.8026889562606812
67.0,3.0,0.9888530373573303,0.011147397570312023,0.055422861129045486,0.9980161190032959,0.8207405805587769,0.8199958801269531,0.9866325855255127,0.013366998173296452,0.058573827147483826,0.998059868812561,0.8104003071784973,0.8102991580963135
67.0,4.0,0.9881880879402161,0.011812102049589157,0.056642159819602966,0.9980348348617554,0.8139486312866211,0.813337504863739,0.9892883896827698,0.0107117323204875,0.053620580583810806,0.9979870319366455,0.8374038338661194,0.836950421333313
68.0,0.0,0.9888215661048889,0.011177944019436836,0.05445639789104462,0.9980574250221252,0.8149752616882324,0.8147186040878296,0.9867812395095825,0.013218640349805355,0.06205076351761818,0.997905969619751,0.8333835601806641,0.8315518498420715
68.0,1.0,0.9881575107574463,0.011842550709843636,0.05651061609387398,0.9980215430259705,0.8210873603820801,0.8204082250595093,0.9894739389419556,0.010526065714657307,0.05330730602145195,0.9980344176292419,0.8092304468154907,0.8087117075920105
68.0,2.0,0.9880425930023193,0.011958813294768333,0.05693237483501434,0.9979962110519409,0.82267165184021,0.8219103813171387,0.9899061918258667,0.010093635879456997,0.05208340287208557,0.9981387853622437,0.8029661774635315,0.8026999831199646
68.0,3.0,0.9888641834259033,0.01113584078848362,0.05536685511469841,0.9980169534683228,0.8207194209098816,0.8199979662895203,0.9866301417350769,0.013369636610150337,0.05830158293247223,0.9980578422546387,0.8105433583259583,0.8103943467140198
68.0,4.0,0.9881890416145325,0.011810372583568096,0.05659548565745354,0.998039960861206,0.813964307308197,0.813401997089386,0.9893112778663635,0.01068881992250681,0.053599629551172256,0.9979879260063171,0.8374107480049133,0.8369743227958679
69.0,0.0,0.9888344407081604,0.011166136711835861,0.0545092336833477,0.9980577230453491,0.814940333366394,0.814714789390564,0.9868040680885315,0.013195877894759178,0.061569564044475555,0.9979093074798584,0.8337119221687317,0.8316205143928528
69.0,1.0,0.9881674647331238,0.01183226890861988,0.056544579565525055,0.9980254173278809,0.8211135268211365,0.820432186126709,0.9894697666168213,0.010530436411499977,0.05320799723267555,0.9980326890945435,0.8092628717422485,0.8086994886398315
69.0,2.0,0.9880580902099609,0.011942636221647263,0.056947652250528336,0.9979993104934692,0.8226481080055237,0.8219397068023682,0.9899067282676697,0.01009323913604021,0.05231306329369545,0.9981386661529541,0.8029202222824097,0.802710771560669
69.0,3.0,0.9888682961463928,0.011131617240607738,0.05543622002005577,0.9980180263519287,0.820733904838562,0.8200196623802185,0.98665851354599,0.013341023586690426,0.05853854492306709,0.998066782951355,0.8103806972503662,0.8104388117790222
69.0,4.0,0.9882137775421143,0.011787067167460918,0.056651771068573,0.9980388879776001,0.8139269948005676,0.8133506774902344,0.9893068075180054,0.010693535208702087,0.053495727479457855,0.9979923963546753,0.8374290466308594,0.8369991779327393
70.0,0.0,0.9888415336608887,0.011158199980854988,0.05448365584015846,0.9980588555335999,0.8149705529212952,0.8147241473197937,0.9867951273918152,0.013204609043896198,0.06204291805624962,0.9979103803634644,0.8333761096000671,0.8315587043762207
70.0,1.0,0.9881758689880371,0.011824795044958591,0.056475039571523666,0.9980277419090271,0.8211010694503784,0.820443332195282,0.9895116090774536,0.01048845611512661,0.05342942476272583,0.9980376958847046,0.809194028377533,0.808760941028595
70.0,2.0,0.9880668520927429,0.011933458968997002,0.057003118097782135,0.9980027675628662,0.8226913809776306,0.8219708800315857,0.989883303642273,0.01011666189879179,0.05181518569588661,0.9981409311294556,0.803064227104187,0.8026772141456604
70.0,3.0,0.9888818264007568,0.011117876507341862,0.05549702048301697,0.9980198740959167,0.8208293914794922,0.8200384974479675,0.9866909980773926,0.013308937661349773,0.05877946317195892,0.9980681538581848,0.8104169368743896,0.8104804158210754
70.0,4.0,0.9882229566574097,0.011777164414525032,0.056585170328617096,0.9980390667915344,0.8140431046485901,0.8134022951126099,0.9892981648445129,0.010702121071517467,0.053555022925138474,0.9979875087738037,0.8373969197273254,0.8369598388671875
71.0,0.0,0.9888355731964111,0.011164214462041855,0.0546661801636219,0.9980592131614685,0.8149598240852356,0.8146898746490479,0.9868156313896179,0.013184327632188797,0.06184344366192818,0.9979111552238464,0.8335049748420715,0.8315674066543579
71.0,1.0,0.9881880283355713,0.011811996810138226,0.05651496723294258,0.9980300664901733,0.8211203813552856,0.8204500675201416,0.9895040392875671,0.010495901107788086,0.053916674107313156,0.9980422854423523,0.8090029954910278,0.8088284134864807
71.0,2.0,0.988078773021698,0.011921974830329418,0.05700824037194252,0.9980055093765259,0.8226545453071594,0.8219853043556213,0.9899278283119202,0.010072383098304272,0.05223573371767998,0.9981438517570496,0.8029446601867676,0.802722692489624
71.0,3.0,0.9888988733291626,0.011102019809186459,0.055352210998535156,0.9980224967002869,0.8208320140838623,0.8200579881668091,0.9866504669189453,0.013349423184990883,0.058379434049129486,0.9980639219284058,0.8104649782180786,0.8104138374328613
71.0,4.0,0.9882243275642395,0.011776319704949856,0.05668557807803154,0.9980423450469971,0.8140091896057129,0.8134024143218994,0.9893009066581726,0.010699443519115448,0.05363456532359123,0.9979892373085022,0.8373289108276367,0.8369668126106262
72.0,0.0,0.9888617992401123,0.011138740926980972,0.05456135421991348,0.9980617761611938,0.8150265216827393,0.8147703409194946,0.9868230819702148,0.01317689660936594,0.06219090521335602,0.9979161620140076,0.8334512114524841,0.831637442111969
72.0,1.0,0.9881882667541504,0.011811666190624237,0.05662454664707184,0.9980299472808838,0.8211113810539246,0.8204614520072937,0.9894843101501465,0.010515655390918255,0.05365901440382004,0.9980412125587463,0.8090940117835999,0.8087998628616333
72.0,2.0,0.9880979061126709,0.011903046630322933,0.05691729858517647,0.9980075359344482,0.8226963877677917,0.8219885230064392,0.9899206161499023,0.01007918268442154,0.05224401503801346,0.9981407523155212,0.8031201362609863,0.802775502204895
72.0,3.0,0.9888985753059387,0.01110140047967434,0.05547177419066429,0.9980230927467346,0.8207643032073975,0.8200399279594421,0.9866975545883179,0.013302129693329334,0.058377526700496674,0.9980717897415161,0.8105777502059937,0.810501754283905
72.0,4.0,0.9882583022117615,0.011742020957171917,0.056719258427619934,0.9980430603027344,0.8140506148338318,0.8134334683418274,0.9893343448638916,0.010665812529623508,0.053575366735458374,0.9979922771453857,0.8374531269073486,0.8369949460029602
73.0,0.0,0.9888736605644226,0.011125636287033558,0.054451555013656616,0.9980642795562744,0.8150051236152649,0.8147684335708618,0.9868415594100952,0.013158420100808144,0.061706215143203735,0.9979148507118225,0.8336251974105835,0.8316441774368286
73.0,1.0,0.9882098436355591,0.011791090480983257,0.05660633742809296,0.9980327486991882,0.8211580514907837,0.8204829692840576,0.9895185828208923,0.010481084696948528,0.053772054612636566,0.9980455040931702,0.8090960383415222,0.8088333606719971
73.0,2.0,0.9880927801132202,0.011906963773071766,0.0570034496486187,0.9980078339576721,0.8226745128631592,0.8219987750053406,0.9899569153785706,0.010043173097074032,0.0520399734377861,0.9981445670127869,0.803016185760498,0.8027505874633789
73.0,3.0,0.9889156222343445,0.011085436679422855,0.055367499589920044,0.9980247616767883,0.82082200050354,0.8200547099113464,0.9867074489593506,0.013292782939970493,0.05853522941470146,0.9980728030204773,0.8104183673858643,0.810478687286377
73.0,4.0,0.9882546067237854,0.011745739728212357,0.056661415845155716,0.9980417490005493,0.8139938116073608,0.8134148716926575,0.9893229007720947,0.010676679201424122,0.05389149487018585,0.9979947209358215,0.8372660279273987,0.836976945400238
74.0,0.0,0.9888859391212463,0.01111471839249134,0.05451902002096176,0.9980652928352356,0.8150184750556946,0.8147690892219543,0.9868272542953491,0.013172740116715431,0.06229443848133087,0.9979132413864136,0.8333771228790283,0.8316397070884705
74.0,1.0,0.9882113337516785,0.011788497678935528,0.056600172072649,0.9980340600013733,0.8211216330528259,0.8204852938652039,0.9895374774932861,0.01046258956193924,0.05346778407692909,0.9980458617210388,0.8091966509819031,0.8087731003761292
74.0,2.0,0.9881176948547363,0.011883458122611046,0.057045403867959976,0.9980092644691467,0.8227217197418213,0.8219970464706421,0.9899675250053406,0.010032601654529572,0.052262526005506516,0.9981476068496704,0.8029346466064453,0.8027530312538147
74.0,3.0,0.9889220595359802,0.011077835224568844,0.05551256239414215,0.9980286955833435,0.8208374977111816,0.8200878500938416,0.9867402911186218,0.013259323313832283,0.058424212038517,0.9980751276016235,0.8104968070983887,0.8105113506317139
74.0,4.0,0.9882737994194031,0.011725112795829773,0.05674988403916359,0.9980463981628418,0.8140433430671692,0.8134503960609436,0.9893504977226257,0.010649710893630981,0.05366760492324829,0.9979998469352722,0.8374782800674438,0.8370268940925598
75.0,0.0,0.9888913631439209,0.011108821257948875,0.05459033325314522,0.9980683922767639,0.8150288462638855,0.8147894144058228,0.9868756532669067,0.013124724850058556,0.06200534850358963,0.9979187250137329,0.833572268486023,0.8316500186920166
75.0,1.0,0.9882217049598694,0.011779174208641052,0.05661134794354439,0.9980365633964539,0.8211556077003479,0.8204920887947083,0.9895345568656921,0.010465330444276333,0.053405534476041794,0.9980475306510925,0.809309720993042,0.8088192343711853
75.0,2.0,0.9881285429000854,0.011871634051203728,0.05695270001888275,0.998012125492096,0.8227827548980713,0.822002112865448,0.9899879097938538,0.010012064129114151,0.052423201501369476,0.9981501698493958,0.8029448390007019,0.8027745485305786
75.0,3.0,0.9889360070228577,0.011064086109399796,0.05536994710564613,0.9980273246765137,0.820834219455719,0.8200703859329224,0.9867104887962341,0.013289590366184711,0.05868561938405037,0.9980795383453369,0.8105051517486572,0.8105027079582214
75.0,4.0,0.9882785081863403,0.011722514405846596,0.05664486810564995,0.998046338558197,0.8140459060668945,0.8134421706199646,0.9893574714660645,0.010642717592418194,0.053751058876514435,0.9979999661445618,0.8373907208442688,0.8370133638381958
76.0,0.0,0.9889053106307983,0.01109469123184681,0.05456603690981865,0.9980701208114624,0.8150280117988586,0.8148022294044495,0.986880898475647,0.013119273819029331,0.062077514827251434,0.9979225397109985,0.8335026502609253,0.8317052125930786
76.0,1.0,0.9882400035858154,0.011759769171476364,0.05655854940414429,0.998039722442627,0.8211687803268433,0.8205321431159973,0.9895517230033875,0.010448774322867393,0.05348091945052147,0.9980481266975403,0.8092387318611145,0.8088465332984924
76.0,2.0,0.9881315231323242,0.011869545094668865,0.05696045607328415,0.9980139136314392,0.8227928876876831,0.8220386505126953,0.9899911880493164,0.010009300895035267,0.05219026654958725,0.9981503486633301,0.8029837608337402,0.8027670383453369
76.0,3.0,0.9889480471611023,0.011051508598029613,0.05540648475289345,0.9980319738388062,0.8208438158035278,0.8200973272323608,0.9867372512817383,0.013262808322906494,0.05867660418152809,0.9980783462524414,0.8104888796806335,0.810528576374054
76.0,4.0,0.9882892370223999,0.011710727587342262,0.05667004734277725,0.9980496764183044,0.8140625953674316,0.8134860992431641,0.9893882274627686,0.010611629113554955,0.05339205637574196,0.9980039596557617,0.8375611305236816,0.8370668888092041
77.0,0.0,0.988915205001831,0.011085678823292255,0.054539598524570465,0.9980722069740295,0.8150508999824524,0.8147986531257629,0.9868959188461304,0.013103965669870377,0.06216102093458176,0.9979241490364075,0.8337107300758362,0.8317116498947144
77.0,1.0,0.9882475137710571,0.011753516271710396,0.056582964956760406,0.9980396032333374,0.8211832642555237,0.8205129504203796,0.9895433783531189,0.01045699417591095,0.0533750019967556,0.9980493783950806,0.8093662261962891,0.8088147640228271
77.0,2.0,0.9881328344345093,0.01186635997146368,0.05701917037367821,0.9980124831199646,0.822765052318573,0.8220270872116089,0.9899949431419373,0.01000568550080061,0.05232137814164162,0.9981520771980286,0.8029507398605347,0.8027690052986145
77.0,3.0,0.9889524579048157,0.011048057116568089,0.05543166399002075,0.998032808303833,0.8208518624305725,0.8200870752334595,0.9867527484893799,0.013247525319457054,0.058610785752534866,0.9980789422988892,0.8104894757270813,0.8105254173278809
77.0,4.0,0.9883066415786743,0.011694616638123989,0.05671115592122078,0.9980506300926208,0.8140273094177246,0.8134902715682983,0.989393413066864,0.010606865398585796,0.05350872501730919,0.9980064034461975,0.837683379650116,0.8370921611785889
78.0,0.0,0.9889154434204102,0.011083993129432201,0.05442194640636444,0.9980709552764893,0.815081000328064,0.8148014545440674,0.9868906140327454,0.013109046965837479,0.06195370480418205,0.9979236125946045,0.8336027264595032,0.8316728472709656
78.0,1.0,0.9882681369781494,0.011731531471014023,0.056517988443374634,0.9980411529541016,0.8212165832519531,0.8205350637435913,0.9895563125610352,0.01044370885938406,0.05345924571156502,0.9980499148368835,0.8092693090438843,0.8088288307189941
78.0,2.0,0.9881542325019836,0.011846347711980343,0.05696941167116165,0.9980155825614929,0.8227590918540955,0.8220531940460205,0.9899660348892212,0.010033922269940376,0.05202389135956764,0.9981493949890137,0.8033724427223206,0.8028150796890259
78.0,3.0,0.9889586567878723,0.011041224002838135,0.055409468710422516,0.998035192489624,0.8208820223808289,0.8201000690460205,0.9867691397666931,0.013230657204985619,0.058558207005262375,0.9980844259262085,0.810553252696991,0.8105642795562744
78.0,4.0,0.9882892966270447,0.011711301282048225,0.05673779174685478,0.998053789138794,0.814070999622345,0.8134788274765015,0.9894036054611206,0.010596045292913914,0.053742364048957825,0.9980084896087646,0.8375796675682068,0.8370946645736694
79.0,0.0,0.9889350533485413,0.011065260507166386,0.054552268236875534,0.9980742335319519,0.8150556087493896,0.8148102164268494,0.9868981242179871,0.013101738877594471,0.06217959150671959,0.9979255199432373,0.8335481286048889,0.8317384123802185
79.0,1.0,0.9882714152336121,0.011727757751941681,0.056613609194755554,0.9980447292327881,0.8212174773216248,0.8205638527870178,0.9895703792572021,0.010429653339087963,0.053529299795627594,0.9980538487434387,0.8092368245124817,0.8088710904121399
79.0,2.0,0.9881651997566223,0.011834690347313881,0.05702923238277435,0.998017430305481,0.8227970004081726,0.8220703601837158,0.9900121092796326,0.009988073259592056,0.052286334335803986,0.9981546998023987,0.8030224442481995,0.8027912974357605
79.0,3.0,0.988963782787323,0.011035319417715073,0.05542437732219696,0.9980359673500061,0.8209044337272644,0.8201321959495544,0.9867938756942749,0.01320591475814581,0.058448199182748795,0.9980847239494324,0.8105559945106506,0.8105578422546387
79.0,4.0,0.9883222579956055,0.011677232570946217,0.05672219395637512,0.9980551600456238,0.8140783309936523,0.8135027885437012,0.9893960356712341,0.010603789240121841,0.05356492102146149,0.9980090260505676,0.8375926613807678,0.83710777759552
80.0,0.0,0.9889340400695801,0.011066341772675514,0.05451096594333649,0.9980750679969788,0.8150712847709656,0.8148114085197449,0.9869251251220703,0.013074957765638828,0.06221112236380577,0.9979278445243835,0.8336843848228455,0.8317312002182007
80.0,1.0,0.9882780909538269,0.011720915324985981,0.056659020483493805,0.9980431199073792,0.821230947971344,0.8205481767654419,0.9895702004432678,0.010429461486637592,0.05391908437013626,0.9980525374412537,0.8090888857841492,0.8088736534118652
80.0,2.0,0.9881740212440491,0.011825686320662498,0.05692116171121597,0.9980194568634033,0.8227701783180237,0.8220670223236084,0.990014910697937,0.009984948672354221,0.052206818014383316,0.9981552362442017,0.8030281662940979,0.8028220534324646
80.0,3.0,0.9889793992042542,0.011021221056580544,0.055370669811964035,0.998035728931427,0.8209264874458313,0.8201264142990112,0.9867957234382629,0.013204840011894703,0.058673661202192307,0.9980874061584473,0.8104652762413025,0.8105703592300415
80.0,4.0,0.9883329272270203,0.011667255312204361,0.05671780928969383,0.9980559349060059,0.8140837550163269,0.8135161995887756,0.9894019961357117,0.010598013177514076,0.05387687310576439,0.9980071783065796,0.8373908400535583,0.8370472192764282
81.0,0.0,0.9889541864395142,0.011045703664422035,0.05457387864589691,0.9980773329734802,0.8150570392608643,0.8148494958877563,0.9869183301925659,0.013081785291433334,0.06180723011493683,0.9979248642921448,0.8336456418037415,0.8317040205001831
81.0,1.0,0.9882889986038208,0.011710334569215775,0.05655580013990402,0.9980435967445374,0.8212074041366577,0.8205608129501343,0.9895864725112915,0.010413561016321182,0.05354015529155731,0.9980596899986267,0.8092604875564575,0.8088964223861694
81.0,2.0,0.9881830215454102,0.01181835401803255,0.05698486045002937,0.9980199933052063,0.822799801826477,0.8220732808113098,0.9900305867195129,0.00996936485171318,0.052380360662937164,0.9981554746627808,0.8029547929763794,0.8028313517570496
81.0,3.0,0.9889898300170898,0.011011029593646526,0.05535931885242462,0.9980367422103882,0.8208882212638855,0.8201290369033813,0.9868212938308716,0.013178994879126549,0.058388423174619675,0.9980883598327637,0.8105448484420776,0.8105848431587219
81.0,4.0,0.9883378744125366,0.011661922559142113,0.05671190470457077,0.9980579018592834,0.8140760660171509,0.8135146498680115,0.9894142150878906,0.010585926473140717,0.05377528816461563,0.9980089068412781,0.8375194668769836,0.8371015191078186
82.0,0.0,0.9889565110206604,0.011043834500014782,0.054547496140003204,0.9980790615081787,0.8151237964630127,0.8148688673973083,0.9869217872619629,0.0130781140178442,0.062020767480134964,0.9979265332221985,0.8336706161499023,0.8317034244537354
82.0,1.0,0.9882948398590088,0.011705190874636173,0.05649295449256897,0.998046875,0.8212536573410034,0.8205673694610596,0.989578366279602,0.010421646758913994,0.0537007674574852,0.998058557510376,0.8091793060302734,0.8088939785957336
82.0,2.0,0.9881879687309265,0.011812593787908554,0.057015374302864075,0.9980225563049316,0.8228078484535217,0.8220993280410767,0.990041196346283,0.009958367794752121,0.052189748734235764,0.9981603622436523,0.8030738234519958,0.8028467297554016
82.0,3.0,0.9889948964118958,0.011006128042936325,0.05534138157963753,0.9980396032333374,0.8209161758422852,0.8201422691345215,0.9867847561836243,0.013215191662311554,0.058365002274513245,0.998080313205719,0.8105255961418152,0.810539186000824
82.0,4.0,0.9883424043655396,0.011658751405775547,0.05667008459568024,0.9980591535568237,0.8141002058982849,0.813526451587677,0.9894269108772278,0.010572643019258976,0.05350084975361824,0.9980127215385437,0.837646484375,0.8371239304542542
83.0,0.0,0.988976001739502,0.011023890227079391,0.05448862910270691,0.9980787634849548,0.8150973320007324,0.8148664236068726,0.9869393706321716,0.013060850091278553,0.06207834556698799,0.9979315996170044,0.8335895538330078,0.8317394256591797
83.0,1.0,0.9883084297180176,0.01169116236269474,0.05657830461859703,0.9980480074882507,0.8212706446647644,0.820578396320343,0.9895641803741455,0.010435781441628933,0.05409323424100876,0.9980526566505432,0.8090519309043884,0.8088794946670532
83.0,2.0,0.9881942272186279,0.011805443093180656,0.057022687047719955,0.9980222582817078,0.8227999210357666,0.8220934867858887,0.9900296926498413,0.009970184415578842,0.0521622858941555,0.9981589913368225,0.8032808303833008,0.8029069304466248
83.0,3.0,0.9890056848526001,0.010994996875524521,0.05533144995570183,0.9980412125587463,0.820932149887085,0.8201568126678467,0.9868402481079102,0.01316035445779562,0.05842088907957077,0.9980877041816711,0.8105717301368713,0.810591459274292
83.0,4.0,0.9883516430854797,0.011648224666714668,0.056677915155887604,0.9980581402778625,0.8140949010848999,0.8135204315185547,0.989443302154541,0.010556907393038273,0.05370568484067917,0.9980123043060303,0.837611973285675,0.8371227383613586
84.0,0.0,0.9889823794364929,0.011018906719982624,0.05453525111079216,0.9980807900428772,0.815105676651001,0.8148803114891052,0.9869451522827148,0.013054754585027695,0.06186341494321823,0.9979321956634521,0.8337094783782959,0.8317313194274902
84.0,1.0,0.9883169531822205,0.011682837270200253,0.05661163479089737,0.9980482459068298,0.82129967212677,0.8205947279930115,0.989590585231781,0.01040955912321806,0.053447525948286057,0.9980557560920715,0.8093336820602417,0.8088734149932861
84.0,2.0,0.9882082343101501,0.011791127733886242,0.05703486502170563,0.998024582862854,0.8228122591972351,0.8221030235290527,0.9900555610656738,0.00994486827403307,0.05257358029484749,0.9981611371040344,0.8029727339744568,0.8028475046157837
84.0,3.0,0.9890128970146179,0.010987631976604462,0.05537514016032219,0.9980398416519165,0.8209391832351685,0.8201689124107361,0.986848771572113,0.01315115112811327,0.058813270181417465,0.9980916976928711,0.8104237914085388,0.8106126189231873
84.0,4.0,0.9883634448051453,0.011636700481176376,0.05671088024973869,0.9980610609054565,0.8141142725944519,0.8135433793067932,0.9894454479217529,0.010554189793765545,0.053813278675079346,0.9980154037475586,0.8376331329345703,0.8371314406394958
85.0,0.0,0.9889876842498779,0.01101299375295639,0.054490361362695694,0.9980817437171936,0.8151113986968994,0.8148723244667053,0.9869595766067505,0.013040372170507908,0.062156278640031815,0.9979327321052551,0.8336536884307861,0.8317564129829407
85.0,1.0,0.988328218460083,0.011671898886561394,0.05660710111260414,0.9980514049530029,0.821275532245636,0.8206014633178711,0.9895962476730347,0.010403836145997047,0.05370126664638519,0.9980604648590088,0.8091884851455688,0.808912456035614
85.0,2.0,0.9882115721702576,0.011788338422775269,0.056965604424476624,0.9980257153511047,0.8227981328964233,0.8221079111099243,0.9900585412979126,0.009941699914634228,0.05245900899171829,0.9981616139411926,0.8030514121055603,0.8028556704521179
85.0,3.0,0.9890180826187134,0.010982812382280827,0.055478423833847046,0.9980425238609314,0.820942759513855,0.8201808333396912,0.9868553876876831,0.013144717551767826,0.05854808911681175,0.9980942010879517,0.8105819821357727,0.8106386661529541
85.0,4.0,0.9883661866188049,0.011633522808551788,0.056721143424510956,0.9980614185333252,0.8141083717346191,0.8135460615158081,0.9894693493843079,0.010530585423111916,0.053519219160079956,0.9980191588401794,0.8377211689949036,0.8371464014053345
86.0,0.0,0.9890056252479553,0.010994719341397285,0.054544176906347275,0.9980834126472473,0.8151251077651978,0.8148865699768066,0.9869688153266907,0.01303156279027462,0.06215652450919151,0.9979376792907715,0.8336620330810547,0.831764280796051
86.0,1.0,0.9883363246917725,0.011663847602903843,0.05658029392361641,0.9980528950691223,0.8212878108024597,0.8206055760383606,0.9895972609519958,0.010402608662843704,0.053154490888118744,0.9980589151382446,0.8094220757484436,0.8088842630386353
86.0,2.0,0.9882229566574097,0.011776729486882687,0.056992825120687485,0.9980291724205017,0.8228606581687927,0.8221225142478943,0.9900619387626648,0.009938105940818787,0.05245658755302429,0.9981600642204285,0.8029648065567017,0.8028485178947449
86.0,3.0,0.9890310764312744,0.010968836955726147,0.0555073507130146,0.9980445504188538,0.8209222555160522,0.8201769590377808,0.9868664741516113,0.013133388012647629,0.05852935463190079,0.9980953335762024,0.8104667663574219,0.8106153011322021
86.0,4.0,0.9883779883384705,0.011622193269431591,0.056731902062892914,0.9980628490447998,0.8141040205955505,0.8135479688644409,0.9894599318504333,0.010539769195020199,0.05349775031208992,0.9980164170265198,0.8376578092575073,0.8371521234512329
87.0,0.0,0.9889932870864868,0.011006996966898441,0.054558783769607544,0.9980814456939697,0.81512451171875,0.8148757219314575,0.98696368932724,0.013036477379500866,0.062256939709186554,0.9979350566864014,0.8336058259010315,0.8317668437957764
87.0,1.0,0.988347589969635,0.011652213521301746,0.05666971206665039,0.998054027557373,0.8212612271308899,0.8206080794334412,0.9896177053451538,0.010382008738815784,0.05359775573015213,0.998065173625946,0.8092274069786072,0.8088815808296204
87.0,2.0,0.9882292151451111,0.011770883575081825,0.05697847530245781,0.9980296492576599,0.8228394985198975,0.8221312761306763,0.990066409111023,0.00993341114372015,0.05232446640729904,0.9981632828712463,0.8032588958740234,0.802937924861908
87.0,3.0,0.9890364408493042,0.010964307934045792,0.05547698214650154,0.998045027256012,0.8209709525108337,0.8201906085014343,0.9868745803833008,0.013125507161021233,0.058493781834840775,0.9980959296226501,0.8106270432472229,0.810653567314148
87.0,4.0,0.9883898496627808,0.011611019261181355,0.05674527585506439,0.9980652928352356,0.8141158819198608,0.8135656118392944,0.9894789457321167,0.010521156713366508,0.05334104597568512,0.9980207085609436,0.8377264142036438,0.8371536135673523
88.0,0.0,0.9890138506889343,0.010985073633491993,0.05463268607854843,0.998085618019104,0.8151568174362183,0.8149045705795288,0.9869595766067505,0.013040177524089813,0.06200422719120979,0.9979369044303894,0.8336678743362427,0.831754207611084
88.0,1.0,0.9883520603179932,0.011647977866232395,0.05655944347381592,0.998053252696991,0.8212937712669373,0.8206155896186829,0.9896016120910645,0.010398517362773418,0.053635358810424805,0.9980652928352356,0.8092708587646484,0.8088916540145874
88.0,2.0,0.988243043422699,0.011758367531001568,0.05696520954370499,0.9980297684669495,0.8228353261947632,0.8221327662467957,0.9900414347648621,0.009958745911717415,0.05235085263848305,0.9981653094291687,0.8033455014228821,0.8029157519340515
88.0,3.0,0.989045262336731,0.01095497328788042,0.055414967238903046,0.9980472326278687,0.8209855556488037,0.8201994895935059,0.9868763089179993,0.013123741373419762,0.058685727417469025,0.9980975985527039,0.8106921315193176,0.8106752634048462
88.0,4.0,0.9883933067321777,0.011607893742620945,0.05684499442577362,0.9980655908584595,0.8141003847122192,0.8135622143745422,0.9894866943359375,0.01051313430070877,0.05348191782832146,0.998020350933075,0.8377962112426758,0.8371582627296448
89.0,0.0,0.9890215992927551,0.010978246107697487,0.05454904958605766,0.9980868697166443,0.8151850700378418,0.8149174451828003,0.9869973659515381,0.013003075495362282,0.06198320537805557,0.9979410171508789,0.8337620496749878,0.8317790031433105
89.0,1.0,0.9883608818054199,0.011638547293841839,0.05667802318930626,0.9980546236038208,0.8213431239128113,0.820641040802002,0.989640474319458,0.01035920437425375,0.05383211746811867,0.9980660080909729,0.8092108368873596,0.8089327812194824
89.0,2.0,0.9882534742355347,0.011746503412723541,0.05701584741473198,0.9980316162109375,0.8228052258491516,0.8221447467803955,0.9900811314582825,0.009919281117618084,0.052356600761413574,0.9981667399406433,0.8033126592636108,0.8029423356056213
89.0,3.0,0.9890495538711548,0.010950295254588127,0.055461276322603226,0.9980481863021851,0.8209385275840759,0.8201921582221985,0.9869024157524109,0.013097654096782207,0.05870402604341507,0.998099684715271,0.810600221157074,0.8106783032417297
89.0,4.0,0.988406240940094,0.01159514207392931,0.05683267489075661,0.998066782951355,0.8141493201255798,0.813578724861145,0.989487886428833,0.01051243394613266,0.05359814316034317,0.998019278049469,0.8376832008361816,0.8371630907058716
90.0,0.0,0.9890559315681458,0.01094433106482029,0.05462067201733589,0.998090922832489,0.815157949924469,0.814926028251648,0.9870177507400513,0.012982271611690521,0.06226617470383644,0.9979462027549744,0.8336892127990723,0.8318548202514648
90.0,1.0,0.9883906841278076,0.011609251610934734,0.056698016822338104,0.9980611205101013,0.8212854862213135,0.8206624984741211,0.9896863698959351,0.010313699953258038,0.05374319851398468,0.9980722069740295,0.8092880845069885,0.8089461922645569
90.0,2.0,0.9882823824882507,0.011717273853719234,0.05700115114450455,0.998035728931427,0.8228744268417358,0.8221662640571594,0.99012291431427,0.009876991622149944,0.05231539160013199,0.9981693029403687,0.8031160235404968,0.8028956055641174
90.0,3.0,0.9890821576118469,0.010917970910668373,0.055430684238672256,0.9980526566505432,0.8209695816040039,0.8202142119407654,0.9869272708892822,0.013072554022073746,0.058611057698726654,0.9981039762496948,0.8106883764266968,0.810710072517395
90.0,4.0,0.9884399771690369,0.011560403741896152,0.05673779174685478,0.9980720281600952,0.8142111301422119,0.8135995864868164,0.9895008206367493,0.010499218478798866,0.05365922302007675,0.9980236291885376,0.837673544883728,0.8371772170066833
91.0,0.0,0.9890619516372681,0.010939192026853561,0.054592281579971313,0.9980927109718323,0.8151873350143433,0.8149362802505493,0.9870203733444214,0.01297945249825716,0.062262292951345444,0.9979461431503296,0.8336994051933289,0.831802248954773
91.0,1.0,0.9883930683135986,0.011606437154114246,0.05669671297073364,0.9980615973472595,0.8213143944740295,0.8206552863121033,0.9896897077560425,0.010310139507055283,0.05368759483098984,0.9980710744857788,0.8092759847640991,0.808949887752533
91.0,2.0,0.9882844686508179,0.011715417727828026,0.05701066181063652,0.9980369806289673,0.8228482604026794,0.8221656084060669,0.9901260733604431,0.009874239563941956,0.052330221980810165,0.9981705546379089,0.8031283020973206,0.8029001951217651
91.0,3.0,0.9890844225883484,0.010915827006101608,0.05543029308319092,0.9980542063713074,0.8209797143936157,0.8202154636383057,0.9869277477264404,0.013072343543171883,0.05864943191409111,0.99810391664505,0.8107013702392578,0.8107119798660278
91.0,4.0,0.9884404540061951,0.011559359729290009,0.056759241968393326,0.9980730414390564,0.8142026662826538,0.8136047720909119,0.9895053505897522,0.010494791902601719,0.05355920270085335,0.9980269074440002,0.837695837020874,0.8371860980987549
92.0,0.0,0.9890635013580322,0.01093660481274128,0.054583050310611725,0.9980930089950562,0.815195620059967,0.8149327635765076,0.9870203137397766,0.012979553081095219,0.062290191650390625,0.9979460835456848,0.8336904644966125,0.8318028450012207
92.0,1.0,0.9883952736854553,0.01160513237118721,0.056696437299251556,0.9980616569519043,0.8213011026382446,0.8206542730331421,0.9896910786628723,0.010309199802577496,0.05364519730210304,0.9980709552764893,0.8092734813690186,0.8089504241943359
92.0,2.0,0.9882864356040955,0.011714018881320953,0.057057950645685196,0.9980365633964539,0.8228453397750854,0.8221689462661743,0.9901279807090759,0.009871887974441051,0.05231926590204239,0.998171865940094,0.8031444549560547,0.8029067516326904
92.0,3.0,0.989086389541626,0.01091447751969099,0.05542641505599022,0.9980542659759521,0.8209742903709412,0.8202180862426758,0.9869290590286255,0.013070590794086456,0.05866933614015579,0.9981040358543396,0.8106865286827087,0.8107092380523682
92.0,4.0,0.988442063331604,0.011558214202523232,0.05676911398768425,0.998073160648346,0.8141977190971375,0.8136022686958313,0.9895081520080566,0.010491950437426567,0.053595904260873795,0.9980260729789734,0.8377002477645874,0.8371849656105042
93.0,0.0,0.9890643358230591,0.010935277678072453,0.05464155599474907,0.9980919361114502,0.8151749968528748,0.8149355053901672,0.9870230555534363,0.01297700498253107,0.06213939189910889,0.997948408126831,0.8337245583534241,0.8318096995353699
93.0,1.0,0.9883967041969299,0.01160354632884264,0.05666748806834221,0.9980627298355103,0.821328341960907,0.8206586241722107,0.9896920919418335,0.010307883843779564,0.05366796255111694,0.9980727434158325,0.8092799186706543,0.8089539408683777
93.0,2.0,0.9882873296737671,0.011712736450135708,0.05706154927611351,0.9980379343032837,0.8228546380996704,0.8221679925918579,0.9901297092437744,0.009870587848126888,0.05236188694834709,0.9981712698936462,0.8031306266784668,0.8029045462608337
93.0,3.0,0.9890878796577454,0.010913022793829441,0.055428169667720795,0.9980540871620178,0.8210092186927795,0.8202329874038696,0.9869307279586792,0.013069262728095055,0.05865125358104706,0.9981034994125366,0.8106778860092163,0.8107119798660278
93.0,4.0,0.988442599773407,0.011557452380657196,0.056771405041217804,0.9980729222297668,0.8141955137252808,0.8136041164398193,0.9895078539848328,0.010491890832781792,0.05360496789216995,0.9980263113975525,0.8376944065093994,0.8371858596801758
94.0,0.0,0.9890649318695068,0.010934563353657722,0.054625727236270905,0.9980940222740173,0.8151830434799194,0.8149401545524597,0.9870231747627258,0.012976891361176968,0.06221764162182808,0.9979475140571594,0.8337149620056152,0.8318079710006714
94.0,1.0,0.9883980751037598,0.01160186342895031,0.0566793829202652,0.9980615973472595,0.8213118314743042,0.8206576704978943,0.989691436290741,0.010308543220162392,0.053641047328710556,0.9980721473693848,0.8092884421348572,0.8089443445205688
94.0,2.0,0.9882891178131104,0.011711935512721539,0.05700765177607536,0.9980377554893494,0.8228592872619629,0.8221673965454102,0.9901303052902222,0.009869877249002457,0.052345242351293564,0.9981711506843567,0.8031337261199951,0.8029037117958069
94.0,3.0,0.989087700843811,0.010912219993770123,0.05542730540037155,0.9980541467666626,0.820982038974762,0.8202186822891235,0.986931324005127,0.013068676926195621,0.05864543840289116,0.9981035590171814,0.810701847076416,0.8107131719589233
94.0,4.0,0.9884431958198547,0.011556273326277733,0.056749437004327774,0.9980737566947937,0.8142130374908447,0.8136048913002014,0.9895094037055969,0.010490781627595425,0.053646501153707504,0.9980261325836182,0.8376882076263428,0.8371863961219788
95.0,0.0,0.9890666007995605,0.010933242738246918,0.05460295081138611,0.9980937838554382,0.8151887059211731,0.8149393796920776,0.9870232939720154,0.012976954691112041,0.062217384576797485,0.9979465007781982,0.8337062001228333,0.831804633140564
95.0,1.0,0.9883989691734314,0.011601263657212257,0.05669976398348808,0.998062014579773,0.8213149309158325,0.820659875869751,0.9896934628486633,0.010306614451110363,0.053681083023548126,0.9980727434158325,0.8092795014381409,0.808954656124115
95.0,2.0,0.9882891178131104,0.011710499413311481,0.05702994018793106,0.998038113117218,0.8228641748428345,0.8221686482429504,0.9901310205459595,0.009868481196463108,0.052344910800457,0.9981708526611328,0.803115725517273,0.8029031753540039
95.0,3.0,0.9890909194946289,0.010910645127296448,0.05545862391591072,0.998053789138794,0.8209573030471802,0.8202177882194519,0.9869312644004822,0.01306875329464674,0.05856669321656227,0.9981021285057068,0.810714840888977,0.8107110857963562
95.0,4.0,0.9884448647499084,0.011555347591638565,0.05672263726592064,0.9980737566947937,0.8142136335372925,0.8136038184165955,0.9895111322402954,0.010488332249224186,0.05356631800532341,0.9980261921882629,0.837676465511322,0.8371782302856445
96.0,0.0,0.9890679121017456,0.01093210931867361,0.054622311145067215,0.9980941414833069,0.8151823878288269,0.8149405121803284,0.9870248436927795,0.012975075282156467,0.06219150498509407,0.9979484677314758,0.8337259292602539,0.8318273425102234
96.0,1.0,0.9884005784988403,0.011599699035286903,0.05666787177324295,0.9980626702308655,0.821320116519928,0.8206606507301331,0.9896933436393738,0.010306624695658684,0.05365132540464401,0.9980738759040833,0.8092905282974243,0.8089563250541687
96.0,2.0,0.9882903695106506,0.011709312908351421,0.05700709670782089,0.9980387687683105,0.8228707313537598,0.8221697807312012,0.9901345372200012,0.009865881875157356,0.052345581352710724,0.9981717467308044,0.8031215667724609,0.8029032945632935
96.0,3.0,0.9890896081924438,0.010910077951848507,0.055464006960392,0.9980549216270447,0.8209629654884338,0.8202200531959534,0.9869340658187866,0.013065929524600506,0.058674607425928116,0.9981043934822083,0.810710608959198,0.8107202649116516
96.0,4.0,0.9884458184242249,0.011554175056517124,0.0567803755402565,0.9980741739273071,0.8142048716545105,0.8136101961135864,0.9895132780075073,0.010486124083399773,0.053561367094516754,0.9980275630950928,0.8377041220664978,0.8371885418891907
97.0,0.0,0.9890690445899963,0.010930797085165977,0.05458326265215874,0.9980949759483337,0.8151960372924805,0.8149385452270508,0.9870252013206482,0.012974737212061882,0.062245097011327744,0.9979483485221863,0.8337120413780212,0.8318251371383667
97.0,1.0,0.9884011745452881,0.01159860473126173,0.056683432310819626,0.9980626702308655,0.8213109970092773,0.8206607699394226,0.9896929264068604,0.0103068295866251,0.053750745952129364,0.998073935508728,0.8092743158340454,0.8089622855186462
97.0,2.0,0.9882907867431641,0.011709044687449932,0.05705567076802254,0.9980385899543762,0.8228541612625122,0.8221754431724548,0.990135908126831,0.00986439548432827,0.05231712386012077,0.9981712698936462,0.8031327724456787,0.8029045462608337
97.0,3.0,0.9890918135643005,0.010908829979598522,0.05542542412877083,0.9980547428131104,0.820971667766571,0.8202260732650757,0.986935019493103,0.013065206818282604,0.058628641068935394,0.9981030225753784,0.8106898069381714,0.8107102513313293
97.0,4.0,0.9884475469589233,0.011553383432328701,0.05672769993543625,0.9980739951133728,0.8142151236534119,0.81361323595047,0.989515483379364,0.01048451941460371,0.0536043718457222,0.9980264902114868,0.8376838564872742,0.8371783494949341
98.0,0.0,0.9890707731246948,0.01092996634542942,0.054587092250585556,0.9980939030647278,0.8151859641075134,0.8149413466453552,0.9870263934135437,0.012973833829164505,0.06225195899605751,0.9979476928710938,0.8337089419364929,0.8318248987197876
98.0,1.0,0.9884030818939209,0.01159718818962574,0.05666925013065338,0.9980632662773132,0.8213137984275818,0.8206661343574524,0.9896950721740723,0.010305344127118587,0.053691502660512924,0.9980738162994385,0.8092843294143677,0.8089601397514343
98.0,2.0,0.9882919192314148,0.011707546189427376,0.057052019983530045,0.9980378150939941,0.8228669166564941,0.822175920009613,0.9901372790336609,0.009862822480499744,0.052310071885585785,0.9981710314750671,0.8031249046325684,0.8029037714004517
98.0,3.0,0.9890927076339722,0.010907826013863087,0.055430781096220016,0.9980552196502686,0.8209742903709412,0.8202239871025085,0.9869360327720642,0.013063707388937473,0.05863840878009796,0.9981040358543396,0.810689389705658,0.8107119202613831
98.0,4.0,0.9884474277496338,0.011551911942660809,0.05675539746880531,0.9980737566947937,0.8142051100730896,0.8136141300201416,0.9895157217979431,0.010484658181667328,0.05362005531787872,0.998026967048645,0.8376789093017578,0.8371809124946594
99.0,0.0,0.9890719652175903,0.010928517207503319,0.05457543209195137,0.9980953335762024,0.8151874542236328,0.8149454593658447,0.9870260953903198,0.012973611243069172,0.0622745081782341,0.9979468584060669,0.8337020874023438,0.8318243622779846
99.0,1.0,0.9884029030799866,0.011596494354307652,0.05668244883418083,0.9980631470680237,0.821310818195343,0.8206645250320435,0.9896948337554932,0.010305261239409447,0.0537300705909729,0.9980745911598206,0.8092724680900574,0.8089630007743835
99.0,2.0,0.9882922172546387,0.011707245372235775,0.057049624621868134,0.9980392456054688,0.8228529095649719,0.8221805095672607,0.9901390075683594,0.009861292317509651,0.052292779088020325,0.9981727004051208,0.8031363487243652,0.8029168844223022
99.0,3.0,0.989094078540802,0.010906673036515713,0.05542660132050514,0.9980559349060059,0.8209714889526367,0.8202307224273682,0.9869375824928284,0.01306236907839775,0.058633383363485336,0.9981037974357605,0.8107035160064697,0.8107170462608337
99.0,4.0,0.9884476661682129,0.011551338247954845,0.05674834921956062,0.9980741739273071,0.8142088651657104,0.8136148452758789,0.9895162582397461,0.0104830302298069,0.05356879159808159,0.9980275630950928,0.8376827836036682,0.8371807932853699
100.0,0.0,0.9890722632408142,0.010927364230155945,0.054604917764663696,0.9980945587158203,0.8151827454566956,0.8149457573890686,0.9870277047157288,0.01297215186059475,0.06220008805394173,0.9979492425918579,0.833718478679657,0.8318274617195129
100.0,1.0,0.988405168056488,0.01159484963864088,0.05668491870164871,0.9980628490447998,0.8213127255439758,0.820665180683136,0.9896957874298096,0.010304149240255356,0.05370721593499184,0.9980745315551758,0.8092910647392273,0.8089639544487
100.0,2.0,0.9882943630218506,0.011705925688147545,0.057047076523303986,0.9980390667915344,0.8228618502616882,0.8221808671951294,0.9901390075683594,0.009861327707767487,0.05226298049092293,0.9981730580329895,0.8031435012817383,0.8029186725616455
100.0,3.0,0.9890942573547363,0.010905739851295948,0.055431801825761795,0.9980555176734924,0.8209843039512634,0.8202304244041443,0.9869393706321716,0.01306101307272911,0.05864059925079346,0.9981043934822083,0.8106920719146729,0.8107131123542786
100.0,4.0,0.9884498119354248,0.0115501144900918,0.0567726232111454,0.9980752468109131,0.8142096996307373,0.8136172294616699,0.9895160794258118,0.010483820922672749,0.05359532684087753,0.9980276823043823,0.8376725316047668,0.8371816873550415
101.0,0.0,0.9890729784965515,0.010926203802227974,0.05459358170628548,0.9980958104133606,0.8151904940605164,0.8149459958076477,0.9870290756225586,0.012970834970474243,0.062230538576841354,0.9979479908943176,0.8337159156799316,0.8318262696266174
101.0,1.0,0.9884055256843567,0.01159415952861309,0.05669258162379265,0.9980620741844177,0.8213202953338623,0.8206698298454285,0.9896965622901917,0.010303465649485588,0.05372690409421921,0.9980747699737549,0.8092780113220215,0.8089651465415955
101.0,2.0,0.9882951974868774,0.011704636737704277,0.05707144737243652,0.9980390071868896,0.8228604793548584,0.8221787214279175,0.9901412725448608,0.009858964942395687,0.052325524389743805,0.9981721639633179,0.8031301498413086,0.8029165863990784
101.0,3.0,0.9890949130058289,0.010905071161687374,0.05545290932059288,0.9980570077896118,0.8209722638130188,0.8202291131019592,0.9869412779808044,0.013058798387646675,0.058633241802453995,0.9981050491333008,0.8106917142868042,0.8107145428657532
101.0,4.0,0.9884504079818726,0.0115491459146142,0.05674462765455246,0.9980748891830444,0.8142067790031433,0.8136146664619446,0.9895179271697998,0.010482214391231537,0.05362185463309288,0.9980268478393555,0.8376777172088623,0.8371807932853699
102.0,0.0,0.9890748262405396,0.01092524640262127,0.054597027599811554,0.9980951547622681,0.8151843547821045,0.814947783946991,0.9870293736457825,0.012970813550055027,0.062244221568107605,0.9979482293128967,0.8337042927742004,0.8318251371383667
102.0,1.0,0.9884073734283447,0.011592676863074303,0.05670062452554703,0.998063325881958,0.8213121294975281,0.8206678628921509,0.989696741104126,0.010303168557584286,0.05372649431228638,0.998075008392334,0.8092844486236572,0.8089652061462402
102.0,2.0,0.9882965683937073,0.01170382834970951,0.05706322193145752,0.9980396032333374,0.8228564262390137,0.8221818208694458,0.9901427030563354,0.009857717901468277,0.052299074828624725,0.9981738328933716,0.8031395673751831,0.8029212355613708
102.0,3.0,0.9890971183776855,0.010904356837272644,0.055414408445358276,0.9980565905570984,0.820976972579956,0.820233166217804,0.9869427680969238,0.013057440519332886,0.05863068997859955,0.9981051683425903,0.810705304145813,0.8107187747955322
102.0,4.0,0.9884529113769531,0.01154756173491478,0.056733131408691406,0.9980764985084534,0.8142215013504028,0.8136179447174072,0.9895184636116028,0.010481222532689571,0.053605224937200546,0.9980276226997375,0.837677538394928,0.8371828198432922
103.0,0.0,0.9890758991241455,0.010924393311142921,0.054601896554231644,0.9980953335762024,0.8151803016662598,0.814946711063385,0.987029492855072,0.012970234267413616,0.06217857822775841,0.9979485273361206,0.833715558052063,0.8318274021148682
103.0,1.0,0.9884083271026611,0.011591490358114243,0.0566689558327198,0.998063862323761,0.8213244676589966,0.8206714391708374,0.9896968007087708,0.010303433053195477,0.05374060943722725,0.9980745315551758,0.8092809915542603,0.8089656829833984
103.0,2.0,0.9882964491844177,0.01170334406197071,0.05707364156842232,0.9980394840240479,0.8228521943092346,0.8221811056137085,0.9901437759399414,0.009856601245701313,0.05226072669029236,0.9981724619865417,0.8031450510025024,0.8029183745384216
103.0,3.0,0.9890960454940796,0.010903190821409225,0.055419012904167175,0.9980558156967163,0.8209887146949768,0.8202342987060547,0.9869450926780701,0.013054612092673779,0.058635298162698746,0.9981057643890381,0.8106881976127625,0.8107169270515442
103.0,4.0,0.9884532690048218,0.01154662761837244,0.05674223229289055,0.9980759024620056,0.814211368560791,0.81361985206604,0.9895206689834595,0.010478829964995384,0.05357116833329201,0.9980272650718689,0.8376845717430115,0.8371814489364624
104.0,0.0,0.9890767931938171,0.010923417285084724,0.054606758058071136,0.998094379901886,0.8151891231536865,0.8149487972259521,0.9870307445526123,0.012969707138836384,0.0622461698949337,0.9979487657546997,0.8337128162384033,0.8318275809288025
104.0,1.0,0.9884095788002014,0.011590245179831982,0.056689679622650146,0.9980639815330505,0.8213219046592712,0.8206706047058105,0.9896969199180603,0.010302945971488953,0.053750649094581604,0.9980764389038086,0.80930095911026,0.8089742660522461
104.0,2.0,0.9882979393005371,0.011702197603881359,0.057038985192775726,0.998039960861206,0.8228588104248047,0.8221856355667114,0.9901440143585205,0.009855649434030056,0.052268169820308685,0.998173713684082,0.8031356930732727,0.8029209971427917
104.0,3.0,0.9890975952148438,0.0109026450663805,0.0554603673517704,0.998056948184967,0.8209809064865112,0.8202354907989502,0.9869455099105835,0.013054385781288147,0.05866779759526253,0.9981054663658142,0.8107119202613831,0.8107212781906128
104.0,4.0,0.9884538650512695,0.01154620386660099,0.05676773563027382,0.9980756044387817,0.8142106533050537,0.8136225938796997,0.9895219802856445,0.010478048585355282,0.053575728088617325,0.998027503490448,0.8377005457878113,0.8371884822845459
105.0,0.0,0.9890781044960022,0.010921938344836235,0.054587237536907196,0.9980958700180054,0.8151998519897461,0.8149516582489014,0.9870316386222839,0.01296834833920002,0.06224273890256882,0.9979492425918579,0.8337142467498779,0.8318293690681458
105.0,1.0,0.9884099960327148,0.011589433066546917,0.05668007954955101,0.9980641603469849,0.8213181495666504,0.8206741809844971,0.9896979928016663,0.010301916860044003,0.053724464029073715,0.9980771541595459,0.8093069791793823,0.8089784383773804
105.0,2.0,0.988298237323761,0.01170129794627428,0.05701876059174538,0.9980399012565613,0.8228750228881836,0.8221912384033203,0.9901450872421265,0.009854945354163647,0.05232342332601547,0.9981747269630432,0.8031341433525085,0.8029214143753052
105.0,3.0,0.9890987873077393,0.010901625268161297,0.05547316372394562,0.9980566501617432,0.8209744691848755,0.8202366232872009,0.986946165561676,0.013054133392870426,0.058609653264284134,0.9981061816215515,0.8107147216796875,0.8107354640960693
105.0,4.0,0.9884544014930725,0.011545121669769287,0.05675007030367851,0.9980767965316772,0.8142158389091492,0.8136234283447266,0.9895229935646057,0.010476839728653431,0.053579989820718765,0.9980277419090271,0.8377085328102112,0.8371888995170593
106.0,0.0,0.9890787601470947,0.010920668952167034,0.054603222757577896,0.9980961680412292,0.8151984810829163,0.8149529099464417,0.9870330095291138,0.012967072427272797,0.062299903482198715,0.9979491233825684,0.8337074518203735,0.8318286538124084
106.0,1.0,0.9884122610092163,0.011588276363909245,0.056684140115976334,0.9980652332305908,0.8213300704956055,0.820677638053894,0.9896974563598633,0.010302376002073288,0.05379246547818184,0.9980762600898743,0.8092724084854126,0.8089712858200073
106.0,2.0,0.9883001446723938,0.011700112372636795,0.05711394548416138,0.9980399012565613,0.8228515982627869,0.8221848607063293,0.9901472926139832,0.009853454306721687,0.052271194756031036,0.9981740713119507,0.803142249584198,0.8029223680496216
106.0,3.0,0.9890996217727661,0.010900627821683884,0.05541430413722992,0.9980576038360596,0.820986270904541,0.8202365040779114,0.9869463443756104,0.013053560629487038,0.0586722232401371,0.9981065988540649,0.8107064366340637,0.8107356429100037
106.0,4.0,0.9884556531906128,0.011543926782906055,0.05678461119532585,0.9980764389038086,0.8142127990722656,0.8136237263679504,0.9895243644714355,0.010476015508174896,0.05357414484024048,0.9980292916297913,0.8376888036727905,0.8371865749359131
107.0,0.0,0.9890788793563843,0.010920517146587372,0.05460058152675629,0.9980974197387695,0.8151988983154297,0.8149560689926147,0.9870341420173645,0.012965667061507702,0.06227148696780205,0.9979488849639893,0.8337131142616272,0.8318281173706055
107.0,1.0,0.9884128570556641,0.01158720813691616,0.056702930480241776,0.998064398765564,0.8213163614273071,0.8206747174263,0.9896999001502991,0.010300041176378727,0.05376483500003815,0.9980767965316772,0.809306800365448,0.8089776635169983
107.0,2.0,0.9883015155792236,0.011698915623128414,0.057034656405448914,0.9980416893959045,0.8228785991668701,0.8221884965896606,0.9901482462882996,0.009852252900600433,0.05232197046279907,0.9981738924980164,0.8031343221664429,0.8029215931892395
107.0,3.0,0.9891016483306885,0.01089932769536972,0.055454906076192856,0.9980567097663879,0.8209813833236694,0.8202353715896606,0.9869472980499268,0.013052922673523426,0.05865383893251419,0.9981074333190918,0.8107056617736816,0.8107386231422424
107.0,4.0,0.9884577393531799,0.01154293492436409,0.056766778230667114,0.9980765581130981,0.8142150640487671,0.8136268854141235,0.989525318145752,0.010474832728505135,0.05359768494963646,0.9980289936065674,0.837699830532074,0.8371868133544922
108.0,0.0,0.9890811443328857,0.010919205844402313,0.05460114777088165,0.9980967044830322,0.8151964545249939,0.814957857131958,0.987036406993866,0.012963579036295414,0.0621795728802681,0.99795001745224,0.8337259292602539,0.8318318724632263
108.0,1.0,0.9884142279624939,0.0115859629586339,0.056691765785217285,0.9980652332305908,0.8213191032409668,0.8206788897514343,0.9897014498710632,0.010298664681613445,0.05371234938502312,0.9980777502059937,0.8093183040618896,0.8089796900749207
108.0,2.0,0.9883018136024475,0.011697798036038876,0.057049017399549484,0.9980402588844299,0.822868824005127,0.8221874237060547,0.9901490211486816,0.009851337410509586,0.05226347595453262,0.9981741309165955,0.8031367659568787,0.8029230237007141
108.0,3.0,0.989101767539978,0.010898171924054623,0.05545128509402275,0.9980579018592834,0.8209794759750366,0.8202359080314636,0.9869492650032043,0.013050575740635395,0.058609478175640106,0.9981066584587097,0.8107070326805115,0.810735821723938
108.0,4.0,0.9884594678878784,0.011541182175278664,0.05675659328699112,0.9980769753456116,0.8142141699790955,0.8136281967163086,0.989525318145752,0.01047444622963667,0.05360056087374687,0.9980295300483704,0.8376979231834412,0.8371858596801758
109.0,0.0,0.9890801310539246,0.010918538086116314,0.05459556728601456,0.9980969429016113,0.8151927590370178,0.8149598836898804,0.9870379567146301,0.012961902655661106,0.06225838139653206,0.9979507327079773,0.8337224125862122,0.8318337202072144
109.0,1.0,0.9884147047996521,0.011585145257413387,0.056687746196985245,0.9980643391609192,0.8213351368904114,0.820676326751709,0.9897023439407349,0.010297829285264015,0.053748719394207,0.9980766177177429,0.8092915415763855,0.8089737296104431
109.0,2.0,0.9883034229278564,0.011696300469338894,0.05702827125787735,0.9980416893959045,0.822883129119873,0.8221912384033203,0.990149974822998,0.00985020399093628,0.05234561488032341,0.9981740117073059,0.8031256794929504,0.8029204607009888
109.0,3.0,0.9891020655632019,0.010897459462285042,0.05546029657125473,0.9980571866035461,0.8209788799285889,0.8202359080314636,0.9869512319564819,0.013048489578068256,0.05866279453039169,0.9981073141098022,0.8107001781463623,0.8107373118400574
109.0,4.0,0.9884598851203918,0.011540086008608341,0.05675484985113144,0.9980776309967041,0.8142168521881104,0.8136268854141235,0.9895251989364624,0.010474607348442078,0.05361316725611687,0.9980295300483704,0.837688684463501,0.8371866941452026
110.0,0.0,0.9890826940536499,0.010917230509221554,0.05459535866975784,0.9980972409248352,0.8151987791061401,0.81495600938797,0.9870390892028809,0.012961066327989101,0.06224878132343292,0.997949481010437,0.8337101340293884,0.8318309783935547
110.0,1.0,0.9884167313575745,0.011583627201616764,0.056681543588638306,0.9980652928352356,0.8213184475898743,0.8206788897514343,0.9897012114524841,0.010298673063516617,0.05370423570275307,0.9980790019035339,0.8093174695968628,0.808983564376831
110.0,2.0,0.9883047342300415,0.011695914901793003,0.05708631873130798,0.998041033744812,0.8228582739830017,0.8221879005432129,0.990151047706604,0.009849121794104576,0.05226537957787514,0.9981749653816223,0.8031541705131531,0.8029250502586365
110.0,3.0,0.9891037940979004,0.0108961071819067,0.05541536584496498,0.9980584383010864,0.8209921717643738,0.8202444314956665,0.9869521260261536,0.013048039749264717,0.05864303186535835,0.9981071352958679,0.8107060194015503,0.8107377886772156
110.0,4.0,0.9884601831436157,0.011539168655872345,0.05673624575138092,0.9980773329734802,0.8142198920249939,0.8136281967163086,0.9895278215408325,0.010472169145941734,0.05361025035381317,0.9980289340019226,0.8377091884613037,0.8371941447257996
111.0,0.0,0.9890837073326111,0.010916488245129585,0.054579488933086395,0.9980974197387695,0.8152058124542236,0.8149603009223938,0.9870408177375793,0.01295933686196804,0.0622747428715229,0.9979504942893982,0.8337265849113464,0.8318437933921814
111.0,1.0,0.9884175658226013,0.011582554318010807,0.05669979378581047,0.9980661273002625,0.8213237524032593,0.8206796646118164,0.9897013306617737,0.010298598557710648,0.05380570888519287,0.9980776309967041,0.8092986345291138,0.8089809417724609
111.0,2.0,0.9883047342300415,0.011695099994540215,0.05706911161541939,0.9980427026748657,0.8228753209114075,0.8221963047981262,0.9901515245437622,0.00984828919172287,0.05226307734847069,0.9981748461723328,0.8031446933746338,0.8029242157936096
111.0,3.0,0.9891054630279541,0.010894997045397758,0.055413030087947845,0.9980578422546387,0.8209915161132812,0.8202376365661621,0.9869549870491028,0.01304478757083416,0.058655377477407455,0.9981080889701843,0.8107079863548279,0.81074059009552
111.0,4.0,0.9884610176086426,0.011538499034941196,0.05677146837115288,0.9980774521827698,0.8142194151878357,0.8136324882507324,0.9895277619361877,0.010472041554749012,0.05362500250339508,0.9980295300483704,0.8377105593681335,0.837195634841919
112.0,0.0,0.9890842437744141,0.010915374383330345,0.05459016561508179,0.9980968236923218,0.8151962757110596,0.8149566054344177,0.9870426058769226,0.012957638129591942,0.06224072352051735,0.9979511499404907,0.8337376117706299,0.831846296787262
112.0,1.0,0.9884188175201416,0.011581087484955788,0.056682780385017395,0.9980659484863281,0.8213295936584473,0.8206827044487,0.989702582359314,0.01029741670936346,0.053751230239868164,0.998077392578125,0.8093003630638123,0.8089798092842102
112.0,2.0,0.9883071184158325,0.01169351115822792,0.057051438838243484,0.9980411529541016,0.8228837251663208,0.8221993446350098,0.9901524782180786,0.00984757300466299,0.052294179797172546,0.9981736540794373,0.8031365871429443,0.8029221296310425
112.0,3.0,0.9891054630279541,0.01089443638920784,0.05547614023089409,0.9980587363243103,0.8209866881370544,0.8202430009841919,0.9869551062583923,0.013044975697994232,0.05865228548645973,0.9981085658073425,0.8107122182846069,0.8107414841651917
112.0,4.0,0.9884631037712097,0.011536968871951103,0.05674896389245987,0.9980769157409668,0.8142321705818176,0.8136314153671265,0.9895289540290833,0.010471662506461143,0.05361399054527283,0.9980294108390808,0.8376893997192383,0.8371880650520325
113.0,0.0,0.9890859127044678,0.010914451442658901,0.05463400110602379,0.9980975389480591,0.815186619758606,0.8149580359458923,0.9870440363883972,0.012955915182828903,0.062254566699266434,0.9979507327079773,0.8337362408638,0.83184415102005
113.0,1.0,0.9884192943572998,0.011579904705286026,0.05667070671916008,0.9980655312538147,0.8213322758674622,0.8206818699836731,0.989702582359314,0.010297304950654507,0.053731635212898254,0.9980794191360474,0.8093239665031433,0.8089860677719116
113.0,2.0,0.9883071184158325,0.011692489497363567,0.05705370754003525,0.9980414509773254,0.8228852152824402,0.8221975564956665,0.9901541471481323,0.009845842607319355,0.052268534898757935,0.9981746077537537,0.8031354546546936,0.8029264211654663
113.0,3.0,0.9891067743301392,0.010893755592405796,0.055456213653087616,0.9980587363243103,0.8209863901138306,0.8202449083328247,0.9869550466537476,0.013044744729995728,0.058625075966119766,0.9981078505516052,0.8107157945632935,0.8107396960258484
113.0,4.0,0.9884644746780396,0.011535831727087498,0.056755874305963516,0.998077929019928,0.8142249584197998,0.8136336207389832,0.9895299673080444,0.010469676926732063,0.05360555276274681,0.9980291724205017,0.8377156257629395,0.8371939659118652
114.0,0.0,0.9890854954719543,0.010913670994341373,0.0545973964035511,0.9980971813201904,0.8151990175247192,0.8149619698524475,0.9870457649230957,0.012954394333064556,0.06221027299761772,0.997951090335846,0.8337499499320984,0.831849217414856
114.0,1.0,0.9884204864501953,0.011579140089452267,0.05669455602765083,0.998065710067749,0.8213329911231995,0.8206823468208313,0.9897030591964722,0.010297025553882122,0.05375776067376137,0.9980784058570862,0.8093037605285645,0.8089842796325684
114.0,2.0,0.9883086681365967,0.011691402643918991,0.05704973638057709,0.9980419874191284,0.8228815197944641,0.8221983909606934,0.9901555776596069,0.009844640269875526,0.05226781219244003,0.9981747269630432,0.8031437397003174,0.8029237389564514
114.0,3.0,0.9891074895858765,0.010892307385802269,0.055421192198991776,0.9980593919754028,0.8210006356239319,0.8202412128448486,0.9869582653045654,0.013041690923273563,0.058677151799201965,0.9981091618537903,0.810706615447998,0.8107420206069946
114.0,4.0,0.988464891910553,0.011534903198480606,0.056729160249233246,0.9980785846710205,0.8142354488372803,0.8136339783668518,0.9895303249359131,0.010469885542988777,0.053602516651153564,0.9980291724205017,0.8376826047897339,0.8371884822845459
115.0,0.0,0.9890878200531006,0.010912694036960602,0.054612595587968826,0.9980982542037964,0.8152012825012207,0.8149615526199341,0.9870458245277405,0.012954390607774258,0.06224815174937248,0.997951328754425,0.8337194323539734,0.8318418860435486
115.0,1.0,0.988422691822052,0.011577964760363102,0.056665726006031036,0.9980655908584595,0.8213305473327637,0.8206818699836731,0.9897042512893677,0.010295717976987362,0.05382085591554642,0.9980778098106384,0.8093022704124451,0.8089841604232788
115.0,2.0,0.9883092641830444,0.01169056911021471,0.05707874149084091,0.9980418086051941,0.8228726387023926,0.8221962451934814,0.9901576042175293,0.009842755272984505,0.052279096096754074,0.9981757998466492,0.8031412363052368,0.8029336333274841
115.0,3.0,0.9891085624694824,0.010891716927289963,0.05546728894114494,0.9980583786964417,0.8209794759750366,0.8202447295188904,0.9869584441184998,0.013041369616985321,0.0586431585252285,0.9981085658073425,0.8107136487960815,0.8107410669326782
115.0,4.0,0.9884658455848694,0.011533902026712894,0.05673858895897865,0.9980786442756653,0.8142315745353699,0.8136343359947205,0.9895322322845459,0.010467820800840855,0.05358194559812546,0.9980311989784241,0.8377152681350708,0.8371999263763428
116.0,0.0,0.9890883564949036,0.010911616496741772,0.054589997977018356,0.9980983138084412,0.8152117729187012,0.814963698387146,0.9870477318763733,0.012952717021107674,0.06227076053619385,0.9979514479637146,0.8337218165397644,0.8318429589271545
116.0,1.0,0.9884228110313416,0.011576800607144833,0.05667633190751076,0.9980656504631042,0.8213348984718323,0.8206835985183716,0.9897050857543945,0.010294793173670769,0.05378745123744011,0.9980787634849548,0.8093121647834778,0.808987021446228
116.0,2.0,0.9883102774620056,0.011689555831253529,0.0570969358086586,0.9980424046516418,0.8228748440742493,0.822196900844574,0.9901580214500427,0.009841562248766422,0.05227470397949219,0.998176097869873,0.8031419515609741,0.802930474281311
116.0,3.0,0.9891088604927063,0.01089033018797636,0.055464208126068115,0.9980591535568237,0.8209934234619141,0.8202478885650635,0.986958384513855,0.013041355647146702,0.05861768499016762,0.99810791015625,0.8107101917266846,0.8107380867004395
116.0,4.0,0.9884666800498962,0.011533300392329693,0.056715112179517746,0.9980782270431519,0.8142327666282654,0.8136348724365234,0.9895328283309937,0.010467363521456718,0.053598202764987946,0.9980303049087524,0.837696373462677,0.8371917009353638
117.0,0.0,0.9890885949134827,0.010910902172327042,0.054609403014183044,0.998097836971283,0.8151980042457581,0.8149617314338684,0.987048327922821,0.012951645068824291,0.062215421348810196,0.997952938079834,0.8337472677230835,0.8318528532981873
117.0,1.0,0.9884247779846191,0.011575865559279919,0.05666248872876167,0.9980652928352356,0.8213375210762024,0.8206867575645447,0.9897057414054871,0.010294190607964993,0.05381673201918602,0.9980785846710205,0.8093062043190002,0.8089857697486877
117.0,2.0,0.9883108735084534,0.011688551865518093,0.05707323178648949,0.9980432987213135,0.8228846192359924,0.8222001194953918,0.9901593327522278,0.009840785525739193,0.05223804712295532,0.998175859451294,0.8031418919563293,0.8029337525367737
117.0,3.0,0.9891106486320496,0.010889586061239243,0.05547193065285683,0.9980599880218506,0.8209879994392395,0.8202477097511292,0.9869602918624878,0.01303942408412695,0.05861089378595352,0.99810791015625,0.8107103109359741,0.8107374310493469
117.0,4.0,0.9884681701660156,0.011532146483659744,0.056749600917100906,0.9980792999267578,0.8142253160476685,0.8136377930641174,0.9895346760749817,0.01046629250049591,0.05360312759876251,0.998031497001648,0.8377153873443604,0.8372015953063965
118.0,0.0,0.9890910983085632,0.010909687727689743,0.05461883172392845,0.9980976581573486,0.8152024149894714,0.814970076084137,0.987048864364624,0.012950882315635681,0.062223516404628754,0.9979524612426758,0.833747148513794,0.8318512439727783
118.0,1.0,0.9884247183799744,0.01157460268586874,0.056668005883693695,0.9980672597885132,0.8213350772857666,0.8206863403320312,0.9897060990333557,0.010293833911418915,0.053761716932058334,0.9980789422988892,0.8093137741088867,0.8089861869812012
118.0,2.0,0.9883120059967041,0.011687979102134705,0.05704893171787262,0.9980424046516418,0.8228792548179626,0.8222001791000366,0.9901601672172546,0.009839977137744427,0.052251361310482025,0.9981752634048462,0.8031464219093323,0.8029305338859558
118.0,3.0,0.9891119003295898,0.010888702236115932,0.05542192980647087,0.9980587959289551,0.8209986090660095,0.8202465772628784,0.9869629144668579,0.013037546537816525,0.058651961386203766,0.9981081485748291,0.810707688331604,0.810741126537323
118.0,4.0,0.9884690046310425,0.0115304971113801,0.05673220381140709,0.9980788230895996,0.8142445087432861,0.8136365413665771,0.9895326495170593,0.010467743501067162,0.053620170801877975,0.9980294108390808,0.8376781344413757,0.8371882438659668
119.0,0.0,0.9890916347503662,0.01090873870998621,0.05461060255765915,0.9980983734130859,0.8151957988739014,0.8149662017822266,0.9870496392250061,0.012950513511896133,0.06223948672413826,0.9979515075683594,0.8337235450744629,0.8318446278572083
119.0,1.0,0.9884265065193176,0.011573783122003078,0.056686412543058395,0.9980665445327759,0.821326494216919,0.8206855654716492,0.9897066354751587,0.010293703526258469,0.05377371609210968,0.9980788826942444,0.809313952922821,0.8089852929115295
119.0,2.0,0.9883131384849548,0.011687090620398521,0.05705577880144119,0.9980428218841553,0.8228824138641357,0.8222000002861023,0.9901602268218994,0.00983989704400301,0.05225282534956932,0.9981762766838074,0.8031476140022278,0.8029320240020752
119.0,3.0,0.9891131520271301,0.010887635871767998,0.055446941405534744,0.9980591535568237,0.8209920525550842,0.8202463984489441,0.9869624376296997,0.013037416152656078,0.05864010006189346,0.9981083273887634,0.8107160329818726,0.8107420802116394
119.0,4.0,0.9884695410728455,0.011530252173542976,0.0567411445081234,0.9980790019035339,0.8142336010932922,0.8136399984359741,0.9895349740982056,0.01046485174447298,0.05359633266925812,0.9980295896530151,0.8377131819725037,0.8371962904930115
120.0,0.0,0.9890949130058289,0.010905350558459759,0.054594218730926514,0.9980988502502441,0.815213143825531,0.8149678707122803,0.9870539903640747,0.012945905327796936,0.062230151146650314,0.9979535341262817,0.8337517976760864,0.8318542242050171
120.0,1.0,0.988429069519043,0.011571035720407963,0.05670081079006195,0.9980663657188416,0.821331262588501,0.8206908702850342,0.9897146224975586,0.010285579599440098,0.053817689418792725,0.9980795979499817,0.8092972636222839,0.8089830279350281
120.0,2.0,0.9883162975311279,0.01168313343077898,0.05708175152540207,0.9980428814888,0.8228704333305359,0.8222008943557739,0.9901630878448486,0.009836860932409763,0.052269838750362396,0.998176097869873,0.8031359910964966,0.8029469847679138
120.0,3.0,0.9891149401664734,0.010884411633014679,0.05547993630170822,0.9980601072311401,0.8209839463233948,0.8202523589134216,0.9869665503501892,0.013033345341682434,0.05866516754031181,0.9981101155281067,0.810701847076416,0.810745894908905
120.0,4.0,0.9884741306304932,0.011526341550052166,0.05675670504570007,0.9980798363685608,0.8142349720001221,0.8136435747146606,0.9895358085632324,0.010464378632605076,0.05359574779868126,0.998029887676239,0.8377133011817932,0.8371978402137756
121.0,0.0,0.9890949130058289,0.01090499572455883,0.05458838492631912,0.9981000423431396,0.815212607383728,0.8149681091308594,0.9870541095733643,0.012945950031280518,0.06218999996781349,0.9979536533355713,0.8337518572807312,0.8318547010421753
121.0,1.0,0.9884290099143982,0.011570822447538376,0.05668860673904419,0.9980669021606445,0.8213315010070801,0.8206912875175476,0.9897142052650452,0.010285785421729088,0.05381046608090401,0.9980791807174683,0.8093040585517883,0.8089873194694519
121.0,2.0,0.9883169531822205,0.011682960204780102,0.057073209434747696,0.9980434775352478,0.8228735327720642,0.8222013115882874,0.9901628494262695,0.009836914017796516,0.052248574793338776,0.9981763362884521,0.8031377792358398,0.8029434084892273
121.0,3.0,0.989115297794342,0.010884365998208523,0.05546433478593826,0.9980591535568237,0.8209838271141052,0.8202505707740784,0.9869663119316101,0.013033135794103146,0.0586739256978035,0.9981102347373962,0.8107004165649414,0.8107442259788513
121.0,4.0,0.9884740710258484,0.011526309885084629,0.056738272309303284,0.9980799555778503,0.8142338991165161,0.813642144203186,0.9895361065864563,0.010463826358318329,0.0535920187830925,0.9980292916297913,0.837710440158844,0.8371947407722473
122.0,0.0,0.9890949130058289,0.010904954746365547,0.05459214374423027,0.9980984926223755,0.8152141571044922,0.8149668574333191,0.987054169178009,0.012945914641022682,0.06218907982110977,0.9979528188705444,0.8337499499320984,0.8318523168563843
122.0,1.0,0.9884289503097534,0.011570774018764496,0.05668282136321068,0.9980669021606445,0.8213329315185547,0.8206878900527954,0.989714503288269,0.010285662487149239,0.05380961298942566,0.9980797171592712,0.809303343296051,0.8089859485626221
122.0,2.0,0.9883163571357727,0.011682894080877304,0.05707545205950737,0.9980428814888,0.8228736519813538,0.8222005367279053,0.9901629686355591,0.009837063029408455,0.052247196435928345,0.9981762170791626,0.80313640832901,0.8029340505599976
122.0,3.0,0.9891158938407898,0.010884230025112629,0.055467501282691956,0.9980602860450745,0.8209847211837769,0.8202487230300903,0.9869672060012817,0.01303310226649046,0.05868907272815704,0.9981095194816589,0.8107007741928101,0.8107432126998901
122.0,4.0,0.9884728193283081,0.011526305228471756,0.05674188956618309,0.9980802536010742,0.8142348527908325,0.8136395215988159,0.9895369410514832,0.010463421232998371,0.05359276384115219,0.9980303645133972,0.8377155065536499,0.8371985554695129
123.0,0.0,0.9890950322151184,0.010904848575592041,0.05458563566207886,0.9980994462966919,0.8152154088020325,0.8149656057357788,0.9870541095733643,0.012945820577442646,0.06218860670924187,0.997952938079834,0.8337506055831909,0.8318520784378052
123.0,1.0,0.9884297847747803,0.011570644564926624,0.05668498948216438,0.9980683326721191,0.8213334083557129,0.8206889629364014,0.9897137880325317,0.010285940021276474,0.05381004884839058,0.9980795383453369,0.8093050122261047,0.8089870810508728
123.0,2.0,0.98831707239151,0.011682787910103798,0.05707545951008797,0.9980437159538269,0.8228752613067627,0.8222010731697083,0.990163266658783,0.009837069548666477,0.05224902927875519,0.998175859451294,0.8031406998634338,0.8029356598854065
123.0,3.0,0.9891160130500793,0.010884144343435764,0.055464886128902435,0.9980589747428894,0.8209848403930664,0.8202498555183411,0.9869669079780579,0.013033250346779823,0.05868806689977646,0.9981095790863037,0.810702383518219,0.8107439279556274
123.0,4.0,0.9884741902351379,0.011526261456310749,0.0567377544939518,0.9980796575546265,0.8142344355583191,0.8136392831802368,0.9895368814468384,0.010463257320225239,0.05359078571200371,0.9980301260948181,0.8377148509025574,0.8371972441673279
124.0,0.0,0.9890958070755005,0.010904801078140736,0.054584115743637085,0.9980987906455994,0.8152160048484802,0.8149661421775818,0.9870543479919434,0.012945752590894699,0.062202855944633484,0.9979531764984131,0.8337500691413879,0.8318529725074768
124.0,1.0,0.9884293675422668,0.011570585891604424,0.05668357014656067,0.9980665445327759,0.8213337063789368,0.8206881880760193,0.9897135496139526,0.010286008007824421,0.05380922928452492,0.9980796575546265,0.8093051314353943,0.8089860081672668
124.0,2.0,0.9883173704147339,0.011682698503136635,0.05707075819373131,0.9980425238609314,0.8228746056556702,0.8221993446350098,0.9901631474494934,0.009836811572313309,0.05224767327308655,0.9981763362884521,0.8031394481658936,0.8029357194900513
124.0,3.0,0.9891159534454346,0.010884067974984646,0.055467795580625534,0.9980589747428894,0.8209859728813171,0.820249080657959,0.9869670867919922,0.013033249415457249,0.05867291986942291,0.9981092810630798,0.8107030391693115,0.8107438683509827
124.0,4.0,0.9884735345840454,0.011526226066052914,0.056736983358860016,0.9980798363685608,0.8142364025115967,0.8136397004127502,0.9895371198654175,0.010463106445968151,0.05359145253896713,0.9980300068855286,0.8377155065536499,0.8371966481208801
125.0,0.0,0.9890955090522766,0.010904812254011631,0.05457843467593193,0.9980988502502441,0.815216600894928,0.814965546131134,0.9870544672012329,0.012945634312927723,0.06220275163650513,0.9979525804519653,0.8337515592575073,0.8318526148796082
125.0,1.0,0.9884288907051086,0.011570525355637074,0.0566837340593338,0.9980683326721191,0.8213331699371338,0.8206881284713745,0.9897142648696899,0.010285739786922932,0.053809795528650284,0.9980796575546265,0.8093053698539734,0.8089849948883057
125.0,2.0,0.98831707239151,0.011682739481329918,0.057067930698394775,0.9980424046516418,0.8228757977485657,0.8222008943557739,0.9901632070541382,0.009836831130087376,0.05224853754043579,0.9981764554977417,0.8031385540962219,0.8029348850250244
125.0,3.0,0.989116370677948,0.010884029790759087,0.05546275153756142,0.9980595707893372,0.8209857940673828,0.8202495574951172,0.9869670867919922,0.013033397495746613,0.05868983268737793,0.9981099367141724,0.8107036352157593,0.8107443451881409
125.0,4.0,0.9884732961654663,0.011526219546794891,0.056738074868917465,0.9980791807174683,0.8142358064651489,0.8136394619941711,0.9895370006561279,0.01046287827193737,0.0535922646522522,0.9980298280715942,0.8377140760421753,0.8371965289115906
126.0,0.0,0.9890949130058289,0.010904798284173012,0.05457736924290657,0.9980989098548889,0.8152162432670593,0.8149669170379639,0.9870543479919434,0.01294564176350832,0.06220344826579094,0.9979528188705444,0.8337506055831909,0.8318522572517395
126.0,1.0,0.988429844379425,0.011570415459573269,0.05667993426322937,0.9980672001838684,0.8213339447975159,0.8206882476806641,0.9897136688232422,0.010285812430083752,0.05380559712648392,0.9980790019035339,0.8093063235282898,0.8089853525161743
126.0,2.0,0.9883168339729309,0.011682705953717232,0.05706724524497986,0.9980440735816956,0.822874128818512,0.8221995830535889,0.990163266658783,0.009836827404797077,0.05224815756082535,0.9981761574745178,0.8031396865844727,0.8029353618621826
126.0,3.0,0.989116907119751,0.010883878916501999,0.05546366050839424,0.9980599880218506,0.8209866285324097,0.8202491402626038,0.9869666695594788,0.013033409602940083,0.05867339298129082,0.9981096386909485,0.8107026815414429,0.810743510723114
126.0,4.0,0.9884733557701111,0.01152620930224657,0.05673427879810333,0.9980794787406921,0.8142370581626892,0.813639760017395,0.9895371198654175,0.01046269852668047,0.05359198525547981,0.9980300664901733,0.8377154469490051,0.8371971845626831
127.0,0.0,0.9890952706336975,0.010904775001108646,0.05458085611462593,0.998099684715271,0.8152153491973877,0.8149658441543579,0.9870543479919434,0.012945515103638172,0.06220393627882004,0.9979528784751892,0.8337517380714417,0.8318526744842529
127.0,1.0,0.988429069519043,0.01157043594866991,0.056677933782339096,0.9980677962303162,0.8213339447975159,0.8206877708435059,0.9897139668464661,0.010285802185535431,0.053808942437171936,0.9980798959732056,0.809308648109436,0.8089873194694519
127.0,2.0,0.9883169531822205,0.01168269757181406,0.057076822966337204,0.9980428814888,0.8228746652603149,0.8222010731697083,0.9901635646820068,0.009836672805249691,0.05224710702896118,0.9981768131256104,0.803139328956604,0.8029350638389587
127.0,3.0,0.9891161918640137,0.010883922688663006,0.055462796241045,0.9980603456497192,0.8209865093231201,0.8202487826347351,0.9869667887687683,0.013033371418714523,0.058688364923000336,0.998109757900238,0.8107020854949951,0.8107439875602722
127.0,4.0,0.9884744882583618,0.011526187881827354,0.05673237890005112,0.9980797171592712,0.8142355680465698,0.8136398792266846,0.989537239074707,0.01046274695545435,0.0535910539329052,0.9980295896530151,0.837714433670044,0.8371965885162354
128.0,0.0,0.9890956878662109,0.01090474147349596,0.05458517000079155,0.9980992674827576,0.8152170777320862,0.8149664998054504,0.9870551824569702,0.012945450842380524,0.06220269203186035,0.9979525208473206,0.8337506651878357,0.8318517208099365
128.0,1.0,0.9884293675422668,0.011570467613637447,0.05667813867330551,0.9980675578117371,0.8213352560997009,0.8206879496574402,0.9897139668464661,0.010285756550729275,0.05379338562488556,0.9980790615081787,0.8093050718307495,0.8089850544929504
128.0,2.0,0.988317608833313,0.011682506650686264,0.057073675096035004,0.9980430603027344,0.8228750824928284,0.822199285030365,0.9901636242866516,0.009836939163506031,0.05224724858999252,0.998176634311676,0.8031403422355652,0.8029356598854065
128.0,3.0,0.9891164302825928,0.010883874259889126,0.05546214431524277,0.9980582594871521,0.8209854364395142,0.8202490210533142,0.9869668483734131,0.013033376075327396,0.05867396667599678,0.9981092214584351,0.8107026815414429,0.8107432126998901
128.0,4.0,0.9884727597236633,0.011526184156537056,0.05673561245203018,0.9980791211128235,0.8142368197441101,0.8136385679244995,0.9895376563072205,0.010462623089551926,0.05359050631523132,0.9980301260948181,0.8377149105072021,0.8371968269348145
129.0,0.0,0.9890946745872498,0.01090462040156126,0.05457753688097,0.9980987310409546,0.8152170181274414,0.8149663209915161,0.9870543479919434,0.01294553279876709,0.06220390275120735,0.9979526996612549,0.8337507247924805,0.8318519592285156
129.0,1.0,0.9884301424026489,0.011570410802960396,0.05668022856116295,0.9980674982070923,0.8213344812393188,0.8206890225410461,0.9897143840789795,0.01028559822589159,0.053807538002729416,0.9980798363685608,0.8093084692955017,0.8089869618415833
129.0,2.0,0.9883172512054443,0.011682511307299137,0.057067058980464935,0.9980419874191284,0.8228756189346313,0.822200357913971,0.9901629686355591,0.00983698945492506,0.05225110426545143,0.9981762170791626,0.8031397461891174,0.8029349446296692
129.0,3.0,0.989115297794342,0.010883848182857037,0.05546479672193527,0.9980601072311401,0.820986270904541,0.8202493786811829,0.9869668483734131,0.013033388182520866,0.058674491941928864,0.9981096386909485,0.8107022643089294,0.8107425570487976
129.0,4.0,0.9884727597236633,0.011526194401085377,0.05673560872673988,0.9980793595314026,0.8142373561859131,0.8136400580406189,0.9895375967025757,0.010462560690939426,0.05359131470322609,0.998030424118042,0.8377158641815186,0.8371965289115906
130.0,0.0,0.9890950918197632,0.010904652997851372,0.05457998812198639,0.9980993270874023,0.815216600894928,0.8149659037590027,0.9870550036430359,0.01294544618576765,0.06218802556395531,0.9979525208473206,0.8337515592575073,0.8318526744842529
130.0,1.0,0.9884297847747803,0.011570306494832039,0.056682031601667404,0.998066782951355,0.8213348388671875,0.8206889033317566,0.9897139668464661,0.010285886935889721,0.053793393075466156,0.998079776763916,0.8093090653419495,0.8089884519577026
130.0,2.0,0.9883177876472473,0.011682549491524696,0.05706552416086197,0.9980419278144836,0.8228764533996582,0.8222007155418396,0.9901630878448486,0.009836782701313496,0.05224789306521416,0.9981761574745178,0.8031383752822876,0.8029343485832214
130.0,3.0,0.9891166687011719,0.01088376808911562,0.05546019226312637,0.9980602860450745,0.820986270904541,0.8202494978904724,0.9869668483734131,0.013033327646553516,0.0586719885468483,0.9981088042259216,0.8107013702392578,0.8107426166534424
130.0,4.0,0.9884744882583618,0.011526087298989296,0.056737158447504044,0.998079776763916,0.8142363429069519,0.8136407136917114,0.9895374774932861,0.010462368838489056,0.053590208292007446,0.9980301260948181,0.8377160429954529,0.8371977210044861
131.0,0.0,0.9890955686569214,0.010904614813625813,0.054581526666879654,0.9980998039245605,0.8152173757553101,0.8149666786193848,0.9870543479919434,0.012945410795509815,0.06218794360756874,0.9979524612426758,0.8337528109550476,0.8318539261817932
131.0,1.0,0.9884287118911743,0.011570270173251629,0.05668039619922638,0.9980677366256714,0.8213351964950562,0.82068932056427,0.989714503288269,0.010285590775310993,0.05380953103303909,0.9980800747871399,0.809307336807251,0.808988094329834
131.0,2.0,0.9883176684379578,0.011682461015880108,0.05707113444805145,0.9980431199073792,0.822875440120697,0.8221996426582336,0.9901632070541382,0.009836831130087376,0.052250511944293976,0.9981762766838074,0.8031423091888428,0.8029360771179199
131.0,3.0,0.9891163110733032,0.010883658193051815,0.055458176881074905,0.9980595111846924,0.8209860920906067,0.8202489614486694,0.986966609954834,0.013033309020102024,0.05867287889122963,0.9981094598770142,0.8107023239135742,0.8107436895370483
131.0,4.0,0.988473653793335,0.011526101268827915,0.05673450976610184,0.9980792999267578,0.8142369389533997,0.8136391639709473,0.9895373582839966,0.010462338104844093,0.05359046906232834,0.998030424118042,0.837715744972229,0.8371965885162354
132.0,0.0,0.9890950918197632,0.01090452540665865,0.054580654948949814,0.9980988502502441,0.8152173161506653,0.8149672746658325,0.9870544672012329,0.012945453636348248,0.062202706933021545,0.9979531764984131,0.8337511420249939,0.8318536877632141
132.0,1.0,0.9884299039840698,0.011570199392735958,0.05668053403496742,0.9980678558349609,0.8213345408439636,0.8206877112388611,0.9897139668464661,0.010285880416631699,0.053808070719242096,0.9980794191360474,0.8093068599700928,0.8089863657951355
132.0,2.0,0.9883173704147339,0.011682404205203056,0.057063717395067215,0.9980436563491821,0.8228747844696045,0.8222007155418396,0.9901631474494934,0.009836796671152115,0.05224794149398804,0.9981763362884521,0.8031423687934875,0.8029359579086304
132.0,3.0,0.9891172051429749,0.010883660987019539,0.05546261742711067,0.9980592131614685,0.8209863901138306,0.8202492594718933,0.9869670867919922,0.01303323358297348,0.058688387274742126,0.9981091618537903,0.8107026815414429,0.8107429146766663
132.0,4.0,0.9884741306304932,0.011526060290634632,0.05672972649335861,0.9980804920196533,0.8142371773719788,0.8136396408081055,0.9895378947257996,0.010462120175361633,0.053591273725032806,0.9980306029319763,0.8377168774604797,0.8371980786323547
133.0,0.0,0.9890953898429871,0.01090453565120697,0.05457935482263565,0.9980996251106262,0.8152167797088623,0.8149666786193848,0.9870548248291016,0.012945322319865227,0.0622030645608902,0.997952938079834,0.833754301071167,0.831853985786438
133.0,1.0,0.988429844379425,0.011570127680897713,0.056677620857954025,0.9980672597885132,0.8213350772857666,0.8206876516342163,0.9897142648696899,0.010285791009664536,0.05380898341536522,0.9980796575546265,0.8093050122261047,0.8089858293533325
133.0,2.0,0.9883180856704712,0.011682308278977871,0.05706565082073212,0.9980432391166687,0.8228752017021179,0.8222012519836426,0.9901633858680725,0.009836709126830101,0.05224808305501938,0.9981762766838074,0.8031429648399353,0.8029361367225647
133.0,3.0,0.9891162514686584,0.010883675888180733,0.05546058341860771,0.9980592131614685,0.8209866881370544,0.8202491402626038,0.986967146396637,0.013033364899456501,0.058673787862062454,0.9981094002723694,0.8107028007507324,0.8107431530952454
133.0,4.0,0.9884746670722961,0.011526096612215042,0.05673011392354965,0.9980794787406921,0.8142375349998474,0.813640296459198,0.9895375370979309,0.01046211551874876,0.053590528666973114,0.9980308413505554,0.8377163410186768,0.8371976017951965
134.0,0.0,0.9890948534011841,0.010904411785304546,0.05457741394639015,0.9980984330177307,0.8152178525924683,0.8149658441543579,0.9870553016662598,0.012945196591317654,0.06220303475856781,0.9979528188705444,0.8337519764900208,0.8318532109260559
134.0,1.0,0.9884304404258728,0.011570055969059467,0.05668165907263756,0.9980677366256714,0.8213362097740173,0.8206889629364014,0.9897142648696899,0.01028584036976099,0.05379129573702812,0.9980796575546265,0.8093074560165405,0.8089869022369385
134.0,2.0,0.9883169531822205,0.01168232411146164,0.0570685938000679,0.9980436563491821,0.822874903678894,0.822200357913971,0.9901637434959412,0.009836706332862377,0.05224792659282684,0.9981764554977417,0.8031429648399353,0.8029361367225647
134.0,3.0,0.9891160130500793,0.010883544571697712,0.055463239550590515,0.9980594515800476,0.8209877014160156,0.8202500343322754,0.9869667291641235,0.013033264316618443,0.05867336317896843,0.9981094598770142,0.810702383518219,0.8107433915138245
134.0,4.0,0.9884750843048096,0.011526004411280155,0.05674202740192413,0.998080313205719,0.8142378330230713,0.8136400580406189,0.9895375370979309,0.010462126694619656,0.05358918011188507,0.9980300664901733,0.8377159237861633,0.8371965885162354
135.0,0.0,0.9890943765640259,0.010904403403401375,0.05458318814635277,0.9980993866920471,0.8152165412902832,0.8149653673171997,0.9870546460151672,0.012945235706865788,0.06218753010034561,0.9979529976844788,0.8337537050247192,0.8318532705307007
135.0,1.0,0.9884300827980042,0.011570082046091557,0.056680578738451004,0.9980667233467102,0.8213357329368591,0.8206888437271118,0.9897143840789795,0.01028567086905241,0.0537920743227005,0.9980790615081787,0.8093050122261047,0.80898517370224
135.0,2.0,0.9883174896240234,0.011682280339300632,0.05706317350268364,0.998043954372406,0.8228758573532104,0.8222002387046814,0.9901633262634277,0.009836768731474876,0.052248694002628326,0.9981764554977417,0.8031428456306458,0.8029367327690125
135.0,3.0,0.9891160130500793,0.010883493348956108,0.05545875430107117,0.9980593323707581,0.8209869265556335,0.8202492594718933,0.9869670867919922,0.013033047318458557,0.05867437645792961,0.9981101751327515,0.8107023239135742,0.8107436895370483
135.0,4.0,0.9884743690490723,0.011526033282279968,0.056738995015621185,0.9980786442756653,0.8142363429069519,0.8136397004127502,0.9895380139350891,0.010461864061653614,0.05359125882387161,0.998030424118042,0.8377166390419006,0.8371977210044861
136.0,0.0,0.9890959858894348,0.010904373601078987,0.05458637699484825,0.9980993866920471,0.8152182698249817,0.8149653673171997,0.9870549440383911,0.012945067137479782,0.062204618006944656,0.9979528784751892,0.8337517976760864,0.8318527936935425
136.0,1.0,0.9884296655654907,0.011569988913834095,0.056682270020246506,0.9980667233467102,0.821337103843689,0.8206894993782043,0.9897139668464661,0.010285809636116028,0.05379501357674599,0.9980798959732056,0.8093077540397644,0.8089861869812012
136.0,2.0,0.9883177876472473,0.011682117357850075,0.05706659331917763,0.9980430603027344,0.8228759765625,0.8222009539604187,0.9901633262634277,0.009836763143539429,0.05224921181797981,0.9981765151023865,0.8031427264213562,0.8029359579086304
136.0,3.0,0.989116907119751,0.010883411392569542,0.055463455617427826,0.9980599284172058,0.8209866881370544,0.8202497959136963,0.9869667887687683,0.01303318701684475,0.05867549404501915,0.998109757900238,0.8107047080993652,0.8107446432113647
136.0,4.0,0.9884740710258484,0.011525983922183514,0.056733518838882446,0.9980791211128235,0.8142370581626892,0.8136395812034607,0.98953777551651,0.010461710393428802,0.053591951727867126,0.9980303049087524,0.8377177119255066,0.8371971845626831
137.0,0.0,0.9890958666801453,0.01090429350733757,0.05457955598831177,0.9980995059013367,0.8152191042900085,0.8149662017822266,0.9870544075965881,0.012944995425641537,0.06218860670924187,0.9979530572891235,0.8337545990943909,0.8318532109260559
137.0,1.0,0.9884294867515564,0.011570003814995289,0.056680187582969666,0.9980670809745789,0.8213358521461487,0.8206894993782043,0.9897144436836243,0.010285592637956142,0.053795211017131805,0.998079776763916,0.8093090057373047,0.8089873194694519
137.0,2.0,0.9883168935775757,0.011682095937430859,0.057066839188337326,0.9980434775352478,0.8228771090507507,0.8222004175186157,0.9901630878448486,0.009836798533797264,0.052251119166612625,0.9981764554977417,0.803144097328186,0.8029367327690125
137.0,3.0,0.9891168475151062,0.010883341543376446,0.05545935407280922,0.9980601072311401,0.8209865689277649,0.8202491402626038,0.9869667887687683,0.013033230789005756,0.0586746409535408,0.9981096386909485,0.8107045888900757,0.810744047164917
137.0,4.0,0.9884735345840454,0.011525985784828663,0.05673355609178543,0.9980791807174683,0.8142383694648743,0.8136396408081055,0.9895385503768921,0.010461530648171902,0.05359070003032684,0.9980301260948181,0.8377176523208618,0.8371971845626831
138.0,0.0,0.9890953898429871,0.010904324240982533,0.05457904934883118,0.9980996251106262,0.8152182102203369,0.814966082572937,0.9870550036430359,0.012944979593157768,0.06220327690243721,0.9979531168937683,0.8337537050247192,0.8318533897399902
138.0,1.0,0.9884299039840698,0.011569979600608349,0.0566815510392189,0.9980680346488953,0.8213356137275696,0.8206886053085327,0.9897148013114929,0.010285374708473682,0.05380888283252716,0.9980797171592712,0.8093082308769226,0.8089874982833862
138.0,2.0,0.9883177876472473,0.011682064272463322,0.057070598006248474,0.9980433583259583,0.8228764533996582,0.8222008943557739,0.9901632070541382,0.009836946614086628,0.052251510322093964,0.998176097869873,0.803143322467804,0.8029361367225647
138.0,3.0,0.989116370677948,0.010883388109505177,0.055464938282966614,0.9980587363243103,0.8209879398345947,0.8202498555183411,0.9869669675827026,0.013033025898039341,0.058673977851867676,0.9981095790863037,0.8107036352157593,0.8107435703277588
138.0,4.0,0.9884743094444275,0.011525830253958702,0.05672955885529518,0.9980802536010742,0.8142383694648743,0.8136398792266846,0.9895387291908264,0.010461504571139812,0.05359094962477684,0.9980301260948181,0.8377159833908081,0.8371976017951965
139.0,0.0,0.9890947341918945,0.010904219932854176,0.054580725729465485,0.9980983734130859,0.8152185678482056,0.8149667978286743,0.987055242061615,0.01294493954628706,0.0622033067047596,0.9979525804519653,0.83375483751297,0.8318526744842529
139.0,1.0,0.9884303212165833,0.01156979613006115,0.056684460490942,0.9980675578117371,0.821336030960083,0.8206888437271118,0.9897143840789795,0.010285462252795696,0.05380910262465477,0.9980798363685608,0.8093084692955017,0.808987557888031
139.0,2.0,0.9883176684379578,0.011681975796818733,0.05707138776779175,0.9980438351631165,0.8228777050971985,0.8222009539604187,0.9901633858680725,0.009836556389927864,0.05224871262907982,0.998176634311676,0.8031436204910278,0.8029369115829468
139.0,3.0,0.9891172051429749,0.010883303359150887,0.05547261983156204,0.9980603456497192,0.820989191532135,0.820249617099762,0.9869663715362549,0.013033261522650719,0.05867379531264305,0.9981098175048828,0.8107028603553772,0.8107436895370483
139.0,4.0,0.9884741902351379,0.01152583584189415,0.05673779919743538,0.9980793595314026,0.8142379522323608,0.8136398792266846,0.9895387887954712,0.010461506433784962,0.053591128438711166,0.9980303645133972,0.8377177715301514,0.8371975421905518
140.0,0.0,0.9890954494476318,0.010904242284595966,0.05458550155162811,0.9980995655059814,0.8152185678482056,0.8149663805961609,0.9870551228523254,0.012944890186190605,0.06220338121056557,0.9979533553123474,0.8337549567222595,0.8318541049957275
140.0,1.0,0.9884296655654907,0.011569852940738201,0.05668136477470398,0.9980678558349609,0.8213362097740173,0.8206890225410461,0.9897146821022034,0.010285584256052971,0.05380714312195778,0.9980800151824951,0.809312105178833,0.808988630771637
140.0,2.0,0.9883177876472473,0.011681891977787018,0.05706780403852463,0.9980432391166687,0.8228781819343567,0.8222005367279053,0.9901636242866516,0.009836525656282902,0.052248742431402206,0.9981761574745178,0.803142786026001,0.8029362559318542
140.0,3.0,0.989116370677948,0.01088332012295723,0.05546509847044945,0.9980596899986267,0.8209894895553589,0.8202505111694336,0.986967146396637,0.013033140450716019,0.05867427587509155,0.9981095194816589,0.8107046484947205,0.8107450008392334
140.0,4.0,0.9884739518165588,0.011525788344442844,0.056736014783382416,0.9980796575546265,0.8142389059066772,0.8136407136917114,0.989538848400116,0.010461372323334217,0.053590841591358185,0.9980300664901733,0.8377156257629395,0.837196409702301
141.0,0.0,0.9890955090522766,0.010904164053499699,0.05457321181893349,0.9980989098548889,0.8152180910110474,0.81496661901474,0.9870555400848389,0.012944748625159264,0.062203798443078995,0.997952401638031,0.8337546586990356,0.8318536877632141
141.0,1.0,0.9884291887283325,0.011569753289222717,0.0566825270652771,0.9980672001838684,0.8213363289833069,0.8206890225410461,0.9897149205207825,0.010285195894539356,0.05380963906645775,0.9980795979499817,0.8093069195747375,0.8089864253997803
141.0,2.0,0.9883185625076294,0.011681757867336273,0.05707140639424324,0.9980434775352478,0.8228774666786194,0.8222010135650635,0.9901631474494934,0.009836675599217415,0.05225076526403427,0.9981757998466492,0.8031423091888428,0.8029361963272095
141.0,3.0,0.9891167879104614,0.010883146896958351,0.05546428635716438,0.9980592727661133,0.8209879398345947,0.8202495574951172,0.9869667291641235,0.013033266179263592,0.05867297202348709,0.9981096386909485,0.8107026219367981,0.810742974281311
141.0,4.0,0.9884743690490723,0.011525767855346203,0.05673754960298538,0.9980791211128235,0.8142381310462952,0.8136400580406189,0.9895389080047607,0.010461205616593361,0.05359163507819176,0.9980304837226868,0.8377165794372559,0.8371980786323547
142.0,0.0,0.9890956282615662,0.010904158465564251,0.05457865446805954,0.9980988502502441,0.815218985080719,0.8149663805961609,0.9870553612709045,0.01294462289661169,0.06220250949263573,0.9979531764984131,0.8337549567222595,0.8318533897399902
142.0,1.0,0.9884305000305176,0.011569691821932793,0.05668168514966965,0.9980674982070923,0.8213354349136353,0.8206891417503357,0.989715039730072,0.01028498262166977,0.053821634501218796,0.9980798363685608,0.8093064427375793,0.808986485004425
142.0,2.0,0.9883179664611816,0.011681762523949146,0.05706797540187836,0.9980427026748657,0.8228775858879089,0.8222005367279053,0.9901630282402039,0.009836985729634762,0.052248213440179825,0.9981765151023865,0.8031429052352905,0.8029366731643677
142.0,3.0,0.9891168475151062,0.010883062146604061,0.05546268820762634,0.9980595111846924,0.8209892511367798,0.8202508091926575,0.9869672060012817,0.013032878749072552,0.05867351219058037,0.998108983039856,0.8107022047042847,0.8107427954673767
142.0,4.0,0.9884741902351379,0.011525691486895084,0.05674150586128235,0.9980801939964294,0.8142368793487549,0.813639760017395,0.9895387887954712,0.01046120934188366,0.05359145626425743,0.9980302453041077,0.8377165794372559,0.8371977210044861
143.0,0.0,0.9890956878662109,0.010903995484113693,0.05458429083228111,0.998100221157074,0.8152185082435608,0.8149663805961609,0.9870551228523254,0.012944568879902363,0.062203243374824524,0.9979529976844788,0.8337539434432983,0.8318536877632141
143.0,1.0,0.9884307384490967,0.011569765396416187,0.05668043717741966,0.998067319393158,0.8213369846343994,0.820688784122467,0.9897149801254272,0.010284891352057457,0.053821634501218796,0.9980798959732056,0.8093098402023315,0.8089883327484131
143.0,2.0,0.9883180856704712,0.011681593954563141,0.05707450211048126,0.9980432987213135,0.8228769302368164,0.8222007751464844,0.9901638031005859,0.009836799465119839,0.05225110799074173,0.9981764554977417,0.8031428456306458,0.8029361367225647
143.0,3.0,0.9891171455383301,0.010883046314120293,0.0554690957069397,0.9980603456497192,0.8209884762763977,0.8202499747276306,0.9869667887687683,0.01303308829665184,0.05867283046245575,0.998109757900238,0.810702383518219,0.8107432126998901
143.0,4.0,0.9884741306304932,0.011525699868798256,0.05673794075846672,0.9980801343917847,0.8142379522323608,0.8136395812034607,0.9895390868186951,0.010461119934916496,0.05359109491109848,0.9980302453041077,0.8377166390419006,0.8371976017951965
144.0,0.0,0.989095151424408,0.010904093272984028,0.05458252504467964,0.9981003999710083,0.8152170181274414,0.8149662017822266,0.9870554208755493,0.012944638729095459,0.06220310553908348,0.9979530572891235,0.8337550163269043,0.831855058670044
144.0,1.0,0.988430380821228,0.011569616384804249,0.05668104067444801,0.9980668425559998,0.8213356137275696,0.8206878304481506,0.9897148013114929,0.010285133495926857,0.05380958318710327,0.9980798363685608,0.8093077540397644,0.8089871406555176
144.0,2.0,0.9883182644844055,0.011681674979627132,0.05706888437271118,0.9980430603027344,0.822876513004303,0.8222012519836426,0.9901630878448486,0.009836922399699688,0.05225164070725441,0.9981761574745178,0.8031436800956726,0.8029366135597229
144.0,3.0,0.989117443561554,0.010882994160056114,0.05546804890036583,0.9980601072311401,0.8209882974624634,0.8202493786811829,0.986966609954834,0.013033218681812286,0.058675412088632584,0.9981095194816589,0.8107044100761414,0.8107443451881409
144.0,4.0,0.9884739518165588,0.011525595560669899,0.05674329027533531,0.9980797171592712,0.814239501953125,0.8136401772499084,0.9895392060279846,0.01046107616275549,0.05359276384115219,0.9980303645133972,0.8377166390419006,0.8371974229812622
145.0,0.0,0.9890954494476318,0.010903947055339813,0.05458228662610054,0.9980988502502441,0.8152176737785339,0.8149663805961609,0.9870554208755493,0.012944592162966728,0.062204509973526,0.9979524612426758,0.8337538242340088,0.8318526744842529
145.0,1.0,0.9884306192398071,0.011569592170417309,0.05668261647224426,0.9980676770210266,0.8213366270065308,0.8206896185874939,0.9897153377532959,0.010284902527928352,0.05380845442414284,0.9980795979499817,0.8093077540397644,0.808986485004425
145.0,2.0,0.9883190393447876,0.01168162189424038,0.057072702795267105,0.9980435967445374,0.8228773474693298,0.822201669216156,0.9901633262634277,0.009836744517087936,0.05225098878145218,0.9981768727302551,0.803144097328186,0.8029370903968811
145.0,3.0,0.9891170859336853,0.010882950387895107,0.05546722561120987,0.9980593919754028,0.8209879994392395,0.8202502131462097,0.9869672060012817,0.013033099472522736,0.05867400020360947,0.9981096386909485,0.8107043504714966,0.8107444643974304
145.0,4.0,0.9884746670722961,0.011525600217282772,0.05673797428607941,0.9980797171592712,0.8142388463020325,0.8136408925056458,0.989538848400116,0.010461011901497841,0.053591594099998474,0.9980304837226868,0.8377170562744141,0.8371970653533936
146.0,0.0,0.9890955090522766,0.010903974063694477,0.05458094924688339,0.9980992674827576,0.8152187466621399,0.8149668574333191,0.9870555400848389,0.012944541871547699,0.06220468506217003,0.9979526400566101,0.8337539434432983,0.8318525552749634
146.0,1.0,0.9884300231933594,0.01156965084373951,0.05668308958411217,0.998067319393158,0.8213376402854919,0.8206884264945984,0.9897153377532959,0.01028462965041399,0.05380968749523163,0.9980803728103638,0.8093087077140808,0.8089877367019653
146.0,2.0,0.9883176684379578,0.011681572534143925,0.05707164108753204,0.9980431199073792,0.8228782415390015,0.8222013115882874,0.990163266658783,0.009836767800152302,0.05225149169564247,0.9981757402420044,0.803142786026001,0.8029354810714722
146.0,3.0,0.9891173839569092,0.010882946662604809,0.05546538531780243,0.9980593323707581,0.820988655090332,0.8202495574951172,0.986966609954834,0.013033142313361168,0.05867283046245575,0.9981096982955933,0.8107041716575623,0.810744047164917
146.0,4.0,0.9884742498397827,0.011525616981089115,0.056739598512649536,0.9980801343917847,0.8142393231391907,0.8136404156684875,0.9895389080047607,0.01046089269220829,0.0535910464823246,0.998030960559845,0.8377166986465454,0.837198793888092
147.0,0.0,0.9890956878662109,0.010904034599661827,0.0545852929353714,0.9980992674827576,0.8152197003364563,0.8149668574333191,0.9870557188987732,0.012944435700774193,0.06220323592424393,0.997953474521637,0.83375483751297,0.8318542242050171
147.0,1.0,0.988429844379425,0.011569580994546413,0.05667894333600998,0.9980682730674744,0.8213372230529785,0.8206902146339417,0.9897153377532959,0.01028467621654272,0.05379405617713928,0.9980798959732056,0.8093070387840271,0.8089863657951355
147.0,2.0,0.9883179664611816,0.011681455187499523,0.057067420333623886,0.998043417930603,0.8228771686553955,0.822201132774353,0.9901627898216248,0.009836951270699501,0.05225062370300293,0.9981767535209656,0.8031436204910278,0.8029366731643677
147.0,3.0,0.9891167879104614,0.010882814414799213,0.05546775832772255,0.9980593919754028,0.8209884762763977,0.8202498555183411,0.9869673252105713,0.01303308829665184,0.058673299849033356,0.9981092214584351,0.8107060790061951,0.8107446432113647
147.0,4.0,0.9884739518165588,0.01152562815696001,0.056742146611213684,0.9980797171592712,0.8142395615577698,0.8136404752731323,0.989539623260498,0.01046066265553236,0.053593456745147705,0.9980300664901733,0.8377181887626648,0.8371966481208801
148.0,0.0,0.9890952706336975,0.010903947055339813,0.05458005517721176,0.9980989694595337,0.8152207136154175,0.8149670362472534,0.9870558381080627,0.012944173067808151,0.06220422312617302,0.9979531764984131,0.8337562084197998,0.8318542838096619
148.0,1.0,0.9884299635887146,0.011569559574127197,0.056682687252759933,0.9980672001838684,0.8213374018669128,0.8206877708435059,0.9897155165672302,0.010284430347383022,0.053810965269804,0.998079776763916,0.8093088269233704,0.8089866638183594
148.0,2.0,0.9883185029029846,0.011681372299790382,0.057072293013334274,0.9980430603027344,0.8228777050971985,0.8222007751464844,0.9901630282402039,0.009837168268859386,0.052252147346735,0.998176634311676,0.8031452298164368,0.8029361963272095
148.0,3.0,0.9891176223754883,0.010882782749831676,0.05546486750245094,0.9980601668357849,0.820991039276123,0.8202508091926575,0.9869668483734131,0.013033256866037846,0.05867496132850647,0.9981092810630798,0.8107026219367981,0.8107430338859558
148.0,4.0,0.9884750247001648,0.011525522917509079,0.05673203244805336,0.9980804920196533,0.814240038394928,0.8136410713195801,0.9895392060279846,0.01046069711446762,0.05359217897057533,0.9980304837226868,0.8377165198326111,0.8371978402137756
149.0,0.0,0.9890962839126587,0.010903880931437016,0.05458059161901474,0.9980990290641785,0.8152198195457458,0.8149667978286743,0.9870557188987732,0.01294420100748539,0.06220373511314392,0.9979528784751892,0.8337549567222595,0.8318538069725037
149.0,1.0,0.9884309768676758,0.0115696145221591,0.05668146163225174,0.9980669617652893,0.8213365077972412,0.8206890821456909,0.9897154569625854,0.010284412652254105,0.053809754550457,0.9980803728103638,0.8093077540397644,0.808986485004425
149.0,2.0,0.9883177280426025,0.011681354604661465,0.057066936045885086,0.9980429410934448,0.8228764533996582,0.8222013115882874,0.9901630878448486,0.00983690470457077,0.0522506907582283,0.9981762766838074,0.8031436800956726,0.8029363751411438
149.0,3.0,0.9891175031661987,0.010882729664444923,0.055471520870923996,0.9980605244636536,0.820988655090332,0.8202509880065918,0.9869667291641235,0.013033300638198853,0.05867495760321617,0.9981095194816589,0.8107067942619324,0.8107451796531677
149.0,4.0,0.9884742498397827,0.01152554340660572,0.056743402034044266,0.9980799555778503,0.8142397403717041,0.8136407136917114,0.9895391464233398,0.010460691526532173,0.05359198525547981,0.9980303645133972,0.8377166986465454,0.8371981382369995
150.0,0.0,0.9890965819358826,0.010903646238148212,0.054579660296440125,0.9980990886688232,0.815218448638916,0.81496661901474,0.9870560169219971,0.012943996116518974,0.062205053865909576,0.9979541301727295,0.8337558507919312,0.8318559527397156
150.0,1.0,0.9884299039840698,0.011569421738386154,0.05668111890554428,0.9980674386024475,0.8213380575180054,0.8206892609596252,0.9897161722183228,0.010284020565450191,0.053812138736248016,0.9980798363685608,0.8093075156211853,0.8089860081672668
150.0,2.0,0.9883183836936951,0.01168111152946949,0.057069987058639526,0.9980431199073792,0.8228773474693298,0.822201669216156,0.9901632070541382,0.009836968965828419,0.05225486680865288,0.9981762170791626,0.8031439781188965,0.8029365539550781
150.0,3.0,0.9891176223754883,0.010882435366511345,0.0554654486477375,0.9980599880218506,0.8209885954856873,0.8202499747276306,0.9869669675827026,0.013033106923103333,0.05867433175444603,0.9981099367141724,0.8107059001922607,0.8107444643974304
150.0,4.0,0.9884741306304932,0.011525238864123821,0.056738849729299545,0.9980801343917847,0.8142380714416504,0.8136400580406189,0.9895398616790771,0.010460464283823967,0.05359167233109474,0.9980303049087524,0.8377171158790588,0.8371965885162354
151.0,0.0,0.9890958666801453,0.010903660207986832,0.05458339303731918,0.9980986714363098,0.8152183890342712,0.8149667978286743,0.987056314945221,0.012943929992616177,0.06219036504626274,0.9979535341262817,0.8337562084197998,0.831854522228241
151.0,1.0,0.9884312748908997,0.011569356545805931,0.05668101832270622,0.9980670809745789,0.8213372230529785,0.8206890821456909,0.9897155165672302,0.010283936746418476,0.0538267083466053,0.998080313205719,0.8093125224113464,0.8089883923530579
151.0,2.0,0.9883187413215637,0.011681142263114452,0.057077303528785706,0.9980431199073792,0.8228780031204224,0.8222019076347351,0.9901629686355591,0.009837041608989239,0.052254848182201385,0.998176097869873,0.8031434416770935,0.8029357194900513
151.0,3.0,0.9891179203987122,0.010882509872317314,0.05546598136425018,0.998059868812561,0.8209885954856873,0.8202499747276306,0.9869667887687683,0.013033139519393444,0.05867429077625275,0.998108983039856,0.8107030987739563,0.8107431530952454
151.0,4.0,0.9884749054908752,0.011525308713316917,0.05673890933394432,0.9980798959732056,0.8142388463020325,0.8136401772499084,0.9895398020744324,0.01046062633395195,0.05359189584851265,0.998030424118042,0.8377164602279663,0.8371955752372742
152.0,0.0,0.9890962243080139,0.010903681628406048,0.054579608142375946,0.9980992674827576,0.8152199983596802,0.8149673342704773,0.9870560169219971,0.012943967245519161,0.06220507249236107,0.9979537725448608,0.8337551951408386,0.8318544030189514
152.0,1.0,0.9884300827980042,0.01156941894441843,0.056684330105781555,0.9980669021606445,0.8213384747505188,0.8206900954246521,0.9897157549858093,0.010283982381224632,0.053811732679605484,0.9980797171592712,0.8093079924583435,0.8089854717254639
152.0,2.0,0.988318920135498,0.011681183241307735,0.05707361176609993,0.9980432391166687,0.8228781223297119,0.8222013115882874,0.9901633262634277,0.009836859069764614,0.05225479602813721,0.9981759786605835,0.8031439185142517,0.8029361963272095
152.0,3.0,0.9891182780265808,0.010882449336349964,0.05547350272536278,0.9980603456497192,0.8209881782531738,0.8202491402626038,0.9869664907455444,0.013033250346779823,0.05867445468902588,0.9981102347373962,0.8107060194015503,0.8107448816299438
152.0,4.0,0.9884733557701111,0.01152532547712326,0.05674014985561371,0.9980796575546265,0.814238965511322,0.8136411905288696,0.9895393252372742,0.010460630059242249,0.05359223484992981,0.9980304837226868,0.8377176523208618,0.8371983766555786
153.0,0.0,0.989095151424408,0.010903662070631981,0.05458305776119232,0.9980989098548889,0.815219521522522,0.8149660229682922,0.9870559573173523,0.01294404361397028,0.06220465525984764,0.9979533553123474,0.8337559103965759,0.8318546414375305
153.0,1.0,0.9884305000305176,0.011569452472031116,0.05668468773365021,0.9980666637420654,0.8213371634483337,0.8206896185874939,0.989716112613678,0.01028392929583788,0.05381187051534653,0.9980803728103638,0.8093097805976868,0.8089877367019653
153.0,2.0,0.9883183240890503,0.011681115254759789,0.057073287665843964,0.9980430603027344,0.8228784799575806,0.8222014307975769,0.9901635646820068,0.009836763143539429,0.052253201603889465,0.9981767535209656,0.8031459450721741,0.8029380440711975
153.0,3.0,0.9891170859336853,0.010882426984608173,0.055469412356615067,0.9980595111846924,0.8209875822067261,0.8202500939369202,0.9869666695594788,0.013033161871135235,0.058674734085798264,0.9981095790863037,0.8107046484947205,0.8107441067695618
153.0,4.0,0.9884746670722961,0.011525344103574753,0.05673898756504059,0.998079240322113,0.8142392635345459,0.8136412501335144,0.9895393252372742,0.010460644029080868,0.05359172448515892,0.9980305433273315,0.8377183675765991,0.837198793888092
154.0,0.0,0.9890952110290527,0.010903647169470787,0.0545794852077961,0.9980995059013367,0.815218448638916,0.8149669170379639,0.9870560765266418,0.012943937443196774,0.06220456585288048,0.9979535937309265,0.8337557315826416,0.8318549990653992
154.0,1.0,0.9884306192398071,0.011569449678063393,0.056677136570215225,0.9980673789978027,0.8213372230529785,0.8206887245178223,0.9897160530090332,0.010283861309289932,0.053827159106731415,0.9980801343917847,0.8093081116676331,0.8089868426322937
154.0,2.0,0.9883182644844055,0.011681140400469303,0.05707336217164993,0.9980434775352478,0.8228788375854492,0.8222025036811829,0.9901628494262695,0.009837038815021515,0.052255161106586456,0.9981765151023865,0.8031439781188965,0.802936315536499
154.0,3.0,0.9891179800033569,0.010882516391575336,0.05547315627336502,0.9980599284172058,0.8209887742996216,0.8202493786811829,0.9869668483734131,0.013033106923103333,0.05867436155676842,0.998108983039856,0.8107068538665771,0.8107436895370483
154.0,4.0,0.9884748458862305,0.011525308713316917,0.05673573911190033,0.9980804920196533,0.8142389059066772,0.8136407732963562,0.9895399808883667,0.010460424236953259,0.053592294454574585,0.998030424118042,0.8377166390419006,0.8371964693069458
155.0,0.0,0.9890957474708557,0.010903660207986832,0.05458623915910721,0.9980994462966919,0.8152185678482056,0.8149664402008057,0.9870560765266418,0.012944048270583153,0.06220496818423271,0.9979532361030579,0.8337544798851013,0.8318542838096619
155.0,1.0,0.9884299635887146,0.011569500900804996,0.05668380856513977,0.9980688691139221,0.8213363885879517,0.820689857006073,0.9897161722183228,0.010283954441547394,0.05379693955183029,0.9980805516242981,0.8093124628067017,0.8089886903762817
155.0,2.0,0.9883179068565369,0.011681150645017624,0.05706978589296341,0.9980441927909851,0.8228766322135925,0.8222015500068665,0.9901629686355591,0.009836946614086628,0.052252642810344696,0.9981769323348999,0.8031455874443054,0.8029374480247498
155.0,3.0,0.9891173839569092,0.010882488451898098,0.05546913295984268,0.9980604648590088,0.8209885954856873,0.8202500939369202,0.9869667887687683,0.013033143244683743,0.058674056082963943,0.9981096386909485,0.8107044696807861,0.8107437491416931
155.0,4.0,0.9884737133979797,0.011525250971317291,0.05673879012465477,0.9980798363685608,0.8142383694648743,0.8136407732963562,0.9895394444465637,0.01046057604253292,0.05359171703457832,0.998030424118042,0.8377172946929932,0.8371961116790771
156.0,0.0,0.9890964031219482,0.010903661139309406,0.05458696559071541,0.9980984926223755,0.8152194023132324,0.8149661421775818,0.987055778503418,0.012943954207003117,0.062205079942941666,0.9979537129402161,0.8337545990943909,0.8318545818328857
156.0,1.0,0.9884305000305176,0.011569405905902386,0.056683942675590515,0.9980676770210266,0.8213375210762024,0.8206884264945984,0.9897159934043884,0.010283895768225193,0.053811367601156235,0.9980802536010742,0.8093088269233704,0.8089878559112549
156.0,2.0,0.9883192777633667,0.0116810854524374,0.05707341060042381,0.9980433583259583,0.8228772282600403,0.8222002983093262,0.9901630878448486,0.009837041608989239,0.0522526353597641,0.9981764554977417,0.8031448721885681,0.8029369115829468
156.0,3.0,0.9891171455383301,0.01088252104818821,0.05546864494681358,0.9980602860450745,0.8209891319274902,0.8202506303787231,0.9869665503501892,0.013033224269747734,0.05867433175444603,0.9981090426445007,0.8107033371925354,0.8107433319091797
156.0,4.0,0.9884743094444275,0.011525291949510574,0.056742649525403976,0.9980803728103638,0.8142400979995728,0.8136406540870667,0.9895396828651428,0.010460547171533108,0.053591854870319366,0.9980306029319763,0.8377167582511902,0.8371982574462891
157.0,0.0,0.9890961647033691,0.010903656482696533,0.05458648502826691,0.9980987310409546,0.8152196407318115,0.8149657845497131,0.9870561957359314,0.012943909503519535,0.06220438331365585,0.9979530572891235,0.83375483751297,0.8318542838096619
157.0,1.0,0.9884304404258728,0.011569350026547909,0.0566839873790741,0.9980672001838684,0.8213369846343994,0.8206891417503357,0.989716112613678,0.010283897630870342,0.053826749324798584,0.9980805516242981,0.8093125224113464,0.8089892864227295
157.0,2.0,0.9883185029029846,0.011681088246405125,0.05707357078790665,0.998043954372406,0.8228790163993835,0.8222010731697083,0.9901633262634277,0.009836938232183456,0.0522526279091835,0.9981763362884521,0.8031439185142517,0.8029360175132751
157.0,3.0,0.9891175627708435,0.010882521979510784,0.05546938627958298,0.9980610013008118,0.820988655090332,0.8202511072158813,0.9869669675827026,0.013033190742135048,0.0586744099855423,0.9981096386909485,0.8107054829597473,0.8107446432113647
157.0,4.0,0.9884741306304932,0.011525344103574753,0.056742794811725616,0.9980802536010742,0.8142387270927429,0.8136408925056458,0.989539623260498,0.010460578836500645,0.053591538220644,0.9980306029319763,0.8377180099487305,0.8371983170509338
158.0,0.0,0.9890954494476318,0.010903676971793175,0.0545862577855587,0.9980988502502441,0.8152193427085876,0.8149676322937012,0.9870563745498657,0.012943957932293415,0.062189698219299316,0.9979529976844788,0.8337557911872864,0.831854522228241
158.0,1.0,0.9884301424026489,0.011569383554160595,0.05668000876903534,0.9980679154396057,0.8213379979133606,0.8206896781921387,0.9897158145904541,0.010283858515322208,0.053811270743608475,0.9980801939964294,0.8093124628067017,0.8089889287948608
158.0,2.0,0.9883182048797607,0.011681100353598595,0.0570734366774559,0.9980440735816956,0.8228781223297119,0.822201669216156,0.9901629686355591,0.009837085381150246,0.05225079506635666,0.9981761574745178,0.8031442761421204,0.8029363751411438
158.0,3.0,0.9891175627708435,0.010882453992962837,0.055469367653131485,0.9980605244636536,0.8209897875785828,0.8202505111694336,0.9869665503501892,0.013033128343522549,0.05867421254515648,0.9981100559234619,0.8107026219367981,0.8107436299324036
158.0,4.0,0.9884742498397827,0.011525273323059082,0.05674251541495323,0.9980798363685608,0.8142391443252563,0.8136397004127502,0.9895394444465637,0.010460561141371727,0.053591255098581314,0.9980307221412659,0.8377162218093872,0.8371976613998413
159.0,0.0,0.9890962839126587,0.0109036760404706,0.05458639934659004,0.9980995059013367,0.8152192831039429,0.8149663805961609,0.9870561957359314,0.012943855486810207,0.06218947097659111,0.9979528784751892,0.833756148815155,0.8318548798561096
159.0,1.0,0.988430380821228,0.011569421738386154,0.05668376758694649,0.9980669617652893,0.8213371634483337,0.8206892609596252,0.989716112613678,0.010283922776579857,0.0538264736533165,0.998080313205719,0.8093088269233704,0.8089876174926758
159.0,2.0,0.9883174300193787,0.011681118980050087,0.057073306292295456,0.9980428218841553,0.8228783011436462,0.8222008347511292,0.9901628494262695,0.009836966171860695,0.05225249007344246,0.998176097869873,0.8031434416770935,0.8029361367225647
159.0,3.0,0.9891175627708435,0.010882415808737278,0.055472664535045624,0.9980599880218506,0.820989191532135,0.8202509880065918,0.9869666695594788,0.013033248484134674,0.05867445468902588,0.9981091022491455,0.8107045888900757,0.8107431530952454
159.0,4.0,0.9884742498397827,0.01152528915554285,0.05673935264348984,0.9980791211128235,0.814238429069519,0.8136395812034607,0.9895392656326294,0.01046060025691986,0.05359172075986862,0.9980309009552002,0.8377177715301514,0.8371965289115906
160.0,0.0,0.9890950918197632,0.010903658345341682,0.0545823872089386,0.9980995059013367,0.8152192831039429,0.8149678111076355,0.987056314945221,0.012943901121616364,0.06220452859997749,0.9979530572891235,0.8337544798851013,0.8318541049957275
160.0,1.0,0.9884307980537415,0.011569412425160408,0.05668370798230171,0.9980667233467102,0.8213376402854919,0.8206894397735596,0.9897159934043884,0.010283982381224632,0.0538119338452816,0.9980800747871399,0.8093079924583435,0.8089860081672668
160.0,2.0,0.9883182644844055,0.011681096628308296,0.0570768341422081,0.998043417930603,0.8228778839111328,0.8222014904022217,0.9901630282402039,0.009837063029408455,0.05225467309355736,0.9981763958930969,0.8031438589096069,0.8029369115829468
160.0,3.0,0.9891179800033569,0.0108824847266078,0.05546516552567482,0.9980594515800476,0.8209879994392395,0.8202510476112366,0.9869667291641235,0.013033142313361168,0.05867396667599678,0.9981095790863037,0.8107056021690369,0.8107438683509827
160.0,4.0,0.9884741902351379,0.011525307781994343,0.05673883855342865,0.9980797171592712,0.8142395615577698,0.8136411905288696,0.989539623260498,0.010460508055984974,0.05359171703457832,0.9980300664901733,0.8377164006233215,0.8371974229812622
161.0,0.0,0.9890967607498169,0.010903667658567429,0.05458268150687218,0.9980983734130859,0.8152188062667847,0.8149653673171997,0.9870561361312866,0.012944012880325317,0.06220468133687973,0.9979534149169922,0.8337547183036804,0.8318545818328857
161.0,1.0,0.9884306192398071,0.011569414287805557,0.05668376758694649,0.9980675578117371,0.821337878704071,0.8206918835639954,0.9897159337997437,0.010283883661031723,0.05382618308067322,0.9980798363685608,0.8093075156211853,0.808986485004425
161.0,2.0,0.9883186221122742,0.01168107707053423,0.05707318335771561,0.9980430006980896,0.8228782415390015,0.8222019672393799,0.9901635646820068,0.009837052784860134,0.052252836525440216,0.9981766939163208,0.8031453490257263,0.8029459714889526
161.0,3.0,0.9891181588172913,0.010882547125220299,0.055465180426836014,0.9980601668357849,0.820988118648529,0.8202531337738037,0.9869669079780579,0.013033105991780758,0.05867411568760872,0.9981092810630798,0.8107041120529175,0.8107436895370483
161.0,4.0,0.9884752035140991,0.011525312438607216,0.056738778948783875,0.9980801939964294,0.814238965511322,0.8136402368545532,0.9895394444465637,0.010460572317242622,0.05359205976128578,0.9980306029319763,0.8377186059951782,0.8371976017951965
162.0,0.0,0.9890964031219482,0.01090370025485754,0.05458632856607437,0.9980994462966919,0.8152189254760742,0.8149654865264893,0.987055778503418,0.012944021262228489,0.06218935176730156,0.997953474521637,0.833756148815155,0.8318555355072021
162.0,1.0,0.988430917263031,0.011569419875741005,0.05668065696954727,0.9980673789978027,0.8213374018669128,0.8206887245178223,0.9897154569625854,0.010283992625772953,0.0538264662027359,0.9980797171592712,0.8093091249465942,0.808987021446228
162.0,2.0,0.9883185029029846,0.011681074276566505,0.05706948786973953,0.9980435371398926,0.8228772878646851,0.822201132774353,0.990163266658783,0.009836877696216106,0.05225092172622681,0.9981766939163208,0.8031456470489502,0.8029367327690125
162.0,3.0,0.9891180992126465,0.0108824847266078,0.055465009063482285,0.9980600476264954,0.8209878206253052,0.8202497959136963,0.9869667291641235,0.013033205643296242,0.05867386981844902,0.9981086850166321,0.8107033967971802,0.8107429146766663
162.0,4.0,0.988474428653717,0.011525330133736134,0.05673488602042198,0.9980804920196533,0.814238965511322,0.813640296459198,0.9895392656326294,0.010460647754371166,0.053591471165418625,0.9980310797691345,0.8377187252044678,0.8371971845626831
163.0,0.0,0.9890956282615662,0.010903649963438511,0.05458250269293785,0.998099684715271,0.8152194619178772,0.8149667382240295,0.9870561361312866,0.012943976558744907,0.06220443919301033,0.9979533553123474,0.8337560296058655,0.8318554162979126
163.0,1.0,0.9884300231933594,0.011569438502192497,0.056683365255594254,0.9980677962303162,0.8213377594947815,0.8206882476806641,0.9897162914276123,0.010283981449902058,0.05382627248764038,0.9980798959732056,0.8093116879463196,0.8089877367019653
163.0,2.0,0.9883185625076294,0.0116810891777277,0.05707709863781929,0.9980436563491821,0.8228782415390015,0.8222007751464844,0.990163266658783,0.009837061166763306,0.05225249379873276,0.9981765151023865,0.8031433820724487,0.8029366731643677
163.0,3.0,0.9891171455383301,0.010882527567446232,0.05546879768371582,0.9980601668357849,0.8209887742996216,0.820250391960144,0.9869667887687683,0.013033212162554264,0.0586741641163826,0.9981099963188171,0.8107051849365234,0.8107443451881409
163.0,4.0,0.98847496509552,0.011525288224220276,0.05674208328127861,0.9980790615081787,0.8142387270927429,0.8136398792266846,0.9895394444465637,0.01046066451817751,0.05359189957380295,0.9980300068855286,0.8377165794372559,0.8371966481208801
164.0,0.0,0.9890969395637512,0.010903648100793362,0.05458289012312889,0.9980996251106262,0.815220832824707,0.8149670362472534,0.987056314945221,0.012943991459906101,0.0622040219604969,0.9979532361030579,0.8337563872337341,0.8318548798561096
164.0,1.0,0.9884306192398071,0.011569331400096416,0.056680310517549515,0.9980678558349609,0.8213374614715576,0.8206897377967834,0.9897159934043884,0.010283907875418663,0.05381147190928459,0.9980801939964294,0.8093076348304749,0.8089874386787415
164.0,2.0,0.9883183240890503,0.011681122705340385,0.057073138654232025,0.9980440735816956,0.8228791952133179,0.8222013711929321,0.9901626706123352,0.009837032295763493,0.05225230008363724,0.9981761574745178,0.8031444549560547,0.8029365539550781
164.0,3.0,0.9891176223754883,0.010882429778575897,0.055464908480644226,0.9980592131614685,0.8209882378578186,0.820250391960144,0.9869667887687683,0.013033122755587101,0.0586734339594841,0.9981098175048828,0.810705304145813,0.8107448816299438
164.0,4.0,0.9884752631187439,0.011525211855769157,0.05673927441239357,0.9980794787406921,0.8142396211624146,0.8136401772499084,0.9895394444465637,0.010460576973855495,0.05359138548374176,0.9980306625366211,0.8377173542976379,0.8371981382369995
165.0,0.0,0.9890965819358826,0.0109036760404706,0.05458223819732666,0.9980993866920471,0.8152181506156921,0.8149663209915161,0.9870555400848389,0.012943903915584087,0.062189094722270966,0.9979529976844788,0.8337547183036804,0.8318544030189514
165.0,1.0,0.988430917263031,0.011569416150450706,0.05668002367019653,0.9980669617652893,0.8213383555412292,0.8206890225410461,0.9897161722183228,0.010283864103257656,0.05381159484386444,0.9980807304382324,0.8093109726905823,0.8089878559112549
165.0,2.0,0.9883191585540771,0.011681103147566319,0.0570732057094574,0.9980434775352478,0.822877824306488,0.822201132774353,0.9901631474494934,0.009837133809924126,0.05225399509072304,0.9981763958930969,0.8031448125839233,0.8029367327690125
165.0,3.0,0.989117443561554,0.010882420465350151,0.05546899884939194,0.9980596899986267,0.8209891319274902,0.8202528953552246,0.9869669079780579,0.013033047318458557,0.05867428705096245,0.9981100559234619,0.8107049465179443,0.81074458360672
165.0,4.0,0.98847496509552,0.011525201611220837,0.056742746382951736,0.9980796575546265,0.8142383694648743,0.813640832901001,0.9895396828651428,0.010460364632308483,0.053576674312353134,0.9980307221412659,0.8377180099487305,0.8371972441673279
166.0,0.0,0.9890961050987244,0.010903646238148212,0.054582253098487854,0.9980989098548889,0.8152205348014832,0.8149675726890564,0.9870561957359314,0.012943984009325504,0.06220415234565735,0.9979530572891235,0.8337559103965759,0.8318549990653992
166.0,1.0,0.988429844379425,0.011569403111934662,0.05667981505393982,0.9980663657188416,0.8213365077972412,0.8206891417503357,0.9897156953811646,0.01028391346335411,0.05382636561989784,0.9980805516242981,0.8093085289001465,0.8089883923530579
166.0,2.0,0.9883192777633667,0.011681112460792065,0.05706947669386864,0.9980432987213135,0.8228787183761597,0.822201669216156,0.9901633262634277,0.009836905635893345,0.05225234478712082,0.998176634311676,0.8031449913978577,0.8029370307922363
166.0,3.0,0.9891177415847778,0.01088249683380127,0.055468637496232986,0.9980599880218506,0.8209883570671082,0.8202510476112366,0.9869667887687683,0.013033196330070496,0.058673445135354996,0.9981095790863037,0.8107061386108398,0.8107445240020752
166.0,4.0,0.988474428653717,0.011525264009833336,0.05673836171627045,0.998079776763916,0.8142381906509399,0.8136397004127502,0.989539384841919,0.010460578836500645,0.05359151214361191,0.9980302453041077,0.8377158045768738,0.8371962904930115
167.0,0.0,0.9890958070755005,0.01090370211750269,0.054582759737968445,0.9980990886688232,0.8152194023132324,0.814967155456543,0.9870559573173523,0.012943914160132408,0.06218922138214111,0.9979530572891235,0.833756148815155,0.8318552374839783
167.0,1.0,0.9884307980537415,0.011569465510547161,0.056679803878068924,0.998066782951355,0.8213368058204651,0.8206885457038879,0.9897160530090332,0.010283875279128551,0.05381150543689728,0.9980800151824951,0.8093080520629883,0.8089864253997803
167.0,2.0,0.9883182048797607,0.01168109942227602,0.05707305669784546,0.9980427622795105,0.8228773474693298,0.8222007751464844,0.990163266658783,0.009837142191827297,0.05225446820259094,0.9981759786605835,0.803142249584198,0.8029356002807617
167.0,3.0,0.9891179203987122,0.010882471688091755,0.05546903982758522,0.9980597496032715,0.8209874629974365,0.8202500343322754,0.9869672060012817,0.013033095747232437,0.058674078434705734,0.9981096386909485,0.8107068538665771,0.810745120048523
167.0,4.0,0.9884749054908752,0.011525281704962254,0.056739721447229385,0.9980794191360474,0.8142393231391907,0.8136402368545532,0.9895396828651428,0.01046049315482378,0.053576257079839706,0.9980302453041077,0.8377172946929932,0.8371983170509338
168.0,0.0,0.9890961647033691,0.01090370025485754,0.05458657443523407,0.9980994462966919,0.8152203559875488,0.814967155456543,0.9870560169219971,0.012943961657583714,0.06218915060162544,0.9979530572891235,0.8337551355361938,0.8318544626235962
168.0,1.0,0.988430380821228,0.011569459922611713,0.05668359994888306,0.9980669021606445,0.8213363885879517,0.8206879496574402,0.9897156953811646,0.010283922776579857,0.05382617563009262,0.9980801343917847,0.8093121647834778,0.8089888095855713
168.0,2.0,0.988318681716919,0.011681021191179752,0.057076595723629,0.9980441331863403,0.8228787183761597,0.822201132774353,0.990163266658783,0.009837009012699127,0.05225221812725067,0.9981757402420044,0.8031430244445801,0.8029438853263855
168.0,3.0,0.989118218421936,0.010882467962801456,0.055468931794166565,0.9980606436729431,0.820988655090332,0.8202504515647888,0.9869663119316101,0.013033240102231503,0.058673977851867676,0.9981102347373962,0.8107069134712219,0.8107452988624573
168.0,4.0,0.9884746074676514,0.011525276117026806,0.05674247443675995,0.9980799555778503,0.8142397403717041,0.8136411905288696,0.9895392656326294,0.010460545308887959,0.05359170585870743,0.998030960559845,0.8377165198326111,0.8371983766555786
169.0,0.0,0.9890957474708557,0.010903648100793362,0.0545828677713871,0.9980995059013367,0.8152193427085876,0.8149673342704773,0.9870558977127075,0.012944020330905914,0.06220388785004616,0.9979530572891235,0.8337550759315491,0.8318544030189514
169.0,1.0,0.9884302020072937,0.011569393798708916,0.056680165231227875,0.9980677366256714,0.8213373422622681,0.8206897377967834,0.989715576171875,0.010284123942255974,0.05381159856915474,0.9980800747871399,0.8093088269233704,0.8089866638183594
169.0,2.0,0.9883185625076294,0.011681048199534416,0.057076577097177505,0.9980435967445374,0.822877049446106,0.8222002983093262,0.9901632070541382,0.009836898185312748,0.05225186422467232,0.9981759786605835,0.8031433820724487,0.802936315536499
169.0,3.0,0.9891173839569092,0.010882461443543434,0.05546864494681358,0.9980599284172058,0.8209879398345947,0.8202501535415649,0.986966609954834,0.01303323358297348,0.05867429077625275,0.998108983039856,0.810704231262207,0.8107432126998901
169.0,4.0,0.9884741902351379,0.011525328271090984,0.05674208700656891,0.9980797171592712,0.8142391443252563,0.8136402368545532,0.9895391464233398,0.01046054158359766,0.053591690957546234,0.9980311989784241,0.8377183079719543,0.8371992707252502
170.0,0.0,0.9890961050987244,0.010903650894761086,0.054586511105298996,0.9980992078781128,0.8152199983596802,0.8149672746658325,0.9870559573173523,0.012943902984261513,0.06220421567559242,0.9979530572891235,0.8337549567222595,0.8318544626235962
170.0,1.0,0.9884307980537415,0.011569458991289139,0.0566839836537838,0.9980674386024475,0.8213373422622681,0.8206892609596252,0.9897153973579407,0.010284015908837318,0.05381094664335251,0.9980801343917847,0.8093075156211853,0.8089870810508728
170.0,2.0,0.9883183240890503,0.011681082658469677,0.057076748460531235,0.9980434775352478,0.8228780627250671,0.8222025036811829,0.99016273021698,0.009837053716182709,0.0522526279091835,0.9981757402420044,0.803143322467804,0.802936851978302
170.0,3.0,0.9891179800033569,0.010882509872317314,0.05546535924077034,0.9980599880218506,0.8209892511367798,0.8202504515647888,0.9869667291641235,0.013033154420554638,0.05867360532283783,0.9981099367141724,0.8107046484947205,0.81074458360672
170.0,4.0,0.9884747862815857,0.011525299400091171,0.05673832446336746,0.9980792999267578,0.8142377734184265,0.8136406540870667,0.9895397424697876,0.010460455901920795,0.05359124392271042,0.998030424118042,0.8377174735069275,0.8371990323066711
171.0,0.0,0.9890961050987244,0.01090370211750269,0.05458208918571472,0.9980987310409546,0.8152190446853638,0.8149666786193848,0.9870564937591553,0.012943876907229424,0.06220429763197899,0.9979532361030579,0.8337539434432983,0.831853985786438
171.0,1.0,0.9884301424026489,0.0115693723782897,0.05668015778064728,0.998067319393158,0.8213376402854919,0.8206894993782043,0.9897160530090332,0.010284003801643848,0.05382625758647919,0.9980798959732056,0.8093093037605286,0.8089872002601624
171.0,2.0,0.9883186221122742,0.011681070551276207,0.05707273632287979,0.9980440139770508,0.822877049446106,0.8222006559371948,0.9901631474494934,0.009836768731474876,0.05225207656621933,0.9981763958930969,0.8031448125839233,0.8029365539550781
171.0,3.0,0.9891164898872375,0.010882494039833546,0.05546513944864273,0.9980600476264954,0.8209877610206604,0.8202489614486694,0.9869669079780579,0.013033153489232063,0.05867328494787216,0.9981099367141724,0.8107057213783264,0.8107448220252991
171.0,4.0,0.9884749054908752,0.011525332927703857,0.05674227699637413,0.9980801939964294,0.8142375946044922,0.8136404752731323,0.9895391464233398,0.010460578836500645,0.05359126254916191,0.9980305433273315,0.8377177715301514,0.837198793888092
172.0,0.0,0.9890967011451721,0.010903669521212578,0.0545855276286602,0.9980986714363098,0.8152188658714294,0.8149659037590027,0.9870565533638,0.012943957932293415,0.06218918412923813,0.9979535341262817,0.8337559103965759,0.8318556547164917
172.0,1.0,0.9884301424026489,0.011569442227482796,0.056683316826820374,0.9980679154396057,0.821337878704071,0.8206892609596252,0.9897159337997437,0.010283997282385826,0.05379626154899597,0.9980798959732056,0.8093118071556091,0.8089879751205444
172.0,2.0,0.9883182644844055,0.01168107334524393,0.05707646161317825,0.9980432391166687,0.8228768706321716,0.822201132774353,0.990163266658783,0.009836936369538307,0.052252668887376785,0.9981765151023865,0.8031430244445801,0.8029366731643677
172.0,3.0,0.9891179800033569,0.010882462374866009,0.05546838045120239,0.9980594515800476,0.8209890723228455,0.8202496767044067,0.9869669079780579,0.013033172115683556,0.05867394059896469,0.9981091618537903,0.8107057213783264,0.8107444643974304
172.0,4.0,0.988473653793335,0.01152527704834938,0.05673498287796974,0.9980793595314026,0.8142398595809937,0.8136411905288696,0.9895394444465637,0.010460580699145794,0.053591351956129074,0.9980302453041077,0.8377165794372559,0.8371960520744324
173.0,0.0,0.9890957474708557,0.010903687216341496,0.05458274483680725,0.9980995655059814,0.8152181506156921,0.8149658441543579,0.987056314945221,0.012943889945745468,0.06220371276140213,0.9979533553123474,0.8337547183036804,0.8318546414375305
173.0,1.0,0.9884300827980042,0.011569404043257236,0.05667966976761818,0.9980677366256714,0.8213372826576233,0.8206892609596252,0.9897161722183228,0.010283798910677433,0.053826235234737396,0.9980804324150085,0.8093111515045166,0.8089886903762817
173.0,2.0,0.9883183240890503,0.011681107804179192,0.057069070637226105,0.9980438351631165,0.8228782415390015,0.8222019672393799,0.9901633858680725,0.009836818091571331,0.05225440114736557,0.9981761574745178,0.8031451106071472,0.8029366135597229
173.0,3.0,0.9891181588172913,0.010882459580898285,0.05547218769788742,0.9980605840682983,0.8209880590438843,0.8202499151229858,0.9869670867919922,0.013033159077167511,0.05867328122258186,0.9981101751327515,0.8107068538665771,0.8107454180717468
173.0,4.0,0.9884737133979797,0.01152530312538147,0.056742046028375626,0.9980806112289429,0.8142390847206116,0.8136402368545532,0.9895395040512085,0.01046049315482378,0.05359087884426117,0.9980306625366211,0.8377172946929932,0.8371986746788025
174.0,0.0,0.9890966415405273,0.010903587564826012,0.05458199605345726,0.9980996251106262,0.8152197003364563,0.8149673938751221,0.9870555400848389,0.012944025918841362,0.062189098447561264,0.9979534149169922,0.8337546586990356,0.8318545818328857
174.0,1.0,0.9884293079376221,0.011569430120289326,0.05668021738529205,0.9980683326721191,0.8213376402854919,0.8206891417503357,0.9897162318229675,0.010283838957548141,0.053811293095350266,0.9980806112289429,0.8093113303184509,0.8089881539344788
174.0,2.0,0.9883188605308533,0.011681079864501953,0.05707284435629845,0.9980433583259583,0.8228775858879089,0.8222014307975769,0.9901638031005859,0.009836645796895027,0.052251774817705154,0.9981762766838074,0.8031432032585144,0.8029358983039856
174.0,3.0,0.9891177415847778,0.01088250894099474,0.055472251027822495,0.998060405254364,0.8209875822067261,0.8202497959136963,0.9869667291641235,0.01303317304700613,0.058673445135354996,0.9981090426445007,0.8107054829597473,0.8107434511184692
174.0,4.0,0.9884747266769409,0.01152527704834938,0.05673518031835556,0.9980793595314026,0.8142374157905579,0.8136395812034607,0.989539623260498,0.010460520163178444,0.05359154939651489,0.9980312585830688,0.8377169370651245,0.837199330329895
175.0,0.0,0.9890958070755005,0.010903796181082726,0.05458228662610054,0.9980994462966919,0.8152195811271667,0.8149672150611877,0.9870561957359314,0.012943878769874573,0.062188971787691116,0.997952938079834,0.8337547779083252,0.8318543434143066
175.0,1.0,0.9884306788444519,0.011569388210773468,0.05668388307094574,0.9980682730674744,0.8213381171226501,0.8206897377967834,0.9897157549858093,0.010283936746418476,0.053811121731996536,0.9980804324150085,0.8093082904815674,0.808987557888031
175.0,2.0,0.9883193969726562,0.011681091971695423,0.057072803378105164,0.9980435967445374,0.8228781819343567,0.8222014904022217,0.9901628494262695,0.009836980141699314,0.05225226283073425,0.9981756210327148,0.8031423687934875,0.8029353618621826
175.0,3.0,0.9891173243522644,0.010882505215704441,0.055468324571847916,0.9980600476264954,0.8209877610206604,0.8202492594718933,0.9869673252105713,0.013033115305006504,0.05867369472980499,0.9981094002723694,0.810704231262207,0.810744047164917
175.0,4.0,0.9884744882583618,0.011525312438607216,0.05673833191394806,0.9980801939964294,0.8142391443252563,0.8136395215988159,0.9895392060279846,0.010460589081048965,0.05359169840812683,0.9980309009552002,0.8377180099487305,0.8371989727020264
176.0,0.0,0.9890950918197632,0.010903633199632168,0.05458519980311394,0.9980992674827576,0.8152189254760742,0.8149661421775818,0.9870560765266418,0.012943961657583714,0.062204137444496155,0.9979529976844788,0.83375483751297,0.8318545818328857
176.0,1.0,0.9884296655654907,0.011569474823772907,0.05668335407972336,0.9980674386024475,0.821337878704071,0.8206883668899536,0.9897156953811646,0.010284001007676125,0.05381104350090027,0.9980805516242981,0.8093111515045166,0.808988094329834
176.0,2.0,0.9883180260658264,0.011681058444082737,0.05707288160920143,0.9980436563491821,0.8228787183761597,0.8222016096115112,0.9901624917984009,0.00983721949160099,0.05225230008363724,0.9981762170791626,0.8031437397003174,0.8029358983039856
176.0,3.0,0.9891170263290405,0.010882490314543247,0.055468179285526276,0.9980593919754028,0.820989191532135,0.8202496767044067,0.986966609954834,0.013033183291554451,0.05867402255535126,0.9981101155281067,0.810705304145813,0.8107450008392334
176.0,4.0,0.9884747862815857,0.011525304056704044,0.0567387156188488,0.9980798363685608,0.8142389059066772,0.8136400580406189,0.9895398616790771,0.01046051736921072,0.05359133332967758,0.9980306029319763,0.8377172946929932,0.8371974229812622
177.0,0.0,0.9890958666801453,0.010903754271566868,0.0545821376144886,0.9980990886688232,0.8152210712432861,0.8149676322937012,0.987056314945221,0.012943998910486698,0.06220417097210884,0.9979535937309265,0.8337558507919312,0.8318561315536499
177.0,1.0,0.9884297847747803,0.011569438502192497,0.05668380856513977,0.9980668425559998,0.8213375210762024,0.8206891417503357,0.9897159337997437,0.010283911600708961,0.05382596328854561,0.998079776763916,0.8093077540397644,0.8089861869812012
177.0,2.0,0.988318920135498,0.011681143194437027,0.05707649886608124,0.9980428814888,0.8228780031204224,0.8222001791000366,0.9901628494262695,0.009837083518505096,0.05225224792957306,0.9981763958930969,0.8031442165374756,0.8029361367225647
177.0,3.0,0.9891171455383301,0.010882540605962276,0.055468443781137466,0.9980596899986267,0.8209882974624634,0.8202504515647888,0.9869666695594788,0.0130331264808774,0.05867353826761246,0.9981094002723694,0.8107041120529175,0.8107442259788513
177.0,4.0,0.9884739518165588,0.011525312438607216,0.05673813447356224,0.9980803728103638,0.8142387270927429,0.8136407136917114,0.9895395040512085,0.01046060025691986,0.053576547652482986,0.9980298280715942,0.8377166986465454,0.837196409702301
178.0,0.0,0.9890965223312378,0.010903671383857727,0.05457828938961029,0.9980990886688232,0.815218985080719,0.8149656653404236,0.9870559573173523,0.01294390857219696,0.0622040294110775,0.9979535937309265,0.8337544798851013,0.8318542242050171
178.0,1.0,0.988429844379425,0.011569434776902199,0.05668344348669052,0.9980668425559998,0.8213382363319397,0.8206888437271118,0.9897156357765198,0.010283926501870155,0.05381084606051445,0.9980802536010742,0.8093088269233704,0.8089866042137146
178.0,2.0,0.9883182048797607,0.01168104913085699,0.05706920847296715,0.9980440735816956,0.8228775262832642,0.8222015500068665,0.9901633262634277,0.009836791083216667,0.05225193500518799,0.9981767535209656,0.8031440377235413,0.802936851978302
178.0,3.0,0.9891179203987122,0.010882477276027203,0.05547226965427399,0.9980606436729431,0.8209879994392395,0.8202505111694336,0.9869668483734131,0.01303319726139307,0.05867414176464081,0.9981094598770142,0.8107054829597473,0.8107436895370483
178.0,4.0,0.9884743690490723,0.011525199748575687,0.05673807114362717,0.9980796575546265,0.8142383098602295,0.813640296459198,0.9895393252372742,0.010460547171533108,0.05359143018722534,0.9980309009552002,0.8377180099487305,0.8371971249580383
179.0,0.0,0.9890964031219482,0.010903600603342056,0.05458638817071915,0.9980999231338501,0.8152203559875488,0.8149669766426086,0.9870558977127075,0.0129438741132617,0.062204230576753616,0.9979531168937683,0.8337549567222595,0.8318545818328857
179.0,1.0,0.9884304404258728,0.01156938448548317,0.05668340623378754,0.9980672001838684,0.8213379979133606,0.8206892609596252,0.9897156953811646,0.010283984243869781,0.053810615092515945,0.9980807304382324,0.80931156873703,0.808988630771637
179.0,2.0,0.9883188605308533,0.011681091971695423,0.05707265064120293,0.998043417930603,0.8228777050971985,0.822201132774353,0.9901631474494934,0.009836931712925434,0.05225235968828201,0.9981761574745178,0.8031434416770935,0.8029365539550781
179.0,3.0,0.9891167879104614,0.010882478207349777,0.055468328297138214,0.9980596899986267,0.8209875226020813,0.8202517628669739,0.9869667887687683,0.013033184222877026,0.05867357552051544,0.998109757900238,0.8107067942619324,0.8107448816299438
179.0,4.0,0.9884743094444275,0.011525309644639492,0.05673864856362343,0.9980805516242981,0.8142403960227966,0.8136411905288696,0.9895390868186951,0.010460618883371353,0.053590890020132065,0.9980310201644897,0.8377174735069275,0.8371988534927368
180.0,0.0,0.9890957474708557,0.010903704911470413,0.054582491517066956,0.9980995059013367,0.8152207136154175,0.8149678707122803,0.9870560765266418,0.012943951413035393,0.06220393255352974,0.9979530572891235,0.8337550759315491,0.8318548202514648
180.0,1.0,0.9884302020072937,0.011569438502192497,0.056683335453271866,0.9980674982070923,0.8213385939598083,0.8206891417503357,0.9897156953811646,0.010284056887030602,0.05381094291806221,0.998080313205719,0.8093114495277405,0.808988630771637
180.0,2.0,0.9883188009262085,0.01168107520788908,0.057076528668403625,0.9980431199073792,0.8228787183761597,0.8222013115882874,0.9901630878448486,0.009836927987635136,0.052254632115364075,0.9981759190559387,0.8031430244445801,0.8029362559318542
180.0,3.0,0.9891175627708435,0.010882414877414703,0.055471982806921005,0.9980606436729431,0.8209887742996216,0.8202513456344604,0.9869668483734131,0.013033176772296429,0.05867421627044678,0.9981095790863037,0.81070476770401,0.8107446432113647
180.0,4.0,0.988474428653717,0.011525355279445648,0.05673852190375328,0.9980795979499817,0.8142394423484802,0.8136401772499084,0.9895395040512085,0.010460523888468742,0.053591106086969376,0.9980303049087524,0.837717592716217,0.8371964693069458
181.0,0.0,0.9890962839126587,0.010903685353696346,0.05458205193281174,0.998099684715271,0.8152190446853638,0.8149663209915161,0.9870563745498657,0.012943904846906662,0.062189023941755295,0.997952938079834,0.8337547183036804,0.8318547010421753
181.0,1.0,0.988430917263031,0.011569488793611526,0.05668298900127411,0.9980678558349609,0.8213382959365845,0.8206900358200073,0.9897156953811646,0.010283970274031162,0.053825974464416504,0.9980800747871399,0.8093098998069763,0.8089874982833862
181.0,2.0,0.9883193373680115,0.011681142263114452,0.05707656592130661,0.9980427026748657,0.8228778839111328,0.8222010135650635,0.990163266658783,0.009836891666054726,0.05225219577550888,0.9981763958930969,0.8031446933746338,0.8029364943504333
181.0,3.0,0.9891180396080017,0.010882539674639702,0.05546824634075165,0.9980598092079163,0.8209872245788574,0.8202499151229858,0.9869667291641235,0.01303317304700613,0.05867372453212738,0.9981092214584351,0.8107053637504578,0.8107448816299438
181.0,4.0,0.9884750247001648,0.011525288224220276,0.05673879012465477,0.9980798959732056,0.8142396807670593,0.8136414289474487,0.9895393252372742,0.010460548102855682,0.053576357662677765,0.998030424118042,0.8377169370651245,0.8371977806091309
182.0,0.0,0.9890967607498169,0.010903632268309593,0.054582078009843826,0.9981001019477844,0.8152195811271667,0.8149660229682922,0.9870558977127075,0.012943870387971401,0.0622037872672081,0.997952938079834,0.8337544798851013,0.8318541049957275
182.0,1.0,0.988430380821228,0.011569401249289513,0.05668340623378754,0.998067319393158,0.8213373422622681,0.820688784122467,0.9897158145904541,0.010283967480063438,0.05381103605031967,0.9980795979499817,0.8093076944351196,0.8089863061904907
182.0,2.0,0.9883188605308533,0.0116810891777277,0.057073041796684265,0.998043954372406,0.8228780031204224,0.8222015500068665,0.9901631474494934,0.009836909361183643,0.052254706621170044,0.9981768727302551,0.803145706653595,0.8029376864433289
182.0,3.0,0.9891179800033569,0.010882485657930374,0.055468183010816574,0.9980599880218506,0.8209882378578186,0.820249617099762,0.9869668483734131,0.013033177703619003,0.058673691004514694,0.9981095194816589,0.8107047080993652,0.8107444643974304
182.0,4.0,0.9884748458862305,0.011525294743478298,0.056738272309303284,0.9980799555778503,0.8142380714416504,0.813640296459198,0.9895394444465637,0.010460689663887024,0.0535910427570343,0.998030424118042,0.8377172946929932,0.8371980786323547
183.0,0.0,0.9890968203544617,0.010903666727244854,0.0545821413397789,0.9980988502502441,0.8152202367782593,0.8149664998054504,0.9870558381080627,0.01294393464922905,0.06218935176730156,0.9979534149169922,0.8337562084197998,0.8318547010421753
183.0,1.0,0.9884306192398071,0.011569388210773468,0.05668317526578903,0.9980677962303162,0.8213380575180054,0.820690393447876,0.989716112613678,0.010283896699547768,0.05382559821009636,0.9980800151824951,0.8093075752258301,0.8089869022369385
183.0,2.0,0.9883192777633667,0.011681083589792252,0.05707276239991188,0.9980436563491821,0.8228772878646851,0.8222014904022217,0.9901632070541382,0.009836855344474316,0.052254367619752884,0.9981765151023865,0.8031442761421204,0.8029366135597229
183.0,3.0,0.9891179203987122,0.010882439091801643,0.055471934378147125,0.9980589151382446,0.8209889531135559,0.8202504515647888,0.9869669675827026,0.013033183291554451,0.05867388844490051,0.9981092214584351,0.8107043504714966,0.8107442259788513
183.0,4.0,0.9884743690490723,0.011525407433509827,0.05674264580011368,0.9980799555778503,0.8142404556274414,0.8136414289474487,0.989539623260498,0.010460514575242996,0.05357690155506134,0.998030424118042,0.8377183079719543,0.8371964693069458
184.0,0.0,0.9890963435173035,0.010903657414019108,0.05457829684019089,0.9980995655059814,0.8152196407318115,0.8149663805961609,0.9870564937591553,0.012943999841809273,0.062203988432884216,0.997953474521637,0.8337560296058655,0.8318545818328857
184.0,1.0,0.9884294867515564,0.011569392867386341,0.05667955428361893,0.9980672597885132,0.8213379383087158,0.8206894397735596,0.9897156953811646,0.010283996351063251,0.05382633954286575,0.9980805516242981,0.809308648109436,0.8089880347251892
184.0,2.0,0.9883186221122742,0.011681118980050087,0.05707632377743721,0.9980433583259583,0.8228780627250671,0.822202205657959,0.9901624917984009,0.00983700342476368,0.052251748740673065,0.998176097869873,0.8031436800956726,0.8029364943504333
184.0,3.0,0.9891170859336853,0.010882473550736904,0.055468715727329254,0.9980601668357849,0.8209879994392395,0.8202508091926575,0.9869668483734131,0.013033165596425533,0.05867388844490051,0.9981092214584351,0.8107051253318787,0.810744047164917
184.0,4.0,0.9884753227233887,0.011525268666446209,0.05673924461007118,0.998080849647522,0.814240574836731,0.8136436343193054,0.989539623260498,0.010460514575242996,0.053591106086969376,0.9980303645133972,0.8377172350883484,0.8371967673301697
185.0,0.0,0.9890965819358826,0.010903649963438511,0.05457909777760506,0.9980992674827576,0.8152202367782593,0.8149664402008057,0.9870561361312866,0.01294390857219696,0.062189001590013504,0.9979534149169922,0.8337547779083252,0.8318547010421753
185.0,1.0,0.9884300231933594,0.011569434776902199,0.05667963624000549,0.9980666637420654,0.8213382363319397,0.8206904530525208,0.9897159337997437,0.010284019634127617,0.05381087213754654,0.9980804324150085,0.8093122243881226,0.8089883923530579
185.0,2.0,0.9883187413215637,0.011681103147566319,0.05706904083490372,0.9980424046516418,0.822878360748291,0.8222025036811829,0.9901630282402039,0.009837032295763493,0.05225195363163948,0.998175859451294,0.8031433820724487,0.8029359579086304
185.0,3.0,0.9891178011894226,0.010882490314543247,0.05546468123793602,0.9980599880218506,0.8209881782531738,0.8202500343322754,0.9869667291641235,0.01303317490965128,0.058673448860645294,0.9981099367141724,0.8107067346572876,0.8107458353042603
185.0,4.0,0.9884748458862305,0.011525302194058895,0.05673480033874512,0.9980794787406921,0.8142399787902832,0.8136406540870667,0.9895395040512085,0.010460484772920609,0.05359141528606415,0.9980304837226868,0.8377173542976379,0.8371964693069458
186.0,0.0,0.9890955090522766,0.010903709568083286,0.05458217114210129,0.9980996251106262,0.8152198195457458,0.8149669170379639,0.9870560765266418,0.012943894602358341,0.0621890090405941,0.9979531764984131,0.8337547779083252,0.8318542838096619
186.0,1.0,0.9884300827980042,0.011569412425160408,0.056680236011743546,0.9980676770210266,0.8213375210762024,0.8206881880760193,0.9897159337997437,0.010284122079610825,0.053811345249414444,0.9980795979499817,0.8093053698539734,0.8089846968650818
186.0,2.0,0.9883187413215637,0.011681072413921356,0.05707303807139397,0.9980432987213135,0.8228773474693298,0.8222015500068665,0.9901630282402039,0.009836946614086628,0.05225392431020737,0.9981761574745178,0.8031436204910278,0.802936851978302
186.0,3.0,0.9891177415847778,0.010882485657930374,0.0554647333920002,0.9980595707893372,0.820989191532135,0.8202497959136963,0.9869669079780579,0.013033214025199413,0.058673519641160965,0.9981096386909485,0.8107056617736816,0.8107447028160095
186.0,4.0,0.9884750843048096,0.011525249108672142,0.05674246326088905,0.9980797171592712,0.814238965511322,0.8136407136917114,0.989539384841919,0.010460520163178444,0.05359155312180519,0.998030424118042,0.8377165794372559,0.8371976613998413
187.0,0.0,0.9890957474708557,0.010903595015406609,0.05458631366491318,0.9980999231338501,0.815220057964325,0.8149659037590027,0.9870561957359314,0.01294386014342308,0.06220400333404541,0.9979528784751892,0.83375483751297,0.8318543434143066
187.0,1.0,0.9884296655654907,0.011569376103579998,0.05667969956994057,0.9980670809745789,0.8213368058204651,0.8206893801689148,0.9897162318229675,0.010283935815095901,0.053810980170965195,0.9980805516242981,0.8093111515045166,0.8089884519577026
187.0,2.0,0.9883196353912354,0.01168108731508255,0.0570727102458477,0.9980432391166687,0.8228784203529358,0.8222021460533142,0.990163266658783,0.00983685813844204,0.052252065390348434,0.9981757402420044,0.8031429052352905,0.8029351234436035
187.0,3.0,0.9891173243522644,0.010882479138672352,0.055468279868364334,0.9980606436729431,0.8209892511367798,0.8202491402626038,0.986966609954834,0.013033232651650906,0.05867384374141693,0.9981104135513306,0.810706615447998,0.8107457756996155
187.0,4.0,0.9884744882583618,0.011525324545800686,0.05673874169588089,0.9980801939964294,0.8142385482788086,0.8136399388313293,0.9895398020744324,0.0104605657979846,0.05359119176864624,0.9980301260948181,0.8377175331115723,0.8371982574462891
188.0,0.0,0.9890956282615662,0.010903718881309032,0.05458204075694084,0.9980999231338501,0.815218985080719,0.8149664998054504,0.9870558977127075,0.01294396910816431,0.06220443919301033,0.9979531168937683,0.8337557315826416,0.8318545818328857
188.0,1.0,0.9884306192398071,0.011569351889193058,0.056680407375097275,0.9980674386024475,0.8213371634483337,0.8206884264945984,0.9897159337997437,0.01028380449861288,0.05381085351109505,0.9980800151824951,0.809310793876648,0.8089881539344788
188.0,2.0,0.9883190393447876,0.011681106872856617,0.05707639083266258,0.9980430006980896,0.822877824306488,0.8222013115882874,0.9901625514030457,0.009836981073021889,0.052254121750593185,0.9981768727302551,0.8031441569328308,0.8029367327690125
188.0,3.0,0.9891180992126465,0.010882473550736904,0.05546530336141586,0.9980600476264954,0.8209887146949768,0.820249617099762,0.9869663119316101,0.013033194467425346,0.05867307633161545,0.998110294342041,0.8107060790061951,0.8107450008392334
188.0,4.0,0.9884738922119141,0.011525241658091545,0.05673855170607567,0.9980797171592712,0.8142390847206116,0.8136399388313293,0.9895394444465637,0.010460549965500832,0.05359164997935295,0.9980306029319763,0.8377180695533752,0.8371982574462891
189.0,0.0,0.9890954494476318,0.010903611779212952,0.054582301527261734,0.9980995655059814,0.8152193427085876,0.8149663209915161,0.987056314945221,0.012943959794938564,0.06218893080949783,0.9979529976844788,0.8337550163269043,0.8318545818328857
189.0,1.0,0.988430380821228,0.011569404043257236,0.05668342486023903,0.9980660676956177,0.8213369846343994,0.8206885457038879,0.9897164702415466,0.010283992625772953,0.05382533743977547,0.9980800747871399,0.8093097805976868,0.808987557888031
189.0,2.0,0.9883180856704712,0.011681080795824528,0.05707274749875069,0.9980432987213135,0.8228776454925537,0.8222002983093262,0.9901630878448486,0.009836914017796516,0.05225439742207527,0.9981757998466492,0.8031442165374756,0.8029361367225647
189.0,3.0,0.9891179800033569,0.010882495902478695,0.055465079843997955,0.9980610013008118,0.8209887146949768,0.8202502131462097,0.9869666695594788,0.013033263385295868,0.05867374688386917,0.9981096386909485,0.8107043504714966,0.810743510723114
189.0,4.0,0.9884740710258484,0.011525223031640053,0.05673830583691597,0.998079776763916,0.8142400979995728,0.8136410713195801,0.9895397424697876,0.010460500605404377,0.053591422736644745,0.998030424118042,0.8377176523208618,0.8371983766555786
190.0,0.0,0.9890961050987244,0.010903732851147652,0.05458639934659004,0.9980995059013367,0.8152199983596802,0.8149668574333191,0.9870558381080627,0.012943912297487259,0.06218887120485306,0.9979529976844788,0.8337550163269043,0.8318542242050171
190.0,1.0,0.9884306192398071,0.011569402180612087,0.05667960271239281,0.9980685114860535,0.8213390111923218,0.8206896185874939,0.9897158145904541,0.010283897630870342,0.053811099380254745,0.9980804324150085,0.8093109130859375,0.8089879751205444
190.0,2.0,0.9883186221122742,0.011681143194437027,0.05707281082868576,0.9980438947677612,0.8228789567947388,0.8222014904022217,0.9901635050773621,0.009836937300860882,0.052250638604164124,0.9981761574745178,0.8031447529792786,0.802935779094696
190.0,3.0,0.989118218421936,0.010882473550736904,0.05546823889017105,0.998060405254364,0.8209890723228455,0.820250391960144,0.9869663715362549,0.01303321123123169,0.058674030005931854,0.9981095194816589,0.8107068538665771,0.8107450604438782
190.0,4.0,0.9884747266769409,0.011525352485477924,0.05673816055059433,0.9980801343917847,0.8142393231391907,0.813640296459198,0.9895390868186951,0.010460581630468369,0.053591288626194,0.9980304837226868,0.8377184271812439,0.8371966481208801
191.0,0.0,0.9890959858894348,0.010903621092438698,0.054582107812166214,0.9980988502502441,0.8152196407318115,0.8149654865264893,0.9870559573173523,0.012943834066390991,0.06220356002449989,0.9979535341262817,0.8337559700012207,0.8318551182746887
191.0,1.0,0.9884302020072937,0.011569362133741379,0.05668352171778679,0.998067319393158,0.8213376998901367,0.8206890225410461,0.9897157549858093,0.01028394978493452,0.05379612743854523,0.998079776763916,0.8093079328536987,0.8089861869812012
191.0,2.0,0.988318920135498,0.011681067757308483,0.05707655847072601,0.9980440139770508,0.8228784203529358,0.8222015500068665,0.9901630878448486,0.009837033227086067,0.05225241929292679,0.9981763958930969,0.803144097328186,0.802936851978302
191.0,3.0,0.9891175627708435,0.01088249497115612,0.05546451732516289,0.9980602860450745,0.8209899067878723,0.8202500939369202,0.9869667887687683,0.013033037073910236,0.05867355316877365,0.9981098175048828,0.810706615447998,0.8107454180717468
191.0,4.0,0.9884743094444275,0.011525283567607403,0.05673864111304283,0.998079776763916,0.8142396211624146,0.813640296459198,0.989539623260498,0.010460597462952137,0.05359090864658356,0.9980305433273315,0.8377184271812439,0.8371984958648682
192.0,0.0,0.9890965819358826,0.01090372633188963,0.0545821413397789,0.9980990290641785,0.8152198195457458,0.814967155456543,0.987055778503418,0.012943818233907223,0.06220363453030586,0.9979531168937683,0.8337547779083252,0.8318548202514648
192.0,1.0,0.9884305000305176,0.011569452472031116,0.056683145463466644,0.9980673789978027,0.8213381171226501,0.8206894993782043,0.989716112613678,0.010284028016030788,0.05382595211267471,0.9980798363685608,0.809307873249054,0.808986485004425
192.0,2.0,0.9883180856704712,0.011681117117404938,0.05707291141152382,0.9980438351631165,0.8228782415390015,0.822201132774353,0.9901636838912964,0.009836974553763866,0.05225209891796112,0.9981761574745178,0.8031439185142517,0.8029361963272095
192.0,3.0,0.9891179203987122,0.010882465168833733,0.05546502768993378,0.9980600476264954,0.820989191532135,0.8202499747276306,0.9869672060012817,0.01303305383771658,0.05867408588528633,0.9981095790863037,0.8107056021690369,0.8107445240020752
192.0,4.0,0.9884741306304932,0.011525293812155724,0.05673827603459358,0.9980796575546265,0.8142378330230713,0.8136399388313293,0.9895398020744324,0.010460639372467995,0.0535910502076149,0.9980307221412659,0.8377183675765991,0.8371986746788025
193.0,0.0,0.9890961647033691,0.010903624817728996,0.05458204075694084,0.9980979561805725,0.8152192831039429,0.8149663209915161,0.9870558381080627,0.012943953275680542,0.06218904256820679,0.9979536533355713,0.8337559103965759,0.8318545818328857
193.0,1.0,0.9884307384490967,0.011569421738386154,0.05668388307094574,0.9980682730674744,0.8213372230529785,0.8206895589828491,0.9897159337997437,0.010283988900482655,0.05381143465638161,0.9980798959732056,0.8093101978302002,0.8089882731437683
193.0,2.0,0.988318920135498,0.011681058444082737,0.057069066911935806,0.9980440139770508,0.8228781223297119,0.8222012519836426,0.9901630878448486,0.009836900979280472,0.052252624183893204,0.9981762766838074,0.8031439781188965,0.8029370307922363
193.0,3.0,0.989118218421936,0.01088245864957571,0.055468302220106125,0.9980589151382446,0.8209897875785828,0.8202507495880127,0.9869669675827026,0.013033151626586914,0.05867382511496544,0.9981102347373962,0.8107068538665771,0.810745894908905
193.0,4.0,0.9884744882583618,0.011525257490575314,0.056746289134025574,0.9980806112289429,0.8142384886741638,0.813640296459198,0.989539384841919,0.01046057604253292,0.0535915233194828,0.9980309009552002,0.8377178907394409,0.837199330329895
194.0,0.0,0.9890959858894348,0.010903590358793736,0.054581984877586365,0.9980990290641785,0.8152189254760742,0.814966082572937,0.9870558977127075,0.012943880632519722,0.06220373511314392,0.9979532361030579,0.8337547183036804,0.831854522228241
194.0,1.0,0.9884300231933594,0.011569506488740444,0.05668347701430321,0.9980676770210266,0.8213374018669128,0.8206893801689148,0.989716112613678,0.010283912532031536,0.0538107268512249,0.9980802536010742,0.8093087673187256,0.8089872598648071
194.0,2.0,0.9883185029029846,0.011681059375405312,0.05706541985273361,0.9980430006980896,0.8228788375854492,0.8222002983093262,0.9901630878448486,0.00983714871108532,0.052252572029829025,0.9981762766838074,0.8031444549560547,0.8029367923736572
194.0,3.0,0.9891177415847778,0.010882441885769367,0.055468786507844925,0.9980602860450745,0.8209891319274902,0.8202505111694336,0.9869668483734131,0.0130331851541996,0.058673467487096786,0.9981091618537903,0.8107041716575623,0.810742974281311
194.0,4.0,0.988473653793335,0.011525259353220463,0.056741904467344284,0.9980799555778503,0.8142395615577698,0.8136410117149353,0.9895392656326294,0.010460544377565384,0.0535912811756134,0.9980305433273315,0.8377165794372559,0.8371962904930115
195.0,0.0,0.9890963435173035,0.010903608985245228,0.05458240956068039,0.9980995655059814,0.8152189254760742,0.8149667978286743,0.9870560169219971,0.012944014742970467,0.06220415234565735,0.9979531764984131,0.8337563276290894,0.831854522228241
195.0,1.0,0.9884300827980042,0.011569320224225521,0.05667945370078087,0.998066782951355,0.8213374614715576,0.8206892609596252,0.9897161722183228,0.010283860377967358,0.05381138250231743,0.9980800747871399,0.8093090653419495,0.8089872002601624
195.0,2.0,0.9883188605308533,0.011681071482598782,0.05707259103655815,0.9980431199073792,0.8228776454925537,0.8222004175186157,0.9901625514030457,0.009837125428020954,0.05225192382931709,0.9981766939163208,0.8031448125839233,0.8029366731643677
195.0,3.0,0.989117443561554,0.010882495902478695,0.05546517297625542,0.9980595111846924,0.8209887742996216,0.8202497959136963,0.9869667291641235,0.013033214956521988,0.05867331847548485,0.9981092810630798,0.8107043504714966,0.8107439279556274
195.0,4.0,0.9884753227233887,0.011525253765285015,0.056738175451755524,0.9980799555778503,0.8142392635345459,0.813642680644989,0.989539623260498,0.01046046707779169,0.05359158664941788,0.9980305433273315,0.8377165198326111,0.8371977806091309
196.0,0.0,0.9890955090522766,0.010903644375503063,0.05458209663629532,0.9980981945991516,0.8152196407318115,0.8149661421775818,0.9870565533638,0.012943984940648079,0.062204137444496155,0.9979533553123474,0.8337558507919312,0.8318548202514648
196.0,1.0,0.9884305596351624,0.01156946737319231,0.05667975917458534,0.9980668425559998,0.8213379979133606,0.8206888437271118,0.9897155165672302,0.010283996351063251,0.05381064862012863,0.9980797171592712,0.8093113899230957,0.8089877367019653
196.0,2.0,0.9883188009262085,0.011681151576340199,0.05707256495952606,0.9980440139770508,0.8228786587715149,0.8222025632858276,0.9901630878448486,0.009836890734732151,0.052252378314733505,0.998176097869873,0.803143322467804,0.8029359579086304
196.0,3.0,0.989117443561554,0.010882523842155933,0.05546528473496437,0.9980604648590088,0.8209879994392395,0.8202491402626038,0.9869667887687683,0.013033196330070496,0.058674003928899765,0.9981094002723694,0.8107057213783264,0.8107447028160095
196.0,4.0,0.9884752631187439,0.011525264009833336,0.05674199387431145,0.9980794191360474,0.814239501953125,0.8136417865753174,0.9895393252372742,0.010460661724209785,0.05359108746051788,0.9980311989784241,0.8377183079719543,0.8371990323066711
197.0,0.0,0.9890956282615662,0.010903737507760525,0.054578401148319244,0.9980993270874023,0.8152195811271667,0.8149663209915161,0.9870561957359314,0.012943949550390244,0.06220381706953049,0.9979534149169922,0.8337559700012207,0.8318552374839783
197.0,1.0,0.9884302020072937,0.011569439433515072,0.05668332055211067,0.9980674386024475,0.8213380575180054,0.8206893801689148,0.989716112613678,0.01028403639793396,0.053795941174030304,0.9980801343917847,0.8093087673187256,0.8089865446090698
197.0,2.0,0.988318681716919,0.011681064032018185,0.05707256495952606,0.9980437159538269,0.8228781819343567,0.8222018480300903,0.990163266658783,0.009837046265602112,0.052252620458602905,0.9981761574745178,0.803145170211792,0.8029359579086304
197.0,3.0,0.9891179800033569,0.010882461443543434,0.05546455830335617,0.9980607032775879,0.8209877014160156,0.8202528357505798,0.9869667887687683,0.013033204711973667,0.058673251420259476,0.9981100559234619,0.8107057809829712,0.8107448816299438
197.0,4.0,0.9884743690490723,0.011525330133736134,0.05674189701676369,0.9980787038803101,0.8142386674880981,0.8136405944824219,0.9895394444465637,0.010460563004016876,0.05359136685729027,0.9980301260948181,0.8377176523208618,0.8371962308883667
198.0,0.0,0.9890954494476318,0.010903650894761086,0.05458586663007736,0.9980992078781128,0.815218985080719,0.8149656057357788,0.9870558977127075,0.012943904846906662,0.062204331159591675,0.9979532361030579,0.8337559700012207,0.8318547010421753
198.0,1.0,0.9884307384490967,0.011569381691515446,0.056683268398046494,0.9980673789978027,0.8213374018669128,0.8206897377967834,0.9897156357765198,0.010284023359417915,0.05381084978580475,0.9980798363685608,0.8093088269233704,0.8089866042137146
198.0,2.0,0.9883185029029846,0.011681083589792252,0.057069048285484314,0.9980436563491821,0.8228785991668701,0.8222019076347351,0.9901636242866516,0.0098367715254426,0.05225418135523796,0.9981762766838074,0.8031441569328308,0.8029371500015259
198.0,3.0,0.9891179800033569,0.010882445611059666,0.05546838045120239,0.9980601668357849,0.8209884762763977,0.8202502727508545,0.9869668483734131,0.013033160008490086,0.05867345631122589,0.9981092810630798,0.8107044100761414,0.8107437491416931
198.0,4.0,0.9884750247001648,0.01152519416064024,0.05673809349536896,0.9980805516242981,0.8142386078834534,0.8136402368545532,0.9895395040512085,0.010460494086146355,0.05359123274683952,0.9980306625366211,0.8377178311347961,0.8371977806091309
199.0,0.0,0.9890967011451721,0.010903684422373772,0.054582539945840836,0.9980990290641785,0.8152193427085876,0.8149661421775818,0.987055778503418,0.012943933717906475,0.06220391392707825,0.9979529976844788,0.8337557911872864,0.8318541049957275
199.0,1.0,0.9884293079376221,0.01156940869987011,0.05668392777442932,0.9980673789978027,0.8213378190994263,0.8206899166107178,0.9897155165672302,0.010283999145030975,0.053810570389032364,0.998079776763916,0.8093109726905823,0.8089877367019653
199.0,2.0,0.9883188605308533,0.0116810854524374,0.05707266181707382,0.9980435371398926,0.8228776454925537,0.8222008347511292,0.9901630282402039,0.009837063029408455,0.05225230008363724,0.9981766939163208,0.803144633769989,0.802936851978302
199.0,3.0,0.9891178011894226,0.010882440954446793,0.05546160414814949,0.9980607032775879,0.8209876418113708,0.8202498555183411,0.9869667291641235,0.013033258728682995,0.058673709630966187,0.9981094002723694,0.8107025027275085,0.8107433915138245
199.0,4.0,0.9884743094444275,0.011525302194058895,0.056738633662462234,0.9980798959732056,0.8142384886741638,0.8136411309242249,0.9895393252372742,0.010460473597049713,0.05359114333987236,0.9980310201644897,0.8377183675765991,0.8371982574462891
