epoch,fold,dice_train,loss_train,bce_train,accuracy_train,precision_train,f1_train,dice_test,loss_test,bce_test,accuracy_test,precision_test,f1_test
0.0,0.0,0.4028897285461426,0.5971105694770813,1.1095921993255615,0.7512349486351013,0.35964760184288025,0.41481995582580566,0.4639762341976166,0.5360238552093506,0.7833430171012878,0.7986162900924683,0.36696571111679077,0.4639790654182434
0.0,1.0,0.5798834562301636,0.4201165437698364,0.5277838706970215,0.8847160935401917,0.5828402638435364,0.6020049452781677,0.6583936810493469,0.3416061997413635,0.39342013001441956,0.908150315284729,0.6176149845123291,0.677120566368103
0.0,2.0,0.6443453431129456,0.35565394163131714,0.5062398314476013,0.8991929292678833,0.6287865042686462,0.6565296649932861,0.6677145957946777,0.3322850167751312,0.508389413356781,0.9131041765213013,0.614487886428833,0.6762257814407349
0.0,3.0,0.6633816957473755,0.33661776781082153,0.5995420217514038,0.9033809304237366,0.6411967277526855,0.6697896122932434,0.6832646131515503,0.3167351186275482,0.6568901538848877,0.909746527671814,0.6165992617607117,0.6928149461746216
0.0,4.0,0.6795268654823303,0.32047346234321594,0.6220712661743164,0.9106268286705017,0.6515846252441406,0.6845280528068542,0.731595516204834,0.26840484142303467,0.6638838648796082,0.9085674285888672,0.6981765031814575,0.7360357046127319
1.0,0.0,0.6973245739936829,0.30267488956451416,0.6868232488632202,0.9093690514564514,0.6653916835784912,0.7011247873306274,0.7280534505844116,0.27194681763648987,0.714519739151001,0.9156407117843628,0.6755675673484802,0.731415867805481
1.0,1.0,0.7232258319854736,0.27677443623542786,0.5990544557571411,0.9131221175193787,0.6879003047943115,0.7261601090431213,0.734665036201477,0.2653350532054901,0.570871889591217,0.9174834489822388,0.7185180187225342,0.7308025360107422
1.0,2.0,0.7228631377220154,0.2771367132663727,0.7347440123558044,0.9105411767959595,0.693060040473938,0.7231712341308594,0.7574039101600647,0.24259614944458008,0.4541260898113251,0.9228202700614929,0.7356272339820862,0.75911545753479
1.0,3.0,0.754929780960083,0.24507029354572296,0.688766598701477,0.9168998599052429,0.722626805305481,0.7559854388237,0.7684103846549988,0.231589674949646,0.4784252643585205,0.9191327691078186,0.7251097559928894,0.7690447568893433
1.0,4.0,0.7686209678649902,0.23137934505939484,0.8056857585906982,0.9193894267082214,0.7263616323471069,0.7677780985832214,0.7888410687446594,0.21115858852863312,0.5880304574966431,0.9145585894584656,0.7636258602142334,0.7849442958831787
2.0,0.0,0.7768483757972717,0.22315186262130737,1.0476014614105225,0.9174065589904785,0.7296150326728821,0.7750954031944275,0.7921973466873169,0.20780260860919952,1.0246481895446777,0.9209286570549011,0.7286207675933838,0.7894155383110046
2.0,1.0,0.7887271642684937,0.2112732082605362,1.2530951499938965,0.9193505644798279,0.7349368333816528,0.7866945862770081,0.7957291603088379,0.2042711228132248,1.2399002313613892,0.9213793277740479,0.7337136268615723,0.7913873195648193
2.0,2.0,0.793522298336029,0.20647768676280975,1.1239920854568481,0.9197718501091003,0.7379893660545349,0.7896111011505127,0.7929357886314392,0.20706430077552795,1.2869303226470947,0.9243698120117188,0.7304217219352722,0.7943989634513855
2.0,3.0,0.7964878082275391,0.2035127878189087,1.1150994300842285,0.9217005968093872,0.7457678318023682,0.7939856648445129,0.8002262711524963,0.1997736692428589,1.3648771047592163,0.9223788380622864,0.7275920510292053,0.7945277690887451
2.0,4.0,0.7999250888824463,0.2000747174024582,1.102695107460022,0.924507737159729,0.7506775259971619,0.7958544492721558,0.8286409378051758,0.1713588535785675,0.6949322819709778,0.9204805493354797,0.775072455406189,0.8247665166854858
3.0,0.0,0.8116456866264343,0.18835411965847015,0.891409158706665,0.9247244596481323,0.7732678055763245,0.808392345905304,0.6354336142539978,0.36456629633903503,1.991598129272461,0.8928060531616211,0.537198007106781,0.6399462819099426
3.0,1.0,0.8204972743988037,0.17950303852558136,0.6208251118659973,0.9268262982368469,0.7893081307411194,0.8168706297874451,0.8308080434799194,0.1691916286945343,0.685858428478241,0.9286314845085144,0.7758466601371765,0.8245083093643188
3.0,2.0,0.8312158584594727,0.16878464818000793,0.4327095150947571,0.9279342293739319,0.8041818737983704,0.8264272212982178,0.8355081081390381,0.16449181735515594,0.4428258538246155,0.9338827729225159,0.8019910454750061,0.8346220254898071
3.0,3.0,0.8371872901916504,0.16281317174434662,0.3961826264858246,0.9308409690856934,0.8190122246742249,0.8338763117790222,0.8421711325645447,0.15782856941223145,0.29006344079971313,0.929766058921814,0.8116168975830078,0.8356761336326599
3.0,4.0,0.8393710255622864,0.16062884032726288,0.35459649562835693,0.9317087531089783,0.8201767802238464,0.8351127505302429,0.865834653377533,0.13416534662246704,0.3002951443195343,0.9289848804473877,0.8309929370880127,0.8627126812934875
4.0,0.0,0.845088541507721,0.1549103856086731,0.3096903860569,0.9316180944442749,0.8298704028129578,0.8417848348617554,0.8499574065208435,0.15004241466522217,0.2877187132835388,0.9328282475471497,0.8171370029449463,0.8454026579856873
4.0,1.0,0.8524466156959534,0.14755354821681976,0.30532941222190857,0.9319701790809631,0.8349153995513916,0.8484637141227722,0.8570978045463562,0.14290186762809753,0.22175875306129456,0.9335653781890869,0.8495659232139587,0.8505591154098511
4.0,2.0,0.8536551594734192,0.14634501934051514,0.2813824713230133,0.9312015175819397,0.836908221244812,0.8485950231552124,0.8596796989440918,0.14032024145126343,0.1947382092475891,0.9378860592842102,0.8784686326980591,0.8545923829078674
4.0,3.0,0.8392442464828491,0.16075587272644043,0.7711862921714783,0.9293171167373657,0.821395993232727,0.8337584733963013,0.8597626686096191,0.14023737609386444,0.24263599514961243,0.9314777851104736,0.8375034928321838,0.8532662391662598
4.0,4.0,0.8605566620826721,0.13944394886493683,0.21835574507713318,0.9339985251426697,0.8431165814399719,0.8528283834457397,0.8785378336906433,0.1214623674750328,0.18233639001846313,0.9303266406059265,0.8774155378341675,0.8766149878501892
5.0,0.0,0.8642973303794861,0.13570261001586914,0.22094282507896423,0.9330980777740479,0.8477748036384583,0.8582987785339355,0.8692492246627808,0.13075099885463715,0.21607020497322083,0.934138834476471,0.8414793610572815,0.8601000308990479
5.0,1.0,0.8641344904899597,0.1358645111322403,0.23198677599430084,0.9331628680229187,0.8486729264259338,0.8581503629684448,0.8713526129722595,0.12864738702774048,0.20047858357429504,0.9345095753669739,0.8589615821838379,0.8591079711914062
5.0,2.0,0.8676157593727112,0.13238529860973358,0.31012848019599915,0.9319136738777161,0.8480738401412964,0.8607703447341919,0.8748072385787964,0.12519320845603943,0.20057208836078644,0.938385009765625,0.8507665395736694,0.8682571649551392
5.0,3.0,0.8716514110565186,0.12834815680980682,0.2292409986257553,0.9340174794197083,0.8560803532600403,0.8642269968986511,0.8664942979812622,0.13350604474544525,0.21592199802398682,0.9320131540298462,0.8633896112442017,0.8597995638847351
5.0,4.0,0.8674648404121399,0.13253538310527802,0.24691368639469147,0.9345886707305908,0.8516028523445129,0.8595643043518066,0.875248908996582,0.12475121021270752,0.26707807183265686,0.9304993748664856,0.8441542983055115,0.876411497592926
6.0,0.0,0.8747247457504272,0.1252755969762802,0.222060427069664,0.9337078928947449,0.8558241724967957,0.8674113750457764,0.8752357363700867,0.12476442754268646,0.1858755201101303,0.934786856174469,0.8693656325340271,0.866154670715332
6.0,1.0,0.8758411407470703,0.12415846437215805,0.23735760152339935,0.9339081645011902,0.8594022989273071,0.869438111782074,0.8763979077339172,0.12360232323408127,0.20116110146045685,0.9346655011177063,0.8543849587440491,0.8647297024726868
6.0,2.0,0.8763229846954346,0.12367739528417587,0.24564659595489502,0.9327722787857056,0.8578649163246155,0.8694682717323303,0.8815760016441345,0.1184234544634819,0.2178591936826706,0.9387767314910889,0.8596022129058838,0.8749009966850281
6.0,3.0,0.8797191977500916,0.1202811673283577,0.23468837141990662,0.934579610824585,0.86158287525177,0.8728723526000977,0.8733702301979065,0.12662982940673828,0.26024991273880005,0.9321798086166382,0.8446524143218994,0.8668743968009949
6.0,4.0,0.8752690553665161,0.12473052740097046,0.2339266687631607,0.9349654316902161,0.8570865988731384,0.8668667674064636,0.8962999582290649,0.10370035469532013,0.22341223061084747,0.930949866771698,0.8729651570320129,0.8923880457878113
7.0,0.0,0.8794011473655701,0.12059983611106873,0.23445403575897217,0.9339829683303833,0.8615942001342773,0.8728084564208984,0.8788080215454102,0.12119239568710327,0.20818203687667847,0.9350072145462036,0.8726491332054138,0.8694320917129517
7.0,1.0,0.8753784894943237,0.1246209666132927,0.24873103201389313,0.9337934851646423,0.8604893684387207,0.8689501881599426,0.876215934753418,0.12378434091806412,0.25667691230773926,0.9347541928291321,0.8546512722969055,0.8675345778465271
7.0,2.0,0.8822558522224426,0.11774397641420364,0.24536709487438202,0.9333029985427856,0.8642049431800842,0.8754749298095703,0.8810751438140869,0.11892539262771606,0.20911762118339539,0.9386894106864929,0.8734205365180969,0.8741410374641418
7.0,3.0,0.8826696276664734,0.11733045428991318,0.25637543201446533,0.9347987174987793,0.8648775815963745,0.8748423457145691,0.8715651035308838,0.12843433022499084,0.28444382548332214,0.9323508739471436,0.8347893357276917,0.8650131821632385
7.0,4.0,0.8820545673370361,0.1179453656077385,0.2529706358909607,0.9352602362632751,0.8629852533340454,0.8733259439468384,0.897979736328125,0.10202079266309738,0.263708233833313,0.9310188889503479,0.873871922492981,0.8938631415367126
8.0,0.0,0.8796440958976746,0.12035468965768814,0.26760628819465637,0.9341188073158264,0.8647810816764832,0.8735290169715881,0.8830314874649048,0.11696825921535492,0.2777169346809387,0.9350271224975586,0.8581395745277405,0.8734138011932373
8.0,1.0,0.8795455098152161,0.12045565992593765,0.27915158867836,0.9339700937271118,0.8645212054252625,0.8730996251106262,0.8778790235519409,0.12212087213993073,0.32717153429985046,0.9346067905426025,0.8408684730529785,0.8670150637626648
8.0,2.0,0.8852461576461792,0.11475365608930588,0.2716008424758911,0.9333800077438354,0.8665948510169983,0.8776077032089233,0.8886527419090271,0.1113470122218132,0.22148388624191284,0.9390529990196228,0.8738444447517395,0.8817729949951172
8.0,3.0,0.889063835144043,0.11093571782112122,0.26422008872032166,0.9350273013114929,0.8704347610473633,0.8807897567749023,0.8797796964645386,0.12022005021572113,0.29411637783050537,0.9326454997062683,0.8607175946235657,0.8730611205101013
8.0,4.0,0.882675290107727,0.11732523143291473,0.2858896255493164,0.9352658987045288,0.8638095855712891,0.8744170069694519,0.8994312286376953,0.10056879371404648,0.23548050224781036,0.9311553835868835,0.8908671736717224,0.8952028155326843
9.0,0.0,0.8851093649864197,0.11489061266183853,0.30669304728507996,0.9340872764587402,0.8664316534996033,0.8780199289321899,0.8824496865272522,0.117550328373909,0.3258644938468933,0.9349126815795898,0.8575900793075562,0.8726856112480164
9.0,1.0,0.8852953910827637,0.11470499634742737,0.2934066653251648,0.9343046545982361,0.8697472810745239,0.8792405724525452,0.8553932905197144,0.14460676908493042,0.3836438059806824,0.9341577887535095,0.861101508140564,0.8471662402153015
9.0,2.0,0.8853802680969238,0.11461978405714035,0.289218932390213,0.9333955645561218,0.8664281368255615,0.8771347403526306,0.8883219957351685,0.11167792975902557,0.25375568866729736,0.9390251040458679,0.8624451756477356,0.8819835782051086
9.0,3.0,0.8897939324378967,0.11020588874816895,0.28358370065689087,0.9349091053009033,0.8717334866523743,0.8814551830291748,0.8798497915267944,0.12015028297901154,0.3487653136253357,0.932611346244812,0.8584316372871399,0.8728243708610535
9.0,4.0,0.8873584866523743,0.11264137178659439,0.2818654775619507,0.9354864954948425,0.8680481910705566,0.8784875869750977,0.9010438323020935,0.09895613044500351,0.2967689633369446,0.9311915040016174,0.8841284513473511,0.8964892625808716
10.0,0.0,0.8898575305938721,0.11014306545257568,0.2974105477333069,0.9344438314437866,0.8710997104644775,0.8821324110031128,0.887658417224884,0.11234141141176224,0.2915744483470917,0.9351535439491272,0.8670644164085388,0.8778811097145081
10.0,1.0,0.8863332867622375,0.11366685479879379,0.30865830183029175,0.9344300627708435,0.8710094690322876,0.8810606598854065,0.8913549780845642,0.10864493250846863,0.32631629705429077,0.9351694583892822,0.8598292469978333,0.8794046640396118
10.0,2.0,0.8900942802429199,0.1099056527018547,0.3093723952770233,0.9335045218467712,0.8717763423919678,0.8818038702011108,0.8906548023223877,0.10934510827064514,0.24507682025432587,0.939109742641449,0.8774688839912415,0.8835169076919556
10.0,3.0,0.8891522884368896,0.110848069190979,0.31898531317710876,0.9348767399787903,0.8712283372879028,0.8812940120697021,0.8816894888877869,0.11831067502498627,0.2712700366973877,0.9328351616859436,0.880214512348175,0.8746234774589539
10.0,4.0,0.8881776928901672,0.11182323843240738,0.3050180971622467,0.9355193972587585,0.8689217567443848,0.8791267275810242,0.9015840291976929,0.0984162762761116,0.3305776119232178,0.9311944246292114,0.8926411867141724,0.8968498706817627
11.0,0.0,0.8928682208061218,0.10713130235671997,0.31511127948760986,0.9345515966415405,0.874533474445343,0.8850662112236023,0.8898817300796509,0.11011824011802673,0.3281726539134979,0.9352099895477295,0.8649853467941284,0.8800147175788879
11.0,1.0,0.8908592462539673,0.10914134234189987,0.3397682011127472,0.9344773888587952,0.8730685710906982,0.8836989998817444,0.8864979147911072,0.11350184679031372,0.29202893376350403,0.9347642660140991,0.8929983973503113,0.8740537762641907
11.0,2.0,0.8904224038124084,0.1095772311091423,0.3317810297012329,0.9335380792617798,0.8726136088371277,0.882057785987854,0.8724653720855713,0.12753435969352722,0.2768454849720001,0.9389159083366394,0.8891475796699524,0.864667534828186
11.0,3.0,0.8904710412025452,0.10952876508235931,0.3206888437271118,0.9350839853286743,0.8725002408027649,0.8826372623443604,0.8871753215789795,0.11282449960708618,0.32148048281669617,0.9329075813293457,0.8669042587280273,0.8800048828125
11.0,4.0,0.8881242275238037,0.1118759885430336,0.32356956601142883,0.9354780912399292,0.869904637336731,0.8797483444213867,0.9005727171897888,0.09942706674337387,0.3251808285713196,0.9311858415603638,0.8949073553085327,0.8958238363265991
12.0,0.0,0.8893101811408997,0.11068977415561676,0.35134872794151306,0.9342995285987854,0.872967004776001,0.8820507526397705,0.8900936245918274,0.1099063977599144,0.32457128167152405,0.9352588653564453,0.8751667737960815,0.8801956176757812
12.0,1.0,0.8925570845603943,0.10744328796863556,0.3312859833240509,0.9345740079879761,0.8747960329055786,0.8853874802589417,0.8916406035423279,0.10835947841405869,0.3626042604446411,0.9351546764373779,0.8698111772537231,0.8792055249214172
12.0,2.0,0.8908088207244873,0.10919103026390076,0.3494850695133209,0.9334604740142822,0.8717711567878723,0.8827292323112488,0.8918360471725464,0.10816437751054764,0.2922663390636444,0.9391514658927917,0.877258837223053,0.8868354558944702
12.0,3.0,0.8948608040809631,0.10513804107904434,0.3489777445793152,0.9351761937141418,0.8758671879768372,0.8863216042518616,0.8880279660224915,0.11197198927402496,0.36581724882125854,0.9329047203063965,0.8689678311347961,0.8808907866477966
12.0,4.0,0.8909996151924133,0.10900001972913742,0.36403849720954895,0.9354972243309021,0.8709367513656616,0.8817811012268066,0.9036794304847717,0.09632023423910141,0.3414786756038666,0.9312925934791565,0.8920000791549683,0.898754894733429
13.0,0.0,0.8920149207115173,0.1079859584569931,0.3638545274734497,0.9344772696495056,0.8750479221343994,0.8844684958457947,0.890103280544281,0.10989657044410706,0.35516655445098877,0.9352245330810547,0.8664999604225159,0.8802773952484131
13.0,1.0,0.8946696519851685,0.10533019155263901,0.3467971980571747,0.9346274733543396,0.8766298890113831,0.8874360918998718,0.8945074081420898,0.10549230873584747,0.3593240976333618,0.9352348446846008,0.8712587356567383,0.8820988535881042
13.0,2.0,0.8937150239944458,0.10628470033407211,0.377177357673645,0.9335793256759644,0.8746154308319092,0.885189950466156,0.8908097743988037,0.10919011384248734,0.40636470913887024,0.9389737248420715,0.853391170501709,0.8835344314575195
13.0,3.0,0.8952160477638245,0.1047835499048233,0.3730427026748657,0.9351262450218201,0.8763239979743958,0.8866090178489685,0.8880308270454407,0.11196880042552948,0.39122486114501953,0.9327826499938965,0.8636722564697266,0.8807739019393921
13.0,4.0,0.8914933800697327,0.10850697755813599,0.36377039551734924,0.935615599155426,0.8719821572303772,0.8828636407852173,0.9033434987068176,0.09665671736001968,0.449130117893219,0.9311193227767944,0.8709578514099121,0.8986762762069702
14.0,0.0,0.8959954380989075,0.10400442779064178,0.36819690465927124,0.9346101880073547,0.8773060441017151,0.8880246877670288,0.888694703578949,0.11130543053150177,0.3436240553855896,0.9352586269378662,0.8797215223312378,0.8784933090209961
14.0,1.0,0.8944567441940308,0.10554371029138565,0.37687286734580994,0.9346147179603577,0.8762747645378113,0.8877543210983276,0.8961558938026428,0.10384445637464523,0.3942434787750244,0.9352473616600037,0.8726873993873596,0.8836503028869629
14.0,2.0,0.895187258720398,0.10481252521276474,0.3879258930683136,0.9336424469947815,0.875819981098175,0.8865482211112976,0.8973528146743774,0.1026470810174942,0.31754374504089355,0.9392249584197998,0.8814826011657715,0.8900343775749207
14.0,3.0,0.8968322277069092,0.10316747426986694,0.37566566467285156,0.9352146983146667,0.8783663511276245,0.8887836337089539,0.8864884376525879,0.11351148784160614,0.36355704069137573,0.9329518675804138,0.8882956504821777,0.879188597202301
14.0,4.0,0.8931407928466797,0.10685881227254868,0.38232195377349854,0.9356365203857422,0.8734456300735474,0.8838169574737549,0.9075977206230164,0.09240242838859558,0.3779352009296417,0.9313162565231323,0.8954336643218994,0.9028162956237793
15.0,0.0,0.8940615057945251,0.10593749582767487,0.393434077501297,0.934573769569397,0.8766423463821411,0.8871413469314575,0.8922244906425476,0.10777537524700165,0.396232932806015,0.9352750182151794,0.8763365745544434,0.8820552825927734
15.0,1.0,0.895335853099823,0.10466405004262924,0.39292028546333313,0.9346076250076294,0.8768289089202881,0.8880277872085571,0.8208361864089966,0.17916400730609894,0.4398738145828247,0.9328470230102539,0.8839659690856934,0.8080286383628845
15.0,2.0,0.8942722082138062,0.10572866350412369,0.4163351058959961,0.9336270689964294,0.8752581477165222,0.8855774402618408,0.8977401852607727,0.10225987434387207,0.3445899784564972,0.9392341375350952,0.88176429271698,0.8902730941772461
15.0,3.0,0.8989790678024292,0.1010206937789917,0.394240140914917,0.9352743625640869,0.8792543411254883,0.8902825713157654,0.8909322023391724,0.10906828939914703,0.41898995637893677,0.9329225420951843,0.8632732033729553,0.8836572170257568
15.0,4.0,0.8925648331642151,0.10743487626314163,0.4025733172893524,0.9356047511100769,0.8724790215492249,0.8832244873046875,0.9044386744499207,0.09556064754724503,0.39933788776397705,0.9311855435371399,0.9025933146476746,0.8995906114578247
16.0,0.0,0.8982182145118713,0.1017814502120018,0.4055233895778656,0.9346776008605957,0.8786041736602783,0.8901859521865845,0.893034815788269,0.10696546733379364,0.42071905732154846,0.9353022575378418,0.8732655048370361,0.8828817009925842
16.0,1.0,0.8963328003883362,0.10366719961166382,0.4070078134536743,0.9346598386764526,0.8783985376358032,0.8889307975769043,0.8974912762641907,0.10250866413116455,0.4581086337566376,0.9352781772613525,0.8696408271789551,0.8849023580551147
16.0,2.0,0.897018551826477,0.10298169404268265,0.41661718487739563,0.9336930513381958,0.877031683921814,0.8882760405540466,0.8982543349266052,0.10174587368965149,0.3600217401981354,0.9392396807670593,0.8828015923500061,0.8907610177993774
16.0,3.0,0.8986117839813232,0.10138869285583496,0.41170501708984375,0.9352493286132812,0.8790355324745178,0.889813244342804,0.8896550536155701,0.11034514009952545,0.489925354719162,0.932921290397644,0.872340977191925,0.882110059261322
16.0,4.0,0.8936429023742676,0.10635687410831451,0.4102528691291809,0.9356410503387451,0.8733264207839966,0.884302020072937,0.9086183309555054,0.09138184040784836,0.40484705567359924,0.9313364028930664,0.8985087871551514,0.9037313461303711
17.0,0.0,0.8972451686859131,0.10275508463382721,0.4085668623447418,0.9346394538879395,0.8783536553382874,0.8897149562835693,0.894241452217102,0.10575873404741287,0.39403054118156433,0.9353150725364685,0.87620609998703,0.8841314911842346
17.0,1.0,0.89673912525177,0.1032596156001091,0.41446763277053833,0.9346602559089661,0.8781728148460388,0.8892747759819031,0.8968064188957214,0.10319382697343826,0.4810260832309723,0.9352620840072632,0.8607732653617859,0.8842082023620605
17.0,2.0,0.89713454246521,0.10286615788936615,0.4385247826576233,0.9337014555931091,0.8772708773612976,0.8883520364761353,0.8988869190216064,0.10111302137374878,0.40375396609306335,0.9392298460006714,0.8743574023246765,0.891429603099823
17.0,3.0,0.8990780115127563,0.10092128068208694,0.43320003151893616,0.9352399110794067,0.8791847229003906,0.8902814984321594,0.8894176483154297,0.11058221757411957,0.4461882710456848,0.9329619407653809,0.872809648513794,0.8853828310966492
17.0,4.0,0.8880571126937866,0.11194267868995667,0.4558594524860382,0.9354481101036072,0.8722251653671265,0.8789327144622803,0.8900130987167358,0.10998737066984177,0.4463508129119873,0.9310755729675293,0.8981840014457703,0.88445645570755
18.0,0.0,0.8964913487434387,0.10350831598043442,0.4414936900138855,0.93466717004776,0.8763436675071716,0.8882889151573181,0.8930959701538086,0.10690384358167648,0.4728212058544159,0.9352577328681946,0.8604550957679749,0.8829338550567627
18.0,1.0,0.8983516097068787,0.10164797306060791,0.4346131980419159,0.9347051978111267,0.879548192024231,0.8908554911613464,0.8958510160446167,0.1041487604379654,0.40088433027267456,0.9352600574493408,0.8870221972465515,0.8832350969314575
18.0,2.0,0.8985407948493958,0.10145919024944305,0.4549080729484558,0.9337158799171448,0.8783997297286987,0.8897200226783752,0.8977014422416687,0.10229796916246414,0.4041760563850403,0.9391900897026062,0.8803907036781311,0.8901153206825256
18.0,3.0,0.8991969227790833,0.10080292075872421,0.4625342786312103,0.9352328181266785,0.8792943954467773,0.8903474807739258,0.8943774104118347,0.10562263429164886,0.4312540292739868,0.9330171942710876,0.8809861540794373,0.8869580030441284
18.0,4.0,0.894641637802124,0.10535851120948792,0.4619879126548767,0.9356381297111511,0.8751143217086792,0.8857249617576599,0.9100370407104492,0.08996260166168213,0.4661352038383484,0.9313529133796692,0.8943466544151306,0.9060521721839905
19.0,0.0,0.9015931487083435,0.09840638935565948,0.45897725224494934,0.9346438050270081,0.8815760612487793,0.8934853672981262,0.8978645205497742,0.1021357849240303,0.45451927185058594,0.935143768787384,0.8769863247871399,0.8876853585243225
19.0,1.0,0.8981505036354065,0.10184958577156067,0.4579698145389557,0.9345859289169312,0.8792204856872559,0.8906375169754028,0.8990910649299622,0.10090839862823486,0.4889892339706421,0.9352619647979736,0.8780351281166077,0.8863443732261658
19.0,2.0,0.8991487622261047,0.10085099935531616,0.475667268037796,0.9336543679237366,0.8795775771141052,0.8903732299804688,0.9015657901763916,0.09843438118696213,0.4164925515651703,0.9392303228378296,0.8860556483268738,0.8940048217773438
19.0,3.0,0.899870753288269,0.100129134953022,0.4825892746448517,0.9351368546485901,0.8800065517425537,0.8921862244606018,0.8889465928077698,0.11105310171842575,0.5464391112327576,0.9326462149620056,0.8676262497901917,0.8861888647079468
19.0,4.0,0.898705780506134,0.10129380226135254,0.48075994849205017,0.9355651140213013,0.8789694309234619,0.89040607213974,0.908855140209198,0.0911451205611229,0.4816739857196808,0.9313152432441711,0.8933614492416382,0.9058220982551575
20.0,0.0,0.8991134762763977,0.10088596493005753,0.4885093867778778,0.9345908164978027,0.8810433745384216,0.8910783529281616,0.8905413150787354,0.10945876687765121,0.5174326300621033,0.9350062012672424,0.8670796155929565,0.8851801753044128
20.0,1.0,0.9012696146965027,0.09873072057962418,0.4711688458919525,0.934611439704895,0.8818315267562866,0.8936765193939209,0.9017720222473145,0.09822781383991241,0.48070645332336426,0.935206413269043,0.8821237683296204,0.889071524143219
20.0,2.0,0.8990204930305481,0.10097883641719818,0.48812708258628845,0.9336056709289551,0.8788031339645386,0.8907450437545776,0.9039175510406494,0.09608259052038193,0.436532586812973,0.93923020362854,0.8812776803970337,0.8964477181434631
20.0,3.0,0.9035922884941101,0.09640654176473618,0.4788394272327423,0.9352137446403503,0.8831507563591003,0.8946913480758667,0.8976976871490479,0.10230236500501633,0.47508376836776733,0.9328622817993164,0.88569176197052,0.8902919888496399
20.0,4.0,0.895955502986908,0.10404440015554428,0.49096331000328064,0.9355695247650146,0.8777440190315247,0.887415885925293,0.9113195538520813,0.08868058025836945,0.483020544052124,0.9313393235206604,0.8974326252937317,0.906364917755127
21.0,0.0,0.9042021632194519,0.09579846262931824,0.48306623101234436,0.9346951246261597,0.884321928024292,0.8960224986076355,0.8983791470527649,0.10162022709846497,0.4821178615093231,0.935299813747406,0.8741671442985535,0.8881212472915649
21.0,1.0,0.9018872976303101,0.09811234474182129,0.48387011885643005,0.9346553683280945,0.882282018661499,0.8943248391151428,0.9003417491912842,0.09965846687555313,0.5047346353530884,0.9352324604988098,0.8807889223098755,0.8875892758369446
21.0,2.0,0.9019090533256531,0.09809037297964096,0.5021680593490601,0.9336423873901367,0.8809982538223267,0.8930429816246033,0.8954088687896729,0.10459109395742416,0.37805792689323425,0.9392157196998596,0.8987323641777039,0.8899350762367249
21.0,3.0,0.8991402387619019,0.10085979104042053,0.49748483300209045,0.9351551532745361,0.8803697824478149,0.8911862373352051,0.8967637419700623,0.10323591530323029,0.5046014785766602,0.9326863884925842,0.8785926699638367,0.8895345330238342
21.0,4.0,0.9006330370903015,0.09936700016260147,0.4953506588935852,0.9356027841567993,0.8792828321456909,0.8911066651344299,0.912203311920166,0.08779668062925339,0.5044941306114197,0.9313214421272278,0.895347535610199,0.9072579741477966
22.0,0.0,0.9034749269485474,0.09652607142925262,0.49925243854522705,0.934670627117157,0.8834622502326965,0.8952859044075012,0.8985195755958557,0.10148032009601593,0.5275920629501343,0.9351531863212585,0.8716789484024048,0.8882235288619995
22.0,1.0,0.9026386141777039,0.09736187011003494,0.5027864575386047,0.9346497058868408,0.8831170201301575,0.8950185775756836,0.9026042222976685,0.09739576280117035,0.5903892517089844,0.9351767301559448,0.8688341379165649,0.8898481726646423
22.0,2.0,0.9016397595405579,0.09836062788963318,0.5260993838310242,0.9336709380149841,0.8808786273002625,0.892707884311676,0.9052429795265198,0.09475655108690262,0.47113871574401855,0.9392139315605164,0.8856829404830933,0.8976137638092041
22.0,3.0,0.9044350981712341,0.09556464850902557,0.5147508978843689,0.9352631568908691,0.8837155103683472,0.8955106139183044,0.8981902003288269,0.1018093153834343,0.5395145416259766,0.9329971671104431,0.8759017586708069,0.890591025352478
22.0,4.0,0.8993680477142334,0.10063249617815018,0.5153037309646606,0.935641348361969,0.8794137239456177,0.8904001116752625,0.9104182720184326,0.08958154171705246,0.48572835326194763,0.9313374757766724,0.8997470140457153,0.9053919911384583
23.0,0.0,0.9052848219871521,0.09471581131219864,0.5109671950340271,0.9347271919250488,0.8853044509887695,0.8970436453819275,0.8993620276451111,0.10063783079385757,0.5017668604850769,0.9352402687072754,0.8789288997650146,0.8890711069107056
23.0,1.0,0.9023593664169312,0.09763966500759125,0.5155026316642761,0.9346852898597717,0.8838770985603333,0.8947358727455139,0.9043830037117004,0.09561694413423538,0.5211582183837891,0.9352597594261169,0.8819182515144348,0.8915907144546509
23.0,2.0,0.9033558964729309,0.09664376080036163,0.5330251455307007,0.9337084889411926,0.8829494714736938,0.8944022059440613,0.9059962034225464,0.09400392323732376,0.46343994140625,0.9393251538276672,0.8857823014259338,0.8983501195907593
23.0,3.0,0.9038359522819519,0.09616447985172272,0.5237510800361633,0.9352920651435852,0.8838393092155457,0.8948658108711243,0.899509608745575,0.10048973560333252,0.5554661154747009,0.9329760074615479,0.8754919767379761,0.8918988108634949
23.0,4.0,0.9015156626701355,0.09848417341709137,0.5188133716583252,0.9357028007507324,0.8811299204826355,0.8918965458869934,0.9112408757209778,0.0887584313750267,0.5065356492996216,0.9313546419143677,0.896327555179596,0.9061960577964783
24.0,0.0,0.9011585116386414,0.0988423302769661,0.5154820680618286,0.9347143769264221,0.8826712369918823,0.8941166996955872,0.8994427919387817,0.1005571186542511,0.5150529146194458,0.935326874256134,0.8802213072776794,0.8891777396202087
24.0,1.0,0.9045425057411194,0.09545769542455673,0.5129029154777527,0.9347643852233887,0.8852817416191101,0.896888792514801,0.904426097869873,0.09557357430458069,0.513028085231781,0.9353513121604919,0.8861182332038879,0.8915619254112244
24.0,2.0,0.9039185643196106,0.09608078747987747,0.5376726984977722,0.9337432384490967,0.8830788135528564,0.8949814438819885,0.906474769115448,0.09352520853281021,0.5158649682998657,0.9393162727355957,0.8805810809135437,0.8988434076309204
24.0,3.0,0.9044120907783508,0.09558837115764618,0.533069372177124,0.9353052973747253,0.884951651096344,0.8958907723426819,0.8995038270950317,0.10049605369567871,0.5672371983528137,0.9329572916030884,0.8714205026626587,0.8919485807418823
24.0,4.0,0.9029528498649597,0.09704704582691193,0.5133118033409119,0.9357882142066956,0.8826342821121216,0.8933847546577454,0.9015454053878784,0.09845457226037979,0.7785388827323914,0.930921733379364,0.8659704923629761,0.8964554071426392
25.0,0.0,0.9059959650039673,0.0940040573477745,0.5355421304702759,0.9347580671310425,0.8861783742904663,0.8977277278900146,0.9002112746238708,0.09978891164064407,0.5682379007339478,0.9352895021438599,0.8730930685997009,0.8898943662643433
25.0,1.0,0.9044859409332275,0.09551405906677246,0.526943564414978,0.9347681403160095,0.8854489922523499,0.8968191742897034,0.9040110111236572,0.09598884731531143,0.5103673338890076,0.9353942275047302,0.891474723815918,0.8912367820739746
25.0,2.0,0.9023518562316895,0.0976477786898613,0.5573589205741882,0.9337177872657776,0.8813236355781555,0.8933946490287781,0.9054774641990662,0.0945223942399025,0.515891969203949,0.9391934871673584,0.8838405609130859,0.897802472114563
25.0,3.0,0.905984103679657,0.09401609748601913,0.5434028506278992,0.9353450536727905,0.8856498003005981,0.8969793319702148,0.8949673175811768,0.10503286123275757,0.6716899275779724,0.9328526258468628,0.8607761263847351,0.8873288631439209
25.0,4.0,0.9028515219688416,0.09714861214160919,0.5478560328483582,0.935741662979126,0.8818475008010864,0.8932232856750488,0.9114871621131897,0.08851313591003418,0.6015071868896484,0.9313608407974243,0.8850296139717102,0.9063535928726196
26.0,0.0,0.9053469300270081,0.09465233236551285,0.5465584397315979,0.9347757697105408,0.8860272169113159,0.8976278901100159,0.899168848991394,0.10083094984292984,0.5521542429924011,0.9353029131889343,0.8808650374412537,0.8888366222381592
26.0,1.0,0.9051148295402527,0.09488482773303986,0.5453965067863464,0.9347747564315796,0.8858546614646912,0.8974317908287048,0.9062996506690979,0.09370008856058121,0.5756518840789795,0.9354307651519775,0.8767732977867126,0.893391489982605
26.0,2.0,0.9041370153427124,0.09586361050605774,0.5779980421066284,0.9337793588638306,0.8839238286018372,0.8951300382614136,0.9075782895088196,0.09242162853479385,0.5031484365463257,0.9393532872200012,0.8899471759796143,0.8998535871505737
26.0,3.0,0.9043530225753784,0.0956479012966156,0.5526039600372314,0.9353350400924683,0.8846518993377686,0.8953830599784851,0.9009991884231567,0.09900069236755371,0.6032475829124451,0.9330613613128662,0.8760238885879517,0.8934245705604553
26.0,4.0,0.9036349058151245,0.09636522084474564,0.5428263545036316,0.9358259439468384,0.88313227891922,0.8940192461013794,0.9111223220825195,0.088877834379673,0.5566058158874512,0.9313957691192627,0.8978362679481506,0.9081242084503174
27.0,0.0,0.9055982828140259,0.09440260380506516,0.5550549626350403,0.9347952008247375,0.886628270149231,0.8978756666183472,0.9010690450668335,0.09893092513084412,0.5212101340293884,0.9354469776153564,0.8825817704200745,0.8906612992286682
27.0,1.0,0.9056288599967957,0.09437067806720734,0.5461224317550659,0.9348149299621582,0.8868361711502075,0.8979102969169617,0.9068101644515991,0.0931895449757576,0.5836918354034424,0.9354373812675476,0.8800390958786011,0.8940075635910034
27.0,2.0,0.9045534133911133,0.09544705599546432,0.5758938193321228,0.9338093996047974,0.8843604326248169,0.8955357670783997,0.9065922498703003,0.09340772032737732,0.5055712461471558,0.9393340945243835,0.8859336972236633,0.8988418579101562
27.0,3.0,0.9059353470802307,0.0940646305680275,0.5579455494880676,0.9353765845298767,0.8864299058914185,0.8969731330871582,0.8955668210983276,0.10443336516618729,0.6905185580253601,0.9328681826591492,0.8546415567398071,0.8879385590553284
27.0,4.0,0.9027089476585388,0.09729038178920746,0.559551477432251,0.9357944130897522,0.8820281028747559,0.8930593132972717,0.9103868007659912,0.08961358666419983,0.5595289468765259,0.9313951730728149,0.8974105715751648,0.9075517654418945
28.0,0.0,0.9059614539146423,0.09403829276561737,0.5592410564422607,0.9348003268241882,0.8864114880561829,0.8976404070854187,0.9020252227783203,0.09797478467226028,0.5669258236885071,0.9353451728820801,0.8797619342803955,0.8918887972831726
28.0,1.0,0.9040236473083496,0.0959758460521698,0.5544625520706177,0.9347424507141113,0.8852763175964355,0.8969042897224426,0.9069777727127075,0.09302201867103577,0.5579598546028137,0.9354255795478821,0.8844122290611267,0.8941700458526611
28.0,2.0,0.9052900075912476,0.09470921009778976,0.5751819014549255,0.9337949156761169,0.8846193552017212,0.8962582349777222,0.907714307308197,0.09228577464818954,0.5144206285476685,0.9393810629844666,0.8874648809432983,0.900030791759491
28.0,3.0,0.906099259853363,0.0939006507396698,0.5741076469421387,0.9353690147399902,0.8854598999023438,0.897066056728363,0.9022024869918823,0.09779712557792664,0.5838416814804077,0.933088481426239,0.8788289427757263,0.894548773765564
28.0,4.0,0.9014866948127747,0.09851377457380295,0.55809086561203,0.9357818961143494,0.882930338382721,0.8923009037971497,0.911116898059845,0.08888278901576996,0.5603180527687073,0.9313930869102478,0.8962484002113342,0.905880868434906
29.0,0.0,0.9068766236305237,0.09312338382005692,0.5558379888534546,0.9348337650299072,0.8876246213912964,0.8985400795936584,0.9004270434379578,0.09957326948642731,0.5280709266662598,0.9354473948478699,0.8865562677383423,0.8899531960487366
29.0,1.0,0.9060648679733276,0.09393492341041565,0.5686817765235901,0.9348319172859192,0.8872512578964233,0.8983281850814819,0.9073532819747925,0.09264717251062393,0.5510676503181458,0.935460090637207,0.8894553780555725,0.8944866061210632
29.0,2.0,0.9061042666435242,0.09389613568782806,0.5848652720451355,0.9338536858558655,0.8858979344367981,0.8970811367034912,0.9055862426757812,0.09441383928060532,0.6150279641151428,0.9393611550331116,0.8745747208595276,0.897863507270813
29.0,3.0,0.9068767428398132,0.09312320500612259,0.5772739052772522,0.9354302287101746,0.8873672485351562,0.8978316783905029,0.9011449217796326,0.09885504096746445,0.5539189577102661,0.9330772161483765,0.8925253748893738,0.8934580087661743
29.0,4.0,0.9044055938720703,0.09559424221515656,0.5820647478103638,0.9358572959899902,0.8850182294845581,0.8947318196296692,0.9116882085800171,0.08831118792295456,0.6546383500099182,0.931365430355072,0.8873840570449829,0.9076335430145264
30.0,0.0,0.9086229205131531,0.0913771241903305,0.5769850015640259,0.9348613023757935,0.8892343640327454,0.9003027677536011,0.9029983282089233,0.09700139611959457,0.5720570087432861,0.9354862570762634,0.8809341192245483,0.8925489187240601
30.0,1.0,0.907550573348999,0.09244891256093979,0.5686292052268982,0.9348761439323425,0.8887653350830078,0.8998074531555176,0.9089454412460327,0.09105503559112549,0.5833412408828735,0.9355505704879761,0.8866211771965027,0.8961188793182373
30.0,2.0,0.9076423645019531,0.09235721081495285,0.5842171907424927,0.9339123368263245,0.8879466652870178,0.8986175656318665,0.9091873168945312,0.0908125713467598,0.5165981650352478,0.939447283744812,0.8927802443504333,0.901415228843689
30.0,3.0,0.9090882539749146,0.09091239422559738,0.5700932145118713,0.935490608215332,0.8895491361618042,0.9000580906867981,0.9041118621826172,0.09588795155286789,0.5995533466339111,0.933159351348877,0.8837836980819702,0.8964315056800842
30.0,4.0,0.906619668006897,0.09338085353374481,0.5690604448318481,0.9359225630760193,0.8867437243461609,0.8969407081604004,0.9144278168678284,0.08557218313217163,0.5979478359222412,0.9314331412315369,0.8979898691177368,0.9093090891838074
31.0,0.0,0.9093875885009766,0.0906127542257309,0.5782684683799744,0.9349044561386108,0.8902673721313477,0.9010327458381653,0.9038565158843994,0.09614324569702148,0.5623177886009216,0.9355456233024597,0.8858011960983276,0.8934450745582581
31.0,1.0,0.9080405831336975,0.09195845574140549,0.575619637966156,0.934904932975769,0.8896937370300293,0.9002984166145325,0.9094057083129883,0.09059420228004456,0.5839269757270813,0.9355645179748535,0.8889304995536804,0.8965631127357483
31.0,2.0,0.908109188079834,0.09189080446958542,0.5905801653862,0.9339394569396973,0.8888304829597473,0.8990873098373413,0.9096366763114929,0.09036321938037872,0.5369285345077515,0.9394540786743164,0.8902189135551453,0.9019239544868469
31.0,3.0,0.9094803333282471,0.09051934629678726,0.5764607787132263,0.9355016946792603,0.8901229500770569,0.9004442095756531,0.9045171141624451,0.09548300504684448,0.5875776410102844,0.9331859946250916,0.887268602848053,0.8968394994735718
31.0,4.0,0.9070332646369934,0.09296640008687973,0.5736154317855835,0.9359450340270996,0.8872767090797424,0.8973705768585205,0.9145641326904297,0.08543577045202255,0.603621244430542,0.9314358830451965,0.8984684944152832,0.9094386100769043
32.0,0.0,0.9096238017082214,0.09037642180919647,0.5831348896026611,0.9349167943000793,0.8906656503677368,0.9012869596481323,0.9044970870018005,0.0955025926232338,0.5760751962661743,0.9355701804161072,0.8850891590118408,0.894095778465271
32.0,1.0,0.9083515405654907,0.0916481763124466,0.5813482403755188,0.9349158406257629,0.8899570107460022,0.9006195068359375,0.9096029996871948,0.0903971716761589,0.5969240665435791,0.935560941696167,0.8872904181480408,0.896735429763794
32.0,2.0,0.9083714485168457,0.09162785112857819,0.595509946346283,0.9339458346366882,0.8890061974525452,0.8993650674819946,0.9098377823829651,0.09016237407922745,0.5333730578422546,0.9394668936729431,0.8921295404434204,0.9021270871162415
32.0,3.0,0.909663736820221,0.09033605456352234,0.5830824375152588,0.9355073571205139,0.8901494145393372,0.9006271958351135,0.9046979546546936,0.09530217945575714,0.6012818813323975,0.9332095384597778,0.8860529661178589,0.8970490097999573
32.0,4.0,0.9072391390800476,0.09276148676872253,0.5792397260665894,0.9359537959098816,0.8875510692596436,0.8975869417190552,0.9146521687507629,0.08534792065620422,0.6110499501228333,0.9314364194869995,0.8981528282165527,0.9095388054847717
33.0,0.0,0.9097599387168884,0.09023992717266083,0.5886676907539368,0.934919536113739,0.8908057808876038,0.9014268517494202,0.9046961069107056,0.09530378133058548,0.5845019221305847,0.9355782270431519,0.884430468082428,0.8942974805831909
33.0,1.0,0.9084991216659546,0.09150063246488571,0.5852618217468262,0.9349217414855957,0.8901038765907288,0.9007748365402222,0.9097490906715393,0.09025096893310547,0.5908176898956299,0.9355692267417908,0.8889845609664917,0.8969274759292603
33.0,2.0,0.90850430727005,0.09149529039859772,0.5985676050186157,0.9339513778686523,0.8892322182655334,0.8994994759559631,0.9099957346916199,0.09000448137521744,0.5417847633361816,0.9394701719284058,0.8914299607276917,0.9023033380508423
33.0,3.0,0.9098003506660461,0.09019917249679565,0.585150957107544,0.9355137348175049,0.8902336359024048,0.9007812738418579,0.9048833847045898,0.09511648863554001,0.6001220345497131,0.9332124590873718,0.8869267702102661,0.8972336053848267
33.0,4.0,0.9073337316513062,0.09266555309295654,0.5826797485351562,0.9359554052352905,0.8876059055328369,0.8976742625236511,0.9147555232048035,0.08524461090564728,0.6208399534225464,0.9314378499984741,0.8973706364631653,0.9096548557281494
34.0,0.0,0.9098813533782959,0.09011899679899216,0.5913337469100952,0.9349234700202942,0.8909714818000793,0.9015522003173828,0.9048177003860474,0.09518199414014816,0.5887852311134338,0.9355850219726562,0.8841874599456787,0.8944268226623535
34.0,1.0,0.9086255431175232,0.09137450903654099,0.5887976884841919,0.934922993183136,0.8902154564857483,0.9009001851081848,0.9098702669143677,0.09012982249259949,0.600121021270752,0.9355729818344116,0.8883078694343567,0.8970616459846497
34.0,2.0,0.9086155295372009,0.09138496965169907,0.603668749332428,0.933954119682312,0.8893596529960632,0.8996244072914124,0.9101242423057556,0.08987565338611603,0.5491125583648682,0.9394708871841431,0.8909304738044739,0.9024239778518677
34.0,3.0,0.9098927974700928,0.09010829776525497,0.5896762609481812,0.9355174899101257,0.8905110955238342,0.9008727073669434,0.9049930572509766,0.0950065329670906,0.6078583598136902,0.9332155585289001,0.8866862058639526,0.897361695766449
34.0,4.0,0.9074825644493103,0.0925179198384285,0.5868182182312012,0.9359623193740845,0.8877314329147339,0.8978404998779297,0.9147828221321106,0.08521725982427597,0.6282925605773926,0.9314389824867249,0.8972502946853638,0.9096428155899048
35.0,0.0,0.9099910855293274,0.09000950306653976,0.5964829325675964,0.9349278211593628,0.8910549283027649,0.9016686081886292,0.9049091339111328,0.09509072452783585,0.5889660716056824,0.9355912804603577,0.8851323127746582,0.8945260047912598
35.0,1.0,0.9087439179420471,0.09125655144453049,0.59189373254776,0.9349295496940613,0.8904319405555725,0.9010246396064758,0.9099507331848145,0.09004907310009003,0.6053438782691956,0.9355741143226624,0.8881242871284485,0.8971875309944153
35.0,2.0,0.9086803793907166,0.09131873399019241,0.6074831485748291,0.9339603781700134,0.8894861340522766,0.899689257144928,0.910165548324585,0.08983480930328369,0.5411398410797119,0.9394761919975281,0.8929930329322815,0.9024693369865417
35.0,3.0,0.9100043177604675,0.08999509364366531,0.5946494340896606,0.935520589351654,0.890567421913147,0.9009947776794434,0.9051371216773987,0.09486287087202072,0.6047269105911255,0.933226466178894,0.8880021572113037,0.8974761366844177
35.0,4.0,0.9075798988342285,0.09242043644189835,0.5902931690216064,0.9359681606292725,0.8879590630531311,0.8979368805885315,0.9148726463317871,0.08512764424085617,0.6269932985305786,0.931439220905304,0.8982319235801697,0.909736156463623
36.0,0.0,0.9100723266601562,0.08992818742990494,0.6001408696174622,0.934929609298706,0.8911550045013428,0.9017518162727356,0.9050427079200745,0.0949573963880539,0.5919466614723206,0.9355985522270203,0.8852053284645081,0.89463871717453
36.0,1.0,0.9088232517242432,0.09117574244737625,0.5968941450119019,0.9349360466003418,0.8905574083328247,0.9011050462722778,0.9100440740585327,0.08995571732521057,0.605776846408844,0.9355732202529907,0.8887339234352112,0.8972264528274536
36.0,2.0,0.9087771773338318,0.09122219681739807,0.6121962666511536,0.9339642524719238,0.8896324038505554,0.899779736995697,0.9102298617362976,0.08976984769105911,0.5505507588386536,0.9394780397415161,0.8919674754142761,0.9025452733039856
36.0,3.0,0.9100781679153442,0.08992133289575577,0.5980989933013916,0.9355219602584839,0.8906731009483337,0.9010511636734009,0.9052687883377075,0.09473136067390442,0.6095263361930847,0.9332316517829895,0.8875569105148315,0.8976215720176697
36.0,4.0,0.9076632857322693,0.09233680367469788,0.5939395427703857,0.9359738230705261,0.8880341649055481,0.8980121612548828,0.9149565696716309,0.08504313230514526,0.6268872022628784,0.9314420223236084,0.8985995054244995,0.9098469614982605
37.0,0.0,0.9101446270942688,0.08985497802495956,0.6030946969985962,0.934931755065918,0.8913593888282776,0.9018133878707886,0.9050760269165039,0.09492404758930206,0.5915427207946777,0.9356191158294678,0.8865913152694702,0.8946815729141235
37.0,1.0,0.9089035391807556,0.09109700471162796,0.6008949875831604,0.9349387884140015,0.8907655477523804,0.9011767506599426,0.9097486138343811,0.09025115519762039,0.6209980249404907,0.9355555772781372,0.886695921421051,0.8969418406486511
37.0,2.0,0.9088609218597412,0.09113951772451401,0.6149953603744507,0.9339669346809387,0.8898839950561523,0.8998621106147766,0.9103943109512329,0.08960597962141037,0.5580364465713501,0.939477264881134,0.891476035118103,0.9026727676391602
37.0,3.0,0.9101555347442627,0.08984439074993134,0.601323127746582,0.9355276226997375,0.8907653093338013,0.901134729385376,0.9052103757858276,0.09479018300771713,0.6354283094406128,0.9332297444343567,0.8847556114196777,0.8975367546081543
37.0,4.0,0.9077645540237427,0.09223437309265137,0.5975751280784607,0.935976505279541,0.8882535696029663,0.8981201648712158,0.9149827361106873,0.08501733094453812,0.6325815320014954,0.9314407110214233,0.8984933495521545,0.9098768830299377
38.0,0.0,0.9102285504341125,0.08977016806602478,0.6072617769241333,0.9349347949028015,0.89137864112854,0.9019047617912292,0.9052543640136719,0.09474515914916992,0.5937367677688599,0.9356175661087036,0.886741042137146,0.8948232531547546
38.0,1.0,0.9090403318405151,0.09096091985702515,0.6031547784805298,0.934946596622467,0.8910473585128784,0.9013344645500183,0.9101604223251343,0.08983991295099258,0.6144185066223145,0.935574471950531,0.8884264230728149,0.8973695635795593
38.0,2.0,0.908991813659668,0.09100925922393799,0.6200486421585083,0.9339723587036133,0.8901735544204712,0.9000011086463928,0.9104501008987427,0.08955010026693344,0.5561931729316711,0.9394779205322266,0.8924619555473328,0.9027513265609741
38.0,3.0,0.9102134108543396,0.08978606015443802,0.6039639115333557,0.9355279207229614,0.8910515904426575,0.9011765122413635,0.905437171459198,0.09456294029951096,0.6154730916023254,0.9332466721534729,0.8887006640434265,0.897797703742981
38.0,4.0,0.90782630443573,0.09217410534620285,0.5998845100402832,0.935978889465332,0.8885164856910706,0.898176372051239,0.9150501489639282,0.08494953066110611,0.6334381103515625,0.9314409494400024,0.8988512754440308,0.9099318385124207
39.0,0.0,0.9103126525878906,0.08968668431043625,0.6108394265174866,0.9349353313446045,0.8914975523948669,0.9019758701324463,0.9054458737373352,0.09455430507659912,0.5993785262107849,0.9356243014335632,0.8867458701133728,0.895042896270752
39.0,1.0,0.9091167449951172,0.09088387340307236,0.6072585582733154,0.9349489212036133,0.8913396596908569,0.901394784450531,0.910189688205719,0.08981037139892578,0.6199468970298767,0.9355789422988892,0.888592004776001,0.8973705768585205
39.0,2.0,0.9090442657470703,0.09095562994480133,0.6233734488487244,0.9339738488197327,0.8902276754379272,0.9000308513641357,0.9105160236358643,0.0894838497042656,0.5632839798927307,0.9394821524620056,0.8920074701309204,0.9028109312057495
39.0,3.0,0.9103032946586609,0.08969699591398239,0.6082590222358704,0.9355307221412659,0.8912813067436218,0.90129154920578,0.9055737257003784,0.09442662447690964,0.6241121292114258,0.9332475662231445,0.8883740305900574,0.8979193568229675
39.0,4.0,0.9079340696334839,0.09206579625606537,0.6045898199081421,0.9359817504882812,0.8887234330177307,0.8982818126678467,0.9150729775428772,0.08492693305015564,0.6515602469444275,0.931441605091095,0.897223174571991,0.9099463224411011
40.0,0.0,0.9103855490684509,0.08961464464664459,0.6141796708106995,0.9349395632743835,0.8917680382728577,0.9020581841468811,0.9055134057998657,0.09448635578155518,0.6052452325820923,0.9356282353401184,0.887243926525116,0.8951305150985718
40.0,1.0,0.9092078804969788,0.09079217165708542,0.6120057106018066,0.9349513649940491,0.8915022015571594,0.9014895558357239,0.9102741479873657,0.08972581475973129,0.6208961606025696,0.9355784058570862,0.8889452815055847,0.8974362015724182
40.0,2.0,0.9091388583183289,0.09086112678050995,0.6269111037254333,0.933976948261261,0.8906218409538269,0.9001463055610657,0.9105715155601501,0.08942817151546478,0.5674965977668762,0.9394837021827698,0.8922550678253174,0.9028787612915039
40.0,3.0,0.9103624224662781,0.08963845670223236,0.6127001047134399,0.9355300664901733,0.8912948966026306,0.9013378024101257,0.9056718349456787,0.09432805329561234,0.6198810935020447,0.9332555532455444,0.8905369639396667,0.8980095982551575
40.0,4.0,0.9080237150192261,0.09197615087032318,0.6095023155212402,0.9359859228134155,0.8892274498939514,0.898386538028717,0.9150722026824951,0.08492833375930786,0.658729612827301,0.9314407706260681,0.8966183066368103,0.9099539518356323
41.0,0.0,0.9104235172271729,0.08957662433385849,0.6194525957107544,0.9349389672279358,0.8918478488922119,0.9020949006080627,0.9056336283683777,0.0943666398525238,0.6119440793991089,0.9356285929679871,0.8870140910148621,0.8952386379241943
41.0,1.0,0.909269392490387,0.09073120355606079,0.6155444979667664,0.9349526166915894,0.8916681408882141,0.9015503525733948,0.910290539264679,0.08970952779054642,0.6275320053100586,0.9355738759040833,0.8886187672615051,0.8974480032920837
41.0,2.0,0.9091683030128479,0.09083163738250732,0.6306567788124084,0.9339773058891296,0.8907342553138733,0.9001710414886475,0.9106155037879944,0.08938420563936234,0.5675283670425415,0.939482569694519,0.8924717903137207,0.9028928279876709
41.0,3.0,0.9104265570640564,0.08957308530807495,0.6156750321388245,0.9355334639549255,0.8915049433708191,0.9014168381690979,0.9057563543319702,0.09424356371164322,0.6306165456771851,0.933255672454834,0.8891264200210571,0.8981303572654724
41.0,4.0,0.9080882668495178,0.0919119119644165,0.6118952631950378,0.9359861612319946,0.889220654964447,0.8984365463256836,0.9151879549026489,0.0848119780421257,0.6481561064720154,0.9314420223236084,0.8989838361740112,0.9100770950317383
42.0,0.0,0.9104886651039124,0.08951087296009064,0.6223509311676025,0.9349412322044373,0.8921980261802673,0.9021692276000977,0.9056414365768433,0.09435836970806122,0.6125056743621826,0.9356273412704468,0.8871491551399231,0.8952529430389404
42.0,1.0,0.909307599067688,0.09069216251373291,0.6189970970153809,0.9349535703659058,0.8917293548583984,0.901580810546875,0.9103870391845703,0.08961281180381775,0.6320568323135376,0.9355782270431519,0.8881889581680298,0.8975561261177063
42.0,2.0,0.9092597961425781,0.09074059128761292,0.6345462799072266,0.9339789748191833,0.8909648060798645,0.9002563953399658,0.9106550812721252,0.08934520184993744,0.5813803672790527,0.9394856691360474,0.8913079500198364,0.9029475450515747
42.0,3.0,0.9104359149932861,0.08956403285264969,0.6201863288879395,0.9355318546295166,0.8914363384246826,0.9014042615890503,0.9058507680892944,0.09414919465780258,0.6302594542503357,0.9332598447799683,0.8908143043518066,0.8981924057006836
42.0,4.0,0.9081580638885498,0.09184234589338303,0.6163555383682251,0.9359871745109558,0.8894332647323608,0.8985111713409424,0.9152219891548157,0.08477815985679626,0.6537215113639832,0.9314417839050293,0.8987537622451782,0.9100878238677979
43.0,0.0,0.9105444550514221,0.08945442736148834,0.6259053945541382,0.9349406957626343,0.8921143412590027,0.9022149443626404,0.9055989980697632,0.09440088272094727,0.6274673342704773,0.9356282353401184,0.885769248008728,0.8951688408851624
43.0,1.0,0.9093696475028992,0.09063100814819336,0.6224191784858704,0.9349539875984192,0.8919954299926758,0.9016481041908264,0.9104227423667908,0.08957722038030624,0.6367896199226379,0.9355776309967041,0.8880821466445923,0.8975887894630432
43.0,2.0,0.9093072414398193,0.09069304168224335,0.6383755207061768,0.933978796005249,0.8910732269287109,0.9002954959869385,0.9107271432876587,0.08927285671234131,0.581770658493042,0.9394834637641907,0.8916358351707458,0.903005063533783
43.0,3.0,0.9104986786842346,0.08950111269950867,0.6236655712127686,0.9355343580245972,0.891572117805481,0.9014672040939331,0.9058935642242432,0.09410678595304489,0.6383916735649109,0.9332585334777832,0.8896390199661255,0.8982349634170532
43.0,4.0,0.9081968665122986,0.0918024554848671,0.6188046932220459,0.9359872341156006,0.8895459771156311,0.8985410332679749,0.9152025580406189,0.0847969576716423,0.6691290736198425,0.9314404726028442,0.897185742855072,0.9100626707077026
44.0,0.0,0.9105725884437561,0.08942817896604538,0.6293899416923523,0.9349403977394104,0.8922151327133179,0.9022314548492432,0.9057685732841492,0.0942310318350792,0.6185628771781921,0.9356294274330139,0.8878318071365356,0.8953681588172913
44.0,1.0,0.9094288349151611,0.09057038277387619,0.625876784324646,0.9349554777145386,0.8921275734901428,0.9016980528831482,0.9103860855102539,0.08961399644613266,0.6434091925621033,0.9355749487876892,0.887316107749939,0.897561252117157
44.0,2.0,0.9093311429023743,0.09066840261220932,0.641810953617096,0.9339802265167236,0.8909937739372253,0.9003134965896606,0.9107932448387146,0.08920621126890182,0.5824202299118042,0.9394875764846802,0.8921384811401367,0.9030800461769104
44.0,3.0,0.9105554819107056,0.08944492787122726,0.6272088885307312,0.9355341792106628,0.891729474067688,0.9015250205993652,0.9059696197509766,0.09403057396411896,0.6431002020835876,0.9332616925239563,0.889866292476654,0.8983296751976013
44.0,4.0,0.90823894739151,0.0917600616812706,0.6231933832168579,0.9359894394874573,0.8896042108535767,0.8985850214958191,0.9152556657791138,0.08474466949701309,0.6553345322608948,0.9314422607421875,0.899712860584259,0.9101336002349854
45.0,0.0,0.9106432795524597,0.0893569216132164,0.6327405571937561,0.9349437355995178,0.8922805190086365,0.9023016095161438,0.905697762966156,0.09430210292339325,0.6227695941925049,0.9356295466423035,0.8884398937225342,0.8952637314796448
45.0,1.0,0.909468412399292,0.09053073823451996,0.629012942314148,0.9349552392959595,0.8922607898712158,0.9017276763916016,0.9104652404785156,0.08953465521335602,0.643537163734436,0.935577392578125,0.888096034526825,0.8976020812988281
45.0,2.0,0.9093791246414185,0.09062039852142334,0.6454286575317383,0.9339804649353027,0.8912166357040405,0.9003680944442749,0.9108489751815796,0.0891508087515831,0.585064709186554,0.9394893050193787,0.892340362071991,0.9031076431274414
45.0,3.0,0.9106119275093079,0.08938802033662796,0.6298453211784363,0.9355360269546509,0.8917434215545654,0.9015814661979675,0.9059059619903564,0.09409356862306595,0.6501123905181885,0.9332590103149414,0.8893798589706421,0.8982782363891602
45.0,4.0,0.9082653522491455,0.09173460304737091,0.626724123954773,0.9359878897666931,0.8896464109420776,0.8986020684242249,0.9153046011924744,0.08469481021165848,0.659476101398468,0.9314435720443726,0.8995988368988037,0.9101697206497192
46.0,0.0,0.9106894731521606,0.08930966258049011,0.6361708045005798,0.9349443316459656,0.8924306035041809,0.9023482203483582,0.9058524370193481,0.09414726495742798,0.6248095631599426,0.9356307983398438,0.8881992697715759,0.8954623937606812
46.0,1.0,0.9094893336296082,0.0905102863907814,0.6327783465385437,0.934954822063446,0.892092227935791,0.9017467498779297,0.9105204939842224,0.08947993069887161,0.641573965549469,0.9355791807174683,0.8889934420585632,0.8976765275001526
46.0,2.0,0.909437894821167,0.09056144207715988,0.6484535336494446,0.9339802861213684,0.8912805914878845,0.9004225134849548,0.9108781218528748,0.08912187069654465,0.582082986831665,0.9394896030426025,0.893360435962677,0.9031511545181274
46.0,3.0,0.9106464385986328,0.0893535166978836,0.6342687606811523,0.9355353116989136,0.8918492197990417,0.9016137719154358,0.9059745669364929,0.09402564913034439,0.646971583366394,0.9332627058029175,0.8909153342247009,0.8983084559440613
46.0,4.0,0.9083040356636047,0.09169591218233109,0.6288989186286926,0.9359906315803528,0.8897005319595337,0.8986367583274841,0.9153215885162354,0.08467832207679749,0.6678519248962402,0.9314420819282532,0.8990191221237183,0.9101921916007996
47.0,0.0,0.9106624722480774,0.08933716267347336,0.6398409008979797,0.9349424242973328,0.8924198746681213,0.9023240804672241,0.905907392501831,0.09409227222204208,0.629189670085907,0.9356314539909363,0.887657880783081,0.8955038785934448
47.0,1.0,0.9095577001571655,0.09044164419174194,0.6347772479057312,0.93495774269104,0.8922559022903442,0.9018219113349915,0.9105544686317444,0.08944512903690338,0.6420612335205078,0.9355794191360474,0.8891770243644714,0.8977081179618835
47.0,2.0,0.9094546437263489,0.09054558724164963,0.6512399911880493,0.9339824914932251,0.8913230299949646,0.9004309177398682,0.9109696745872498,0.08903057873249054,0.5913686156272888,0.9394886493682861,0.892449140548706,0.9032256007194519
47.0,3.0,0.9106687903404236,0.08933113515377045,0.6359851360321045,0.9355345964431763,0.8918501734733582,0.9016308784484863,0.9061062932014465,0.0938938558101654,0.6592848300933838,0.9332631826400757,0.8893988728523254,0.898444414138794
47.0,4.0,0.9083637595176697,0.09163631498813629,0.6329005360603333,0.9359906315803528,0.8898414969444275,0.8986964821815491,0.9153378009796143,0.08466238528490067,0.6685672998428345,0.9314433336257935,0.8993000388145447,0.910192608833313
48.0,0.0,0.910748302936554,0.0892520397901535,0.6423478722572327,0.9349449276924133,0.8925261497497559,0.9023991823196411,0.905910849571228,0.09408900886774063,0.6315802335739136,0.9356316924095154,0.8882560133934021,0.8954814672470093
48.0,1.0,0.9095648527145386,0.0904339998960495,0.6395800709724426,0.9349551796913147,0.8922144174575806,0.9018257856369019,0.9105181694030762,0.08948169648647308,0.6503809094429016,0.9355801939964294,0.8885748386383057,0.897678017616272
48.0,2.0,0.9094882607460022,0.09051099419593811,0.6551816463470459,0.93398118019104,0.8913231492042542,0.9004736542701721,0.9109363555908203,0.08906327933073044,0.5865537524223328,0.9394895434379578,0.893618106842041,0.9031962752342224
48.0,3.0,0.910697340965271,0.08930284529924393,0.6408810615539551,0.9355348348617554,0.8916653394699097,0.9016504287719727,0.905992329120636,0.0940077155828476,0.6540890336036682,0.9332563877105713,0.8902568221092224,0.898328959941864
48.0,4.0,0.9083987474441528,0.09160132706165314,0.6356651782989502,0.9359902739524841,0.8898476362228394,0.8987270593643188,0.9153252840042114,0.08467501401901245,0.6912704110145569,0.9314429759979248,0.8969829678535461,0.9101753830909729
49.0,0.0,0.910781979560852,0.08921780437231064,0.6473389267921448,0.9349444508552551,0.8925352096557617,0.9024349451065063,0.905945897102356,0.09405439347028732,0.6327884197235107,0.9356333017349243,0.8891032934188843,0.8955284953117371
49.0,1.0,0.9096068739891052,0.09039350599050522,0.6437278389930725,0.93495774269104,0.892516016960144,0.9018473029136658,0.9106440544128418,0.08935621380805969,0.6519873738288879,0.9355807900428772,0.8891750574111938,0.8978040814399719
49.0,2.0,0.909546434879303,0.09045326709747314,0.6590588092803955,0.9339824318885803,0.8913682103157043,0.9005253314971924,0.9109954833984375,0.08900503814220428,0.602261483669281,0.9394903779029846,0.8918732404708862,0.9032565951347351
49.0,3.0,0.9107522368431091,0.08924698084592819,0.6434809565544128,0.9355369210243225,0.891968846321106,0.9017128944396973,0.9061803817749023,0.09381962567567825,0.6599825620651245,0.9332655072212219,0.8907778263092041,0.8985251784324646
49.0,4.0,0.9084416031837463,0.09155809879302979,0.6392737030982971,0.9359904527664185,0.8898228406906128,0.8987671732902527,0.9154143333435059,0.08458555489778519,0.6769494414329529,0.931443989276886,0.8994669914245605,0.9102728366851807
50.0,0.0,0.9108019471168518,0.08919862657785416,0.6503719091415405,0.9349445700645447,0.892595112323761,0.9024458527565002,0.9059951305389404,0.0940048098564148,0.6380112767219543,0.9356300234794617,0.8878382444381714,0.8955830335617065
50.0,1.0,0.9096755981445312,0.09032454341650009,0.6464551687240601,0.9349597692489624,0.8924568295478821,0.9019261598587036,0.9106453657150269,0.0893547460436821,0.6585681438446045,0.9355793595314026,0.888419508934021,0.897805392742157
50.0,2.0,0.9095498323440552,0.09044986218214035,0.6625933647155762,0.9339832663536072,0.8914051055908203,0.9005193710327148,0.9110538363456726,0.08894597738981247,0.6028885841369629,0.9394934177398682,0.8923760056495667,0.9033229351043701
50.0,3.0,0.910792887210846,0.0892074778676033,0.6468617916107178,0.9355377554893494,0.8919440507888794,0.9017400145530701,0.9062010645866394,0.09379882365465164,0.6657131910324097,0.933264434337616,0.8903180360794067,0.8985347747802734
50.0,4.0,0.9084874987602234,0.09151236712932587,0.6427332162857056,0.9359918236732483,0.8898604512214661,0.8988113403320312,0.9154427647590637,0.08455713093280792,0.6790173649787903,0.9314435124397278,0.8991714715957642,0.9103026390075684
51.0,0.0,0.9108500480651855,0.08914976567029953,0.6532267332077026,0.9349468946456909,0.8926425576210022,0.9024989008903503,0.9060875773429871,0.0939125046133995,0.6471306681632996,0.9356334805488586,0.8875683546066284,0.8956519365310669
51.0,1.0,0.9096803665161133,0.09031985700130463,0.6490283012390137,0.9349595308303833,0.8925446271896362,0.9019282460212708,0.9107254147529602,0.08927467465400696,0.6614342927932739,0.9355804324150085,0.8886713981628418,0.897879421710968
51.0,2.0,0.9096007943153381,0.09039954841136932,0.6645940542221069,0.9339819550514221,0.8914629220962524,0.9005616903305054,0.9110708832740784,0.0889289379119873,0.6048206090927124,0.9394903182983398,0.892606258392334,0.9033364653587341
51.0,3.0,0.9108186960220337,0.08918050676584244,0.6502953171730042,0.9355376958847046,0.8919398784637451,0.9017704725265503,0.9062025547027588,0.09379779547452927,0.6616922616958618,0.933264434337616,0.8913609385490417,0.8985391855239868
51.0,4.0,0.9084910750389099,0.09150867909193039,0.6467501521110535,0.9359917044639587,0.8898319602012634,0.8988081812858582,0.9154465794563293,0.08455335348844528,0.6906629204750061,0.9314440488815308,0.8984308242797852,0.9102972745895386
52.0,0.0,0.9108689427375793,0.08913097530603409,0.6572506427764893,0.9349454045295715,0.8926677107810974,0.9025166034698486,0.9061134457588196,0.09388670325279236,0.6447664499282837,0.9356338977813721,0.8882877230644226,0.8956634402275085
52.0,1.0,0.909713864326477,0.09028616547584534,0.6525260806083679,0.9349579811096191,0.8926169276237488,0.901953399181366,0.9107299447059631,0.0892697349190712,0.6597749590873718,0.9355806708335876,0.8895114064216614,0.8978767395019531
52.0,2.0,0.9096314311027527,0.09036993235349655,0.6677858233451843,0.9339821934700012,0.8916158080101013,0.9005940556526184,0.9111315011978149,0.08886848390102386,0.6055006384849548,0.9394922256469727,0.8925739526748657,0.9033929705619812
52.0,3.0,0.9108472466468811,0.08915288001298904,0.6532090306282043,0.9355374574661255,0.8920665383338928,0.9017972350120544,0.9062928557395935,0.09370709210634232,0.6686591506004333,0.9332666993141174,0.8910431861877441,0.8986111879348755
52.0,4.0,0.9085555672645569,0.09144414216279984,0.6487324833869934,0.9359918236732483,0.8899778723716736,0.898871123790741,0.915479838848114,0.08452006429433823,0.6901001930236816,0.9314436912536621,0.8989397287368774,0.9103411436080933
53.0,0.0,0.9108988046646118,0.0890999585390091,0.6597025394439697,0.9349462985992432,0.8926395773887634,0.9025408029556274,0.9061653017997742,0.0938345417380333,0.6478347778320312,0.9356339573860168,0.8881890773773193,0.8957241773605347
53.0,1.0,0.909768283367157,0.09023261070251465,0.6562377214431763,0.9349595308303833,0.8925085067749023,0.9020107984542847,0.9107221961021423,0.08927848935127258,0.6654531955718994,0.9355810880661011,0.8888978362083435,0.8978737592697144
53.0,2.0,0.909672737121582,0.0903259664773941,0.6715666055679321,0.9339833855628967,0.891630232334137,0.9006385207176208,0.911089301109314,0.08891067653894424,0.6114919185638428,0.9394895434379578,0.8924107551574707,0.9033535122871399
53.0,3.0,0.9108756184577942,0.08912473171949387,0.6560430526733398,0.9355376958847046,0.8919512629508972,0.9018224477767944,0.9062045216560364,0.09379561990499496,0.6834170818328857,0.933264970779419,0.8894733786582947,0.8985070586204529
53.0,4.0,0.9085586667060852,0.09144128113985062,0.6502412557601929,0.935992419719696,0.8900438547134399,0.8988756537437439,0.9155160188674927,0.08448418974876404,0.6910102963447571,0.9314439296722412,0.8992930054664612,0.9103693962097168
54.0,0.0,0.9109375476837158,0.08906327188014984,0.66243976354599,0.9349467158317566,0.8928227424621582,0.9025828838348389,0.9062216877937317,0.09377820044755936,0.6482547521591187,0.9356343746185303,0.8888500928878784,0.8957738280296326
54.0,1.0,0.9098100662231445,0.09019014984369278,0.6594592928886414,0.9349603652954102,0.8925113081932068,0.9020542502403259,0.9107326865196228,0.08926750719547272,0.6734591722488403,0.9355801939964294,0.8882932066917419,0.8978708386421204
54.0,2.0,0.9096954464912415,0.09030456840991974,0.674933910369873,0.9339832067489624,0.8916051983833313,0.9006602764129639,0.9111985564231873,0.08880126476287842,0.6117282509803772,0.9394925236701965,0.8926831483840942,0.9034674763679504
54.0,3.0,0.9109428524971008,0.0890570655465126,0.6592587232589722,0.9355370402336121,0.8920623660087585,0.9018929600715637,0.9063416123390198,0.09365855902433395,0.6783857345581055,0.9332683086395264,0.8906353116035461,0.8986683487892151
54.0,4.0,0.9086303114891052,0.0913693904876709,0.6541106104850769,0.935994565486908,0.8901562690734863,0.8989549875259399,0.915517270565033,0.08448287844657898,0.6924881339073181,0.9314435720443726,0.8994189500808716,0.9103808999061584
55.0,0.0,0.9109243750572205,0.08907584100961685,0.6655657291412354,0.9349443912506104,0.8927457332611084,0.9025594592094421,0.9062671661376953,0.09373288601636887,0.6539373397827148,0.9356346726417542,0.8883448243141174,0.8958290219306946
55.0,1.0,0.909822404384613,0.09017812460660934,0.6618075370788574,0.9349592328071594,0.8925980925559998,0.9020580053329468,0.9108096957206726,0.08919071406126022,0.6713294982910156,0.9355826377868652,0.8891656398773193,0.8979547023773193
55.0,2.0,0.9097484350204468,0.09025122970342636,0.677741289138794,0.9339836835861206,0.8916507363319397,0.9007173776626587,0.9112178087234497,0.08878237754106522,0.6142740249633789,0.9394934177398682,0.8929229378700256,0.9034639596939087
55.0,3.0,0.9109509587287903,0.08904918283224106,0.6619925498962402,0.9355373978614807,0.8921488523483276,0.9018951654434204,0.9063514471054077,0.09364869445562363,0.6842692494392395,0.9332658648490906,0.8903555274009705,0.8986599445343018
55.0,4.0,0.9086605906486511,0.09133902937173843,0.6567142605781555,0.9359936118125916,0.890129804611206,0.8989731669425964,0.915482223033905,0.0845181941986084,0.7103093862533569,0.9314435720443726,0.8976764678955078,0.9103129506111145
56.0,0.0,0.9109970927238464,0.08900313824415207,0.6686943173408508,0.9349475502967834,0.8928957581520081,0.9026396870613098,0.9063615798950195,0.0936383530497551,0.6580491065979004,0.9356352686882019,0.8878939747810364,0.8959099650382996
56.0,1.0,0.9098650813102722,0.09013532847166061,0.664624810218811,0.9349597096443176,0.8927398920059204,0.9021070003509521,0.9108314514160156,0.08916860818862915,0.6793636679649353,0.9355810880661011,0.8883735537528992,0.8979843854904175
56.0,2.0,0.9097420573234558,0.09025775641202927,0.681102991104126,0.9339829087257385,0.8916937708854675,0.9006955623626709,0.9112417697906494,0.08875870704650879,0.6179095506668091,0.9394944906234741,0.8928804397583008,0.9034942388534546
56.0,3.0,0.9109926819801331,0.08900785446166992,0.6650585532188416,0.9355375170707703,0.8921412825584412,0.9019333720207214,0.9063568711280823,0.0936434343457222,0.6892349123954773,0.9332677125930786,0.890532374382019,0.8986590504646301
56.0,4.0,0.9086832404136658,0.09131647646427155,0.6606171131134033,0.9359938502311707,0.8901586532592773,0.8989941477775574,0.9154874682426453,0.08451225608587265,0.7004759311676025,0.9314439296722412,0.8993985652923584,0.9103354811668396
57.0,0.0,0.9110070466995239,0.08899209648370743,0.6714637279510498,0.9349480271339417,0.8928819298744202,0.9026467800140381,0.9063688516616821,0.0936313048005104,0.6586737632751465,0.9356342554092407,0.888282835483551,0.8959063291549683
57.0,1.0,0.9098870158195496,0.09011325240135193,0.6683310270309448,0.9349600076675415,0.8927301168441772,0.9021236896514893,0.910862147808075,0.08913818001747131,0.6862951517105103,0.9355800747871399,0.887987494468689,0.898007333278656
57.0,2.0,0.9097944498062134,0.0902046486735344,0.6834862232208252,0.933984100818634,0.8917598724365234,0.9007555842399597,0.9113014340400696,0.08869826793670654,0.6242132186889648,0.9394949078559875,0.8924238085746765,0.9035513401031494
57.0,3.0,0.9109845161437988,0.08901573717594147,0.668258547782898,0.9355381727218628,0.8921331763267517,0.9019246697425842,0.9064015746116638,0.09359864890575409,0.6953073740005493,0.9332689642906189,0.8903973698616028,0.8987023830413818
57.0,4.0,0.9087426066398621,0.09125720709562302,0.6638724207878113,0.9359941482543945,0.8901799917221069,0.8990446329116821,0.9155935645103455,0.08440636843442917,0.7052937746047974,0.9314438104629517,0.8992890119552612,0.9104369878768921
58.0,0.0,0.9110571146011353,0.08894354850053787,0.6753122806549072,0.9349478483200073,0.8929587006568909,0.9026924967765808,0.9063752293586731,0.0936250165104866,0.6601748466491699,0.9356346130371094,0.8886895775794983,0.8959073424339294
58.0,1.0,0.9099224209785461,0.09007738530635834,0.6706969141960144,0.9349613785743713,0.8927630186080933,0.9021580815315247,0.9108702540397644,0.08912960439920425,0.6802107691764832,0.9355840086936951,0.8894008994102478,0.8979873657226562
58.0,2.0,0.9098033308982849,0.09019584953784943,0.68747478723526,0.9339842200279236,0.8916935324668884,0.9007566571235657,0.9112889170646667,0.08871091157197952,0.6219931244850159,0.9394944906234741,0.8932362794876099,0.9035439491271973
58.0,3.0,0.9110372066497803,0.08896135538816452,0.6708032488822937,0.935538649559021,0.8921787738800049,0.9019767045974731,0.9064391851425171,0.09356079250574112,0.6968361735343933,0.9332696199417114,0.8906179070472717,0.898743748664856
58.0,4.0,0.9087433815002441,0.09125611186027527,0.6670337915420532,0.9359950423240662,0.8902141451835632,0.8990448117256165,0.9155966639518738,0.08440306037664413,0.704155445098877,0.931444525718689,0.8995534181594849,0.9104437828063965
59.0,0.0,0.9110713601112366,0.08892873674631119,0.6788177490234375,0.9349478483200073,0.8928360939025879,0.9026963114738464,0.9064072966575623,0.09359251707792282,0.6701592803001404,0.9356337189674377,0.8877712488174438,0.8959465622901917
59.0,1.0,0.9099389314651489,0.09006092697381973,0.6744857430458069,0.9349609017372131,0.8927294611930847,0.902169406414032,0.9109159708023071,0.08908382058143616,0.6912590265274048,0.9355815649032593,0.8883758187294006,0.8980529308319092
59.0,2.0,0.909821629524231,0.0901782289147377,0.690542459487915,0.9339841604232788,0.8918117880821228,0.9007713794708252,0.9113508462905884,0.08864894509315491,0.6241308450698853,0.9394950270652771,0.8930720090866089,0.9035939574241638
59.0,3.0,0.9110796451568604,0.08892004191875458,0.6745387315750122,0.9355394840240479,0.8921585083007812,0.9020113945007324,0.9064337611198425,0.09356677532196045,0.6914732456207275,0.9332689046859741,0.8914526700973511,0.8987313508987427
59.0,4.0,0.9087712168693542,0.09122812747955322,0.670343279838562,0.9359955787658691,0.8902479410171509,0.8990787267684937,0.9156125783920288,0.08438737690448761,0.7109198570251465,0.9314446449279785,0.8992819786071777,0.910454273223877
60.0,0.0,0.911131739616394,0.08886720985174179,0.6798719763755798,0.9349481463432312,0.8929521441459656,0.9027624130249023,0.9064686298370361,0.09353165328502655,0.6681625247001648,0.935634434223175,0.8881351947784424,0.8960047960281372
60.0,1.0,0.9100046157836914,0.08999472856521606,0.6755113005638123,0.9349619746208191,0.8927381038665771,0.9022342562675476,0.9110735058784485,0.08892616629600525,0.686367928981781,0.9355857372283936,0.8891293406486511,0.8982057571411133
60.0,2.0,0.909934401512146,0.09006506949663162,0.6912747621536255,0.9339851140975952,0.8918226957321167,0.900885283946991,0.9113983511924744,0.08860129863023758,0.6281223297119141,0.9394961595535278,0.8928143382072449,0.9036445021629333
60.0,3.0,0.911156952381134,0.0888429656624794,0.674954891204834,0.9355401396751404,0.8922776579856873,0.9020906686782837,0.9065244793891907,0.09347561746835709,0.6958788633346558,0.9332696199417114,0.8910566568374634,0.8988120555877686
60.0,4.0,0.90887451171875,0.09112548828125,0.6706589460372925,0.9359955787658691,0.8902960419654846,0.8991758823394775,0.915676474571228,0.0843237042427063,0.7125393748283386,0.931443989276886,0.8991832733154297,0.9105170369148254
61.0,0.0,0.9111732244491577,0.08882704377174377,0.681678056716919,0.9349493384361267,0.893032431602478,0.902797281742096,0.9064947962760925,0.09350507706403732,0.669303834438324,0.9356346726417542,0.8882516026496887,0.8960306644439697
61.0,1.0,0.9100258350372314,0.08997420966625214,0.677305281162262,0.9349619746208191,0.8928370475769043,0.9022561311721802,0.9110856056213379,0.08891450613737106,0.6886350512504578,0.9355857372283936,0.8890854716300964,0.8982226252555847
61.0,2.0,0.9099486470222473,0.09005168080329895,0.6924940943717957,0.9339873194694519,0.8918672204017639,0.9008982181549072,0.9114075303077698,0.08859233558177948,0.6295191645622253,0.9394959807395935,0.892828643321991,0.9036553502082825
61.0,3.0,0.9111666083335876,0.08883333951234818,0.6759781837463379,0.9355397820472717,0.8922673463821411,0.9021034836769104,0.9065364599227905,0.09346386045217514,0.696221649646759,0.9332698583602905,0.8911511301994324,0.8988334536552429
61.0,4.0,0.9088832139968872,0.09111548215150833,0.6716268658638,0.9359968304634094,0.8903038501739502,0.8991867899894714,0.9156824350357056,0.08431714028120041,0.7134442925453186,0.9314446449279785,0.8992287516593933,0.9105212688446045
62.0,0.0,0.9111790060997009,0.0888197049498558,0.6826209425926208,0.9349492788314819,0.8930678367614746,0.9028064012527466,0.9065060615539551,0.09349419176578522,0.6703221201896667,0.9356354475021362,0.8882689476013184,0.8960492610931396
62.0,1.0,0.9100337028503418,0.08996663242578506,0.678229033946991,0.9349614977836609,0.8928471803665161,0.9022645950317383,0.9110924005508423,0.0889076218008995,0.6894369125366211,0.9355855584144592,0.8891140818595886,0.898227334022522
62.0,2.0,0.909954845905304,0.09004493057727814,0.6934416890144348,0.9339854717254639,0.8918992877006531,0.9009042978286743,0.9114140868186951,0.08858591318130493,0.6302339434623718,0.9394964575767517,0.8928417563438416,0.9036666750907898
62.0,3.0,0.9111732840538025,0.08882727473974228,0.6767385005950928,0.9355403780937195,0.8922964334487915,0.9021127223968506,0.9065382480621338,0.09346140921115875,0.6957059502601624,0.9332699179649353,0.8913702964782715,0.8988405466079712
62.0,4.0,0.9088913202285767,0.09110880643129349,0.6725703477859497,0.9359974265098572,0.8903361558914185,0.8991950750350952,0.9156883358955383,0.0843115821480751,0.7164517641067505,0.9314444661140442,0.8990008234977722,0.910525918006897
63.0,0.0,0.9111858010292053,0.08881370723247528,0.6835542917251587,0.9349492788314819,0.893081784248352,0.9028143286705017,0.9065139889717102,0.093485988676548,0.6699457168579102,0.9356354475021362,0.8883717060089111,0.896053671836853
63.0,1.0,0.9100385904312134,0.08996039628982544,0.6788831353187561,0.9349619150161743,0.8928641080856323,0.9022693634033203,0.911095917224884,0.08890394866466522,0.6891231536865234,0.9355857372283936,0.8892524838447571,0.8982382416725159
63.0,2.0,0.9099612832069397,0.09003841131925583,0.6940673589706421,0.9339859485626221,0.8919280767440796,0.9009098410606384,0.9114190936088562,0.08858101814985275,0.6304504871368408,0.9394959807395935,0.8929131627082825,0.9036717414855957
63.0,3.0,0.9111778736114502,0.0888214036822319,0.6775517463684082,0.9355401396751404,0.8923055529594421,0.9021168947219849,0.9065494537353516,0.09345033764839172,0.6982657313346863,0.9332697987556458,0.89129239320755,0.8988447785377502
63.0,4.0,0.9088963270187378,0.09110308438539505,0.6732284426689148,0.9359965920448303,0.8903418779373169,0.8992019891738892,0.9156929850578308,0.08430696278810501,0.7160364389419556,0.9314440488815308,0.8990939259529114,0.9105352759361267
64.0,0.0,0.9111912250518799,0.08880846947431564,0.6843353509902954,0.9349485635757446,0.8930442333221436,0.9028183817863464,0.906519889831543,0.09348046779632568,0.6710349917411804,0.9356356859207153,0.8884046673774719,0.8960603475570679
64.0,1.0,0.9100441336631775,0.08995521068572998,0.6793909072875977,0.9349606037139893,0.8928807973861694,0.9022749066352844,0.9111025929450989,0.0888974517583847,0.6913821697235107,0.9355854988098145,0.889042854309082,0.8982445597648621
64.0,2.0,0.9099665284156799,0.09003367274999619,0.694864809513092,0.9339858889579773,0.8919369578361511,0.9009159207344055,0.9114254117012024,0.0885745957493782,0.6316554546356201,0.9394965171813965,0.8929117918014526,0.9036731719970703
64.0,3.0,0.9111834168434143,0.08881613612174988,0.6782419681549072,0.935540497303009,0.8923112750053406,0.9021252393722534,0.906551718711853,0.09344813972711563,0.7010451555252075,0.9332703948020935,0.8910397291183472,0.8988421559333801
64.0,4.0,0.9089014530181885,0.09109789878129959,0.6739203333854675,0.9359965920448303,0.8903541564941406,0.8992052674293518,0.9156960844993591,0.08430346101522446,0.7162088751792908,0.9314442276954651,0.8992201089859009,0.9105371832847595
65.0,0.0,0.9111963510513306,0.08880335092544556,0.6850084662437439,0.9349498748779297,0.8930863738059998,0.9028224945068359,0.9065256714820862,0.09347429871559143,0.6728264093399048,0.9356362223625183,0.8882809281349182,0.8960726857185364
65.0,1.0,0.9100499749183655,0.08995003253221512,0.68050616979599,0.9349616765975952,0.8928701281547546,0.9022781252861023,0.9111074209213257,0.08889290690422058,0.6912550926208496,0.9355853796005249,0.8891869783401489,0.8982483744621277
65.0,2.0,0.9099701642990112,0.09002893418073654,0.6957578659057617,0.9339858293533325,0.891932487487793,0.9009233713150024,0.9114307761192322,0.08856933563947678,0.6335143446922302,0.9394962191581726,0.8927097320556641,0.9036747813224792
65.0,3.0,0.9111893177032471,0.08881065249443054,0.678915798664093,0.9355406165122986,0.8923295140266418,0.9021291732788086,0.9065604209899902,0.09343978017568588,0.6993536949157715,0.9332703948020935,0.8912941813468933,0.8988553285598755
65.0,4.0,0.9089072942733765,0.09109277278184891,0.674656331539154,0.9359974265098572,0.8903630971908569,0.8992123603820801,0.9157019257545471,0.08429809659719467,0.7176347970962524,0.9314444065093994,0.8991400599479675,0.9105445742607117
66.0,0.0,0.9112015962600708,0.08879859000444412,0.6856325268745422,0.9349485635757446,0.8930745124816895,0.9028276205062866,0.9065316319465637,0.09346869587898254,0.6742959022521973,0.9356356263160706,0.888205885887146,0.8960780501365662
66.0,1.0,0.9100553393363953,0.08994497358798981,0.6810609102249146,0.9349612593650818,0.8928791880607605,0.902283787727356,0.9111130237579346,0.08888701349496841,0.6923792958259583,0.9355853199958801,0.8890969157218933,0.8982521295547485
66.0,2.0,0.9099749326705933,0.09002421051263809,0.6964121460914612,0.9339869618415833,0.8919247388839722,0.9009256958961487,0.9114357233047485,0.08856454491615295,0.6324906349182129,0.9394962191581726,0.8929162621498108,0.9036826491355896
66.0,3.0,0.9111937880516052,0.0888063907623291,0.6795976161956787,0.935539960861206,0.8923127055168152,0.9021307826042175,0.9065637588500977,0.0934365838766098,0.7014070749282837,0.9332703351974487,0.8911686539649963,0.8988549709320068
66.0,4.0,0.9089118838310242,0.09108782559633255,0.6752806901931763,0.9359959363937378,0.8903652429580688,0.8992137312889099,0.9157069325447083,0.08429349213838577,0.7177505493164062,0.9314446449279785,0.8992395401000977,0.9105525016784668
67.0,0.0,0.9112064838409424,0.08879382908344269,0.6864573955535889,0.9349493384361267,0.8930782079696655,0.9028342366218567,0.9065348505973816,0.09346563369035721,0.6740737557411194,0.9356356859207153,0.8883614540100098,0.8960804343223572
67.0,1.0,0.9100598692893982,0.08994007855653763,0.681998610496521,0.9349616765975952,0.892877459526062,0.9022889733314514,0.9111151099205017,0.08888477087020874,0.6921441555023193,0.9355853796005249,0.8891753554344177,0.898254930973053
67.0,2.0,0.9099813103675842,0.09001947194337845,0.6970869302749634,0.9339853525161743,0.8919553756713867,0.9009315371513367,0.9114373326301575,0.0885627418756485,0.6348708868026733,0.9394962787628174,0.8927240967750549,0.9036798477172852
67.0,3.0,0.9111974835395813,0.08880207687616348,0.6801809072494507,0.9355406761169434,0.8923413753509521,0.90213942527771,0.9065699577331543,0.09343057870864868,0.702545166015625,0.9332700371742249,0.8911793231964111,0.8988603949546814
67.0,4.0,0.9089168310165405,0.09108322858810425,0.6759944558143616,0.9359963536262512,0.8903579115867615,0.8992183804512024,0.9157107472419739,0.0842890664935112,0.7191683650016785,0.9314442276954651,0.8991492986679077,0.910556435585022
68.0,0.0,0.9112107753753662,0.08878915756940842,0.687092125415802,0.934950053691864,0.8930838704109192,0.9028376936912537,0.9065400958061218,0.09345979988574982,0.6738772988319397,0.9356354475021362,0.8883901834487915,0.8960831165313721
68.0,1.0,0.9100641012191772,0.0899357721209526,0.6825675964355469,0.9349621534347534,0.8929002285003662,0.9022924900054932,0.9111216068267822,0.08887822180986404,0.6935360431671143,0.9355860352516174,0.889163613319397,0.8982645273208618
68.0,2.0,0.9099852442741394,0.09001465886831284,0.6978089213371277,0.9339869022369385,0.8919603228569031,0.9009377956390381,0.9114453792572021,0.08855515718460083,0.6360795497894287,0.9394961595535278,0.8926948308944702,0.9036818146705627
68.0,3.0,0.9112030267715454,0.0887971743941307,0.6809877157211304,0.9355402588844299,0.8923406600952148,0.9021396040916443,0.906571626663208,0.09342869371175766,0.7024641036987305,0.9332698583602905,0.8912094831466675,0.8988656401634216
68.0,4.0,0.9089219570159912,0.09107841551303864,0.6766980290412903,0.9359960556030273,0.8903796672821045,0.8992225527763367,0.915715217590332,0.0842846930027008,0.7194917798042297,0.9314447641372681,0.8991469740867615,0.910559356212616
69.0,0.0,0.9112156629562378,0.08878454566001892,0.6876193284988403,0.9349495768547058,0.8930953145027161,0.9028416275978088,0.906544029712677,0.09345576167106628,0.6748535633087158,0.9356356859207153,0.8883644342422485,0.8960852026939392
69.0,1.0,0.9100676774978638,0.08993171900510788,0.6833481788635254,0.9349614381790161,0.8928989171981812,0.902298092842102,0.9111270904541016,0.08887325972318649,0.6952589154243469,0.9355855584144592,0.8890541195869446,0.8982608914375305
69.0,2.0,0.9099882245063782,0.0900106430053711,0.6984729766845703,0.933986246585846,0.8919541835784912,0.9009413719177246,0.9114513397216797,0.08854883909225464,0.6353237628936768,0.9394960403442383,0.8928462266921997,0.9036951661109924
69.0,3.0,0.9112071394920349,0.0887928381562233,0.6817395091056824,0.9355403780937195,0.8923466205596924,0.9021466374397278,0.9065788388252258,0.09342114627361298,0.7020735740661621,0.9332700967788696,0.8913461565971375,0.8988752365112305
69.0,4.0,0.9089261293411255,0.09107403457164764,0.6774313449859619,0.9359962940216064,0.8903907537460327,0.8992260098457336,0.9157180786132812,0.08428192138671875,0.7207953929901123,0.931444525718689,0.8991435170173645,0.9105612635612488
70.0,0.0,0.9112198948860168,0.088780477643013,0.6883354187011719,0.9349493384361267,0.8931052088737488,0.9028475880622864,0.9065472483634949,0.09345304220914841,0.6786282658576965,0.9356356859207153,0.8881620764732361,0.8960910439491272
70.0,1.0,0.9100738167762756,0.08992679417133331,0.684012770652771,0.9349618554115295,0.892909049987793,0.9023023247718811,0.9111313819885254,0.08886855095624924,0.6951573491096497,0.9355859160423279,0.889126718044281,0.898273229598999
70.0,2.0,0.9099932312965393,0.09000616520643234,0.6992518901824951,0.9339861273765564,0.8919860124588013,0.9009453654289246,0.9114541411399841,0.08854592591524124,0.6362233757972717,0.9394966959953308,0.8928122520446777,0.9036981463432312
70.0,3.0,0.9112116098403931,0.0887884870171547,0.682418942451477,0.9355401992797852,0.892336368560791,0.9021475911140442,0.906582772731781,0.0934174433350563,0.7043441534042358,0.9332706332206726,0.8912070989608765,0.8988721966743469
70.0,4.0,0.9089301824569702,0.09106958657503128,0.6780068874359131,0.9359962940216064,0.890405535697937,0.8992301225662231,0.9157230257987976,0.08427716046571732,0.721306324005127,0.9314447045326233,0.8991660475730896,0.9105623364448547
71.0,0.0,0.911224365234375,0.0887761041522026,0.6892457604408264,0.9349493980407715,0.8930951952934265,0.9028519988059998,0.9065543413162231,0.09344538301229477,0.6764700412750244,0.9356356263160706,0.8883733749389648,0.8960956335067749
71.0,1.0,0.9100777506828308,0.08992220461368561,0.6846820712089539,0.93496173620224,0.8929135203361511,0.9023097157478333,0.9111350178718567,0.08886521309614182,0.6959518194198608,0.9355859160423279,0.8891812562942505,0.8982747197151184
71.0,2.0,0.9099985957145691,0.0900019034743309,0.699921727180481,0.9339863657951355,0.8919692039489746,0.9009528160095215,0.9114590883255005,0.08854090422391891,0.6359851956367493,0.9394964575767517,0.8928850889205933,0.9037002325057983
71.0,3.0,0.9112151265144348,0.08878488093614578,0.6830859184265137,0.935541033744812,0.8923463225364685,0.9021520018577576,0.9065871834754944,0.09341288357973099,0.7050527334213257,0.9332699179649353,0.8912040591239929,0.8988827466964722
71.0,4.0,0.9089347720146179,0.09106485545635223,0.679006814956665,0.9359963536262512,0.8903946876525879,0.8992369771003723,0.915726900100708,0.08427294343709946,0.7211061716079712,0.9314446449279785,0.8992407321929932,0.9105725884437561
72.0,0.0,0.911227822303772,0.08877143263816833,0.6897411346435547,0.9349498152732849,0.8931131958961487,0.902856171131134,0.9065578579902649,0.09344222396612167,0.6776731610298157,0.9356364011764526,0.8883695006370544,0.896098256111145
72.0,1.0,0.9100821018218994,0.08991818875074387,0.6853961944580078,0.934961199760437,0.8929153084754944,0.9023125171661377,0.9111396670341492,0.08886029571294785,0.6967215538024902,0.9355860352516174,0.8891286253929138,0.8982774615287781
72.0,2.0,0.9100027084350586,0.08999761193990707,0.7005254030227661,0.9339869022369385,0.891972541809082,0.9009550213813782,0.9114646315574646,0.08853539079427719,0.637144148349762,0.9394962191581726,0.8928518891334534,0.9037062525749207
72.0,3.0,0.9112203121185303,0.08878013491630554,0.6837597489356995,0.9355412721633911,0.8923639059066772,0.9021584391593933,0.9065913558006287,0.093408964574337,0.7064779996871948,0.9332699179649353,0.8911267518997192,0.8988814353942871
72.0,4.0,0.9089383482933044,0.09106077998876572,0.6793709397315979,0.9359963536262512,0.8904176950454712,0.8992438316345215,0.9157289862632751,0.08427069336175919,0.7212806940078735,0.9314442873001099,0.8992957472801208,0.9105746150016785
73.0,0.0,0.9112328886985779,0.08876702934503555,0.6904642581939697,0.9349498152732849,0.8931165337562561,0.9028617143630981,0.9065616726875305,0.09343823790550232,0.6782375574111938,0.9356357455253601,0.8883950114250183,0.8961030840873718
73.0,1.0,0.9100849032402039,0.08991403132677078,0.6860213875770569,0.9349622130393982,0.8929229378700256,0.9023146629333496,0.9111445546150208,0.0888555496931076,0.6977682709693909,0.9355859160423279,0.8891443610191345,0.8982833623886108
73.0,2.0,0.9100077748298645,0.08999302983283997,0.7012055516242981,0.9339859485626221,0.8919811248779297,0.9009552001953125,0.9114687442779541,0.088531494140625,0.6377217769622803,0.9394962787628174,0.8928591012954712,0.9037138819694519
73.0,3.0,0.9112241864204407,0.08877591788768768,0.684552013874054,0.9355408549308777,0.8923690319061279,0.9021608829498291,0.9065963625907898,0.09340337663888931,0.7053901553153992,0.9332703351974487,0.8913054466247559,0.898892343044281
73.0,4.0,0.9089444279670715,0.09105613827705383,0.6800833940505981,0.9359959363937378,0.8904021978378296,0.8992449641227722,0.9157339930534363,0.08426594734191895,0.7218701243400574,0.931444525718689,0.8993206024169922,0.9105790257453918
74.0,0.0,0.9112372994422913,0.0887628123164177,0.6911889910697937,0.9349499940872192,0.8931257724761963,0.9028660655021667,0.9065651893615723,0.0934348776936531,0.6799071431159973,0.9356359243392944,0.8882913589477539,0.8961068391799927
74.0,1.0,0.9100902080535889,0.089909628033638,0.6868590712547302,0.9349620938301086,0.8929304480552673,0.9023208618164062,0.9111493825912476,0.08885080367326736,0.6972306966781616,0.9355858564376831,0.8892383575439453,0.898295521736145
74.0,2.0,0.9100112915039062,0.0899888351559639,0.7017463445663452,0.9339855909347534,0.8920111060142517,0.9009633660316467,0.9114722013473511,0.08852823823690414,0.6396782994270325,0.9394965171813965,0.8927270770072937,0.9037148952484131
74.0,3.0,0.9112274646759033,0.08877181261777878,0.6852784752845764,0.9355406165122986,0.892359733581543,0.9021658897399902,0.9066014885902405,0.09339865297079086,0.7061582803726196,0.9332700371742249,0.8913570046424866,0.8988884091377258
74.0,4.0,0.9089474678039551,0.09105228632688522,0.6808266639709473,0.9359968304634094,0.8904148936271667,0.8992499113082886,0.915738046169281,0.08426199108362198,0.7244380116462708,0.9314447641372681,0.8991191983222961,0.9105786085128784
75.0,0.0,0.9112412333488464,0.08875884115695953,0.6918407678604126,0.9349501132965088,0.8931458592414856,0.9028728008270264,0.9065684080123901,0.09343098849058151,0.6790021657943726,0.9356361627578735,0.8884851336479187,0.8961091637611389
75.0,1.0,0.9100940823554993,0.08990573137998581,0.6873403787612915,0.9349625706672668,0.8929458260536194,0.9023255109786987,0.9111531972885132,0.08884647488594055,0.6995537281036377,0.9355862736701965,0.8890973925590515,0.8982875943183899
75.0,2.0,0.9100155830383301,0.0899847149848938,0.7026379704475403,0.9339860677719116,0.8920127153396606,0.9009665846824646,0.9114742279052734,0.08852522820234299,0.6408960223197937,0.9394963979721069,0.8926512002944946,0.9037182331085205
75.0,3.0,0.9112318158149719,0.08876761049032211,0.685793936252594,0.9355409145355225,0.8923789262771606,0.9021680951118469,0.9066060781478882,0.09339414536952972,0.7073633074760437,0.9332701563835144,0.891261637210846,0.8989015817642212
75.0,4.0,0.9089519381523132,0.09104786068201065,0.6816492080688477,0.9359975457191467,0.8904252648353577,0.8992543816566467,0.9157419800758362,0.08425752818584442,0.7245430946350098,0.931444525718689,0.8991994261741638,0.9105861783027649
76.0,0.0,0.9112455248832703,0.08875463902950287,0.6924578547477722,0.9349498152732849,0.893151044845581,0.9028756618499756,0.9065731167793274,0.09342698752880096,0.6806833744049072,0.9356356859207153,0.8883647918701172,0.8961121439933777
76.0,1.0,0.9100986123085022,0.08990161120891571,0.6880970597267151,0.9349623918533325,0.8929272890090942,0.9023268222808838,0.9111551642417908,0.08884498476982117,0.7006168961524963,0.9355858564376831,0.8890271186828613,0.8982852101325989
76.0,2.0,0.910018801689148,0.08998081088066101,0.7033456563949585,0.9339869618415833,0.8919970989227295,0.9009681940078735,0.9114798307418823,0.08851970732212067,0.6396864056587219,0.9394968748092651,0.8929303288459778,0.9037286043167114
76.0,3.0,0.9112355709075928,0.08876359462738037,0.6865076422691345,0.9355406165122986,0.8923875689506531,0.9021759629249573,0.9066095352172852,0.093390092253685,0.7069004774093628,0.9332703948020935,0.8913723826408386,0.89890456199646
76.0,4.0,0.9089555144309998,0.09104350954294205,0.6821649074554443,0.9359970688819885,0.8904342651367188,0.8992589116096497,0.9157447218894958,0.08425553143024445,0.725708544254303,0.9314447045326233,0.8991997838020325,0.9105864763259888
77.0,0.0,0.9112496972084045,0.08875024318695068,0.6933108568191528,0.9349499940872192,0.8931339383125305,0.9028741121292114,0.9065744876861572,0.09342531114816666,0.6797236800193787,0.9356358647346497,0.888564944267273,0.8961160182952881
77.0,1.0,0.9101025462150574,0.0898975357413292,0.6887132525444031,0.9349626302719116,0.8929687142372131,0.9023317098617554,0.9111599326133728,0.08884044736623764,0.7017950415611267,0.9355858564376831,0.8889954090118408,0.8982943892478943
77.0,2.0,0.9100220799446106,0.08997740596532822,0.7042243480682373,0.9339861273765564,0.8920013904571533,0.9009713530540466,0.9114862680435181,0.0885138288140297,0.6406953930854797,0.9394965171813965,0.8928438425064087,0.9037315249443054
77.0,3.0,0.9112398028373718,0.08875975757837296,0.687059223651886,0.9355406165122986,0.8923909068107605,0.9021754860877991,0.9066143035888672,0.09338536858558655,0.7081506252288818,0.9332698583602905,0.8913283348083496,0.8989063501358032
77.0,4.0,0.9089605212211609,0.09103958308696747,0.6827121376991272,0.9359973669052124,0.8904397487640381,0.8992629051208496,0.9157488346099854,0.08425149321556091,0.7255374193191528,0.9314444661140442,0.8992791175842285,0.9105889797210693
78.0,0.0,0.9112539291381836,0.08874635398387909,0.6939087510108948,0.9349499940872192,0.8931610584259033,0.902881383895874,0.9065819382667542,0.09341821074485779,0.6810836791992188,0.9356357455253601,0.8884512782096863,0.896119236946106
78.0,1.0,0.9101064205169678,0.08989343792200089,0.6894038319587708,0.9349609017372131,0.892944872379303,0.9023348689079285,0.9111591577529907,0.08884114027023315,0.6981764435768127,0.9355863928794861,0.8894510269165039,0.8983005285263062
78.0,2.0,0.9100266098976135,0.08997342735528946,0.7047520279884338,0.9339861273765564,0.8920371532440186,0.9009739756584167,0.911488950252533,0.08851110935211182,0.6408764719963074,0.9394967555999756,0.8929071426391602,0.90373694896698
78.0,3.0,0.9112445116043091,0.08875593543052673,0.6878101229667664,0.9355407357215881,0.8924055695533752,0.9021815657615662,0.9066177010536194,0.09338206797838211,0.7083309888839722,0.9332699179649353,0.8913800716400146,0.8989092707633972
78.0,4.0,0.9089635014533997,0.09103556722402573,0.6835693717002869,0.9359970092773438,0.8904438614845276,0.8992643356323242,0.9157525897026062,0.08424770087003708,0.7263986468315125,0.9314442873001099,0.8992595672607422,0.9105929136276245
79.0,0.0,0.9112581610679626,0.08874252438545227,0.6946407556533813,0.9349495768547058,0.8931689858436584,0.9028847217559814,0.9065835475921631,0.09341606497764587,0.6824234127998352,0.9356361627578735,0.8883980512619019,0.8961218595504761
79.0,1.0,0.9101091623306274,0.08988974988460541,0.6900568008422852,0.9349629878997803,0.8929394483566284,0.9023392200469971,0.9111670851707458,0.08883319050073624,0.701836884021759,0.935586154460907,0.8891856670379639,0.8982987999916077
79.0,2.0,0.9100311398506165,0.08996967226266861,0.7054756879806519,0.9339873790740967,0.8920152187347412,0.9009771943092346,0.9114918112754822,0.08850795775651932,0.6421766877174377,0.9394971132278442,0.8928758502006531,0.9037391543388367
79.0,3.0,0.9112474918365479,0.08875173330307007,0.6884483098983765,0.935540497303009,0.8924113512039185,0.9021841883659363,0.9066192507743835,0.093380868434906,0.7112635970115662,0.9332697987556458,0.8911344408988953,0.8989068865776062
79.0,4.0,0.9089683890342712,0.09103181213140488,0.6842203736305237,0.9359965920448303,0.8904557824134827,0.8992683291435242,0.9157558083534241,0.0842442736029625,0.7269742488861084,0.9314450025558472,0.8992610573768616,0.9105965495109558
80.0,0.0,0.9112613797187805,0.08873870968818665,0.6952834129333496,0.9349496364593506,0.8931663632392883,0.9028875231742859,0.9065893888473511,0.09341108053922653,0.683144211769104,0.9356359839439392,0.8884291648864746,0.8961247801780701
80.0,1.0,0.9101145267486572,0.08988591283559799,0.6908640265464783,0.9349632263183594,0.8929570913314819,0.9023407697677612,0.9111700057983398,0.08883006870746613,0.7030988931655884,0.9355860948562622,0.8891013860702515,0.8982995748519897
80.0,2.0,0.9100341796875,0.08996541798114777,0.7061629891395569,0.933985710144043,0.8920246958732605,0.9009814858436584,0.9114978313446045,0.08850255608558655,0.6424708962440491,0.9394969344139099,0.8928956389427185,0.9037468433380127
80.0,3.0,0.9112513661384583,0.08874844759702682,0.6891089677810669,0.9355408549308777,0.8924135565757751,0.9021878242492676,0.9066271185874939,0.09337275475263596,0.711277425289154,0.9332698583602905,0.8912826776504517,0.8989133834838867
80.0,4.0,0.908971905708313,0.09102773666381836,0.6849438548088074,0.9359965920448303,0.8904695510864258,0.8992717862129211,0.915758490562439,0.08424140512943268,0.7281540632247925,0.9314444065093994,0.899201512336731,0.9105995297431946
81.0,0.0,0.9112650156021118,0.08873464167118073,0.6960720419883728,0.9349502921104431,0.8931664824485779,0.9028899073600769,0.9065908789634705,0.0934087336063385,0.6829082369804382,0.9356364011764526,0.8885138630867004,0.8961316347122192
81.0,1.0,0.910118579864502,0.08988194167613983,0.6915391683578491,0.9349643588066101,0.8929939866065979,0.9023456573486328,0.911175549030304,0.08882438391447067,0.7039161324501038,0.9355862736701965,0.8890562653541565,0.8983026146888733
81.0,2.0,0.9100376963615417,0.08996158093214035,0.7068560719490051,0.9339871406555176,0.8920308351516724,0.900983452796936,0.9115012884140015,0.08849845826625824,0.6435225605964661,0.9394966959953308,0.8928933143615723,0.9037497639656067
81.0,3.0,0.911255419254303,0.0887443870306015,0.689801812171936,0.9355416893959045,0.892449676990509,0.9021921157836914,0.906630277633667,0.09337015450000763,0.7125994563102722,0.9332698583602905,0.8912409543991089,0.89891517162323
81.0,4.0,0.9089765548706055,0.09102343022823334,0.6859008073806763,0.9359966516494751,0.8904592394828796,0.8992772102355957,0.9157605767250061,0.08423925936222076,0.7271507382392883,0.9314444661140442,0.8993880152702332,0.9106001853942871
82.0,0.0,0.91126948595047,0.08873128145933151,0.6966877579689026,0.9349508285522461,0.8931786417961121,0.9028934240341187,0.9065961241722107,0.09340384602546692,0.6854226589202881,0.9356361627578735,0.8883486390113831,0.8961358070373535
82.0,1.0,0.9101221561431885,0.08987806737422943,0.6922000646591187,0.9349619746208191,0.8929722309112549,0.9023476839065552,0.9111776947975159,0.08882206678390503,0.7044561505317688,0.9355860948562622,0.889074981212616,0.8983020782470703
82.0,2.0,0.9100416302680969,0.08995824307203293,0.70745849609375,0.9339860677719116,0.8920406103134155,0.9009893536567688,0.9115063548088074,0.08849427849054337,0.6448571085929871,0.9394969344139099,0.8928546905517578,0.9037549495697021
82.0,3.0,0.911259651184082,0.08874057233333588,0.6906039714813232,0.9355411529541016,0.8924464583396912,0.9021961688995361,0.9066342115402222,0.09336604177951813,0.7139621376991272,0.9332697987556458,0.8911105990409851,0.8989225029945374
82.0,4.0,0.9089806079864502,0.09101945906877518,0.6865220069885254,0.9359968304634094,0.8904579281806946,0.899280846118927,0.9157642722129822,0.0842355489730835,0.7295542359352112,0.9314447045326233,0.899217426776886,0.9106040000915527
83.0,0.0,0.911273181438446,0.08872732520103455,0.6973839998245239,0.9349501132965088,0.8931746482849121,0.9028962254524231,0.9065988063812256,0.09340117871761322,0.6841771006584167,0.9356359839439392,0.8885136246681213,0.8961337208747864
83.0,1.0,0.9101266264915466,0.08987390249967575,0.6929636001586914,0.9349631071090698,0.8929887413978577,0.9023503661155701,0.9111841917037964,0.08881599456071854,0.7034835815429688,0.9355859160423279,0.8893085718154907,0.8983164429664612
83.0,2.0,0.9100452065467834,0.08995465934276581,0.7081329226493835,0.9339866638183594,0.8920436501502991,0.900991678237915,0.9115107655525208,0.08848916739225388,0.6446002125740051,0.9394972324371338,0.8929470181465149,0.9037560820579529
83.0,3.0,0.9112624526023865,0.0887368693947792,0.6912747621536255,0.9355407357215881,0.8924493193626404,0.9021977782249451,0.9066402912139893,0.09335942566394806,0.7126498818397522,0.9332700967788696,0.8913522362709045,0.898926854133606
83.0,4.0,0.9089851975440979,0.09101539850234985,0.68704754114151,0.9359965920448303,0.8904821872711182,0.8992809653282166,0.9157688617706299,0.08423174172639847,0.7307775616645813,0.9314444661140442,0.8992103338241577,0.9106043577194214
84.0,0.0,0.9112769961357117,0.08872316032648087,0.6981599926948547,0.9349499940872192,0.8932003974914551,0.9029002785682678,0.9066050052642822,0.09339498728513718,0.6859115958213806,0.9356353878974915,0.8884244561195374,0.8961429595947266
84.0,1.0,0.910129189491272,0.08987031877040863,0.693684458732605,0.9349623322486877,0.892985999584198,0.9023557901382446,0.9111862182617188,0.08881361782550812,0.7038393020629883,0.935586154460907,0.8893206119537354,0.8983222842216492
84.0,2.0,0.9100487232208252,0.08995053917169571,0.7090166807174683,0.9339859485626221,0.8920556902885437,0.900996744632721,0.9115145206451416,0.08848562836647034,0.645764172077179,0.9394971132278442,0.8928859829902649,0.9037603139877319
84.0,3.0,0.9112672209739685,0.08873341232538223,0.692008376121521,0.9355402588844299,0.8924362659454346,0.9022014141082764,0.906644344329834,0.09335575252771378,0.7137588858604431,0.9332701563835144,0.8913296461105347,0.8989335894584656
84.0,4.0,0.9089878797531128,0.09101196378469467,0.6879501342773438,0.9359966516494751,0.8904762268066406,0.8992857336997986,0.9157708287239075,0.08422843366861343,0.7307898998260498,0.9314447045326233,0.8992867469787598,0.9106124639511108
85.0,0.0,0.9112806916236877,0.08871940523386002,0.6987166404724121,0.9349506497383118,0.8931926488876343,0.9029045104980469,0.9066089987754822,0.09339144080877304,0.6881775856018066,0.9356359243392944,0.8883326649665833,0.8961403369903564
85.0,1.0,0.9101332426071167,0.08986640721559525,0.6945621371269226,0.9349631667137146,0.8929786086082458,0.9023597240447998,0.9111900329589844,0.08880994468927383,0.7067819237709045,0.9355858564376831,0.8891111016273499,0.8983176946640015
85.0,2.0,0.9100527167320251,0.08994704484939575,0.7096021771430969,0.9339858889579773,0.8920450806617737,0.9009997248649597,0.911518394947052,0.08848141878843307,0.6458863615989685,0.9394971132278442,0.8929460048675537,0.9037618041038513
85.0,3.0,0.911270022392273,0.08872967213392258,0.6927102208137512,0.9355402588844299,0.8924486637115479,0.9022043347358704,0.9066495895385742,0.09335065633058548,0.7146720290184021,0.9332700371742249,0.8913013339042664,0.8989405035972595
85.0,4.0,0.9089919328689575,0.09100745618343353,0.6885994672775269,0.9359961152076721,0.8904861211776733,0.8992879986763,0.9157752394676208,0.0842251107096672,0.7305074334144592,0.9314448833465576,0.8993636965751648,0.9106132984161377
86.0,0.0,0.9112837314605713,0.08871576189994812,0.6995412707328796,0.9349504113197327,0.8931865096092224,0.9029074311256409,0.9066134095191956,0.09338707476854324,0.686810314655304,0.9356362819671631,0.8884634971618652,0.8961455225944519
86.0,1.0,0.9101375341415405,0.0898623988032341,0.6950311064720154,0.9349621534347534,0.8929956555366516,0.9023609757423401,0.9111926555633545,0.08880726248025894,0.7061742544174194,0.9355860948562622,0.8892245888710022,0.8983199000358582
86.0,2.0,0.9100549817085266,0.08994358777999878,0.7101333737373352,0.9339866042137146,0.8920653462409973,0.9010013937950134,0.9115228056907654,0.08847754448652267,0.6464585065841675,0.9394974708557129,0.8929523825645447,0.9037714004516602
86.0,3.0,0.9112739562988281,0.08872619271278381,0.6933872699737549,0.9355416297912598,0.8924519419670105,0.9022078514099121,0.9066533446311951,0.09334702789783478,0.7160792350769043,0.933270275592804,0.891258955001831,0.8989446759223938
86.0,4.0,0.9089946746826172,0.09100335836410522,0.6892186999320984,0.9359978437423706,0.8904889225959778,0.8992947936058044,0.9157771468162537,0.084222711622715,0.7324526906013489,0.9314447045326233,0.8992847800254822,0.9106156826019287
87.0,0.0,0.9112882614135742,0.0887124091386795,0.7000752687454224,0.9349510669708252,0.8932086825370789,0.9029107689857483,0.9066163897514343,0.09338360279798508,0.6893871426582336,0.9356361031532288,0.8883486390113831,0.8961514830589294
87.0,1.0,0.9101419448852539,0.08985856920480728,0.6957290768623352,0.9349625706672668,0.8929954767227173,0.9023674726486206,0.9111974835395813,0.08880280703306198,0.7072793245315552,0.9355863928794861,0.8891636729240417,0.8983256816864014
87.0,2.0,0.9100602865219116,0.08993952721357346,0.7110062837600708,0.933986246585846,0.8920552134513855,0.9010064005851746,0.9115263819694519,0.08847364783287048,0.6462629437446594,0.9394969344139099,0.893001914024353,0.9037701487541199
87.0,3.0,0.9112781882286072,0.08872288465499878,0.6938730478286743,0.9355409741401672,0.8924788236618042,0.9022097587585449,0.9066581130027771,0.09334176778793335,0.7157947421073914,0.9332708120346069,0.8913283944129944,0.8989459872245789
87.0,4.0,0.9090005159378052,0.09099910408258438,0.6899648904800415,0.9359968304634094,0.8905083537101746,0.8992984294891357,0.9157805442810059,0.08421988040208817,0.7319121956825256,0.931444525718689,0.899366557598114,0.9106170535087585
88.0,0.0,0.9112913012504578,0.08870825171470642,0.7009274959564209,0.934950053691864,0.8932077884674072,0.9029152989387512,0.9066217541694641,0.09337872266769409,0.688334584236145,0.9356365203857422,0.8885185122489929,0.8961582779884338
88.0,1.0,0.9101454019546509,0.08985469490289688,0.6965672373771667,0.93496173620224,0.8929966688156128,0.9023718237876892,0.911201000213623,0.08879881352186203,0.7075838446617126,0.9355860352516174,0.8892572522163391,0.8983320593833923
88.0,2.0,0.9100645780563354,0.08993571251630783,0.711638867855072,0.9339870810508728,0.8920787572860718,0.901011049747467,0.9115299582481384,0.08847009390592575,0.647537112236023,0.9394969344139099,0.8929593563079834,0.9037763476371765
88.0,3.0,0.911281406879425,0.08871886879205704,0.6946646571159363,0.9355407357215881,0.8924607038497925,0.9022132754325867,0.9066615104675293,0.09333856403827667,0.7161839008331299,0.9332705736160278,0.8913699388504028,0.8989530205726624
88.0,4.0,0.9090045094490051,0.09099550545215607,0.6904948949813843,0.9359968900680542,0.8904845714569092,0.8993011713027954,0.915782630443573,0.08421741425991058,0.7341950535774231,0.9314447641372681,0.899203896522522,0.9106199145317078
89.0,0.0,0.9112946391105652,0.08870504051446915,0.7015964984893799,0.9349496364593506,0.8932012319564819,0.9029183387756348,0.9066252112388611,0.09337501972913742,0.6897149682044983,0.9356368780136108,0.8884367346763611,0.8961635828018188
89.0,1.0,0.9101483225822449,0.08985086530447006,0.697024405002594,0.9349624514579773,0.8930126428604126,0.9023746252059937,0.9112033247947693,0.08879641443490982,0.7091764807701111,0.9355863332748413,0.8891652822494507,0.8983288407325745
89.0,2.0,0.9100680351257324,0.08993181586265564,0.7125309109687805,0.9339866042137146,0.8920699954032898,0.9010130763053894,0.9115349054336548,0.0884653627872467,0.6472232341766357,0.9394971132278442,0.8930613994598389,0.9037750959396362
89.0,3.0,0.9112862944602966,0.08871491253376007,0.695302426815033,0.9355406761169434,0.8924778699874878,0.9022175669670105,0.9066634178161621,0.0933370515704155,0.7192263007164001,0.9332704544067383,0.8911339044570923,0.8989599943161011
89.0,4.0,0.909008264541626,0.0909917801618576,0.6913284063339233,0.9359967708587646,0.8904883861541748,0.8993031978607178,0.9157865643501282,0.08421319723129272,0.7336093783378601,0.9314451217651367,0.8993053436279297,0.9106239080429077
90.0,0.0,0.9113012552261353,0.08869817107915878,0.7021715641021729,0.9349508285522461,0.8932135701179504,0.9029219746589661,0.9066349864006042,0.09336548298597336,0.6904433369636536,0.9356364011764526,0.8884502649307251,0.8961730599403381
90.0,1.0,0.9101557731628418,0.08984405547380447,0.6975708603858948,0.9349628686904907,0.8930085301399231,0.9023814797401428,0.9112107753753662,0.08878915011882782,0.7087843418121338,0.9355859160423279,0.8892526626586914,0.8983359932899475
90.0,2.0,0.9100744724273682,0.08992549031972885,0.7126503586769104,0.9339861869812012,0.8920788168907166,0.9010197520256042,0.9115405678749084,0.08845929801464081,0.6483684778213501,0.9394971132278442,0.8929665088653564,0.9037818312644958
90.0,3.0,0.9112910032272339,0.0887092649936676,0.6954540610313416,0.9355412125587463,0.8924755454063416,0.9022224545478821,0.9066701531410217,0.09332973510026932,0.7173376083374023,0.9332701563835144,0.8913521766662598,0.8989600539207458
90.0,4.0,0.9090136289596558,0.09098590165376663,0.6913355588912964,0.9359968304634094,0.8904976844787598,0.899310290813446,0.9157882928848267,0.08421154320240021,0.7337056398391724,0.9314449429512024,0.8993296027183533,0.9106287956237793
91.0,0.0,0.9113028049468994,0.08869724720716476,0.7021489143371582,0.9349497556686401,0.8932155966758728,0.9029227495193481,0.9066348671913147,0.0933651253581047,0.6907110214233398,0.9356366991996765,0.8884356617927551,0.8961736559867859
91.0,1.0,0.9101548194885254,0.08984348177909851,0.697694718837738,0.9349619150161743,0.8930041790008545,0.9023817777633667,0.9112117886543274,0.08878841251134872,0.7085859775543213,0.935586154460907,0.8892744779586792,0.8983367085456848
91.0,2.0,0.9100751280784607,0.08992508053779602,0.7126320600509644,0.9339869022369385,0.8920950293540955,0.9010190963745117,0.9115414023399353,0.08845876902341843,0.6485732793807983,0.9394972324371338,0.8929510116577148,0.9037817716598511
91.0,3.0,0.9112914800643921,0.08870894461870193,0.695615291595459,0.9355399012565613,0.8924669623374939,0.9022231101989746,0.9066706895828247,0.09332914650440216,0.7171739339828491,0.9332697987556458,0.8913925886154175,0.8989611864089966
91.0,4.0,0.9090149402618408,0.09098540991544724,0.691333532333374,0.9359967708587646,0.8905016183853149,0.8993100523948669,0.9157887101173401,0.08421072363853455,0.7340815663337708,0.9314450025558472,0.899310290813446,0.9106268286705017
92.0,0.0,0.9113032221794128,0.08869675546884537,0.7022392153739929,0.934949517250061,0.8932112455368042,0.9029238224029541,0.9066348671913147,0.09336499124765396,0.6907467246055603,0.9356362223625183,0.8884377479553223,0.8961730599403381
92.0,1.0,0.9101564288139343,0.08984291553497314,0.6977563500404358,0.9349626898765564,0.893007755279541,0.9023818969726562,0.9112120270729065,0.08878804743289948,0.7088371515274048,0.935586154460907,0.889256477355957,0.8983380794525146
92.0,2.0,0.9100753664970398,0.08992452174425125,0.7127519249916077,0.9339866638183594,0.8920958042144775,0.9010199308395386,0.9115416407585144,0.08845845609903336,0.6483069062232971,0.9394971132278442,0.8929728865623474,0.9037833213806152
92.0,3.0,0.9112916588783264,0.0887085348367691,0.6956256628036499,0.935541033744812,0.8924755454063416,0.9022229909896851,0.9066712856292725,0.09332869201898575,0.7174797654151917,0.9332703351974487,0.8913432359695435,0.8989632725715637
92.0,4.0,0.9090151786804199,0.0909850001335144,0.6913964152336121,0.9359971880912781,0.8904962539672852,0.8993111848831177,0.9157894849777222,0.08421017974615097,0.7344133257865906,0.9314448833465576,0.8992733359336853,0.9106265902519226
93.0,0.0,0.9113039374351501,0.08869622647762299,0.7024076581001282,0.9349502921104431,0.8932042121887207,0.9029242396354675,0.9066353440284729,0.09336450695991516,0.6903859376907349,0.9356365203857422,0.8884761333465576,0.8961730003356934
93.0,1.0,0.9101576805114746,0.08984250575304031,0.6976668834686279,0.9349629282951355,0.8930237293243408,0.9023823738098145,0.9112123847007751,0.0887877494096756,0.709351122379303,0.9355868101119995,0.889229953289032,0.8983380198478699
93.0,2.0,0.9100764989852905,0.08992408215999603,0.7128555774688721,0.933986485004425,0.8920884132385254,0.9010210633277893,0.9115427732467651,0.08845745027065277,0.6488597393035889,0.9394974708557129,0.8929416537284851,0.9037829637527466
93.0,3.0,0.9112918972969055,0.08870795369148254,0.6957610845565796,0.9355409741401672,0.8924686908721924,0.9022242426872253,0.9066715240478516,0.09332825243473053,0.7172420024871826,0.9332706928253174,0.8913724422454834,0.8989644646644592
93.0,4.0,0.9090142846107483,0.09098446369171143,0.6914690732955933,0.9359971880912781,0.8905026316642761,0.8993119597434998,0.9157899618148804,0.08420975506305695,0.7343426942825317,0.931444525718689,0.8992996215820312,0.9106270670890808
94.0,0.0,0.9113044142723083,0.08869577199220657,0.7024514675140381,0.9349498748779297,0.89320969581604,0.9029253125190735,0.9066357612609863,0.0933641791343689,0.6905701756477356,0.9356364607810974,0.8884575963020325,0.8961755633354187
94.0,1.0,0.9101584553718567,0.08984201401472092,0.6977963447570801,0.9349629878997803,0.8930133581161499,0.902382493019104,0.9112125039100647,0.08878761529922485,0.709280788898468,0.9355863332748413,0.8892197012901306,0.8983394503593445
94.0,2.0,0.9100754261016846,0.08992378413677216,0.7128869891166687,0.9339863657951355,0.8920834064483643,0.901021420955658,0.9115440249443054,0.0884566381573677,0.6487106084823608,0.9394978284835815,0.8929552435874939,0.9037864804267883
94.0,3.0,0.9112926721572876,0.08870740979909897,0.6958103775978088,0.9355416893959045,0.8924651145935059,0.9022251963615417,0.9066721200942993,0.09332782030105591,0.7176088690757751,0.9332706332206726,0.8913618922233582,0.8989649415016174
94.0,4.0,0.9090157747268677,0.09098388999700546,0.6914452910423279,0.9359965324401855,0.890505850315094,0.8993142247200012,0.9157902598381042,0.08420950174331665,0.7343770265579224,0.9314448833465576,0.8993010520935059,0.9106282591819763
95.0,0.0,0.9113053679466248,0.08869513869285583,0.7025170922279358,0.9349510669708252,0.8932057619094849,0.9029256701469421,0.9066363573074341,0.09336383640766144,0.6907901763916016,0.9356359839439392,0.8884478211402893,0.8961751461029053
95.0,1.0,0.9101580381393433,0.08984144777059555,0.6978865265846252,0.9349631667137146,0.8930148482322693,0.9023853540420532,0.9112123847007751,0.08878720551729202,0.7092501521110535,0.9355862736701965,0.8892313838005066,0.8983390927314758
95.0,2.0,0.910076379776001,0.08992350846529007,0.7129886746406555,0.9339861869812012,0.8920865654945374,0.9010224342346191,0.9115443825721741,0.08845560997724533,0.6487630605697632,0.9394973516464233,0.8929581642150879,0.9037864208221436
95.0,3.0,0.9112933874130249,0.08870697021484375,0.6957587003707886,0.9355414509773254,0.8924812078475952,0.9022243618965149,0.9066720604896545,0.09332726895809174,0.7175986170768738,0.9332704544067383,0.8913654685020447,0.8989652395248413
95.0,4.0,0.9090164303779602,0.09098341315984726,0.6916043758392334,0.9359978437423706,0.8905002474784851,0.8993147015571594,0.9157909750938416,0.08420901745557785,0.7342733144760132,0.9314450025558472,0.8993070125579834,0.910627007484436
96.0,0.0,0.9113050103187561,0.08869469165802002,0.702531099319458,0.9349493384361267,0.8932105898857117,0.902926504611969,0.9066370725631714,0.09336332231760025,0.6906272768974304,0.9356362223625183,0.888463020324707,0.8961763978004456
96.0,1.0,0.9101595282554626,0.08984098583459854,0.6979429721832275,0.9349625706672668,0.8930099606513977,0.9023833870887756,0.9112132787704468,0.08878685534000397,0.7092887759208679,0.9355858564376831,0.8892455697059631,0.8983401656150818
96.0,2.0,0.9100764989852905,0.08992303162813187,0.7131077647209167,0.9339864253997803,0.8920841217041016,0.9010220170021057,0.9115450978279114,0.08845476806163788,0.6487472057342529,0.939497172832489,0.8929576873779297,0.9037868976593018
96.0,3.0,0.911294162273407,0.08870653808116913,0.695864737033844,0.9355409145355225,0.892481803894043,0.9022256135940552,0.9066728949546814,0.09332685172557831,0.7178832292556763,0.9332703948020935,0.8913435935974121,0.8989649415016174
96.0,4.0,0.9090175032615662,0.09098304063081741,0.6917173862457275,0.9359978437423706,0.8905020952224731,0.8993163704872131,0.9157914519309998,0.0842086523771286,0.7344101071357727,0.9314451217651367,0.8993023037910461,0.9106283187866211
97.0,0.0,0.9113064408302307,0.08869416266679764,0.7025986909866333,0.934949517250061,0.8932172656059265,0.9029266834259033,0.9066373705863953,0.09336312860250473,0.690517246723175,0.9356367588043213,0.8884812593460083,0.8961755633354187
97.0,1.0,0.910159170627594,0.08984051644802094,0.6979811191558838,0.9349628686904907,0.893017053604126,0.9023860096931458,0.9112135171890259,0.08878640085458755,0.7092981934547424,0.9355860352516174,0.8892462253570557,0.8983405232429504
97.0,2.0,0.9100778698921204,0.08992261439561844,0.7131446599960327,0.9339869618415833,0.8920930624008179,0.9010224342346191,0.911545991897583,0.08845394104719162,0.6489835977554321,0.9394969940185547,0.8929325938224792,0.9037876129150391
97.0,3.0,0.9112932682037354,0.08870597928762436,0.6958958506584167,0.9355412721633911,0.892474353313446,0.9022260904312134,0.9066738486289978,0.09332631528377533,0.71782386302948,0.9332704544067383,0.8913372755050659,0.8989641070365906
97.0,4.0,0.9090175628662109,0.09098254144191742,0.6917555928230286,0.9359968900680542,0.8905022144317627,0.8993152379989624,0.9157914519309998,0.08420852571725845,0.7345007061958313,0.9314448833465576,0.8993006944656372,0.910630464553833
98.0,0.0,0.9113056659698486,0.08869379013776779,0.7026662230491638,0.9349497556686401,0.8932123780250549,0.9029271602630615,0.9066373705863953,0.09336265921592712,0.6909670233726501,0.9356366395950317,0.8884469270706177,0.8961755037307739
98.0,1.0,0.9101602435112,0.08984001725912094,0.6980570554733276,0.9349629878997803,0.8930108547210693,0.902385950088501,0.9112139344215393,0.0887860581278801,0.7093381285667419,0.9355859160423279,0.8892571926116943,0.8983412981033325
98.0,2.0,0.9100774526596069,0.08992233872413635,0.7132229804992676,0.9339859485626221,0.8920945525169373,0.9010236859321594,0.9115467667579651,0.0884532704949379,0.6488031148910522,0.9394972324371338,0.8929746747016907,0.9037867188453674
98.0,3.0,0.9112944006919861,0.08870566636323929,0.6959621906280518,0.9355409145355225,0.8924834728240967,0.9022253751754761,0.9066734910011292,0.09332595020532608,0.7178342938423157,0.9332706928253174,0.8913596868515015,0.8989649415016174
98.0,4.0,0.9090166687965393,0.09098198264837265,0.6917902827262878,0.9359977841377258,0.8905065655708313,0.8993149995803833,0.9157918691635132,0.08420836925506592,0.7343840599060059,0.931444525718689,0.8993196487426758,0.9106295704841614
99.0,0.0,0.911306619644165,0.08869323879480362,0.7026984095573425,0.934950053691864,0.8932176232337952,0.9029279351234436,0.9066377878189087,0.09336239099502563,0.6910822987556458,0.9356366395950317,0.8884453773498535,0.8961758017539978
99.0,1.0,0.9101601839065552,0.08983946591615677,0.6980668902397156,0.9349624514579773,0.8930121064186096,0.9023857116699219,0.9112143516540527,0.08878577500581741,0.7095672488212585,0.9355860948562622,0.889232873916626,0.8983401656150818
99.0,2.0,0.9100781083106995,0.08992192894220352,0.7132055163383484,0.9339866042137146,0.8920899033546448,0.9010244607925415,0.9115479588508606,0.08845211565494537,0.6492720246315002,0.9394973516464233,0.8929221630096436,0.9037872552871704
99.0,3.0,0.9112951755523682,0.08870504796504974,0.6960373520851135,0.9355419278144836,0.8924728631973267,0.9022261500358582,0.9066742658615112,0.0933256521821022,0.717975914478302,0.9332705736160278,0.8913509845733643,0.8989653587341309
99.0,4.0,0.9090182781219482,0.09098132699728012,0.6918911337852478,0.9359967708587646,0.8905051350593567,0.8993152379989624,0.91579270362854,0.0842076987028122,0.7347203493118286,0.9314446449279785,0.8992927670478821,0.910632312297821
100.0,0.0,0.9113066792488098,0.0886925533413887,0.7027562856674194,0.9349503517150879,0.8932145833969116,0.9029296040534973,0.906637966632843,0.09336194396018982,0.6912236213684082,0.9356364607810974,0.8884428143501282,0.8961755633354187
100.0,1.0,0.9101607799530029,0.08983878791332245,0.6982300877571106,0.9349626302719116,0.8930163383483887,0.9023867249488831,0.9112142324447632,0.08878546208143234,0.7094764709472656,0.9355862736701965,0.8892436027526855,0.8983410000801086
100.0,2.0,0.9100783467292786,0.08992156386375427,0.7133080363273621,0.9339870810508728,0.8920822143554688,0.9010227918624878,0.9115501642227173,0.08845008909702301,0.6487923860549927,0.9394974708557129,0.8929657936096191,0.9037907123565674
100.0,3.0,0.9112959504127502,0.08870422840118408,0.6961466670036316,0.9355406761169434,0.8924840092658997,0.9022266268730164,0.9066747426986694,0.09332533180713654,0.7179188132286072,0.9332704544067383,0.8913756608963013,0.8989671468734741
100.0,4.0,0.9090195894241333,0.09098061174154282,0.6919311881065369,0.9359974265098572,0.8905110359191895,0.8993154764175415,0.9157926440238953,0.08420742303133011,0.7346341013908386,0.9314451217651367,0.8993017673492432,0.9106311798095703
101.0,0.0,0.9113079309463501,0.08869179338216782,0.7028600573539734,0.9349510073661804,0.8932094573974609,0.902929961681366,0.9066380858421326,0.09336169809103012,0.6911501288414001,0.9356364607810974,0.8884567618370056,0.8961750268936157
101.0,1.0,0.9101623296737671,0.08983804285526276,0.6982069611549377,0.9349625706672668,0.8930196166038513,0.9023864269256592,0.9112148880958557,0.08878505975008011,0.7094985246658325,0.9355866312980652,0.8892496824264526,0.8983417749404907
101.0,2.0,0.9100791215896606,0.08992130309343338,0.7133712768554688,0.9339858889579773,0.8920931220054626,0.9010236263275146,0.9115518927574158,0.08844852447509766,0.6489793658256531,0.939497709274292,0.8929653167724609,0.9037911891937256
101.0,3.0,0.9112960696220398,0.08870366215705872,0.6961277723312378,0.9355414509773254,0.8924800157546997,0.9022278785705566,0.9066743850708008,0.09332487732172012,0.7182063460350037,0.9332701563835144,0.8913487792015076,0.898967444896698
101.0,4.0,0.9090200066566467,0.09097987413406372,0.6920479536056519,0.9359966516494751,0.890499472618103,0.8993163704872131,0.9157924652099609,0.0842071995139122,0.7347054481506348,0.9314449429512024,0.8992961645126343,0.9106336236000061
102.0,0.0,0.911308228969574,0.08869119733572006,0.7028764486312866,0.9349498152732849,0.8932202458381653,0.9029311537742615,0.9066388607025146,0.09336107969284058,0.690972089767456,0.9356362223625183,0.8884714841842651,0.8961777687072754
102.0,1.0,0.9101623296737671,0.08983723819255829,0.6982922554016113,0.9349629282951355,0.8930119276046753,0.9023891091346741,0.9112149477005005,0.08878478407859802,0.709671139717102,0.9355863928794861,0.8892418742179871,0.8983412384986877
102.0,2.0,0.9100792407989502,0.08992090821266174,0.7134073972702026,0.9339864253997803,0.892093300819397,0.9010244607925415,0.9115533232688904,0.088446706533432,0.649196207523346,0.9394976496696472,0.8929388523101807,0.9037946462631226
102.0,3.0,0.9112969636917114,0.0887029841542244,0.6962208151817322,0.9355419874191284,0.8924723863601685,0.902228057384491,0.9066754579544067,0.09332436323165894,0.7180967330932617,0.9332704544067383,0.8913795351982117,0.8989680409431458
102.0,4.0,0.9090198874473572,0.09097929298877716,0.6919607520103455,0.9359980225563049,0.8905017375946045,0.8993171453475952,0.9157938361167908,0.08420683443546295,0.7351664900779724,0.9314447045326233,0.8992706537246704,0.9106320142745972
103.0,0.0,0.9113093018531799,0.08869053423404694,0.7029832601547241,0.9349501132965088,0.8932163715362549,0.9029313921928406,0.9066389799118042,0.0933607667684555,0.6910415291786194,0.9356361627578735,0.888473391532898,0.8961781859397888
103.0,1.0,0.9101627469062805,0.08983666449785233,0.6984052658081055,0.9349629282951355,0.8930158019065857,0.9023876786231995,0.9112158417701721,0.08878447860479355,0.7094307541847229,0.9355865716934204,0.8892648220062256,0.8983414173126221
103.0,2.0,0.9100796580314636,0.08992062509059906,0.7134392857551575,0.9339866042137146,0.8920943140983582,0.9010254144668579,0.9115544557571411,0.0884450376033783,0.649182915687561,0.939498245716095,0.8929485082626343,0.9037948250770569
103.0,3.0,0.9112986922264099,0.08870229870080948,0.6963852643966675,0.9355401992797852,0.8924770951271057,0.9022288918495178,0.9066759347915649,0.09332407265901566,0.7179667949676514,0.9332703948020935,0.8913859128952026,0.8989691138267517
103.0,4.0,0.9090210795402527,0.09097848832607269,0.6921095848083496,0.9359977841377258,0.8905103802680969,0.8993159532546997,0.9157938361167908,0.08420658111572266,0.7352017164230347,0.9314450025558472,0.8992747068405151,0.9106331467628479
104.0,0.0,0.9113091826438904,0.08868972212076187,0.7030435800552368,0.934950053691864,0.8932031989097595,0.9029322266578674,0.9066394567489624,0.09336050599813461,0.6913412809371948,0.9356364607810974,0.8884544968605042,0.8961758017539978
104.0,1.0,0.9101644158363342,0.08983582258224487,0.6984286308288574,0.9349624514579773,0.8930190205574036,0.9023883938789368,0.9112160205841064,0.08878420293331146,0.7096046209335327,0.935586154460907,0.8892598152160645,0.8983414173126221
104.0,2.0,0.910079836845398,0.08992022275924683,0.7134906649589539,0.9339871406555176,0.8920933604240417,0.9010249972343445,0.9115573167800903,0.08844293653964996,0.6491855382919312,0.9394980072975159,0.892960786819458,0.9037997126579285
104.0,3.0,0.9112993478775024,0.08870156109333038,0.6963194608688354,0.9355412721633911,0.892488420009613,0.9022316336631775,0.906676173210144,0.09332382678985596,0.7183488607406616,0.9332703948020935,0.8913508057594299,0.8989668488502502
104.0,4.0,0.9090218544006348,0.09097780287265778,0.6921653747558594,0.9359970092773438,0.8905066847801208,0.8993197083473206,0.9157931804656982,0.08420614153146744,0.7349401116371155,0.9314449429512024,0.8992990851402283,0.9106317758560181
105.0,0.0,0.9113108515739441,0.08868911117315292,0.7030050754547119,0.9349504113197327,0.8932200074195862,0.9029319882392883,0.9066402912139893,0.09335994720458984,0.6914246082305908,0.9356364011764526,0.8884496092796326,0.8961777091026306
105.0,1.0,0.9101651906967163,0.08983504772186279,0.6984748244285583,0.9349622130393982,0.8930134177207947,0.9023903608322144,0.9112159609794617,0.08878379315137863,0.7098582983016968,0.9355860948562622,0.8892465233802795,0.8983424305915833
105.0,2.0,0.9100803136825562,0.08991994708776474,0.7135775089263916,0.9339858889579773,0.8920921087265015,0.9010253548622131,0.9115590453147888,0.08844142407178879,0.6490645408630371,0.9394981265068054,0.8929846286773682,0.9038025140762329
105.0,3.0,0.9112983345985413,0.08870088309049606,0.6964885592460632,0.9355418682098389,0.8924807906150818,0.9022315144538879,0.9066762924194336,0.09332336485385895,0.7179908156394958,0.9332698583602905,0.8913929462432861,0.8989691138267517
105.0,4.0,0.9090230464935303,0.09097698330879211,0.6922191977500916,0.9359974265098572,0.8905144929885864,0.8993209600448608,0.9157938361167908,0.08420590311288834,0.7348986864089966,0.9314447641372681,0.899311363697052,0.9106321930885315
106.0,0.0,0.9113109111785889,0.08868850022554398,0.7030794620513916,0.9349508285522461,0.8932218551635742,0.9029328227043152,0.9066405892372131,0.09335973113775253,0.6915861368179321,0.9356359839439392,0.8884435296058655,0.8961774110794067
106.0,1.0,0.9101647138595581,0.08983456343412399,0.6985124349594116,0.9349627494812012,0.893017053604126,0.9023905396461487,0.9112166166305542,0.08878348767757416,0.709822952747345,0.9355862736701965,0.8892542719841003,0.8983415365219116
106.0,2.0,0.9100805521011353,0.08991948515176773,0.7135404348373413,0.933986246585846,0.892104983329773,0.9010257720947266,0.9115602970123291,0.08844010531902313,0.6495896577835083,0.9394981265068054,0.8929337859153748,0.9038007855415344
106.0,3.0,0.9112996459007263,0.08870036154985428,0.6965087056159973,0.9355416893959045,0.8924846649169922,0.9022311568260193,0.9066769480705261,0.09332290291786194,0.7182445526123047,0.9332703948020935,0.8913784027099609,0.8989706039428711
106.0,4.0,0.9090237617492676,0.0909765437245369,0.6923431158065796,0.9359977841377258,0.8905041813850403,0.8993221521377563,0.9157943725585938,0.08420568704605103,0.7352314591407776,0.9314448833465576,0.8992868065834045,0.9106331467628479
107.0,0.0,0.9113121628761292,0.08868790417909622,0.7031323313713074,0.934950053691864,0.8932234644889832,0.9029343724250793,0.9066405296325684,0.0933595672249794,0.6919593811035156,0.9356362819671631,0.8884156346321106,0.8961752653121948
107.0,1.0,0.91016685962677,0.08983412384986877,0.6985876560211182,0.9349628686904907,0.8930191397666931,0.9023918509483337,0.9112167358398438,0.0887831375002861,0.7100010514259338,0.9355863332748413,0.8892437219619751,0.8983407020568848
107.0,2.0,0.9100810885429382,0.0899190828204155,0.7137055993080139,0.9339873790740967,0.8920972943305969,0.9010266065597534,0.9115615487098694,0.08843876421451569,0.6495354771614075,0.9394981861114502,0.8929423093795776,0.9038024544715881
107.0,3.0,0.9113003015518188,0.08869978040456772,0.6964800357818604,0.9355419874191284,0.892483651638031,0.9022319912910461,0.9066771864891052,0.09332282096147537,0.7187557220458984,0.933270275592804,0.8913421630859375,0.8989670872688293
107.0,4.0,0.9090238213539124,0.09097599238157272,0.6923754811286926,0.9359974265098572,0.890504002571106,0.8993198871612549,0.9157945513725281,0.08420532196760178,0.7349770665168762,0.9314447045326233,0.8993240594863892,0.9106321334838867
108.0,0.0,0.9113128185272217,0.08868734538555145,0.7031559944152832,0.9349501132965088,0.8932272791862488,0.9029337167739868,0.9066409468650818,0.09335895627737045,0.691511869430542,0.9356366991996765,0.8884570598602295,0.8961772322654724
108.0,1.0,0.910166323184967,0.08983341604471207,0.698623776435852,0.9349632263183594,0.8930197358131409,0.9023918509483337,0.9112170934677124,0.08878274261951447,0.7098286151885986,0.9355857372283936,0.8892568349838257,0.8983417749404907
108.0,2.0,0.9100812077522278,0.08991881459951401,0.7136797904968262,0.9339866042137146,0.8920974731445312,0.90102618932724,0.9115628004074097,0.08843741565942764,0.6495221853256226,0.939498245716095,0.8929582834243774,0.9038029313087463
108.0,3.0,0.9113000631332397,0.08869913220405579,0.6966280341148376,0.9355408549308777,0.8924831748008728,0.9022310376167297,0.9066775441169739,0.09332211315631866,0.7182941436767578,0.9332700967788696,0.8913894295692444,0.8989693522453308
108.0,4.0,0.9090238213539124,0.0909753143787384,0.6923455595970154,0.9359976649284363,0.8905159831047058,0.8993210792541504,0.915794849395752,0.08420515805482864,0.7350566387176514,0.9314452409744263,0.8993133902549744,0.9106336832046509
109.0,0.0,0.9113127589225769,0.08868669718503952,0.7033059597015381,0.9349498748779297,0.8932212591171265,0.902934193611145,0.9066413640975952,0.09335864335298538,0.6915749311447144,0.9356362819671631,0.8884590864181519,0.8961790204048157
109.0,1.0,0.9101676344871521,0.08983268588781357,0.6986271739006042,0.9349626302719116,0.8930286169052124,0.902393639087677,0.9112177491188049,0.0887826681137085,0.7104008793830872,0.935586154460907,0.8892152905464172,0.8983434438705444
109.0,2.0,0.9100818634033203,0.08991846442222595,0.713862955570221,0.9339864253997803,0.8920896053314209,0.90102618932724,0.911564826965332,0.08843502402305603,0.6495538353919983,0.9394986033439636,0.8929563164710999,0.9038049578666687
109.0,3.0,0.9113010764122009,0.08869839459657669,0.696626603603363,0.9355412721633911,0.8924849033355713,0.902232825756073,0.9066782593727112,0.09332180768251419,0.7183013558387756,0.9332701563835144,0.8913951516151428,0.8989700675010681
109.0,4.0,0.9090259075164795,0.09097448736429214,0.6923659443855286,0.9359971880912781,0.8905208110809326,0.8993223905563354,0.9157951474189758,0.08420483767986298,0.7354038953781128,0.9314444661140442,0.8992798924446106,0.9106327891349792
110.0,0.0,0.9113145470619202,0.08868589997291565,0.7033279538154602,0.9349497556686401,0.8932213187217712,0.9029367566108704,0.9066420197486877,0.09335816651582718,0.6914197206497192,0.9356359839439392,0.8884797692298889,0.8961799144744873
110.0,1.0,0.9101675152778625,0.08983191847801208,0.6988118886947632,0.9349627494812012,0.8930224776268005,0.9023929834365845,0.9112171530723572,0.08878222107887268,0.7097306251525879,0.9355859160423279,0.8892849683761597,0.8983427882194519
110.0,2.0,0.9100821018218994,0.08991825580596924,0.7138855457305908,0.9339867234230042,0.892098069190979,0.9010272026062012,0.9115661978721619,0.08843336254358292,0.6493886113166809,0.9394989013671875,0.8929891586303711,0.9038096070289612
110.0,3.0,0.911302387714386,0.088697649538517,0.6966621279716492,0.9355416893959045,0.8924906253814697,0.9022341966629028,0.9066784381866455,0.09332151710987091,0.7187821865081787,0.9332705736160278,0.8913549780845642,0.8989672064781189
110.0,4.0,0.9090259075164795,0.090973861515522,0.6924251317977905,0.9359977841377258,0.8905209302902222,0.8993226289749146,0.9157953262329102,0.08420464396476746,0.7354512214660645,0.9314449429512024,0.8992924690246582,0.910634458065033
111.0,0.0,0.9113150835037231,0.08868519961833954,0.703373372554779,0.9349510073661804,0.8932256698608398,0.9029369950294495,0.9066424369812012,0.09335801750421524,0.6920727491378784,0.9356366395950317,0.8884280323982239,0.8961789608001709
111.0,1.0,0.9101680517196655,0.0898313820362091,0.6987351775169373,0.9349634647369385,0.8930193185806274,0.9023953080177307,0.9112184047698975,0.08878184854984283,0.710269570350647,0.9355863928794861,0.8892405033111572,0.8983429074287415
111.0,2.0,0.9100822806358337,0.0899178609251976,0.7139631509780884,0.9339855909347534,0.8920916318893433,0.9010270833969116,0.9115679860115051,0.08843240141868591,0.6498249173164368,0.939498245716095,0.8929413557052612,0.9038099050521851
111.0,3.0,0.9113020896911621,0.08869700133800507,0.6967360973358154,0.9355418682098389,0.8924829363822937,0.9022341966629028,0.906678318977356,0.09332098066806793,0.7187916040420532,0.9332708120346069,0.8913641571998596,0.8989680409431458
111.0,4.0,0.9090270400047302,0.09097317606210709,0.6924419403076172,0.9359973669052124,0.8905209898948669,0.899324357509613,0.9157954454421997,0.08420448005199432,0.735157310962677,0.9314447641372681,0.8993200063705444,0.9106321334838867
112.0,0.0,0.9113149642944336,0.08868473023176193,0.7034583687782288,0.9349499940872192,0.893223226070404,0.9029375314712524,0.9066426753997803,0.09335748851299286,0.6920959949493408,0.9356365203857422,0.8884279727935791,0.896180272102356
112.0,1.0,0.9101684093475342,0.08983086794614792,0.6988487839698792,0.9349633455276489,0.8930191397666931,0.9023951292037964,0.9112179279327393,0.08878152817487717,0.710064709186554,0.9355860352516174,0.8892624378204346,0.8983434438705444
112.0,2.0,0.9100823402404785,0.08991748094558716,0.7139433026313782,0.9339866638183594,0.8920981884002686,0.901026725769043,0.9115679264068604,0.08843162655830383,0.6495184898376465,0.9394981861114502,0.8929660320281982,0.9038118720054626
112.0,3.0,0.9113035202026367,0.08869674056768417,0.696748673915863,0.9355406761169434,0.8924897313117981,0.9022360444068909,0.9066790342330933,0.09332074970006943,0.7187263369560242,0.9332704544067383,0.8913700580596924,0.8989682793617249
112.0,4.0,0.9090279340744019,0.09097281843423843,0.6924777030944824,0.9359984993934631,0.8905158638954163,0.8993238806724548,0.9157960414886475,0.08420387655496597,0.735596776008606,0.9314448833465576,0.8992882966995239,0.9106345176696777
113.0,0.0,0.9113156199455261,0.08868427574634552,0.7034419178962708,0.9349503517150879,0.8932206034660339,0.9029369950294495,0.9066430926322937,0.09335705637931824,0.691502571105957,0.9356364607810974,0.8884773850440979,0.8961812257766724
113.0,1.0,0.910169243812561,0.08983046561479568,0.6988643407821655,0.9349626302719116,0.8930202722549438,0.9023952484130859,0.9112186431884766,0.08878117799758911,0.7102793455123901,0.9355860352516174,0.8892431855201721,0.8983439207077026
113.0,2.0,0.9100819230079651,0.0899171307682991,0.7139637470245361,0.9339866042137146,0.892101526260376,0.9010266065597534,0.9115686416625977,0.08843105286359787,0.6497566103935242,0.9394986033439636,0.8929497599601746,0.9038136005401611
113.0,3.0,0.9113045930862427,0.08869633823633194,0.696839451789856,0.9355413913726807,0.8924812078475952,0.9022363424301147,0.9066799283027649,0.09332022815942764,0.7185092568397522,0.9332706928253174,0.8913923501968384,0.898970365524292
113.0,4.0,0.9090279936790466,0.09097233414649963,0.6925678253173828,0.9359983205795288,0.8905197978019714,0.8993247747421265,0.9157959222793579,0.08420354127883911,0.735338568687439,0.9314447045326233,0.8993083238601685,0.9106340408325195
114.0,0.0,0.9113158583641052,0.08868389576673508,0.7035431861877441,0.9349506497383118,0.8932240605354309,0.9029363989830017,0.9066435694694519,0.09335672110319138,0.6918086409568787,0.9356369376182556,0.888473629951477,0.8961813449859619
114.0,1.0,0.9101697206497192,0.08983003348112106,0.6988888382911682,0.9349629878997803,0.893031656742096,0.9023953080177307,0.9112194776535034,0.08878069370985031,0.7103237509727478,0.9355863332748413,0.8892460465431213,0.8983457684516907
114.0,2.0,0.9100826382637024,0.08991672843694687,0.714055061340332,0.9339870810508728,0.8921028971672058,0.901027500629425,0.911569356918335,0.08843051642179489,0.649511456489563,0.9394986033439636,0.8929694890975952,0.9038131833076477
114.0,3.0,0.9113047122955322,0.08869576454162598,0.6968421339988708,0.9355418682098389,0.8924915790557861,0.9022375345230103,0.9066802263259888,0.09331978112459183,0.7190103530883789,0.9332705736160278,0.8913517594337463,0.898970901966095
114.0,4.0,0.909028172492981,0.09097187221050262,0.6926875114440918,0.9359983205795288,0.8905101418495178,0.899324357509613,0.9157968759536743,0.08420325815677643,0.7354979515075684,0.9314448833465576,0.8993043899536133,0.9106358885765076
115.0,0.0,0.9113160967826843,0.08868348598480225,0.7036577463150024,0.9349506497383118,0.8932213187217712,0.9029382467269897,0.906643271446228,0.09335639327764511,0.6917476058006287,0.9356365203857422,0.888469398021698,0.8961815237998962
115.0,1.0,0.9101700186729431,0.08982959389686584,0.6989026069641113,0.934964120388031,0.8930348753929138,0.9023973345756531,0.9112198352813721,0.08878032118082047,0.7103874087333679,0.9355865716934204,0.8892425894737244,0.8983435034751892
115.0,2.0,0.910083532333374,0.08991630375385284,0.7141757607460022,0.9339859485626221,0.8920925855636597,0.9010283946990967,0.9115703105926514,0.08842985332012177,0.6497225761413574,0.9394989609718323,0.8929782509803772,0.9038135409355164
115.0,3.0,0.9113039970397949,0.08869542926549911,0.6968849897384644,0.935542106628418,0.8924904465675354,0.9022382497787476,0.906680703163147,0.09331942349672318,0.718801736831665,0.9332703351974487,0.8913846611976624,0.8989689350128174
115.0,4.0,0.9090287685394287,0.09097150713205338,0.6927026510238647,0.9359966516494751,0.8905217051506042,0.8993251919746399,0.9157975316047668,0.08420290052890778,0.735546886920929,0.9314448833465576,0.8993024826049805,0.9106346368789673
116.0,0.0,0.9113171100616455,0.08868305385112762,0.7035984396934509,0.9349498748779297,0.893230140209198,0.9029378890991211,0.9066442847251892,0.09335581958293915,0.6920289397239685,0.9356361627578735,0.888458251953125,0.8961818814277649
116.0,1.0,0.9101703763008118,0.08982931822538376,0.6990153193473816,0.934963583946228,0.8930313587188721,0.9023962616920471,0.9112203121185303,0.08878009021282196,0.710472822189331,0.935586154460907,0.889232337474823,0.8983445167541504
116.0,2.0,0.9100844264030457,0.08991587162017822,0.7142890691757202,0.9339861869812012,0.8920873403549194,0.9010276198387146,0.9115709662437439,0.08842933177947998,0.6497284173965454,0.9394989609718323,0.892974853515625,0.9038143157958984
116.0,3.0,0.9113051295280457,0.08869510889053345,0.6968459486961365,0.9355416893959045,0.8925017714500427,0.9022372961044312,0.9066814184188843,0.09331879019737244,0.7190568447113037,0.9332704544067383,0.8913623094558716,0.8989713788032532
116.0,4.0,0.9090288877487183,0.09097107499837875,0.6928110122680664,0.9359974265098572,0.8905115723609924,0.8993251323699951,0.915797233581543,0.08420277386903763,0.7355637550354004,0.9314451813697815,0.8993065357208252,0.9106349349021912
117.0,0.0,0.911316454410553,0.0886826440691948,0.7036880254745483,0.9349507689476013,0.8932281732559204,0.9029396176338196,0.9066444635391235,0.09335543215274811,0.6916729211807251,0.9356364607810974,0.8884896039962769,0.8961818814277649
117.0,1.0,0.9101710915565491,0.08982871472835541,0.699077844619751,0.9349622130393982,0.8930306434631348,0.9023963212966919,0.9112207293510437,0.08877968788146973,0.7104846835136414,0.9355863928794861,0.8892479538917542,0.8983444571495056
117.0,2.0,0.91008460521698,0.08991558849811554,0.7142094969749451,0.933986246585846,0.892096996307373,0.9010295867919922,0.911571204662323,0.08842901140451431,0.6496593952178955,0.9394987225532532,0.8929758071899414,0.903813362121582
117.0,3.0,0.9113048315048218,0.08869466930627823,0.6970204710960388,0.9355418682098389,0.892483651638031,0.902236819267273,0.906681478023529,0.09331852942705154,0.7191600799560547,0.9332706332206726,0.8913576602935791,0.8989715576171875
117.0,4.0,0.909028947353363,0.09097059071063995,0.6927902698516846,0.9359975457191467,0.8905202746391296,0.8993270993232727,0.9157975316047668,0.08420227468013763,0.735718846321106,0.9314447045326233,0.8992880582809448,0.9106361865997314
118.0,0.0,0.9113168716430664,0.08868236094713211,0.7036930918693542,0.9349508881568909,0.893222987651825,0.9029380679130554,0.9066445231437683,0.09335526078939438,0.6921707391738892,0.9356364011764526,0.8884468078613281,0.8961836099624634
118.0,1.0,0.9101715087890625,0.08982842415571213,0.6991360783576965,0.9349626302719116,0.8930321931838989,0.9023956060409546,0.9112210869789124,0.08877912908792496,0.7106038331985474,0.935586154460907,0.8892548680305481,0.8983442187309265
118.0,2.0,0.9100845456123352,0.08991522341966629,0.7143181562423706,0.933985710144043,0.8920981884002686,0.9010288715362549,0.9115721583366394,0.08842841535806656,0.649929404258728,0.9394986629486084,0.892962634563446,0.9038150310516357
118.0,3.0,0.9113048911094666,0.08869433403015137,0.6970881819725037,0.9355419278144836,0.892484724521637,0.902238667011261,0.9066818356513977,0.09331847727298737,0.7194983959197998,0.9332700967788696,0.8913426995277405,0.8989708423614502
118.0,4.0,0.9090292453765869,0.09097021073102951,0.6928154230117798,0.9359980225563049,0.8905170559883118,0.899326741695404,0.915798008441925,0.08420192450284958,0.7357259392738342,0.9314450025558472,0.8992986679077148,0.9106360077857971
119.0,0.0,0.9113167524337769,0.08868194371461868,0.7037878036499023,0.9349507689476013,0.893226683139801,0.9029393196105957,0.9066454768180847,0.09335476905107498,0.6920937299728394,0.9356365203857422,0.8884651064872742,0.8961823582649231
119.0,1.0,0.9101718068122864,0.0898280069231987,0.6991220116615295,0.934963583946228,0.8930341005325317,0.9023963212966919,0.9112211465835571,0.08877895772457123,0.710174560546875,0.9355862736701965,0.8892695307731628,0.8983447551727295
119.0,2.0,0.9100838899612427,0.08991476893424988,0.7143118977546692,0.9339867234230042,0.8920999765396118,0.901029646396637,0.9115718603134155,0.08842790126800537,0.6500278115272522,0.9394987225532532,0.8929615020751953,0.903814971446991
119.0,3.0,0.9113060235977173,0.0886937826871872,0.6971262693405151,0.9355412125587463,0.8924935460090637,0.9022377729415894,0.9066821932792664,0.09331765025854111,0.7190634608268738,0.9332701563835144,0.8913808465003967,0.8989726305007935
119.0,4.0,0.909030020236969,0.09096984565258026,0.6929216980934143,0.9359974265098572,0.8905128836631775,0.8993262648582458,0.915798544883728,0.08420165628194809,0.735998809337616,0.931444525718689,0.899272084236145,0.9106351137161255
120.0,0.0,0.9113190174102783,0.0886811912059784,0.704029381275177,0.9349498748779297,0.8932052254676819,0.9029402732849121,0.9066462516784668,0.09335360676050186,0.6923348903656006,0.9356364011764526,0.8884523510932922,0.8961842060089111
120.0,1.0,0.9101718068122864,0.08982724696397781,0.6993512511253357,0.9349626302719116,0.8930171728134155,0.9023982882499695,0.9112213850021362,0.08877817541360855,0.7106146216392517,0.935586154460907,0.8892475366592407,0.8983452916145325
120.0,2.0,0.9100850820541382,0.08991406112909317,0.714419960975647,0.9339864253997803,0.8920907974243164,0.9010295867919922,0.9115729331970215,0.08842716366052628,0.6500362753868103,0.9394984841346741,0.8929670453071594,0.9038167595863342
120.0,3.0,0.9113063216209412,0.08869326114654541,0.6971715092658997,0.9355414509773254,0.8924888372421265,0.9022393822669983,0.9066823720932007,0.09331727772951126,0.7190046310424805,0.9332701563835144,0.8913825154304504,0.8989728093147278
120.0,4.0,0.9090315103530884,0.09096913039684296,0.6929675340652466,0.9359983801841736,0.8905113339424133,0.8993273377418518,0.9157983064651489,0.08420164883136749,0.7358173727989197,0.9314449429512024,0.8993010520935059,0.9106366634368896
121.0,0.0,0.9113194942474365,0.0886811912059784,0.7038390040397644,0.9349498152732849,0.8932217359542847,0.9029396176338196,0.9066462516784668,0.09335357695817947,0.6922617554664612,0.9356361627578735,0.8884607553482056,0.8961843848228455
121.0,1.0,0.9101722240447998,0.08982721716165543,0.6992595195770264,0.9349631667137146,0.8930264115333557,0.9023987054824829,0.9112218618392944,0.08877812325954437,0.710506021976471,0.9355860948562622,0.8892529010772705,0.898345410823822
121.0,2.0,0.9100854992866516,0.08991412073373795,0.714384138584137,0.9339868426322937,0.892094075679779,0.9010301232337952,0.9115726947784424,0.0884270891547203,0.6500107049942017,0.9394989013671875,0.8929731249809265,0.9038159251213074
121.0,3.0,0.9113072752952576,0.08869318664073944,0.6971537470817566,0.9355411529541016,0.8924909830093384,0.9022387862205505,0.9066826105117798,0.09331722557544708,0.7189908623695374,0.9332708120346069,0.891377329826355,0.8989740014076233
121.0,4.0,0.9090296626091003,0.09096921980381012,0.6929163336753845,0.9359971880912781,0.8905155658721924,0.8993277549743652,0.915798008441925,0.08420159667730331,0.7357911467552185,0.9314451217651367,0.8993021249771118,0.9106363654136658
122.0,0.0,0.911318302154541,0.08868103474378586,0.7038171887397766,0.9349498152732849,0.8932259678840637,0.902940034866333,0.9066465497016907,0.0933535248041153,0.6922114491462708,0.9356361031532288,0.8884602189064026,0.8961840867996216
122.0,1.0,0.9101728200912476,0.08982719480991364,0.6992517709732056,0.9349629878997803,0.8930267691612244,0.9023995399475098,0.9112219214439392,0.08877809345722198,0.7105399966239929,0.9355863332748413,0.8892492055892944,0.8983456492424011
122.0,2.0,0.9100862741470337,0.08991407603025436,0.7143677473068237,0.9339861869812012,0.892096221446991,0.9010288715362549,0.9115729331970215,0.0884271115064621,0.6500146985054016,0.9394986033439636,0.8929736614227295,0.9038160443305969
122.0,3.0,0.9113065600395203,0.08869312703609467,0.6971341967582703,0.9355411529541016,0.8924914598464966,0.9022387862205505,0.9066824316978455,0.09331724792718887,0.7189987897872925,0.9332703351974487,0.8913770914077759,0.898973822593689
122.0,4.0,0.9090303778648376,0.09096913784742355,0.692918598651886,0.935998260974884,0.8905147314071655,0.8993268609046936,0.9157987833023071,0.08420159667730331,0.7357817888259888,0.9314451813697815,0.8993018269538879,0.9106354713439941
123.0,0.0,0.911318838596344,0.08868100494146347,0.7038105726242065,0.9349495768547058,0.8932256698608398,0.9029403328895569,0.9066464304924011,0.09335354715585709,0.692223846912384,0.9356364011764526,0.8884646892547607,0.8961845636367798
123.0,1.0,0.9101725220680237,0.08982719480991364,0.6992394328117371,0.9349620938301086,0.8930272459983826,0.9023982286453247,0.9112220406532288,0.08877808600664139,0.710497260093689,0.9355868101119995,0.8892524838447571,0.8983455300331116
123.0,2.0,0.9100858569145203,0.08991396427154541,0.7143542766571045,0.9339868426322937,0.8920957446098328,0.9010291695594788,0.911573052406311,0.0884271115064621,0.6499094367027283,0.9394989609718323,0.8929756283760071,0.903815746307373
123.0,3.0,0.911306619644165,0.08869315683841705,0.6971055865287781,0.9355417490005493,0.8924950361251831,0.9022387266159058,0.9066821932792664,0.09331715106964111,0.7190123796463013,0.9332706928253174,0.8913818001747131,0.898972749710083
123.0,4.0,0.909031331539154,0.09096907824277878,0.6928992867469788,0.9359973073005676,0.890516459941864,0.8993269205093384,0.9157986044883728,0.08420159667730331,0.7357922792434692,0.9314449429512024,0.8993028998374939,0.9106361865997314
124.0,0.0,0.9113184809684753,0.08868106454610825,0.7038015127182007,0.9349504113197327,0.8932260274887085,0.9029387831687927,0.9066465497016907,0.09335349500179291,0.6922283172607422,0.9356364607810974,0.8884627819061279,0.8961846232414246
124.0,1.0,0.9101728200912476,0.08982711285352707,0.6992332339286804,0.9349626302719116,0.8930289149284363,0.9023979902267456,0.9112220406532288,0.088778056204319,0.7105047106742859,0.935586154460907,0.8892503976821899,0.8983457088470459
124.0,2.0,0.9100861549377441,0.08991407603025436,0.7143564820289612,0.9339861273765564,0.8920947909355164,0.9010297060012817,0.911573052406311,0.08842707425355911,0.6499091386795044,0.9394987225532532,0.892973780632019,0.903815746307373
124.0,3.0,0.911307692527771,0.08869314193725586,0.6971044540405273,0.9355416297912598,0.8924946188926697,0.9022390246391296,0.9066823720932007,0.09331712126731873,0.7190266847610474,0.9332703351974487,0.8913845419883728,0.8989731073379517
124.0,4.0,0.9090308547019958,0.09096916764974594,0.692913830280304,0.9359975457191467,0.8905171751976013,0.8993275165557861,0.9157981276512146,0.08420148491859436,0.7358164191246033,0.9314448833465576,0.8993070125579834,0.9106360077857971
125.0,0.0,0.9113194942474365,0.08868102729320526,0.7037972211837769,0.9349506497383118,0.8932265043258667,0.9029393196105957,0.9066464900970459,0.0933535099029541,0.6921998858451843,0.9356362223625183,0.8884633779525757,0.8961846828460693
125.0,1.0,0.9101725816726685,0.08982707560062408,0.6992161273956299,0.9349631667137146,0.8930302262306213,0.9023990631103516,0.9112220406532288,0.0887780636548996,0.7104901671409607,0.9355865120887756,0.8892515301704407,0.8983454704284668
125.0,2.0,0.9100853204727173,0.08991412073373795,0.7143794298171997,0.9339866042137146,0.8920965194702148,0.9010298848152161,0.9115733504295349,0.08842708170413971,0.6498916745185852,0.9394990801811218,0.8929741978645325,0.9038162231445312
125.0,3.0,0.9113070368766785,0.08869307488203049,0.6970939040184021,0.9355411529541016,0.8924945592880249,0.9022392630577087,0.9066824913024902,0.09331712126731873,0.7189956903457642,0.933270275592804,0.8913847208023071,0.898972749710083
125.0,4.0,0.9090304374694824,0.09096904844045639,0.6929159760475159,0.9359975457191467,0.8905168175697327,0.8993273973464966,0.9157986044883728,0.08420150727033615,0.735809326171875,0.9314448833465576,0.8993040323257446,0.9106353521347046
126.0,0.0,0.9113190770149231,0.08868096768856049,0.7038044333457947,0.9349504113197327,0.8932272791862488,0.9029402136802673,0.9066465497016907,0.09335348755121231,0.6921560168266296,0.9356364607810974,0.8884642124176025,0.8961849212646484
126.0,1.0,0.9101718068122864,0.0898270457983017,0.6992166042327881,0.9349632263183594,0.8930296301841736,0.9023975729942322,0.9112218022346497,0.08877808600664139,0.7104943990707397,0.9355863332748413,0.8892533779144287,0.8983456492424011
126.0,2.0,0.9100862741470337,0.08991403132677078,0.7143800258636475,0.9339874386787415,0.8920982480049133,0.901029109954834,0.9115729331970215,0.08842702209949493,0.6499046683311462,0.9394989609718323,0.8929744362831116,0.9038158059120178
126.0,3.0,0.9113067388534546,0.08869310468435287,0.6970832347869873,0.9355416893959045,0.8924940228462219,0.9022385478019714,0.9066826701164246,0.09331706166267395,0.7189958095550537,0.9332708716392517,0.8913861513137817,0.8989735245704651
126.0,4.0,0.909031093120575,0.0909690409898758,0.6929144263267517,0.9359980821609497,0.8905143141746521,0.8993268013000488,0.9157982468605042,0.08420153707265854,0.7357975840568542,0.9314446449279785,0.8993059992790222,0.910635232925415
127.0,0.0,0.9113191962242126,0.08868102729320526,0.703793466091156,0.9349503517150879,0.8932275176048279,0.902940571308136,0.9066464304924011,0.09335348010063171,0.6922255754470825,0.9356362819671631,0.8884625434875488,0.8961846232414246
127.0,1.0,0.9101734757423401,0.08982709795236588,0.6992111802101135,0.9349631071090698,0.8930277228355408,0.9023982882499695,0.9112218618392944,0.088778056204319,0.7104568481445312,0.9355860352516174,0.889254629611969,0.8983454704284668
127.0,2.0,0.9100860953330994,0.08991404622793198,0.7143362164497375,0.9339858889579773,0.8920974731445312,0.9010307192802429,0.9115731716156006,0.08842696249485016,0.6498921513557434,0.9394987225532532,0.8929769992828369,0.9038162231445312
127.0,3.0,0.9113067388534546,0.08869297802448273,0.6970844864845276,0.935542106628418,0.8924943208694458,0.9022392630577087,0.9066829085350037,0.09331706911325455,0.7190160155296326,0.9332703948020935,0.8913859724998474,0.8989725112915039
127.0,4.0,0.9090303778648376,0.09096898883581161,0.6928982138633728,0.9359973073005676,0.8905165791511536,0.899328351020813,0.9157984852790833,0.08420148491859436,0.7357965111732483,0.9314447641372681,0.8993072509765625,0.9106362462043762
128.0,0.0,0.9113180637359619,0.08868084847927094,0.7037853598594666,0.934950590133667,0.8932284116744995,0.9029404520988464,0.9066465497016907,0.09335345774888992,0.6921932101249695,0.9356362223625183,0.8884629011154175,0.8961846232414246
128.0,1.0,0.9101710319519043,0.0898270308971405,0.6992434859275818,0.9349631667137146,0.8930274844169617,0.9023985266685486,0.9112219214439392,0.08877799659967422,0.7104869484901428,0.9355863332748413,0.8892538547515869,0.8983449339866638
128.0,2.0,0.9100863933563232,0.08991408348083496,0.7143433690071106,0.9339869022369385,0.8920992016792297,0.9010301828384399,0.9115729331970215,0.08842696249485016,0.6498807072639465,0.9394986033439636,0.8929758071899414,0.9038156867027283
128.0,3.0,0.9113063216209412,0.0886930376291275,0.6971028447151184,0.9355417490005493,0.8924955725669861,0.9022391438484192,0.9066829085350037,0.09331705421209335,0.7189891338348389,0.9332706332206726,0.8913807272911072,0.8989744186401367
128.0,4.0,0.9090306758880615,0.09096898883581161,0.692904531955719,0.9359970688819885,0.8905163407325745,0.89932781457901,0.9157983660697937,0.08420147746801376,0.7357898354530334,0.9314448833465576,0.8993069529533386,0.9106354117393494
129.0,0.0,0.9113187789916992,0.08868096023797989,0.7037765383720398,0.9349505305290222,0.8932284712791443,0.9029389023780823,0.9066470265388489,0.09335342794656754,0.6922081112861633,0.9356365203857422,0.8884637355804443,0.8961843848228455
129.0,1.0,0.9101724624633789,0.08982707560062408,0.6992408633232117,0.9349631071090698,0.893027663230896,0.9023981690406799,0.9112219214439392,0.08877802640199661,0.7104879021644592,0.935586154460907,0.8892518877983093,0.8983449935913086
129.0,2.0,0.910085141658783,0.08991391956806183,0.7143981456756592,0.9339866638183594,0.8920955061912537,0.9010300636291504,0.9115726947784424,0.08842688798904419,0.6498424410820007,0.9394989013671875,0.8929761052131653,0.9038159847259521
129.0,3.0,0.9113068580627441,0.08869294077157974,0.6970577239990234,0.9355425834655762,0.8924972414970398,0.9022396802902222,0.9066826701164246,0.09331705421209335,0.718984067440033,0.933270275592804,0.8913800120353699,0.8989729881286621
129.0,4.0,0.909031331539154,0.09096898138523102,0.6928713321685791,0.9359965324401855,0.8905202150344849,0.8993277549743652,0.9157982468605042,0.08420141041278839,0.7358080148696899,0.9314454197883606,0.8993096351623535,0.9106373190879822
130.0,0.0,0.9113195538520813,0.0886809304356575,0.7038041949272156,0.9349508881568909,0.8932255506515503,0.9029392600059509,0.9066469073295593,0.09335342794656754,0.6921709775924683,0.9356362223625183,0.8884665966033936,0.8961849808692932
130.0,1.0,0.9101729989051819,0.0898270308971405,0.699205219745636,0.9349632263183594,0.8930304646492004,0.9023985266685486,0.9112220406532288,0.08877798169851303,0.7104489207267761,0.9355860352516174,0.8892500400543213,0.8983456492424011
130.0,2.0,0.9100868105888367,0.08991392701864243,0.7143549919128418,0.9339868426322937,0.8920978307723999,0.9010289907455444,0.9115731716156006,0.08842693269252777,0.6498722434043884,0.9394987225532532,0.892973780632019,0.9038158059120178
130.0,3.0,0.9113064408302307,0.08869298547506332,0.6971015334129333,0.9355425834655762,0.8924953937530518,0.9022383093833923,0.9066833257675171,0.09331700950860977,0.7189847826957703,0.9332700967788696,0.891380250453949,0.8989735841751099
130.0,4.0,0.9090307354927063,0.09096898883581161,0.6928898096084595,0.9359976053237915,0.8905172348022461,0.8993273377418518,0.9157989621162415,0.08420141786336899,0.7358208298683167,0.9314447045326233,0.8993081450462341,0.9106366634368896
131.0,0.0,0.9113185405731201,0.08868081867694855,0.7037964463233948,0.9349502921104431,0.8932268619537354,0.9029403328895569,0.9066464304924011,0.09335342049598694,0.6921878457069397,0.9356364011764526,0.888464629650116,0.8961845636367798
131.0,1.0,0.9101721048355103,0.08982694894075394,0.6992073655128479,0.9349629282951355,0.8930309414863586,0.9023992419242859,0.9112221598625183,0.08877795189619064,0.7104911804199219,0.9355857372283936,0.8892544507980347,0.8983454704284668
131.0,2.0,0.9100850820541382,0.08991384506225586,0.7143582701683044,0.933985710144043,0.8920978307723999,0.9010298848152161,0.9115724563598633,0.08842689543962479,0.6499021649360657,0.9394987225532532,0.8929752707481384,0.903815746307373
131.0,3.0,0.911306619644165,0.08869294822216034,0.6971084475517273,0.9355416893959045,0.8924951553344727,0.9022384881973267,0.906683087348938,0.0933169424533844,0.7190033197402954,0.9332709312438965,0.8913793563842773,0.8989733457565308
131.0,4.0,0.9090309143066406,0.09096893668174744,0.6929160952568054,0.9359980821609497,0.8905149698257446,0.8993270993232727,0.9157987236976624,0.0842013731598854,0.7357875108718872,0.9314444661140442,0.8993118405342102,0.9106364250183105
132.0,0.0,0.9113193154335022,0.08868088573217392,0.7037791609764099,0.9349507689476013,0.8932288885116577,0.9029396176338196,0.9066464304924011,0.09335343539714813,0.6922070980072021,0.9356366395950317,0.8884652256965637,0.8961843848228455
132.0,1.0,0.9101725816726685,0.08982685953378677,0.699219286441803,0.9349633455276489,0.8930312991142273,0.9023990631103516,0.9112222194671631,0.08877789229154587,0.7105089426040649,0.9355858564376831,0.8892524242401123,0.8983457088470459
132.0,2.0,0.910085916519165,0.08991390466690063,0.7143884897232056,0.9339873194694519,0.8920950889587402,0.9010298848152161,0.9115726947784424,0.08842684328556061,0.6498571038246155,0.9394986629486084,0.8929756283760071,0.9038161635398865
132.0,3.0,0.9113065004348755,0.08869298547506332,0.6970934271812439,0.9355413913726807,0.8924943804740906,0.9022380709648132,0.9066829085350037,0.0933169350028038,0.7189783453941345,0.9332703351974487,0.8913824558258057,0.8989735245704651
132.0,4.0,0.9090307354927063,0.0909687951207161,0.6928945183753967,0.935996413230896,0.89051753282547,0.899326503276825,0.9157983660697937,0.0842013880610466,0.7358255982398987,0.9314447641372681,0.8993092179298401,0.9106366634368896
133.0,0.0,0.9113194346427917,0.08868075907230377,0.703767716884613,0.9349498748779297,0.8932288289070129,0.9029402136802673,0.9066466689109802,0.09335339814424515,0.6922195553779602,0.9356364011764526,0.8884645104408264,0.8961838483810425
133.0,1.0,0.9101730585098267,0.08982698619365692,0.6992337703704834,0.9349623322486877,0.8930274844169617,0.9023982882499695,0.9112228155136108,0.08877793699502945,0.7104933857917786,0.9355858564376831,0.8892527222633362,0.8983454704284668
133.0,2.0,0.9100854992866516,0.08991393446922302,0.7143465876579285,0.9339874386787415,0.8920997381210327,0.9010297060012817,0.9115729331970215,0.08842682838439941,0.6498710513114929,0.9394994378089905,0.8929746150970459,0.9038159847259521
133.0,3.0,0.9113069772720337,0.0886930301785469,0.6971012949943542,0.935542643070221,0.8924961090087891,0.9022391438484192,0.9066833257675171,0.09331697970628738,0.7190020084381104,0.9332700371742249,0.8913829922676086,0.8989747166633606
133.0,4.0,0.9090316295623779,0.09096887707710266,0.6928908228874207,0.9359968304634094,0.890516459941864,0.8993276357650757,0.9157984852790833,0.084201380610466,0.7358285188674927,0.9314451813697815,0.8993081450462341,0.9106363654136658
134.0,0.0,0.9113189578056335,0.08868080377578735,0.7037835121154785,0.9349499940872192,0.8932283520698547,0.9029407501220703,0.9066469073295593,0.09335339069366455,0.6921977996826172,0.9356366395950317,0.8884663581848145,0.8961845636367798
134.0,1.0,0.9101729989051819,0.08982694149017334,0.6992300152778625,0.9349629878997803,0.8930304050445557,0.9023993015289307,0.9112218618392944,0.08877792209386826,0.7104914784431458,0.9355865716934204,0.8892495632171631,0.898345947265625
134.0,2.0,0.9100858569145203,0.08991381525993347,0.7143614292144775,0.9339866042137146,0.8920952677726746,0.901029109954834,0.9115731120109558,0.08842682838439941,0.6498781442642212,0.9394987225532532,0.8929765820503235,0.9038156867027283
134.0,3.0,0.9113070368766785,0.08869285136461258,0.6971038579940796,0.9355416893959045,0.8924958109855652,0.9022387862205505,0.9066828489303589,0.09331691265106201,0.7190192341804504,0.9332703948020935,0.891380250453949,0.8989732265472412
134.0,4.0,0.9090301394462585,0.09096890687942505,0.6929180026054382,0.9359973073005676,0.8905160427093506,0.8993275761604309,0.9157987833023071,0.08420132100582123,0.7358283400535583,0.9314451813697815,0.8993096947669983,0.9106371402740479
135.0,0.0,0.911318302154541,0.08868078142404556,0.7038110494613647,0.9349503517150879,0.8932290077209473,0.9029407501220703,0.9066465497016907,0.093353271484375,0.692214846611023,0.9356369972229004,0.8884618878364563,0.8961840867996216
135.0,1.0,0.9101734757423401,0.08982692658901215,0.6992303729057312,0.9349624514579773,0.8930274844169617,0.9023988246917725,0.9112221002578735,0.08877790719270706,0.7105247378349304,0.9355860948562622,0.8892510533332825,0.8983451724052429
135.0,2.0,0.9100860357284546,0.08991387486457825,0.7143698930740356,0.9339870810508728,0.8920974135398865,0.9010301828384399,0.9115733504295349,0.08842679858207703,0.6499059796333313,0.9394984841346741,0.8929738402366638,0.9038169384002686
135.0,3.0,0.9113073348999023,0.08869282901287079,0.6970977783203125,0.9355414509773254,0.8924961686134338,0.9022396802902222,0.9066829681396484,0.09331689774990082,0.7190337777137756,0.9332704544067383,0.8913798928260803,0.8989735245704651
135.0,4.0,0.9090312123298645,0.09096887707710266,0.692922830581665,0.9359974265098572,0.8905150294303894,0.8993275165557861,0.915798544883728,0.08420135080814362,0.7358342409133911,0.9314446449279785,0.8993069529533386,0.9106366038322449
136.0,0.0,0.9113190770149231,0.08868071436882019,0.703783392906189,0.9349503517150879,0.8932269811630249,0.9029397964477539,0.9066469073295593,0.09335339814424515,0.692237913608551,0.9356366991996765,0.8884636759757996,0.8961841464042664
136.0,1.0,0.9101740121841431,0.08982691168785095,0.699231743812561,0.9349640607833862,0.8930294513702393,0.9023985862731934,0.9112218022346497,0.0887778252363205,0.7104784250259399,0.9355860948562622,0.8892532587051392,0.898345947265625
136.0,2.0,0.9100857377052307,0.08991386741399765,0.7143574953079224,0.933986485004425,0.8920992016792297,0.9010294079780579,0.9115732908248901,0.08842675387859344,0.6498727798461914,0.9394989013671875,0.8929753303527832,0.9038166403770447
136.0,3.0,0.9113065004348755,0.0886927992105484,0.6971074938774109,0.9355416893959045,0.8924951553344727,0.9022389054298401,0.9066833257675171,0.09331692010164261,0.7190058827400208,0.9332705736160278,0.8913808465003967,0.8989737033843994
136.0,4.0,0.9090309143066406,0.09096884727478027,0.692886233329773,0.9359979033470154,0.8905172348022461,0.8993278741836548,0.915798544883728,0.08420129120349884,0.7357972860336304,0.9314450025558472,0.8993074893951416,0.9106367230415344
137.0,0.0,0.911318838596344,0.08868080377578735,0.703801155090332,0.9349496364593506,0.893229603767395,0.902940571308136,0.9066464304924011,0.09335333853960037,0.692203938961029,0.9356362819671631,0.888467013835907,0.8961847424507141
137.0,1.0,0.910173237323761,0.08982682973146439,0.6992285847663879,0.9349636435508728,0.8930298686027527,0.9023987054824829,0.9112220406532288,0.08877784758806229,0.7104941606521606,0.9355859160423279,0.8892539739608765,0.898344874382019
137.0,2.0,0.9100867509841919,0.08991377800703049,0.71437668800354,0.9339872002601624,0.8920949697494507,0.9010295867919922,0.911573052406311,0.08842670172452927,0.6499017477035522,0.9394989609718323,0.8929783701896667,0.903816282749176
137.0,3.0,0.9113068580627441,0.08869282901287079,0.6971012353897095,0.9355418682098389,0.8924945592880249,0.902238667011261,0.906683087348938,0.09331689774990082,0.7190312147140503,0.9332700371742249,0.8913784027099609,0.8989740014076233
137.0,4.0,0.9090316295623779,0.09096876531839371,0.6928929090499878,0.9359968304634094,0.8905163407325745,0.8993266224861145,0.9157987833023071,0.08420129120349884,0.7357969880104065,0.9314449429512024,0.8993042707443237,0.9106371402740479
138.0,0.0,0.9113187789916992,0.08868072926998138,0.7038083076477051,0.934950053691864,0.8932276368141174,0.9029408097267151,0.9066463112831116,0.09335330128669739,0.6922206282615662,0.9356359243392944,0.8884619474411011,0.8961853384971619
138.0,1.0,0.9101730585098267,0.0898267850279808,0.6992223858833313,0.9349638223648071,0.893028974533081,0.9023985862731934,0.9112221002578735,0.08877786248922348,0.7104790806770325,0.9355865716934204,0.8892548680305481,0.8983449935913086
138.0,2.0,0.9100855588912964,0.08991383016109467,0.714361846446991,0.9339871406555176,0.8920984268188477,0.9010306596755981,0.9115736484527588,0.08842667192220688,0.6498772501945496,0.9394989609718323,0.8929766416549683,0.9038164615631104
138.0,3.0,0.9113060235977173,0.08869276195764542,0.6970980167388916,0.935542106628418,0.892498254776001,0.902239203453064,0.9066833257675171,0.09331689774990082,0.7190680503845215,0.9332700967788696,0.8913795351982117,0.8989739418029785
138.0,4.0,0.9090307354927063,0.09096882492303848,0.6929500102996826,0.9359976053237915,0.8905148506164551,0.8993284702301025,0.9157987236976624,0.08420129865407944,0.7358193397521973,0.9314441680908203,0.8993096947669983,0.9106371998786926
139.0,0.0,0.9113193154335022,0.0886806845664978,0.7037965059280396,0.9349501729011536,0.8932262659072876,0.9029405117034912,0.9066469073295593,0.09335329383611679,0.6921854019165039,0.9356362223625183,0.8884658813476562,0.8961848616600037
139.0,1.0,0.9101739525794983,0.08982675522565842,0.6992278099060059,0.9349629878997803,0.8930299282073975,0.9023990035057068,0.9112221598625183,0.08877779543399811,0.7104899287223816,0.9355865716934204,0.8892509937286377,0.8983449339866638
139.0,2.0,0.910085916519165,0.08991386741399765,0.7143554091453552,0.9339863657951355,0.8920989632606506,0.9010301232337952,0.9115736484527588,0.0884266272187233,0.6499229669570923,0.9394991993904114,0.8929731249809265,0.9038155674934387
139.0,3.0,0.9113080501556396,0.08869276940822601,0.6971240043640137,0.9355412721633911,0.8924930691719055,0.9022384285926819,0.9066829681396484,0.09331684559583664,0.7190033197402954,0.9332704544067383,0.8913797736167908,0.8989740014076233
139.0,4.0,0.9090309143066406,0.09096881747245789,0.6929183006286621,0.9359975457191467,0.8905166983604431,0.8993265628814697,0.915798544883728,0.08420129120349884,0.7358317971229553,0.9314449429512024,0.8993050456047058,0.9106369018554688
140.0,0.0,0.9113196730613708,0.08868074417114258,0.7038295865058899,0.9349508285522461,0.8932253122329712,0.9029405117034912,0.9066469073295593,0.0933532640337944,0.6921888589859009,0.9356368780136108,0.8884615302085876,0.8961840867996216
140.0,1.0,0.9101735353469849,0.08982682228088379,0.6992367506027222,0.9349625706672668,0.8930270075798035,0.9023990035057068,0.9112215638160706,0.0887778252363205,0.7105242013931274,0.9355860352516174,0.8892531394958496,0.8983444571495056
140.0,2.0,0.9100857377052307,0.08991371840238571,0.7143499851226807,0.9339866638183594,0.8920974135398865,0.9010293483734131,0.9115728139877319,0.08842658251523972,0.6498438715934753,0.9394981861114502,0.8929767608642578,0.9038166403770447
140.0,3.0,0.9113068580627441,0.0886927992105484,0.6970924139022827,0.9355417490005493,0.8924976587295532,0.9022392630577087,0.9066835641860962,0.09331679344177246,0.7190115451812744,0.9332703351974487,0.8913794159889221,0.8989740014076233
140.0,4.0,0.9090309143066406,0.09096875041723251,0.692931056022644,0.9359978437423706,0.8905150294303894,0.8993279933929443,0.9157990217208862,0.08420126885175705,0.7358240485191345,0.9314448833465576,0.8993057608604431,0.910636842250824
141.0,0.0,0.9113191962242126,0.08868063241243362,0.7037901282310486,0.934949517250061,0.8932278752326965,0.9029402136802673,0.9066467881202698,0.09335323423147202,0.6922155022621155,0.9356362223625183,0.8884671926498413,0.8961849808692932
141.0,1.0,0.9101734757423401,0.089826799929142,0.6992481350898743,0.9349631071090698,0.893028199672699,0.9023982882499695,0.9112220406532288,0.0887778028845787,0.7105318307876587,0.9355860948562622,0.8892534971237183,0.8983452916145325
141.0,2.0,0.9100863933563232,0.08991380035877228,0.7143957614898682,0.9339870810508728,0.8920966982841492,0.9010298252105713,0.9115738272666931,0.08842653781175613,0.649901807308197,0.9394991993904114,0.8929746747016907,0.9038162231445312
141.0,3.0,0.9113074541091919,0.08869273215532303,0.6971067190170288,0.9355419278144836,0.8924949169158936,0.9022395014762878,0.906683087348938,0.09331677854061127,0.7190051674842834,0.933270275592804,0.8913810849189758,0.8989737629890442
141.0,4.0,0.9090306758880615,0.09096870571374893,0.6928876638412476,0.9359970688819885,0.8905163407325745,0.8993282318115234,0.9157987833023071,0.08420125395059586,0.7358230352401733,0.9314447045326233,0.8993055820465088,0.9106364250183105
142.0,0.0,0.9113181829452515,0.08868061006069183,0.7038342356681824,0.9349498748779297,0.893225908279419,0.9029396176338196,0.9066467881202698,0.09335321187973022,0.6922141909599304,0.9356359839439392,0.8884662389755249,0.8961849808692932
142.0,1.0,0.9101728200912476,0.08982666581869125,0.6992384195327759,0.9349623918533325,0.8930262327194214,0.9023992419242859,0.9112223386764526,0.08877778053283691,0.7104592323303223,0.9355863928794861,0.8892554640769958,0.8983442783355713
142.0,2.0,0.910085916519165,0.08991379290819168,0.7143281102180481,0.9339869618415833,0.892101526260376,0.9010305404663086,0.9115736484527588,0.08842653036117554,0.6498827934265137,0.9394990801811218,0.8929736614227295,0.903815746307373
142.0,3.0,0.9113070368766785,0.08869270980358124,0.6971129775047302,0.9355421662330627,0.8924962878227234,0.9022397398948669,0.9066831469535828,0.09331676363945007,0.7190004587173462,0.9332703351974487,0.8913789987564087,0.898973822593689
142.0,4.0,0.909031331539154,0.0909687951207161,0.6929051280021667,0.9359980225563049,0.8905156254768372,0.8993271589279175,0.9157990217208862,0.08420122414827347,0.7358654737472534,0.9314447641372681,0.8993040919303894,0.9106369018554688
143.0,0.0,0.9113184213638306,0.08868058770895004,0.7038216590881348,0.934950590133667,0.8932251930236816,0.9029404520988464,0.906646728515625,0.09335320442914963,0.692221462726593,0.9356362223625183,0.8884651064872742,0.8961848616600037
143.0,1.0,0.9101731777191162,0.08982676267623901,0.6992427110671997,0.9349631071090698,0.8930259943008423,0.9023990035057068,0.9112222194671631,0.08877774327993393,0.7105121612548828,0.9355860352516174,0.8892540335655212,0.8983443975448608
143.0,2.0,0.9100861549377441,0.08991371095180511,0.7143858671188354,0.9339858293533325,0.8920970559120178,0.9010303020477295,0.9115737676620483,0.08842658251523972,0.6498219966888428,0.9394989609718323,0.892975389957428,0.9038168787956238
143.0,3.0,0.9113073348999023,0.08869269490242004,0.697088360786438,0.9355418682098389,0.8924978971481323,0.9022378325462341,0.9066834449768066,0.09331679344177246,0.7189915180206299,0.9332703948020935,0.8913800716400146,0.898973822593689
143.0,4.0,0.9090304374694824,0.09096869081258774,0.6928832530975342,0.9359978437423706,0.8905187845230103,0.8993275761604309,0.9157983660697937,0.08420120179653168,0.7358383536338806,0.9314447641372681,0.8993074893951416,0.9106366634368896
144.0,0.0,0.9113186001777649,0.08868062496185303,0.7038303017616272,0.9349496364593506,0.8932276964187622,0.9029400944709778,0.9066469073295593,0.09335315227508545,0.6922115683555603,0.9356366395950317,0.8884661197662354,0.8961844444274902
144.0,1.0,0.9101725816726685,0.08982675522565842,0.6992102861404419,0.9349632263183594,0.8930277228355408,0.9023985862731934,0.9112216830253601,0.08877775073051453,0.7105005383491516,0.9355862736701965,0.889254629611969,0.8983456492424011
144.0,2.0,0.9100865125656128,0.08991368114948273,0.7143774628639221,0.9339874386787415,0.8920974135398865,0.9010300636291504,0.9115735292434692,0.08842650055885315,0.6498798131942749,0.9394984245300293,0.892971932888031,0.9038169384002686
144.0,3.0,0.9113065600395203,0.08869266510009766,0.6971027851104736,0.9355418682098389,0.8924956321716309,0.9022387266159058,0.9066829085350037,0.09331672638654709,0.7190089225769043,0.9332705736160278,0.8913819789886475,0.8989740014076233
144.0,4.0,0.9090307354927063,0.09096872806549072,0.6929125785827637,0.9359980225563049,0.8905147314071655,0.8993275761604309,0.9157986044883728,0.08420122414827347,0.7358542084693909,0.9314448833465576,0.8993052840232849,0.9106364250183105
145.0,0.0,0.9113187789916992,0.08868058770895004,0.7038180232048035,0.9349504113197327,0.8932274580001831,0.9029405117034912,0.9066467881202698,0.09335312247276306,0.6922242045402527,0.9356361031532288,0.888467013835907,0.8961849808692932
145.0,1.0,0.9101739525794983,0.08982661366462708,0.6992162466049194,0.9349634051322937,0.8930301070213318,0.9023991823196411,0.9112222194671631,0.08877774327993393,0.7105271816253662,0.9355862736701965,0.8892529606819153,0.8983460068702698
145.0,2.0,0.9100860357284546,0.08991367369890213,0.7143524289131165,0.933986246585846,0.8921003937721252,0.9010301828384399,0.9115737676620483,0.08842643350362778,0.649904727935791,0.9394989609718323,0.892974317073822,0.9038156867027283
145.0,3.0,0.911306619644165,0.08869262784719467,0.6971133947372437,0.9355402588844299,0.8924961090087891,0.9022383093833923,0.9066832065582275,0.0933167040348053,0.7189990282058716,0.9332706332206726,0.8913832902908325,0.8989748358726501
145.0,4.0,0.9090313911437988,0.09096875041723251,0.6928703784942627,0.9359970092773438,0.890518307685852,0.8993270993232727,0.9157986044883728,0.08420120179653168,0.7358518242835999,0.9314451813697815,0.8993047475814819,0.910636842250824
146.0,0.0,0.9113189578056335,0.08868052810430527,0.7038108110427856,0.934950590133667,0.8932288885116577,0.9029397964477539,0.9066472053527832,0.09335314482450485,0.6922312378883362,0.9356362819671631,0.8884655237197876,0.8961847424507141
146.0,1.0,0.9101731777191162,0.08982664346694946,0.6992455720901489,0.9349636435508728,0.8930289149284363,0.9023987650871277,0.9112218618392944,0.08877769112586975,0.7105658650398254,0.9355865120887756,0.8892515301704407,0.8983455300331116
146.0,2.0,0.9100853800773621,0.08991368860006332,0.7143860459327698,0.9339867234230042,0.8920970559120178,0.9010298848152161,0.9115735292434692,0.08842645585536957,0.6498685479164124,0.9394988417625427,0.8929755091667175,0.9038165211677551
146.0,3.0,0.9113068580627441,0.08869265764951706,0.6971383094787598,0.9355415105819702,0.8924946784973145,0.9022397398948669,0.906683087348938,0.0933166891336441,0.7190293669700623,0.9332703351974487,0.8913854360580444,0.8989749550819397
146.0,4.0,0.9090319871902466,0.09096872806549072,0.6928913593292236,0.9359974265098572,0.8905185461044312,0.8993273973464966,0.9157986044883728,0.08420116454362869,0.7358682155609131,0.9314446449279785,0.899303138256073,0.910637378692627
147.0,0.0,0.9113190770149231,0.08868056535720825,0.7038218975067139,0.9349513053894043,0.8932252526283264,0.9029398560523987,0.9066466689109802,0.09335310757160187,0.6922428607940674,0.9356364011764526,0.8884657621383667,0.8961843252182007
147.0,1.0,0.9101737141609192,0.08982665091753006,0.6992403864860535,0.9349626302719116,0.8930294513702393,0.9023990035057068,0.9112226963043213,0.08877769112586975,0.7105059623718262,0.9355867505073547,0.8892554640769958,0.8983458876609802
147.0,2.0,0.9100863933563232,0.08991367369890213,0.7143828868865967,0.933985710144043,0.8920981884002686,0.901030421257019,0.9115738868713379,0.08842639625072479,0.6498243808746338,0.9394989609718323,0.8929744362831116,0.9038161635398865
147.0,3.0,0.9113072752952576,0.08869268000125885,0.697117030620575,0.9355416297912598,0.8924970626831055,0.9022394418716431,0.9066833853721619,0.09331667423248291,0.7189815044403076,0.9332703351974487,0.8913841843605042,0.8989741802215576
147.0,4.0,0.9090306758880615,0.09096857905387878,0.6928755640983582,0.9359973073005676,0.8905189633369446,0.8993276357650757,0.9157988429069519,0.0842011570930481,0.735812783241272,0.9314449429512024,0.8993059396743774,0.910637378692627
148.0,0.0,0.9113202691078186,0.08868042379617691,0.7037972807884216,0.9349508285522461,0.8932290077209473,0.9029400944709778,0.9066475033760071,0.09335311502218246,0.6921718716621399,0.9356364607810974,0.8884674906730652,0.8961845636367798
148.0,1.0,0.9101724624633789,0.08982660621404648,0.6992073655128479,0.9349628686904907,0.8930307030677795,0.9023996591567993,0.9112228155136108,0.08877776563167572,0.7105283141136169,0.9355858564376831,0.8892531394958496,0.898345947265625
148.0,2.0,0.9100862741470337,0.08991359174251556,0.7143791913986206,0.9339864253997803,0.8920965194702148,0.9010311365127563,0.9115734100341797,0.08842633664608002,0.6498721241950989,0.9394991993904114,0.8929751515388489,0.9038158059120178
148.0,3.0,0.9113074541091919,0.08869264274835587,0.6971291899681091,0.9355413913726807,0.8924953937530518,0.9022394418716431,0.9066832065582275,0.09331666678190231,0.7190738320350647,0.9332706332206726,0.8913856744766235,0.8989742994308472
148.0,4.0,0.9090316295623779,0.09096858650445938,0.6929342746734619,0.9359981417655945,0.8905177712440491,0.8993270993232727,0.9157989621162415,0.08420120179653168,0.7358149886131287,0.9314444661140442,0.8993072509765625,0.9106370806694031
149.0,0.0,0.9113194942474365,0.08868038654327393,0.7038054466247559,0.9349503517150879,0.8932275176048279,0.9029403328895569,0.9066469073295593,0.09335313737392426,0.6922195553779602,0.9356361627578735,0.8884643912315369,0.8961846232414246
149.0,1.0,0.9101725816726685,0.08982649445533752,0.6992231607437134,0.9349629878997803,0.8930308222770691,0.9023991823196411,0.9112223386764526,0.08877764642238617,0.7105138897895813,0.9355862736701965,0.8892524838447571,0.8983455300331116
149.0,2.0,0.910085916519165,0.08991368114948273,0.7143774032592773,0.9339861869812012,0.8920985460281372,0.9010306000709534,0.9115738868713379,0.08842631429433823,0.649830162525177,0.9394986629486084,0.8929769992828369,0.9038166403770447
149.0,3.0,0.9113070964813232,0.08869264274835587,0.6971126794815063,0.9355413913726807,0.8924960494041443,0.902239203453064,0.906683623790741,0.09331667423248291,0.7189997434616089,0.9332705736160278,0.8913847208023071,0.8989747166633606
149.0,4.0,0.9090316295623779,0.09096861630678177,0.6928925514221191,0.9359978437423706,0.8905184268951416,0.8993268013000488,0.9157987236976624,0.08420110493898392,0.7358447313308716,0.9314448833465576,0.8993050456047058,0.910637378692627
150.0,0.0,0.9113193154335022,0.08868048340082169,0.703790009021759,0.9349510073661804,0.8932284712791443,0.9029405117034912,0.9066471457481384,0.0933530181646347,0.692200243473053,0.9356367588043213,0.8884648680686951,0.8961851000785828
150.0,1.0,0.9101730585098267,0.08982649445533752,0.6992019414901733,0.9349626302719116,0.8930303454399109,0.9023990631103516,0.9112218618392944,0.08877759426832199,0.7104814052581787,0.9355863332748413,0.8892574310302734,0.8983460068702698
150.0,2.0,0.9100860953330994,0.08991358429193497,0.7143648266792297,0.9339864253997803,0.8920997381210327,0.9010313749313354,0.9115738272666931,0.08842631429433823,0.6498700380325317,0.9394986629486084,0.8929753303527832,0.9038161635398865
150.0,3.0,0.9113073348999023,0.08869253844022751,0.697099506855011,0.9355409145355225,0.8924967646598816,0.9022397398948669,0.9066839814186096,0.09331662207841873,0.7189741134643555,0.9332703351974487,0.8913866877555847,0.8989750742912292
150.0,4.0,0.9090315103530884,0.0909685492515564,0.6928779482841492,0.9359975457191467,0.8905178308486938,0.8993273377418518,0.915798544883728,0.08420111238956451,0.7358071804046631,0.9314451217651367,0.8993082642555237,0.910637378692627
151.0,0.0,0.9113189578056335,0.0886804535984993,0.7037972807884216,0.9349499940872192,0.8932298421859741,0.9029406309127808,0.9066469669342041,0.0933530330657959,0.6922381520271301,0.9356365203857422,0.888464629650116,0.8961846232414246
151.0,1.0,0.9101737141609192,0.08982650935649872,0.6992182731628418,0.9349622130393982,0.89303058385849,0.9023998975753784,0.9112220406532288,0.08877765387296677,0.7104925513267517,0.9355863332748413,0.8892589807510376,0.8983449339866638
151.0,2.0,0.910085916519165,0.08991364389657974,0.7143585085868835,0.933986246585846,0.8920994400978088,0.9010311961174011,0.9115733504295349,0.08842629194259644,0.6498171091079712,0.9394984245300293,0.8929775953292847,0.9038160443305969
151.0,3.0,0.9113068580627441,0.0886925682425499,0.6971015334129333,0.9355416893959045,0.8924960494041443,0.9022389650344849,0.906683623790741,0.09331660717725754,0.718964159488678,0.9332703351974487,0.8913861513137817,0.898974597454071
151.0,4.0,0.9090309143066406,0.09096848964691162,0.6928945183753967,0.9359973669052124,0.8905189633369446,0.8993279933929443,0.9157984852790833,0.08420117199420929,0.7358425259590149,0.9314444065093994,0.8993058204650879,0.9106371402740479
152.0,0.0,0.9113187789916992,0.08868052810430527,0.7037751078605652,0.9349505305290222,0.8932288885116577,0.9029407501220703,0.9066467881202698,0.0933530256152153,0.6921989917755127,0.9356359243392944,0.8884654641151428,0.8961846232414246
152.0,1.0,0.9101732969284058,0.08982662111520767,0.6992105841636658,0.9349626898765564,0.8930307030677795,0.9023997187614441,0.9112222194671631,0.08877762407064438,0.7104932069778442,0.935586154460907,0.8892573714256287,0.8983457088470459
152.0,2.0,0.9100860953330994,0.08991362154483795,0.7143654227256775,0.9339869022369385,0.892100989818573,0.901030957698822,0.9115736484527588,0.0884263664484024,0.6498399972915649,0.9394984841346741,0.8929731249809265,0.903815746307373
152.0,3.0,0.9113073348999023,0.08869259804487228,0.6970926523208618,0.9355419278144836,0.8924968242645264,0.9022389650344849,0.9066833257675171,0.09331662952899933,0.7189799547195435,0.9332708120346069,0.8913865089416504,0.8989748358726501
152.0,4.0,0.9090316295623779,0.09096848964691162,0.6928926706314087,0.9359974265098572,0.8905184268951416,0.8993284702301025,0.9157990217208862,0.0842011347413063,0.7358213663101196,0.9314449429512024,0.8993070125579834,0.9106371998786926
153.0,0.0,0.9113189578056335,0.0886804461479187,0.7037826180458069,0.9349501729011536,0.8932289481163025,0.9029396176338196,0.9066471457481384,0.0933530181646347,0.6922215819358826,0.9356361031532288,0.8884648680686951,0.8961849212646484
153.0,1.0,0.9101729989051819,0.08982659131288528,0.6992031931877136,0.9349631071090698,0.8930298686027527,0.9023992419242859,0.9112223386764526,0.08877762407064438,0.7104944586753845,0.9355863332748413,0.8892579674720764,0.898345947265625
153.0,2.0,0.9100865125656128,0.08991365879774094,0.7143563032150269,0.9339869618415833,0.892099916934967,0.9010301232337952,0.9115736484527588,0.08842630684375763,0.6498529314994812,0.9394989013671875,0.8929770588874817,0.9038160443305969
153.0,3.0,0.9113068580627441,0.0886925682425499,0.6970944404602051,0.9355406165122986,0.8924970030784607,0.9022392630577087,0.9066836833953857,0.09331662207841873,0.7189717292785645,0.9332708120346069,0.8913856744766235,0.8989750742912292
153.0,4.0,0.9090308547019958,0.09096850454807281,0.6928951144218445,0.9359983801841736,0.8905185461044312,0.8993277549743652,0.9157989621162415,0.08420109748840332,0.7358303070068359,0.9314447641372681,0.8993071913719177,0.910637378692627
154.0,0.0,0.9113190770149231,0.08868049830198288,0.7038021683692932,0.9349513053894043,0.8932281136512756,0.9029410481452942,0.9066470265388489,0.09335310757160187,0.6922295689582825,0.9356364011764526,0.8884666562080383,0.8961851000785828
154.0,1.0,0.9101728200912476,0.08982658386230469,0.6992148160934448,0.9349631071090698,0.8930314183235168,0.9023984670639038,0.9112226963043213,0.08877760916948318,0.7105154991149902,0.935586154460907,0.8892573714256287,0.8983458876609802
154.0,2.0,0.9100863337516785,0.08991361409425735,0.7143625617027283,0.9339860677719116,0.8921002149581909,0.9010313153266907,0.9115735292434692,0.08842634409666061,0.6498598456382751,0.9394991993904114,0.8929733037948608,0.9038154482841492
154.0,3.0,0.9113077521324158,0.08869252353906631,0.6971063017845154,0.9355413913726807,0.8924967646598816,0.9022397398948669,0.9066834449768066,0.09331662952899933,0.7189592719078064,0.9332701563835144,0.8913859724998474,0.8989747762680054
154.0,4.0,0.909031331539154,0.09096851944923401,0.6928992867469788,0.9359975457191467,0.8905184864997864,0.8993273973464966,0.9157986044883728,0.08420112729072571,0.7358381748199463,0.9314444661140442,0.8993038535118103,0.9106369614601135
155.0,0.0,0.9113187193870544,0.08868046849966049,0.7037950158119202,0.9349496364593506,0.8932281136512756,0.902940571308136,0.9066467881202698,0.09335300326347351,0.6922360062599182,0.9356367588043213,0.8884649872779846,0.8961843252182007
155.0,1.0,0.9101730585098267,0.08982657641172409,0.6991963982582092,0.9349626898765564,0.8930293917655945,0.9023984670639038,0.9112223982810974,0.08877763897180557,0.7104965448379517,0.935586154460907,0.8892552256584167,0.8983449935913086
155.0,2.0,0.9100866317749023,0.08991355448961258,0.7143628597259521,0.9339860677719116,0.8921001553535461,0.9010298848152161,0.9115737676620483,0.08842633664608002,0.6498633623123169,0.9394989013671875,0.8929738998413086,0.9038164019584656
155.0,3.0,0.9113080501556396,0.08869251608848572,0.697109043598175,0.9355416893959045,0.8924960494041443,0.9022377729415894,0.9066835641860962,0.09331657737493515,0.718974769115448,0.933270275592804,0.891389012336731,0.8989752531051636
155.0,4.0,0.9090319275856018,0.09096858650445938,0.6928908228874207,0.9359976053237915,0.8905185461044312,0.899327278137207,0.9157987833023071,0.08420108258724213,0.7358241677284241,0.9314451217651367,0.8993048071861267,0.9106371402740479
156.0,0.0,0.9113194942474365,0.08868054300546646,0.7038038969039917,0.9349501132965088,0.8932293653488159,0.9029415249824524,0.9066473841667175,0.0933530256152153,0.6922047138214111,0.9356366991996765,0.8884642124176025,0.8961846232414246
156.0,1.0,0.910173237323761,0.08982661366462708,0.6992153525352478,0.9349629878997803,0.8930282592773438,0.9023984670639038,0.9112223982810974,0.08877760916948318,0.7104974389076233,0.935586154460907,0.8892555236816406,0.8983457684516907
156.0,2.0,0.9100868105888367,0.08991362154483795,0.7143725752830505,0.9339866042137146,0.8921006321907043,0.9010305404663086,0.911573588848114,0.08842632174491882,0.6498839259147644,0.9394986629486084,0.8929761052131653,0.9038159847259521
156.0,3.0,0.9113070368766785,0.08869249373674393,0.6970973610877991,0.9355408549308777,0.892496645450592,0.9022396802902222,0.9066836833953857,0.09331656992435455,0.7189874649047852,0.9332704544067383,0.8913876414299011,0.8989747166633606
156.0,4.0,0.9090309739112854,0.09096851199865341,0.6928890943527222,0.9359980821609497,0.8905174732208252,0.89932781457901,0.9157990217208862,0.08420111238956451,0.7358494400978088,0.9314447045326233,0.8993065357208252,0.9106371402740479
157.0,0.0,0.9113194942474365,0.08868048340082169,0.7037926316261292,0.9349499940872192,0.8932285904884338,0.9029398560523987,0.906647264957428,0.09335305541753769,0.6922190189361572,0.9356364607810974,0.8884662389755249,0.8961842060089111
157.0,1.0,0.9101735949516296,0.08982660621404648,0.699216365814209,0.9349629282951355,0.8930288553237915,0.9023981690406799,0.9112223982810974,0.08877765387296677,0.7105120420455933,0.9355860948562622,0.8892571330070496,0.8983455300331116
157.0,2.0,0.9100860953330994,0.08991356194019318,0.7143651247024536,0.933986246585846,0.8920995593070984,0.9010303616523743,0.9115737676620483,0.08842632174491882,0.6498572826385498,0.9394989609718323,0.892972469329834,0.9038158059120178
157.0,3.0,0.9113070964813232,0.08869253844022751,0.6971122026443481,0.935541033744812,0.8924968242645264,0.9022394418716431,0.9066829681396484,0.09331665188074112,0.7189759612083435,0.933270275592804,0.8913851976394653,0.8989752531051636
157.0,4.0,0.9090327024459839,0.09096857905387878,0.6928979754447937,0.9359983801841736,0.8905184268951416,0.8993282914161682,0.9157988429069519,0.08420110493898392,0.7358458042144775,0.9314444661140442,0.8993057012557983,0.9106371402740479
158.0,0.0,0.9113187193870544,0.08868039399385452,0.7038061022758484,0.9349510669708252,0.8932286500930786,0.9029410481452942,0.9066471457481384,0.0933530256152153,0.6922202706336975,0.9356364011764526,0.8884668946266174,0.8961844444274902
158.0,1.0,0.9101730585098267,0.0898265689611435,0.6992113590240479,0.9349629282951355,0.8930301070213318,0.9023987054824829,0.9112225770950317,0.08877765387296677,0.7104789018630981,0.9355860948562622,0.8892554640769958,0.8983454704284668
158.0,2.0,0.9100863933563232,0.08991365879774094,0.7143607139587402,0.9339856505393982,0.8920999765396118,0.9010300636291504,0.9115734100341797,0.08842630684375763,0.6498461365699768,0.9394989013671875,0.8929768204689026,0.9038164615631104
158.0,3.0,0.9113078117370605,0.08869253844022751,0.6971131563186646,0.9355417490005493,0.8924957513809204,0.9022387862205505,0.9066838622093201,0.09331660717725754,0.7189818024635315,0.9332704544067383,0.8913883566856384,0.8989749550819397
158.0,4.0,0.9090317487716675,0.09096850454807281,0.6928955316543579,0.9359976649284363,0.89051753282547,0.8993276357650757,0.9157991409301758,0.08420111238956451,0.735840916633606,0.9314447641372681,0.8993096947669983,0.9106373190879822
159.0,0.0,0.9113184809684753,0.08868052810430527,0.703793466091156,0.934950053691864,0.8932297229766846,0.9029399752616882,0.9066472053527832,0.0933530181646347,0.6922165155410767,0.9356362819671631,0.8884649872779846,0.8961843848228455
159.0,1.0,0.9101728200912476,0.08982652425765991,0.6992275714874268,0.9349638223648071,0.8930296897888184,0.9023995399475098,0.9112224578857422,0.08877763897180557,0.7104809880256653,0.9355868697166443,0.8892554044723511,0.8983451724052429
159.0,2.0,0.9100867509841919,0.08991362154483795,0.7143628001213074,0.9339855909347534,0.8920992016792297,0.9010303616523743,0.9115736484527588,0.08842630684375763,0.6498560905456543,0.9394988417625427,0.8929726481437683,0.9038159251213074
159.0,3.0,0.9113067984580994,0.08869259804487228,0.6971062421798706,0.9355411529541016,0.8924968242645264,0.902238667011261,0.9066833257675171,0.09331656247377396,0.7189810872077942,0.9332703948020935,0.8913869857788086,0.8989753127098083
159.0,4.0,0.9090316295623779,0.090968556702137,0.6928961277008057,0.9359981417655945,0.8905177712440491,0.8993271589279175,0.9157989621162415,0.0842011347413063,0.7358204126358032,0.9314447045326233,0.8993074893951416,0.9106371998786926
160.0,0.0,0.9113187789916992,0.0886804461479187,0.7038001418113708,0.9349501729011536,0.8932284712791443,0.9029402732849121,0.9066476821899414,0.09335299581289291,0.6922186017036438,0.9356359243392944,0.8884652853012085,0.8961846232414246
160.0,1.0,0.9101735353469849,0.0898265540599823,0.6992099285125732,0.9349629878997803,0.8930297493934631,0.9023990035057068,0.9112221598625183,0.08877764642238617,0.7105264067649841,0.9355858564376831,0.8892558813095093,0.8983449339866638
160.0,2.0,0.9100860357284546,0.08991357684135437,0.7143788933753967,0.9339867234230042,0.8920997381210327,0.9010308384895325,0.9115737676620483,0.08842625468969345,0.649833083152771,0.939498245716095,0.892974853515625,0.903815746307373
160.0,3.0,0.9113067984580994,0.0886925458908081,0.6971040964126587,0.9355416893959045,0.8924955129623413,0.902239978313446,0.906683623790741,0.09331659972667694,0.7190004587173462,0.9332703351974487,0.8913866877555847,0.8989747762680054
160.0,4.0,0.9090307354927063,0.0909685492515564,0.6929028034210205,0.9359973073005676,0.890518307685852,0.8993268609046936,0.9157993197441101,0.08420109748840332,0.7358466982841492,0.9314449429512024,0.8993068337440491,0.910637617111206
161.0,0.0,0.911318838596344,0.08868042379617691,0.7038056254386902,0.9349505305290222,0.893227756023407,0.9029410481452942,0.9066473841667175,0.09335299581289291,0.6922110915184021,0.9356364011764526,0.888466477394104,0.8961848616600037
161.0,1.0,0.9101732969284058,0.08982657641172409,0.6992055177688599,0.9349631667137146,0.8930309414863586,0.902399480342865,0.9112223386764526,0.08877763897180557,0.7105036377906799,0.9355862736701965,0.8892558813095093,0.898345410823822
161.0,2.0,0.9100875854492188,0.08991368114948273,0.714363157749176,0.933986246585846,0.8920992612838745,0.9010314345359802,0.9115738868713379,0.08842627704143524,0.6498758792877197,0.9394993782043457,0.8929738402366638,0.9038159251213074
161.0,3.0,0.911307692527771,0.08869251608848572,0.6970973610877991,0.9355407357215881,0.8924965858459473,0.9022395014762878,0.9066829681396484,0.09331656247377396,0.7189653515815735,0.9332704544067383,0.8913865089416504,0.8989749550819397
161.0,4.0,0.9090314507484436,0.09096857905387878,0.6929012537002563,0.9359984993934631,0.8905169367790222,0.89932781457901,0.9157986044883728,0.08420111238956451,0.735826313495636,0.9314451217651367,0.8993077278137207,0.9106376767158508
162.0,0.0,0.9113190174102783,0.08868055790662766,0.7037861347198486,0.9349498748779297,0.8932296633720398,0.9029398560523987,0.9066471457481384,0.09335299581289291,0.6922084093093872,0.9356362819671631,0.8884644508361816,0.8961843252182007
162.0,1.0,0.9101728200912476,0.08982658386230469,0.699212372303009,0.9349631071090698,0.8930308222770691,0.9023984670639038,0.9112223982810974,0.08877766132354736,0.7105066180229187,0.9355859160423279,0.8892551064491272,0.8983457088470459
162.0,2.0,0.9100862741470337,0.0899134948849678,0.7143630981445312,0.9339858889579773,0.8920990228652954,0.901030421257019,0.911573588848114,0.08842627704143524,0.6498575210571289,0.9394991993904114,0.8929745554924011,0.903814971446991
162.0,3.0,0.9113073348999023,0.0886925533413887,0.697097659111023,0.9355416297912598,0.8924950957298279,0.9022384881973267,0.9066833853721619,0.09331665188074112,0.7189660668373108,0.9332703351974487,0.8913871645927429,0.8989747166633606
162.0,4.0,0.9090312123298645,0.09096848219633102,0.6929066181182861,0.9359970688819885,0.8905194997787476,0.8993284702301025,0.9157987833023071,0.08420111238956451,0.7358264923095703,0.9314447641372681,0.8993096351623535,0.9106369018554688
163.0,0.0,0.9113196730613708,0.08868047595024109,0.7037892937660217,0.9349506497383118,0.8932293653488159,0.9029395580291748,0.9066472053527832,0.0933530256152153,0.6922207474708557,0.9356362223625183,0.8884654641151428,0.8961849808692932
163.0,1.0,0.9101727604866028,0.08982659131288528,0.699228823184967,0.9349626898765564,0.8930312991142273,0.9023996591567993,0.9112225770950317,0.08877763897180557,0.710502564907074,0.9355865120887756,0.8892558813095093,0.8983456492424011
163.0,2.0,0.9100877642631531,0.08991356194019318,0.7143598794937134,0.9339867234230042,0.8920984864234924,0.9010303616523743,0.9115735292434692,0.08842630684375763,0.6498335003852844,0.9394988417625427,0.8929782509803772,0.9038165211677551
163.0,3.0,0.9113082885742188,0.08869259804487228,0.6971109509468079,0.9355409741401672,0.8924950361251831,0.9022396802902222,0.906683623790741,0.09331663697957993,0.718975841999054,0.9332708120346069,0.8913854360580444,0.8989748358726501
163.0,4.0,0.9090311527252197,0.0909685418009758,0.6929015517234802,0.9359980821609497,0.890516459941864,0.8993268609046936,0.9157991409301758,0.08420111238956451,0.7358243465423584,0.931444525718689,0.8993082642555237,0.9106373190879822
164.0,0.0,0.9113190770149231,0.08868048340082169,0.7037873268127441,0.9349498152732849,0.8932272791862488,0.9029396176338196,0.9066473841667175,0.09335300326347351,0.6922121644020081,0.9356362819671631,0.8884644508361816,0.8961845636367798
164.0,1.0,0.9101725220680237,0.08982650935649872,0.6992143988609314,0.9349637031555176,0.8930308818817139,0.9023990035057068,0.9112220406532288,0.08877762407064438,0.7104719877243042,0.935586154460907,0.8892549276351929,0.8983444571495056
164.0,2.0,0.9100860953330994,0.08991353213787079,0.7143650650978088,0.9339876770973206,0.8920984268188477,0.9010311365127563,0.911573588848114,0.08842633664608002,0.6498556733131409,0.9394989013671875,0.8929735422134399,0.9038159847259521
164.0,3.0,0.9113074541091919,0.08869250863790512,0.6971062421798706,0.9355412721633911,0.8924955725669861,0.9022396802902222,0.9066835641860962,0.09331662207841873,0.7189888954162598,0.9332706332206726,0.891386866569519,0.8989753127098083
164.0,4.0,0.9090321063995361,0.09096851944923401,0.6928954720497131,0.9359973669052124,0.8905194401741028,0.8993270993232727,0.9157983064651489,0.08420111238956451,0.7358126044273376,0.9314449429512024,0.8993081450462341,0.9106371402740479
165.0,0.0,0.9113191962242126,0.0886804535984993,0.7037910223007202,0.9349505305290222,0.8932281136512756,0.9029408693313599,0.9066470265388489,0.0933530330657959,0.6922324895858765,0.9356364607810974,0.8884657621383667,0.896183967590332
165.0,1.0,0.910173237323761,0.08982659131288528,0.6992262005805969,0.9349633455276489,0.8930315971374512,0.9023987054824829,0.9112226963043213,0.08877763897180557,0.7104867696762085,0.935586154460907,0.8892543911933899,0.8983457088470459
165.0,2.0,0.9100874662399292,0.08991361409425735,0.7143628597259521,0.9339858889579773,0.8920986652374268,0.9010298848152161,0.9115733504295349,0.08842628449201584,0.6498333811759949,0.9394987225532532,0.8929750919342041,0.9038155674934387
165.0,3.0,0.9113063216209412,0.0886925682425499,0.6971011161804199,0.9355412721633911,0.8924951553344727,0.9022380113601685,0.9066834449768066,0.09331662207841873,0.7189699411392212,0.9332708120346069,0.8913877606391907,0.8989747762680054
165.0,4.0,0.909031867980957,0.0909685492515564,0.692899227142334,0.9359978437423706,0.8905192613601685,0.89932781457901,0.9157990217208862,0.08420106768608093,0.7358198165893555,0.9314454197883606,0.8993076682090759,0.9106375575065613
166.0,0.0,0.9113191962242126,0.0886804535984993,0.7037986516952515,0.9349510669708252,0.8932288289070129,0.9029402136802673,0.9066466689109802,0.09335300326347351,0.6922265887260437,0.9356362819671631,0.8884639739990234,0.8961849212646484
166.0,1.0,0.9101735353469849,0.08982657641172409,0.6992213726043701,0.9349634051322937,0.8930318355560303,0.9023991823196411,0.9112224578857422,0.08877761662006378,0.7105057835578918,0.9355862736701965,0.8892551064491272,0.8983449339866638
166.0,2.0,0.9100850820541382,0.08991361409425735,0.7143720388412476,0.9339872002601624,0.8920994400978088,0.9010308980941772,0.9115735292434692,0.08842629194259644,0.6498666405677795,0.9394991993904114,0.8929763436317444,0.9038164615631104
166.0,3.0,0.9113081693649292,0.0886925756931305,0.6971035003662109,0.9355417490005493,0.892494797706604,0.9022395610809326,0.9066833853721619,0.09331662207841873,0.718980610370636,0.9332708120346069,0.8913874626159668,0.8989752531051636
166.0,4.0,0.9090322256088257,0.09096851944923401,0.6929009556770325,0.9359968304634094,0.8905177116394043,0.8993282318115234,0.9157983660697937,0.08420112729072571,0.735808253288269,0.9314449429512024,0.8993083238601685,0.9106376767158508
167.0,0.0,0.911318838596344,0.08868050575256348,0.7037999033927917,0.9349510669708252,0.8932285904884338,0.9029400944709778,0.9066467881202698,0.0933530330657959,0.6922493577003479,0.9356367588043213,0.8884648680686951,0.8961849808692932
167.0,1.0,0.9101732969284058,0.0898265689611435,0.6992175579071045,0.9349629282951355,0.8930299282073975,0.9023985266685486,0.9112221598625183,0.08877766132354736,0.7104730606079102,0.9355868101119995,0.8892549872398376,0.8983452916145325
167.0,2.0,0.9100863337516785,0.08991361409425735,0.714365541934967,0.9339861869812012,0.8920992612838745,0.9010300636291504,0.9115740060806274,0.08842629194259644,0.6498583555221558,0.9394987225532532,0.8929758071899414,0.9038165211677551
167.0,3.0,0.9113078117370605,0.0886925533413887,0.6971094608306885,0.9355412125587463,0.8924955725669861,0.9022387862205505,0.906683087348938,0.09331656247377396,0.7189776301383972,0.9332703948020935,0.8913851976394653,0.8989754915237427
167.0,4.0,0.9090311527252197,0.09096861630678177,0.6929052472114563,0.9359971880912781,0.8905185461044312,0.8993275761604309,0.9157988429069519,0.0842011570930481,0.7358307838439941,0.931444525718689,0.8993059396743774,0.9106379747390747
168.0,0.0,0.9113204479217529,0.08868046849966049,0.703807532787323,0.9349498152732849,0.8932284116744995,0.902940034866333,0.9066471457481384,0.0933530256152153,0.6922125220298767,0.9356364011764526,0.8884674310684204,0.8961847424507141
168.0,1.0,0.9101740717887878,0.08982652425765991,0.699216365814209,0.9349628686904907,0.8930308818817139,0.9023994207382202,0.9112222194671631,0.08877761662006378,0.7105056047439575,0.9355863928794861,0.8892568349838257,0.8983449935913086
168.0,2.0,0.9100863933563232,0.08991357684135437,0.7143591046333313,0.9339853525161743,0.8920984864234924,0.9010308384895325,0.9115732908248901,0.08842627704143524,0.6498672366142273,0.9394986629486084,0.8929728865623474,0.9038159251213074
168.0,3.0,0.9113072156906128,0.0886925533413887,0.6971120834350586,0.9355412125587463,0.8924960494041443,0.9022387862205505,0.906683623790741,0.09331667423248291,0.7189850211143494,0.9332700371742249,0.8913875222206116,0.8989747166633606
168.0,4.0,0.9090316891670227,0.0909685343503952,0.6928941607475281,0.935998260974884,0.8905194401741028,0.899327278137207,0.9157989621162415,0.08420116454362869,0.7358095645904541,0.9314448833465576,0.8993094563484192,0.910637617111206
169.0,0.0,0.9113194346427917,0.0886804386973381,0.7037891745567322,0.9349506497383118,0.8932279944419861,0.9029397368431091,0.9066469073295593,0.09335305541753769,0.6922284960746765,0.9356364607810974,0.8884662389755249,0.8961848616600037
169.0,1.0,0.9101733565330505,0.08982649445533752,0.6992148756980896,0.9349631071090698,0.8930296301841736,0.902399480342865,0.9112224578857422,0.08877762407064438,0.7104739546775818,0.9355862736701965,0.8892560005187988,0.8983462452888489
169.0,2.0,0.9100865125656128,0.08991357684135437,0.7143587470054626,0.9339859485626221,0.892099916934967,0.9010298848152161,0.9115734100341797,0.08842631429433823,0.6498702168464661,0.9394989609718323,0.8929755091667175,0.9038164019584656
169.0,3.0,0.9113082885742188,0.0886925458908081,0.6971026062965393,0.9355421662330627,0.8924962878227234,0.9022391438484192,0.906683623790741,0.09331663697957993,0.7189454436302185,0.9332709312438965,0.8913862705230713,0.8989750742912292
169.0,4.0,0.909031331539154,0.09096858650445938,0.6929131746292114,0.9359980225563049,0.8905194997787476,0.8993285298347473,0.9157993793487549,0.0842011421918869,0.7358422875404358,0.9314451813697815,0.8993079662322998,0.910637378692627
170.0,0.0,0.9113195538520813,0.08868046849966049,0.7037963271141052,0.9349498152732849,0.8932291269302368,0.9029395580291748,0.9066469073295593,0.0933530181646347,0.692212700843811,0.9356362223625183,0.8884679675102234,0.8961843252182007
170.0,1.0,0.9101735949516296,0.08982649445533752,0.6992114186286926,0.9349632263183594,0.893028974533081,0.9023990631103516,0.9112220406532288,0.08877762407064438,0.7104792594909668,0.9355860352516174,0.8892542123794556,0.8983451724052429
170.0,2.0,0.910086989402771,0.08991357684135437,0.7143654227256775,0.9339869618415833,0.8920999765396118,0.9010306596755981,0.9115738868713379,0.08842625468969345,0.6498730182647705,0.9394984245300293,0.892974853515625,0.9038167595863342
170.0,3.0,0.9113078117370605,0.08869258314371109,0.6971153020858765,0.9355416893959045,0.8924948573112488,0.9022385478019714,0.906683623790741,0.09331660717725754,0.7189568877220154,0.9332703948020935,0.8913878798484802,0.8989745378494263
170.0,4.0,0.9090309143066406,0.0909685418009758,0.6929165124893188,0.9359976649284363,0.8905182480812073,0.8993260860443115,0.9157987236976624,0.08420111238956451,0.7358341813087463,0.9314446449279785,0.8993072509765625,0.9106375575065613
171.0,0.0,0.9113190174102783,0.08868047595024109,0.7037917971611023,0.9349499940872192,0.8932297229766846,0.9029403328895569,0.9066469669342041,0.0933530256152153,0.692217230796814,0.9356359839439392,0.8884648680686951,0.8961845636367798
171.0,1.0,0.910172700881958,0.08982657641172409,0.6992267966270447,0.9349628686904907,0.8930284380912781,0.9023993015289307,0.9112223982810974,0.08877760916948318,0.7104718685150146,0.9355860948562622,0.8892558813095093,0.8983451128005981
171.0,2.0,0.9100866317749023,0.08991367369890213,0.7143622040748596,0.933986485004425,0.8920994997024536,0.9010294675827026,0.9115732908248901,0.08842632174491882,0.6498613357543945,0.9394986629486084,0.8929713368415833,0.9038167595863342
171.0,3.0,0.9113065004348755,0.0886925756931305,0.6971058249473572,0.9355424046516418,0.8924971222877502,0.9022387862205505,0.906683623790741,0.09331662207841873,0.7189680337905884,0.9332703948020935,0.8913862705230713,0.8989747166633606
171.0,4.0,0.9090316891670227,0.0909685343503952,0.6929000616073608,0.9359983205795288,0.890518069267273,0.89932781457901,0.9157987833023071,0.08420112729072571,0.7358279824256897,0.931445300579071,0.8993067145347595,0.910637378692627
172.0,0.0,0.9113193154335022,0.08868046849966049,0.7038066387176514,0.9349499940872192,0.8932283520698547,0.9029406309127808,0.906647264957428,0.0933530330657959,0.6922096014022827,0.9356362223625183,0.888465940952301,0.8961849212646484
172.0,1.0,0.910173237323761,0.08982661366462708,0.6992206573486328,0.9349632263183594,0.8930306434631348,0.9023997187614441,0.9112223386764526,0.08877762407064438,0.7104730606079102,0.9355860948562622,0.8892546892166138,0.8983457088470459
172.0,2.0,0.9100874662399292,0.08991359919309616,0.7143678069114685,0.9339868426322937,0.8920986652374268,0.9010310769081116,0.9115738272666931,0.08842633664608002,0.6498602032661438,0.9394994378089905,0.8929734230041504,0.903816282749176
172.0,3.0,0.9113062620162964,0.0886925533413887,0.6971188187599182,0.9355402588844299,0.8924975395202637,0.9022387862205505,0.906683623790741,0.0933166891336441,0.7189974188804626,0.9332705736160278,0.8913859724998474,0.8989754915237427
172.0,4.0,0.9090306162834167,0.09096850454807281,0.692899227142334,0.9359976053237915,0.8905179500579834,0.8993273973464966,0.9157984852790833,0.08420108258724213,0.7358577847480774,0.9314449429512024,0.8993068337440491,0.9106366038322449
173.0,0.0,0.911318302154541,0.08868040889501572,0.7037984728813171,0.9349508285522461,0.8932278752326965,0.9029402732849121,0.906646728515625,0.0933530330657959,0.6922326683998108,0.9356364607810974,0.8884678483009338,0.8961846828460693
173.0,1.0,0.9101740717887878,0.0898265689611435,0.6992329955101013,0.9349626898765564,0.893031895160675,0.902399480342865,0.9112220406532288,0.08877763897180557,0.7105168700218201,0.9355863332748413,0.889255166053772,0.8983449935913086
173.0,2.0,0.9100872278213501,0.08991356194019318,0.7143746614456177,0.9339861273765564,0.8920997977256775,0.9010308384895325,0.9115738272666931,0.08842627704143524,0.6498732566833496,0.9394986033439636,0.8929736614227295,0.903816282749176
173.0,3.0,0.9113073348999023,0.0886925533413887,0.6971170902252197,0.9355411529541016,0.8924967646598816,0.9022387862205505,0.9066834449768066,0.09331659227609634,0.7189664840698242,0.9332709312438965,0.8913887143135071,0.8989749550819397
173.0,4.0,0.9090309143066406,0.0909685343503952,0.6928958892822266,0.9359979033470154,0.890516996383667,0.8993273377418518,0.9157987236976624,0.08420112729072571,0.7358319759368896,0.9314448833465576,0.8993080258369446,0.910637617111206
174.0,0.0,0.9113195538520813,0.08868049830198288,0.7038068771362305,0.9349507689476013,0.8932298421859741,0.9029412865638733,0.9066471457481384,0.09335296601057053,0.6922124028205872,0.9356364011764526,0.8884649276733398,0.8961843252182007
174.0,1.0,0.910173773765564,0.08982645720243454,0.699225902557373,0.9349619746208191,0.8930292129516602,0.9023990035057068,0.9112225770950317,0.08877763897180557,0.7104762196540833,0.9355863928794861,0.8892536759376526,0.898345410823822
174.0,2.0,0.9100870490074158,0.08991354703903198,0.7143672704696655,0.9339871406555176,0.8921005129814148,0.9010308384895325,0.9115740060806274,0.08842631429433823,0.6498823761940002,0.9394989013671875,0.8929731249809265,0.9038162231445312
174.0,3.0,0.911307692527771,0.08869250863790512,0.6971113681793213,0.9355412721633911,0.8924963474273682,0.9022380709648132,0.9066834449768066,0.09331660717725754,0.7189939022064209,0.9332709312438965,0.8913865089416504,0.8989744782447815
174.0,4.0,0.9090316295623779,0.09096858650445938,0.6929039359092712,0.9359965324401855,0.8905179500579834,0.8993276357650757,0.9157987833023071,0.08420108258724213,0.7358617186546326,0.9314454197883606,0.8993068337440491,0.9106377959251404
175.0,0.0,0.9113181829452515,0.0886804535984993,0.7038002014160156,0.9349516034126282,0.8932285904884338,0.902940034866333,0.9066469669342041,0.09335304796695709,0.6922218203544617,0.9356364011764526,0.8884674906730652,0.8961841464042664
175.0,1.0,0.9101725816726685,0.0898265689611435,0.6992183327674866,0.9349634051322937,0.8930293321609497,0.9023991823196411,0.9112223386764526,0.08877761662006378,0.710476279258728,0.9355867505073547,0.8892545104026794,0.8983452916145325
175.0,2.0,0.9100862741470337,0.08991367369890213,0.714377760887146,0.9339867234230042,0.8921002149581909,0.9010299444198608,0.9115735292434692,0.08842628449201584,0.6498735547065735,0.9394986629486084,0.8929738998413086,0.9038162231445312
175.0,3.0,0.911307692527771,0.08869262784719467,0.6971169114112854,0.9355415105819702,0.8924968838691711,0.902239978313446,0.9066832065582275,0.09331656992435455,0.7190236449241638,0.9332705736160278,0.8913871645927429,0.8989753127098083
175.0,4.0,0.9090313911437988,0.0909685418009758,0.6929101943969727,0.9359970092773438,0.8905184864997864,0.899328351020813,0.9157988429069519,0.08420109748840332,0.7358281016349792,0.9314446449279785,0.8993080258369446,0.910637378692627
176.0,0.0,0.9113193154335022,0.08868050575256348,0.7038061022758484,0.9349512457847595,0.8932281732559204,0.90293949842453,0.9066474437713623,0.0933530256152153,0.6922464370727539,0.9356366991996765,0.888465940952301,0.8961844444274902
176.0,1.0,0.9101729393005371,0.08982657641172409,0.6992215514183044,0.9349629878997803,0.8930308222770691,0.9023987054824829,0.9112223386764526,0.08877770602703094,0.7104938626289368,0.9355863928794861,0.8892557621002197,0.8983457088470459
176.0,2.0,0.9100860953330994,0.08991359174251556,0.7143688797950745,0.9339861273765564,0.8920989036560059,0.9010303616523743,0.911573588848114,0.08842629194259644,0.6498464941978455,0.9394989609718323,0.8929738998413086,0.9038168787956238
176.0,3.0,0.9113078117370605,0.08869264274835587,0.6970973610877991,0.9355419278144836,0.8924964070320129,0.9022387266159058,0.906683623790741,0.09331656992435455,0.7189832329750061,0.9332700371742249,0.8913850784301758,0.8989752531051636
176.0,4.0,0.90903240442276,0.09096835553646088,0.6928958296775818,0.9359965324401855,0.8905175924301147,0.8993273973464966,0.9157987833023071,0.0842011570930481,0.7358304262161255,0.9314446449279785,0.8993051052093506,0.9106371998786926
177.0,0.0,0.9113197922706604,0.08868046849966049,0.703809916973114,0.9349495768547058,0.8932279348373413,0.9029407501220703,0.9066469669342041,0.09335305541753769,0.6922146677970886,0.9356362223625183,0.8884655237197876,0.8961853384971619
177.0,1.0,0.9101735353469849,0.08982658386230469,0.699222207069397,0.9349624514579773,0.89303058385849,0.9023988246917725,0.9112222194671631,0.08877760916948318,0.7104917168617249,0.935586154460907,0.889256477355957,0.8983451724052429
177.0,2.0,0.9100868105888367,0.08991359919309616,0.714375913143158,0.9339867234230042,0.8920979499816895,0.901030957698822,0.9115736484527588,0.08842624723911285,0.6498516798019409,0.9394988417625427,0.8929747939109802,0.9038164019584656
177.0,3.0,0.9113070368766785,0.08869252353906631,0.6971059441566467,0.9355414509773254,0.8924962878227234,0.9022397994995117,0.9066834449768066,0.09331654012203217,0.7189942002296448,0.9332701563835144,0.8913869857788086,0.8989751935005188
177.0,4.0,0.9090309739112854,0.09096848964691162,0.692918598651886,0.9359970688819885,0.8905172348022461,0.8993275165557861,0.9157988429069519,0.08420108258724213,0.7358235120773315,0.9314450025558472,0.8993062376976013,0.9106371402740479
178.0,0.0,0.9113189578056335,0.08868041634559631,0.70382159948349,0.9349507689476013,0.8932282328605652,0.9029404520988464,0.9066469073295593,0.0933530330657959,0.6922413110733032,0.9356364607810974,0.8884645104408264,0.8961849212646484
178.0,1.0,0.910173237323761,0.0898265391588211,0.6992372274398804,0.9349632263183594,0.8930299878120422,0.9023995399475098,0.9112218022346497,0.0887775793671608,0.7104936838150024,0.9355860352516174,0.8892551064491272,0.8983449339866638
178.0,2.0,0.9100862741470337,0.08991358429193497,0.7143688201904297,0.9339864253997803,0.8920987844467163,0.9010308980941772,0.9115736484527588,0.08842629194259644,0.6498460173606873,0.9394989609718323,0.8929756283760071,0.9038164615631104
178.0,3.0,0.9113073348999023,0.0886925682425499,0.6971094012260437,0.9355415105819702,0.8924964070320129,0.9022396802902222,0.9066833257675171,0.09331662952899933,0.7190185189247131,0.9332705736160278,0.8913885951042175,0.898975670337677
178.0,4.0,0.9090326428413391,0.09096851944923401,0.6929091811180115,0.9359976649284363,0.8905194997787476,0.8993282318115234,0.9157991409301758,0.08420110493898392,0.7358418703079224,0.9314448833465576,0.899307906627655,0.9106371998786926
179.0,0.0,0.911318838596344,0.08868049830198288,0.7037880420684814,0.9349501132965088,0.8932289481163025,0.9029402136802673,0.9066469669342041,0.09335307776927948,0.692231297492981,0.9356367588043213,0.8884662389755249,0.8961846828460693
179.0,1.0,0.9101729989051819,0.0898265466094017,0.6992229223251343,0.9349624514579773,0.8930298686027527,0.9023994207382202,0.9112223982810974,0.08877764642238617,0.7104780077934265,0.9355865120887756,0.8892554044723511,0.8983451724052429
179.0,2.0,0.9100863933563232,0.08991365879774094,0.7143684029579163,0.9339867234230042,0.8920981884002686,0.9010308980941772,0.9115738868713379,0.08842627704143524,0.6498731374740601,0.9394987225532532,0.892971932888031,0.9038169980049133
179.0,3.0,0.9113074541091919,0.08869260549545288,0.6971079707145691,0.9355413913726807,0.8924959301948547,0.9022385478019714,0.9066836833953857,0.09331663697957993,0.7189805507659912,0.9332701563835144,0.8913874626159668,0.8989757299423218
179.0,4.0,0.9090316891670227,0.0909685492515564,0.692903459072113,0.9359975457191467,0.8905185461044312,0.8993276357650757,0.9157987236976624,0.0842011421918869,0.7358449697494507,0.931445300579071,0.8993092179298401,0.9106376767158508
180.0,0.0,0.9113199710845947,0.08868048340082169,0.7037942409515381,0.9349510073661804,0.8932292461395264,0.9029408693313599,0.9066467881202698,0.0933530330657959,0.6922208070755005,0.9356364011764526,0.8884645104408264,0.8961843848228455
180.0,1.0,0.9101728200912476,0.08982649445533752,0.6992279291152954,0.9349629282951355,0.8930317163467407,0.9023995399475098,0.9112223982810974,0.08877763897180557,0.7104871273040771,0.9355863332748413,0.8892554044723511,0.8983451724052429
180.0,2.0,0.9100868105888367,0.08991365879774094,0.7143740653991699,0.9339869618415833,0.8920996785163879,0.9010303616523743,0.9115734100341797,0.08842625468969345,0.649886965751648,0.9394986033439636,0.8929768204689026,0.9038165211677551
180.0,3.0,0.9113072752952576,0.08869266510009766,0.6971191763877869,0.9355413913726807,0.892496645450592,0.9022385478019714,0.906683623790741,0.09331659227609634,0.7190108895301819,0.9332700967788696,0.8913865089416504,0.8989744186401367
180.0,4.0,0.9090309143066406,0.090968556702137,0.6929097175598145,0.9359983801841736,0.8905182480812073,0.89932781457901,0.9157987236976624,0.08420111238956451,0.7358455657958984,0.9314452409744263,0.8993099331855774,0.9106383919715881
181.0,0.0,0.9113202095031738,0.0886804461479187,0.7038078904151917,0.9349496364593506,0.8932292461395264,0.9029402136802673,0.906646728515625,0.0933530181646347,0.6922367215156555,0.9356371164321899,0.8884673714637756,0.8961843848228455
181.0,1.0,0.9101732969284058,0.08982657641172409,0.699230432510376,0.9349633455276489,0.8930314779281616,0.9023993015289307,0.9112222194671631,0.08877765387296677,0.7105035781860352,0.9355862736701965,0.8892557621002197,0.8983449935913086
181.0,2.0,0.9100867509841919,0.08991367369890213,0.7143707871437073,0.9339855909347534,0.8921006321907043,0.9010310769081116,0.9115736484527588,0.08842627704143524,0.6498774290084839,0.9394988417625427,0.8929751515388489,0.9038165211677551
181.0,3.0,0.9113072156906128,0.08869250863790512,0.6971094608306885,0.9355412125587463,0.8924973607063293,0.9022401571273804,0.9066833853721619,0.09331659972667694,0.7189821600914001,0.9332705736160278,0.8913853168487549,0.8989744186401367
181.0,4.0,0.9090308547019958,0.09096857160329819,0.692907452583313,0.9359966516494751,0.8905189037322998,0.8993269205093384,0.9157988429069519,0.08420110493898392,0.7358341217041016,0.9314447045326233,0.8993101119995117,0.9106379747390747
182.0,0.0,0.9113197326660156,0.08868053555488586,0.7038058638572693,0.9349508285522461,0.893230140209198,0.902940571308136,0.9066471457481384,0.09335299581289291,0.6922242045402527,0.9356366991996765,0.8884649872779846,0.8961847424507141
182.0,1.0,0.9101734757423401,0.08982651680707932,0.6992199420928955,0.9349629878997803,0.8930307030677795,0.9023996591567993,0.9112228155136108,0.08877765387296677,0.7104970216751099,0.9355863332748413,0.8892551064491272,0.8983444571495056
182.0,2.0,0.910085916519165,0.08991356194019318,0.7143604755401611,0.9339858889579773,0.8920987248420715,0.9010301828384399,0.9115732908248901,0.08842628449201584,0.6498442888259888,0.9394986629486084,0.8929762840270996,0.9038159847259521
182.0,3.0,0.911307692527771,0.0886925682425499,0.6971063017845154,0.9355412721633911,0.8924960494041443,0.9022391438484192,0.9066835641860962,0.09331656992435455,0.7189913988113403,0.9332708716392517,0.8913859128952026,0.8989747166633606
182.0,4.0,0.9090309739112854,0.09096857160329819,0.6929110884666443,0.9359971880912781,0.8905190229415894,0.8993275761604309,0.9157990217208862,0.08420112729072571,0.735827624797821,0.9314447641372681,0.8993090391159058,0.9106379747390747
183.0,0.0,0.9113199710845947,0.08868056535720825,0.7037911415100098,0.9349493980407715,0.8932290077209473,0.9029415249824524,0.9066470265388489,0.09335299581289291,0.6922307014465332,0.9356365203857422,0.8884657621383667,0.8961845636367798
183.0,1.0,0.9101734757423401,0.08982665091753006,0.6992202997207642,0.9349637031555176,0.8930314779281616,0.9023990631103516,0.9112221002578735,0.08877761662006378,0.7104941010475159,0.9355865716934204,0.8892558813095093,0.8983451128005981
183.0,2.0,0.9100867509841919,0.08991355448961258,0.7143638134002686,0.9339854717254639,0.8920995593070984,0.9010311365127563,0.9115737676620483,0.08842627704143524,0.6498621106147766,0.9394986629486084,0.8929763436317444,0.903815746307373
183.0,3.0,0.9113069772720337,0.08869260549545288,0.6971130967140198,0.935541033744812,0.8924962878227234,0.9022389650344849,0.9066831469535828,0.09331659227609634,0.7189838886260986,0.9332700967788696,0.8913867473602295,0.8989750742912292
183.0,4.0,0.9090317487716675,0.09096851199865341,0.6929101347923279,0.9359983801841736,0.8905184864997864,0.8993273377418518,0.9157987833023071,0.08420108258724213,0.7358227968215942,0.9314449429512024,0.8993093967437744,0.9106382131576538
184.0,0.0,0.9113191962242126,0.0886804535984993,0.7037922739982605,0.9349496364593506,0.8932287096977234,0.9029402136802673,0.906646728515625,0.0933530256152153,0.6922485828399658,0.9356359839439392,0.8884667158126831,0.8961851000785828
184.0,1.0,0.9101722836494446,0.08982661366462708,0.6992315649986267,0.9349626898765564,0.8930313587188721,0.9023993015289307,0.9112222194671631,0.08877761662006378,0.7104978561401367,0.9355862736701965,0.8892549276351929,0.898344874382019
184.0,2.0,0.9100857377052307,0.08991364389657974,0.7143748998641968,0.9339864253997803,0.8921008706092834,0.901030957698822,0.9115734100341797,0.08842623233795166,0.6498596668243408,0.9394989013671875,0.8929755091667175,0.9038159847259521
184.0,3.0,0.9113070368766785,0.08869259804487228,0.6971242427825928,0.9355415105819702,0.8924973011016846,0.9022397994995117,0.9066838026046753,0.09331659972667694,0.7190028429031372,0.9332699179649353,0.891386866569519,0.8989744782447815
184.0,4.0,0.909031331539154,0.0909685492515564,0.6929193139076233,0.9359978437423706,0.8905196785926819,0.8993277549743652,0.9157989621162415,0.0842011347413063,0.7358270883560181,0.9314447641372681,0.8993070721626282,0.9106376767158508
185.0,0.0,0.9113203883171082,0.08868051320314407,0.7037997841835022,0.9349512457847595,0.8932284712791443,0.9029397964477539,0.9066472053527832,0.0933530181646347,0.6922568082809448,0.9356367588043213,0.8884676694869995,0.8961852192878723
185.0,1.0,0.9101728200912476,0.08982657641172409,0.6992207169532776,0.9349620938301086,0.8930308222770691,0.902399480342865,0.9112221598625183,0.08877764642238617,0.710490882396698,0.9355867505073547,0.8892541527748108,0.8983452320098877
185.0,2.0,0.9100857973098755,0.08991355448961258,0.7143668532371521,0.9339869618415833,0.8920994400978088,0.9010301828384399,0.911573588848114,0.08842631429433823,0.6498752236366272,0.9394989013671875,0.8929735422134399,0.9038159251213074
185.0,3.0,0.9113067984580994,0.08869252353906631,0.6971120834350586,0.9355414509773254,0.8924968838691711,0.902239203453064,0.9066834449768066,0.09331659227609634,0.7189913988113403,0.9332700967788696,0.8913872838020325,0.8989751935005188
185.0,4.0,0.9090306162834167,0.09096850454807281,0.6929004192352295,0.9359975457191467,0.8905175924301147,0.89932781457901,0.9157986044883728,0.0842011347413063,0.7358256578445435,0.931445300579071,0.8993086814880371,0.9106371402740479
186.0,0.0,0.9113192558288574,0.0886804386973381,0.7037925720214844,0.9349507689476013,0.8932274580001831,0.9029400944709778,0.9066469669342041,0.09335300326347351,0.6922183036804199,0.9356366395950317,0.888465404510498,0.8961851000785828
186.0,1.0,0.9101727604866028,0.08982658386230469,0.6992135643959045,0.9349631667137146,0.8930308222770691,0.902399480342865,0.9112224578857422,0.08877759426832199,0.7104899287223816,0.9355857968330383,0.889254629611969,0.8983449339866638
186.0,2.0,0.9100863933563232,0.08991362899541855,0.7143657803535461,0.9339861869812012,0.8920995593070984,0.9010300636291504,0.9115743041038513,0.08842628449201584,0.649857759475708,0.9394984841346741,0.8929718732833862,0.9038152098655701
186.0,3.0,0.9113065600395203,0.0886925682425499,0.6970934271812439,0.9355419278144836,0.8924941420555115,0.9022387266159058,0.9066833257675171,0.09331660717725754,0.7190125584602356,0.9332705736160278,0.8913874626159668,0.8989748358726501
186.0,4.0,0.9090313911437988,0.09096858650445938,0.6928979754447937,0.9359968900680542,0.8905171751976013,0.8993278741836548,0.915798544883728,0.08420107513666153,0.7358353734016418,0.9314444065093994,0.8993043899536133,0.9106370806694031
187.0,0.0,0.911318838596344,0.08868048340082169,0.7037929892539978,0.9349510073661804,0.8932281136512756,0.9029402732849121,0.9066470265388489,0.0933530330657959,0.6922284364700317,0.9356362223625183,0.888461172580719,0.8961847424507141
187.0,1.0,0.9101735949516296,0.0898265689611435,0.6992124915122986,0.9349628686904907,0.8930284976959229,0.9023992419242859,0.9112221598625183,0.08877759426832199,0.7105099558830261,0.9355862736701965,0.8892552256584167,0.8983449935913086
187.0,2.0,0.9100861549377441,0.0899137407541275,0.714368999004364,0.9339864253997803,0.8920986652374268,0.901029646396637,0.9115736484527588,0.08842627704143524,0.6498180031776428,0.9394987225532532,0.8929761648178101,0.9038166403770447
187.0,3.0,0.9113070368766785,0.0886925458908081,0.6971116065979004,0.935542106628418,0.8924950957298279,0.9022387266159058,0.9066838026046753,0.09331662207841873,0.7189878225326538,0.9332706928253174,0.891387939453125,0.8989750146865845
187.0,4.0,0.9090312123298645,0.09096848219633102,0.6929025053977966,0.9359985589981079,0.8905189633369446,0.8993273973464966,0.9157993793487549,0.08420110493898392,0.7358278036117554,0.9314449429512024,0.8993047475814819,0.9106375575065613
188.0,0.0,0.9113190174102783,0.0886804461479187,0.7037932872772217,0.9349513649940491,0.8932288885116577,0.9029393792152405,0.9066467881202698,0.0933530181646347,0.6922376751899719,0.9356365203857422,0.8884617686271667,0.8961846828460693
188.0,1.0,0.910173773765564,0.08982659131288528,0.6992157101631165,0.9349622130393982,0.8930301070213318,0.9023992419242859,0.9112220406532288,0.0887775868177414,0.7105171084403992,0.9355858564376831,0.8892543911933899,0.8983456492424011
188.0,2.0,0.9100866317749023,0.08991361409425735,0.7143680453300476,0.9339858293533325,0.8920989632606506,0.9010301828384399,0.911573588848114,0.08842623233795166,0.6498546600341797,0.9394991397857666,0.8929751515388489,0.9038160443305969
188.0,3.0,0.9113067388534546,0.08869259804487228,0.6971062421798706,0.9355414509773254,0.8924960494041443,0.9022382497787476,0.9066835641860962,0.09331659227609634,0.7190032005310059,0.9332704544067383,0.8913866281509399,0.8989750742912292
188.0,4.0,0.9090312123298645,0.09096850454807281,0.6929088830947876,0.9359979033470154,0.8905179500579834,0.8993279933929443,0.915798544883728,0.0842011421918869,0.7358224391937256,0.9314454197883606,0.8993071913719177,0.9106377959251404
189.0,0.0,0.91131991147995,0.08868050575256348,0.703793466091156,0.9349501729011536,0.8932291865348816,0.9029391407966614,0.9066470265388489,0.09335305541753769,0.6922340393066406,0.9356366991996765,0.888464629650116,0.8961844444274902
189.0,1.0,0.9101729393005371,0.08982651680707932,0.6992186903953552,0.9349633455276489,0.8930298686027527,0.9023980498313904,0.9112222194671631,0.08877765387296677,0.7104923129081726,0.9355862736701965,0.889255166053772,0.8983454704284668
189.0,2.0,0.9100858569145203,0.08991359174251556,0.7143694758415222,0.9339861869812012,0.8920999765396118,0.9010300636291504,0.9115737676620483,0.08842627704143524,0.6498271822929382,0.9394988417625427,0.8929743766784668,0.9038158059120178
189.0,3.0,0.9113080501556396,0.08869263529777527,0.69710373878479,0.9355409741401672,0.8924967646598816,0.9022387266159058,0.9066835641860962,0.09331662952899933,0.7189932465553284,0.9332705736160278,0.8913863897323608,0.8989747166633606
189.0,4.0,0.9090311527252197,0.090968556702137,0.6929009556770325,0.9359973669052124,0.8905182480812073,0.8993270993232727,0.9157988429069519,0.08420109748840332,0.7358156442642212,0.9314448833465576,0.8993057012557983,0.9106371402740479
190.0,0.0,0.9113191962242126,0.08868047595024109,0.703787088394165,0.9349504113197327,0.8932279944419861,0.9029400944709778,0.9066469073295593,0.09335307776927948,0.6922567486763,0.9356362223625183,0.8884647488594055,0.8961843252182007
190.0,1.0,0.9101727604866028,0.08982658386230469,0.6992192268371582,0.9349626898765564,0.8930308222770691,0.9023997783660889,0.9112220406532288,0.08877765387296677,0.7105132341384888,0.935586154460907,0.8892552256584167,0.8983457684516907
190.0,2.0,0.910085916519165,0.08991362899541855,0.714381992816925,0.9339867234230042,0.8920994997024536,0.9010313749313354,0.9115733504295349,0.08842626214027405,0.6498434543609619,0.9394989013671875,0.892974317073822,0.9038162231445312
190.0,3.0,0.9113070368766785,0.08869258314371109,0.6971120834350586,0.9355418682098389,0.8924961090087891,0.902238667011261,0.9066831469535828,0.09331659227609634,0.7189904451370239,0.9332701563835144,0.8913870453834534,0.8989752531051636
190.0,4.0,0.9090309739112854,0.09096847474575043,0.6929114460945129,0.9359977841377258,0.8905187845230103,0.899328351020813,0.9157991409301758,0.08420109748840332,0.7358155250549316,0.9314450025558472,0.8993075489997864,0.9106379151344299
191.0,0.0,0.9113199710845947,0.08868053555488586,0.7037979960441589,0.9349501132965088,0.8932287096977234,0.9029400944709778,0.9066472053527832,0.09335300326347351,0.6922529935836792,0.9356368780136108,0.8884669542312622,0.8961848616600037
191.0,1.0,0.910173237323761,0.0898265689611435,0.6992257237434387,0.9349632263183594,0.89303058385849,0.9023990035057068,0.9112221598625183,0.08877761662006378,0.7105118036270142,0.9355858564376831,0.8892551064491272,0.8983454704284668
191.0,2.0,0.9100873470306396,0.08991362899541855,0.7143781185150146,0.9339868426322937,0.8920993208885193,0.9010301232337952,0.9115738272666931,0.08842625468969345,0.6498759388923645,0.9394989609718323,0.8929749131202698,0.9038156867027283
191.0,3.0,0.9113068580627441,0.08869260549545288,0.697117269039154,0.9355418682098389,0.8924958109855652,0.9022389650344849,0.9066836833953857,0.09331659227609634,0.7189978361129761,0.9332703351974487,0.8913877606391907,0.8989742994308472
191.0,4.0,0.9090301394462585,0.09096857160329819,0.6929197311401367,0.9359975457191467,0.8905181884765625,0.8993268609046936,0.915798544883728,0.08420110493898392,0.7358154654502869,0.9314447641372681,0.8993064761161804,0.9106374382972717
192.0,0.0,0.9113191962242126,0.0886804535984993,0.703800618648529,0.9349505305290222,0.8932286500930786,0.9029400944709778,0.9066474437713623,0.09335298836231232,0.6922457814216614,0.9356364607810974,0.8884671330451965,0.8961849212646484
192.0,1.0,0.9101734757423401,0.08982648700475693,0.6992208957672119,0.9349631071090698,0.8930314779281616,0.9023992419242859,0.9112222194671631,0.08877762407064438,0.710515022277832,0.9355860352516174,0.889255166053772,0.8983461260795593
192.0,2.0,0.9100871086120605,0.08991362899541855,0.7143728137016296,0.933985710144043,0.8920999765396118,0.9010315537452698,0.9115734100341797,0.08842628449201584,0.6498610973358154,0.9394984841346741,0.8929758071899414,0.9038156867027283
192.0,3.0,0.9113075733184814,0.0886925458908081,0.6971144080162048,0.9355416893959045,0.8924963474273682,0.9022387862205505,0.9066834449768066,0.09331662207841873,0.7190064787864685,0.9332708120346069,0.8913870453834534,0.8989742994308472
192.0,4.0,0.9090313911437988,0.09096857905387878,0.6929089426994324,0.9359979033470154,0.8905192017555237,0.8993276357650757,0.9157993793487549,0.0842011421918869,0.7358301877975464,0.9314450025558472,0.8993055820465088,0.9106369614601135
193.0,0.0,0.9113196730613708,0.08868046849966049,0.703802227973938,0.9349510669708252,0.8932282328605652,0.9029408097267151,0.906647264957428,0.0933530330657959,0.6922464370727539,0.9356362223625183,0.8884680867195129,0.8961848616600037
193.0,1.0,0.9101735949516296,0.08982662111520767,0.699226438999176,0.9349623918533325,0.8930319547653198,0.902399480342865,0.9112224578857422,0.08877763897180557,0.7105112075805664,0.9355860948562622,0.8892551064491272,0.898345410823822
193.0,2.0,0.9100863337516785,0.08991362154483795,0.7143774032592773,0.9339869022369385,0.8920997977256775,0.9010308384895325,0.911573588848114,0.08842624723911285,0.6498528718948364,0.9394987225532532,0.8929760456085205,0.9038166999816895
193.0,3.0,0.9113074541091919,0.08869252353906631,0.6971094608306885,0.9355417490005493,0.8924970030784607,0.9022387266159058,0.9066833853721619,0.09331659972667694,0.7189950346946716,0.9332705736160278,0.8913877606391907,0.8989750146865845
193.0,4.0,0.9090315103530884,0.0909685418009758,0.6929120421409607,0.9359973073005676,0.8905194401741028,0.8993276357650757,0.9157988429069519,0.08420111238956451,0.7358219623565674,0.9314450025558472,0.8993048071861267,0.9106371402740479
194.0,0.0,0.9113182425498962,0.08868037909269333,0.7037925124168396,0.934950590133667,0.8932276368141174,0.9029400944709778,0.9066474437713623,0.09335304796695709,0.6922577619552612,0.9356364607810974,0.8884671330451965,0.8961846232414246
194.0,1.0,0.910173237323761,0.08982648700475693,0.6992239356040955,0.9349631071090698,0.8930310606956482,0.9023992419242859,0.9112223386764526,0.08877761662006378,0.710496187210083,0.9355863928794861,0.8892553448677063,0.8983460068702698
194.0,2.0,0.9100871086120605,0.08991357684135437,0.7143704891204834,0.9339856505393982,0.8920996785163879,0.9010303616523743,0.9115738868713379,0.08842627704143524,0.6498456597328186,0.9394990801811218,0.892975926399231,0.9038161635398865
194.0,3.0,0.9113072752952576,0.08869259804487228,0.6971067786216736,0.9355418682098389,0.8924956321716309,0.9022387266159058,0.9066834449768066,0.09331657737493515,0.7190015316009521,0.9332708120346069,0.8913874626159668,0.8989748358726501
194.0,4.0,0.909031331539154,0.0909685343503952,0.692913830280304,0.9359976053237915,0.8905199766159058,0.8993268609046936,0.9157989621162415,0.0842011347413063,0.7358260750770569,0.9314450025558472,0.8993045687675476,0.9106370806694031
195.0,0.0,0.9113184213638306,0.08868053555488586,0.7038015127182007,0.9349507689476013,0.8932288289070129,0.902940571308136,0.9066472053527832,0.09335299581289291,0.6922484040260315,0.9356364011764526,0.888467013835907,0.8961847424507141
195.0,1.0,0.9101725816726685,0.08982657641172409,0.6992338299751282,0.9349631071090698,0.8930303454399109,0.9023979902267456,0.9112221598625183,0.08877761662006378,0.7105017304420471,0.9355860352516174,0.889254629611969,0.8983456492424011
195.0,2.0,0.9100850820541382,0.08991359919309616,0.7143809795379639,0.9339861869812012,0.8921001553535461,0.9010298848152161,0.9115738868713379,0.08842627704143524,0.6498491764068604,0.9394989013671875,0.8929758667945862,0.9038161635398865
195.0,3.0,0.9113075137138367,0.08869253844022751,0.6971114277839661,0.9355418682098389,0.8924964070320129,0.9022395014762878,0.9066833257675171,0.09331662207841873,0.7190004587173462,0.9332709312438965,0.8913887143135071,0.8989750742912292
195.0,4.0,0.9090308547019958,0.09096860140562057,0.6929095983505249,0.9359980225563049,0.890519917011261,0.89932781457901,0.915799081325531,0.0842011347413063,0.7358245849609375,0.931444525718689,0.8993045091629028,0.9106373190879822
196.0,0.0,0.9113187789916992,0.08868050575256348,0.7037972211837769,0.9349491596221924,0.8932287096977234,0.9029397368431091,0.9066469669342041,0.0933530181646347,0.6922478079795837,0.9356362223625183,0.8884661793708801,0.8961848616600037
196.0,1.0,0.9101728200912476,0.08982647955417633,0.6992283463478088,0.9349627494812012,0.8930307030677795,0.9023991823196411,0.9112224578857422,0.08877764642238617,0.7104871869087219,0.9355858564376831,0.8892560005187988,0.8983452320098877
196.0,2.0,0.9100857973098755,0.08991358429193497,0.7143733501434326,0.9339860677719116,0.8920992016792297,0.9010310769081116,0.9115738868713379,0.08842627704143524,0.6498486399650574,0.9394989609718323,0.8929758071899414,0.9038167595863342
196.0,3.0,0.9113072156906128,0.08869251608848572,0.6971085071563721,0.9355412721633911,0.8924960494041443,0.9022393822669983,0.9066834449768066,0.09331659227609634,0.7189887762069702,0.9332703948020935,0.8913881778717041,0.8989750146865845
196.0,4.0,0.9090314507484436,0.09096860885620117,0.6929053664207458,0.9359971880912781,0.8905186653137207,0.8993277549743652,0.9157984852790833,0.08420111238956451,0.7358177304267883,0.9314447641372681,0.8993043899536133,0.9106373190879822
197.0,0.0,0.9113187193870544,0.08868049830198288,0.703794538974762,0.9349502921104431,0.8932285904884338,0.902940571308136,0.9066472053527832,0.09335299581289291,0.6922480463981628,0.9356364607810974,0.888465166091919,0.8961849808692932
197.0,1.0,0.9101733565330505,0.0898265689611435,0.6992232799530029,0.9349633455276489,0.8930309414863586,0.9023990035057068,0.9112222194671631,0.08877761662006378,0.7104995250701904,0.9355863332748413,0.8892548680305481,0.8983442783355713
197.0,2.0,0.9100868701934814,0.08991356194019318,0.7143749594688416,0.9339864253997803,0.8920992016792297,0.9010303020477295,0.9115740656852722,0.08842626214027405,0.649844229221344,0.9394986629486084,0.892975389957428,0.903816282749176
197.0,3.0,0.9113075733184814,0.08869253844022751,0.6971052289009094,0.9355406761169434,0.8924965262413025,0.9022397398948669,0.9066833257675171,0.09331660717725754,0.7189951539039612,0.9332708120346069,0.8913866877555847,0.8989749550819397
197.0,4.0,0.9090316295623779,0.09096857160329819,0.6929009556770325,0.9359974265098572,0.8905184864997864,0.8993279933929443,0.9157992601394653,0.0842011347413063,0.7358213663101196,0.9314446449279785,0.8993055820465088,0.9106371402740479
198.0,0.0,0.9113196730613708,0.08868046849966049,0.7037897706031799,0.9349501729011536,0.8932284116744995,0.902940034866333,0.9066467881202698,0.09335304796695709,0.692229151725769,0.9356364607810974,0.8884649872779846,0.8961851000785828
198.0,1.0,0.9101730585098267,0.08982651680707932,0.6992214918136597,0.9349627494812012,0.893031656742096,0.9023997783660889,0.9112222194671631,0.08877762407064438,0.7105048894882202,0.9355860948562622,0.8892538547515869,0.8983455300331116
198.0,2.0,0.9100860953330994,0.08991365134716034,0.7143728137016296,0.9339860677719116,0.8920992612838745,0.9010311365127563,0.9115738272666931,0.08842625468969345,0.6498384475708008,0.9394987225532532,0.8929753303527832,0.9038169384002686
198.0,3.0,0.9113069772720337,0.0886925756931305,0.6971028447151184,0.9355424642562866,0.8924968838691711,0.9022390246391296,0.906683623790741,0.09331656992435455,0.7189995646476746,0.9332703948020935,0.8913874626159668,0.8989754319190979
198.0,4.0,0.9090316295623779,0.090968556702137,0.6929027438163757,0.9359968900680542,0.8905192613601685,0.8993269205093384,0.9157987833023071,0.0842011347413063,0.7358282804489136,0.9314447641372681,0.8993052840232849,0.9106374382972717
199.0,0.0,0.9113186001777649,0.08868040889501572,0.7037954926490784,0.9349508285522461,0.8932293653488159,0.9029402732849121,0.9066469669342041,0.0933530181646347,0.6922174096107483,0.9356364011764526,0.8884679079055786,0.8961848616600037
199.0,1.0,0.9101720452308655,0.0898265689611435,0.6992190480232239,0.9349631667137146,0.8930306434631348,0.9023992419242859,0.9112221002578735,0.08877763897180557,0.7104909420013428,0.9355860948562622,0.889255940914154,0.8983449935913086
199.0,2.0,0.9100860953330994,0.08991365879774094,0.7143654227256775,0.9339868426322937,0.892099142074585,0.9010299444198608,0.9115738868713379,0.08842624723911285,0.6498474478721619,0.9394984841346741,0.8929747939109802,0.9038166999816895
199.0,3.0,0.9113070964813232,0.08869259804487228,0.6971067786216736,0.9355419874191284,0.8924959301948547,0.9022378325462341,0.9066833853721619,0.09331663697957993,0.7189940810203552,0.933270275592804,0.8913886547088623,0.8989754319190979
199.0,4.0,0.9090311527252197,0.09096857160329819,0.692896842956543,0.9359980821609497,0.8905189037322998,0.8993282914161682,0.9157988429069519,0.08420108258724213,0.7358194589614868,0.9314447641372681,0.8993051052093506,0.9106376767158508
