epoch,fold,dice_train,loss_train,bce_train,accuracy_train,precision_train,f1_train,dice_test,loss_test,bce_test,accuracy_test,precision_test,f1_test
0.0,0.0,0.024528587237000465,0.9754714369773865,0.4878552258014679,0.940566897392273,0.013350045308470726,0.016253601759672165,0.010606965981423855,0.9893929362297058,0.473247230052948,0.89697265625,0.009795418940484524,0.014944495633244514
0.0,1.0,0.02631552517414093,0.9736843705177307,0.4833281338214874,0.8268997669219971,0.025709105655550957,0.0432949997484684,0.03390324488282204,0.9660967588424683,0.4970885217189789,0.7326485514640808,0.029886307194828987,0.05379896238446236
0.0,2.0,0.03767510876059532,0.9623249173164368,0.49120986461639404,0.6811011433601379,0.02583242580294609,0.04694776609539986,0.04311026260256767,0.9568896889686584,0.541202962398529,0.6538609862327576,0.02539685182273388,0.04621686786413193
0.0,3.0,0.044459469616413116,0.9555408358573914,0.3744150400161743,0.8306639790534973,0.04017143324017525,0.0649188905954361,0.09702646732330322,0.9029735326766968,0.3395633101463318,0.8842272162437439,0.0966837927699089,0.15401111543178558
0.0,4.0,0.07687196135520935,0.9231282472610474,0.242312952876091,0.9363371133804321,0.10245868563652039,0.14055229723453522,0.09331141412258148,0.9066885709762573,0.21743129193782806,0.9454501867294312,0.10445712506771088,0.14836028218269348
1.0,0.0,0.13925433158874512,0.8607457280158997,0.13336873054504395,0.9739689826965332,0.19319164752960205,0.2206503003835678,0.0829785093665123,0.9170215725898743,0.04905102774500847,0.995000958442688,0.0898522213101387,0.10385172814130783
1.0,1.0,0.26878106594085693,0.7312188744544983,0.05973583832383156,0.9943681359291077,0.2451976090669632,0.24148958921432495,0.35973480343818665,0.6402652859687805,0.2535652220249176,0.9897693991661072,0.33856678009033203,0.10267927497625351
1.0,2.0,0.576388418674469,0.42361167073249817,0.5198403596878052,0.9916102290153503,0.18964703381061554,0.12390194088220596,0.582659125328064,0.4173409044742584,1.0817755460739136,0.98918217420578,0.0,0.0
1.0,3.0,0.6089537739753723,0.39104631543159485,0.9367602467536926,0.9906323552131653,0.0,0.0,0.41258952021598816,0.5874105095863342,1.6676682233810425,0.9833233952522278,0.0,0.0
1.0,4.0,0.5768731832504272,0.42312687635421753,1.0850201845169067,0.9891497492790222,0.0,0.0,0.5492067933082581,0.4507931172847748,1.0404146909713745,0.9895958304405212,0.0,0.0
2.0,0.0,0.51341712474823,0.48658278584480286,1.2356230020523071,0.9876437187194824,0.0,0.0,0.7962875962257385,0.20371238887310028,0.4627046585083008,0.9953728914260864,0.0,0.0
2.0,1.0,0.5891895890235901,0.4108104109764099,1.0523667335510254,0.9894763231277466,0.0,0.0,0.5041576623916626,0.4958423972129822,1.169549822807312,0.9883045554161072,0.0,0.0
2.0,2.0,0.568744421005249,0.4312555491924286,1.0751229524612427,0.9892489314079285,0.0,0.0,0.5830799341201782,0.4169200360774994,1.0817755460739136,0.9891822934150696,0.0,0.0
2.0,3.0,0.609293520450592,0.3907065689563751,0.9367601275444031,0.9906324148178101,0.0,0.0,0.41266918182373047,0.5873308181762695,1.6676684617996216,0.983323335647583,0.0,0.0
2.0,4.0,0.5770034193992615,0.42299655079841614,1.0850201845169067,0.989149808883667,0.0,0.0,0.5493035912513733,0.4506964385509491,1.0404146909713745,0.9895958304405212,0.0,0.0
3.0,0.0,0.5134732723236084,0.486526757478714,1.2356228828430176,0.987643837928772,0.0,0.0,0.7963370680809021,0.20366297662258148,0.4627046585083008,0.9953728914260864,0.0,0.0
3.0,1.0,0.5892158150672913,0.41078412532806396,1.0523664951324463,0.9894764423370361,0.0,0.0,0.5041930675506592,0.4958069324493408,1.169549822807312,0.9883045554161072,0.0,0.0
3.0,2.0,0.5687623023986816,0.43123766779899597,1.0751230716705322,0.9892486929893494,0.0,0.0,0.5830897092819214,0.416910320520401,1.0817755460739136,0.9891822934150696,0.0,0.0
3.0,3.0,0.6093046069145203,0.3906954824924469,0.9367601275444031,0.9906323552131653,0.0,0.0,0.41267111897468567,0.5873288512229919,1.6676682233810425,0.983323335647583,0.0,0.0
3.0,4.0,0.5770092010498047,0.42299073934555054,1.0850200653076172,0.9891496896743774,0.0,0.0,0.5493087768554688,0.45069122314453125,1.0404146909713745,0.9895959496498108,0.0,0.0
4.0,0.0,0.5134772062301636,0.4865227937698364,1.2356228828430176,0.9876436591148376,0.0,0.0,0.7963412404060364,0.2036588191986084,0.4627046585083008,0.9953729510307312,0.0,0.0
4.0,1.0,0.5892186164855957,0.41078147292137146,1.0523667335510254,0.9894762635231018,0.0,0.0,0.5041972994804382,0.49580270051956177,1.1695499420166016,0.9883044958114624,0.0,0.0
4.0,2.0,0.5687648057937622,0.4312351942062378,1.0751229524612427,0.9892488121986389,0.0,0.0,0.583091139793396,0.41690880060195923,1.0817755460739136,0.9891822934150696,0.0,0.0
4.0,3.0,0.6093065142631531,0.39069345593452454,0.9367600679397583,0.9906324744224548,0.0,0.0,0.41267144680023193,0.5873285531997681,1.6676684617996216,0.983323335647583,0.0,0.0
4.0,4.0,0.5770103335380554,0.4229896664619446,1.0850201845169067,0.9891497492790222,0.0,0.0,0.5493098497390747,0.4506901502609253,1.0404146909713745,0.9895958304405212,0.0,0.0
5.0,0.0,0.5134779810905457,0.4865219295024872,1.2356228828430176,0.9876437783241272,0.0,0.0,0.7963420748710632,0.20365796983242035,0.4627046585083008,0.9953728914260864,0.0,0.0
5.0,1.0,0.5892190337181091,0.4107809364795685,1.0523667335510254,0.9894763231277466,0.0,0.0,0.5041981935501099,0.4958018660545349,1.1695499420166016,0.9883045554161072,0.0,0.0
5.0,2.0,0.5687652230262756,0.43123477697372437,1.0751230716705322,0.9892486929893494,0.0,0.0,0.5830914378166199,0.41690853238105774,1.0817755460739136,0.9891822934150696,0.0,0.0
5.0,3.0,0.609307050704956,0.3906930387020111,0.9367601275444031,0.9906324148178101,0.0,0.0,0.4126715064048767,0.5873284935951233,1.6676684617996216,0.983323335647583,0.0,0.0
5.0,4.0,0.5770106315612793,0.42298945784568787,1.0850203037261963,0.9891496300697327,0.0,0.0,0.549310028553009,0.4506899118423462,1.0404146909713745,0.9895957708358765,0.0,0.0
6.0,0.0,0.51347815990448,0.48652184009552,1.2356228828430176,0.987643837928772,0.0,0.0,0.7963421940803528,0.20365774631500244,0.4627046585083008,0.9953729510307312,0.0,0.0
6.0,1.0,0.5892191529273987,0.41078078746795654,1.0523666143417358,0.9894763231277466,0.0,0.0,0.504198431968689,0.49580153822898865,1.1695499420166016,0.9883044958114624,0.0,0.0
6.0,2.0,0.56876540184021,0.43123456835746765,1.0751229524612427,0.9892487525939941,0.0,0.0,0.5830914378166199,0.4169084429740906,1.0817755460739136,0.9891822934150696,0.0,0.0
6.0,3.0,0.609307050704956,0.3906930387020111,0.9367602467536926,0.9906324148178101,0.0,0.0,0.4126715064048767,0.5873284935951233,1.6676684617996216,0.983323335647583,0.0,0.0
6.0,4.0,0.5770106315612793,0.4229893982410431,1.0850200653076172,0.9891497492790222,0.0,0.0,0.5493101477622986,0.45068982243537903,1.0404146909713745,0.9895958304405212,0.0,0.0
7.0,0.0,0.5134782791137695,0.48652175068855286,1.2356228828430176,0.9876437783241272,0.0,0.0,0.7963423132896423,0.20365770161151886,0.4627046585083008,0.9953728914260864,0.0,0.0
7.0,1.0,0.5892192125320435,0.41078078746795654,1.0523667335510254,0.9894763231277466,0.0,0.0,0.5041985511779785,0.49580150842666626,1.169549822807312,0.9883045554161072,0.0,0.0
7.0,2.0,0.5687655210494995,0.4312345087528229,1.0751230716705322,0.9892487525939941,0.0,0.0,0.5830915570259094,0.4169084429740906,1.0817755460739136,0.9891822934150696,0.0,0.0
7.0,3.0,0.6093071699142456,0.39069294929504395,0.9367601275444031,0.9906324148178101,0.0,0.0,0.4126715362071991,0.5873284935951233,1.6676682233810425,0.983323335647583,0.0,0.0
7.0,4.0,0.5770106911659241,0.4229893088340759,1.0850200653076172,0.989149808883667,0.0,0.0,0.5493102073669434,0.45068976283073425,1.0404146909713745,0.9895957708358765,0.0,0.0
8.0,0.0,0.5134782195091248,0.48652172088623047,1.2356228828430176,0.987643837928772,0.0,0.0,0.7963423728942871,0.20365765690803528,0.4627046585083008,0.9953728914260864,0.0,0.0
8.0,1.0,0.5892192721366882,0.41078075766563416,1.0523667335510254,0.9894762635231018,0.0,0.0,0.5041985511779785,0.4958013892173767,1.169549822807312,0.9883045554161072,0.0,0.0
8.0,2.0,0.5687654614448547,0.43123453855514526,1.0751229524612427,0.9892486929893494,0.0,0.0,0.5830915570259094,0.4169084429740906,1.0817755460739136,0.98918217420578,0.0,0.0
8.0,3.0,0.609307050704956,0.3906930088996887,0.9367602467536926,0.9906323552131653,0.0,0.0,0.4126715064048767,0.5873284935951233,1.6676684617996216,0.983323335647583,0.0,0.0
8.0,4.0,0.5770106315612793,0.4229893684387207,1.0850201845169067,0.989149808883667,0.0,0.0,0.5493102073669434,0.45068982243537903,1.0404146909713745,0.9895958304405212,0.0,0.0
9.0,0.0,0.5134782195091248,0.48652178049087524,1.2356228828430176,0.987643837928772,0.0,0.0,0.7963424324989319,0.2036576271057129,0.4627046585083008,0.9953728914260864,0.0,0.0
9.0,1.0,0.5892192721366882,0.41078072786331177,1.0523667335510254,0.9894763231277466,0.0,0.0,0.5041986703872681,0.4958013594150543,1.169549822807312,0.9883045554161072,0.0,0.0
9.0,2.0,0.5687655210494995,0.43123456835746765,1.0751230716705322,0.9892486333847046,0.0,0.0,0.5830915570259094,0.4169084429740906,1.0817755460739136,0.9891823530197144,0.0,0.0
9.0,3.0,0.6093071103096008,0.39069294929504395,0.9367602467536926,0.9906324148178101,0.0,0.0,0.41267144680023193,0.5873284935951233,1.6676684617996216,0.983323335647583,0.0,0.0
9.0,4.0,0.5770107507705688,0.42298927903175354,1.0850201845169067,0.9891497492790222,0.0,0.0,0.5493102669715881,0.45068979263305664,1.0404146909713745,0.9895958304405212,0.0,0.0
10.0,0.0,0.5134782791137695,0.48652172088623047,1.2356230020523071,0.9876437783241272,0.0,0.0,0.7963424324989319,0.2036576122045517,0.4627046585083008,0.9953728914260864,0.0,0.0
10.0,1.0,0.589219331741333,0.41078072786331177,1.0523667335510254,0.9894762635231018,0.0,0.0,0.5041986107826233,0.4958013594150543,1.1695499420166016,0.9883045554161072,0.0,0.0
10.0,2.0,0.5687654614448547,0.4312345087528229,1.0751229524612427,0.9892487525939941,0.0,0.0,0.5830916166305542,0.4169084131717682,1.0817755460739136,0.9891822934150696,0.0,0.0
10.0,3.0,0.6093071699142456,0.39069294929504395,0.9367602467536926,0.9906324148178101,0.0,0.0,0.4126715362071991,0.5873284935951233,1.6676682233810425,0.9833232164382935,0.0,0.0
10.0,4.0,0.5770106315612793,0.4229893088340759,1.0850200653076172,0.989149808883667,0.0,0.0,0.5493102669715881,0.45068976283073425,1.0404146909713745,0.9895958304405212,0.0,0.0
11.0,0.0,0.5134783387184143,0.4865216910839081,1.2356228828430176,0.9876437187194824,0.0,0.0,0.7963424324989319,0.2036576122045517,0.4627046585083008,0.9953728914260864,0.0,0.0
11.0,1.0,0.5892192721366882,0.41078072786331177,1.0523667335510254,0.9894763231277466,0.0,0.0,0.5041986107826233,0.4958013892173767,1.169549822807312,0.9883045554161072,0.0,0.0
11.0,2.0,0.5687655210494995,0.4312344789505005,1.0751229524612427,0.9892487525939941,0.0,0.0,0.5830916166305542,0.41690847277641296,1.0817755460739136,0.9891822934150696,0.0,0.0
11.0,3.0,0.6093071103096008,0.39069288969039917,0.9367601275444031,0.9906324148178101,0.0,0.0,0.4126715064048767,0.5873284935951233,1.6676684617996216,0.9833233952522278,0.0,0.0
11.0,4.0,0.5770106315612793,0.4229893386363983,1.0850200653076172,0.9891497492790222,0.0,0.0,0.5493102073669434,0.45068976283073425,1.0404146909713745,0.9895957708358765,0.0,0.0
12.0,0.0,0.5134782195091248,0.48652178049087524,1.2356226444244385,0.987643837928772,0.0,0.0,0.7963423728942871,0.2036575973033905,0.4627046585083008,0.9953729510307312,0.0,0.0
12.0,1.0,0.5892192721366882,0.410780668258667,1.0523667335510254,0.9894763827323914,0.0,0.0,0.5041986107826233,0.4958013892173767,1.1695499420166016,0.9883045554161072,0.0,0.0
12.0,2.0,0.5687655806541443,0.4312344789505005,1.0751229524612427,0.9892488121986389,0.0,0.0,0.5830916166305542,0.4169084429740906,1.0817755460739136,0.9891823530197144,0.0,0.0
12.0,3.0,0.6093071103096008,0.3906928598880768,0.9367602467536926,0.9906323552131653,0.0,0.0,0.4126715064048767,0.5873284935951233,1.6676682233810425,0.983323335647583,0.0,0.0
12.0,4.0,0.5770106315612793,0.4229893088340759,1.0850201845169067,0.9891497492790222,0.0,0.0,0.5493102669715881,0.45068976283073425,1.0404146909713745,0.9895958304405212,0.0,0.0
13.0,0.0,0.5134782791137695,0.48652178049087524,1.2356228828430176,0.987643837928772,0.0,0.0,0.7963424324989319,0.2036575973033905,0.4627046585083008,0.9953728914260864,0.0,0.0
13.0,1.0,0.5892192125320435,0.41078072786331177,1.0523667335510254,0.9894763231277466,0.0,0.0,0.5041986703872681,0.4958013892173767,1.169549822807312,0.9883044958114624,0.0,0.0
13.0,2.0,0.5687655806541443,0.4312344193458557,1.0751229524612427,0.9892488121986389,0.0,0.0,0.5830916166305542,0.4169084131717682,1.0817755460739136,0.9891822934150696,0.0,0.0
13.0,3.0,0.609307050704956,0.39069288969039917,0.9367602467536926,0.9906324148178101,0.0,0.0,0.41267144680023193,0.5873284935951233,1.6676684617996216,0.9833232164382935,0.0,0.0
13.0,4.0,0.5770107507705688,0.4229893386363983,1.0850201845169067,0.989149808883667,0.0,0.0,0.5493102073669434,0.45068976283073425,1.0404146909713745,0.9895957708358765,0.0,0.0
14.0,0.0,0.5134783387184143,0.4865216910839081,1.2356228828430176,0.9876438975334167,0.0,0.0,0.7963423728942871,0.2036575973033905,0.4627046585083008,0.9953729510307312,0.0,0.0
14.0,1.0,0.5892192125320435,0.41078075766563416,1.0523667335510254,0.9894763827323914,0.0,0.0,0.5041986107826233,0.4958013892173767,1.169549822807312,0.9883044958114624,0.0,0.0
14.0,2.0,0.5687655210494995,0.4312344193458557,1.0751230716705322,0.9892486333847046,0.0,0.0,0.5830916166305542,0.4169084429740906,1.0817755460739136,0.9891822934150696,0.0,0.0
14.0,3.0,0.609307050704956,0.39069294929504395,0.9367601275444031,0.9906324744224548,0.0,0.0,0.4126715064048767,0.5873284935951233,1.6676684617996216,0.9833233952522278,0.0,0.0
14.0,4.0,0.5770106315612793,0.4229893088340759,1.0850200653076172,0.9891498684883118,0.0,0.0,0.5493102073669434,0.45068976283073425,1.0404146909713745,0.9895958304405212,0.0,0.0
15.0,0.0,0.5134782195091248,0.48652175068855286,1.2356228828430176,0.9876438975334167,0.0,0.0,0.7963424324989319,0.2036575973033905,0.4627046585083008,0.9953728914260864,0.0,0.0
15.0,1.0,0.5892192125320435,0.41078072786331177,1.0523667335510254,0.9894763231277466,0.0,0.0,0.5041986107826233,0.4958013892173767,1.169549822807312,0.9883045554161072,0.0,0.0
15.0,2.0,0.5687655210494995,0.4312345087528229,1.0751230716705322,0.9892486929893494,0.0,0.0,0.5830916166305542,0.4169084131717682,1.0817755460739136,0.9891822934150696,0.0,0.0
15.0,3.0,0.6093071103096008,0.39069294929504395,0.9367601275444031,0.9906324148178101,0.0,0.0,0.4126715064048767,0.5873284935951233,1.6676682233810425,0.9833232164382935,0.0,0.0
15.0,4.0,0.5770107507705688,0.4229893684387207,1.0850200653076172,0.9891498684883118,0.0,0.0,0.5493102073669434,0.45068976283073425,1.0404146909713745,0.9895959496498108,0.0,0.0
16.0,0.0,0.5134783387184143,0.4865216910839081,1.2356228828430176,0.9876437783241272,0.0,0.0,0.7963424324989319,0.2036575973033905,0.4627046585083008,0.9953729510307312,0.0,0.0
16.0,1.0,0.5892192721366882,0.41078072786331177,1.0523666143417358,0.9894763827323914,0.0,0.0,0.5041986107826233,0.4958013892173767,1.1695499420166016,0.9883045554161072,0.0,0.0
16.0,2.0,0.5687655806541443,0.4312344193458557,1.0751229524612427,0.9892487525939941,0.0,0.0,0.583091676235199,0.4169084429740906,1.0817755460739136,0.98918217420578,0.0,0.0
16.0,3.0,0.609307050704956,0.39069288969039917,0.9367601275444031,0.9906324148178101,0.0,0.0,0.4126715064048767,0.5873284935951233,1.6676684617996216,0.983323335647583,0.0,0.0
16.0,4.0,0.5770106315612793,0.42298927903175354,1.0850201845169067,0.9891497492790222,0.0,0.0,0.5493102073669434,0.45068976283073425,1.0404146909713745,0.9895959496498108,0.0,0.0
17.0,0.0,0.5134782791137695,0.48652175068855286,1.2356226444244385,0.987643837928772,0.0,0.0,0.7963423728942871,0.2036575973033905,0.4627046585083008,0.9953729510307312,0.0,0.0
17.0,1.0,0.5892192721366882,0.41078072786331177,1.0523667335510254,0.9894763231277466,0.0,0.0,0.5041986703872681,0.4958013892173767,1.1695499420166016,0.9883045554161072,0.0,0.0
17.0,2.0,0.5687655210494995,0.4312344789505005,1.0751230716705322,0.9892486929893494,0.0,0.0,0.5830916166305542,0.4169084429740906,1.0817755460739136,0.9891822934150696,0.0,0.0
17.0,3.0,0.609307050704956,0.39069297909736633,0.9367601275444031,0.9906324148178101,0.0,0.0,0.4126715064048767,0.5873284935951233,1.6676684617996216,0.983323335647583,0.0,0.0
17.0,4.0,0.5770107507705688,0.4229893088340759,1.0850201845169067,0.9891497492790222,0.0,0.0,0.5493102073669434,0.45068976283073425,1.0404146909713745,0.9895958304405212,0.0,0.0
18.0,0.0,0.5134782195091248,0.48652175068855286,1.2356228828430176,0.9876437783241272,0.0,0.0,0.7963424324989319,0.2036575824022293,0.4627046585083008,0.9953728914260864,0.0,0.0
18.0,1.0,0.5892192721366882,0.41078072786331177,1.0523667335510254,0.9894763827323914,0.0,0.0,0.5041986107826233,0.4958013594150543,1.1695499420166016,0.9883044958114624,0.0,0.0
18.0,2.0,0.5687655210494995,0.43123453855514526,1.0751229524612427,0.9892488121986389,0.0,0.0,0.5830916166305542,0.4169084131717682,1.0817755460739136,0.9891822934150696,0.0,0.0
18.0,3.0,0.6093071103096008,0.39069288969039917,0.9367601275444031,0.9906324744224548,0.0,0.0,0.4126715064048767,0.5873284935951233,1.6676682233810425,0.983323335647583,0.0,0.0
18.0,4.0,0.5770106911659241,0.4229893684387207,1.0850201845169067,0.9891496896743774,0.0,0.0,0.5493102669715881,0.45068976283073425,1.0404146909713745,0.9895958304405212,0.0,0.0
19.0,0.0,0.5134782791137695,0.48652172088623047,1.2356226444244385,0.9876437783241272,0.0,0.0,0.7963423728942871,0.2036575973033905,0.4627046585083008,0.9953728914260864,0.0,0.0
19.0,1.0,0.5892192125320435,0.41078078746795654,1.0523667335510254,0.9894763231277466,0.0,0.0,0.5041986703872681,0.4958013892173767,1.1695499420166016,0.9883044958114624,0.0,0.0
19.0,2.0,0.5687655210494995,0.4312344789505005,1.0751230716705322,0.9892486929893494,0.0,0.0,0.5830916166305542,0.4169084131717682,1.0817755460739136,0.9891822934150696,0.0,0.0
19.0,3.0,0.6093071103096008,0.39069288969039917,0.9367601275444031,0.9906324148178101,0.0,0.0,0.4126715064048767,0.5873284935951233,1.6676682233810425,0.983323335647583,0.0,0.0
19.0,4.0,0.5770106315612793,0.4229893088340759,1.0850201845169067,0.989149808883667,0.0,0.0,0.5493102073669434,0.45068979263305664,1.0404146909713745,0.9895958304405212,0.0,0.0
20.0,0.0,0.5134782791137695,0.4865216910839081,1.2356228828430176,0.987643837928772,0.0,0.0,0.7963424324989319,0.2036575824022293,0.4627046585083008,0.9953728914260864,0.0,0.0
20.0,1.0,0.589219331741333,0.41078072786331177,1.0523666143417358,0.9894763827323914,0.0,0.0,0.5041986703872681,0.4958013892173767,1.1695499420166016,0.9883045554161072,0.0,0.0
20.0,2.0,0.5687655806541443,0.4312345087528229,1.0751230716705322,0.9892487525939941,0.0,0.0,0.5830916166305542,0.4169084429740906,1.0817755460739136,0.9891822934150696,0.0,0.0
20.0,3.0,0.609307050704956,0.39069288969039917,0.9367602467536926,0.9906323552131653,0.0,0.0,0.4126715362071991,0.5873284935951233,1.6676682233810425,0.9833232164382935,0.0,0.0
20.0,4.0,0.5770107507705688,0.4229893088340759,1.0850200653076172,0.989149808883667,0.0,0.0,0.5493102073669434,0.45068979263305664,1.0404146909713745,0.9895958304405212,0.0,0.0
21.0,0.0,0.5134782791137695,0.48652172088623047,1.2356226444244385,0.987643837928772,0.0,0.0,0.7963424324989319,0.2036575824022293,0.4627046585083008,0.9953728914260864,0.0,0.0
21.0,1.0,0.5892192721366882,0.41078072786331177,1.0523667335510254,0.9894762635231018,0.0,0.0,0.5041986107826233,0.4958013892173767,1.1695499420166016,0.9883045554161072,0.0,0.0
21.0,2.0,0.5687655210494995,0.4312345087528229,1.0751230716705322,0.9892486929893494,0.0,0.0,0.5830916166305542,0.4169084429740906,1.0817755460739136,0.9891822934150696,0.0,0.0
21.0,3.0,0.6093071103096008,0.39069288969039917,0.9367601275444031,0.9906322956085205,0.0,0.0,0.4126715064048767,0.5873284935951233,1.6676685810089111,0.9833232164382935,0.0,0.0
21.0,4.0,0.5770107507705688,0.4229893386363983,1.0850201845169067,0.9891497492790222,0.0,0.0,0.5493102073669434,0.45068979263305664,1.0404146909713745,0.9895958304405212,0.0,0.0
22.0,0.0,0.5134782195091248,0.4865216910839081,1.2356230020523071,0.987643837928772,0.0,0.0,0.7963424324989319,0.2036575824022293,0.4627046585083008,0.9953729510307312,0.0,0.0
22.0,1.0,0.5892192721366882,0.41078072786331177,1.0523667335510254,0.9894763827323914,0.0,0.0,0.5041986703872681,0.4958013892173767,1.1695499420166016,0.9883045554161072,0.0,0.0
22.0,2.0,0.5687655210494995,0.43123453855514526,1.0751230716705322,0.9892488121986389,0.0,0.0,0.5830916166305542,0.4169084429740906,1.0817755460739136,0.98918217420578,0.0,0.0
22.0,3.0,0.609307050704956,0.3906928300857544,0.9367601275444031,0.9906324148178101,0.0,0.0,0.41267144680023193,0.5873284935951233,1.6676684617996216,0.983323335647583,0.0,0.0
22.0,4.0,0.5770106911659241,0.4229893088340759,1.0850200653076172,0.989149808883667,0.0,0.0,0.5493101477622986,0.45068976283073425,1.0404146909713745,0.9895958304405212,0.0,0.0
23.0,0.0,0.5134782791137695,0.48652172088623047,1.2356226444244385,0.9876437783241272,0.0,0.0,0.7963424324989319,0.2036575824022293,0.4627046585083008,0.9953728914260864,0.0,0.0
23.0,1.0,0.5892191529273987,0.41078078746795654,1.0523666143417358,0.9894763827323914,0.0,0.0,0.5041986703872681,0.4958013892173767,1.1695499420166016,0.9883045554161072,0.0,0.0
23.0,2.0,0.5687655210494995,0.4312345087528229,1.0751230716705322,0.9892486929893494,0.0,0.0,0.5830916166305542,0.4169084429740906,1.0817755460739136,0.98918217420578,0.0,0.0
23.0,3.0,0.609307050704956,0.39069297909736633,0.9367602467536926,0.9906323552131653,0.0,0.0,0.4126715064048767,0.5873284935951233,1.6676682233810425,0.983323335647583,0.0,0.0
23.0,4.0,0.5770106911659241,0.4229893088340759,1.0850200653076172,0.989149808883667,0.0,0.0,0.5493102073669434,0.45068979263305664,1.0404146909713745,0.9895958304405212,0.0,0.0
24.0,0.0,0.5134782195091248,0.48652175068855286,1.2356228828430176,0.9876438975334167,0.0,0.0,0.7963424324989319,0.2036575824022293,0.4627046585083008,0.9953728914260864,0.0,0.0
24.0,1.0,0.5892192721366882,0.41078072786331177,1.0523667335510254,0.9894763231277466,0.0,0.0,0.5041986703872681,0.4958013594150543,1.1695499420166016,0.9883044958114624,0.0,0.0
24.0,2.0,0.5687655210494995,0.4312344789505005,1.0751228332519531,0.9892489910125732,0.0,0.0,0.5830916166305542,0.4169084429740906,1.0817755460739136,0.9891822934150696,0.0,0.0
24.0,3.0,0.6093071103096008,0.39069294929504395,0.9367603063583374,0.9906323552131653,0.0,0.0,0.4126715064048767,0.5873285531997681,1.6676682233810425,0.983323335647583,0.0,0.0
24.0,4.0,0.5770106911659241,0.4229893684387207,1.0850200653076172,0.9891499876976013,0.0,0.0,0.5493102073669434,0.45068979263305664,1.0404146909713745,0.9895958304405212,0.0,0.0
25.0,0.0,0.5134782791137695,0.48652175068855286,1.2356228828430176,0.9876437187194824,0.0,0.0,0.7963424324989319,0.2036575824022293,0.4627046585083008,0.9953728914260864,0.0,0.0
25.0,1.0,0.5892192125320435,0.41078075766563416,1.0523667335510254,0.9894762635231018,0.0,0.0,0.5041986703872681,0.4958013594150543,1.1695499420166016,0.9883045554161072,0.0,0.0
25.0,2.0,0.5687654614448547,0.4312345087528229,1.0751230716705322,0.9892488121986389,0.0,0.0,0.5830916166305542,0.4169084429740906,1.0817755460739136,0.9891822934150696,0.0,0.0
25.0,3.0,0.6093071103096008,0.3906928300857544,0.9367601275444031,0.9906323552131653,0.0,0.0,0.4126715064048767,0.5873284935951233,1.6676684617996216,0.9833233952522278,0.0,0.0
25.0,4.0,0.5770106315612793,0.4229893386363983,1.0850201845169067,0.989149808883667,0.0,0.0,0.5493102073669434,0.45068976283073425,1.0404146909713745,0.9895959496498108,0.0,0.0
26.0,0.0,0.5134782195091248,0.48652178049087524,1.2356228828430176,0.9876437783241272,0.0,0.0,0.7963424324989319,0.2036575973033905,0.4627046585083008,0.9953728914260864,0.0,0.0
26.0,1.0,0.5892192721366882,0.41078075766563416,1.0523667335510254,0.9894762635231018,0.0,0.0,0.5041986703872681,0.4958013594150543,1.1695499420166016,0.9883044958114624,0.0,0.0
26.0,2.0,0.5687655806541443,0.4312344193458557,1.0751230716705322,0.9892487525939941,0.0,0.0,0.5830915570259094,0.4169084131717682,1.0817755460739136,0.98918217420578,0.0,0.0
26.0,3.0,0.609307050704956,0.39069288969039917,0.9367602467536926,0.9906324148178101,0.0,0.0,0.41267144680023193,0.5873284935951233,1.6676682233810425,0.9833232164382935,0.0,0.0
26.0,4.0,0.5770106911659241,0.4229893386363983,1.0850200653076172,0.989149808883667,0.0,0.0,0.5493102073669434,0.45068979263305664,1.0404146909713745,0.9895958304405212,0.0,0.0
27.0,0.0,0.5134782195091248,0.48652175068855286,1.2356226444244385,0.987643837928772,0.0,0.0,0.7963424324989319,0.2036575973033905,0.4627046585083008,0.9953728914260864,0.0,0.0
27.0,1.0,0.5892192721366882,0.41078072786331177,1.0523667335510254,0.9894763231277466,0.0,0.0,0.5041986107826233,0.4958014190196991,1.1695499420166016,0.9883045554161072,0.0,0.0
27.0,2.0,0.5687655806541443,0.4312344789505005,1.0751229524612427,0.9892487525939941,0.0,0.0,0.5830915570259094,0.4169084131717682,1.0817755460739136,0.9891822934150696,0.0,0.0
27.0,3.0,0.6093071103096008,0.39069294929504395,0.9367602467536926,0.9906324148178101,0.0,0.0,0.4126715064048767,0.5873284935951233,1.6676682233810425,0.983323335647583,0.0,0.0
27.0,4.0,0.5770106911659241,0.4229893386363983,1.0850201845169067,0.9891498684883118,0.0,0.0,0.5493101477622986,0.45068979263305664,1.0404146909713745,0.9895958304405212,0.0,0.0
28.0,0.0,0.5134782195091248,0.48652172088623047,1.2356228828430176,0.9876437783241272,0.0,0.0,0.7963424324989319,0.2036575824022293,0.4627046585083008,0.9953728914260864,0.0,0.0
28.0,1.0,0.5892192721366882,0.41078072786331177,1.0523667335510254,0.9894763231277466,0.0,0.0,0.5041986703872681,0.4958013594150543,1.1695499420166016,0.9883044958114624,0.0,0.0
28.0,2.0,0.5687654614448547,0.4312345087528229,1.0751230716705322,0.9892486929893494,0.0,0.0,0.5830916166305542,0.4169084131717682,1.0817755460739136,0.9891822934150696,0.0,0.0
28.0,3.0,0.6093071699142456,0.3906928598880768,0.9367601275444031,0.9906324744224548,0.0,0.0,0.4126715064048767,0.5873284935951233,1.6676682233810425,0.9833232164382935,0.0,0.0
28.0,4.0,0.5770106911659241,0.4229893088340759,1.0850200653076172,0.9891498684883118,0.0,0.0,0.5493102073669434,0.45068979263305664,1.0404146909713745,0.9895959496498108,0.0,0.0
29.0,0.0,0.5134782791137695,0.48652172088623047,1.2356230020523071,0.9876437783241272,0.0,0.0,0.7963424324989319,0.2036575824022293,0.4627046585083008,0.9953728914260864,0.0,0.0
29.0,1.0,0.5892192125320435,0.41078075766563416,1.0523667335510254,0.9894763231277466,0.0,0.0,0.5041986107826233,0.4958013892173767,1.1695499420166016,0.9883045554161072,0.0,0.0
29.0,2.0,0.5687655210494995,0.4312344789505005,1.0751229524612427,0.9892487525939941,0.0,0.0,0.5830916166305542,0.4169084131717682,1.0817755460739136,0.9891822934150696,0.0,0.0
29.0,3.0,0.609307050704956,0.39069288969039917,0.9367602467536926,0.9906324148178101,0.0,0.0,0.4126715064048767,0.5873285531997681,1.6676684617996216,0.9833233952522278,0.0,0.0
29.0,4.0,0.5770106315612793,0.4229893684387207,1.0850200653076172,0.9891498684883118,0.0,0.0,0.5493102669715881,0.45068979263305664,1.0404146909713745,0.9895958304405212,0.0,0.0
30.0,0.0,0.5134782195091248,0.48652175068855286,1.2356228828430176,0.987643837928772,0.0,0.0,0.7963424324989319,0.2036575824022293,0.4627046585083008,0.9953728914260864,0.0,0.0
30.0,1.0,0.589219331741333,0.41078072786331177,1.0523667335510254,0.9894763231277466,0.0,0.0,0.5041986703872681,0.4958013594150543,1.169549822807312,0.9883044958114624,0.0,0.0
30.0,2.0,0.5687655210494995,0.4312345087528229,1.0751230716705322,0.9892486929893494,0.0,0.0,0.5830916166305542,0.4169084131717682,1.0817755460739136,0.98918217420578,0.0,0.0
30.0,3.0,0.609307050704956,0.39069288969039917,0.9367601275444031,0.9906324148178101,0.0,0.0,0.41267144680023193,0.5873284935951233,1.6676684617996216,0.983323335647583,0.0,0.0
30.0,4.0,0.5770106315612793,0.4229893386363983,1.0850201845169067,0.9891497492790222,0.0,0.0,0.5493102073669434,0.45068979263305664,1.0404146909713745,0.9895959496498108,0.0,0.0
31.0,0.0,0.5134782791137695,0.48652172088623047,1.2356228828430176,0.9876437783241272,0.0,0.0,0.7963423728942871,0.2036575973033905,0.4627046585083008,0.9953729510307312,0.0,0.0
31.0,1.0,0.5892192721366882,0.4107806980609894,1.0523667335510254,0.9894763231277466,0.0,0.0,0.5041986107826233,0.4958014190196991,1.1695499420166016,0.9883045554161072,0.0,0.0
31.0,2.0,0.5687655806541443,0.4312345087528229,1.0751230716705322,0.9892488121986389,0.0,0.0,0.5830916166305542,0.4169084131717682,1.0817755460739136,0.98918217420578,0.0,0.0
31.0,3.0,0.609307050704956,0.39069294929504395,0.9367601275444031,0.9906324148178101,0.0,0.0,0.4126715064048767,0.5873284935951233,1.6676684617996216,0.983323335647583,0.0,0.0
31.0,4.0,0.5770106315612793,0.4229893684387207,1.0850201845169067,0.9891496896743774,0.0,0.0,0.5493102073669434,0.45068976283073425,1.0404146909713745,0.9895958304405212,0.0,0.0
32.0,0.0,0.5134782791137695,0.4865216910839081,1.2356228828430176,0.9876437783241272,0.0,0.0,0.7963424324989319,0.2036575973033905,0.4627046585083008,0.9953729510307312,0.0,0.0
32.0,1.0,0.5892192721366882,0.41078072786331177,1.0523667335510254,0.9894763231277466,0.0,0.0,0.5041986107826233,0.4958013892173767,1.169549822807312,0.9883044958114624,0.0,0.0
32.0,2.0,0.5687655210494995,0.4312344789505005,1.0751229524612427,0.9892486929893494,0.0,0.0,0.5830916166305542,0.4169084429740906,1.0817755460739136,0.9891822934150696,0.0,0.0
32.0,3.0,0.6093071103096008,0.3906928598880768,0.9367601275444031,0.9906323552131653,0.0,0.0,0.4126715064048767,0.5873284935951233,1.6676682233810425,0.983323335647583,0.0,0.0
32.0,4.0,0.5770106911659241,0.4229893088340759,1.0850200653076172,0.989149808883667,0.0,0.0,0.5493102669715881,0.45068976283073425,1.0404146909713745,0.9895958304405212,0.0,0.0
33.0,0.0,0.5134783387184143,0.4865216910839081,1.2356228828430176,0.987643837928772,0.0,0.0,0.7963424324989319,0.2036575824022293,0.4627046585083008,0.9953728914260864,0.0,0.0
33.0,1.0,0.5892192125320435,0.41078072786331177,1.0523667335510254,0.9894763231277466,0.0,0.0,0.5041986107826233,0.4958013892173767,1.169549822807312,0.9883044958114624,0.0,0.0
33.0,2.0,0.5687655210494995,0.4312345087528229,1.0751229524612427,0.9892486333847046,0.0,0.0,0.5830915570259094,0.4169084131717682,1.0817755460739136,0.98918217420578,0.0,0.0
33.0,3.0,0.609307050704956,0.39069294929504395,0.9367602467536926,0.9906323552131653,0.0,0.0,0.41267144680023193,0.5873284935951233,1.6676682233810425,0.9833233952522278,0.0,0.0
33.0,4.0,0.5770106911659241,0.4229893088340759,1.0850201845169067,0.9891497492790222,0.0,0.0,0.5493102073669434,0.45068979263305664,1.0404146909713745,0.9895958304405212,0.0,0.0
34.0,0.0,0.5134782195091248,0.48652172088623047,1.2356230020523071,0.9876436591148376,0.0,0.0,0.7963424324989319,0.2036575973033905,0.4627046585083008,0.9953728914260864,0.0,0.0
34.0,1.0,0.5892192125320435,0.41078075766563416,1.0523666143417358,0.9894764423370361,0.0,0.0,0.5041986703872681,0.4958013892173767,1.1695499420166016,0.9883045554161072,0.0,0.0
34.0,2.0,0.5687655210494995,0.4312345087528229,1.0751230716705322,0.9892486929893494,0.0,0.0,0.5830916166305542,0.4169084131717682,1.0817755460739136,0.9891822934150696,0.0,0.0
34.0,3.0,0.6093071103096008,0.39069288969039917,0.9367602467536926,0.9906323552131653,0.0,0.0,0.4126715362071991,0.5873284935951233,1.6676684617996216,0.983323335647583,0.0,0.0
34.0,4.0,0.5770106911659241,0.4229893386363983,1.0850200653076172,0.9891498684883118,0.0,0.0,0.5493102073669434,0.45068976283073425,1.0404146909713745,0.9895958304405212,0.0,0.0
35.0,0.0,0.5134782791137695,0.48652172088623047,1.2356228828430176,0.987643837928772,0.0,0.0,0.7963424324989319,0.2036575824022293,0.4627046585083008,0.9953729510307312,0.0,0.0
35.0,1.0,0.5892192125320435,0.4107808470726013,1.0523667335510254,0.9894763827323914,0.0,0.0,0.5041986703872681,0.4958013892173767,1.169549822807312,0.9883044958114624,0.0,0.0
35.0,2.0,0.5687654614448547,0.4312345087528229,1.0751230716705322,0.9892487525939941,0.0,0.0,0.5830916166305542,0.4169084429740906,1.0817755460739136,0.9891822934150696,0.0,0.0
35.0,3.0,0.609307050704956,0.39069288969039917,0.9367602467536926,0.9906324148178101,0.0,0.0,0.4126715064048767,0.5873284935951233,1.6676682233810425,0.983323335647583,0.0,0.0
35.0,4.0,0.5770106315612793,0.4229893088340759,1.0850200653076172,0.9891497492790222,0.0,0.0,0.5493102073669434,0.45068979263305664,1.0404146909713745,0.9895958304405212,0.0,0.0
36.0,0.0,0.5134782195091248,0.48652175068855286,1.2356228828430176,0.987643837928772,0.0,0.0,0.7963423728942871,0.2036575973033905,0.4627046585083008,0.9953729510307312,0.0,0.0
36.0,1.0,0.5892192721366882,0.41078075766563416,1.0523667335510254,0.9894763827323914,0.0,0.0,0.5041986107826233,0.4958013892173767,1.1695499420166016,0.9883045554161072,0.0,0.0
36.0,2.0,0.5687655210494995,0.43123453855514526,1.0751230716705322,0.9892487525939941,0.0,0.0,0.5830916166305542,0.4169084429740906,1.0817755460739136,0.98918217420578,0.0,0.0
36.0,3.0,0.6093071103096008,0.39069288969039917,0.9367602467536926,0.9906323552131653,0.0,0.0,0.4126715064048767,0.5873284935951233,1.6676684617996216,0.9833233952522278,0.0,0.0
36.0,4.0,0.5770106315612793,0.4229893684387207,1.0850200653076172,0.989149808883667,0.0,0.0,0.5493102073669434,0.45068973302841187,1.0404146909713745,0.9895957708358765,0.0,0.0
37.0,0.0,0.5134782195091248,0.48652172088623047,1.2356230020523071,0.987643837928772,0.0,0.0,0.7963424324989319,0.2036575824022293,0.4627046585083008,0.9953728914260864,0.0,0.0
37.0,1.0,0.5892192125320435,0.41078075766563416,1.0523666143417358,0.9894763827323914,0.0,0.0,0.5041986107826233,0.4958013892173767,1.1695499420166016,0.9883045554161072,0.0,0.0
37.0,2.0,0.56876540184021,0.43123453855514526,1.0751229524612427,0.9892488121986389,0.0,0.0,0.5830915570259094,0.4169084429740906,1.0817755460739136,0.9891822934150696,0.0,0.0
37.0,3.0,0.609307050704956,0.39069288969039917,0.9367601275444031,0.9906324148178101,0.0,0.0,0.4126715064048767,0.5873284935951233,1.6676682233810425,0.983323335647583,0.0,0.0
37.0,4.0,0.5770106911659241,0.4229893088340759,1.0850201845169067,0.9891497492790222,0.0,0.0,0.5493102669715881,0.45068979263305664,1.0404146909713745,0.9895959496498108,0.0,0.0
38.0,0.0,0.5134782195091248,0.48652172088623047,1.2356228828430176,0.9876437187194824,0.0,0.0,0.7963424324989319,0.2036575973033905,0.4627046585083008,0.9953728914260864,0.0,0.0
38.0,1.0,0.5892192125320435,0.41078075766563416,1.0523666143417358,0.9894763231277466,0.0,0.0,0.5041986107826233,0.4958013892173767,1.1695499420166016,0.9883044958114624,0.0,0.0
38.0,2.0,0.5687655806541443,0.4312345087528229,1.0751229524612427,0.9892486929893494,0.0,0.0,0.5830916166305542,0.4169084131717682,1.0817755460739136,0.98918217420578,0.0,0.0
38.0,3.0,0.609307050704956,0.39069294929504395,0.9367602467536926,0.9906323552131653,0.0,0.0,0.4126715064048767,0.5873284935951233,1.6676684617996216,0.9833233952522278,0.0,0.0
38.0,4.0,0.5770107507705688,0.4229893386363983,1.0850200653076172,0.9891498684883118,0.0,0.0,0.5493102073669434,0.45068976283073425,1.0404146909713745,0.9895958304405212,0.0,0.0
39.0,0.0,0.5134782195091248,0.48652175068855286,1.2356228828430176,0.987643837928772,0.0,0.0,0.7963424324989319,0.2036575824022293,0.4627046585083008,0.9953728914260864,0.0,0.0
39.0,1.0,0.589219331741333,0.41078072786331177,1.0523667335510254,0.9894763827323914,0.0,0.0,0.5041986703872681,0.4958013892173767,1.1695499420166016,0.9883044958114624,0.0,0.0
39.0,2.0,0.56876540184021,0.4312345087528229,1.0751229524612427,0.9892486929893494,0.0,0.0,0.5830915570259094,0.4169084131717682,1.0817755460739136,0.98918217420578,0.0,0.0
39.0,3.0,0.609307050704956,0.39069294929504395,0.9367602467536926,0.9906323552131653,0.0,0.0,0.4126715064048767,0.5873284935951233,1.6676684617996216,0.983323335647583,0.0,0.0
39.0,4.0,0.5770107507705688,0.4229893088340759,1.0850201845169067,0.989149808883667,0.0,0.0,0.5493102073669434,0.45068976283073425,1.0404146909713745,0.9895958304405212,0.0,0.0
40.0,0.0,0.5134782195091248,0.48652172088623047,1.2356228828430176,0.987643837928772,0.0,0.0,0.7963424324989319,0.2036575973033905,0.4627046585083008,0.9953728914260864,0.0,0.0
40.0,1.0,0.5892192125320435,0.41078072786331177,1.0523667335510254,0.9894763827323914,0.0,0.0,0.5041986703872681,0.4958013892173767,1.169549822807312,0.9883045554161072,0.0,0.0
40.0,2.0,0.5687655806541443,0.4312345087528229,1.0751230716705322,0.9892487525939941,0.0,0.0,0.5830916166305542,0.4169084131717682,1.0817755460739136,0.9891822934150696,0.0,0.0
40.0,3.0,0.6093069314956665,0.39069288969039917,0.9367603063583374,0.9906324148178101,0.0,0.0,0.4126715362071991,0.5873285531997681,1.6676684617996216,0.9833233952522278,0.0,0.0
40.0,4.0,0.5770106911659241,0.4229893088340759,1.0850200653076172,0.9891497492790222,0.0,0.0,0.5493102073669434,0.45068976283073425,1.0404146909713745,0.9895958304405212,0.0,0.0
41.0,0.0,0.5134782791137695,0.48652175068855286,1.2356226444244385,0.9876437783241272,0.0,0.0,0.7963424324989319,0.2036575973033905,0.4627046585083008,0.9953728914260864,0.0,0.0
41.0,1.0,0.589219331741333,0.41078075766563416,1.0523666143417358,0.9894763827323914,0.0,0.0,0.5041986703872681,0.4958013594150543,1.169549822807312,0.9883044958114624,0.0,0.0
41.0,2.0,0.5687655210494995,0.4312344789505005,1.0751230716705322,0.9892486333847046,0.0,0.0,0.5830915570259094,0.4169084429740906,1.0817755460739136,0.98918217420578,0.0,0.0
41.0,3.0,0.609307050704956,0.39069297909736633,0.9367602467536926,0.9906323552131653,0.0,0.0,0.41267144680023193,0.5873285531997681,1.6676682233810425,0.9833232164382935,0.0,0.0
41.0,4.0,0.5770107507705688,0.4229893684387207,1.0850200653076172,0.9891498684883118,0.0,0.0,0.5493102669715881,0.45068979263305664,1.0404146909713745,0.9895958304405212,0.0,0.0
42.0,0.0,0.51347815990448,0.48652175068855286,1.2356228828430176,0.987643837928772,0.0,0.0,0.7963424324989319,0.2036575824022293,0.4627046585083008,0.9953728914260864,0.0,0.0
42.0,1.0,0.589219331741333,0.41078075766563416,1.0523667335510254,0.9894763231277466,0.0,0.0,0.5041986703872681,0.4958013594150543,1.1695499420166016,0.9883045554161072,0.0,0.0
42.0,2.0,0.5687655806541443,0.4312344789505005,1.0751229524612427,0.9892487525939941,0.0,0.0,0.5830916166305542,0.4169084131717682,1.0817755460739136,0.9891822934150696,0.0,0.0
42.0,3.0,0.6093071103096008,0.3906928598880768,0.9367602467536926,0.9906323552131653,0.0,0.0,0.4126715064048767,0.5873284935951233,1.6676682233810425,0.983323335647583,0.0,0.0
42.0,4.0,0.5770106911659241,0.4229893684387207,1.0850200653076172,0.989149808883667,0.0,0.0,0.5493102073669434,0.45068979263305664,1.0404146909713745,0.9895958304405212,0.0,0.0
43.0,0.0,0.5134782791137695,0.48652175068855286,1.2356228828430176,0.9876437783241272,0.0,0.0,0.7963423728942871,0.2036575973033905,0.4627046585083008,0.9953728914260864,0.0,0.0
43.0,1.0,0.5892192721366882,0.41078075766563416,1.0523667335510254,0.9894762635231018,0.0,0.0,0.5041986703872681,0.4958013594150543,1.1695499420166016,0.9883045554161072,0.0,0.0
43.0,2.0,0.5687655210494995,0.4312345087528229,1.0751230716705322,0.9892486333847046,0.0,0.0,0.5830916166305542,0.4169084429740906,1.0817755460739136,0.9891822934150696,0.0,0.0
43.0,3.0,0.609307050704956,0.39069288969039917,0.9367601275444031,0.9906324148178101,0.0,0.0,0.4126715362071991,0.5873284935951233,1.6676684617996216,0.9833233952522278,0.0,0.0
43.0,4.0,0.5770106315612793,0.4229893386363983,1.0850200653076172,0.9891497492790222,0.0,0.0,0.5493102073669434,0.45068979263305664,1.0404146909713745,0.9895958304405212,0.0,0.0
44.0,0.0,0.5134782791137695,0.48652175068855286,1.2356228828430176,0.987643837928772,0.0,0.0,0.7963424324989319,0.2036575824022293,0.4627046585083008,0.9953728914260864,0.0,0.0
44.0,1.0,0.589219331741333,0.41078075766563416,1.0523667335510254,0.9894763231277466,0.0,0.0,0.5041986703872681,0.4958013594150543,1.1695499420166016,0.9883044958114624,0.0,0.0
44.0,2.0,0.5687655210494995,0.4312345087528229,1.0751229524612427,0.9892489314079285,0.0,0.0,0.5830915570259094,0.4169084131717682,1.0817755460739136,0.9891822934150696,0.0,0.0
44.0,3.0,0.6093071103096008,0.39069288969039917,0.9367602467536926,0.9906324148178101,0.0,0.0,0.4126715362071991,0.5873284935951233,1.6676684617996216,0.983323335647583,0.0,0.0
44.0,4.0,0.5770106315612793,0.4229893088340759,1.0850201845169067,0.9891498684883118,0.0,0.0,0.5493102073669434,0.45068976283073425,1.0404146909713745,0.9895959496498108,0.0,0.0
45.0,0.0,0.5134782195091248,0.48652178049087524,1.2356228828430176,0.9876437783241272,0.0,0.0,0.7963424324989319,0.2036575824022293,0.4627046585083008,0.9953728914260864,0.0,0.0
45.0,1.0,0.5892192125320435,0.41078075766563416,1.0523667335510254,0.9894763231277466,0.0,0.0,0.5041986703872681,0.4958013594150543,1.1695499420166016,0.9883045554161072,0.0,0.0
45.0,2.0,0.5687655210494995,0.4312345087528229,1.0751229524612427,0.9892488121986389,0.0,0.0,0.5830915570259094,0.4169084429740906,1.0817755460739136,0.9891822934150696,0.0,0.0
45.0,3.0,0.6093071103096008,0.39069288969039917,0.9367601275444031,0.9906324148178101,0.0,0.0,0.41267144680023193,0.5873284935951233,1.6676682233810425,0.983323335647583,0.0,0.0
45.0,4.0,0.5770107507705688,0.4229893088340759,1.0850200653076172,0.9891498684883118,0.0,0.0,0.5493102073669434,0.45068979263305664,1.0404146909713745,0.9895958304405212,0.0,0.0
46.0,0.0,0.5134782791137695,0.48652175068855286,1.2356228828430176,0.9876437783241272,0.0,0.0,0.7963424324989319,0.2036575824022293,0.4627046585083008,0.9953728914260864,0.0,0.0
46.0,1.0,0.589219331741333,0.41078072786331177,1.0523667335510254,0.9894762635231018,0.0,0.0,0.5041986703872681,0.4958013892173767,1.1695499420166016,0.9883045554161072,0.0,0.0
46.0,2.0,0.5687655806541443,0.4312344193458557,1.0751229524612427,0.9892487525939941,0.0,0.0,0.5830916166305542,0.4169084429740906,1.0817755460739136,0.9891822934150696,0.0,0.0
46.0,3.0,0.6093071103096008,0.39069294929504395,0.9367601275444031,0.9906324148178101,0.0,0.0,0.41267144680023193,0.5873284935951233,1.6676682233810425,0.983323335647583,0.0,0.0
46.0,4.0,0.5770106315612793,0.4229893386363983,1.0850200653076172,0.9891498684883118,0.0,0.0,0.5493102073669434,0.45068976283073425,1.0404146909713745,0.9895958304405212,0.0,0.0
47.0,0.0,0.5134782195091248,0.48652172088623047,1.2356228828430176,0.9876437783241272,0.0,0.0,0.7963424324989319,0.2036575973033905,0.4627046585083008,0.9953728914260864,0.0,0.0
47.0,1.0,0.5892192721366882,0.41078075766563416,1.0523667335510254,0.9894763231277466,0.0,0.0,0.5041986107826233,0.4958013594150543,1.1695499420166016,0.9883044958114624,0.0,0.0
47.0,2.0,0.5687655210494995,0.4312345087528229,1.0751229524612427,0.9892487525939941,0.0,0.0,0.5830916166305542,0.4169084429740906,1.0817755460739136,0.98918217420578,0.0,0.0
47.0,3.0,0.609307050704956,0.3906928598880768,0.9367602467536926,0.9906323552131653,0.0,0.0,0.4126715064048767,0.5873284935951233,1.6676682233810425,0.983323335647583,0.0,0.0
47.0,4.0,0.5770106315612793,0.42298927903175354,1.0850201845169067,0.9891497492790222,0.0,0.0,0.5493102669715881,0.45068976283073425,1.0404146909713745,0.9895958304405212,0.0,0.0
48.0,0.0,0.5134782791137695,0.48652172088623047,1.2356230020523071,0.987643837928772,0.0,0.0,0.7963424324989319,0.2036575824022293,0.4627046585083008,0.9953728914260864,0.0,0.0
48.0,1.0,0.5892192125320435,0.41078072786331177,1.0523667335510254,0.9894763827323914,0.0,0.0,0.5041986703872681,0.4958013892173767,1.1695499420166016,0.9883044958114624,0.0,0.0
48.0,2.0,0.5687655210494995,0.4312344789505005,1.0751230716705322,0.9892487525939941,0.0,0.0,0.5830916166305542,0.4169084131717682,1.0817755460739136,0.98918217420578,0.0,0.0
48.0,3.0,0.6093071103096008,0.39069294929504395,0.9367601275444031,0.9906324744224548,0.0,0.0,0.4126715064048767,0.5873284935951233,1.6676684617996216,0.9833233952522278,0.0,0.0
48.0,4.0,0.5770106315612793,0.4229893684387207,1.0850201845169067,0.9891497492790222,0.0,0.0,0.5493102073669434,0.45068976283073425,1.0404146909713745,0.9895959496498108,0.0,0.0
49.0,0.0,0.5134782195091248,0.48652175068855286,1.2356228828430176,0.9876437783241272,0.0,0.0,0.7963424324989319,0.2036575973033905,0.4627046585083008,0.9953729510307312,0.0,0.0
49.0,1.0,0.5892192721366882,0.41078072786331177,1.0523667335510254,0.9894763231277466,0.0,0.0,0.5041986703872681,0.4958013594150543,1.169549822807312,0.9883045554161072,0.0,0.0
49.0,2.0,0.5687655210494995,0.4312344789505005,1.0751230716705322,0.9892486929893494,0.0,0.0,0.5830915570259094,0.4169084429740906,1.0817755460739136,0.98918217420578,0.0,0.0
49.0,3.0,0.6093071103096008,0.39069288969039917,0.9367601275444031,0.9906324148178101,0.0,0.0,0.41267144680023193,0.5873284935951233,1.6676682233810425,0.983323335647583,0.0,0.0
49.0,4.0,0.5770106911659241,0.4229893088340759,1.0850200653076172,0.9891498684883118,0.0,0.0,0.5493102669715881,0.45068976283073425,1.0404146909713745,0.9895958304405212,0.0,0.0
50.0,0.0,0.5134782791137695,0.48652172088623047,1.2356230020523071,0.9876437783241272,0.0,0.0,0.7963424324989319,0.2036575824022293,0.4627046585083008,0.9953728914260864,0.0,0.0
50.0,1.0,0.5892192721366882,0.41078075766563416,1.0523667335510254,0.9894762635231018,0.0,0.0,0.5041986703872681,0.4958013892173767,1.1695499420166016,0.9883044958114624,0.0,0.0
50.0,2.0,0.5687655210494995,0.4312345087528229,1.0751229524612427,0.9892488121986389,0.0,0.0,0.5830916166305542,0.4169084429740906,1.0817755460739136,0.9891822934150696,0.0,0.0
50.0,3.0,0.6093071699142456,0.39069294929504395,0.9367601275444031,0.9906324148178101,0.0,0.0,0.4126715064048767,0.5873284935951233,1.6676684617996216,0.983323335647583,0.0,0.0
50.0,4.0,0.5770106315612793,0.42298927903175354,1.0850201845169067,0.989149808883667,0.0,0.0,0.5493102073669434,0.45068976283073425,1.0404146909713745,0.9895958304405212,0.0,0.0
51.0,0.0,0.5134782195091248,0.48652172088623047,1.2356228828430176,0.9876437783241272,0.0,0.0,0.7963424324989319,0.2036575824022293,0.4627046585083008,0.9953728914260864,0.0,0.0
51.0,1.0,0.5892192125320435,0.41078072786331177,1.0523667335510254,0.9894762635231018,0.0,0.0,0.5041986703872681,0.4958013594150543,1.1695499420166016,0.9883044958114624,0.0,0.0
51.0,2.0,0.5687655806541443,0.4312344193458557,1.0751229524612427,0.9892486929893494,0.0,0.0,0.5830916166305542,0.4169084429740906,1.0817755460739136,0.9891823530197144,0.0,0.0
51.0,3.0,0.6093071103096008,0.39069294929504395,0.9367603063583374,0.9906323552131653,0.0,0.0,0.4126715064048767,0.5873284935951233,1.6676682233810425,0.9833232164382935,0.0,0.0
51.0,4.0,0.5770106911659241,0.4229893088340759,1.0850200653076172,0.989149808883667,0.0,0.0,0.5493101477622986,0.45068979263305664,1.0404146909713745,0.9895958304405212,0.0,0.0
52.0,0.0,0.5134782195091248,0.48652175068855286,1.2356228828430176,0.987643837928772,0.0,0.0,0.7963424324989319,0.2036575824022293,0.4627046585083008,0.9953729510307312,0.0,0.0
52.0,1.0,0.5892192721366882,0.41078078746795654,1.0523667335510254,0.9894763231277466,0.0,0.0,0.5041986107826233,0.4958013892173767,1.1695499420166016,0.9883045554161072,0.0,0.0
52.0,2.0,0.5687655210494995,0.4312345087528229,1.0751229524612427,0.9892489314079285,0.0,0.0,0.5830916166305542,0.4169084131717682,1.0817755460739136,0.9891822934150696,0.0,0.0
52.0,3.0,0.609307050704956,0.39069297909736633,0.9367601275444031,0.9906324148178101,0.0,0.0,0.4126715064048767,0.5873284935951233,1.6676682233810425,0.983323335647583,0.0,0.0
52.0,4.0,0.5770107507705688,0.4229893088340759,1.0850201845169067,0.9891497492790222,0.0,0.0,0.5493102073669434,0.45068976283073425,1.0404146909713745,0.9895958304405212,0.0,0.0
53.0,0.0,0.51347815990448,0.48652178049087524,1.2356230020523071,0.9876437783241272,0.0,0.0,0.7963424324989319,0.2036575973033905,0.4627046585083008,0.9953728914260864,0.0,0.0
53.0,1.0,0.5892192125320435,0.41078078746795654,1.0523667335510254,0.9894762635231018,0.0,0.0,0.5041986107826233,0.4958013892173767,1.169549822807312,0.9883044958114624,0.0,0.0
53.0,2.0,0.5687655210494995,0.43123453855514526,1.0751229524612427,0.9892487525939941,0.0,0.0,0.5830916166305542,0.4169084131717682,1.0817755460739136,0.9891822934150696,0.0,0.0
53.0,3.0,0.609307050704956,0.39069288969039917,0.9367602467536926,0.9906324148178101,0.0,0.0,0.4126715064048767,0.5873284935951233,1.6676684617996216,0.9833233952522278,0.0,0.0
53.0,4.0,0.5770106911659241,0.4229893088340759,1.0850201845169067,0.9891497492790222,0.0,0.0,0.5493102073669434,0.45068976283073425,1.0404146909713745,0.9895958304405212,0.0,0.0
54.0,0.0,0.5134782195091248,0.48652178049087524,1.2356228828430176,0.9876437187194824,0.0,0.0,0.7963424324989319,0.2036575824022293,0.4627046585083008,0.9953728914260864,0.0,0.0
54.0,1.0,0.5892192125320435,0.41078072786331177,1.0523666143417358,0.9894763827323914,0.0,0.0,0.5041986703872681,0.4958013594150543,1.1695499420166016,0.9883045554161072,0.0,0.0
54.0,2.0,0.5687655210494995,0.43123453855514526,1.0751230716705322,0.9892486929893494,0.0,0.0,0.5830916166305542,0.4169084429740906,1.0817755460739136,0.9891822934150696,0.0,0.0
54.0,3.0,0.609307050704956,0.39069288969039917,0.9367602467536926,0.9906324148178101,0.0,0.0,0.4126715064048767,0.5873284935951233,1.6676684617996216,0.983323335647583,0.0,0.0
54.0,4.0,0.5770106911659241,0.4229893088340759,1.0850201845169067,0.9891497492790222,0.0,0.0,0.5493102073669434,0.45068976283073425,1.0404146909713745,0.9895958304405212,0.0,0.0
55.0,0.0,0.5134782195091248,0.48652175068855286,1.2356226444244385,0.987643837928772,0.0,0.0,0.7963424324989319,0.2036575824022293,0.4627046585083008,0.9953729510307312,0.0,0.0
55.0,1.0,0.5892192125320435,0.41078075766563416,1.0523666143417358,0.9894763827323914,0.0,0.0,0.5041986703872681,0.4958013594150543,1.1695499420166016,0.9883044958114624,0.0,0.0
55.0,2.0,0.5687655210494995,0.4312344789505005,1.0751229524612427,0.9892487525939941,0.0,0.0,0.5830915570259094,0.4169084131717682,1.0817755460739136,0.9891822934150696,0.0,0.0
55.0,3.0,0.609307050704956,0.39069288969039917,0.9367602467536926,0.9906324744224548,0.0,0.0,0.4126715064048767,0.5873284935951233,1.6676684617996216,0.983323335647583,0.0,0.0
55.0,4.0,0.5770107507705688,0.4229893088340759,1.0850200653076172,0.9891498684883118,0.0,0.0,0.5493101477622986,0.45068976283073425,1.0404146909713745,0.9895958304405212,0.0,0.0
56.0,0.0,0.5134783387184143,0.48652172088623047,1.2356226444244385,0.987643837928772,0.0,0.0,0.7963424324989319,0.2036575824022293,0.4627046585083008,0.9953728914260864,0.0,0.0
56.0,1.0,0.5892192125320435,0.41078075766563416,1.0523667335510254,0.9894763231277466,0.0,0.0,0.5041986703872681,0.4958013594150543,1.169549822807312,0.9883045554161072,0.0,0.0
56.0,2.0,0.5687655210494995,0.4312344789505005,1.0751229524612427,0.9892487525939941,0.0,0.0,0.5830915570259094,0.4169084131717682,1.0817755460739136,0.9891823530197144,0.0,0.0
56.0,3.0,0.6093071103096008,0.39069288969039917,0.9367600679397583,0.9906324744224548,0.0,0.0,0.41267144680023193,0.5873284935951233,1.6676684617996216,0.983323335647583,0.0,0.0
56.0,4.0,0.5770106911659241,0.42298927903175354,1.0850201845169067,0.989149808883667,0.0,0.0,0.5493102073669434,0.45068979263305664,1.0404146909713745,0.9895958304405212,0.0,0.0
57.0,0.0,0.5134782791137695,0.48652172088623047,1.2356228828430176,0.9876438975334167,0.0,0.0,0.7963424324989319,0.2036575824022293,0.4627046585083008,0.9953728914260864,0.0,0.0
57.0,1.0,0.5892192125320435,0.41078075766563416,1.0523667335510254,0.9894763231277466,0.0,0.0,0.5041986703872681,0.4958013892173767,1.169549822807312,0.9883045554161072,0.0,0.0
57.0,2.0,0.5687655210494995,0.4312344789505005,1.0751229524612427,0.9892488121986389,0.0,0.0,0.5830916166305542,0.4169084429740906,1.0817755460739136,0.9891822934150696,0.0,0.0
57.0,3.0,0.6093071103096008,0.39069294929504395,0.9367602467536926,0.9906324148178101,0.0,0.0,0.4126715362071991,0.5873285531997681,1.6676682233810425,0.9833233952522278,0.0,0.0
57.0,4.0,0.5770107507705688,0.4229893088340759,1.0850200653076172,0.9891498684883118,0.0,0.0,0.5493101477622986,0.45068976283073425,1.0404146909713745,0.9895958304405212,0.0,0.0
58.0,0.0,0.5134782791137695,0.48652172088623047,1.2356228828430176,0.987643837928772,0.0,0.0,0.7963424324989319,0.2036575824022293,0.4627046585083008,0.9953728914260864,0.0,0.0
58.0,1.0,0.5892191529273987,0.41078078746795654,1.0523667335510254,0.9894763827323914,0.0,0.0,0.5041986703872681,0.4958013892173767,1.1695499420166016,0.9883045554161072,0.0,0.0
58.0,2.0,0.5687655806541443,0.4312344789505005,1.0751229524612427,0.9892486929893494,0.0,0.0,0.5830915570259094,0.4169084131717682,1.0817755460739136,0.9891822934150696,0.0,0.0
58.0,3.0,0.609307050704956,0.39069288969039917,0.9367602467536926,0.9906324148178101,0.0,0.0,0.4126715064048767,0.5873284935951233,1.6676682233810425,0.983323335647583,0.0,0.0
58.0,4.0,0.5770106911659241,0.4229893088340759,1.0850201845169067,0.9891497492790222,0.0,0.0,0.5493102669715881,0.45068976283073425,1.0404146909713745,0.9895957708358765,0.0,0.0
59.0,0.0,0.5134783387184143,0.48652175068855286,1.2356230020523071,0.987643837928772,0.0,0.0,0.7963424324989319,0.2036575824022293,0.4627046585083008,0.9953729510307312,0.0,0.0
59.0,1.0,0.5892192125320435,0.41078075766563416,1.0523667335510254,0.9894763231277466,0.0,0.0,0.5041986703872681,0.4958013892173767,1.169549822807312,0.9883045554161072,0.0,0.0
59.0,2.0,0.5687655210494995,0.4312345087528229,1.0751230716705322,0.9892486929893494,0.0,0.0,0.5830915570259094,0.4169084131717682,1.0817755460739136,0.98918217420578,0.0,0.0
59.0,3.0,0.609307050704956,0.39069288969039917,0.9367603063583374,0.9906322956085205,0.0,0.0,0.4126715064048767,0.5873284935951233,1.6676682233810425,0.983323335647583,0.0,0.0
59.0,4.0,0.5770107507705688,0.42298927903175354,1.0850201845169067,0.9891497492790222,0.0,0.0,0.5493102073669434,0.45068976283073425,1.0404146909713745,0.9895958304405212,0.0,0.0
60.0,0.0,0.5134782791137695,0.48652175068855286,1.2356228828430176,0.9876437783241272,0.0,0.0,0.7963424324989319,0.2036575824022293,0.4627046585083008,0.9953728914260864,0.0,0.0
60.0,1.0,0.5892192721366882,0.41078072786331177,1.0523667335510254,0.9894763231277466,0.0,0.0,0.5041986703872681,0.4958013594150543,1.169549822807312,0.9883045554161072,0.0,0.0
60.0,2.0,0.5687655210494995,0.4312345087528229,1.0751229524612427,0.9892487525939941,0.0,0.0,0.5830916166305542,0.4169084131717682,1.0817755460739136,0.98918217420578,0.0,0.0
60.0,3.0,0.609307050704956,0.3906928598880768,0.9367602467536926,0.9906323552131653,0.0,0.0,0.4126715064048767,0.5873284935951233,1.6676684617996216,0.983323335647583,0.0,0.0
60.0,4.0,0.5770107507705688,0.4229893088340759,1.0850201845169067,0.9891497492790222,0.0,0.0,0.5493102073669434,0.45068976283073425,1.0404146909713745,0.9895958304405212,0.0,0.0
61.0,0.0,0.5134782195091248,0.48652175068855286,1.2356230020523071,0.9876437783241272,0.0,0.0,0.7963424324989319,0.2036575973033905,0.4627046585083008,0.9953729510307312,0.0,0.0
61.0,1.0,0.5892192125320435,0.41078075766563416,1.0523667335510254,0.9894763231277466,0.0,0.0,0.5041986703872681,0.4958013892173767,1.169549822807312,0.9883044958114624,0.0,0.0
61.0,2.0,0.5687655210494995,0.4312344789505005,1.0751230716705322,0.9892487525939941,0.0,0.0,0.5830916166305542,0.4169084131717682,1.0817755460739136,0.9891822934150696,0.0,0.0
61.0,3.0,0.6093071103096008,0.39069288969039917,0.9367600679397583,0.9906324148178101,0.0,0.0,0.41267144680023193,0.5873284935951233,1.6676682233810425,0.983323335647583,0.0,0.0
61.0,4.0,0.5770107507705688,0.42298927903175354,1.0850201845169067,0.989149808883667,0.0,0.0,0.5493102073669434,0.45068976283073425,1.0404146909713745,0.9895959496498108,0.0,0.0
62.0,0.0,0.5134783387184143,0.48652172088623047,1.2356228828430176,0.987643837928772,0.0,0.0,0.7963424324989319,0.2036575824022293,0.4627046585083008,0.9953729510307312,0.0,0.0
62.0,1.0,0.589219331741333,0.41078072786331177,1.0523667335510254,0.9894763827323914,0.0,0.0,0.5041986107826233,0.4958013892173767,1.1695499420166016,0.9883045554161072,0.0,0.0
62.0,2.0,0.5687655210494995,0.4312345087528229,1.0751229524612427,0.9892488121986389,0.0,0.0,0.5830916166305542,0.4169084429740906,1.0817755460739136,0.9891822934150696,0.0,0.0
62.0,3.0,0.6093071103096008,0.39069288969039917,0.9367601275444031,0.9906324148178101,0.0,0.0,0.4126715064048767,0.5873284935951233,1.6676684617996216,0.983323335647583,0.0,0.0
62.0,4.0,0.5770107507705688,0.42298924922943115,1.0850201845169067,0.9891497492790222,0.0,0.0,0.5493102073669434,0.45068979263305664,1.0404146909713745,0.9895959496498108,0.0,0.0
63.0,0.0,0.5134782791137695,0.4865216910839081,1.2356228828430176,0.9876437783241272,0.0,0.0,0.7963423728942871,0.2036575824022293,0.4627046585083008,0.9953728914260864,0.0,0.0
63.0,1.0,0.589219331741333,0.41078072786331177,1.0523667335510254,0.9894762635231018,0.0,0.0,0.5041986107826233,0.4958014190196991,1.169549822807312,0.9883044958114624,0.0,0.0
63.0,2.0,0.5687655806541443,0.43123453855514526,1.0751230716705322,0.9892487525939941,0.0,0.0,0.5830916166305542,0.4169084429740906,1.0817755460739136,0.9891822934150696,0.0,0.0
63.0,3.0,0.609307050704956,0.39069288969039917,0.9367600679397583,0.9906324744224548,0.0,0.0,0.41267144680023193,0.5873284935951233,1.6676684617996216,0.983323335647583,0.0,0.0
63.0,4.0,0.5770107507705688,0.4229893088340759,1.0850200653076172,0.9891498684883118,0.0,0.0,0.5493102073669434,0.45068976283073425,1.0404146909713745,0.9895958304405212,0.0,0.0
64.0,0.0,0.5134783387184143,0.48652172088623047,1.2356228828430176,0.9876437187194824,0.0,0.0,0.7963424324989319,0.2036575824022293,0.4627046585083008,0.9953728914260864,0.0,0.0
64.0,1.0,0.5892192721366882,0.41078072786331177,1.0523667335510254,0.9894763231277466,0.0,0.0,0.5041986703872681,0.4958013892173767,1.169549822807312,0.9883044958114624,0.0,0.0
64.0,2.0,0.5687654614448547,0.43123456835746765,1.0751230716705322,0.9892488121986389,0.0,0.0,0.5830915570259094,0.4169084131717682,1.0817755460739136,0.9891823530197144,0.0,0.0
64.0,3.0,0.6093071103096008,0.39069294929504395,0.9367601275444031,0.9906324744224548,0.0,0.0,0.4126715064048767,0.5873284935951233,1.6676684617996216,0.983323335647583,0.0,0.0
64.0,4.0,0.5770106911659241,0.4229893088340759,1.0850200653076172,0.9891498684883118,0.0,0.0,0.5493102073669434,0.45068979263305664,1.0404146909713745,0.9895958304405212,0.0,0.0
65.0,0.0,0.5134783387184143,0.4865216910839081,1.2356226444244385,0.9876437783241272,0.0,0.0,0.7963424324989319,0.2036575824022293,0.4627046585083008,0.9953729510307312,0.0,0.0
65.0,1.0,0.5892192721366882,0.4107806980609894,1.0523666143417358,0.9894763827323914,0.0,0.0,0.5041986107826233,0.4958013594150543,1.169549822807312,0.9883044958114624,0.0,0.0
65.0,2.0,0.5687655210494995,0.4312344789505005,1.0751229524612427,0.9892488121986389,0.0,0.0,0.5830915570259094,0.4169084131717682,1.0817755460739136,0.9891822934150696,0.0,0.0
65.0,3.0,0.6093071103096008,0.3906928598880768,0.9367603063583374,0.9906324148178101,0.0,0.0,0.4126715064048767,0.5873284935951233,1.6676684617996216,0.9833233952522278,0.0,0.0
65.0,4.0,0.5770107507705688,0.4229893386363983,1.0850201845169067,0.9891497492790222,0.0,0.0,0.5493102669715881,0.45068976283073425,1.0404146909713745,0.9895958304405212,0.0,0.0
66.0,0.0,0.5134782791137695,0.48652172088623047,1.2356226444244385,0.987643837928772,0.0,0.0,0.7963424324989319,0.2036575973033905,0.4627046585083008,0.9953729510307312,0.0,0.0
66.0,1.0,0.5892192125320435,0.41078072786331177,1.0523666143417358,0.9894763827323914,0.0,0.0,0.5041986107826233,0.4958013892173767,1.1695499420166016,0.9883044958114624,0.0,0.0
66.0,2.0,0.5687655210494995,0.4312345087528229,1.0751230716705322,0.9892486333847046,0.0,0.0,0.5830916166305542,0.4169084429740906,1.0817755460739136,0.98918217420578,0.0,0.0
66.0,3.0,0.609307050704956,0.3906928598880768,0.9367601275444031,0.9906324148178101,0.0,0.0,0.41267144680023193,0.5873284935951233,1.6676684617996216,0.983323335647583,0.0,0.0
66.0,4.0,0.5770106315612793,0.4229893088340759,1.0850201845169067,0.9891497492790222,0.0,0.0,0.5493102073669434,0.45068976283073425,1.0404146909713745,0.9895958304405212,0.0,0.0
67.0,0.0,0.5134782195091248,0.48652175068855286,1.2356228828430176,0.9876437783241272,0.0,0.0,0.7963423728942871,0.2036575973033905,0.4627046585083008,0.9953728914260864,0.0,0.0
67.0,1.0,0.5892192125320435,0.41078072786331177,1.0523667335510254,0.9894763231277466,0.0,0.0,0.5041986107826233,0.4958013892173767,1.169549822807312,0.9883044958114624,0.0,0.0
67.0,2.0,0.5687655210494995,0.4312344789505005,1.0751229524612427,0.9892487525939941,0.0,0.0,0.5830915570259094,0.4169084131717682,1.0817755460739136,0.9891822934150696,0.0,0.0
67.0,3.0,0.6093071103096008,0.39069288969039917,0.9367602467536926,0.9906324148178101,0.0,0.0,0.4126715064048767,0.5873284935951233,1.6676682233810425,0.9833232164382935,0.0,0.0
67.0,4.0,0.5770107507705688,0.4229893088340759,1.0850201845169067,0.9891496896743774,0.0,0.0,0.5493102669715881,0.45068979263305664,1.0404146909713745,0.9895958304405212,0.0,0.0
68.0,0.0,0.5134782791137695,0.4865216910839081,1.2356230020523071,0.9876437783241272,0.0,0.0,0.7963423728942871,0.2036575973033905,0.4627046585083008,0.9953728914260864,0.0,0.0
68.0,1.0,0.5892192125320435,0.41078075766563416,1.0523667335510254,0.9894763827323914,0.0,0.0,0.5041986107826233,0.4958013892173767,1.169549822807312,0.9883045554161072,0.0,0.0
68.0,2.0,0.5687655210494995,0.4312344789505005,1.0751229524612427,0.9892487525939941,0.0,0.0,0.5830916166305542,0.4169084429740906,1.0817755460739136,0.9891822934150696,0.0,0.0
68.0,3.0,0.609307050704956,0.39069297909736633,0.9367600679397583,0.9906324744224548,0.0,0.0,0.4126715064048767,0.5873284935951233,1.6676682233810425,0.983323335647583,0.0,0.0
68.0,4.0,0.5770107507705688,0.4229893386363983,1.0850200653076172,0.9891498684883118,0.0,0.0,0.5493102669715881,0.45068976283073425,1.0404146909713745,0.9895958304405212,0.0,0.0
69.0,0.0,0.5134782791137695,0.48652172088623047,1.2356230020523071,0.9876437783241272,0.0,0.0,0.7963424324989319,0.2036575824022293,0.4627046585083008,0.9953728914260864,0.0,0.0
69.0,1.0,0.5892192721366882,0.4107806980609894,1.052366852760315,0.9894763231277466,0.0,0.0,0.5041986107826233,0.4958013892173767,1.169549822807312,0.9883045554161072,0.0,0.0
69.0,2.0,0.5687655210494995,0.4312344789505005,1.0751230716705322,0.9892487525939941,0.0,0.0,0.5830916166305542,0.4169084131717682,1.0817755460739136,0.9891822934150696,0.0,0.0
69.0,3.0,0.609307050704956,0.39069288969039917,0.9367602467536926,0.9906322956085205,0.0,0.0,0.41267144680023193,0.5873284935951233,1.6676684617996216,0.983323335647583,0.0,0.0
69.0,4.0,0.5770107507705688,0.4229893088340759,1.0850200653076172,0.9891497492790222,0.0,0.0,0.5493102073669434,0.45068976283073425,1.0404146909713745,0.9895958304405212,0.0,0.0
70.0,0.0,0.5134783387184143,0.48652175068855286,1.2356228828430176,0.9876438975334167,0.0,0.0,0.7963424324989319,0.2036575824022293,0.4627046585083008,0.9953728914260864,0.0,0.0
70.0,1.0,0.5892192721366882,0.41078072786331177,1.0523667335510254,0.9894763231277466,0.0,0.0,0.5041986703872681,0.4958013892173767,1.169549822807312,0.9883045554161072,0.0,0.0
70.0,2.0,0.5687655210494995,0.4312345087528229,1.0751229524612427,0.9892489314079285,0.0,0.0,0.5830916166305542,0.4169084429740906,1.0817755460739136,0.9891822934150696,0.0,0.0
70.0,3.0,0.6093071699142456,0.39069294929504395,0.9367601275444031,0.9906324744224548,0.0,0.0,0.41267144680023193,0.5873285531997681,1.6676684617996216,0.9833233952522278,0.0,0.0
70.0,4.0,0.5770106911659241,0.42298927903175354,1.0850201845169067,0.989149808883667,0.0,0.0,0.5493102073669434,0.45068979263305664,1.0404146909713745,0.9895958304405212,0.0,0.0
71.0,0.0,0.5134782791137695,0.48652175068855286,1.2356226444244385,0.987643837928772,0.0,0.0,0.7963424324989319,0.2036575824022293,0.4627046585083008,0.9953728914260864,0.0,0.0
71.0,1.0,0.5892192721366882,0.41078078746795654,1.0523667335510254,0.9894763231277466,0.0,0.0,0.5041986703872681,0.4958013892173767,1.169549822807312,0.9883044958114624,0.0,0.0
71.0,2.0,0.5687655210494995,0.4312345087528229,1.0751230716705322,0.9892487525939941,0.0,0.0,0.5830916166305542,0.4169084131717682,1.0817755460739136,0.9891822934150696,0.0,0.0
71.0,3.0,0.609307050704956,0.39069294929504395,0.9367602467536926,0.9906322956085205,0.0,0.0,0.4126715064048767,0.5873284935951233,1.6676682233810425,0.983323335647583,0.0,0.0
71.0,4.0,0.5770106911659241,0.4229893386363983,1.0850201845169067,0.9891497492790222,0.0,0.0,0.5493102073669434,0.45068976283073425,1.0404146909713745,0.9895958304405212,0.0,0.0
72.0,0.0,0.5134782791137695,0.48652178049087524,1.2356228828430176,0.9876437783241272,0.0,0.0,0.7963424324989319,0.2036575824022293,0.4627046585083008,0.9953729510307312,0.0,0.0
72.0,1.0,0.5892192125320435,0.41078072786331177,1.0523667335510254,0.9894763231277466,0.0,0.0,0.5041986107826233,0.4958013892173767,1.1695499420166016,0.9883045554161072,0.0,0.0
72.0,2.0,0.5687655210494995,0.4312345087528229,1.0751229524612427,0.9892488121986389,0.0,0.0,0.5830916166305542,0.4169084131717682,1.0817755460739136,0.98918217420578,0.0,0.0
72.0,3.0,0.609307050704956,0.39069297909736633,0.9367600679397583,0.9906324744224548,0.0,0.0,0.4126715064048767,0.5873285531997681,1.6676684617996216,0.9833233952522278,0.0,0.0
72.0,4.0,0.5770106315612793,0.4229893386363983,1.0850201845169067,0.9891497492790222,0.0,0.0,0.5493102073669434,0.45068979263305664,1.0404146909713745,0.9895959496498108,0.0,0.0
73.0,0.0,0.5134782791137695,0.48652172088623047,1.2356226444244385,0.9876437783241272,0.0,0.0,0.7963424324989319,0.2036575824022293,0.4627046585083008,0.9953729510307312,0.0,0.0
73.0,1.0,0.5892192721366882,0.41078072786331177,1.0523667335510254,0.9894763231277466,0.0,0.0,0.5041986703872681,0.4958013594150543,1.1695499420166016,0.9883045554161072,0.0,0.0
73.0,2.0,0.5687655210494995,0.4312345087528229,1.0751229524612427,0.9892487525939941,0.0,0.0,0.5830916166305542,0.4169084429740906,1.0817755460739136,0.9891822934150696,0.0,0.0
73.0,3.0,0.6093071103096008,0.39069288969039917,0.9367601275444031,0.9906323552131653,0.0,0.0,0.4126715064048767,0.5873284935951233,1.6676684617996216,0.9833233952522278,0.0,0.0
73.0,4.0,0.5770106911659241,0.4229893386363983,1.0850200653076172,0.9891497492790222,0.0,0.0,0.5493102073669434,0.45068976283073425,1.0404146909713745,0.9895958304405212,0.0,0.0
74.0,0.0,0.5134783387184143,0.48652175068855286,1.2356228828430176,0.9876438975334167,0.0,0.0,0.7963424324989319,0.2036575824022293,0.4627046585083008,0.9953728914260864,0.0,0.0
74.0,1.0,0.5892192721366882,0.41078072786331177,1.0523667335510254,0.9894763231277466,0.0,0.0,0.5041986107826233,0.4958013594150543,1.1695499420166016,0.9883045554161072,0.0,0.0
74.0,2.0,0.5687655806541443,0.4312345087528229,1.0751229524612427,0.9892487525939941,0.0,0.0,0.5830916166305542,0.4169084429740906,1.0817755460739136,0.98918217420578,0.0,0.0
74.0,3.0,0.6093071103096008,0.39069288969039917,0.9367600679397583,0.9906324744224548,0.0,0.0,0.41267144680023193,0.5873285531997681,1.6676684617996216,0.983323335647583,0.0,0.0
74.0,4.0,0.5770106911659241,0.4229893684387207,1.0850200653076172,0.9891498684883118,0.0,0.0,0.5493101477622986,0.45068976283073425,1.0404146909713745,0.9895958304405212,0.0,0.0
75.0,0.0,0.5134782195091248,0.48652175068855286,1.2356226444244385,0.987643837928772,0.0,0.0,0.7963423728942871,0.2036575973033905,0.4627046585083008,0.9953728914260864,0.0,0.0
75.0,1.0,0.5892192125320435,0.41078075766563416,1.0523667335510254,0.9894763231277466,0.0,0.0,0.5041986703872681,0.4958013892173767,1.1695499420166016,0.9883045554161072,0.0,0.0
75.0,2.0,0.5687655210494995,0.4312345087528229,1.0751229524612427,0.9892487525939941,0.0,0.0,0.5830915570259094,0.4169084131717682,1.0817755460739136,0.9891822934150696,0.0,0.0
75.0,3.0,0.6093071103096008,0.39069288969039917,0.9367603063583374,0.9906324148178101,0.0,0.0,0.4126715362071991,0.5873284935951233,1.6676682233810425,0.9833232164382935,0.0,0.0
75.0,4.0,0.5770106911659241,0.4229893386363983,1.0850201845169067,0.9891496896743774,0.0,0.0,0.5493102073669434,0.45068976283073425,1.0404146909713745,0.9895958304405212,0.0,0.0
76.0,0.0,0.5134782195091248,0.48652175068855286,1.2356228828430176,0.9876437783241272,0.0,0.0,0.7963424324989319,0.2036575973033905,0.4627046585083008,0.9953728914260864,0.0,0.0
76.0,1.0,0.589219331741333,0.41078072786331177,1.0523667335510254,0.9894763231277466,0.0,0.0,0.5041986107826233,0.4958013892173767,1.169549822807312,0.9883045554161072,0.0,0.0
76.0,2.0,0.5687655210494995,0.4312344789505005,1.0751230716705322,0.9892487525939941,0.0,0.0,0.5830916166305542,0.4169084131717682,1.0817755460739136,0.9891822934150696,0.0,0.0
76.0,3.0,0.609307050704956,0.39069288969039917,0.9367601275444031,0.9906323552131653,0.0,0.0,0.4126715064048767,0.5873284935951233,1.6676684617996216,0.9833232164382935,0.0,0.0
76.0,4.0,0.5770106315612793,0.4229893386363983,1.0850201845169067,0.989149808883667,0.0,0.0,0.5493102669715881,0.45068976283073425,1.0404146909713745,0.9895958304405212,0.0,0.0
77.0,0.0,0.5134782195091248,0.48652172088623047,1.2356226444244385,0.987643837928772,0.0,0.0,0.7963424324989319,0.2036575824022293,0.4627046585083008,0.9953729510307312,0.0,0.0
77.0,1.0,0.5892192125320435,0.41078078746795654,1.0523667335510254,0.9894762635231018,0.0,0.0,0.5041986703872681,0.4958013594150543,1.169549822807312,0.9883045554161072,0.0,0.0
77.0,2.0,0.5687655210494995,0.4312344789505005,1.0751229524612427,0.9892489314079285,0.0,0.0,0.5830916166305542,0.4169084131717682,1.0817755460739136,0.98918217420578,0.0,0.0
77.0,3.0,0.6093071103096008,0.39069288969039917,0.9367601275444031,0.9906324148178101,0.0,0.0,0.4126715362071991,0.5873284935951233,1.6676682233810425,0.9833232164382935,0.0,0.0
77.0,4.0,0.5770107507705688,0.4229893088340759,1.0850200653076172,0.9891496896743774,0.0,0.0,0.5493102073669434,0.45068976283073425,1.0404146909713745,0.9895958304405212,0.0,0.0
78.0,0.0,0.5134783387184143,0.48652172088623047,1.2356230020523071,0.9876437187194824,0.0,0.0,0.7963424324989319,0.2036575824022293,0.4627046585083008,0.9953728914260864,0.0,0.0
78.0,1.0,0.5892192721366882,0.41078075766563416,1.0523667335510254,0.9894762635231018,0.0,0.0,0.5041986703872681,0.4958013892173767,1.169549822807312,0.9883044958114624,0.0,0.0
78.0,2.0,0.5687655806541443,0.4312344193458557,1.0751229524612427,0.9892487525939941,0.0,0.0,0.5830916166305542,0.4169084131717682,1.0817755460739136,0.9891822934150696,0.0,0.0
78.0,3.0,0.6093071103096008,0.39069288969039917,0.9367601275444031,0.9906324148178101,0.0,0.0,0.4126715362071991,0.5873284935951233,1.6676682233810425,0.983323335647583,0.0,0.0
78.0,4.0,0.5770106315612793,0.4229893088340759,1.0850200653076172,0.989149808883667,0.0,0.0,0.5493102073669434,0.45068976283073425,1.0404146909713745,0.9895958304405212,0.0,0.0
79.0,0.0,0.5134782195091248,0.48652178049087524,1.2356228828430176,0.987643837928772,0.0,0.0,0.7963424324989319,0.2036575824022293,0.4627046585083008,0.9953728914260864,0.0,0.0
79.0,1.0,0.589219331741333,0.41078075766563416,1.052366852760315,0.9894763231277466,0.0,0.0,0.5041986107826233,0.4958013892173767,1.1695499420166016,0.9883045554161072,0.0,0.0
79.0,2.0,0.5687654614448547,0.4312345087528229,1.0751229524612427,0.9892487525939941,0.0,0.0,0.5830915570259094,0.4169084131717682,1.0817755460739136,0.98918217420578,0.0,0.0
79.0,3.0,0.6093071103096008,0.39069294929504395,0.9367603063583374,0.9906323552131653,0.0,0.0,0.4126715064048767,0.5873285531997681,1.6676682233810425,0.983323335647583,0.0,0.0
79.0,4.0,0.5770107507705688,0.42298927903175354,1.0850201845169067,0.989149808883667,0.0,0.0,0.5493102073669434,0.45068976283073425,1.0404146909713745,0.9895958304405212,0.0,0.0
80.0,0.0,0.5134782195091248,0.48652175068855286,1.2356228828430176,0.9876437187194824,0.0,0.0,0.7963424324989319,0.2036575824022293,0.4627046585083008,0.9953728914260864,0.0,0.0
80.0,1.0,0.5892192125320435,0.41078072786331177,1.0523666143417358,0.9894763827323914,0.0,0.0,0.5041986107826233,0.4958013892173767,1.169549822807312,0.9883044958114624,0.0,0.0
80.0,2.0,0.5687655806541443,0.4312345087528229,1.0751229524612427,0.9892487525939941,0.0,0.0,0.5830916166305542,0.4169084429740906,1.0817755460739136,0.9891822934150696,0.0,0.0
80.0,3.0,0.6093071699142456,0.39069294929504395,0.9367602467536926,0.9906323552131653,0.0,0.0,0.4126715064048767,0.5873284935951233,1.6676682233810425,0.983323335647583,0.0,0.0
80.0,4.0,0.5770106315612793,0.4229893684387207,1.0850201845169067,0.9891497492790222,0.0,0.0,0.5493102073669434,0.45068979263305664,1.0404146909713745,0.9895958304405212,0.0,0.0
81.0,0.0,0.5134782791137695,0.48652172088623047,1.2356228828430176,0.9876436591148376,0.0,0.0,0.7963423728942871,0.2036575973033905,0.4627046585083008,0.9953728914260864,0.0,0.0
81.0,1.0,0.5892192125320435,0.41078075766563416,1.0523667335510254,0.9894762635231018,0.0,0.0,0.5041986107826233,0.4958013594150543,1.169549822807312,0.9883045554161072,0.0,0.0
81.0,2.0,0.5687655210494995,0.4312345087528229,1.0751229524612427,0.9892487525939941,0.0,0.0,0.5830916166305542,0.4169084131717682,1.0817755460739136,0.9891822934150696,0.0,0.0
81.0,3.0,0.6093071103096008,0.39069294929504395,0.9367603063583374,0.9906323552131653,0.0,0.0,0.4126715362071991,0.5873284935951233,1.6676684617996216,0.9833233952522278,0.0,0.0
81.0,4.0,0.5770106911659241,0.4229893088340759,1.0850201845169067,0.989149808883667,0.0,0.0,0.5493102669715881,0.45068976283073425,1.0404146909713745,0.9895957708358765,0.0,0.0
82.0,0.0,0.5134783387184143,0.48652175068855286,1.2356228828430176,0.987643837928772,0.0,0.0,0.7963424324989319,0.2036575973033905,0.4627046585083008,0.9953729510307312,0.0,0.0
82.0,1.0,0.5892192721366882,0.41078075766563416,1.0523667335510254,0.9894763827323914,0.0,0.0,0.5041986703872681,0.4958013892173767,1.1695499420166016,0.9883045554161072,0.0,0.0
82.0,2.0,0.5687655806541443,0.4312345087528229,1.0751229524612427,0.9892487525939941,0.0,0.0,0.5830916166305542,0.4169084429740906,1.0817755460739136,0.9891823530197144,0.0,0.0
82.0,3.0,0.6093071103096008,0.39069288969039917,0.9367603063583374,0.9906322956085205,0.0,0.0,0.4126715362071991,0.5873284935951233,1.6676682233810425,0.983323335647583,0.0,0.0
82.0,4.0,0.5770106911659241,0.42298927903175354,1.0850199460983276,0.9891499876976013,0.0,0.0,0.5493102073669434,0.45068976283073425,1.0404146909713745,0.9895958304405212,0.0,0.0
83.0,0.0,0.5134782195091248,0.48652175068855286,1.2356228828430176,0.987643837928772,0.0,0.0,0.7963423728942871,0.2036575824022293,0.4627046585083008,0.9953728914260864,0.0,0.0
83.0,1.0,0.5892192125320435,0.41078075766563416,1.0523667335510254,0.9894763231277466,0.0,0.0,0.5041986107826233,0.4958013892173767,1.1695499420166016,0.9883045554161072,0.0,0.0
83.0,2.0,0.5687655806541443,0.4312345087528229,1.0751230716705322,0.9892486929893494,0.0,0.0,0.5830916166305542,0.4169084429740906,1.0817755460739136,0.9891822934150696,0.0,0.0
83.0,3.0,0.6093071103096008,0.39069288969039917,0.9367601275444031,0.9906323552131653,0.0,0.0,0.4126715362071991,0.5873284935951233,1.6676684617996216,0.983323335647583,0.0,0.0
83.0,4.0,0.5770106315612793,0.4229893684387207,1.0850201845169067,0.989149808883667,0.0,0.0,0.5493102073669434,0.45068976283073425,1.0404146909713745,0.9895958304405212,0.0,0.0
84.0,0.0,0.5134783387184143,0.48652172088623047,1.2356228828430176,0.9876437187194824,0.0,0.0,0.7963424324989319,0.2036575824022293,0.4627046585083008,0.9953729510307312,0.0,0.0
84.0,1.0,0.5892192721366882,0.41078072786331177,1.052366852760315,0.9894762635231018,0.0,0.0,0.5041986703872681,0.4958013892173767,1.169549822807312,0.9883045554161072,0.0,0.0
84.0,2.0,0.5687655210494995,0.43123453855514526,1.0751230716705322,0.9892488121986389,0.0,0.0,0.5830916166305542,0.4169084131717682,1.0817755460739136,0.9891822934150696,0.0,0.0
84.0,3.0,0.6093071103096008,0.39069294929504395,0.9367603063583374,0.9906324148178101,0.0,0.0,0.4126715064048767,0.5873285531997681,1.6676682233810425,0.983323335647583,0.0,0.0
84.0,4.0,0.5770106315612793,0.4229893386363983,1.0850200653076172,0.9891498684883118,0.0,0.0,0.5493102073669434,0.45068976283073425,1.0404146909713745,0.9895958304405212,0.0,0.0
85.0,0.0,0.5134782195091248,0.48652178049087524,1.2356228828430176,0.9876437783241272,0.0,0.0,0.7963424324989319,0.2036575973033905,0.4627046585083008,0.9953728914260864,0.0,0.0
85.0,1.0,0.589219331741333,0.41078072786331177,1.0523667335510254,0.9894762635231018,0.0,0.0,0.5041986703872681,0.4958013892173767,1.1695499420166016,0.9883044958114624,0.0,0.0
85.0,2.0,0.5687655210494995,0.43123453855514526,1.0751229524612427,0.9892487525939941,0.0,0.0,0.5830916166305542,0.4169084131717682,1.0817755460739136,0.9891822934150696,0.0,0.0
85.0,3.0,0.609307050704956,0.39069288969039917,0.9367601275444031,0.9906324148178101,0.0,0.0,0.4126715064048767,0.5873285531997681,1.6676682233810425,0.983323335647583,0.0,0.0
85.0,4.0,0.5770106315612793,0.4229893088340759,1.0850200653076172,0.989149808883667,0.0,0.0,0.5493102073669434,0.45068979263305664,1.0404146909713745,0.9895958304405212,0.0,0.0
86.0,0.0,0.5134782791137695,0.48652172088623047,1.2356228828430176,0.9876437783241272,0.0,0.0,0.7963424324989319,0.2036575824022293,0.4627046585083008,0.9953728914260864,0.0,0.0
86.0,1.0,0.589219331741333,0.41078075766563416,1.0523667335510254,0.9894763231277466,0.0,0.0,0.5041986107826233,0.4958013892173767,1.1695499420166016,0.9883045554161072,0.0,0.0
86.0,2.0,0.5687655210494995,0.43123453855514526,1.0751229524612427,0.9892487525939941,0.0,0.0,0.5830916166305542,0.4169084131717682,1.0817755460739136,0.98918217420578,0.0,0.0
86.0,3.0,0.609307050704956,0.3906928598880768,0.9367601275444031,0.9906324148178101,0.0,0.0,0.4126715064048767,0.5873284935951233,1.6676682233810425,0.9833232164382935,0.0,0.0
86.0,4.0,0.5770106911659241,0.4229893088340759,1.0850201845169067,0.9891497492790222,0.0,0.0,0.5493101477622986,0.45068976283073425,1.0404146909713745,0.9895958304405212,0.0,0.0
87.0,0.0,0.5134782791137695,0.48652172088623047,1.2356226444244385,0.9876437783241272,0.0,0.0,0.7963423728942871,0.2036575973033905,0.4627046585083008,0.9953729510307312,0.0,0.0
87.0,1.0,0.5892192721366882,0.41078072786331177,1.0523667335510254,0.9894763231277466,0.0,0.0,0.5041986107826233,0.4958013892173767,1.1695499420166016,0.9883045554161072,0.0,0.0
87.0,2.0,0.5687655210494995,0.4312345087528229,1.0751229524612427,0.9892487525939941,0.0,0.0,0.5830915570259094,0.4169084131717682,1.0817755460739136,0.9891822934150696,0.0,0.0
87.0,3.0,0.6093071699142456,0.39069288969039917,0.9367603063583374,0.9906323552131653,0.0,0.0,0.4126715064048767,0.5873284935951233,1.6676682233810425,0.983323335647583,0.0,0.0
87.0,4.0,0.5770106315612793,0.4229893684387207,1.0850201845169067,0.989149808883667,0.0,0.0,0.5493101477622986,0.45068976283073425,1.0404146909713745,0.9895958304405212,0.0,0.0
88.0,0.0,0.5134782195091248,0.48652172088623047,1.2356228828430176,0.9876437187194824,0.0,0.0,0.7963424324989319,0.2036575824022293,0.4627046585083008,0.9953728914260864,0.0,0.0
88.0,1.0,0.5892192125320435,0.41078078746795654,1.0523667335510254,0.9894763827323914,0.0,0.0,0.5041986107826233,0.4958013892173767,1.169549822807312,0.9883045554161072,0.0,0.0
88.0,2.0,0.5687654614448547,0.4312345087528229,1.0751230716705322,0.9892487525939941,0.0,0.0,0.5830916166305542,0.4169084429740906,1.0817755460739136,0.9891822934150696,0.0,0.0
88.0,3.0,0.609307050704956,0.39069288969039917,0.9367601275444031,0.9906324148178101,0.0,0.0,0.41267144680023193,0.5873284935951233,1.6676682233810425,0.9833233952522278,0.0,0.0
88.0,4.0,0.5770106911659241,0.4229893088340759,1.0850200653076172,0.989149808883667,0.0,0.0,0.5493102669715881,0.45068976283073425,1.0404146909713745,0.9895958304405212,0.0,0.0
89.0,0.0,0.5134782195091248,0.48652175068855286,1.2356226444244385,0.987643837928772,0.0,0.0,0.7963424324989319,0.2036575824022293,0.4627046585083008,0.9953729510307312,0.0,0.0
89.0,1.0,0.5892192125320435,0.41078075766563416,1.0523666143417358,0.9894763827323914,0.0,0.0,0.5041986703872681,0.4958013594150543,1.1695499420166016,0.9883044958114624,0.0,0.0
89.0,2.0,0.5687655210494995,0.4312344789505005,1.0751229524612427,0.9892487525939941,0.0,0.0,0.5830916166305542,0.4169084131717682,1.0817755460739136,0.9891822934150696,0.0,0.0
89.0,3.0,0.609307050704956,0.39069294929504395,0.9367602467536926,0.9906323552131653,0.0,0.0,0.41267144680023193,0.5873284935951233,1.6676682233810425,0.983323335647583,0.0,0.0
89.0,4.0,0.5770107507705688,0.4229893088340759,1.0850200653076172,0.9891498684883118,0.0,0.0,0.5493102669715881,0.45068979263305664,1.0404146909713745,0.9895959496498108,0.0,0.0
90.0,0.0,0.5134782195091248,0.48652175068855286,1.2356228828430176,0.9876438975334167,0.0,0.0,0.7963424324989319,0.2036575824022293,0.4627046585083008,0.9953728914260864,0.0,0.0
90.0,1.0,0.5892192125320435,0.41078075766563416,1.0523666143417358,0.9894763827323914,0.0,0.0,0.5041986107826233,0.4958014190196991,1.169549822807312,0.988304615020752,0.0,0.0
90.0,2.0,0.5687655210494995,0.4312344789505005,1.0751229524612427,0.9892488121986389,0.0,0.0,0.5830916166305542,0.4169084429740906,1.0817755460739136,0.9891822934150696,0.0,0.0
90.0,3.0,0.609307050704956,0.39069294929504395,0.9367603063583374,0.9906323552131653,0.0,0.0,0.41267144680023193,0.5873284935951233,1.6676684617996216,0.9833233952522278,0.0,0.0
90.0,4.0,0.5770107507705688,0.4229893088340759,1.0850201845169067,0.9891497492790222,0.0,0.0,0.5493102073669434,0.45068976283073425,1.0404146909713745,0.9895957708358765,0.0,0.0
91.0,0.0,0.5134782195091248,0.4865216910839081,1.2356228828430176,0.987643837928772,0.0,0.0,0.7963424324989319,0.2036575824022293,0.4627046585083008,0.9953728914260864,0.0,0.0
91.0,1.0,0.5892192721366882,0.41078072786331177,1.0523667335510254,0.9894761443138123,0.0,0.0,0.5041986703872681,0.4958013594150543,1.169549822807312,0.9883044958114624,0.0,0.0
91.0,2.0,0.5687655210494995,0.4312344789505005,1.0751230716705322,0.9892487525939941,0.0,0.0,0.5830916166305542,0.4169084429740906,1.0817755460739136,0.98918217420578,0.0,0.0
91.0,3.0,0.6093071103096008,0.3906928598880768,0.9367602467536926,0.9906323552131653,0.0,0.0,0.4126715064048767,0.5873285531997681,1.6676682233810425,0.9833233952522278,0.0,0.0
91.0,4.0,0.5770106911659241,0.4229893088340759,1.0850200653076172,0.9891497492790222,0.0,0.0,0.5493102073669434,0.45068979263305664,1.0404146909713745,0.9895959496498108,0.0,0.0
92.0,0.0,0.5134782195091248,0.48652175068855286,1.2356228828430176,0.9876437783241272,0.0,0.0,0.7963424324989319,0.2036575824022293,0.4627046585083008,0.9953728914260864,0.0,0.0
92.0,1.0,0.5892192721366882,0.41078072786331177,1.0523667335510254,0.9894763827323914,0.0,0.0,0.5041986107826233,0.4958013892173767,1.1695499420166016,0.9883044958114624,0.0,0.0
92.0,2.0,0.5687655806541443,0.4312344789505005,1.0751229524612427,0.9892487525939941,0.0,0.0,0.5830916166305542,0.4169084131717682,1.0817755460739136,0.9891822934150696,0.0,0.0
92.0,3.0,0.6093071699142456,0.3906928300857544,0.9367602467536926,0.9906323552131653,0.0,0.0,0.4126715362071991,0.5873284935951233,1.6676684617996216,0.983323335647583,0.0,0.0
92.0,4.0,0.5770107507705688,0.4229893088340759,1.0850203037261963,0.9891497492790222,0.0,0.0,0.5493102073669434,0.45068976283073425,1.0404146909713745,0.9895958304405212,0.0,0.0
93.0,0.0,0.5134782791137695,0.48652175068855286,1.2356228828430176,0.987643837928772,0.0,0.0,0.7963424324989319,0.2036575824022293,0.4627046585083008,0.9953728914260864,0.0,0.0
93.0,1.0,0.5892192125320435,0.41078075766563416,1.0523666143417358,0.9894763827323914,0.0,0.0,0.5041986703872681,0.4958013594150543,1.169549822807312,0.9883045554161072,0.0,0.0
93.0,2.0,0.5687655210494995,0.4312345087528229,1.0751229524612427,0.9892489314079285,0.0,0.0,0.5830916166305542,0.4169084429740906,1.0817755460739136,0.98918217420578,0.0,0.0
93.0,3.0,0.6093071103096008,0.39069288969039917,0.9367602467536926,0.9906323552131653,0.0,0.0,0.4126715064048767,0.5873284935951233,1.6676682233810425,0.983323335647583,0.0,0.0
93.0,4.0,0.5770106315612793,0.4229893088340759,1.0850200653076172,0.9891498684883118,0.0,0.0,0.5493102073669434,0.45068979263305664,1.0404146909713745,0.9895958304405212,0.0,0.0
94.0,0.0,0.5134782791137695,0.48652172088623047,1.2356228828430176,0.987643837928772,0.0,0.0,0.7963424324989319,0.2036575973033905,0.4627046585083008,0.9953728914260864,0.0,0.0
94.0,1.0,0.5892192721366882,0.4107806980609894,1.0523667335510254,0.9894764423370361,0.0,0.0,0.5041986703872681,0.4958013892173767,1.1695499420166016,0.9883044958114624,0.0,0.0
94.0,2.0,0.5687655210494995,0.43123453855514526,1.0751229524612427,0.9892488121986389,0.0,0.0,0.5830916166305542,0.4169084429740906,1.0817755460739136,0.98918217420578,0.0,0.0
94.0,3.0,0.6093071699142456,0.3906928598880768,0.9367602467536926,0.9906323552131653,0.0,0.0,0.4126715064048767,0.5873284935951233,1.6676684617996216,0.983323335647583,0.0,0.0
94.0,4.0,0.5770106315612793,0.4229893684387207,1.0850200653076172,0.9891498684883118,0.0,0.0,0.5493102669715881,0.45068976283073425,1.0404146909713745,0.9895958304405212,0.0,0.0
95.0,0.0,0.5134783387184143,0.48652172088623047,1.2356226444244385,0.9876437783241272,0.0,0.0,0.7963424324989319,0.2036575824022293,0.4627046585083008,0.9953728914260864,0.0,0.0
95.0,1.0,0.5892192125320435,0.41078072786331177,1.0523667335510254,0.9894763827323914,0.0,0.0,0.5041986703872681,0.4958013892173767,1.169549822807312,0.988304615020752,0.0,0.0
95.0,2.0,0.5687655210494995,0.43123453855514526,1.0751229524612427,0.9892488121986389,0.0,0.0,0.5830916166305542,0.4169084131717682,1.0817755460739136,0.98918217420578,0.0,0.0
95.0,3.0,0.609307050704956,0.39069294929504395,0.9367600679397583,0.9906324148178101,0.0,0.0,0.4126715064048767,0.5873285531997681,1.6676682233810425,0.983323335647583,0.0,0.0
95.0,4.0,0.5770106315612793,0.4229893088340759,1.0850200653076172,0.989149808883667,0.0,0.0,0.5493102669715881,0.45068976283073425,1.0404146909713745,0.9895958304405212,0.0,0.0
96.0,0.0,0.5134782791137695,0.48652172088623047,1.2356230020523071,0.9876437187194824,0.0,0.0,0.7963424324989319,0.2036575824022293,0.4627046585083008,0.9953729510307312,0.0,0.0
96.0,1.0,0.5892192125320435,0.41078078746795654,1.0523667335510254,0.9894763827323914,0.0,0.0,0.5041986703872681,0.4958013594150543,1.169549822807312,0.9883044958114624,0.0,0.0
96.0,2.0,0.5687655806541443,0.4312343895435333,1.0751229524612427,0.9892487525939941,0.0,0.0,0.5830916166305542,0.4169084131717682,1.0817755460739136,0.9891822934150696,0.0,0.0
96.0,3.0,0.609307050704956,0.39069294929504395,0.9367603063583374,0.9906323552131653,0.0,0.0,0.41267144680023193,0.5873285531997681,1.6676684617996216,0.983323335647583,0.0,0.0
96.0,4.0,0.5770106315612793,0.4229893386363983,1.0850201845169067,0.9891497492790222,0.0,0.0,0.5493102073669434,0.45068976283073425,1.0404146909713745,0.9895958304405212,0.0,0.0
97.0,0.0,0.5134783387184143,0.4865216910839081,1.2356228828430176,0.987643837928772,0.0,0.0,0.7963424324989319,0.2036575824022293,0.4627046585083008,0.9953728914260864,0.0,0.0
97.0,1.0,0.5892192721366882,0.41078072786331177,1.0523667335510254,0.9894763827323914,0.0,0.0,0.5041986107826233,0.4958013892173767,1.1695499420166016,0.9883044958114624,0.0,0.0
97.0,2.0,0.5687655210494995,0.43123453855514526,1.0751230716705322,0.9892486929893494,0.0,0.0,0.5830916166305542,0.4169084429740906,1.0817755460739136,0.9891822934150696,0.0,0.0
97.0,3.0,0.6093071699142456,0.39069294929504395,0.9367601275444031,0.9906324744224548,0.0,0.0,0.4126715064048767,0.5873284935951233,1.6676684617996216,0.9833233952522278,0.0,0.0
97.0,4.0,0.5770106315612793,0.4229893088340759,1.0850201845169067,0.989149808883667,0.0,0.0,0.5493102073669434,0.45068976283073425,1.0404146909713745,0.9895959496498108,0.0,0.0
98.0,0.0,0.5134782195091248,0.48652172088623047,1.2356228828430176,0.9876437187194824,0.0,0.0,0.7963424324989319,0.2036575824022293,0.4627046585083008,0.9953728914260864,0.0,0.0
98.0,1.0,0.5892192125320435,0.41078075766563416,1.0523667335510254,0.9894763231277466,0.0,0.0,0.5041986703872681,0.4958013594150543,1.1695499420166016,0.9883044958114624,0.0,0.0
98.0,2.0,0.5687655210494995,0.4312344789505005,1.0751229524612427,0.9892488121986389,0.0,0.0,0.5830916166305542,0.4169084131717682,1.0817755460739136,0.9891822934150696,0.0,0.0
98.0,3.0,0.609307050704956,0.39069294929504395,0.9367603063583374,0.9906324148178101,0.0,0.0,0.4126715064048767,0.5873284935951233,1.6676684617996216,0.9833232164382935,0.0,0.0
98.0,4.0,0.5770107507705688,0.42298927903175354,1.0850200653076172,0.9891497492790222,0.0,0.0,0.5493102073669434,0.45068976283073425,1.0404146909713745,0.9895958304405212,0.0,0.0
99.0,0.0,0.5134783387184143,0.48652175068855286,1.2356226444244385,0.987643837928772,0.0,0.0,0.7963424324989319,0.2036575824022293,0.4627046585083008,0.9953728914260864,0.0,0.0
99.0,1.0,0.5892192125320435,0.41078075766563416,1.0523667335510254,0.9894763827323914,0.0,0.0,0.5041986703872681,0.4958013594150543,1.1695499420166016,0.9883044958114624,0.0,0.0
99.0,2.0,0.5687655210494995,0.43123453855514526,1.0751229524612427,0.9892487525939941,0.0,0.0,0.5830916166305542,0.4169084131717682,1.0817755460739136,0.9891822934150696,0.0,0.0
99.0,3.0,0.609307050704956,0.39069294929504395,0.9367601275444031,0.9906324148178101,0.0,0.0,0.4126715064048767,0.5873284935951233,1.6676684617996216,0.983323335647583,0.0,0.0
99.0,4.0,0.5770106911659241,0.4229893088340759,1.0850201845169067,0.9891497492790222,0.0,0.0,0.5493102073669434,0.45068976283073425,1.0404146909713745,0.9895958304405212,0.0,0.0
100.0,0.0,0.5134782791137695,0.48652175068855286,1.2356228828430176,0.9876437783241272,0.0,0.0,0.7963424324989319,0.2036575973033905,0.4627046585083008,0.9953728914260864,0.0,0.0
100.0,1.0,0.5892192721366882,0.4107806980609894,1.0523667335510254,0.9894763231277466,0.0,0.0,0.5041986107826233,0.4958013892173767,1.1695499420166016,0.9883045554161072,0.0,0.0
100.0,2.0,0.5687654614448547,0.43123456835746765,1.0751230716705322,0.9892488121986389,0.0,0.0,0.5830915570259094,0.4169084131717682,1.0817755460739136,0.98918217420578,0.0,0.0
100.0,3.0,0.609307050704956,0.39069294929504395,0.9367602467536926,0.9906324148178101,0.0,0.0,0.4126715064048767,0.5873284935951233,1.6676682233810425,0.9833233952522278,0.0,0.0
100.0,4.0,0.5770107507705688,0.4229893386363983,1.0850200653076172,0.989149808883667,0.0,0.0,0.5493102073669434,0.45068976283073425,1.0404146909713745,0.9895958304405212,0.0,0.0
101.0,0.0,0.5134782195091248,0.48652178049087524,1.2356228828430176,0.987643837928772,0.0,0.0,0.7963423728942871,0.2036575973033905,0.4627046585083008,0.9953729510307312,0.0,0.0
101.0,1.0,0.5892192125320435,0.41078075766563416,1.0523667335510254,0.9894763231277466,0.0,0.0,0.5041986107826233,0.4958013892173767,1.1695499420166016,0.9883044958114624,0.0,0.0
101.0,2.0,0.5687655210494995,0.4312344789505005,1.0751230716705322,0.9892486929893494,0.0,0.0,0.5830915570259094,0.4169084131717682,1.0817755460739136,0.9891822934150696,0.0,0.0
101.0,3.0,0.6093071103096008,0.39069294929504395,0.9367601275444031,0.9906324744224548,0.0,0.0,0.4126715064048767,0.5873284935951233,1.6676684617996216,0.983323335647583,0.0,0.0
101.0,4.0,0.5770107507705688,0.4229893386363983,1.0850201845169067,0.9891497492790222,0.0,0.0,0.5493102073669434,0.45068979263305664,1.0404146909713745,0.9895959496498108,0.0,0.0
102.0,0.0,0.5134782195091248,0.48652175068855286,1.2356228828430176,0.9876437783241272,0.0,0.0,0.7963424324989319,0.2036575824022293,0.4627046585083008,0.9953728914260864,0.0,0.0
102.0,1.0,0.5892192125320435,0.41078075766563416,1.0523667335510254,0.9894762635231018,0.0,0.0,0.5041986703872681,0.4958013892173767,1.1695499420166016,0.9883045554161072,0.0,0.0
102.0,2.0,0.5687654614448547,0.43123453855514526,1.0751230716705322,0.9892486929893494,0.0,0.0,0.5830916166305542,0.4169084429740906,1.0817755460739136,0.9891822934150696,0.0,0.0
102.0,3.0,0.6093071103096008,0.39069288969039917,0.9367600679397583,0.9906324744224548,0.0,0.0,0.4126715064048767,0.5873284935951233,1.6676682233810425,0.9833233952522278,0.0,0.0
102.0,4.0,0.5770106315612793,0.4229893386363983,1.0850200653076172,0.9891498684883118,0.0,0.0,0.5493102073669434,0.45068976283073425,1.0404146909713745,0.9895958304405212,0.0,0.0
103.0,0.0,0.5134782195091248,0.48652175068855286,1.2356228828430176,0.987643837928772,0.0,0.0,0.7963423728942871,0.2036575973033905,0.4627046585083008,0.9953728914260864,0.0,0.0
103.0,1.0,0.5892192721366882,0.4107806980609894,1.0523664951324463,0.9894764423370361,0.0,0.0,0.5041986703872681,0.4958013892173767,1.169549822807312,0.9883044958114624,0.0,0.0
103.0,2.0,0.5687655210494995,0.4312344789505005,1.0751230716705322,0.9892486929893494,0.0,0.0,0.5830916166305542,0.4169084131717682,1.0817755460739136,0.98918217420578,0.0,0.0
103.0,3.0,0.609307050704956,0.39069294929504395,0.9367603063583374,0.9906324148178101,0.0,0.0,0.4126715064048767,0.5873284935951233,1.6676684617996216,0.9833233952522278,0.0,0.0
103.0,4.0,0.5770106315612793,0.4229893088340759,1.0850200653076172,0.989149808883667,0.0,0.0,0.5493102073669434,0.45068979263305664,1.0404146909713745,0.9895958304405212,0.0,0.0
104.0,0.0,0.5134782195091248,0.48652175068855286,1.2356228828430176,0.987643837928772,0.0,0.0,0.7963424324989319,0.2036575973033905,0.4627046585083008,0.9953728914260864,0.0,0.0
104.0,1.0,0.5892192721366882,0.41078072786331177,1.0523667335510254,0.9894763231277466,0.0,0.0,0.5041986107826233,0.4958013892173767,1.1695499420166016,0.9883045554161072,0.0,0.0
104.0,2.0,0.5687655210494995,0.4312344789505005,1.0751229524612427,0.9892488121986389,0.0,0.0,0.5830916166305542,0.4169084131717682,1.0817755460739136,0.9891822934150696,0.0,0.0
104.0,3.0,0.609307050704956,0.39069294929504395,0.9367601275444031,0.9906324148178101,0.0,0.0,0.41267144680023193,0.5873284935951233,1.6676684617996216,0.9833233952522278,0.0,0.0
104.0,4.0,0.5770106315612793,0.4229893684387207,1.0850200653076172,0.9891499876976013,0.0,0.0,0.5493102669715881,0.45068976283073425,1.0404146909713745,0.9895957708358765,0.0,0.0
105.0,0.0,0.5134782791137695,0.48652175068855286,1.2356230020523071,0.9876437187194824,0.0,0.0,0.7963424324989319,0.2036575824022293,0.4627046585083008,0.9953729510307312,0.0,0.0
105.0,1.0,0.5892192125320435,0.41078072786331177,1.0523666143417358,0.9894763827323914,0.0,0.0,0.5041986107826233,0.4958013892173767,1.1695499420166016,0.9883045554161072,0.0,0.0
105.0,2.0,0.5687655210494995,0.4312343895435333,1.0751229524612427,0.9892488121986389,0.0,0.0,0.5830916166305542,0.4169084429740906,1.0817755460739136,0.9891822934150696,0.0,0.0
105.0,3.0,0.6093071103096008,0.39069294929504395,0.9367602467536926,0.9906324148178101,0.0,0.0,0.4126715064048767,0.5873284935951233,1.6676682233810425,0.9833232164382935,0.0,0.0
105.0,4.0,0.5770106911659241,0.4229893386363983,1.0850200653076172,0.9891497492790222,0.0,0.0,0.5493102073669434,0.45068976283073425,1.0404146909713745,0.9895958304405212,0.0,0.0
106.0,0.0,0.5134783387184143,0.48652175068855286,1.2356228828430176,0.987643837928772,0.0,0.0,0.7963424324989319,0.2036575824022293,0.4627046585083008,0.9953728914260864,0.0,0.0
106.0,1.0,0.5892192721366882,0.41078072786331177,1.0523666143417358,0.9894763827323914,0.0,0.0,0.5041986703872681,0.4958013594150543,1.1695499420166016,0.9883045554161072,0.0,0.0
106.0,2.0,0.5687655210494995,0.4312345087528229,1.0751230716705322,0.9892486929893494,0.0,0.0,0.5830916166305542,0.4169084131717682,1.0817755460739136,0.9891822934150696,0.0,0.0
106.0,3.0,0.6093071103096008,0.39069294929504395,0.9367601275444031,0.9906324148178101,0.0,0.0,0.4126715064048767,0.5873284935951233,1.6676682233810425,0.983323335647583,0.0,0.0
106.0,4.0,0.5770106911659241,0.42298927903175354,1.0850200653076172,0.989149808883667,0.0,0.0,0.5493102073669434,0.45068979263305664,1.0404146909713745,0.9895959496498108,0.0,0.0
107.0,0.0,0.5134782195091248,0.48652175068855286,1.2356228828430176,0.987643837928772,0.0,0.0,0.7963424324989319,0.2036575824022293,0.4627046585083008,0.9953728914260864,0.0,0.0
107.0,1.0,0.5892192721366882,0.41078075766563416,1.0523667335510254,0.9894763231277466,0.0,0.0,0.5041986703872681,0.4958013594150543,1.1695499420166016,0.9883044958114624,0.0,0.0
107.0,2.0,0.5687655210494995,0.4312345087528229,1.0751230716705322,0.9892486929893494,0.0,0.0,0.5830916166305542,0.4169084131717682,1.0817755460739136,0.9891822934150696,0.0,0.0
107.0,3.0,0.6093069314956665,0.3906928300857544,0.9367603063583374,0.9906323552131653,0.0,0.0,0.4126715064048767,0.5873284935951233,1.6676682233810425,0.983323335647583,0.0,0.0
107.0,4.0,0.5770106911659241,0.4229893386363983,1.0850201845169067,0.9891497492790222,0.0,0.0,0.5493102073669434,0.45068976283073425,1.0404146909713745,0.9895958304405212,0.0,0.0
108.0,0.0,0.5134782195091248,0.48652175068855286,1.2356228828430176,0.9876437783241272,0.0,0.0,0.7963423728942871,0.2036575973033905,0.4627046585083008,0.9953728914260864,0.0,0.0
108.0,1.0,0.5892192125320435,0.41078075766563416,1.0523667335510254,0.9894763231277466,0.0,0.0,0.5041986107826233,0.4958013892173767,1.1695499420166016,0.9883045554161072,0.0,0.0
108.0,2.0,0.5687655210494995,0.4312344193458557,1.0751229524612427,0.9892487525939941,0.0,0.0,0.5830915570259094,0.4169084429740906,1.0817755460739136,0.9891822934150696,0.0,0.0
108.0,3.0,0.609307050704956,0.39069288969039917,0.9367601275444031,0.9906324148178101,0.0,0.0,0.4126715064048767,0.5873284935951233,1.6676682233810425,0.983323335647583,0.0,0.0
108.0,4.0,0.5770106315612793,0.4229893088340759,1.0850200653076172,0.989149808883667,0.0,0.0,0.5493102073669434,0.45068976283073425,1.0404146909713745,0.9895957708358765,0.0,0.0
109.0,0.0,0.5134782195091248,0.48652175068855286,1.2356228828430176,0.9876437783241272,0.0,0.0,0.7963424324989319,0.2036575973033905,0.4627046585083008,0.9953728914260864,0.0,0.0
109.0,1.0,0.5892192125320435,0.41078075766563416,1.0523666143417358,0.9894763827323914,0.0,0.0,0.5041986107826233,0.4958013892173767,1.1695499420166016,0.9883044958114624,0.0,0.0
109.0,2.0,0.5687655210494995,0.4312344789505005,1.0751230716705322,0.9892486929893494,0.0,0.0,0.5830916166305542,0.4169084131717682,1.0817755460739136,0.98918217420578,0.0,0.0
109.0,3.0,0.6093071103096008,0.3906928598880768,0.9367602467536926,0.9906324148178101,0.0,0.0,0.41267144680023193,0.5873284935951233,1.6676682233810425,0.9833232164382935,0.0,0.0
109.0,4.0,0.5770106315612793,0.4229893386363983,1.0850200653076172,0.989149808883667,0.0,0.0,0.5493102073669434,0.45068976283073425,1.0404146909713745,0.9895959496498108,0.0,0.0
110.0,0.0,0.51347815990448,0.48652178049087524,1.2356228828430176,0.9876437783241272,0.0,0.0,0.7963424324989319,0.2036575824022293,0.4627046585083008,0.9953728914260864,0.0,0.0
110.0,1.0,0.5892192125320435,0.41078075766563416,1.0523667335510254,0.9894763231277466,0.0,0.0,0.5041986107826233,0.4958013892173767,1.169549822807312,0.9883044958114624,0.0,0.0
110.0,2.0,0.5687654614448547,0.4312344789505005,1.0751229524612427,0.9892486929893494,0.0,0.0,0.5830916166305542,0.4169084131717682,1.0817755460739136,0.98918217420578,0.0,0.0
110.0,3.0,0.6093071699142456,0.3906928598880768,0.9367602467536926,0.9906325340270996,0.0,0.0,0.4126715362071991,0.5873284935951233,1.6676682233810425,0.983323335647583,0.0,0.0
110.0,4.0,0.5770107507705688,0.4229893684387207,1.0850201845169067,0.9891497492790222,0.0,0.0,0.5493102073669434,0.45068976283073425,1.0404146909713745,0.9895958304405212,0.0,0.0
111.0,0.0,0.5134782791137695,0.48652172088623047,1.2356228828430176,0.9876437783241272,0.0,0.0,0.7963424324989319,0.2036575824022293,0.4627046585083008,0.9953729510307312,0.0,0.0
111.0,1.0,0.5892192721366882,0.41078075766563416,1.0523666143417358,0.9894763827323914,0.0,0.0,0.5041986703872681,0.4958013594150543,1.1695499420166016,0.9883045554161072,0.0,0.0
111.0,2.0,0.5687655210494995,0.4312345087528229,1.0751229524612427,0.9892487525939941,0.0,0.0,0.5830916166305542,0.4169084131717682,1.0817755460739136,0.9891822934150696,0.0,0.0
111.0,3.0,0.609307050704956,0.3906928598880768,0.9367602467536926,0.9906324148178101,0.0,0.0,0.4126715064048767,0.5873284935951233,1.6676682233810425,0.983323335647583,0.0,0.0
111.0,4.0,0.5770106315612793,0.4229893088340759,1.0850201845169067,0.9891497492790222,0.0,0.0,0.5493102669715881,0.45068976283073425,1.0404146909713745,0.9895958304405212,0.0,0.0
112.0,0.0,0.51347815990448,0.48652178049087524,1.2356228828430176,0.9876437783241272,0.0,0.0,0.7963423728942871,0.2036575973033905,0.4627046585083008,0.9953729510307312,0.0,0.0
112.0,1.0,0.5892192125320435,0.41078072786331177,1.0523666143417358,0.9894763827323914,0.0,0.0,0.5041986107826233,0.4958014190196991,1.1695499420166016,0.9883045554161072,0.0,0.0
112.0,2.0,0.5687655210494995,0.4312345087528229,1.0751229524612427,0.9892488121986389,0.0,0.0,0.5830916166305542,0.4169084131717682,1.0817755460739136,0.9891822934150696,0.0,0.0
112.0,3.0,0.6093071103096008,0.3906928598880768,0.9367601275444031,0.9906324148178101,0.0,0.0,0.41267144680023193,0.5873285531997681,1.6676682233810425,0.983323335647583,0.0,0.0
112.0,4.0,0.5770107507705688,0.4229893088340759,1.0850201845169067,0.989149808883667,0.0,0.0,0.5493102073669434,0.45068976283073425,1.0404146909713745,0.9895958304405212,0.0,0.0
113.0,0.0,0.5134782195091248,0.48652172088623047,1.2356228828430176,0.9876437783241272,0.0,0.0,0.7963424324989319,0.2036575824022293,0.4627046585083008,0.9953728914260864,0.0,0.0
113.0,1.0,0.5892192125320435,0.41078075766563416,1.0523666143417358,0.9894763827323914,0.0,0.0,0.5041986703872681,0.4958013892173767,1.1695499420166016,0.9883044958114624,0.0,0.0
113.0,2.0,0.5687654614448547,0.4312345087528229,1.0751229524612427,0.9892488121986389,0.0,0.0,0.5830915570259094,0.4169084429740906,1.0817755460739136,0.98918217420578,0.0,0.0
113.0,3.0,0.6093071103096008,0.39069288969039917,0.9367602467536926,0.9906323552131653,0.0,0.0,0.4126715064048767,0.5873284935951233,1.6676682233810425,0.983323335647583,0.0,0.0
113.0,4.0,0.5770106911659241,0.4229893088340759,1.0850200653076172,0.989149808883667,0.0,0.0,0.5493102073669434,0.45068976283073425,1.0404146909713745,0.9895957708358765,0.0,0.0
114.0,0.0,0.5134782195091248,0.48652178049087524,1.2356226444244385,0.987643837928772,0.0,0.0,0.7963423728942871,0.2036575824022293,0.4627046585083008,0.9953728914260864,0.0,0.0
114.0,1.0,0.589219331741333,0.4107806980609894,1.0523666143417358,0.9894764423370361,0.0,0.0,0.5041986107826233,0.4958013892173767,1.169549822807312,0.9883045554161072,0.0,0.0
114.0,2.0,0.5687655806541443,0.4312345087528229,1.0751229524612427,0.9892488121986389,0.0,0.0,0.5830916166305542,0.4169084131717682,1.0817755460739136,0.9891822934150696,0.0,0.0
114.0,3.0,0.6093071103096008,0.39069288969039917,0.9367601275444031,0.9906324148178101,0.0,0.0,0.41267144680023193,0.5873285531997681,1.6676682233810425,0.9833233952522278,0.0,0.0
114.0,4.0,0.5770107507705688,0.42298927903175354,1.0850200653076172,0.9891497492790222,0.0,0.0,0.5493102073669434,0.45068979263305664,1.0404146909713745,0.9895958304405212,0.0,0.0
115.0,0.0,0.5134782195091248,0.48652175068855286,1.2356230020523071,0.9876437783241272,0.0,0.0,0.7963424324989319,0.2036575824022293,0.4627046585083008,0.9953729510307312,0.0,0.0
115.0,1.0,0.5892192125320435,0.41078072786331177,1.0523667335510254,0.9894762635231018,0.0,0.0,0.5041986107826233,0.4958013594150543,1.169549822807312,0.9883044958114624,0.0,0.0
115.0,2.0,0.5687655210494995,0.43123453855514526,1.0751230716705322,0.9892487525939941,0.0,0.0,0.5830915570259094,0.4169084131717682,1.0817755460739136,0.9891822934150696,0.0,0.0
115.0,3.0,0.609307050704956,0.3906928598880768,0.9367602467536926,0.9906324148178101,0.0,0.0,0.4126715064048767,0.5873285531997681,1.6676682233810425,0.9833232164382935,0.0,0.0
115.0,4.0,0.5770107507705688,0.4229893088340759,1.0850200653076172,0.9891498684883118,0.0,0.0,0.5493102669715881,0.45068976283073425,1.0404146909713745,0.9895958304405212,0.0,0.0
116.0,0.0,0.5134782195091248,0.48652184009552,1.2356228828430176,0.9876437783241272,0.0,0.0,0.7963424324989319,0.2036575824022293,0.4627046585083008,0.9953729510307312,0.0,0.0
116.0,1.0,0.5892192721366882,0.41078072786331177,1.0523667335510254,0.9894762635231018,0.0,0.0,0.5041986703872681,0.4958013594150543,1.1695499420166016,0.9883044958114624,0.0,0.0
116.0,2.0,0.5687655210494995,0.4312344789505005,1.0751230716705322,0.9892487525939941,0.0,0.0,0.5830916166305542,0.4169084429740906,1.0817755460739136,0.9891822934150696,0.0,0.0
116.0,3.0,0.6093071103096008,0.39069288969039917,0.9367601275444031,0.9906324148178101,0.0,0.0,0.4126715064048767,0.5873284935951233,1.6676684617996216,0.9833233952522278,0.0,0.0
116.0,4.0,0.5770106911659241,0.4229893088340759,1.0850200653076172,0.989149808883667,0.0,0.0,0.5493102073669434,0.45068976283073425,1.0404146909713745,0.9895958304405212,0.0,0.0
117.0,0.0,0.5134782791137695,0.48652175068855286,1.2356228828430176,0.9876436591148376,0.0,0.0,0.7963424324989319,0.2036575824022293,0.4627046585083008,0.9953729510307312,0.0,0.0
117.0,1.0,0.589219331741333,0.410780668258667,1.0523667335510254,0.9894763231277466,0.0,0.0,0.5041986703872681,0.4958013892173767,1.169549822807312,0.9883045554161072,0.0,0.0
117.0,2.0,0.5687655806541443,0.4312344193458557,1.0751229524612427,0.9892486929893494,0.0,0.0,0.5830916166305542,0.4169084131717682,1.0817755460739136,0.98918217420578,0.0,0.0
117.0,3.0,0.6093071103096008,0.39069294929504395,0.9367602467536926,0.9906324744224548,0.0,0.0,0.4126715064048767,0.5873284935951233,1.6676682233810425,0.983323335647583,0.0,0.0
117.0,4.0,0.5770107507705688,0.4229893386363983,1.0850201845169067,0.989149808883667,0.0,0.0,0.5493102669715881,0.45068976283073425,1.0404146909713745,0.9895958304405212,0.0,0.0
118.0,0.0,0.5134782791137695,0.48652175068855286,1.2356230020523071,0.9876437187194824,0.0,0.0,0.7963424324989319,0.2036575824022293,0.4627046585083008,0.9953728914260864,0.0,0.0
118.0,1.0,0.5892192125320435,0.41078075766563416,1.0523667335510254,0.9894763231277466,0.0,0.0,0.5041986107826233,0.4958013892173767,1.1695499420166016,0.9883045554161072,0.0,0.0
118.0,2.0,0.5687655210494995,0.4312345087528229,1.0751230716705322,0.9892487525939941,0.0,0.0,0.5830916166305542,0.4169084131717682,1.0817755460739136,0.9891822934150696,0.0,0.0
118.0,3.0,0.6093071103096008,0.39069288969039917,0.9367602467536926,0.9906323552131653,0.0,0.0,0.4126715362071991,0.5873284935951233,1.6676682233810425,0.9833233952522278,0.0,0.0
118.0,4.0,0.5770106911659241,0.4229893386363983,1.0850201845169067,0.9891497492790222,0.0,0.0,0.5493102669715881,0.45068979263305664,1.0404146909713745,0.9895958304405212,0.0,0.0
119.0,0.0,0.5134782195091248,0.48652172088623047,1.2356230020523071,0.9876437187194824,0.0,0.0,0.7963424324989319,0.2036575824022293,0.4627046585083008,0.9953729510307312,0.0,0.0
119.0,1.0,0.5892192125320435,0.41078075766563416,1.0523667335510254,0.9894763827323914,0.0,0.0,0.5041986107826233,0.4958013892173767,1.169549822807312,0.9883044958114624,0.0,0.0
119.0,2.0,0.5687655210494995,0.43123453855514526,1.0751229524612427,0.9892487525939941,0.0,0.0,0.5830916166305542,0.4169084429740906,1.0817755460739136,0.9891822934150696,0.0,0.0
119.0,3.0,0.6093071103096008,0.39069288969039917,0.9367601275444031,0.9906324148178101,0.0,0.0,0.4126715362071991,0.5873284935951233,1.6676684617996216,0.9833232164382935,0.0,0.0
119.0,4.0,0.5770106315612793,0.4229893684387207,1.0850200653076172,0.989149808883667,0.0,0.0,0.5493102669715881,0.45068976283073425,1.0404146909713745,0.9895957708358765,0.0,0.0
120.0,0.0,0.5134782195091248,0.48652175068855286,1.2356228828430176,0.9876437783241272,0.0,0.0,0.7963424324989319,0.2036575824022293,0.4627046585083008,0.9953729510307312,0.0,0.0
120.0,1.0,0.5892192125320435,0.41078078746795654,1.0523667335510254,0.9894763827323914,0.0,0.0,0.5041986703872681,0.4958013892173767,1.1695499420166016,0.9883044958114624,0.0,0.0
120.0,2.0,0.5687654614448547,0.4312345087528229,1.0751230716705322,0.9892486929893494,0.0,0.0,0.5830916166305542,0.4169084131717682,1.0817755460739136,0.9891822934150696,0.0,0.0
120.0,3.0,0.609307050704956,0.39069288969039917,0.9367603063583374,0.9906322956085205,0.0,0.0,0.4126715064048767,0.5873284935951233,1.6676682233810425,0.983323335647583,0.0,0.0
120.0,4.0,0.5770106315612793,0.4229893684387207,1.0850200653076172,0.9891498684883118,0.0,0.0,0.5493102073669434,0.45068976283073425,1.0404146909713745,0.9895958304405212,0.0,0.0
121.0,0.0,0.5134782791137695,0.48652172088623047,1.2356228828430176,0.987643837928772,0.0,0.0,0.7963424324989319,0.2036575824022293,0.4627046585083008,0.9953728914260864,0.0,0.0
121.0,1.0,0.5892192721366882,0.41078072786331177,1.0523667335510254,0.9894763231277466,0.0,0.0,0.5041986107826233,0.4958013892173767,1.1695499420166016,0.9883044958114624,0.0,0.0
121.0,2.0,0.5687655210494995,0.4312345087528229,1.0751230716705322,0.9892486929893494,0.0,0.0,0.5830916166305542,0.4169084131717682,1.0817755460739136,0.9891822934150696,0.0,0.0
121.0,3.0,0.6093071103096008,0.39069294929504395,0.9367601275444031,0.9906324744224548,0.0,0.0,0.4126715064048767,0.5873285531997681,1.6676684617996216,0.9833232164382935,0.0,0.0
121.0,4.0,0.5770106911659241,0.4229893386363983,1.0850201845169067,0.9891497492790222,0.0,0.0,0.5493102073669434,0.45068979263305664,1.0404146909713745,0.9895958304405212,0.0,0.0
122.0,0.0,0.51347815990448,0.48652184009552,1.2356228828430176,0.9876437783241272,0.0,0.0,0.7963424324989319,0.2036575973033905,0.4627046585083008,0.9953728914260864,0.0,0.0
122.0,1.0,0.5892192125320435,0.41078075766563416,1.0523667335510254,0.9894763231277466,0.0,0.0,0.5041986703872681,0.4958013892173767,1.1695499420166016,0.9883044958114624,0.0,0.0
122.0,2.0,0.5687655210494995,0.4312345087528229,1.0751230716705322,0.9892486929893494,0.0,0.0,0.5830916166305542,0.4169084131717682,1.0817755460739136,0.9891822934150696,0.0,0.0
122.0,3.0,0.609307050704956,0.39069297909736633,0.9367603063583374,0.9906322956085205,0.0,0.0,0.4126715064048767,0.5873285531997681,1.6676684617996216,0.983323335647583,0.0,0.0
122.0,4.0,0.5770106911659241,0.42298927903175354,1.0850200653076172,0.989149808883667,0.0,0.0,0.5493102073669434,0.45068976283073425,1.0404146909713745,0.9895958304405212,0.0,0.0
123.0,0.0,0.5134782195091248,0.48652178049087524,1.2356228828430176,0.987643837928772,0.0,0.0,0.7963424324989319,0.2036575824022293,0.4627046585083008,0.9953728914260864,0.0,0.0
123.0,1.0,0.5892192721366882,0.41078078746795654,1.0523667335510254,0.9894762635231018,0.0,0.0,0.5041986703872681,0.4958013892173767,1.1695499420166016,0.9883044958114624,0.0,0.0
123.0,2.0,0.5687655210494995,0.4312344789505005,1.0751229524612427,0.9892487525939941,0.0,0.0,0.5830916166305542,0.4169084131717682,1.0817755460739136,0.9891822934150696,0.0,0.0
123.0,3.0,0.6093071699142456,0.39069288969039917,0.9367602467536926,0.9906323552131653,0.0,0.0,0.4126715362071991,0.5873284935951233,1.6676682233810425,0.983323335647583,0.0,0.0
123.0,4.0,0.5770106911659241,0.4229893386363983,1.0850201845169067,0.989149808883667,0.0,0.0,0.5493102669715881,0.45068976283073425,1.0404146909713745,0.9895957708358765,0.0,0.0
124.0,0.0,0.5134783387184143,0.48652172088623047,1.2356228828430176,0.9876437783241272,0.0,0.0,0.7963424324989319,0.2036575824022293,0.4627046585083008,0.9953729510307312,0.0,0.0
124.0,1.0,0.5892192125320435,0.41078078746795654,1.0523666143417358,0.9894764423370361,0.0,0.0,0.5041986703872681,0.4958013594150543,1.1695499420166016,0.9883044958114624,0.0,0.0
124.0,2.0,0.5687655210494995,0.4312344789505005,1.0751230716705322,0.9892487525939941,0.0,0.0,0.5830916166305542,0.4169084131717682,1.0817755460739136,0.98918217420578,0.0,0.0
124.0,3.0,0.6093069314956665,0.39069288969039917,0.9367601275444031,0.9906324148178101,0.0,0.0,0.41267144680023193,0.5873284935951233,1.6676682233810425,0.983323335647583,0.0,0.0
124.0,4.0,0.5770107507705688,0.42298927903175354,1.0850200653076172,0.9891498684883118,0.0,0.0,0.5493102073669434,0.45068976283073425,1.0404146909713745,0.9895958304405212,0.0,0.0
125.0,0.0,0.5134782791137695,0.4865216910839081,1.2356228828430176,0.9876437783241272,0.0,0.0,0.7963424324989319,0.2036575824022293,0.4627046585083008,0.9953728914260864,0.0,0.0
125.0,1.0,0.589219331741333,0.41078072786331177,1.0523667335510254,0.9894762635231018,0.0,0.0,0.5041986107826233,0.4958013892173767,1.169549822807312,0.9883045554161072,0.0,0.0
125.0,2.0,0.5687655210494995,0.4312344193458557,1.0751230716705322,0.9892486333847046,0.0,0.0,0.5830916166305542,0.4169084429740906,1.0817755460739136,0.9891822934150696,0.0,0.0
125.0,3.0,0.6093071699142456,0.39069297909736633,0.9367601275444031,0.9906324744224548,0.0,0.0,0.41267144680023193,0.5873284935951233,1.6676684617996216,0.983323335647583,0.0,0.0
125.0,4.0,0.5770106315612793,0.4229893088340759,1.0850200653076172,0.989149808883667,0.0,0.0,0.5493102073669434,0.45068976283073425,1.0404146909713745,0.9895958304405212,0.0,0.0
126.0,0.0,0.5134782195091248,0.48652175068855286,1.2356228828430176,0.9876437187194824,0.0,0.0,0.7963424324989319,0.2036575824022293,0.4627046585083008,0.9953728914260864,0.0,0.0
126.0,1.0,0.589219331741333,0.41078072786331177,1.0523667335510254,0.9894762635231018,0.0,0.0,0.5041986703872681,0.4958013892173767,1.1695499420166016,0.9883045554161072,0.0,0.0
126.0,2.0,0.5687655806541443,0.4312344789505005,1.0751229524612427,0.9892487525939941,0.0,0.0,0.5830916166305542,0.4169084131717682,1.0817755460739136,0.98918217420578,0.0,0.0
126.0,3.0,0.609307050704956,0.39069288969039917,0.9367602467536926,0.9906324148178101,0.0,0.0,0.4126715064048767,0.5873284935951233,1.6676682233810425,0.983323335647583,0.0,0.0
126.0,4.0,0.5770106911659241,0.4229893386363983,1.0850201845169067,0.9891496896743774,0.0,0.0,0.5493102073669434,0.45068976283073425,1.0404146909713745,0.9895958304405212,0.0,0.0
127.0,0.0,0.5134782195091248,0.48652178049087524,1.2356228828430176,0.987643837928772,0.0,0.0,0.7963424324989319,0.2036575824022293,0.4627046585083008,0.9953728914260864,0.0,0.0
127.0,1.0,0.589219331741333,0.41078072786331177,1.0523667335510254,0.9894763231277466,0.0,0.0,0.5041986703872681,0.4958014190196991,1.169549822807312,0.9883045554161072,0.0,0.0
127.0,2.0,0.5687655806541443,0.4312344789505005,1.0751229524612427,0.9892486929893494,0.0,0.0,0.5830915570259094,0.4169084131717682,1.0817755460739136,0.9891822934150696,0.0,0.0
127.0,3.0,0.6093071699142456,0.3906928598880768,0.9367601275444031,0.9906324148178101,0.0,0.0,0.4126715064048767,0.5873284935951233,1.6676684617996216,0.983323335647583,0.0,0.0
127.0,4.0,0.5770106315612793,0.4229893088340759,1.0850200653076172,0.989149808883667,0.0,0.0,0.5493102669715881,0.45068976283073425,1.0404146909713745,0.9895957708358765,0.0,0.0
128.0,0.0,0.5134783387184143,0.48652172088623047,1.2356228828430176,0.987643837928772,0.0,0.0,0.7963423728942871,0.2036575973033905,0.4627046585083008,0.9953728914260864,0.0,0.0
128.0,1.0,0.5892192125320435,0.41078075766563416,1.0523667335510254,0.9894763231277466,0.0,0.0,0.5041986107826233,0.4958014190196991,1.1695499420166016,0.9883045554161072,0.0,0.0
128.0,2.0,0.5687655210494995,0.4312344789505005,1.0751230716705322,0.9892486929893494,0.0,0.0,0.5830915570259094,0.4169084131717682,1.0817755460739136,0.9891822934150696,0.0,0.0
128.0,3.0,0.609307050704956,0.39069288969039917,0.9367601275444031,0.9906324148178101,0.0,0.0,0.4126715064048767,0.5873284935951233,1.6676682233810425,0.9833232164382935,0.0,0.0
128.0,4.0,0.5770106911659241,0.4229893386363983,1.0850201845169067,0.989149808883667,0.0,0.0,0.5493102073669434,0.45068979263305664,1.0404146909713745,0.9895958304405212,0.0,0.0
129.0,0.0,0.5134782195091248,0.48652178049087524,1.2356230020523071,0.9876437187194824,0.0,0.0,0.7963424324989319,0.2036575973033905,0.4627046585083008,0.9953729510307312,0.0,0.0
129.0,1.0,0.5892192125320435,0.41078075766563416,1.0523667335510254,0.9894764423370361,0.0,0.0,0.5041986703872681,0.4958013594150543,1.169549822807312,0.9883045554161072,0.0,0.0
129.0,2.0,0.5687655210494995,0.4312345087528229,1.0751230716705322,0.9892487525939941,0.0,0.0,0.5830916166305542,0.4169084429740906,1.0817755460739136,0.9891822934150696,0.0,0.0
129.0,3.0,0.609307050704956,0.39069288969039917,0.9367602467536926,0.9906324148178101,0.0,0.0,0.41267144680023193,0.5873284935951233,1.6676684617996216,0.983323335647583,0.0,0.0
129.0,4.0,0.5770107507705688,0.4229893088340759,1.0850200653076172,0.989149808883667,0.0,0.0,0.5493102669715881,0.45068976283073425,1.0404146909713745,0.9895958304405212,0.0,0.0
130.0,0.0,0.5134782195091248,0.48652175068855286,1.2356228828430176,0.987643837928772,0.0,0.0,0.7963424324989319,0.2036575824022293,0.4627046585083008,0.9953728914260864,0.0,0.0
130.0,1.0,0.5892192721366882,0.4107806980609894,1.0523667335510254,0.9894763231277466,0.0,0.0,0.5041986703872681,0.4958013892173767,1.1695499420166016,0.9883045554161072,0.0,0.0
130.0,2.0,0.56876540184021,0.43123453855514526,1.0751229524612427,0.9892486929893494,0.0,0.0,0.5830916166305542,0.4169084131717682,1.0817755460739136,0.9891822934150696,0.0,0.0
130.0,3.0,0.6093071103096008,0.39069294929504395,0.9367601275444031,0.9906324744224548,0.0,0.0,0.4126715064048767,0.5873284935951233,1.6676682233810425,0.983323335647583,0.0,0.0
130.0,4.0,0.5770106911659241,0.4229893386363983,1.0850200653076172,0.989149808883667,0.0,0.0,0.5493102073669434,0.45068976283073425,1.0404146909713745,0.9895958304405212,0.0,0.0
131.0,0.0,0.5134782195091248,0.48652178049087524,1.2356228828430176,0.9876437783241272,0.0,0.0,0.7963424324989319,0.2036575824022293,0.4627046585083008,0.9953729510307312,0.0,0.0
131.0,1.0,0.5892191529273987,0.4107806980609894,1.0523667335510254,0.9894763827323914,0.0,0.0,0.5041986107826233,0.4958013892173767,1.169549822807312,0.9883044958114624,0.0,0.0
131.0,2.0,0.5687654614448547,0.43123453855514526,1.0751230716705322,0.9892487525939941,0.0,0.0,0.5830915570259094,0.4169084131717682,1.0817755460739136,0.9891822934150696,0.0,0.0
131.0,3.0,0.609307050704956,0.39069297909736633,0.9367601275444031,0.9906324148178101,0.0,0.0,0.4126715064048767,0.5873284935951233,1.6676682233810425,0.983323335647583,0.0,0.0
131.0,4.0,0.5770106911659241,0.4229893088340759,1.0850201845169067,0.989149808883667,0.0,0.0,0.5493102073669434,0.45068976283073425,1.0404146909713745,0.9895958304405212,0.0,0.0
132.0,0.0,0.5134782195091248,0.48652175068855286,1.2356228828430176,0.987643837928772,0.0,0.0,0.7963424324989319,0.2036575824022293,0.4627046585083008,0.9953729510307312,0.0,0.0
132.0,1.0,0.5892192125320435,0.41078072786331177,1.0523667335510254,0.9894762635231018,0.0,0.0,0.5041986703872681,0.4958013892173767,1.169549822807312,0.9883044958114624,0.0,0.0
132.0,2.0,0.5687655210494995,0.4312345087528229,1.0751229524612427,0.9892488121986389,0.0,0.0,0.5830916166305542,0.4169084131717682,1.0817755460739136,0.9891822934150696,0.0,0.0
132.0,3.0,0.609307050704956,0.39069294929504395,0.9367603063583374,0.9906322956085205,0.0,0.0,0.4126715064048767,0.5873284935951233,1.667668104171753,0.983323335647583,0.0,0.0
132.0,4.0,0.5770107507705688,0.4229893088340759,1.0850200653076172,0.989149808883667,0.0,0.0,0.5493102669715881,0.45068976283073425,1.0404146909713745,0.9895958304405212,0.0,0.0
133.0,0.0,0.5134782195091248,0.48652175068855286,1.2356228828430176,0.9876437783241272,0.0,0.0,0.7963424324989319,0.2036575824022293,0.4627046585083008,0.9953728914260864,0.0,0.0
133.0,1.0,0.5892192721366882,0.41078075766563416,1.0523666143417358,0.9894763231277466,0.0,0.0,0.5041986703872681,0.4958013594150543,1.1695499420166016,0.9883045554161072,0.0,0.0
133.0,2.0,0.5687655210494995,0.4312345087528229,1.0751229524612427,0.9892487525939941,0.0,0.0,0.5830915570259094,0.4169084131717682,1.0817755460739136,0.9891822934150696,0.0,0.0
133.0,3.0,0.6093071103096008,0.39069288969039917,0.9367601275444031,0.9906324744224548,0.0,0.0,0.4126715064048767,0.5873284935951233,1.6676682233810425,0.9833232164382935,0.0,0.0
133.0,4.0,0.5770106315612793,0.4229893088340759,1.0850201845169067,0.9891496896743774,0.0,0.0,0.5493102669715881,0.45068976283073425,1.0404146909713745,0.9895958304405212,0.0,0.0
134.0,0.0,0.5134782195091248,0.48652175068855286,1.2356228828430176,0.9876437783241272,0.0,0.0,0.7963423728942871,0.2036575973033905,0.4627046585083008,0.9953728914260864,0.0,0.0
134.0,1.0,0.5892192721366882,0.4107806980609894,1.0523667335510254,0.9894763231277466,0.0,0.0,0.5041986703872681,0.4958013594150543,1.1695499420166016,0.9883044958114624,0.0,0.0
134.0,2.0,0.5687655210494995,0.4312345087528229,1.0751229524612427,0.9892487525939941,0.0,0.0,0.5830916166305542,0.4169084131717682,1.0817755460739136,0.98918217420578,0.0,0.0
134.0,3.0,0.6093071103096008,0.39069294929504395,0.9367601275444031,0.9906323552131653,0.0,0.0,0.4126715064048767,0.5873284935951233,1.6676684617996216,0.9833232164382935,0.0,0.0
134.0,4.0,0.5770106315612793,0.4229893684387207,1.0850200653076172,0.989149808883667,0.0,0.0,0.5493102669715881,0.45068976283073425,1.0404146909713745,0.9895958304405212,0.0,0.0
135.0,0.0,0.5134783387184143,0.48652175068855286,1.2356228828430176,0.9876437783241272,0.0,0.0,0.7963424324989319,0.2036575824022293,0.4627046585083008,0.9953728914260864,0.0,0.0
135.0,1.0,0.5892192125320435,0.41078075766563416,1.0523667335510254,0.9894763827323914,0.0,0.0,0.5041986107826233,0.4958013594150543,1.169549822807312,0.9883044958114624,0.0,0.0
135.0,2.0,0.5687655806541443,0.4312344789505005,1.0751229524612427,0.9892488121986389,0.0,0.0,0.5830916166305542,0.4169084429740906,1.0817755460739136,0.98918217420578,0.0,0.0
135.0,3.0,0.6093071699142456,0.39069294929504395,0.9367600679397583,0.9906324744224548,0.0,0.0,0.4126715064048767,0.5873284935951233,1.6676684617996216,0.983323335647583,0.0,0.0
135.0,4.0,0.5770107507705688,0.42298927903175354,1.0850201845169067,0.9891497492790222,0.0,0.0,0.5493102073669434,0.45068976283073425,1.0404146909713745,0.9895957708358765,0.0,0.0
136.0,0.0,0.5134782791137695,0.48652172088623047,1.2356230020523071,0.987643837928772,0.0,0.0,0.7963424324989319,0.2036575824022293,0.4627046585083008,0.9953728914260864,0.0,0.0
136.0,1.0,0.5892192125320435,0.4107806980609894,1.052366852760315,0.9894763231277466,0.0,0.0,0.5041986107826233,0.4958013892173767,1.1695499420166016,0.9883045554161072,0.0,0.0
136.0,2.0,0.5687655210494995,0.4312345087528229,1.0751229524612427,0.9892489314079285,0.0,0.0,0.5830915570259094,0.4169084429740906,1.0817755460739136,0.98918217420578,0.0,0.0
136.0,3.0,0.6093071103096008,0.3906928598880768,0.9367602467536926,0.9906324148178101,0.0,0.0,0.41267144680023193,0.5873284935951233,1.6676684617996216,0.983323335647583,0.0,0.0
136.0,4.0,0.5770107507705688,0.42298927903175354,1.0850200653076172,0.989149808883667,0.0,0.0,0.5493102073669434,0.45068976283073425,1.0404146909713745,0.9895958304405212,0.0,0.0
137.0,0.0,0.5134782791137695,0.4865216910839081,1.2356228828430176,0.987643837928772,0.0,0.0,0.7963423728942871,0.2036575824022293,0.4627046585083008,0.9953728914260864,0.0,0.0
137.0,1.0,0.5892192721366882,0.41078075766563416,1.0523666143417358,0.9894763231277466,0.0,0.0,0.5041986703872681,0.4958013892173767,1.169549822807312,0.9883044958114624,0.0,0.0
137.0,2.0,0.5687655210494995,0.4312344789505005,1.0751230716705322,0.9892487525939941,0.0,0.0,0.5830916166305542,0.4169084429740906,1.0817755460739136,0.9891822934150696,0.0,0.0
137.0,3.0,0.609307050704956,0.39069288969039917,0.9367601275444031,0.9906324744224548,0.0,0.0,0.4126715064048767,0.5873284935951233,1.6676682233810425,0.983323335647583,0.0,0.0
137.0,4.0,0.5770106911659241,0.4229893088340759,1.0850200653076172,0.989149808883667,0.0,0.0,0.5493101477622986,0.45068976283073425,1.0404146909713745,0.9895958304405212,0.0,0.0
138.0,0.0,0.5134783387184143,0.48652172088623047,1.2356226444244385,0.9876437783241272,0.0,0.0,0.7963424324989319,0.2036575973033905,0.4627046585083008,0.9953729510307312,0.0,0.0
138.0,1.0,0.5892192721366882,0.4107806980609894,1.0523666143417358,0.9894763231277466,0.0,0.0,0.5041986107826233,0.4958013892173767,1.169549822807312,0.9883044362068176,0.0,0.0
138.0,2.0,0.5687655210494995,0.4312345087528229,1.0751230716705322,0.9892487525939941,0.0,0.0,0.5830916166305542,0.4169084131717682,1.0817755460739136,0.9891822934150696,0.0,0.0
138.0,3.0,0.6093071103096008,0.39069294929504395,0.9367602467536926,0.9906323552131653,0.0,0.0,0.4126715362071991,0.5873284935951233,1.6676682233810425,0.983323335647583,0.0,0.0
138.0,4.0,0.5770106911659241,0.4229893088340759,1.0850200653076172,0.9891498684883118,0.0,0.0,0.5493102669715881,0.45068976283073425,1.0404146909713745,0.9895958304405212,0.0,0.0
139.0,0.0,0.5134782195091248,0.48652178049087524,1.2356228828430176,0.987643837928772,0.0,0.0,0.7963424324989319,0.2036575824022293,0.4627046585083008,0.9953728914260864,0.0,0.0
139.0,1.0,0.5892192125320435,0.41078078746795654,1.0523666143417358,0.9894762635231018,0.0,0.0,0.5041986703872681,0.4958013892173767,1.1695499420166016,0.9883044958114624,0.0,0.0
139.0,2.0,0.5687655806541443,0.4312344789505005,1.0751230716705322,0.9892487525939941,0.0,0.0,0.5830916166305542,0.4169084429740906,1.0817755460739136,0.9891822934150696,0.0,0.0
139.0,3.0,0.6093071103096008,0.39069297909736633,0.9367603063583374,0.9906323552131653,0.0,0.0,0.41267144680023193,0.5873284935951233,1.6676682233810425,0.983323335647583,0.0,0.0
139.0,4.0,0.5770106911659241,0.42298927903175354,1.0850200653076172,0.989149808883667,0.0,0.0,0.5493102073669434,0.45068973302841187,1.0404146909713745,0.9895957708358765,0.0,0.0
140.0,0.0,0.5134782195091248,0.48652178049087524,1.2356228828430176,0.987643837928772,0.0,0.0,0.7963424324989319,0.2036575824022293,0.4627046585083008,0.9953729510307312,0.0,0.0
140.0,1.0,0.5892192721366882,0.41078072786331177,1.0523667335510254,0.9894763827323914,0.0,0.0,0.5041986703872681,0.4958013892173767,1.169549822807312,0.9883045554161072,0.0,0.0
140.0,2.0,0.5687655210494995,0.4312344789505005,1.0751230716705322,0.9892486929893494,0.0,0.0,0.5830916166305542,0.4169084131717682,1.0817755460739136,0.9891822934150696,0.0,0.0
140.0,3.0,0.609307050704956,0.39069297909736633,0.9367601275444031,0.9906324744224548,0.0,0.0,0.4126715064048767,0.5873285531997681,1.6676682233810425,0.983323335647583,0.0,0.0
140.0,4.0,0.5770106315612793,0.4229893088340759,1.0850201845169067,0.9891497492790222,0.0,0.0,0.5493102073669434,0.45068976283073425,1.0404146909713745,0.9895959496498108,0.0,0.0
141.0,0.0,0.5134782791137695,0.48652172088623047,1.2356226444244385,0.987643837928772,0.0,0.0,0.7963424324989319,0.2036575824022293,0.4627046585083008,0.9953728914260864,0.0,0.0
141.0,1.0,0.5892192125320435,0.41078075766563416,1.0523667335510254,0.9894763231277466,0.0,0.0,0.5041986703872681,0.4958013594150543,1.1695499420166016,0.9883044958114624,0.0,0.0
141.0,2.0,0.5687655210494995,0.4312345087528229,1.0751229524612427,0.9892487525939941,0.0,0.0,0.5830915570259094,0.4169084131717682,1.0817755460739136,0.9891822934150696,0.0,0.0
141.0,3.0,0.6093071103096008,0.39069288969039917,0.9367602467536926,0.9906324148178101,0.0,0.0,0.4126715064048767,0.5873285531997681,1.6676684617996216,0.983323335647583,0.0,0.0
141.0,4.0,0.5770106911659241,0.42298927903175354,1.0850200653076172,0.9891498684883118,0.0,0.0,0.5493102073669434,0.45068976283073425,1.0404146909713745,0.9895958304405212,0.0,0.0
142.0,0.0,0.51347815990448,0.48652178049087524,1.2356228828430176,0.9876437783241272,0.0,0.0,0.7963424324989319,0.2036575824022293,0.4627046585083008,0.9953728914260864,0.0,0.0
142.0,1.0,0.5892192721366882,0.4107806980609894,1.0523667335510254,0.9894763827323914,0.0,0.0,0.5041986703872681,0.4958013892173767,1.169549822807312,0.9883044958114624,0.0,0.0
142.0,2.0,0.5687655806541443,0.4312345087528229,1.0751230716705322,0.9892486929893494,0.0,0.0,0.5830916166305542,0.4169084131717682,1.0817755460739136,0.9891822934150696,0.0,0.0
142.0,3.0,0.609307050704956,0.39069288969039917,0.9367601275444031,0.9906323552131653,0.0,0.0,0.4126715064048767,0.5873285531997681,1.6676682233810425,0.983323335647583,0.0,0.0
142.0,4.0,0.5770106911659241,0.4229893684387207,1.0850200653076172,0.989149808883667,0.0,0.0,0.5493102073669434,0.45068979263305664,1.0404146909713745,0.9895958304405212,0.0,0.0
143.0,0.0,0.5134782195091248,0.48652178049087524,1.2356228828430176,0.987643837928772,0.0,0.0,0.7963424324989319,0.2036575824022293,0.4627046585083008,0.9953729510307312,0.0,0.0
143.0,1.0,0.5892192721366882,0.41078072786331177,1.0523666143417358,0.9894764423370361,0.0,0.0,0.5041986703872681,0.4958013892173767,1.1695499420166016,0.9883045554161072,0.0,0.0
143.0,2.0,0.5687655806541443,0.4312345087528229,1.0751229524612427,0.9892487525939941,0.0,0.0,0.5830916166305542,0.4169084131717682,1.0817755460739136,0.9891822934150696,0.0,0.0
143.0,3.0,0.609307050704956,0.39069288969039917,0.9367602467536926,0.9906322956085205,0.0,0.0,0.4126715064048767,0.5873284935951233,1.6676682233810425,0.983323335647583,0.0,0.0
143.0,4.0,0.5770106315612793,0.4229893684387207,1.0850200653076172,0.989149808883667,0.0,0.0,0.5493102073669434,0.45068976283073425,1.0404146909713745,0.9895958304405212,0.0,0.0
144.0,0.0,0.5134782791137695,0.48652175068855286,1.2356228828430176,0.987643837928772,0.0,0.0,0.7963424324989319,0.2036575824022293,0.4627046585083008,0.9953728914260864,0.0,0.0
144.0,1.0,0.5892192125320435,0.41078075766563416,1.0523667335510254,0.9894763231277466,0.0,0.0,0.5041986703872681,0.4958013594150543,1.1695499420166016,0.9883044958114624,0.0,0.0
144.0,2.0,0.5687654614448547,0.43123453855514526,1.0751230716705322,0.9892486929893494,0.0,0.0,0.5830916166305542,0.4169084131717682,1.0817755460739136,0.9891822934150696,0.0,0.0
144.0,3.0,0.6093071103096008,0.39069294929504395,0.9367602467536926,0.9906323552131653,0.0,0.0,0.4126715064048767,0.5873284935951233,1.6676684617996216,0.983323335647583,0.0,0.0
144.0,4.0,0.5770106315612793,0.4229893386363983,1.0850201845169067,0.9891498684883118,0.0,0.0,0.5493102073669434,0.45068976283073425,1.0404146909713745,0.9895958304405212,0.0,0.0
145.0,0.0,0.5134782791137695,0.48652172088623047,1.2356226444244385,0.9876437783241272,0.0,0.0,0.7963424324989319,0.2036575824022293,0.4627046585083008,0.9953728914260864,0.0,0.0
145.0,1.0,0.5892192125320435,0.41078072786331177,1.0523667335510254,0.9894762635231018,0.0,0.0,0.5041986703872681,0.4958013892173767,1.169549822807312,0.9883044958114624,0.0,0.0
145.0,2.0,0.5687655210494995,0.4312344789505005,1.0751230716705322,0.9892486929893494,0.0,0.0,0.5830916166305542,0.4169084131717682,1.0817755460739136,0.9891822934150696,0.0,0.0
145.0,3.0,0.6093071103096008,0.39069294929504395,0.9367601275444031,0.9906324148178101,0.0,0.0,0.4126715064048767,0.5873284935951233,1.6676684617996216,0.9833233952522278,0.0,0.0
145.0,4.0,0.5770106315612793,0.4229893088340759,1.0850200653076172,0.989149808883667,0.0,0.0,0.5493102073669434,0.45068976283073425,1.0404146909713745,0.9895958304405212,0.0,0.0
146.0,0.0,0.5134783387184143,0.48652178049087524,1.2356230020523071,0.9876437783241272,0.0,0.0,0.7963424324989319,0.2036575824022293,0.4627046585083008,0.9953728914260864,0.0,0.0
146.0,1.0,0.5892192721366882,0.41078072786331177,1.0523667335510254,0.9894762635231018,0.0,0.0,0.5041986703872681,0.4958013594150543,1.1695499420166016,0.9883044958114624,0.0,0.0
146.0,2.0,0.5687655210494995,0.4312344789505005,1.0751230716705322,0.9892486929893494,0.0,0.0,0.5830916166305542,0.4169084131717682,1.0817755460739136,0.9891822934150696,0.0,0.0
146.0,3.0,0.609307050704956,0.39069294929504395,0.9367600679397583,0.9906324744224548,0.0,0.0,0.4126715362071991,0.5873284935951233,1.6676684617996216,0.983323335647583,0.0,0.0
146.0,4.0,0.5770106315612793,0.4229893386363983,1.0850201845169067,0.9891496896743774,0.0,0.0,0.5493102073669434,0.45068976283073425,1.0404146909713745,0.9895958304405212,0.0,0.0
147.0,0.0,0.5134782195091248,0.48652172088623047,1.2356228828430176,0.9876437783241272,0.0,0.0,0.7963424324989319,0.2036575824022293,0.4627046585083008,0.9953728914260864,0.0,0.0
147.0,1.0,0.5892191529273987,0.4107808470726013,1.0523667335510254,0.9894763827323914,0.0,0.0,0.5041986703872681,0.4958013594150543,1.1695499420166016,0.9883044958114624,0.0,0.0
147.0,2.0,0.5687655210494995,0.4312345087528229,1.0751229524612427,0.9892488121986389,0.0,0.0,0.5830916166305542,0.4169084131717682,1.0817755460739136,0.9891822934150696,0.0,0.0
147.0,3.0,0.6093071103096008,0.39069288969039917,0.9367602467536926,0.9906323552131653,0.0,0.0,0.4126715362071991,0.5873284935951233,1.6676684617996216,0.983323335647583,0.0,0.0
147.0,4.0,0.5770107507705688,0.42298927903175354,1.0850200653076172,0.989149808883667,0.0,0.0,0.5493102073669434,0.45068979263305664,1.0404146909713745,0.9895958304405212,0.0,0.0
148.0,0.0,0.5134782791137695,0.48652175068855286,1.2356228828430176,0.9876436591148376,0.0,0.0,0.7963424324989319,0.2036575824022293,0.4627046585083008,0.9953728914260864,0.0,0.0
148.0,1.0,0.5892192125320435,0.41078075766563416,1.0523667335510254,0.9894763231277466,0.0,0.0,0.5041986703872681,0.4958013892173767,1.1695499420166016,0.9883044958114624,0.0,0.0
148.0,2.0,0.5687655210494995,0.4312344789505005,1.0751230716705322,0.9892486929893494,0.0,0.0,0.5830916166305542,0.4169084131717682,1.0817755460739136,0.9891822934150696,0.0,0.0
148.0,3.0,0.609307050704956,0.39069294929504395,0.9367602467536926,0.9906324148178101,0.0,0.0,0.41267144680023193,0.5873284935951233,1.6676684617996216,0.983323335647583,0.0,0.0
148.0,4.0,0.5770106315612793,0.4229893088340759,1.0850201845169067,0.9891497492790222,0.0,0.0,0.5493102669715881,0.45068979263305664,1.0404146909713745,0.9895959496498108,0.0,0.0
149.0,0.0,0.5134782791137695,0.48652172088623047,1.2356230020523071,0.9876437187194824,0.0,0.0,0.7963424324989319,0.2036575973033905,0.4627046585083008,0.9953729510307312,0.0,0.0
149.0,1.0,0.5892192125320435,0.41078075766563416,1.0523667335510254,0.9894762635231018,0.0,0.0,0.5041986703872681,0.4958013594150543,1.1695499420166016,0.9883045554161072,0.0,0.0
149.0,2.0,0.5687655806541443,0.4312345087528229,1.0751230716705322,0.9892487525939941,0.0,0.0,0.5830916166305542,0.4169084131717682,1.0817755460739136,0.98918217420578,0.0,0.0
149.0,3.0,0.609307050704956,0.39069294929504395,0.9367602467536926,0.9906324744224548,0.0,0.0,0.4126715064048767,0.5873284935951233,1.6676682233810425,0.983323335647583,0.0,0.0
149.0,4.0,0.5770107507705688,0.42298927903175354,1.0850200653076172,0.989149808883667,0.0,0.0,0.5493102073669434,0.45068979263305664,1.0404146909713745,0.9895958304405212,0.0,0.0
150.0,0.0,0.5134782195091248,0.48652175068855286,1.2356228828430176,0.9876437783241272,0.0,0.0,0.7963424324989319,0.2036575824022293,0.4627046585083008,0.9953729510307312,0.0,0.0
150.0,1.0,0.5892192125320435,0.41078075766563416,1.0523667335510254,0.9894763231277466,0.0,0.0,0.5041986703872681,0.4958013594150543,1.1695499420166016,0.9883044958114624,0.0,0.0
150.0,2.0,0.5687655210494995,0.4312344789505005,1.0751230716705322,0.9892486929893494,0.0,0.0,0.5830916166305542,0.4169084131717682,1.0817755460739136,0.9891822934150696,0.0,0.0
150.0,3.0,0.6093071103096008,0.39069294929504395,0.9367601275444031,0.9906323552131653,0.0,0.0,0.4126715064048767,0.5873284935951233,1.6676684617996216,0.9833233952522278,0.0,0.0
150.0,4.0,0.5770106911659241,0.4229893088340759,1.0850200653076172,0.9891498684883118,0.0,0.0,0.5493102073669434,0.45068976283073425,1.0404146909713745,0.9895957708358765,0.0,0.0
151.0,0.0,0.5134782791137695,0.48652172088623047,1.2356226444244385,0.9876437187194824,0.0,0.0,0.7963424324989319,0.2036575824022293,0.4627046585083008,0.9953729510307312,0.0,0.0
151.0,1.0,0.589219331741333,0.41078072786331177,1.0523666143417358,0.9894763231277466,0.0,0.0,0.5041986107826233,0.4958013594150543,1.1695499420166016,0.9883045554161072,0.0,0.0
151.0,2.0,0.5687655210494995,0.4312344789505005,1.0751229524612427,0.9892487525939941,0.0,0.0,0.5830916166305542,0.4169084131717682,1.0817755460739136,0.9891822934150696,0.0,0.0
151.0,3.0,0.609307050704956,0.3906930088996887,0.9367602467536926,0.9906324148178101,0.0,0.0,0.4126715362071991,0.5873284935951233,1.6676682233810425,0.983323335647583,0.0,0.0
151.0,4.0,0.5770106911659241,0.42298924922943115,1.0850200653076172,0.9891498684883118,0.0,0.0,0.5493102669715881,0.45068979263305664,1.0404146909713745,0.9895959496498108,0.0,0.0
152.0,0.0,0.5134782791137695,0.48652172088623047,1.2356226444244385,0.9876437783241272,0.0,0.0,0.7963424324989319,0.2036575824022293,0.4627046585083008,0.9953729510307312,0.0,0.0
152.0,1.0,0.5892192125320435,0.41078075766563416,1.0523667335510254,0.9894763231277466,0.0,0.0,0.5041986703872681,0.4958013892173767,1.169549822807312,0.9883044958114624,0.0,0.0
152.0,2.0,0.5687655210494995,0.4312344193458557,1.0751229524612427,0.9892487525939941,0.0,0.0,0.5830916166305542,0.4169084429740906,1.0817755460739136,0.9891822934150696,0.0,0.0
152.0,3.0,0.609307050704956,0.39069297909736633,0.9367602467536926,0.9906323552131653,0.0,0.0,0.4126715362071991,0.5873284935951233,1.6676682233810425,0.983323335647583,0.0,0.0
152.0,4.0,0.5770106315612793,0.4229893386363983,1.0850200653076172,0.9891497492790222,0.0,0.0,0.5493102073669434,0.45068976283073425,1.0404146909713745,0.9895958304405212,0.0,0.0
153.0,0.0,0.5134783387184143,0.4865216910839081,1.2356228828430176,0.9876438975334167,0.0,0.0,0.7963424324989319,0.2036575824022293,0.4627046585083008,0.9953728914260864,0.0,0.0
153.0,1.0,0.589219331741333,0.41078072786331177,1.0523667335510254,0.9894762635231018,0.0,0.0,0.5041986703872681,0.4958013594150543,1.169549822807312,0.9883044958114624,0.0,0.0
153.0,2.0,0.5687655210494995,0.4312345087528229,1.0751229524612427,0.9892487525939941,0.0,0.0,0.5830916166305542,0.4169084131717682,1.0817755460739136,0.98918217420578,0.0,0.0
153.0,3.0,0.609307050704956,0.39069297909736633,0.9367601275444031,0.9906324148178101,0.0,0.0,0.41267144680023193,0.5873285531997681,1.6676684617996216,0.983323335647583,0.0,0.0
153.0,4.0,0.5770107507705688,0.4229893088340759,1.0850200653076172,0.989149808883667,0.0,0.0,0.5493102073669434,0.45068976283073425,1.0404146909713745,0.9895958304405212,0.0,0.0
154.0,0.0,0.5134782195091248,0.48652178049087524,1.2356226444244385,0.9876437783241272,0.0,0.0,0.7963424324989319,0.2036575973033905,0.4627046585083008,0.9953729510307312,0.0,0.0
154.0,1.0,0.589219331741333,0.4107806980609894,1.0523667335510254,0.9894762635231018,0.0,0.0,0.5041986107826233,0.4958013892173767,1.1695499420166016,0.9883044958114624,0.0,0.0
154.0,2.0,0.5687655210494995,0.4312345087528229,1.0751229524612427,0.9892487525939941,0.0,0.0,0.5830916166305542,0.4169084429740906,1.0817755460739136,0.98918217420578,0.0,0.0
154.0,3.0,0.6093071103096008,0.39069294929504395,0.9367601275444031,0.9906324148178101,0.0,0.0,0.4126715064048767,0.5873284935951233,1.6676684617996216,0.9833232164382935,0.0,0.0
154.0,4.0,0.5770106911659241,0.4229893386363983,1.0850200653076172,0.9891498684883118,0.0,0.0,0.5493102073669434,0.45068979263305664,1.0404146909713745,0.9895958304405212,0.0,0.0
155.0,0.0,0.5134782195091248,0.48652175068855286,1.2356228828430176,0.9876437783241272,0.0,0.0,0.7963423728942871,0.2036575973033905,0.4627046585083008,0.9953728914260864,0.0,0.0
155.0,1.0,0.5892192721366882,0.41078072786331177,1.0523666143417358,0.9894763827323914,0.0,0.0,0.5041986107826233,0.4958013892173767,1.1695499420166016,0.9883045554161072,0.0,0.0
155.0,2.0,0.5687655210494995,0.4312344789505005,1.0751229524612427,0.9892488121986389,0.0,0.0,0.5830916166305542,0.4169084429740906,1.0817755460739136,0.9891822934150696,0.0,0.0
155.0,3.0,0.609307050704956,0.3906930088996887,0.9367600679397583,0.9906324148178101,0.0,0.0,0.4126715064048767,0.5873284935951233,1.6676684617996216,0.9833233952522278,0.0,0.0
155.0,4.0,0.5770107507705688,0.4229893088340759,1.0850201845169067,0.989149808883667,0.0,0.0,0.5493102073669434,0.45068976283073425,1.0404146909713745,0.9895958304405212,0.0,0.0
156.0,0.0,0.5134782195091248,0.48652175068855286,1.2356230020523071,0.9876438975334167,0.0,0.0,0.7963424324989319,0.2036575824022293,0.4627046585083008,0.9953728914260864,0.0,0.0
156.0,1.0,0.5892192125320435,0.41078075766563416,1.0523667335510254,0.9894763827323914,0.0,0.0,0.5041986703872681,0.4958013892173767,1.1695499420166016,0.9883045554161072,0.0,0.0
156.0,2.0,0.5687655210494995,0.4312344789505005,1.0751230716705322,0.9892486929893494,0.0,0.0,0.5830916166305542,0.4169084131717682,1.0817755460739136,0.9891822934150696,0.0,0.0
156.0,3.0,0.6093071103096008,0.39069288969039917,0.9367601275444031,0.9906324148178101,0.0,0.0,0.4126715362071991,0.5873284935951233,1.6676684617996216,0.983323335647583,0.0,0.0
156.0,4.0,0.5770107507705688,0.4229893088340759,1.0850200653076172,0.9891497492790222,0.0,0.0,0.5493102073669434,0.45068976283073425,1.0404146909713745,0.9895958304405212,0.0,0.0
157.0,0.0,0.5134782195091248,0.48652175068855286,1.2356228828430176,0.9876437783241272,0.0,0.0,0.7963424324989319,0.2036575824022293,0.4627046585083008,0.9953728914260864,0.0,0.0
157.0,1.0,0.5892192125320435,0.41078072786331177,1.0523667335510254,0.9894763231277466,0.0,0.0,0.5041986703872681,0.4958013892173767,1.1695499420166016,0.9883044958114624,0.0,0.0
157.0,2.0,0.5687655806541443,0.43123453855514526,1.0751230716705322,0.9892488121986389,0.0,0.0,0.5830916166305542,0.4169084429740906,1.0817755460739136,0.9891822934150696,0.0,0.0
157.0,3.0,0.609307050704956,0.39069288969039917,0.9367601275444031,0.9906324744224548,0.0,0.0,0.4126715362071991,0.5873284935951233,1.6676682233810425,0.983323335647583,0.0,0.0
157.0,4.0,0.5770106911659241,0.4229893386363983,1.0850201845169067,0.989149808883667,0.0,0.0,0.5493102669715881,0.45068976283073425,1.0404146909713745,0.9895958304405212,0.0,0.0
158.0,0.0,0.5134782791137695,0.48652175068855286,1.2356228828430176,0.9876437783241272,0.0,0.0,0.7963424324989319,0.2036575973033905,0.4627046585083008,0.9953729510307312,0.0,0.0
158.0,1.0,0.5892192721366882,0.41078072786331177,1.0523666143417358,0.9894763827323914,0.0,0.0,0.5041986107826233,0.4958013892173767,1.169549822807312,0.9883044958114624,0.0,0.0
158.0,2.0,0.5687655210494995,0.4312345087528229,1.0751229524612427,0.9892486929893494,0.0,0.0,0.5830916166305542,0.4169084429740906,1.0817755460739136,0.9891822934150696,0.0,0.0
158.0,3.0,0.6093071103096008,0.3906928598880768,0.9367602467536926,0.9906324148178101,0.0,0.0,0.4126715362071991,0.5873284935951233,1.6676684617996216,0.983323335647583,0.0,0.0
158.0,4.0,0.5770106911659241,0.4229893386363983,1.0850201845169067,0.989149808883667,0.0,0.0,0.5493102073669434,0.45068976283073425,1.0404146909713745,0.9895958304405212,0.0,0.0
159.0,0.0,0.5134782791137695,0.4865216910839081,1.2356226444244385,0.9876437187194824,0.0,0.0,0.7963423728942871,0.2036575824022293,0.4627046585083008,0.9953728914260864,0.0,0.0
159.0,1.0,0.5892192721366882,0.41078075766563416,1.0523667335510254,0.9894763231277466,0.0,0.0,0.5041986107826233,0.4958013892173767,1.169549822807312,0.9883044958114624,0.0,0.0
159.0,2.0,0.5687655210494995,0.43123453855514526,1.0751229524612427,0.9892488121986389,0.0,0.0,0.5830916166305542,0.4169084131717682,1.0817755460739136,0.9891822934150696,0.0,0.0
159.0,3.0,0.6093071699142456,0.3906928598880768,0.9367601275444031,0.9906322956085205,0.0,0.0,0.4126715064048767,0.5873284935951233,1.6676684617996216,0.9833233952522278,0.0,0.0
159.0,4.0,0.5770106315612793,0.4229893684387207,1.0850201845169067,0.989149808883667,0.0,0.0,0.5493102073669434,0.45068979263305664,1.0404146909713745,0.9895958304405212,0.0,0.0
160.0,0.0,0.5134782791137695,0.48652172088623047,1.2356228828430176,0.9876437783241272,0.0,0.0,0.7963424324989319,0.2036575824022293,0.4627046585083008,0.9953729510307312,0.0,0.0
160.0,1.0,0.5892192125320435,0.41078075766563416,1.0523666143417358,0.9894764423370361,0.0,0.0,0.5041986703872681,0.4958013892173767,1.1695499420166016,0.9883045554161072,0.0,0.0
160.0,2.0,0.5687655806541443,0.4312344789505005,1.0751230716705322,0.9892486929893494,0.0,0.0,0.5830916166305542,0.4169084429740906,1.0817755460739136,0.9891822934150696,0.0,0.0
160.0,3.0,0.6093071103096008,0.39069288969039917,0.9367602467536926,0.9906324148178101,0.0,0.0,0.4126715362071991,0.5873284935951233,1.6676684617996216,0.983323335647583,0.0,0.0
160.0,4.0,0.5770106315612793,0.4229893386363983,1.0850201845169067,0.989149808883667,0.0,0.0,0.5493102073669434,0.45068979263305664,1.0404146909713745,0.9895958304405212,0.0,0.0
161.0,0.0,0.5134782195091248,0.48652175068855286,1.2356226444244385,0.9876437783241272,0.0,0.0,0.7963424324989319,0.2036575824022293,0.4627046585083008,0.9953728914260864,0.0,0.0
161.0,1.0,0.5892192721366882,0.410780668258667,1.0523667335510254,0.9894763231277466,0.0,0.0,0.5041986703872681,0.4958014190196991,1.1695499420166016,0.9883045554161072,0.0,0.0
161.0,2.0,0.5687655210494995,0.43123453855514526,1.0751230716705322,0.9892486333847046,0.0,0.0,0.5830916166305542,0.4169084429740906,1.0817755460739136,0.98918217420578,0.0,0.0
161.0,3.0,0.6093071103096008,0.39069288969039917,0.9367603063583374,0.9906323552131653,0.0,0.0,0.4126715064048767,0.5873284935951233,1.6676684617996216,0.983323335647583,0.0,0.0
161.0,4.0,0.5770106911659241,0.4229893386363983,1.0850200653076172,0.989149808883667,0.0,0.0,0.5493102073669434,0.45068976283073425,1.0404146909713745,0.9895958304405212,0.0,0.0
162.0,0.0,0.5134782195091248,0.48652172088623047,1.2356228828430176,0.9876437783241272,0.0,0.0,0.7963424324989319,0.2036575824022293,0.4627046585083008,0.9953728914260864,0.0,0.0
162.0,1.0,0.5892192721366882,0.41078072786331177,1.0523666143417358,0.9894764423370361,0.0,0.0,0.5041986107826233,0.4958013892173767,1.1695499420166016,0.9883044958114624,0.0,0.0
162.0,2.0,0.5687655806541443,0.4312344193458557,1.0751230716705322,0.9892486929893494,0.0,0.0,0.5830916166305542,0.4169084131717682,1.0817755460739136,0.9891822934150696,0.0,0.0
162.0,3.0,0.6093071103096008,0.39069294929504395,0.9367600679397583,0.9906324744224548,0.0,0.0,0.4126715064048767,0.5873284935951233,1.6676685810089111,0.983323335647583,0.0,0.0
162.0,4.0,0.5770106911659241,0.42298924922943115,1.0850200653076172,0.989149808883667,0.0,0.0,0.5493102669715881,0.45068976283073425,1.0404146909713745,0.9895958304405212,0.0,0.0
163.0,0.0,0.5134782195091248,0.48652172088623047,1.2356228828430176,0.987643837928772,0.0,0.0,0.7963424324989319,0.2036575824022293,0.4627046585083008,0.9953728914260864,0.0,0.0
163.0,1.0,0.5892192721366882,0.41078072786331177,1.0523667335510254,0.9894763231277466,0.0,0.0,0.5041986703872681,0.4958013892173767,1.1695499420166016,0.9883044958114624,0.0,0.0
163.0,2.0,0.5687655806541443,0.4312344193458557,1.0751230716705322,0.9892487525939941,0.0,0.0,0.5830916166305542,0.4169084131717682,1.0817755460739136,0.98918217420578,0.0,0.0
163.0,3.0,0.6093071103096008,0.39069288969039917,0.9367600679397583,0.9906325340270996,0.0,0.0,0.4126715064048767,0.5873284935951233,1.6676684617996216,0.9833233952522278,0.0,0.0
163.0,4.0,0.5770106315612793,0.4229893684387207,1.0850200653076172,0.989149808883667,0.0,0.0,0.5493102073669434,0.45068976283073425,1.0404146909713745,0.9895958304405212,0.0,0.0
164.0,0.0,0.5134782791137695,0.48652175068855286,1.2356226444244385,0.987643837928772,0.0,0.0,0.7963424324989319,0.2036575824022293,0.4627046585083008,0.9953728914260864,0.0,0.0
164.0,1.0,0.5892192721366882,0.41078075766563416,1.0523666143417358,0.9894763827323914,0.0,0.0,0.5041986703872681,0.4958013594150543,1.169549822807312,0.9883045554161072,0.0,0.0
164.0,2.0,0.5687655210494995,0.4312344789505005,1.0751230716705322,0.9892486333847046,0.0,0.0,0.5830916166305542,0.4169084131717682,1.0817755460739136,0.9891822934150696,0.0,0.0
164.0,3.0,0.6093071103096008,0.39069294929504395,0.9367601275444031,0.9906324148178101,0.0,0.0,0.4126715064048767,0.5873284935951233,1.6676682233810425,0.983323335647583,0.0,0.0
164.0,4.0,0.5770106911659241,0.4229893684387207,1.0850201845169067,0.9891497492790222,0.0,0.0,0.5493102073669434,0.45068976283073425,1.0404146909713745,0.9895958304405212,0.0,0.0
165.0,0.0,0.5134782791137695,0.48652175068855286,1.2356226444244385,0.987643837928772,0.0,0.0,0.7963424324989319,0.2036575824022293,0.4627046585083008,0.9953729510307312,0.0,0.0
165.0,1.0,0.589219331741333,0.41078072786331177,1.0523667335510254,0.9894763827323914,0.0,0.0,0.5041986703872681,0.4958013892173767,1.1695499420166016,0.9883044958114624,0.0,0.0
165.0,2.0,0.5687654614448547,0.4312345087528229,1.0751229524612427,0.9892488121986389,0.0,0.0,0.5830916166305542,0.4169084429740906,1.0817755460739136,0.9891822934150696,0.0,0.0
165.0,3.0,0.609307050704956,0.39069288969039917,0.9367601275444031,0.9906324148178101,0.0,0.0,0.41267144680023193,0.5873284935951233,1.6676684617996216,0.983323335647583,0.0,0.0
165.0,4.0,0.5770107507705688,0.4229893386363983,1.0850201845169067,0.989149808883667,0.0,0.0,0.5493102073669434,0.45068979263305664,1.0404146909713745,0.9895958304405212,0.0,0.0
166.0,0.0,0.5134782791137695,0.4865216910839081,1.2356228828430176,0.987643837928772,0.0,0.0,0.7963424324989319,0.2036575824022293,0.4627046585083008,0.9953728914260864,0.0,0.0
166.0,1.0,0.5892192125320435,0.41078075766563416,1.0523667335510254,0.9894762635231018,0.0,0.0,0.5041986703872681,0.4958013892173767,1.1695499420166016,0.9883045554161072,0.0,0.0
166.0,2.0,0.5687655210494995,0.43123453855514526,1.0751230716705322,0.9892486333847046,0.0,0.0,0.5830916166305542,0.4169084131717682,1.0817755460739136,0.9891822934150696,0.0,0.0
166.0,3.0,0.609307050704956,0.39069294929504395,0.9367602467536926,0.9906323552131653,0.0,0.0,0.4126715064048767,0.5873284935951233,1.6676684617996216,0.9833233952522278,0.0,0.0
166.0,4.0,0.5770106911659241,0.4229893088340759,1.0850201845169067,0.9891497492790222,0.0,0.0,0.5493102073669434,0.45068976283073425,1.0404146909713745,0.9895958304405212,0.0,0.0
167.0,0.0,0.5134782195091248,0.48652178049087524,1.2356226444244385,0.9876437783241272,0.0,0.0,0.7963424324989319,0.2036575824022293,0.4627046585083008,0.9953729510307312,0.0,0.0
167.0,1.0,0.5892192125320435,0.41078078746795654,1.0523666143417358,0.9894763231277466,0.0,0.0,0.5041986703872681,0.4958013892173767,1.1695499420166016,0.9883045554161072,0.0,0.0
167.0,2.0,0.5687654614448547,0.4312344789505005,1.0751229524612427,0.9892488121986389,0.0,0.0,0.5830916166305542,0.4169084429740906,1.0817755460739136,0.9891822934150696,0.0,0.0
167.0,3.0,0.6093071103096008,0.3906928598880768,0.9367602467536926,0.9906323552131653,0.0,0.0,0.4126715064048767,0.5873284935951233,1.6676682233810425,0.983323335647583,0.0,0.0
167.0,4.0,0.5770106315612793,0.4229893684387207,1.0850201845169067,0.9891496896743774,0.0,0.0,0.5493102073669434,0.45068976283073425,1.0404146909713745,0.9895958304405212,0.0,0.0
168.0,0.0,0.5134782791137695,0.48652172088623047,1.2356228828430176,0.9876437187194824,0.0,0.0,0.7963423728942871,0.2036575973033905,0.4627046585083008,0.9953729510307312,0.0,0.0
168.0,1.0,0.589219331741333,0.41078072786331177,1.0523667335510254,0.9894763231277466,0.0,0.0,0.5041986703872681,0.4958014190196991,1.169549822807312,0.9883044958114624,0.0,0.0
168.0,2.0,0.5687655210494995,0.4312344789505005,1.0751229524612427,0.9892487525939941,0.0,0.0,0.5830916166305542,0.4169084429740906,1.0817755460739136,0.9891823530197144,0.0,0.0
168.0,3.0,0.6093071103096008,0.39069288969039917,0.9367602467536926,0.9906324148178101,0.0,0.0,0.4126715064048767,0.5873284935951233,1.6676684617996216,0.9833232164382935,0.0,0.0
168.0,4.0,0.5770106315612793,0.4229893386363983,1.0850201845169067,0.989149808883667,0.0,0.0,0.5493101477622986,0.45068979263305664,1.0404146909713745,0.9895958304405212,0.0,0.0
169.0,0.0,0.51347815990448,0.48652178049087524,1.2356230020523071,0.9876437187194824,0.0,0.0,0.7963424324989319,0.2036575824022293,0.4627046585083008,0.9953728914260864,0.0,0.0
169.0,1.0,0.5892192721366882,0.41078072786331177,1.0523666143417358,0.9894763827323914,0.0,0.0,0.5041986107826233,0.4958013892173767,1.169549822807312,0.9883045554161072,0.0,0.0
169.0,2.0,0.5687655210494995,0.4312344789505005,1.0751229524612427,0.9892487525939941,0.0,0.0,0.5830916166305542,0.4169084131717682,1.0817755460739136,0.98918217420578,0.0,0.0
169.0,3.0,0.609307050704956,0.39069294929504395,0.9367602467536926,0.9906323552131653,0.0,0.0,0.4126715064048767,0.5873284935951233,1.6676684617996216,0.9833233952522278,0.0,0.0
169.0,4.0,0.5770106911659241,0.4229893386363983,1.0850201845169067,0.9891497492790222,0.0,0.0,0.5493102073669434,0.45068979263305664,1.0404146909713745,0.9895958304405212,0.0,0.0
170.0,0.0,0.5134783387184143,0.4865216612815857,1.2356228828430176,0.987643837928772,0.0,0.0,0.7963424324989319,0.2036575824022293,0.4627046585083008,0.9953728914260864,0.0,0.0
170.0,1.0,0.5892192721366882,0.41078075766563416,1.052366852760315,0.9894763231277466,0.0,0.0,0.5041986703872681,0.4958013594150543,1.169549822807312,0.9883044958114624,0.0,0.0
170.0,2.0,0.5687655210494995,0.4312344789505005,1.0751230716705322,0.9892486929893494,0.0,0.0,0.5830916166305542,0.4169084131717682,1.0817755460739136,0.9891822934150696,0.0,0.0
170.0,3.0,0.6093071103096008,0.3906928598880768,0.9367601275444031,0.9906323552131653,0.0,0.0,0.41267144680023193,0.5873284935951233,1.6676684617996216,0.983323335647583,0.0,0.0
170.0,4.0,0.5770107507705688,0.4229893386363983,1.0850201845169067,0.9891497492790222,0.0,0.0,0.5493102073669434,0.45068976283073425,1.0404146909713745,0.9895958304405212,0.0,0.0
171.0,0.0,0.5134782195091248,0.48652175068855286,1.2356226444244385,0.9876437783241272,0.0,0.0,0.7963424324989319,0.2036575824022293,0.4627046585083008,0.9953728914260864,0.0,0.0
171.0,1.0,0.5892192721366882,0.41078078746795654,1.0523666143417358,0.9894763827323914,0.0,0.0,0.5041986703872681,0.4958013892173767,1.169549822807312,0.9883045554161072,0.0,0.0
171.0,2.0,0.5687655806541443,0.4312345087528229,1.0751230716705322,0.9892486929893494,0.0,0.0,0.5830916166305542,0.4169084429740906,1.0817755460739136,0.98918217420578,0.0,0.0
171.0,3.0,0.609307050704956,0.39069288969039917,0.9367602467536926,0.9906324148178101,0.0,0.0,0.4126715362071991,0.5873284935951233,1.6676684617996216,0.983323335647583,0.0,0.0
171.0,4.0,0.5770107507705688,0.42298927903175354,1.0850200653076172,0.9891498684883118,0.0,0.0,0.5493102073669434,0.45068979263305664,1.0404146909713745,0.9895958304405212,0.0,0.0
172.0,0.0,0.5134783387184143,0.48652175068855286,1.2356228828430176,0.9876438975334167,0.0,0.0,0.7963424324989319,0.2036575824022293,0.4627046585083008,0.9953728914260864,0.0,0.0
172.0,1.0,0.589219331741333,0.41078075766563416,1.0523667335510254,0.9894762635231018,0.0,0.0,0.5041986703872681,0.4958013594150543,1.1695499420166016,0.9883045554161072,0.0,0.0
172.0,2.0,0.5687655806541443,0.4312344193458557,1.0751228332519531,0.9892488121986389,0.0,0.0,0.5830915570259094,0.4169084131717682,1.0817755460739136,0.9891822934150696,0.0,0.0
172.0,3.0,0.6093071103096008,0.3906928598880768,0.9367602467536926,0.9906323552131653,0.0,0.0,0.4126715064048767,0.5873284935951233,1.6676684617996216,0.9833232164382935,0.0,0.0
172.0,4.0,0.5770106911659241,0.4229893386363983,1.0850201845169067,0.9891496896743774,0.0,0.0,0.5493102073669434,0.45068979263305664,1.0404146909713745,0.9895959496498108,0.0,0.0
173.0,0.0,0.5134782195091248,0.48652175068855286,1.2356228828430176,0.9876437783241272,0.0,0.0,0.7963424324989319,0.2036575973033905,0.4627046585083008,0.9953728914260864,0.0,0.0
173.0,1.0,0.5892192721366882,0.4107806980609894,1.0523667335510254,0.9894763231277466,0.0,0.0,0.5041986703872681,0.4958013594150543,1.1695499420166016,0.988304615020752,0.0,0.0
173.0,2.0,0.5687655210494995,0.4312344789505005,1.0751229524612427,0.9892489314079285,0.0,0.0,0.5830916166305542,0.4169084131717682,1.0817755460739136,0.98918217420578,0.0,0.0
173.0,3.0,0.6093071103096008,0.39069294929504395,0.9367601275444031,0.9906324744224548,0.0,0.0,0.4126715064048767,0.5873284935951233,1.6676682233810425,0.983323335647583,0.0,0.0
173.0,4.0,0.5770106315612793,0.4229893386363983,1.0850200653076172,0.9891498684883118,0.0,0.0,0.5493102073669434,0.45068979263305664,1.0404146909713745,0.9895958304405212,0.0,0.0
174.0,0.0,0.5134783387184143,0.48652172088623047,1.2356228828430176,0.9876437783241272,0.0,0.0,0.7963424324989319,0.2036575824022293,0.4627046585083008,0.9953728914260864,0.0,0.0
174.0,1.0,0.5892192721366882,0.41078072786331177,1.0523667335510254,0.9894763231277466,0.0,0.0,0.5041986703872681,0.4958013594150543,1.1695499420166016,0.9883045554161072,0.0,0.0
174.0,2.0,0.5687655210494995,0.4312345087528229,1.0751230716705322,0.9892487525939941,0.0,0.0,0.5830916166305542,0.4169084131717682,1.0817755460739136,0.9891822934150696,0.0,0.0
174.0,3.0,0.6093071103096008,0.39069288969039917,0.9367601275444031,0.9906323552131653,0.0,0.0,0.4126715064048767,0.5873284935951233,1.6676684617996216,0.983323335647583,0.0,0.0
174.0,4.0,0.5770106911659241,0.4229893386363983,1.0850200653076172,0.989149808883667,0.0,0.0,0.5493102073669434,0.45068976283073425,1.0404146909713745,0.9895958304405212,0.0,0.0
175.0,0.0,0.5134782791137695,0.48652175068855286,1.2356230020523071,0.987643837928772,0.0,0.0,0.7963424324989319,0.2036575973033905,0.4627046585083008,0.9953729510307312,0.0,0.0
175.0,1.0,0.5892192721366882,0.4107806980609894,1.0523666143417358,0.9894763231277466,0.0,0.0,0.5041986107826233,0.4958013892173767,1.1695499420166016,0.9883044958114624,0.0,0.0
175.0,2.0,0.5687655210494995,0.4312344789505005,1.0751229524612427,0.9892488121986389,0.0,0.0,0.5830915570259094,0.4169084429740906,1.0817755460739136,0.9891822934150696,0.0,0.0
175.0,3.0,0.609307050704956,0.39069294929504395,0.9367600083351135,0.9906325340270996,0.0,0.0,0.4126715362071991,0.5873284935951233,1.6676682233810425,0.9833232164382935,0.0,0.0
175.0,4.0,0.5770106911659241,0.4229893386363983,1.0850201845169067,0.9891496300697327,0.0,0.0,0.5493102669715881,0.45068976283073425,1.0404146909713745,0.9895958304405212,0.0,0.0
176.0,0.0,0.5134782791137695,0.48652175068855286,1.2356228828430176,0.9876437187194824,0.0,0.0,0.7963424324989319,0.2036575824022293,0.4627046585083008,0.9953728914260864,0.0,0.0
176.0,1.0,0.589219331741333,0.41078072786331177,1.0523666143417358,0.9894764423370361,0.0,0.0,0.5041986107826233,0.4958013892173767,1.1695499420166016,0.9883045554161072,0.0,0.0
176.0,2.0,0.5687655210494995,0.43123456835746765,1.0751229524612427,0.9892488121986389,0.0,0.0,0.5830916166305542,0.4169084131717682,1.0817755460739136,0.98918217420578,0.0,0.0
176.0,3.0,0.6093071103096008,0.3906930088996887,0.9367601275444031,0.9906324148178101,0.0,0.0,0.4126715362071991,0.5873284935951233,1.6676684617996216,0.983323335647583,0.0,0.0
176.0,4.0,0.5770107507705688,0.4229893684387207,1.0850201845169067,0.989149808883667,0.0,0.0,0.5493102669715881,0.45068976283073425,1.0404146909713745,0.9895958304405212,0.0,0.0
177.0,0.0,0.5134782791137695,0.4865216910839081,1.2356228828430176,0.9876437187194824,0.0,0.0,0.7963423728942871,0.2036575973033905,0.4627046585083008,0.9953729510307312,0.0,0.0
177.0,1.0,0.5892192125320435,0.41078078746795654,1.0523666143417358,0.9894763827323914,0.0,0.0,0.5041986703872681,0.4958013892173767,1.169549822807312,0.988304615020752,0.0,0.0
177.0,2.0,0.5687655210494995,0.4312345087528229,1.0751229524612427,0.9892487525939941,0.0,0.0,0.5830916166305542,0.4169084429740906,1.0817755460739136,0.98918217420578,0.0,0.0
177.0,3.0,0.6093071103096008,0.39069288969039917,0.9367602467536926,0.9906324148178101,0.0,0.0,0.4126715064048767,0.5873284935951233,1.6676682233810425,0.9833232164382935,0.0,0.0
177.0,4.0,0.5770106911659241,0.4229893088340759,1.0850201845169067,0.989149808883667,0.0,0.0,0.5493101477622986,0.45068979263305664,1.0404146909713745,0.9895958304405212,0.0,0.0
178.0,0.0,0.5134783387184143,0.4865216910839081,1.2356226444244385,0.9876437783241272,0.0,0.0,0.7963423728942871,0.2036575973033905,0.4627046585083008,0.9953729510307312,0.0,0.0
178.0,1.0,0.5892192721366882,0.41078075766563416,1.052366852760315,0.9894763231277466,0.0,0.0,0.5041986703872681,0.4958013892173767,1.169549822807312,0.9883045554161072,0.0,0.0
178.0,2.0,0.5687655806541443,0.4312344193458557,1.0751229524612427,0.9892488121986389,0.0,0.0,0.5830916166305542,0.4169084429740906,1.0817755460739136,0.9891822934150696,0.0,0.0
178.0,3.0,0.6093071699142456,0.39069294929504395,0.9367602467536926,0.9906323552131653,0.0,0.0,0.4126715064048767,0.5873284935951233,1.6676684617996216,0.983323335647583,0.0,0.0
178.0,4.0,0.5770106911659241,0.4229893088340759,1.0850200653076172,0.989149808883667,0.0,0.0,0.5493102669715881,0.45068979263305664,1.0404146909713745,0.9895958304405212,0.0,0.0
179.0,0.0,0.5134782195091248,0.48652175068855286,1.2356228828430176,0.9876437783241272,0.0,0.0,0.7963424324989319,0.2036575824022293,0.4627046585083008,0.9953729510307312,0.0,0.0
179.0,1.0,0.589219331741333,0.4107806980609894,1.0523667335510254,0.9894762635231018,0.0,0.0,0.5041986703872681,0.4958013892173767,1.1695499420166016,0.9883045554161072,0.0,0.0
179.0,2.0,0.5687655210494995,0.43123453855514526,1.0751230716705322,0.9892487525939941,0.0,0.0,0.5830916166305542,0.4169084131717682,1.0817755460739136,0.9891822934150696,0.0,0.0
179.0,3.0,0.609307050704956,0.39069288969039917,0.9367601275444031,0.9906324148178101,0.0,0.0,0.4126715064048767,0.5873284935951233,1.6676682233810425,0.9833233952522278,0.0,0.0
179.0,4.0,0.5770106911659241,0.4229893088340759,1.0850200653076172,0.9891498684883118,0.0,0.0,0.5493102073669434,0.45068979263305664,1.0404146909713745,0.9895958304405212,0.0,0.0
180.0,0.0,0.5134782791137695,0.48652175068855286,1.2356228828430176,0.9876437783241272,0.0,0.0,0.7963424324989319,0.2036575973033905,0.4627046585083008,0.9953728914260864,0.0,0.0
180.0,1.0,0.589219331741333,0.41078072786331177,1.0523667335510254,0.9894763231277466,0.0,0.0,0.5041986703872681,0.4958013892173767,1.169549822807312,0.9883045554161072,0.0,0.0
180.0,2.0,0.5687655806541443,0.4312344789505005,1.0751229524612427,0.9892488121986389,0.0,0.0,0.5830915570259094,0.4169084429740906,1.0817755460739136,0.98918217420578,0.0,0.0
180.0,3.0,0.6093071103096008,0.39069288969039917,0.9367601275444031,0.9906324148178101,0.0,0.0,0.4126715064048767,0.5873284935951233,1.667668104171753,0.983323335647583,0.0,0.0
180.0,4.0,0.5770107507705688,0.4229893386363983,1.0850201845169067,0.9891496896743774,0.0,0.0,0.5493102073669434,0.45068979263305664,1.0404146909713745,0.9895959496498108,0.0,0.0
181.0,0.0,0.5134783387184143,0.4865216612815857,1.2356228828430176,0.9876438975334167,0.0,0.0,0.7963423728942871,0.2036575973033905,0.4627046585083008,0.9953729510307312,0.0,0.0
181.0,1.0,0.5892192125320435,0.41078075766563416,1.0523667335510254,0.9894762635231018,0.0,0.0,0.5041986107826233,0.4958013892173767,1.1695499420166016,0.9883044958114624,0.0,0.0
181.0,2.0,0.5687655210494995,0.4312344789505005,1.0751229524612427,0.9892487525939941,0.0,0.0,0.5830916166305542,0.4169084429740906,1.0817755460739136,0.98918217420578,0.0,0.0
181.0,3.0,0.609307050704956,0.39069288969039917,0.9367602467536926,0.9906323552131653,0.0,0.0,0.41267144680023193,0.5873285531997681,1.6676682233810425,0.983323335647583,0.0,0.0
181.0,4.0,0.5770106911659241,0.4229893684387207,1.0850201845169067,0.9891497492790222,0.0,0.0,0.5493102073669434,0.45068979263305664,1.0404146909713745,0.9895958304405212,0.0,0.0
182.0,0.0,0.5134782791137695,0.48652172088623047,1.2356228828430176,0.9876437783241272,0.0,0.0,0.7963424324989319,0.2036575824022293,0.4627046585083008,0.9953729510307312,0.0,0.0
182.0,1.0,0.589219331741333,0.41078072786331177,1.0523667335510254,0.9894762635231018,0.0,0.0,0.5041986107826233,0.4958013594150543,1.169549822807312,0.9883045554161072,0.0,0.0
182.0,2.0,0.5687655210494995,0.4312345087528229,1.0751230716705322,0.9892488121986389,0.0,0.0,0.5830916166305542,0.4169084429740906,1.0817755460739136,0.9891822934150696,0.0,0.0
182.0,3.0,0.6093071103096008,0.39069297909736633,0.9367602467536926,0.9906324148178101,0.0,0.0,0.4126715064048767,0.5873284935951233,1.6676684617996216,0.983323335647583,0.0,0.0
182.0,4.0,0.5770106911659241,0.4229893088340759,1.0850201845169067,0.9891498684883118,0.0,0.0,0.5493102669715881,0.45068979263305664,1.0404146909713745,0.9895958304405212,0.0,0.0
183.0,0.0,0.5134782195091248,0.48652184009552,1.2356228828430176,0.9876437783241272,0.0,0.0,0.7963424324989319,0.2036575973033905,0.4627046585083008,0.9953729510307312,0.0,0.0
183.0,1.0,0.5892192125320435,0.41078075766563416,1.0523667335510254,0.9894763231277466,0.0,0.0,0.5041986107826233,0.4958013892173767,1.169549822807312,0.988304615020752,0.0,0.0
183.0,2.0,0.5687655806541443,0.4312345087528229,1.0751229524612427,0.9892486929893494,0.0,0.0,0.5830916166305542,0.4169084131717682,1.0817755460739136,0.9891822934150696,0.0,0.0
183.0,3.0,0.609307050704956,0.39069294929504395,0.9367601275444031,0.9906324148178101,0.0,0.0,0.4126715362071991,0.5873284935951233,1.6676682233810425,0.983323335647583,0.0,0.0
183.0,4.0,0.5770107507705688,0.4229893088340759,1.0850201845169067,0.9891496896743774,0.0,0.0,0.5493102669715881,0.45068979263305664,1.0404146909713745,0.9895958304405212,0.0,0.0
184.0,0.0,0.5134782791137695,0.48652175068855286,1.2356228828430176,0.9876437783241272,0.0,0.0,0.7963424324989319,0.2036575973033905,0.4627046585083008,0.9953728914260864,0.0,0.0
184.0,1.0,0.5892192721366882,0.41078075766563416,1.0523667335510254,0.9894763231277466,0.0,0.0,0.5041986703872681,0.4958013594150543,1.169549822807312,0.9883045554161072,0.0,0.0
184.0,2.0,0.5687655210494995,0.4312344193458557,1.0751230716705322,0.9892487525939941,0.0,0.0,0.5830916166305542,0.4169084429740906,1.0817755460739136,0.9891822934150696,0.0,0.0
184.0,3.0,0.6093071103096008,0.39069294929504395,0.9367601275444031,0.9906324744224548,0.0,0.0,0.41267144680023193,0.5873284935951233,1.6676684617996216,0.9833233952522278,0.0,0.0
184.0,4.0,0.5770107507705688,0.42298927903175354,1.0850200653076172,0.989149808883667,0.0,0.0,0.5493102073669434,0.45068976283073425,1.0404146909713745,0.9895958304405212,0.0,0.0
185.0,0.0,0.5134782195091248,0.48652184009552,1.2356228828430176,0.987643837928772,0.0,0.0,0.7963424324989319,0.2036575824022293,0.4627046585083008,0.9953728914260864,0.0,0.0
185.0,1.0,0.5892192125320435,0.41078072786331177,1.0523667335510254,0.9894763231277466,0.0,0.0,0.5041986107826233,0.4958013892173767,1.169549822807312,0.9883044958114624,0.0,0.0
185.0,2.0,0.5687655210494995,0.4312345087528229,1.0751229524612427,0.9892487525939941,0.0,0.0,0.5830916166305542,0.4169084131717682,1.0817755460739136,0.9891822934150696,0.0,0.0
185.0,3.0,0.609307050704956,0.39069288969039917,0.9367601275444031,0.9906324744224548,0.0,0.0,0.4126715064048767,0.5873284935951233,1.6676682233810425,0.983323335647583,0.0,0.0
185.0,4.0,0.5770106315612793,0.4229893386363983,1.0850203037261963,0.989149808883667,0.0,0.0,0.5493102669715881,0.45068976283073425,1.0404146909713745,0.9895958304405212,0.0,0.0
186.0,0.0,0.5134782791137695,0.4865216910839081,1.2356230020523071,0.9876437783241272,0.0,0.0,0.7963424324989319,0.2036575824022293,0.4627046585083008,0.9953728914260864,0.0,0.0
186.0,1.0,0.5892192125320435,0.41078075766563416,1.0523667335510254,0.9894763231277466,0.0,0.0,0.5041986107826233,0.4958013892173767,1.169549822807312,0.9883044958114624,0.0,0.0
186.0,2.0,0.5687655210494995,0.43123453855514526,1.0751229524612427,0.9892489314079285,0.0,0.0,0.5830916166305542,0.4169084429740906,1.0817755460739136,0.9891822934150696,0.0,0.0
186.0,3.0,0.6093071103096008,0.3906928598880768,0.9367603063583374,0.9906323552131653,0.0,0.0,0.4126715064048767,0.5873284935951233,1.6676682233810425,0.983323335647583,0.0,0.0
186.0,4.0,0.5770107507705688,0.4229893088340759,1.0850201845169067,0.9891497492790222,0.0,0.0,0.5493102073669434,0.45068976283073425,1.0404146909713745,0.9895958304405212,0.0,0.0
187.0,0.0,0.5134782195091248,0.48652172088623047,1.2356230020523071,0.9876437783241272,0.0,0.0,0.7963424324989319,0.2036575824022293,0.4627046585083008,0.9953729510307312,0.0,0.0
187.0,1.0,0.589219331741333,0.41078075766563416,1.0523667335510254,0.9894763827323914,0.0,0.0,0.5041986703872681,0.4958013594150543,1.169549822807312,0.9883045554161072,0.0,0.0
187.0,2.0,0.5687655210494995,0.4312344193458557,1.0751229524612427,0.9892487525939941,0.0,0.0,0.5830916166305542,0.4169084131717682,1.0817755460739136,0.9891822934150696,0.0,0.0
187.0,3.0,0.6093071103096008,0.39069288969039917,0.9367601275444031,0.9906324148178101,0.0,0.0,0.4126715362071991,0.5873284935951233,1.6676684617996216,0.9833232164382935,0.0,0.0
187.0,4.0,0.5770106315612793,0.4229893386363983,1.0850201845169067,0.989149808883667,0.0,0.0,0.5493102073669434,0.45068976283073425,1.0404146909713745,0.9895957708358765,0.0,0.0
188.0,0.0,0.5134782195091248,0.48652172088623047,1.2356228828430176,0.9876437783241272,0.0,0.0,0.7963423728942871,0.2036575824022293,0.4627046585083008,0.9953728914260864,0.0,0.0
188.0,1.0,0.5892192721366882,0.41078075766563416,1.0523667335510254,0.9894763827323914,0.0,0.0,0.5041986703872681,0.4958013594150543,1.1695499420166016,0.9883045554161072,0.0,0.0
188.0,2.0,0.5687655210494995,0.4312345087528229,1.0751230716705322,0.9892488121986389,0.0,0.0,0.5830915570259094,0.4169084429740906,1.0817755460739136,0.9891822934150696,0.0,0.0
188.0,3.0,0.609307050704956,0.39069294929504395,0.9367602467536926,0.9906323552131653,0.0,0.0,0.4126715064048767,0.5873284935951233,1.6676684617996216,0.983323335647583,0.0,0.0
188.0,4.0,0.5770107507705688,0.42298924922943115,1.0850200653076172,0.9891498684883118,0.0,0.0,0.5493102669715881,0.45068976283073425,1.0404146909713745,0.9895958304405212,0.0,0.0
189.0,0.0,0.5134782791137695,0.48652172088623047,1.2356228828430176,0.9876437187194824,0.0,0.0,0.7963424324989319,0.2036575824022293,0.4627046585083008,0.9953729510307312,0.0,0.0
189.0,1.0,0.5892192125320435,0.41078075766563416,1.0523666143417358,0.9894763827323914,0.0,0.0,0.5041986107826233,0.4958013892173767,1.169549822807312,0.9883044958114624,0.0,0.0
189.0,2.0,0.5687654614448547,0.43123453855514526,1.0751230716705322,0.9892487525939941,0.0,0.0,0.5830916166305542,0.4169084429740906,1.0817755460739136,0.9891822934150696,0.0,0.0
189.0,3.0,0.6093071103096008,0.3906928598880768,0.9367601275444031,0.9906324148178101,0.0,0.0,0.41267144680023193,0.5873284935951233,1.6676682233810425,0.9833232164382935,0.0,0.0
189.0,4.0,0.5770106315612793,0.4229893386363983,1.0850201845169067,0.989149808883667,0.0,0.0,0.5493102073669434,0.45068979263305664,1.0404146909713745,0.9895959496498108,0.0,0.0
190.0,0.0,0.5134782791137695,0.48652175068855286,1.2356226444244385,0.987643837928772,0.0,0.0,0.7963424324989319,0.2036575824022293,0.4627046585083008,0.9953729510307312,0.0,0.0
190.0,1.0,0.5892192721366882,0.41078075766563416,1.0523666143417358,0.9894763827323914,0.0,0.0,0.5041986703872681,0.4958013892173767,1.1695499420166016,0.9883045554161072,0.0,0.0
190.0,2.0,0.5687655210494995,0.4312345087528229,1.0751229524612427,0.9892487525939941,0.0,0.0,0.5830916166305542,0.4169084429740906,1.0817755460739136,0.9891822934150696,0.0,0.0
190.0,3.0,0.6093071103096008,0.39069294929504395,0.9367601275444031,0.9906324148178101,0.0,0.0,0.4126715362071991,0.5873284935951233,1.6676684617996216,0.9833233952522278,0.0,0.0
190.0,4.0,0.5770106315612793,0.4229893088340759,1.0850201845169067,0.9891497492790222,0.0,0.0,0.5493102669715881,0.45068976283073425,1.0404146909713745,0.9895957708358765,0.0,0.0
191.0,0.0,0.5134782791137695,0.48652172088623047,1.2356226444244385,0.987643837928772,0.0,0.0,0.7963424324989319,0.2036575824022293,0.4627046585083008,0.9953728914260864,0.0,0.0
191.0,1.0,0.5892192721366882,0.41078072786331177,1.0523666143417358,0.9894763827323914,0.0,0.0,0.5041986703872681,0.4958013594150543,1.1695499420166016,0.9883045554161072,0.0,0.0
191.0,2.0,0.5687655210494995,0.4312344789505005,1.0751230716705322,0.9892486929893494,0.0,0.0,0.5830916166305542,0.4169084131717682,1.0817755460739136,0.9891822934150696,0.0,0.0
191.0,3.0,0.6093071103096008,0.3906928598880768,0.9367601275444031,0.9906324148178101,0.0,0.0,0.4126715064048767,0.5873284935951233,1.6676682233810425,0.983323335647583,0.0,0.0
191.0,4.0,0.5770106315612793,0.4229893386363983,1.0850200653076172,0.9891498684883118,0.0,0.0,0.5493102073669434,0.45068976283073425,1.0404146909713745,0.9895958304405212,0.0,0.0
192.0,0.0,0.5134782195091248,0.48652175068855286,1.2356228828430176,0.987643837928772,0.0,0.0,0.7963424324989319,0.2036575824022293,0.4627046585083008,0.9953728914260864,0.0,0.0
192.0,1.0,0.5892192721366882,0.41078075766563416,1.0523667335510254,0.9894762635231018,0.0,0.0,0.5041986107826233,0.4958013892173767,1.1695499420166016,0.9883045554161072,0.0,0.0
192.0,2.0,0.5687655210494995,0.43123453855514526,1.0751230716705322,0.9892486929893494,0.0,0.0,0.5830916166305542,0.4169084429740906,1.0817755460739136,0.9891822934150696,0.0,0.0
192.0,3.0,0.6093071103096008,0.3906928598880768,0.9367601275444031,0.9906324148178101,0.0,0.0,0.4126715362071991,0.5873284935951233,1.6676684617996216,0.983323335647583,0.0,0.0
192.0,4.0,0.5770107507705688,0.4229893386363983,1.0850201845169067,0.9891496896743774,0.0,0.0,0.5493102669715881,0.45068976283073425,1.0404146909713745,0.9895958304405212,0.0,0.0
193.0,0.0,0.5134783387184143,0.48652175068855286,1.2356226444244385,0.987643837928772,0.0,0.0,0.7963424324989319,0.2036575824022293,0.4627046585083008,0.9953728914260864,0.0,0.0
193.0,1.0,0.5892192125320435,0.41078075766563416,1.0523667335510254,0.9894763827323914,0.0,0.0,0.5041986703872681,0.4958013594150543,1.1695499420166016,0.9883045554161072,0.0,0.0
193.0,2.0,0.5687655806541443,0.43123453855514526,1.0751230716705322,0.9892486929893494,0.0,0.0,0.5830916166305542,0.4169084131717682,1.0817755460739136,0.9891822934150696,0.0,0.0
193.0,3.0,0.609307050704956,0.39069294929504395,0.9367601275444031,0.9906324744224548,0.0,0.0,0.4126715064048767,0.5873284935951233,1.6676684617996216,0.9833233952522278,0.0,0.0
193.0,4.0,0.5770106911659241,0.42298927903175354,1.0850200653076172,0.989149808883667,0.0,0.0,0.5493102073669434,0.45068979263305664,1.0404146909713745,0.9895959496498108,0.0,0.0
194.0,0.0,0.5134782195091248,0.48652175068855286,1.2356228828430176,0.9876437783241272,0.0,0.0,0.7963424324989319,0.2036575824022293,0.4627046585083008,0.9953728914260864,0.0,0.0
194.0,1.0,0.5892192721366882,0.41078075766563416,1.0523667335510254,0.9894763231277466,0.0,0.0,0.5041986107826233,0.4958013594150543,1.169549822807312,0.9883044958114624,0.0,0.0
194.0,2.0,0.5687655210494995,0.4312344789505005,1.0751230716705322,0.9892486333847046,0.0,0.0,0.5830916166305542,0.4169084429740906,1.0817755460739136,0.98918217420578,0.0,0.0
194.0,3.0,0.6093071103096008,0.39069288969039917,0.9367601275444031,0.9906324148178101,0.0,0.0,0.4126715064048767,0.5873284935951233,1.6676682233810425,0.9833232164382935,0.0,0.0
194.0,4.0,0.5770106315612793,0.4229893684387207,1.0850199460983276,0.989149808883667,0.0,0.0,0.5493102073669434,0.45068979263305664,1.0404146909713745,0.9895958304405212,0.0,0.0
195.0,0.0,0.51347815990448,0.48652178049087524,1.2356228828430176,0.9876437187194824,0.0,0.0,0.7963424324989319,0.2036575824022293,0.4627046585083008,0.9953728914260864,0.0,0.0
195.0,1.0,0.5892192125320435,0.41078075766563416,1.0523667335510254,0.9894763827323914,0.0,0.0,0.5041986703872681,0.4958013892173767,1.169549822807312,0.9883044958114624,0.0,0.0
195.0,2.0,0.5687655210494995,0.4312344193458557,1.0751229524612427,0.9892487525939941,0.0,0.0,0.5830916166305542,0.4169084131717682,1.0817755460739136,0.9891822934150696,0.0,0.0
195.0,3.0,0.6093071699142456,0.39069294929504395,0.9367602467536926,0.9906324744224548,0.0,0.0,0.41267144680023193,0.5873284935951233,1.6676684617996216,0.9833233952522278,0.0,0.0
195.0,4.0,0.5770106911659241,0.4229893088340759,1.0850200653076172,0.989149808883667,0.0,0.0,0.5493102073669434,0.45068976283073425,1.0404146909713745,0.9895958304405212,0.0,0.0
196.0,0.0,0.5134782195091248,0.48652175068855286,1.2356228828430176,0.987643837928772,0.0,0.0,0.7963423728942871,0.2036575973033905,0.4627046585083008,0.9953728914260864,0.0,0.0
196.0,1.0,0.5892192721366882,0.41078072786331177,1.0523667335510254,0.9894761443138123,0.0,0.0,0.5041986703872681,0.4958013594150543,1.169549822807312,0.9883045554161072,0.0,0.0
196.0,2.0,0.5687655806541443,0.4312345087528229,1.0751229524612427,0.9892487525939941,0.0,0.0,0.5830916166305542,0.4169084429740906,1.0817755460739136,0.9891822934150696,0.0,0.0
196.0,3.0,0.6093071103096008,0.39069294929504395,0.9367601275444031,0.9906324148178101,0.0,0.0,0.4126715064048767,0.5873284935951233,1.6676682233810425,0.9833233952522278,0.0,0.0
196.0,4.0,0.5770107507705688,0.4229893088340759,1.0850201845169067,0.9891498684883118,0.0,0.0,0.5493102073669434,0.45068979263305664,1.0404146909713745,0.9895959496498108,0.0,0.0
197.0,0.0,0.5134783387184143,0.4865216612815857,1.2356228828430176,0.987643837928772,0.0,0.0,0.7963424324989319,0.2036575824022293,0.4627046585083008,0.9953729510307312,0.0,0.0
197.0,1.0,0.5892192721366882,0.41078075766563416,1.0523667335510254,0.9894763231277466,0.0,0.0,0.5041986703872681,0.4958013594150543,1.1695499420166016,0.9883045554161072,0.0,0.0
197.0,2.0,0.5687655210494995,0.4312344789505005,1.0751230716705322,0.9892486929893494,0.0,0.0,0.5830916166305542,0.4169084131717682,1.0817755460739136,0.98918217420578,0.0,0.0
197.0,3.0,0.6093071699142456,0.39069288969039917,0.9367601275444031,0.9906324744224548,0.0,0.0,0.41267144680023193,0.5873284935951233,1.6676682233810425,0.9833232164382935,0.0,0.0
197.0,4.0,0.5770106911659241,0.4229893088340759,1.0850200653076172,0.9891497492790222,0.0,0.0,0.5493101477622986,0.45068979263305664,1.0404146909713745,0.9895958304405212,0.0,0.0
198.0,0.0,0.5134782195091248,0.48652184009552,1.2356228828430176,0.987643837928772,0.0,0.0,0.7963424324989319,0.2036575824022293,0.4627046585083008,0.9953728914260864,0.0,0.0
198.0,1.0,0.5892192721366882,0.41078075766563416,1.0523667335510254,0.9894763827323914,0.0,0.0,0.5041986107826233,0.4958013892173767,1.1695499420166016,0.9883045554161072,0.0,0.0
198.0,2.0,0.5687654614448547,0.43123453855514526,1.0751229524612427,0.9892487525939941,0.0,0.0,0.5830915570259094,0.4169084131717682,1.0817755460739136,0.98918217420578,0.0,0.0
198.0,3.0,0.6093071699142456,0.39069288969039917,0.9367601275444031,0.9906324148178101,0.0,0.0,0.41267144680023193,0.5873284935951233,1.6676682233810425,0.983323335647583,0.0,0.0
198.0,4.0,0.5770106911659241,0.4229893088340759,1.0850200653076172,0.9891498684883118,0.0,0.0,0.5493102073669434,0.45068976283073425,1.0404146909713745,0.9895958304405212,0.0,0.0
199.0,0.0,0.5134782195091248,0.48652175068855286,1.2356228828430176,0.9876438975334167,0.0,0.0,0.7963424324989319,0.2036575824022293,0.4627046585083008,0.9953728914260864,0.0,0.0
199.0,1.0,0.5892192721366882,0.41078072786331177,1.0523667335510254,0.9894764423370361,0.0,0.0,0.5041986703872681,0.4958013594150543,1.169549822807312,0.9883045554161072,0.0,0.0
199.0,2.0,0.5687655806541443,0.4312344193458557,1.0751230716705322,0.9892486929893494,0.0,0.0,0.5830916166305542,0.4169084131717682,1.0817755460739136,0.9891822934150696,0.0,0.0
199.0,3.0,0.609307050704956,0.39069288969039917,0.9367602467536926,0.9906323552131653,0.0,0.0,0.4126715064048767,0.5873284935951233,1.6676684617996216,0.983323335647583,0.0,0.0
199.0,4.0,0.5770106911659241,0.4229893684387207,1.0850201845169067,0.9891497492790222,0.0,0.0,0.5493102073669434,0.45068976283073425,1.0404146909713745,0.9895958304405212,0.0,0.0
