epoch,fold,dice_train,loss_train,bce_train,accuracy_train,precision_train,f1_train,dice_test,loss_test,bce_test,accuracy_test,precision_test,f1_test
0.0,0.0,0.3720185160636902,0.6279818415641785,3.575721502304077,0.714413583278656,0.2921914756298065,0.37212178111076355,0.3770301043987274,0.6229699850082397,2.6656758785247803,0.7453380823135376,0.27321308851242065,0.37719619274139404
0.0,1.0,0.5775013566017151,0.4224986135959625,1.279394507408142,0.8694539070129395,0.5507990121841431,0.5912022590637207,0.512512743473053,0.487487256526947,0.5684828162193298,0.8854008913040161,0.4525827169418335,0.5179139971733093
0.0,2.0,0.6462711095809937,0.3537292182445526,0.528076708316803,0.887729823589325,0.5907999277114868,0.6525537967681885,0.7030513286590576,0.2969488501548767,0.24876917898654938,0.9388087391853333,0.76994788646698,0.7005861401557922
0.0,3.0,0.6726171970367432,0.32738280296325684,0.45919933915138245,0.909175455570221,0.639908492565155,0.6747304201126099,0.8262529373168945,0.17374756932258606,0.27419745922088623,0.9258596897125244,0.8294885158538818,0.8282129168510437
0.0,4.0,0.751001238822937,0.24899862706661224,0.4217475354671478,0.9241794943809509,0.7178221344947815,0.7502782940864563,0.5523051619529724,0.44769471883773804,1.5644798278808594,0.8306164145469666,0.47627362608909607,0.5549511313438416
1.0,0.0,0.7652158141136169,0.2347848266363144,0.3979320824146271,0.9263143539428711,0.7316568493843079,0.7637474536895752,0.6811295747756958,0.31887057423591614,0.8912109732627869,0.8445307016372681,0.5549889206886292,0.6819782853126526
1.0,1.0,0.7988185286521912,0.20118239521980286,0.41566649079322815,0.9225537776947021,0.7618727087974548,0.7955688238143921,0.6552046537399292,0.34479501843452454,0.4434603154659271,0.919939398765564,0.6091606020927429,0.6574051380157471
1.0,2.0,0.7586661577224731,0.24133405089378357,0.3856964707374573,0.9105281829833984,0.7198197841644287,0.7609294652938843,0.7888884544372559,0.21111099421977997,0.17338719964027405,0.9400969743728638,0.8206840753555298,0.7885898947715759
1.0,3.0,0.7744836211204529,0.22551575303077698,0.2921707034111023,0.9236229062080383,0.7580925226211548,0.7716427445411682,0.8720868229866028,0.12791317701339722,0.17065362632274628,0.9334807395935059,0.8503063917160034,0.8712925910949707
1.0,4.0,0.8164994120597839,0.18350055813789368,0.211520254611969,0.9324755072593689,0.7976535558700562,0.813919186592102,0.7244019508361816,0.2755979895591736,0.4313396215438843,0.8612985014915466,0.731160044670105,0.7287681698799133
2.0,0.0,0.829123854637146,0.1708754450082779,0.18352709710597992,0.933671772480011,0.8182008266448975,0.8270389437675476,0.7528990507125854,0.2471008002758026,0.40991783142089844,0.8642736673355103,0.6854183673858643,0.7550082206726074
2.0,1.0,0.8552345633506775,0.14476604759693146,0.19915525615215302,0.9296350479125977,0.8392511010169983,0.8513426780700684,0.7178289294242859,0.28217148780822754,0.24317292869091034,0.9263423085212708,0.6861136555671692,0.7196040749549866
2.0,2.0,0.8095830082893372,0.19041688740253448,0.21683712303638458,0.9172646999359131,0.7964001893997192,0.811441957950592,0.8744665384292603,0.1255338191986084,0.14469057321548462,0.9482705593109131,0.8393511772155762,0.863172173500061
2.0,3.0,0.818213701248169,0.1817864626646042,0.18831606209278107,0.9282999634742737,0.807300865650177,0.8139764666557312,0.88198322057724,0.11801636964082718,0.13715313374996185,0.934126079082489,0.8621985912322998,0.8848381042480469
2.0,4.0,0.831043541431427,0.1689564734697342,0.22417263686656952,0.9335760474205017,0.819377601146698,0.8285670280456543,0.784726083278656,0.2152739316225052,0.27403393387794495,0.8673944473266602,0.7707210779190063,0.7890926003456116
3.0,0.0,0.8429210782051086,0.15707911550998688,0.18631859123706818,0.9346880912780762,0.8322914242744446,0.839995801448822,0.7870945930480957,0.21290548145771027,0.33423590660095215,0.8685969710350037,0.7643080949783325,0.788472056388855
3.0,1.0,0.8664126396179199,0.13358734548091888,0.1990797370672226,0.9303708672523499,0.8533260822296143,0.861565351486206,0.7329270839691162,0.2670726180076599,0.2659436762332916,0.9274047017097473,0.7144767045974731,0.7346973419189453
3.0,2.0,0.8231742978096008,0.17682604491710663,0.23593519628047943,0.918054461479187,0.8088583946228027,0.8239282965660095,0.893014132976532,0.10698635131120682,0.11324294656515121,0.9499176144599915,0.8837918043136597,0.8813492655754089
3.0,3.0,0.8232862949371338,0.17671342194080353,0.21733176708221436,0.9284690618515015,0.8136626482009888,0.8184696435928345,0.8981707096099854,0.1018294021487236,0.1743694245815277,0.9354344010353088,0.9052956700325012,0.8992241024971008
3.0,4.0,0.8525984287261963,0.14740225672721863,0.22012995183467865,0.9348413944244385,0.8370013236999512,0.8484610319137573,0.786411464214325,0.21358855068683624,0.34486520290374756,0.8674398064613342,0.8174653649330139,0.7890153527259827
4.0,0.0,0.8494588136672974,0.1505412459373474,0.23499542474746704,0.9347352385520935,0.838710367679596,0.8458221554756165,0.7971853613853455,0.20281468331813812,0.46660012006759644,0.8679145574569702,0.7458125948905945,0.7994403839111328
4.0,1.0,0.8834840059280396,0.11651594191789627,0.20739668607711792,0.9316344857215881,0.8671594262123108,0.8791667222976685,0.7469572424888611,0.25304290652275085,0.28488412499427795,0.9280779361724854,0.7366112470626831,0.7490627765655518
4.0,2.0,0.8257504105567932,0.17424975335597992,0.31774452328681946,0.9180895686149597,0.8137533664703369,0.8268765807151794,0.8952317833900452,0.10476823151111603,0.21834814548492432,0.9495962262153625,0.8600723147392273,0.883972704410553
4.0,3.0,0.8337881565093994,0.16621215641498566,0.25200167298316956,0.9290844798088074,0.8233879208564758,0.8284152150154114,0.9094703197479248,0.09052954614162445,0.2574954330921173,0.9358463287353516,0.8903862833976746,0.9102568626403809
4.0,4.0,0.8589987754821777,0.14100150763988495,0.27408522367477417,0.9352014064788818,0.8436781764030457,0.854580283164978,0.8142811059951782,0.18571877479553223,0.3030117154121399,0.8685163855552673,0.8216810822486877,0.8170607686042786
5.0,0.0,0.8565815091133118,0.14341771602630615,0.27075913548469543,0.9352642297744751,0.8454967141151428,0.8523877859115601,0.8148751258850098,0.18512485921382904,0.3229043483734131,0.8700007796287537,0.8010537028312683,0.8178267478942871
5.0,1.0,0.8821207284927368,0.11787960678339005,0.26811569929122925,0.9314712882041931,0.8655497431755066,0.8766998052597046,0.7539315819740295,0.2460680902004242,0.3526162803173065,0.9282032251358032,0.7444331049919128,0.7548505067825317
5.0,2.0,0.8333381414413452,0.1666615903377533,0.36004021763801575,0.9183811545372009,0.8201008439064026,0.8342155814170837,0.9032426476478577,0.09675764292478561,0.14753375947475433,0.9502795934677124,0.8937261700630188,0.8909362554550171
5.0,3.0,0.8419442772865295,0.15805500745773315,0.2680206000804901,0.9294469952583313,0.8292333483695984,0.8374228477478027,0.9131252765655518,0.08687479048967361,0.37334540486335754,0.9359347820281982,0.891938328742981,0.9134133458137512
5.0,4.0,0.8601669669151306,0.1398327350616455,0.29262664914131165,0.9351740479469299,0.8454206585884094,0.8556245565414429,0.8228141069412231,0.17718607187271118,0.3655506670475006,0.868767499923706,0.8039401769638062,0.8260015845298767
6.0,0.0,0.8615134358406067,0.13848678767681122,0.2794671058654785,0.9355610609054565,0.8484605550765991,0.8571682572364807,0.8163882493972778,0.18361186981201172,0.5488724708557129,0.86952805519104,0.7684630751609802,0.8193389177322388
6.0,1.0,0.8843234181404114,0.11567646265029907,0.2712717354297638,0.9315077066421509,0.8672996163368225,0.8780571818351746,0.7560558319091797,0.24394431710243225,0.37020424008369446,0.9282130599021912,0.7438265681266785,0.7571268677711487
6.0,2.0,0.8353551030158997,0.1646445393562317,0.3676275908946991,0.9184720516204834,0.8229606747627258,0.8352953791618347,0.9058735966682434,0.09412628412246704,0.1624474823474884,0.9502596259117126,0.894220232963562,0.8937240242958069
6.0,3.0,0.8464978337287903,0.15350209176540375,0.2870699167251587,0.9296629428863525,0.8335630893707275,0.8419588804244995,0.9156559109687805,0.08434377610683441,0.3618220388889313,0.9359799027442932,0.894438624382019,0.9134054780006409
6.0,4.0,0.8650031089782715,0.13499715924263,0.32031622529029846,0.9353795051574707,0.8495330810546875,0.8605718612670898,0.8253868818283081,0.1746131032705307,0.4039488434791565,0.8687585592269897,0.8329942226409912,0.8266986608505249
7.0,0.0,0.8635040521621704,0.13649596273899078,0.3330860137939453,0.9355642199516296,0.8506072163581848,0.858331024646759,0.8160384893417358,0.18396148085594177,0.8539584279060364,0.8691943287849426,0.7583454251289368,0.8178079724311829
7.0,1.0,0.8891041278839111,0.11089486628770828,0.3246793746948242,0.9318419694900513,0.8731687664985657,0.8828781843185425,0.7567598819732666,0.24323990941047668,0.40535736083984375,0.9281989932060242,0.7427687048912048,0.7573175430297852
7.0,2.0,0.834157407283783,0.16584284603595734,0.4306901693344116,0.9184296131134033,0.8202186226844788,0.8340067267417908,0.9036172032356262,0.0963829755783081,0.23148058354854584,0.9502534866333008,0.8834861516952515,0.8913158774375916
7.0,3.0,0.8464576601982117,0.15354210138320923,0.3022826015949249,0.9297005534172058,0.8327928781509399,0.8415154218673706,0.9170750975608826,0.08292528986930847,0.359855592250824,0.9360082149505615,0.8977413773536682,0.9154247045516968
7.0,4.0,0.8628553748130798,0.13714374601840973,0.3367849886417389,0.9353960752487183,0.8498247861862183,0.8594595193862915,0.8250823020935059,0.17491769790649414,0.4125552177429199,0.8688027858734131,0.8345412015914917,0.8268678188323975
8.0,0.0,0.8625127673149109,0.1374880075454712,0.3440577983856201,0.935539186000824,0.850487470626831,0.8575830459594727,0.8256930112838745,0.1743072271347046,0.5576696395874023,0.8700107932090759,0.7845324277877808,0.8275936841964722
8.0,1.0,0.8912752270698547,0.10872447490692139,0.29837965965270996,0.9320531487464905,0.8751790523529053,0.8865664005279541,0.7593631744384766,0.24063746631145477,0.41464635729789734,0.9282762408256531,0.746181845664978,0.7599902749061584
8.0,2.0,0.8409468531608582,0.15905353426933289,0.4385782480239868,0.9185896515846252,0.8265420198440552,0.8407251834869385,0.9110081791877747,0.088992178440094,0.1593163013458252,0.9504669308662415,0.9038029909133911,0.8998858332633972
8.0,3.0,0.8495607376098633,0.15043866634368896,0.33696603775024414,0.9297361373901367,0.8369485139846802,0.8440422415733337,0.9155844449996948,0.08441592007875443,0.45859065651893616,0.9359839558601379,0.8906602263450623,0.9155992269515991
8.0,4.0,0.8679929375648499,0.1320071965456009,0.3667301833629608,0.9355444312095642,0.8531780242919922,0.8630505204200745,0.8300626873970032,0.169937402009964,0.5643571615219116,0.868822455406189,0.7938872575759888,0.8317722082138062
9.0,0.0,0.8696480989456177,0.13035117089748383,0.36318832635879517,0.9357265830039978,0.854802668094635,0.8646656274795532,0.8311623334884644,0.16883741319179535,0.513627827167511,0.8706030249595642,0.826682984828949,0.8324165344238281
9.0,1.0,0.897259533405304,0.10273901373147964,0.3687412738800049,0.9321220517158508,0.8794391751289368,0.8907784223556519,0.7464209794998169,0.25357919931411743,0.5766159296035767,0.9268052577972412,0.7214718461036682,0.7469527125358582
9.0,2.0,0.842719554901123,0.15728053450584412,0.5080538988113403,0.9185153841972351,0.8267580270767212,0.8414670825004578,0.9032869935035706,0.09671290963888168,0.20329689979553223,0.9502356052398682,0.9043158292770386,0.8908411264419556
9.0,3.0,0.8514217734336853,0.14857880771160126,0.368608295917511,0.9296631813049316,0.8370801210403442,0.8465096354484558,0.9083545804023743,0.09164593368768692,0.43910694122314453,0.9358808398246765,0.8923239707946777,0.907748818397522
9.0,4.0,0.869784414768219,0.1302153468132019,0.3903546631336212,0.9354766011238098,0.8543789386749268,0.8651777505874634,0.8339128494262695,0.16608713567256927,0.5347046256065369,0.8689089417457581,0.8357394337654114,0.834712564945221
10.0,0.0,0.8750381469726562,0.12496166676282883,0.390324205160141,0.9356340169906616,0.8593454957008362,0.8700184226036072,0.8338927626609802,0.16610726714134216,0.6339438557624817,0.8704476356506348,0.8027873635292053,0.8350304961204529
10.0,1.0,0.8989116549491882,0.1010882779955864,0.3741393983364105,0.9322178959846497,0.8808659315109253,0.8939989805221558,0.769717276096344,0.23028263449668884,0.46491777896881104,0.9284164309501648,0.772903561592102,0.7698103785514832
10.0,2.0,0.839270293712616,0.16072984039783478,0.6130298376083374,0.9176703095436096,0.8238415122032166,0.838177502155304,0.726632833480835,0.27336713671684265,1.189067006111145,0.937630295753479,0.7178494334220886,0.7268299460411072
10.0,3.0,0.849270761013031,0.15072892606258392,0.5042348504066467,0.9287669658660889,0.840162456035614,0.8436315059661865,0.9187020659446716,0.08129826933145523,0.45208829641342163,0.9360558390617371,0.9068572521209717,0.9148897528648376
10.0,4.0,0.8784884214401245,0.12151124328374863,0.41046398878097534,0.9354318380355835,0.862769365310669,0.8725231289863586,0.8328056931495667,0.16719447076320648,0.6499977707862854,0.8688452243804932,0.812875509262085,0.8337861895561218
11.0,0.0,0.8814060688018799,0.11859375238418579,0.3992077112197876,0.9357783198356628,0.8659916520118713,0.8756328821182251,0.8302492499351501,0.16975077986717224,0.5945496559143066,0.8706567287445068,0.8449581861495972,0.8308736085891724
11.0,1.0,0.8942485451698303,0.10575126111507416,0.5451241731643677,0.9313818216323853,0.8745282888412476,0.8882157206535339,0.7989062070846558,0.20109379291534424,0.5210923552513123,0.9280150532722473,0.7907589673995972,0.7992843985557556
11.0,2.0,0.8577867150306702,0.1422131061553955,0.5388062000274658,0.9184675812721252,0.8418471813201904,0.8565263748168945,0.909950852394104,0.09004870802164078,0.2359643429517746,0.9504750967025757,0.8789544105529785,0.9019202589988708
11.0,3.0,0.8633686304092407,0.13663128018379211,0.4193434417247772,0.9295893311500549,0.8497787714004517,0.8591285943984985,0.9203943610191345,0.07960597425699234,0.4530986249446869,0.9360472559928894,0.9058113694190979,0.916486382484436
11.0,4.0,0.8802170157432556,0.11978277564048767,0.4485011100769043,0.9354206919670105,0.8638970255851746,0.8750966191291809,0.8341192007064819,0.16588078439235687,0.6567345261573792,0.8688874244689941,0.8271706700325012,0.8347829580307007
12.0,0.0,0.883517861366272,0.11648120731115341,0.43039628863334656,0.935802698135376,0.8681203722953796,0.8782771825790405,0.8321574330329895,0.1678425818681717,0.8835453987121582,0.8704379200935364,0.8182259202003479,0.8326486945152283
12.0,1.0,0.9003655910491943,0.0996340811252594,0.39019209146499634,0.9322412610054016,0.8829455971717834,0.8952802419662476,0.7904278635978699,0.20957227051258087,0.4887137711048126,0.9287604093551636,0.8020551800727844,0.790664792060852
12.0,2.0,0.8588786721229553,0.14112144708633423,0.5487044453620911,0.9185047745704651,0.8435758352279663,0.8577109575271606,0.915351390838623,0.08464828878641129,0.2150128334760666,0.9505770802497864,0.8951130509376526,0.9057555198669434
12.0,3.0,0.8637570738792419,0.13624219596385956,0.4068666994571686,0.9297699332237244,0.8517396450042725,0.8584003448486328,0.9211737513542175,0.07882598042488098,0.5471493601799011,0.9360512495040894,0.8911991119384766,0.9173170328140259
12.0,4.0,0.8843251466751099,0.11567437648773193,0.40470895171165466,0.9357408285140991,0.8679192066192627,0.8786798715591431,0.8335931301116943,0.1664067804813385,0.6644776463508606,0.8689161539077759,0.843940794467926,0.8340291976928711
13.0,0.0,0.8851944208145142,0.11480587720870972,0.4349559545516968,0.9358949661254883,0.86930912733078,0.8793590068817139,0.8389244079589844,0.16107554733753204,0.7214134335517883,0.8706204891204834,0.8045030832290649,0.8399688005447388
13.0,1.0,0.9010651111602783,0.09893503040075302,0.41302525997161865,0.9322365522384644,0.8812248706817627,0.89473956823349,0.8043034076690674,0.19569718837738037,0.6426497101783752,0.9278444051742554,0.7934126853942871,0.8044937252998352
13.0,2.0,0.8580392599105835,0.14196047186851501,0.5896382927894592,0.9186145663261414,0.8429616093635559,0.8573539853096008,0.9106575846672058,0.0893431156873703,0.24072860181331635,0.9504055380821228,0.899709165096283,0.901520848274231
13.0,3.0,0.8691689968109131,0.13083074986934662,0.4347825348377228,0.9299584627151489,0.8549771308898926,0.8638485670089722,0.9225790500640869,0.07742082327604294,0.4896942973136902,0.9360995292663574,0.9032920598983765,0.918628454208374
13.0,4.0,0.8850019574165344,0.1149982362985611,0.44116246700286865,0.9357396960258484,0.8682212829589844,0.8797252178192139,0.8373189568519592,0.16268113255500793,0.7508425712585449,0.8689149022102356,0.818145215511322,0.8380405306816101
14.0,0.0,0.8864037990570068,0.11359642446041107,0.4492916166782379,0.9359539151191711,0.8708506226539612,0.8811156153678894,0.8424067497253418,0.15759313106536865,0.735821545124054,0.870725154876709,0.7991331815719604,0.8434933423995972
14.0,1.0,0.9026504755020142,0.09734903275966644,0.4281654357910156,0.9322823286056519,0.8826098442077637,0.8962777853012085,0.8153676986694336,0.18463237583637238,0.5954288840293884,0.9288432598114014,0.7960378527641296,0.8156617879867554
14.0,2.0,0.8638389110565186,0.13616125285625458,0.5984799861907959,0.9187711477279663,0.8486018180847168,0.8632361888885498,0.9174760580062866,0.08252418786287308,0.24454978108406067,0.9505975246429443,0.8979222774505615,0.9048851728439331
14.0,3.0,0.8697645664215088,0.13023553788661957,0.43021830916404724,0.930046796798706,0.854842483997345,0.8644689321517944,0.9243399500846863,0.0756601020693779,0.4405708312988281,0.9361027479171753,0.9073005318641663,0.9204892516136169
14.0,4.0,0.885345458984375,0.11465419828891754,0.4720354378223419,0.935749888420105,0.869757354259491,0.8808506727218628,0.8388088345527649,0.16119107604026794,0.7822555899620056,0.8689226508140564,0.813737690448761,0.8394245505332947
15.0,0.0,0.8887840509414673,0.11121607571840286,0.4457135498523712,0.9360336661338806,0.8739957213401794,0.8835196495056152,0.8125537037849426,0.1874462068080902,1.6334540843963623,0.868310809135437,0.7185906767845154,0.8129999041557312
15.0,1.0,0.9021118879318237,0.09788881242275238,0.4384736120700836,0.9322770237922668,0.8818976283073425,0.8958355784416199,0.8031272292137146,0.1968730390071869,0.6499859690666199,0.9288312196731567,0.7901798486709595,0.8035204410552979
15.0,2.0,0.8665347099304199,0.1334650218486786,0.5909276604652405,0.9189271926879883,0.8509772419929504,0.8650888204574585,0.9163423776626587,0.08365751802921295,0.2777232527732849,0.950547993183136,0.8920378088951111,0.9064010381698608
15.0,3.0,0.8724384903907776,0.12756122648715973,0.4603961408138275,0.9301143884658813,0.8587691187858582,0.8665666580200195,0.9250296354293823,0.07497021555900574,0.47371646761894226,0.9361044764518738,0.8993179798126221,0.9211146235466003
15.0,4.0,0.8872488141059875,0.11275164783000946,0.44562336802482605,0.9358457922935486,0.8706444501876831,0.8812544345855713,0.8383732438087463,0.16162680089473724,0.6977294683456421,0.8689414858818054,0.8365293145179749,0.8388341665267944
16.0,0.0,0.8892223834991455,0.1107771098613739,0.4288052022457123,0.9360336065292358,0.8735244870185852,0.8831071853637695,0.8447204828262329,0.15527966618537903,0.7096031904220581,0.8707932829856873,0.820222020149231,0.8456939458847046
16.0,1.0,0.9073194265365601,0.09268049150705338,0.4222957193851471,0.9323735237121582,0.8874555826187134,0.8998130559921265,0.82359379529953,0.1764063537120819,0.5569906234741211,0.9294596910476685,0.8297793865203857,0.8237112760543823
16.0,2.0,0.8673078417778015,0.1326914131641388,0.6288819313049316,0.9188446998596191,0.8504530787467957,0.8658397793769836,0.9134708642959595,0.08652938157320023,0.24481609463691711,0.9505312442779541,0.9108349084854126,0.9008334279060364
16.0,3.0,0.8769834637641907,0.12301608920097351,0.4548403322696686,0.9302316904067993,0.861337423324585,0.8704771995544434,0.9231985807418823,0.07680115103721619,0.4714771509170532,0.9360925555229187,0.9070168733596802,0.9191572666168213
16.0,4.0,0.8906377553939819,0.10936149954795837,0.4522145390510559,0.9359264373779297,0.8745670318603516,0.8848283290863037,0.8387155532836914,0.161284402012825,0.8340622782707214,0.8689394593238831,0.8256633877754211,0.8390316963195801
17.0,0.0,0.889614462852478,0.1103857085108757,0.4521499574184418,0.9361415505409241,0.8748301267623901,0.8840146660804749,0.8459078073501587,0.15409235656261444,0.7691530585289001,0.8708305954933167,0.8273658156394958,0.8465724587440491
17.0,1.0,0.9047878384590149,0.09521117806434631,0.463581383228302,0.932344913482666,0.8848669528961182,0.8971235752105713,0.8286772966384888,0.17132258415222168,0.55355304479599,0.9295278787612915,0.829227864742279,0.8289258480072021
17.0,2.0,0.8659200668334961,0.13408033549785614,0.6514761447906494,0.9189051985740662,0.8515720963478088,0.8652023673057556,0.9176633954048157,0.08233605325222015,0.26429077982902527,0.9506250619888306,0.8994430303573608,0.9049433469772339
17.0,3.0,0.8778538107872009,0.1221449226140976,0.46701470017433167,0.9302869439125061,0.8626282811164856,0.8712577819824219,0.9232533574104309,0.07674699276685715,0.6598866581916809,0.9360576868057251,0.8912994861602783,0.9192457795143127
17.0,4.0,0.8915436863899231,0.10845620185136795,0.46108242869377136,0.9360151290893555,0.8760591149330139,0.8867174386978149,0.8406462073326111,0.15935398638248444,0.8701468706130981,0.8689687848091125,0.8283117413520813,0.8409906625747681
18.0,0.0,0.8947904706001282,0.10521005094051361,0.46621474623680115,0.9362022876739502,0.8786129951477051,0.8884022235870361,0.8437142968177795,0.15628552436828613,0.7820405960083008,0.8707797527313232,0.8339525461196899,0.8442556858062744
18.0,1.0,0.9063760042190552,0.09362368285655975,0.4944895803928375,0.9323152303695679,0.8856939673423767,0.8987550735473633,0.830377995967865,0.16962212324142456,0.6255741715431213,0.9295456409454346,0.8207833766937256,0.8305409550666809
18.0,2.0,0.8707353472709656,0.12926487624645233,0.656093955039978,0.9190272688865662,0.8547354936599731,0.8692469000816345,0.9206817746162415,0.07931815832853317,0.2677994668483734,0.950607180595398,0.9052960276603699,0.9081951379776001
18.0,3.0,0.878896951675415,0.12110288441181183,0.4891524314880371,0.930307924747467,0.8647581338882446,0.8736063838005066,0.9263668060302734,0.07363279908895493,0.5532987117767334,0.9361243844032288,0.9007431864738464,0.9223779439926147
18.0,4.0,0.8950374722480774,0.10496202111244202,0.47646164894104004,0.9360318779945374,0.8783209919929504,0.8887253403663635,0.8370601534843445,0.16293969750404358,0.9351739287376404,0.868956983089447,0.8417767286300659,0.8373357057571411
19.0,0.0,0.8915682435035706,0.10843153297901154,0.4796731770038605,0.9361490607261658,0.8760432004928589,0.8862613439559937,0.8412467837333679,0.15875321626663208,0.7784098386764526,0.8705723881721497,0.8141881227493286,0.842043399810791
19.0,1.0,0.9071906805038452,0.09280950576066971,0.4838980734348297,0.9323765635490417,0.8873741626739502,0.9007673859596252,0.8342747092247009,0.16572533547878265,0.5826372504234314,0.929575502872467,0.8280546069145203,0.8343524932861328
19.0,2.0,0.8702364563941956,0.1297641098499298,0.6667582392692566,0.919084370136261,0.856817901134491,0.8687828779220581,0.9172787070274353,0.08272132277488708,0.3558903634548187,0.9505746364593506,0.8889724016189575,0.90593421459198
19.0,3.0,0.8791881203651428,0.12081248313188553,0.4951383173465729,0.9303557276725769,0.8657752275466919,0.8732832074165344,0.9252896308898926,0.07470964640378952,0.6272886991500854,0.9360985159873962,0.8999202847480774,0.9212138056755066
19.0,4.0,0.8945205211639404,0.10547900199890137,0.4971986711025238,0.9360755085945129,0.8774311542510986,0.8880333304405212,0.8378885984420776,0.16211138665676117,1.02420973777771,0.8688846230506897,0.8006566762924194,0.8383830785751343
20.0,0.0,0.8954509496688843,0.10454961657524109,0.49750009179115295,0.9362437725067139,0.8794702887535095,0.8889801502227783,0.8448094725608826,0.1551903337240219,0.8428661823272705,0.8707541823387146,0.8262830972671509,0.8453381061553955
20.0,1.0,0.9064558148384094,0.09354352205991745,0.48983272910118103,0.9323766231536865,0.8873541355133057,0.8991283774375916,0.8330113887786865,0.16698890924453735,0.6262224912643433,0.929720401763916,0.829452633857727,0.8331308960914612
20.0,2.0,0.8729820251464844,0.12701815366744995,0.660270631313324,0.9191079139709473,0.8565928936004639,0.8714888095855713,0.9217498302459717,0.0782502219080925,0.2827395498752594,0.9506548047065735,0.9068638682365417,0.9091442227363586
20.0,3.0,0.8822676539421082,0.11773240566253662,0.5168330073356628,0.930387556552887,0.8664709329605103,0.8756410479545593,0.9226109385490417,0.07738951593637466,0.7040920257568359,0.9359840750694275,0.8891202807426453,0.9185515642166138
20.0,4.0,0.8943805694580078,0.10562047362327576,0.4924607276916504,0.9360826015472412,0.8791479468345642,0.8889641165733337,0.8375443816184998,0.16245560348033905,1.046768069267273,0.8688920140266418,0.8036628365516663,0.8379098773002625
21.0,0.0,0.8957329988479614,0.10426713526248932,0.5072847604751587,0.9362567663192749,0.879357635974884,0.8892049789428711,0.8495081663131714,0.15049190819263458,0.9433730244636536,0.8708654642105103,0.8155443668365479,0.8500336408615112
21.0,1.0,0.9099892377853394,0.09001050889492035,0.5109766125679016,0.9324308633804321,0.8894286155700684,0.9022551774978638,0.8369900584220886,0.16300998628139496,0.6748287677764893,0.9297371506690979,0.8191534876823425,0.8371050953865051
21.0,2.0,0.8741975426673889,0.1258031129837036,0.6979191899299622,0.9191593527793884,0.8583478331565857,0.8725658059120178,0.9200969338417053,0.07990249991416931,0.2862493395805359,0.9506505727767944,0.913032054901123,0.9074704647064209
21.0,3.0,0.8826500773429871,0.11734998971223831,0.5445629954338074,0.93040931224823,0.8670533299446106,0.8759465217590332,0.9267849326133728,0.07321492582559586,0.516903817653656,0.9361265301704407,0.9116391539573669,0.9227068424224854
21.0,4.0,0.897057294845581,0.10294294357299805,0.5074798464775085,0.9361234903335571,0.8804610371589661,0.890597403049469,0.8413602113723755,0.15863969922065735,1.0091829299926758,0.8689574599266052,0.8183500170707703,0.8416776061058044
22.0,0.0,0.8944764137268066,0.10552268475294113,0.5201817750930786,0.9362003803253174,0.8783204555511475,0.8882535099983215,0.8475289344787598,0.15247134864330292,0.935096800327301,0.8708605766296387,0.822356641292572,0.8480511903762817
22.0,1.0,0.9096308350563049,0.09036848694086075,0.5194969773292542,0.9324211478233337,0.8890043497085571,0.9025010466575623,0.8409832119941711,0.15901686251163483,0.6272991895675659,0.9298692345619202,0.8388276696205139,0.8410196900367737
22.0,2.0,0.8755437135696411,0.12445609271526337,0.7163807153701782,0.9192371964454651,0.8610749244689941,0.8739015460014343,0.9208834767341614,0.07911747694015503,0.34877073764801025,0.9506477117538452,0.8989550471305847,0.9094018340110779
22.0,3.0,0.8830795884132385,0.11692068725824356,0.5677731037139893,0.9303950071334839,0.8671476244926453,0.8763763308525085,0.9264367818832397,0.07356302440166473,0.5515636801719666,0.9361361265182495,0.9072555303573608,0.922331690788269
22.0,4.0,0.8982154130935669,0.10178467631340027,0.5049067139625549,0.9361639618873596,0.8809666633605957,0.8917720317840576,0.8427061438560486,0.15729384124279022,1.0134937763214111,0.868973970413208,0.8238954544067383,0.8429708480834961
23.0,0.0,0.8989828824996948,0.10101639479398727,0.5232306718826294,0.9363347887992859,0.882658064365387,0.8925292491912842,0.8468335270881653,0.15316636860370636,1.1435977220535278,0.8708111047744751,0.7987013459205627,0.8472030162811279
23.0,1.0,0.9078766107559204,0.09212338924407959,0.5604237914085388,0.9323449730873108,0.8873654007911682,0.9007397890090942,0.8428816199302673,0.15711866319179535,0.6422282457351685,0.9300760626792908,0.8324902057647705,0.8428741693496704
23.0,2.0,0.8786712884902954,0.12132870405912399,0.6937357187271118,0.9193398952484131,0.8638456463813782,0.8771289587020874,0.9216045141220093,0.07839564979076385,0.33199262619018555,0.9506556987762451,0.9028259515762329,0.9101636409759521
23.0,3.0,0.8826057314872742,0.11739441007375717,0.5387170314788818,0.9304150342941284,0.8688758611679077,0.8761095404624939,0.9274508357048035,0.0725492611527443,0.6031787395477295,0.9361405968666077,0.9039319753646851,0.9233840703964233
23.0,4.0,0.8987365961074829,0.10126283764839172,0.5065416693687439,0.9361670017242432,0.8817074298858643,0.8928021192550659,0.8416123390197754,0.15838749706745148,1.0716280937194824,0.868955135345459,0.8144636154174805,0.8419029712677002
24.0,0.0,0.8963619470596313,0.10363781452178955,0.5245007872581482,0.9363291263580322,0.8827147483825684,0.8903796672821045,0.8477534055709839,0.15224671363830566,1.1007360219955444,0.8708397746086121,0.8073588609695435,0.8481006622314453
24.0,1.0,0.9070419669151306,0.09295707941055298,0.5383455157279968,0.9323843121528625,0.886911928653717,0.9005183577537537,0.8448694348335266,0.1551310271024704,0.6743571162223816,0.9302720427513123,0.8392128348350525,0.8449754118919373
24.0,2.0,0.8786357641220093,0.12136402726173401,0.7280977964401245,0.919334352016449,0.8642180562019348,0.8770266175270081,0.9208486676216125,0.07915106415748596,0.32950252294540405,0.9506636261940002,0.9077903032302856,0.9101126194000244
24.0,3.0,0.8808354735374451,0.11916515231132507,0.5773504972457886,0.9304451942443848,0.8687306642532349,0.8749057650566101,0.9260328412055969,0.07396693527698517,0.6227518320083618,0.936116099357605,0.897982656955719,0.9220072031021118
24.0,4.0,0.8970351815223694,0.10296405106782913,0.5417776703834534,0.9361006617546082,0.8797825574874878,0.890557587146759,0.8403109908103943,0.1596890091896057,1.0504580736160278,0.8689505457878113,0.8299992680549622,0.8404489755630493
25.0,0.0,0.8980540633201599,0.10194607079029083,0.5583632588386536,0.9363643527030945,0.8831682205200195,0.8918207883834839,0.848096489906311,0.15190327167510986,1.1326814889907837,0.8708232045173645,0.8071433901786804,0.8484246134757996
25.0,1.0,0.9086574912071228,0.09134306758642197,0.5648258328437805,0.9324150681495667,0.8883771896362305,0.9012229442596436,0.8482751846313477,0.15172529220581055,0.6348746418952942,0.9302803874015808,0.8481724858283997,0.8484089374542236
25.0,2.0,0.8795883059501648,0.12041188776493073,0.7399981617927551,0.9193792939186096,0.8645559549331665,0.8779707551002502,0.9209492206573486,0.07905034720897675,0.3996869623661041,0.9505772590637207,0.9002496600151062,0.908349335193634
25.0,3.0,0.8866147994995117,0.11338592320680618,0.5784186124801636,0.9305484890937805,0.8720853328704834,0.8799129724502563,0.9276920557022095,0.0723080039024353,0.6674603819847107,0.936153769493103,0.9055922031402588,0.9235879182815552
25.0,4.0,0.8977546095848083,0.10224547982215881,0.5743973851203918,0.9361827969551086,0.8805478811264038,0.8915830254554749,0.8419128060340881,0.15808726847171783,1.0710147619247437,0.8689847588539124,0.8414843678474426,0.8420307040214539
26.0,0.0,0.9003366231918335,0.0996633991599083,0.559665858745575,0.936404824256897,0.8835750222206116,0.8937501311302185,0.8314436078071594,0.16855648159980774,0.9614797830581665,0.8705815076828003,0.8649032115936279,0.8315680027008057
26.0,1.0,0.9083782434463501,0.09162133187055588,0.5704005360603333,0.9323912262916565,0.8882675766944885,0.9011757373809814,0.8497694730758667,0.15023057162761688,0.7050402164459229,0.9303088188171387,0.8325530290603638,0.8498080372810364
26.0,2.0,0.8795874118804932,0.12041252851486206,0.7633593678474426,0.9193552136421204,0.8650701642036438,0.8779053092002869,0.9188709855079651,0.08112888783216476,0.48361077904701233,0.950560986995697,0.8873634934425354,0.9073300957679749
26.0,3.0,0.8856229186058044,0.11437776684761047,0.5687255263328552,0.9305282235145569,0.8710275888442993,0.8796135187149048,0.9273036122322083,0.07269620150327682,0.638354480266571,0.936146080493927,0.9063250422477722,0.9231902360916138
26.0,4.0,0.899930477142334,0.10007009655237198,0.5616838932037354,0.9362298846244812,0.8834584951400757,0.8940595984458923,0.8018759489059448,0.1981239914894104,1.1263762712478638,0.868304431438446,0.8578907251358032,0.801946759223938
27.0,0.0,0.8981969356536865,0.10180220007896423,0.5672200322151184,0.9363706111907959,0.8836886286735535,0.8921813368797302,0.8438094854354858,0.15619070827960968,1.0257091522216797,0.8708537817001343,0.8471330404281616,0.843937873840332
27.0,1.0,0.9112498760223389,0.0887497290968895,0.5901246070861816,0.9324488043785095,0.8901985883712769,0.9034267663955688,0.8544765710830688,0.14552326500415802,0.6504101157188416,0.9304859638214111,0.8550269603729248,0.8545171618461609
27.0,2.0,0.8788062930107117,0.12119343131780624,0.7818126082420349,0.9193754196166992,0.8651901483535767,0.8776042461395264,0.9063682556152344,0.09363165497779846,0.37957191467285156,0.9504212141036987,0.9141845703125,0.8932681679725647
27.0,3.0,0.8862913250923157,0.11370866000652313,0.624958872795105,0.9305606484413147,0.871634840965271,0.8794488310813904,0.9222521781921387,0.07774756103754044,0.6880270838737488,0.9361249804496765,0.8973863124847412,0.9180204272270203
27.0,4.0,0.9004912972450256,0.099509596824646,0.5801039338111877,0.9362459182739258,0.883420467376709,0.8939328789710999,0.8405972123146057,0.1594027280807495,1.1723101139068604,0.8689408302307129,0.8293573260307312,0.8406401872634888
28.0,0.0,0.9012174606323242,0.09878314286470413,0.5777491331100464,0.9364322423934937,0.884740948677063,0.8946555256843567,0.8510843515396118,0.1489155888557434,1.1317896842956543,0.8709037899971008,0.8251773118972778,0.8513842821121216
28.0,1.0,0.9107094407081604,0.08929013460874557,0.6253054141998291,0.9323810338973999,0.89005446434021,0.9028643369674683,0.8518665432929993,0.1481337994337082,0.7235323190689087,0.9305076599121094,0.8450456261634827,0.8519182801246643
28.0,2.0,0.8815668821334839,0.11843332648277283,0.7868958711624146,0.9194293022155762,0.8657653331756592,0.8798837661743164,0.9239957928657532,0.07600434869527817,0.3508543372154236,0.9506803154945374,0.9090345501899719,0.9112703204154968
28.0,3.0,0.8885149359703064,0.11148501932621002,0.6178463697433472,0.9306164979934692,0.8742150068283081,0.8817426562309265,0.927941620349884,0.07205839455127716,0.6960034966468811,0.9361542463302612,0.9024683833122253,0.9238317012786865
28.0,4.0,0.9007299542427063,0.09927045553922653,0.5945066213607788,0.9362403154373169,0.8843604922294617,0.8941774964332581,0.8437291979789734,0.15627053380012512,1.1829866170883179,0.8690094947814941,0.8306103944778442,0.843802809715271
29.0,0.0,0.9006603360176086,0.09933977574110031,0.6128063797950745,0.9364160895347595,0.8842782974243164,0.8940795660018921,0.851079523563385,0.14892056584358215,1.2173526287078857,0.8708899021148682,0.8152910470962524,0.8512677550315857
29.0,1.0,0.9121752381324768,0.0878242701292038,0.6167517900466919,0.9324626922607422,0.8912007212638855,0.9043441414833069,0.851839005947113,0.1481609046459198,0.7658261656761169,0.930465817451477,0.8317654132843018,0.8518322110176086
29.0,2.0,0.8821255564689636,0.11787508428096771,0.8021623492240906,0.9194748997688293,0.8675534129142761,0.8804377317428589,0.9233385324478149,0.07666152715682983,0.41267508268356323,0.9506748914718628,0.9023230075836182,0.9106261134147644
29.0,3.0,0.8881575465202332,0.11184220761060715,0.6380051970481873,0.9306158423423767,0.8727702498435974,0.8813508749008179,0.9284132719039917,0.07158690690994263,0.6576078534126282,0.936164915561676,0.9079294204711914,0.924281895160675
29.0,4.0,0.8989806771278381,0.10101909935474396,0.610059916973114,0.9362452030181885,0.8843189477920532,0.8926088809967041,0.8434093594551086,0.1565907895565033,1.1915853023529053,0.8689987659454346,0.8244010806083679,0.8435437083244324
30.0,0.0,0.9027807116508484,0.09721969068050385,0.5812780261039734,0.9365198016166687,0.8869381546974182,0.8961159586906433,0.8523329496383667,0.1476670354604721,1.1501524448394775,0.870919406414032,0.8255213499069214,0.8524272441864014
30.0,1.0,0.9116508960723877,0.08834947645664215,0.6024044752120972,0.9324774742126465,0.8907173275947571,0.9037356972694397,0.8573991656303406,0.14260081946849823,0.6937239170074463,0.9306085705757141,0.8520500659942627,0.8573771715164185
30.0,2.0,0.8853300213813782,0.11466985195875168,0.7787023782730103,0.9195704460144043,0.8704944849014282,0.8836252093315125,0.92215895652771,0.07784119993448257,0.3851546347141266,0.9507001042366028,0.9020228385925293,0.9091848731040955
30.0,3.0,0.8907076120376587,0.10929175466299057,0.6135162115097046,0.9307214617729187,0.8749810457229614,0.8838085532188416,0.9291621446609497,0.07083836197853088,0.6462380886077881,0.9361787438392639,0.9084794521331787,0.9250460863113403
30.0,4.0,0.9045602679252625,0.09544109553098679,0.584769606590271,0.9363878965377808,0.8875751495361328,0.8979657292366028,0.8449325561523438,0.15506747364997864,1.217093825340271,0.869021475315094,0.8282477855682373,0.8450447916984558
31.0,0.0,0.9044961333274841,0.0955037921667099,0.5887195467948914,0.9365495443344116,0.8886298537254333,0.8978935480117798,0.8531866073608398,0.14681334793567657,1.1622380018234253,0.8709314465522766,0.8270604610443115,0.8533685803413391
31.0,1.0,0.9132969975471497,0.08670360594987869,0.6114540100097656,0.9324855208396912,0.8926105499267578,0.9054402112960815,0.8594591021537781,0.1405409574508667,0.6985058784484863,0.9307014346122742,0.8565815091133118,0.8594555258750916
31.0,2.0,0.8860911130905151,0.11390932649374008,0.7890534400939941,0.9195955991744995,0.8712339997291565,0.8844048380851746,0.9244866967201233,0.07551253587007523,0.3878055810928345,0.9507074356079102,0.904776394367218,0.9117188453674316
31.0,3.0,0.8924729228019714,0.10752678662538528,0.6218515038490295,0.930743396282196,0.8772087097167969,0.8856691718101501,0.9293358325958252,0.0706644207239151,0.6557260155677795,0.9361805319786072,0.9088926315307617,0.9252180457115173
31.0,4.0,0.9056103229522705,0.09439051151275635,0.5930651426315308,0.9364036321640015,0.8888253569602966,0.8990408778190613,0.8451578617095947,0.154842346906662,1.2360788583755493,0.8690229058265686,0.8276485800743103,0.8452252149581909
32.0,0.0,0.9053196907043457,0.09468010812997818,0.5970685482025146,0.936561644077301,0.8893303871154785,0.8987241983413696,0.8534605503082275,0.14653949439525604,1.1907480955123901,0.8709322810173035,0.8256587386131287,0.8536516427993774
32.0,1.0,0.9134295582771301,0.08657043427228928,0.6216486692428589,0.9324873685836792,0.892494797706604,0.9055777192115784,0.8602762818336487,0.13972321152687073,0.6987820267677307,0.9307189583778381,0.8587368726730347,0.8603197336196899
32.0,2.0,0.8865776062011719,0.11342252790927887,0.8025102615356445,0.9196143746376038,0.8718806505203247,0.8849109411239624,0.9246392846107483,0.07536106556653976,0.39004620909690857,0.9507079124450684,0.9061764478683472,0.9118455052375793
32.0,3.0,0.892768144607544,0.10723187029361725,0.628616213798523,0.9307538866996765,0.8776206970214844,0.8859493732452393,0.9295029640197754,0.07049699127674103,0.6756125688552856,0.9361804127693176,0.9076314568519592,0.9254018664360046
32.0,4.0,0.905845046043396,0.09415484219789505,0.6025603413581848,0.9364097118377686,0.8889856338500977,0.8992782831192017,0.8453007936477661,0.15469907224178314,1.2257797718048096,0.8690228462219238,0.830971896648407,0.84537672996521
33.0,0.0,0.9055700898170471,0.09443004429340363,0.6029141545295715,0.9365663528442383,0.889554500579834,0.8989726901054382,0.8536850810050964,0.14631491899490356,1.1817762851715088,0.8709352016448975,0.8279425501823425,0.8538930416107178
33.0,1.0,0.9135822653770447,0.08641839772462845,0.6265286803245544,0.9324883222579956,0.892564594745636,0.9057218432426453,0.8609455227851868,0.13905473053455353,0.7113050222396851,0.9307448863983154,0.8592472672462463,0.8609708547592163
33.0,2.0,0.8868955373764038,0.11310505121946335,0.8074559569358826,0.9196237325668335,0.8725215792655945,0.8852301239967346,0.9247267842292786,0.07527279853820801,0.40203577280044556,0.950706958770752,0.9050816297531128,0.9119303822517395
33.0,3.0,0.8929620981216431,0.1070382371544838,0.637199342250824,0.9307599663734436,0.8777868747711182,0.8861523270606995,0.9295850396156311,0.07041442394256592,0.675166130065918,0.9361816048622131,0.9089146256446838,0.9254662394523621
33.0,4.0,0.9060527086257935,0.09394724667072296,0.6051095128059387,0.9364136457443237,0.8892409801483154,0.8995018005371094,0.8454459309577942,0.15455394983291626,1.249446153640747,0.8690252900123596,0.8295305371284485,0.845538854598999
34.0,0.0,0.905725359916687,0.09427416324615479,0.6080633401870728,0.9365705251693726,0.8897390961647034,0.8991318345069885,0.8537862300872803,0.14621372520923615,1.2227370738983154,0.8709347248077393,0.8256001472473145,0.8540595173835754
34.0,1.0,0.9136825203895569,0.0863182321190834,0.633691132068634,0.9324896931648254,0.8926113843917847,0.9058361053466797,0.8613246083259583,0.13867545127868652,0.7200343608856201,0.9307591915130615,0.8571727871894836,0.8613538146018982
34.0,2.0,0.8871085047721863,0.11289144307374954,0.8133300542831421,0.9196270704269409,0.8726112842559814,0.8854384422302246,0.9248192310333252,0.07518088072538376,0.4130057096481323,0.9507101774215698,0.9039591550827026,0.9120321869850159
34.0,3.0,0.893252432346344,0.10674671083688736,0.6418346166610718,0.9307671189308167,0.8779782056808472,0.8864522576332092,0.9297102689743042,0.07028961926698685,0.6774845123291016,0.9361854791641235,0.9084700345993042,0.9255989789962769
34.0,4.0,0.9062238931655884,0.09377580881118774,0.6099089980125427,0.9364211559295654,0.8895496129989624,0.8996757864952087,0.8454516530036926,0.15454821288585663,1.2661508321762085,0.8690254092216492,0.8266189694404602,0.845551609992981
35.0,0.0,0.9059242606163025,0.09407611191272736,0.6126441359519958,0.9365769028663635,0.8898816704750061,0.8993240594863892,0.8538160920143127,0.14618384838104248,1.2067649364471436,0.87093585729599,0.8288591504096985,0.853995680809021
35.0,1.0,0.9137579202651978,0.0862424448132515,0.6373384594917297,0.9324901700019836,0.8927709460258484,0.9059163928031921,0.8617797493934631,0.13822029531002045,0.7189763784408569,0.9307836294174194,0.8599199652671814,0.8618223071098328
35.0,2.0,0.887363612651825,0.11263739317655563,0.818485677242279,0.9196363687515259,0.8729680180549622,0.8856949806213379,0.924802303314209,0.07519747316837311,0.40674734115600586,0.9507097005844116,0.9050413370132446,0.9120108485221863
35.0,3.0,0.8933217525482178,0.10667793452739716,0.649858832359314,0.9307652711868286,0.878105878829956,0.8865204453468323,0.929758608341217,0.07024101912975311,0.6875644326210022,0.9361865520477295,0.9085555076599121,0.9256452322006226
35.0,4.0,0.9063310623168945,0.09366833418607712,0.6167051196098328,0.9364224076271057,0.8895535469055176,0.8997753262519836,0.8456218242645264,0.15437813103199005,1.2611621618270874,0.8690247535705566,0.8296659588813782,0.8457188606262207
36.0,0.0,0.9060612320899963,0.09393929690122604,0.618046224117279,0.9365818500518799,0.8901143670082092,0.8994711637496948,0.8540259003639221,0.14597392082214355,1.2339255809783936,0.8709353804588318,0.826546847820282,0.8542470932006836
36.0,1.0,0.9138320684432983,0.08616802841424942,0.6443669199943542,0.9324916005134583,0.892850399017334,0.9059878587722778,0.8621857762336731,0.13781419396400452,0.7235491275787354,0.9307892918586731,0.8602639436721802,0.8622205853462219
36.0,2.0,0.8874684572219849,0.11253155022859573,0.8244129419326782,0.9196363687515259,0.8728752732276917,0.8857890963554382,0.9249736070632935,0.07502638548612595,0.4127727150917053,0.9507123231887817,0.9049803614616394,0.9121824502944946
36.0,3.0,0.8935876488685608,0.10641282051801682,0.6527976393699646,0.9307737350463867,0.8783481121063232,0.8867888450622559,0.9297487139701843,0.07025124132633209,0.6819455027580261,0.9361860156059265,0.908983588218689,0.9256377220153809
36.0,4.0,0.9065070748329163,0.09349396824836731,0.6212356686592102,0.9364261627197266,0.8896670937538147,0.8999444842338562,0.845726728439331,0.15427353978157043,1.2797058820724487,0.8690267205238342,0.8293287754058838,0.8458402156829834
37.0,0.0,0.9061562418937683,0.09384321421384811,0.6221226453781128,0.9365845322608948,0.8900629878044128,0.899561882019043,0.85413658618927,0.14586329460144043,1.2253189086914062,0.8709357976913452,0.8291285634040833,0.8543633222579956
37.0,1.0,0.9138922095298767,0.08610768616199493,0.6490864157676697,0.9324913024902344,0.8929264545440674,0.906048595905304,0.8624101281166077,0.13758964836597443,0.7312310934066772,0.930800199508667,0.8589825630187988,0.8624144792556763
37.0,2.0,0.887635350227356,0.11236405372619629,0.8291040658950806,0.919643223285675,0.8731640577316284,0.8859591484069824,0.9250156879425049,0.07498421519994736,0.42047059535980225,0.9507130980491638,0.904541552066803,0.9122278690338135
37.0,3.0,0.89373379945755,0.10626637935638428,0.6556959748268127,0.9307793378829956,0.8784641623497009,0.8869350552558899,0.9298377633094788,0.07016216963529587,0.7058680057525635,0.9361876249313354,0.9073998332023621,0.9257115125656128
37.0,4.0,0.906603217124939,0.09339706599712372,0.6247784495353699,0.9364301562309265,0.8897178173065186,0.9000570774078369,0.845820963382721,0.15417927503585815,1.2775076627731323,0.8690260648727417,0.8299000859260559,0.8459495902061462
38.0,0.0,0.9062970876693726,0.09370211511850357,0.62452632188797,0.936587393283844,0.8903106451034546,0.8997089862823486,0.854251503944397,0.14574842154979706,1.2519338130950928,0.870936393737793,0.8256175518035889,0.8544750809669495
38.0,1.0,0.9139633774757385,0.08603675663471222,0.6513116955757141,0.9324929714202881,0.8929728269577026,0.9061175584793091,0.8627212643623352,0.1372787058353424,0.7295536994934082,0.9308128356933594,0.8610976934432983,0.8627570867538452
38.0,2.0,0.8877802491188049,0.11221993714570999,0.8321136832237244,0.9196504354476929,0.8734787106513977,0.886117160320282,0.9251096844673157,0.07488986104726791,0.42215052247047424,0.9507138729095459,0.904624879360199,0.9123277068138123
38.0,3.0,0.893848180770874,0.10615183413028717,0.6591579914093018,0.9307824969291687,0.8786509037017822,0.8870490789413452,0.9298776984214783,0.07012222707271576,0.7008183598518372,0.9361865520477295,0.9077009558677673,0.9257552623748779
38.0,4.0,0.9067062735557556,0.09329359978437424,0.627773642539978,0.9364335536956787,0.8898831605911255,0.9001526832580566,0.8458727598190308,0.15412703156471252,1.2865179777145386,0.8690260648727417,0.8295565843582153,0.846006453037262
39.0,0.0,0.9064014554023743,0.09359829127788544,0.6281450390815735,0.936590313911438,0.890383243560791,0.8998098373413086,0.8543351888656616,0.1456647515296936,1.255091905593872,0.8709352016448975,0.8277890086174011,0.8545465469360352
39.0,1.0,0.9140100479125977,0.08598951250314713,0.6545394062995911,0.9324938654899597,0.8929563760757446,0.9061589241027832,0.8630976676940918,0.1369023621082306,0.7341412305831909,0.9308300018310547,0.8609059453010559,0.8631483912467957
39.0,2.0,0.8878731727600098,0.11212696135044098,0.8368233442306519,0.91965252161026,0.8735281229019165,0.8862108588218689,0.925110936164856,0.0748894214630127,0.415111780166626,0.9507126212120056,0.905982494354248,0.9123132824897766
39.0,3.0,0.8939797878265381,0.10602041333913803,0.6629447340965271,0.9307857751846313,0.878838300704956,0.8871694803237915,0.9299142360687256,0.0700860247015953,0.6931259632110596,0.9361874461174011,0.9091202616691589,0.9257969856262207
39.0,4.0,0.9068359732627869,0.09316352009773254,0.6297445893287659,0.9364371299743652,0.8901517987251282,0.9002821445465088,0.8458963632583618,0.1541036069393158,1.2920244932174683,0.8690264225006104,0.8299526572227478,0.8460237979888916
40.0,0.0,0.9065157771110535,0.09348465502262115,0.6305769681930542,0.9365939497947693,0.8905436992645264,0.8999271988868713,0.8544163107872009,0.14558374881744385,1.2774661779403687,0.870936930179596,0.8261622190475464,0.8546587824821472
40.0,1.0,0.9140671491622925,0.0859319195151329,0.6587940454483032,0.9324941039085388,0.8930798172950745,0.9062160849571228,0.8633274435997009,0.1366730034351349,0.7255887985229492,0.9308322072029114,0.8630281090736389,0.8633632063865662
40.0,2.0,0.8880339860916138,0.11196572333574295,0.8400797247886658,0.9196542501449585,0.8736178278923035,0.8863685131072998,0.9252014756202698,0.07479863613843918,0.4276200234889984,0.9507149457931519,0.9049425721168518,0.9124078154563904
40.0,3.0,0.8940821886062622,0.10591781884431839,0.6661641597747803,0.9307876825332642,0.8789358139038086,0.8872803449630737,0.929905116558075,0.07009456306695938,0.7250434160232544,0.9361878633499146,0.906746506690979,0.9257723093032837
40.0,4.0,0.9069126844406128,0.09308826923370361,0.63322913646698,0.9364379644393921,0.8901535272598267,0.9003399014472961,0.8459231853485107,0.15407685935497284,1.3098008632659912,0.8690265417098999,0.8289372324943542,0.8460601568222046
41.0,0.0,0.906579852104187,0.0934198871254921,0.6327100992202759,0.9365955591201782,0.8905810713768005,0.8999807834625244,0.8545038104057312,0.14549614489078522,1.2694913148880005,0.8709383010864258,0.827150821685791,0.8547422885894775
41.0,1.0,0.9141133427619934,0.08588624000549316,0.6609219312667847,0.9324946403503418,0.8931558728218079,0.9062644243240356,0.8635702133178711,0.13643001019954681,0.736329197883606,0.9308446049690247,0.8618255257606506,0.8635988831520081
41.0,2.0,0.8881904482841492,0.11180973798036575,0.8429084420204163,0.919661283493042,0.8738546967506409,0.8865217566490173,0.9251945614814758,0.07480522990226746,0.4219510555267334,0.9507128596305847,0.9055673480033875,0.9123989343643188
41.0,3.0,0.8942157030105591,0.10578493028879166,0.670268714427948,0.9307935237884521,0.8789681792259216,0.88739413022995,0.9300206899642944,0.06997960060834885,0.7023313045501709,0.9361890554428101,0.9089047312736511,0.9258984327316284
41.0,4.0,0.907023549079895,0.09297602623701096,0.6362534761428833,0.9364409446716309,0.8902772665023804,0.9004665613174438,0.8460013270378113,0.15399883687496185,1.3075491189956665,0.8690264225006104,0.8303784132003784,0.8461214303970337
42.0,0.0,0.9066548943519592,0.09334418177604675,0.637304425239563,0.936596155166626,0.8905858397483826,0.9000510573387146,0.8545688390731812,0.14543111622333527,1.2560508251190186,0.8709383606910706,0.8293196558952332,0.85477614402771
42.0,1.0,0.9141486883163452,0.08585099875926971,0.664434552192688,0.9324944019317627,0.8931100964546204,0.9062967896461487,0.8637410998344421,0.13625915348529816,0.738038182258606,0.930858850479126,0.8626562356948853,0.8637707233428955
42.0,2.0,0.888297975063324,0.11170230060815811,0.847968339920044,0.919665515422821,0.8739140629768372,0.8866434097290039,0.9252154231071472,0.07478509843349457,0.4251566529273987,0.9507141709327698,0.9060292840003967,0.912422239780426
42.0,3.0,0.8942858576774597,0.10571464151144028,0.6726417541503906,0.9307941794395447,0.8791242241859436,0.8874785900115967,0.9300407767295837,0.06995886564254761,0.7223263382911682,0.9361896514892578,0.9079262018203735,0.9259186387062073
42.0,4.0,0.9070892930030823,0.09291096031665802,0.6391322612762451,0.9364439845085144,0.8903408050537109,0.900529146194458,0.846053421497345,0.153946653008461,1.3107411861419678,0.8690266609191895,0.8298938870429993,0.8461754322052002
43.0,0.0,0.906784176826477,0.09321581572294235,0.639389157295227,0.9366024136543274,0.8908703923225403,0.9001911878585815,0.8545047640800476,0.14549528062343597,1.248100996017456,0.870937705039978,0.831534743309021,0.8546998500823975
43.0,1.0,0.9141837954521179,0.08581593632698059,0.6689609289169312,0.9324946403503418,0.8931943774223328,0.9063258171081543,0.8641970157623291,0.135802760720253,0.7419930696487427,0.9308688044548035,0.8625309467315674,0.864229142665863
43.0,2.0,0.8884015679359436,0.11159844696521759,0.8511875867843628,0.9196690917015076,0.8742378950119019,0.8867297768592834,0.9253103137016296,0.07468973845243454,0.44122764468193054,0.9507153034210205,0.9039376378059387,0.9125263690948486
43.0,3.0,0.8943967223167419,0.10560335218906403,0.677070677280426,0.9307985305786133,0.8793747425079346,0.887592077255249,0.9300755858421326,0.06992503255605698,0.7069470286369324,0.9361892938613892,0.9089252352714539,0.9259634613990784
43.0,4.0,0.9072107076644897,0.09278961271047592,0.6428328156471252,0.9364466667175293,0.8904995918273926,0.9006582498550415,0.8461079001426697,0.153892382979393,1.3271760940551758,0.8690264821052551,0.829082727432251,0.8462112545967102
44.0,0.0,0.9068768620491028,0.09312273561954498,0.6428068280220032,0.9366046190261841,0.8910301327705383,0.9002760052680969,0.8546712398529053,0.14532892405986786,1.2769734859466553,0.8709377646446228,0.8296364545822144,0.8549048900604248
44.0,1.0,0.9142100214958191,0.08578978478908539,0.6721363663673401,0.9324946999549866,0.8932658433914185,0.9063520431518555,0.8643617033958435,0.13563808798789978,0.7460107207298279,0.9308740496635437,0.8627882599830627,0.8643643260002136
44.0,2.0,0.8885342478752136,0.1114659234881401,0.8549167513847351,0.9196750521659851,0.8743975162506104,0.8868788480758667,0.9253188371658325,0.07468084990978241,0.43495285511016846,0.9507151246070862,0.9051096439361572,0.9125192165374756
44.0,3.0,0.8945213556289673,0.10547870397567749,0.6796057224273682,0.930802047252655,0.8794615268707275,0.8877184987068176,0.9301086068153381,0.06989143788814545,0.7094744443893433,0.9361892938613892,0.9087939858436584,0.9259867072105408
44.0,4.0,0.9072653651237488,0.09273417294025421,0.6451217532157898,0.9364498257637024,0.8906461596488953,0.9007101655006409,0.8461271524429321,0.15387268364429474,1.322021722793579,0.8690267205238342,0.8311135768890381,0.846255898475647
45.0,0.0,0.906935453414917,0.09306373447179794,0.6457147002220154,0.9366060495376587,0.8910969495773315,0.9003345966339111,0.8546224236488342,0.1453774869441986,1.3116505146026611,0.870938241481781,0.8267075419425964,0.8548219203948975
45.0,1.0,0.9142495393753052,0.08575078845024109,0.6747693419456482,0.932494580745697,0.8932365775108337,0.9063912630081177,0.864504873752594,0.1354951560497284,0.7474115490913391,0.9308773875236511,0.8632533550262451,0.8645333051681519
45.0,2.0,0.8885950446128845,0.11140495538711548,0.8582391142845154,0.9196739792823792,0.8744221925735474,0.8869396448135376,0.9253824949264526,0.0746171697974205,0.4420456290245056,0.9507160782814026,0.9048022627830505,0.9125788807868958
45.0,3.0,0.8945556879043579,0.10544364154338837,0.6831387877464294,0.9308028817176819,0.8795546293258667,0.8877474665641785,0.9301000833511353,0.06990036368370056,0.7252259850502014,0.9361903667449951,0.9078229665756226,0.9259710311889648
45.0,4.0,0.9073496460914612,0.09264981746673584,0.6490476131439209,0.9364504218101501,0.8907625675201416,0.9007843732833862,0.8461982607841492,0.1538018137216568,1.3364418745040894,0.8690267205238342,0.8299408555030823,0.8463034629821777
46.0,0.0,0.9069645404815674,0.09303481876850128,0.6500371098518372,0.9366043210029602,0.8911700248718262,0.9003463387489319,0.8547872304916382,0.14521285891532898,1.3120602369308472,0.8709399700164795,0.8268454670906067,0.8549995422363281
46.0,1.0,0.9142877459526062,0.08571352809667587,0.6788237690925598,0.9324951767921448,0.8932967782020569,0.9064263701438904,0.8647397756576538,0.1352604478597641,0.7548438906669617,0.9308896064758301,0.86285400390625,0.8647494316101074
46.0,2.0,0.8887060880661011,0.111294686794281,0.8633471727371216,0.9196781516075134,0.8746745586395264,0.8870400190353394,0.9254164099693298,0.0745832547545433,0.4396268427371979,0.9507158398628235,0.9054195880889893,0.9126104712486267
46.0,3.0,0.8946260809898376,0.10537511855363846,0.687023401260376,0.930805504322052,0.8796070218086243,0.8878053426742554,0.9301096200942993,0.0698908194899559,0.7260313630104065,0.9361889958381653,0.9078051447868347,0.9260005950927734
46.0,4.0,0.9073925018310547,0.09260813146829605,0.6511646509170532,0.9364510774612427,0.8908202052116394,0.9008272290229797,0.846250057220459,0.15374991297721863,1.3410862684249878,0.8690264821052551,0.829890787601471,0.846335232257843
47.0,0.0,0.9070594310760498,0.0929407998919487,0.6515426635742188,0.9366101026535034,0.8912556767463684,0.9004487991333008,0.8549007773399353,0.14509893953800201,1.3136351108551025,0.8709399700164795,0.8281644582748413,0.8550975918769836
47.0,1.0,0.9143145084381104,0.08568555861711502,0.6815189719200134,0.9324948787689209,0.8934277296066284,0.9064497351646423,0.8648269772529602,0.13517341017723083,0.749997079372406,0.9308919310569763,0.8639784455299377,0.8648161292076111
47.0,2.0,0.8887990713119507,0.1112014427781105,0.8655807375907898,0.9196799397468567,0.8746870756149292,0.887130081653595,0.9254568815231323,0.07454278320074081,0.44399142265319824,0.9507167339324951,0.9052446484565735,0.9126520752906799
47.0,3.0,0.8947099447250366,0.10528924316167831,0.690473735332489,0.9308072328567505,0.8797580003738403,0.887893557548523,0.9302207231521606,0.06977961957454681,0.7221660614013672,0.9361900091171265,0.9085062146186829,0.9260933995246887
47.0,4.0,0.9074440598487854,0.09255697578191757,0.6538715362548828,0.9364535808563232,0.8908972144126892,0.9008685350418091,0.8462534546852112,0.15374641120433807,1.3518162965774536,0.8690267205238342,0.8293818235397339,0.8463402390480042
48.0,0.0,0.9070767760276794,0.092922143638134,0.65598464012146,0.9366080164909363,0.8912548422813416,0.900465726852417,0.8548139333724976,0.14518612623214722,1.2973800897598267,0.8709377646446228,0.8302921652793884,0.855009138584137
48.0,1.0,0.9143465161323547,0.08565343171358109,0.6838779449462891,0.9324944615364075,0.8934764862060547,0.9064816832542419,0.8648437261581421,0.1351565420627594,0.7524012923240662,0.9308977723121643,0.8659547567367554,0.8648281693458557
48.0,2.0,0.8888675570487976,0.11113261431455612,0.8692517876625061,0.9196804165840149,0.8748080730438232,0.8871861696243286,0.9254750609397888,0.07452430576086044,0.44263336062431335,0.9507161378860474,0.9060006737709045,0.9126556515693665
48.0,3.0,0.8947613835334778,0.1052386611700058,0.6933565139770508,0.930808961391449,0.8798973560333252,0.887932300567627,0.930227518081665,0.06977291405200958,0.7190983295440674,0.9361900687217712,0.908928632736206,0.9261176586151123
48.0,4.0,0.9074946045875549,0.09250558912754059,0.6576626300811768,0.9364539980888367,0.8909062147140503,0.9009191393852234,0.8462940454483032,0.1537056416273117,1.3574204444885254,0.8690266013145447,0.8287326693534851,0.8463791608810425
49.0,0.0,0.907151997089386,0.09284768998622894,0.6573107242584229,0.9366108179092407,0.8912687301635742,0.900530219078064,0.85504150390625,0.1449582874774933,1.3199652433395386,0.870940089225769,0.8284137845039368,0.8552408814430237
49.0,1.0,0.9143696427345276,0.08563020825386047,0.6870034337043762,0.9324958920478821,0.8934220671653748,0.906509518623352,0.8650833368301392,0.13491679728031158,0.7614960074424744,0.9308992624282837,0.8638660907745361,0.865090012550354
49.0,2.0,0.8889430165290833,0.11105682700872421,0.872521162033081,0.9196817874908447,0.8748487234115601,0.8872532248497009,0.9255166053771973,0.07448365539312363,0.44768092036247253,0.950716495513916,0.9054192900657654,0.9127004742622375
49.0,3.0,0.8948312997817993,0.10516875237226486,0.6969598531723022,0.9308093190193176,0.8799121975898743,0.8880074620246887,0.9302358627319336,0.06976423412561417,0.7295437455177307,0.9361902475357056,0.9082739949226379,0.9261071681976318
49.0,4.0,0.90753573179245,0.09246552735567093,0.6600461006164551,0.9364542961120605,0.8909465074539185,0.9009473323822021,0.8460405468940735,0.1539597064256668,1.334911823272705,0.8690258860588074,0.834337055683136,0.8460693955421448
50.0,0.0,0.9071183204650879,0.09288233518600464,0.6598882079124451,0.936610221862793,0.8913177251815796,0.9004979729652405,0.8549028635025024,0.14509709179401398,1.3650966882705688,0.8709388971328735,0.8251659274101257,0.8551074862480164
50.0,1.0,0.9143943190574646,0.08560658991336823,0.6906248927116394,0.9324972629547119,0.8934960961341858,0.9065297245979309,0.8650761246681213,0.13492348790168762,0.756738007068634,0.930898904800415,0.8648216128349304,0.86507648229599
50.0,2.0,0.8890515565872192,0.11094845086336136,0.8755247592926025,0.9196850061416626,0.8750399351119995,0.8873649835586548,0.925530731678009,0.07446928322315216,0.4507499933242798,0.9507162570953369,0.9053496718406677,0.912719190120697
50.0,3.0,0.8948379158973694,0.10516109317541122,0.6994301080703735,0.9308093190193176,0.8800424337387085,0.8880096077919006,0.9302458167076111,0.06975428760051727,0.7275660037994385,0.936190128326416,0.90888911485672,0.9261150360107422
50.0,4.0,0.9075843095779419,0.0924140140414238,0.6634076833724976,0.9364548921585083,0.8910190463066101,0.9010102152824402,0.8463718295097351,0.15362794697284698,1.368668556213379,0.8690267205238342,0.8298237323760986,0.846487283706665
51.0,0.0,0.9072266221046448,0.09277422726154327,0.6641576886177063,0.9366114139556885,0.8914142847061157,0.9006112217903137,0.8550224900245667,0.1449775993824005,1.355899691581726,0.8709395527839661,0.8261125087738037,0.8552014827728271
51.0,1.0,0.9144471287727356,0.08555346727371216,0.6939841508865356,0.9324967265129089,0.8934999704360962,0.9065796732902527,0.8652229905128479,0.13477753102779388,0.7671478986740112,0.9309033155441284,0.8639671802520752,0.8651943206787109
51.0,2.0,0.8889971971511841,0.11100292205810547,0.8795686960220337,0.919683039188385,0.8748626112937927,0.8873239159584045,0.9255712628364563,0.07442894577980042,0.45147383213043213,0.9507174491882324,0.9054839015007019,0.9127584099769592
51.0,3.0,0.8949403166770935,0.10505900532007217,0.7032073140144348,0.930810809135437,0.8800157904624939,0.8881046175956726,0.9302922487258911,0.06970774382352829,0.7381041049957275,0.9361905455589294,0.9082235097885132,0.9261680245399475
51.0,4.0,0.9076374769210815,0.09236333519220352,0.6664224863052368,0.936455488204956,0.8910780549049377,0.90105801820755,0.8463656902313232,0.153634175658226,1.3826261758804321,0.8690273761749268,0.827965259552002,0.8464515209197998
52.0,0.0,0.9072624444961548,0.09273786842823029,0.6656804084777832,0.9366129040718079,0.8914520740509033,0.9006385803222656,0.8547975420951843,0.14520268142223358,1.3788481950759888,0.8709388971328735,0.8242545127868652,0.8549308776855469
52.0,1.0,0.9144709706306458,0.08552967756986618,0.6960980892181396,0.9324967265129089,0.8935664296150208,0.9065984487533569,0.8652104735374451,0.13478946685791016,0.7773611545562744,0.9309018850326538,0.8631241321563721,0.8651815056800842
52.0,2.0,0.8890930414199829,0.110907182097435,0.8840113282203674,0.9196853637695312,0.8749863505363464,0.8874085545539856,0.92563396692276,0.07436636090278625,0.45231306552886963,0.9507172703742981,0.9056176543235779,0.9128171801567078
52.0,3.0,0.8949486017227173,0.105051688849926,0.7065576910972595,0.9308103919029236,0.88005131483078,0.8881170749664307,0.9303092956542969,0.06969033181667328,0.7407549619674683,0.9361906051635742,0.908414363861084,0.9261888265609741
52.0,4.0,0.9076553583145142,0.09234479069709778,0.669678807258606,0.9364562630653381,0.8910636305809021,0.9010791778564453,0.8464423418045044,0.1535576581954956,1.382399559020996,0.8690271973609924,0.8301560282707214,0.846548318862915
53.0,0.0,0.9073030352592468,0.09269630163908005,0.669425368309021,0.9366129040718079,0.8914973735809326,0.9006820321083069,0.8551787734031677,0.14482101798057556,1.357741355895996,0.8709399700164795,0.8276426196098328,0.8553503751754761
53.0,1.0,0.9144636988639832,0.08553612977266312,0.7011280059814453,0.9324963688850403,0.8934139609336853,0.9065937399864197,0.8652850985527039,0.13471482694149017,0.7713508605957031,0.9309050440788269,0.8652956485748291,0.8652775287628174
53.0,2.0,0.8890419602394104,0.1109577864408493,0.8879180550575256,0.9196826219558716,0.875034511089325,0.8873587846755981,0.925552487373352,0.07444737106561661,0.47288140654563904,0.9507169723510742,0.9040543437004089,0.912725567817688
53.0,3.0,0.895038902759552,0.10496128350496292,0.7100778818130493,0.9308129549026489,0.8801193833351135,0.8882127404212952,0.9303081035614014,0.06969163566827774,0.7294360995292664,0.9361903071403503,0.9092433452606201,0.9261741638183594
53.0,4.0,0.9077663421630859,0.09223340451717377,0.6721954345703125,0.9364578127861023,0.8911157846450806,0.9011746048927307,0.8464885950088501,0.15351158380508423,1.3864936828613281,0.8690274953842163,0.8297341465950012,0.8465873599052429
54.0,0.0,0.9073927402496338,0.09260643273591995,0.6714684963226318,0.936612606048584,0.8915134072303772,0.9007740616798401,0.8552334904670715,0.14476631581783295,1.3598965406417847,0.8709394931793213,0.8276856541633606,0.8554224967956543
54.0,1.0,0.9145535826683044,0.08544795215129852,0.7025952339172363,0.9324964880943298,0.8935055136680603,0.9066776633262634,0.8653882741928101,0.1346120536327362,0.7775794863700867,0.9309085607528687,0.8643026351928711,0.8653650879859924
54.0,2.0,0.8891541361808777,0.11084579676389694,0.8905060291290283,0.9196875095367432,0.8751457333564758,0.8874644041061401,0.9256909489631653,0.0743093192577362,0.464653342962265,0.9507179260253906,0.9053128957748413,0.9128720760345459
54.0,3.0,0.895052433013916,0.10494838654994965,0.7130861878395081,0.9308124780654907,0.8802012801170349,0.8882002234458923,0.9303663372993469,0.06963395327329636,0.7396765947341919,0.9361909627914429,0.9087287187576294,0.926239013671875
54.0,4.0,0.9077932238578796,0.09220694750547409,0.6738303899765015,0.9364574551582336,0.8912267684936523,0.9012027978897095,0.8464692234992981,0.15353095531463623,1.3827712535858154,0.8690272569656372,0.830438494682312,0.8465482592582703
55.0,0.0,0.9073960781097412,0.09260409325361252,0.6740463376045227,0.9366128444671631,0.8915563821792603,0.9007650017738342,0.8550640344619751,0.14493583142757416,1.3264265060424805,0.8709393739700317,0.8323476314544678,0.8552324175834656
55.0,1.0,0.9146029949188232,0.08539717644453049,0.7051911354064941,0.9324958920478821,0.8936044573783875,0.9067319631576538,0.8653994798660278,0.1346006989479065,0.7785117030143738,0.9309072494506836,0.864862859249115,0.8653821349143982
55.0,2.0,0.8891212940216064,0.11087881773710251,0.8935524821281433,0.9196820855140686,0.874872624874115,0.8874322175979614,0.9258046746253967,0.07419464737176895,0.462637335062027,0.9507182836532593,0.9053999185562134,0.9129828214645386
55.0,3.0,0.8950413465499878,0.10495913773775101,0.715566873550415,0.9308084845542908,0.8798724412918091,0.8882009387016296,0.9303189516067505,0.0696803629398346,0.7445166707038879,0.9361898899078369,0.9082666635513306,0.9262005090713501
55.0,4.0,0.9077985882759094,0.09220156073570251,0.6764751672744751,0.936456561088562,0.891158938407898,0.901208221912384,0.8465303778648376,0.15346980094909668,1.3963978290557861,0.8690273761749268,0.8298301100730896,0.8466210961341858
56.0,0.0,0.9074488282203674,0.0925506055355072,0.6757461428642273,0.9366143345832825,0.8915704488754272,0.9008209109306335,0.8553124070167542,0.1446874737739563,1.3561781644821167,0.8709402084350586,0.8292113542556763,0.8555037379264832
56.0,1.0,0.9146537184715271,0.08534600585699081,0.7072473168373108,0.9324981570243835,0.8936117887496948,0.9067790508270264,0.8653199672698975,0.13467980921268463,0.7754896879196167,0.9309061169624329,0.8655681610107422,0.8653194904327393
56.0,2.0,0.8891924619674683,0.11080767214298248,0.8971019983291626,0.9196838736534119,0.8750537633895874,0.8874998688697815,0.9258225560188293,0.07417694479227066,0.4700351059436798,0.9507180452346802,0.9047325253486633,0.9130025506019592
56.0,3.0,0.8951280117034912,0.10487175732851028,0.7185971140861511,0.9308127164840698,0.8801468014717102,0.8882856369018555,0.9303980469703674,0.06960175931453705,0.744606077671051,0.9361909031867981,0.9084450602531433,0.9262705445289612
56.0,4.0,0.9077995419502258,0.09220154583454132,0.6790330410003662,0.9364582896232605,0.8912381529808044,0.9012105464935303,0.8465240597724915,0.15347567200660706,1.4114656448364258,0.869026780128479,0.8292791843414307,0.8466012477874756
57.0,0.0,0.9074805974960327,0.09252134710550308,0.6792985796928406,0.9366147518157959,0.891598105430603,0.9008485078811646,0.8552340269088745,0.14476603269577026,1.3987669944763184,0.8709388971328735,0.8262259364128113,0.8554324507713318
57.0,1.0,0.9146664142608643,0.08533359318971634,0.7109917998313904,0.9324977993965149,0.8936394453048706,0.9067871570587158,0.8655170798301697,0.13448312878608704,0.786048948764801,0.9309104084968567,0.864768385887146,0.8654911518096924
57.0,2.0,0.8892638683319092,0.11073602735996246,0.8997693061828613,0.9196885824203491,0.8752424716949463,0.8875661492347717,0.925836443901062,0.0741640031337738,0.46102210879325867,0.9507188200950623,0.9061932563781738,0.9130061268806458
57.0,3.0,0.8951774835586548,0.10482291877269745,0.7205184698104858,0.9308112263679504,0.8802329897880554,0.8883287310600281,0.9303640723228455,0.06963568925857544,0.754351019859314,0.9361907243728638,0.9083743095397949,0.9262276291847229
57.0,4.0,0.907857358455658,0.09214317798614502,0.681261420249939,0.9364591836929321,0.8912125825881958,0.9012698531150818,0.8465795516967773,0.15342068672180176,1.399409532546997,0.869027316570282,0.8304111361503601,0.8466657996177673
58.0,0.0,0.907522976398468,0.09247802197933197,0.6809167861938477,0.9366140365600586,0.8916807174682617,0.9008969068527222,0.855364203453064,0.14463596045970917,1.3710193634033203,0.8709400296211243,0.8288195729255676,0.8555716276168823
58.0,1.0,0.9146802425384521,0.08532024174928665,0.7126429677009583,0.9324973225593567,0.8937052488327026,0.9067994356155396,0.8656346201896667,0.13436554372310638,0.7898749113082886,0.9309104681015015,0.8639880418777466,0.865604817867279
58.0,2.0,0.8892785906791687,0.11072161793708801,0.9026364684104919,0.9196867942810059,0.8753155469894409,0.8875880241394043,0.9258986711502075,0.07410144805908203,0.4685925841331482,0.9507194757461548,0.9053285717964172,0.9130813479423523
58.0,3.0,0.8952344655990601,0.10476625710725784,0.7242245078086853,0.9308105707168579,0.880262553691864,0.8883927464485168,0.930389404296875,0.06961037218570709,0.7580021023750305,0.9361918568611145,0.9079915285110474,0.9262531995773315
58.0,4.0,0.9079280495643616,0.09207162261009216,0.684391975402832,0.9364588260650635,0.8912806510925293,0.9013314843177795,0.8461843729019165,0.15381553769111633,1.4362261295318604,0.8690252900123596,0.8242247700691223,0.8462004065513611
59.0,0.0,0.9075365662574768,0.09246351569890976,0.6836070418357849,0.9366142749786377,0.8916433453559875,0.9009035229682922,0.8554061055183411,0.14459407329559326,1.3648064136505127,0.8709400296211243,0.8302472233772278,0.8555697202682495
59.0,1.0,0.9147204756736755,0.08528098464012146,0.7155008912086487,0.9324970841407776,0.8937724232673645,0.9068423509597778,0.865505576133728,0.13449470698833466,0.7848601937294006,0.9309147000312805,0.865799605846405,0.865492045879364
59.0,2.0,0.8892883658409119,0.11071189492940903,0.9059975147247314,0.9196874499320984,0.8752574920654297,0.8875904679298401,0.9259034991264343,0.0740959644317627,0.4681313931941986,0.9507194757461548,0.9059316515922546,0.9130887389183044
59.0,3.0,0.895291805267334,0.10470861196517944,0.7268532514572144,0.9308142066001892,0.8803888559341431,0.888444185256958,0.9304386973381042,0.06956154853105545,0.7453615069389343,0.9361913800239563,0.9090891480445862,0.9263022541999817
59.0,4.0,0.9079403281211853,0.0920598953962326,0.6866583228111267,0.9364588856697083,0.891276478767395,0.9013420939445496,0.8466139435768127,0.15338607132434845,1.4160215854644775,0.8690265417098999,0.8300543427467346,0.8467003107070923
60.0,0.0,0.9076734185218811,0.09232663363218307,0.6852662563323975,0.9366182088851929,0.8917983770370483,0.9010406136512756,0.8555243015289307,0.1444757580757141,1.3796768188476562,0.8709402084350586,0.8296281099319458,0.8557178378105164
60.0,1.0,0.9148024320602417,0.08519719541072845,0.7172884345054626,0.9324970245361328,0.8938297033309937,0.906930685043335,0.86588454246521,0.13411520421504974,0.7897793054580688,0.9309205412864685,0.8649775385856628,0.865854024887085
60.0,2.0,0.8895140886306763,0.11048663407564163,0.9073667526245117,0.9196934700012207,0.8754985928535461,0.8878147006034851,0.9259743094444275,0.07402600347995758,0.4725487530231476,0.9507195949554443,0.905547559261322,0.9131515026092529
60.0,3.0,0.8954567313194275,0.10454339534044266,0.7272524237632751,0.9308167695999146,0.8804877400398254,0.8886184096336365,0.9304622411727905,0.06953801959753036,0.7550559639930725,0.9361918568611145,0.9086672067642212,0.9263222217559814
60.0,4.0,0.9080994725227356,0.09189973771572113,0.686651349067688,0.9364623427391052,0.8914681673049927,0.9015054106712341,0.8466822504997253,0.15331777930259705,1.4166052341461182,0.869027853012085,0.8301243782043457,0.8467575907707214
61.0,0.0,0.9077289700508118,0.09227119386196136,0.6859872937202454,0.9366188645362854,0.8918238878250122,0.9010951519012451,0.8555627465248108,0.14443688094615936,1.3838733434677124,0.8709403276443481,0.8293967843055725,0.855759859085083
61.0,1.0,0.9148153066635132,0.08518438041210175,0.7178400158882141,0.9324981570243835,0.8938611149787903,0.9069408774375916,0.8660153150558472,0.13398443162441254,0.790803849697113,0.9309219121932983,0.8650371432304382,0.8659752607345581
61.0,2.0,0.8895614743232727,0.11043886840343475,0.9083921313285828,0.9196941256523132,0.8755143284797668,0.8878616690635681,0.9259851574897766,0.07401498407125473,0.47286564111709595,0.9507194757461548,0.9055644869804382,0.913161039352417
61.0,3.0,0.8954923748970032,0.10450755804777145,0.7278476357460022,0.9308173656463623,0.8805131912231445,0.8886552453041077,0.9304736852645874,0.06952610611915588,0.7507996559143066,0.9361918568611145,0.9089195132255554,0.9263378977775574
61.0,4.0,0.9081225395202637,0.09187774360179901,0.6873339414596558,0.9364628791809082,0.8914932012557983,0.901526927947998,0.8466907143592834,0.15330927073955536,1.4156575202941895,0.8690280318260193,0.8305365443229675,0.8467734456062317
62.0,0.0,0.9077498912811279,0.09225059300661087,0.686984658241272,0.9366189241409302,0.8918336629867554,0.9011204242706299,0.8555726408958435,0.14442741870880127,1.3821762800216675,0.8709402680397034,0.8295707702636719,0.8557686805725098
62.0,1.0,0.914824903011322,0.08517446368932724,0.7183324694633484,0.9324982166290283,0.8938373923301697,0.9069543480873108,0.8660587668418884,0.1339413970708847,0.7900077104568481,0.9309235215187073,0.8654029965400696,0.8660354018211365
62.0,2.0,0.8895860910415649,0.11041323840618134,0.9088025093078613,0.9196946024894714,0.8755673766136169,0.8878946304321289,0.9260118007659912,0.0739874467253685,0.472552627325058,0.9507185220718384,0.9056562781333923,0.9131932258605957
62.0,3.0,0.8955153822898865,0.10448461771011353,0.728517472743988,0.9308176040649414,0.8805599212646484,0.8886860609054565,0.930475652217865,0.06952398270368576,0.7534086108207703,0.936191976070404,0.9087617993354797,0.9263458847999573
62.0,4.0,0.9081432819366455,0.09185671806335449,0.6880014538764954,0.9364627599716187,0.8915066719055176,0.9015517830848694,0.8466978073120117,0.15330222249031067,1.4177378416061401,0.8690280914306641,0.8304510116577148,0.8467791080474854
63.0,0.0,0.9077693223953247,0.09223127365112305,0.6874433755874634,0.9366188049316406,0.8918702602386475,0.9011399745941162,0.8555765748023987,0.14442339539527893,1.3878964185714722,0.8709403872489929,0.8292556405067444,0.8557677865028381
63.0,1.0,0.9148446917533875,0.08515562117099762,0.7188494801521301,0.9324989318847656,0.8938663005828857,0.90697181224823,0.8660873770713806,0.13391247391700745,0.7926408052444458,0.9309238791465759,0.8651007413864136,0.866066575050354
63.0,2.0,0.8895972371101379,0.11040304601192474,0.90993732213974,0.9196945428848267,0.8755636215209961,0.887907862663269,0.92603999376297,0.07396010309457779,0.4736682176589966,0.9507200121879578,0.9056223034858704,0.9132245182991028
63.0,3.0,0.8955381512641907,0.10446196794509888,0.7295582294464111,0.9308182597160339,0.8806029558181763,0.8887119293212891,0.9304768443107605,0.06952318549156189,0.7515562772750854,0.936192512512207,0.9088925719261169,0.926348865032196
63.0,4.0,0.9081611037254333,0.09183868020772934,0.6887905597686768,0.9364632964134216,0.8915356397628784,0.9015755653381348,0.8467018008232117,0.15329833328723907,1.4178701639175415,0.8690279126167297,0.8307132720947266,0.8467899560928345
64.0,0.0,0.9077855944633484,0.09221397340297699,0.687861979007721,0.9366182088851929,0.8918822407722473,0.9011635184288025,0.8555884957313538,0.1444115936756134,1.386826753616333,0.870940089225769,0.829505205154419,0.8557825088500977
64.0,1.0,0.9148542284965515,0.08514486998319626,0.7197216749191284,0.9324979782104492,0.8938705325126648,0.9069819450378418,0.8661057949066162,0.13389424979686737,0.7933576107025146,0.9309245944023132,0.8651988506317139,0.8660914301872253
64.0,2.0,0.889606237411499,0.11039435118436813,0.910860538482666,0.919695258140564,0.8755897879600525,0.8879174590110779,0.9260511994361877,0.07394891232252121,0.4750049114227295,0.9507204294204712,0.9055730104446411,0.9132312536239624
64.0,3.0,0.8955509662628174,0.10444892197847366,0.7302379012107849,0.9308188557624817,0.8805766105651855,0.8887151479721069,0.9304838180541992,0.06951636075973511,0.7522733211517334,0.9361915588378906,0.90892094373703,0.9263524413108826
64.0,4.0,0.9081723690032959,0.09182804822921753,0.6894044280052185,0.9364635348320007,0.8915369510650635,0.9015800952911377,0.8467105627059937,0.15328934788703918,1.420677900314331,0.8690279126167297,0.8301559686660767,0.8467971086502075
65.0,0.0,0.9077953100204468,0.09220483899116516,0.6886143684387207,0.9366194009780884,0.891870379447937,0.901168704032898,0.8555976152420044,0.14440234005451202,1.3913192749023438,0.8709402084350586,0.8292568922042847,0.855806827545166
65.0,1.0,0.9148698449134827,0.08513017743825912,0.7205967903137207,0.9324986338615417,0.8938449025154114,0.9070031642913818,0.8661221861839294,0.1338777244091034,0.7930968999862671,0.9309248328208923,0.8652482032775879,0.86610347032547
65.0,2.0,0.889616847038269,0.11038272827863693,0.9115320444107056,0.9196946024894714,0.8756129741668701,0.8879276514053345,0.926076352596283,0.07392396777868271,0.47420546412467957,0.950720489025116,0.9056715369224548,0.913262665271759
65.0,3.0,0.8955671191215515,0.10443258285522461,0.7307515144348145,0.9308192729949951,0.8805810213088989,0.8887365460395813,0.9304844737052917,0.06951578706502914,0.7562612295150757,0.9361914396286011,0.9088056087493896,0.9263561367988586
65.0,4.0,0.9081884026527405,0.0918114110827446,0.6898819208145142,0.936463475227356,0.8915472030639648,0.9016077518463135,0.846714437007904,0.15328574180603027,1.4208518266677856,0.8690280318260193,0.8304318785667419,0.8468017578125
66.0,0.0,0.9078142642974854,0.09218483418226242,0.6892405152320862,0.9366198778152466,0.8918798565864563,0.9011910557746887,0.8556045889854431,0.1443953812122345,1.3897699117660522,0.8709402084350586,0.8295268416404724,0.8558135628700256
66.0,1.0,0.9148773550987244,0.08512179553508759,0.7210076451301575,0.9324988126754761,0.8938714861869812,0.9070103168487549,0.8661542534828186,0.13384638726711273,0.7937175631523132,0.9309269189834595,0.8652851581573486,0.8661424517631531
66.0,2.0,0.889625608921051,0.11037388443946838,0.912060558795929,0.9196954369544983,0.8756093978881836,0.8879402875900269,0.9260890483856201,0.07391132414340973,0.4742596745491028,0.9507194757461548,0.9056976437568665,0.9132719039916992
66.0,3.0,0.8955874443054199,0.10441356897354126,0.7312179207801819,0.9308192729949951,0.880603551864624,0.8887569904327393,0.9304898381233215,0.06951048970222473,0.7557241916656494,0.936191976070404,0.9088324308395386,0.9263604283332825
66.0,4.0,0.9082023501396179,0.09179814904928207,0.690294086933136,0.936463475227356,0.8915478587150574,0.9016236066818237,0.846713662147522,0.1532861888408661,1.421505093574524,0.8690277338027954,0.830706000328064,0.8468028903007507
67.0,0.0,0.9078238010406494,0.0921749472618103,0.6894846558570862,0.93662029504776,0.891907274723053,0.9012029767036438,0.8556144833564758,0.14438529312610626,1.3900915384292603,0.8709401488304138,0.8295913338661194,0.8558275103569031
67.0,1.0,0.9148879647254944,0.08511166274547577,0.7215076088905334,0.9324986934661865,0.8938807249069214,0.9070237278938293,0.8661696314811707,0.1338300108909607,0.7947553992271423,0.9309273362159729,0.8652024269104004,0.866157591342926
67.0,2.0,0.8896381258964539,0.11036210507154465,0.9124349355697632,0.9196960926055908,0.8756159543991089,0.8879501819610596,0.9260989427566528,0.07390052080154419,0.4777512848377228,0.9507208466529846,0.9054262638092041,0.9132803082466125
67.0,3.0,0.8955988883972168,0.10440044105052948,0.7320246696472168,0.9308195114135742,0.8806037902832031,0.8887713551521301,0.9304929375648499,0.06950727850198746,0.7547119855880737,0.936191737651825,0.9089706540107727,0.9263656735420227
67.0,4.0,0.9082111120223999,0.09178805351257324,0.6908686757087708,0.9364625811576843,0.8915699124336243,0.9016304612159729,0.8467240929603577,0.15327593684196472,1.4223793745040894,0.8690279126167297,0.8305407762527466,0.8468102812767029
68.0,0.0,0.9078366756439209,0.09216339886188507,0.6901624202728271,0.9366204738616943,0.89193195104599,0.9012139439582825,0.8556217551231384,0.14437837898731232,1.393553614616394,0.8709398508071899,0.8294536471366882,0.8558415770530701
68.0,1.0,0.9148941040039062,0.08510643988847733,0.7220511436462402,0.932498574256897,0.8938950896263123,0.907027542591095,0.866203248500824,0.1337970346212387,0.794472873210907,0.9309281706809998,0.8654359579086304,0.8661831617355347
68.0,2.0,0.8896478414535522,0.11035241186618805,0.9135722517967224,0.9196957945823669,0.875626802444458,0.887964129447937,0.9261061549186707,0.07389422506093979,0.47714439034461975,0.9507204294204712,0.905494749546051,0.9132848978042603
68.0,3.0,0.8956117033958435,0.10438835620880127,0.732694685459137,0.9308199286460876,0.8806089162826538,0.8887808918952942,0.9304945468902588,0.06950545310974121,0.7567816972732544,0.936191737651825,0.9088149070739746,0.9263675212860107
68.0,4.0,0.9082231521606445,0.09177602827548981,0.6912615299224854,0.936464786529541,0.8916101455688477,0.9016374349594116,0.8467270731925964,0.15327276289463043,1.4259761571884155,0.8690279722213745,0.8301262259483337,0.8468160629272461
69.0,0.0,0.9078425168991089,0.09215661138296127,0.6906777024269104,0.9366195797920227,0.8919041156768799,0.9012179970741272,0.8556302189826965,0.1443697214126587,1.3957732915878296,0.870940089225769,0.8292967081069946,0.8558429479598999
69.0,1.0,0.9148998260498047,0.08510003983974457,0.7226718664169312,0.932499349117279,0.8939068913459778,0.9070351123809814,0.8662315607070923,0.1337684988975525,0.7953523993492126,0.9309297204017639,0.8654327988624573,0.8662110567092896
69.0,2.0,0.889662504196167,0.11033771187067032,0.9139895439147949,0.9196969270706177,0.87565016746521,0.8879756331443787,0.9261130690574646,0.07388675957918167,0.4765438139438629,0.9507206082344055,0.9056469202041626,0.9132975935935974
69.0,3.0,0.8956290483474731,0.10437101125717163,0.7332161664962769,0.9308207035064697,0.8806369304656982,0.8887985944747925,0.9304981231689453,0.06950194388628006,0.7557249069213867,0.9361925721168518,0.9088855981826782,0.9263688921928406
69.0,4.0,0.9082369804382324,0.09176348149776459,0.691764771938324,0.9364653825759888,0.8916101455688477,0.9016530513763428,0.8467327356338501,0.15326713025569916,1.4264156818389893,0.8690280914306641,0.8302177786827087,0.8468213677406311
70.0,0.0,0.9078550934791565,0.09214486926794052,0.6913135051727295,0.9366201162338257,0.8919141292572021,0.9012354016304016,0.8556251525878906,0.14437462389469147,1.3915743827819824,0.8709403276443481,0.8300926089286804,0.8558539152145386
70.0,1.0,0.9149045348167419,0.08509557694196701,0.7234935164451599,0.9324988722801208,0.893912136554718,0.9070372581481934,0.8662282228469849,0.13377152383327484,0.7969136834144592,0.9309295415878296,0.8653298020362854,0.866201639175415
70.0,2.0,0.8896737694740295,0.11032616347074509,0.9147963523864746,0.919697642326355,0.8756546378135681,0.8879895806312561,0.9261181950569153,0.07388235628604889,0.477805495262146,0.9507208466529846,0.9055371284484863,0.913299024105072
70.0,3.0,0.8956400156021118,0.10436058789491653,0.7335082292556763,0.9308207035064697,0.8806595206260681,0.8888077139854431,0.9305012822151184,0.06949862837791443,0.7560343146324158,0.9361925721168518,0.9089110493659973,0.9263725876808167
70.0,4.0,0.9082430005073547,0.09175669401884079,0.6926099061965942,0.9364649057388306,0.8915966153144836,0.9016583561897278,0.8467367887496948,0.15326319634914398,1.4257988929748535,0.8690279722213745,0.8305960297584534,0.8468270897865295
71.0,0.0,0.9078613519668579,0.09213905036449432,0.6917948722839355,0.9366205334663391,0.8919268250465393,0.9012364745140076,0.8556451201438904,0.1443549245595932,1.3941758871078491,0.870940089225769,0.8296668529510498,0.8558614253997803
71.0,1.0,0.9149080514907837,0.08509194850921631,0.7237345576286316,0.9324979782104492,0.8939058184623718,0.9070420861244202,0.866274356842041,0.1337258219718933,0.7969717979431152,0.930931568145752,0.8653649091720581,0.8662614226341248
71.0,2.0,0.8896840810775757,0.11031600087881088,0.9155455827713013,0.9196979403495789,0.8756696581840515,0.8879988789558411,0.9261195063591003,0.07388082146644592,0.4764848053455353,0.9507203102111816,0.9057058691978455,0.9133056402206421
71.0,3.0,0.8956453204154968,0.10435483604669571,0.734407365322113,0.9308205246925354,0.8806310296058655,0.8888148665428162,0.9305049777030945,0.06949564069509506,0.7572399973869324,0.9361923933029175,0.908883810043335,0.9263773560523987
71.0,4.0,0.9082522988319397,0.0917472168803215,0.6931372880935669,0.9364656209945679,0.8915973901748657,0.9016701579093933,0.8467425107955933,0.15325751900672913,1.4271299839019775,0.8690280318260193,0.8305275440216064,0.8468255996704102
72.0,0.0,0.9078746438026428,0.09212523698806763,0.6922823190689087,0.9366217255592346,0.8919339776039124,0.9012526273727417,0.8556525111198425,0.1443476378917694,1.3982378244400024,0.8709402680397034,0.8294996619224548,0.8558709621429443
72.0,1.0,0.9149107933044434,0.0850883275270462,0.7243142127990723,0.9324981570243835,0.8939064741134644,0.907044529914856,0.8663107752799988,0.133689284324646,0.797368586063385,0.9309324026107788,0.8654072284698486,0.8662991523742676
72.0,2.0,0.8897031545639038,0.1102977991104126,0.9159336090087891,0.9196973443031311,0.8756825923919678,0.8880200386047363,0.9261246919631958,0.07387525588274002,0.47835445404052734,0.950720489025116,0.9055794477462769,0.9133065342903137
72.0,3.0,0.895659863948822,0.10433991253376007,0.734927237033844,0.9308203458786011,0.8806689381599426,0.8888298273086548,0.9305052161216736,0.06949476152658463,0.7595872282981873,0.936191976070404,0.9087868928909302,0.9263774752616882
72.0,4.0,0.9082620739936829,0.09173818677663803,0.6936728954315186,0.9364648461341858,0.8915951251983643,0.9016785025596619,0.8467473983764648,0.15325282514095306,1.4286357164382935,0.8690279722213745,0.8302773833274841,0.8468379974365234
73.0,0.0,0.9078835844993591,0.09211654216051102,0.6928555965423584,0.9366216659545898,0.8919414281845093,0.9012635350227356,0.855658769607544,0.14434118568897247,1.398223638534546,0.8709402084350586,0.8295822739601135,0.8558826446533203
73.0,1.0,0.9149152636528015,0.08508504182100296,0.7249775528907776,0.9324989318847656,0.8939253091812134,0.9070494771003723,0.8663212060928345,0.1336786448955536,0.797177791595459,0.9309327006340027,0.8655284643173218,0.8663033246994019
73.0,2.0,0.8897088170051575,0.11029179394245148,0.9168280959129333,0.9196988940238953,0.8756856322288513,0.8880221247673035,0.9261282682418823,0.07387176901102066,0.4772898256778717,0.9507201910018921,0.9057466387748718,0.9133090972900391
73.0,3.0,0.895668089389801,0.10433201491832733,0.7358449697494507,0.9308210015296936,0.8806726336479187,0.8888420462608337,0.9305096864700317,0.06949019432067871,0.7570873498916626,0.9361924529075623,0.9089453816413879,0.9263820052146912
73.0,4.0,0.9082673192024231,0.09173295646905899,0.694155216217041,0.9364651441574097,0.891616940498352,0.9016849398612976,0.8467539548873901,0.15324608981609344,1.431118130683899,0.8690279126167297,0.8302477598190308,0.8468413352966309
74.0,0.0,0.9078883528709412,0.09211092442274094,0.6933868527412415,0.936621367931366,0.8919439911842346,0.9012656211853027,0.8556655645370483,0.14433450996875763,1.3967993259429932,0.8709402084350586,0.8298553228378296,0.8558865785598755
74.0,1.0,0.914919376373291,0.0850808247923851,0.725446879863739,0.932497501373291,0.8939176797866821,0.9070538878440857,0.8663389682769775,0.13366086781024933,0.7992583513259888,0.9309327006340027,0.865378737449646,0.8663207292556763
74.0,2.0,0.8897179961204529,0.11028266698122025,0.9173682928085327,0.9196982979774475,0.8756967782974243,0.8880349397659302,0.9261313080787659,0.07386862486600876,0.4800908863544464,0.950720489025116,0.9055389165878296,0.9133170247077942
74.0,3.0,0.8956751227378845,0.10432448983192444,0.7364028692245483,0.9308216571807861,0.8806745409965515,0.8888469338417053,0.9305081367492676,0.06949248164892197,0.7562277317047119,0.9361921548843384,0.9089757204055786,0.9263814687728882
74.0,4.0,0.9082741141319275,0.09172631800174713,0.6948624849319458,0.9364656209945679,0.8916200995445251,0.9016900062561035,0.8467556238174438,0.15324436128139496,1.428576946258545,0.8690281510353088,0.8307324647903442,0.846854567527771
75.0,0.0,0.9078953862190247,0.09210502356290817,0.6939774751663208,0.9366217255592346,0.891968309879303,0.901272177696228,0.8556658029556274,0.14433421194553375,1.4083850383758545,0.8709402084350586,0.8290053606033325,0.8558874726295471
75.0,1.0,0.9149224758148193,0.08507693558931351,0.7264809608459473,0.9324991703033447,0.8939076066017151,0.9070544838905334,0.8663514852523804,0.13364873826503754,0.7991732954978943,0.9309329986572266,0.8654365539550781,0.8663322329521179
75.0,2.0,0.8897241950035095,0.11027543991804123,0.9182841181755066,0.919698178768158,0.8756891489028931,0.8880406618118286,0.9261336326599121,0.07386624813079834,0.48039788007736206,0.9507205486297607,0.9055677652359009,0.9133163094520569
75.0,3.0,0.8956806063652039,0.10431892424821854,0.7369952201843262,0.9308226704597473,0.8806838393211365,0.888853907585144,0.9305156469345093,0.06948454678058624,0.7575263977050781,0.9361923336982727,0.908972978591919,0.926386833190918
75.0,4.0,0.9082791805267334,0.0917205810546875,0.6953744888305664,0.9364646077156067,0.8916393518447876,0.90169757604599,0.8467634320259094,0.15323656797409058,1.4325860738754272,0.8690279722213745,0.8303913474082947,0.846855640411377
76.0,0.0,0.9078995585441589,0.09209966659545898,0.6944425702095032,0.9366213083267212,0.891959011554718,0.9012769460678101,0.8556787967681885,0.1443212628364563,1.4059710502624512,0.8709401488304138,0.8293725252151489,0.85590660572052
76.0,1.0,0.9149261713027954,0.08507382124662399,0.727077066898346,0.9324991703033447,0.8939191699028015,0.9070597887039185,0.8663634657859802,0.13363651931285858,0.8002671599388123,0.9309334754943848,0.865459680557251,0.866350531578064
76.0,2.0,0.8897323608398438,0.11026815325021744,0.9189620018005371,0.9196987748146057,0.8756952285766602,0.8880472183227539,0.9261388182640076,0.07386142760515213,0.47904932498931885,0.9507206082344055,0.905721127986908,0.9133239388465881
76.0,3.0,0.8956862688064575,0.10431326180696487,0.7374800443649292,0.9308207631111145,0.8806963562965393,0.8888585567474365,0.9305173754692078,0.06948253512382507,0.760147750377655,0.9361926317214966,0.9088792204856873,0.9263867735862732
76.0,4.0,0.9082846641540527,0.09171580523252487,0.6959694027900696,0.9364651441574097,0.891645073890686,0.9017019867897034,0.8467699289321899,0.15323016047477722,1.434656023979187,0.8690280318260193,0.8302705883979797,0.8468635678291321
77.0,0.0,0.9079066514968872,0.09209317713975906,0.6951211094856262,0.9366210699081421,0.8919656276702881,0.9012832045555115,0.855681836605072,0.14431801438331604,1.402204155921936,0.8709401488304138,0.8295926451683044,0.8559049367904663
77.0,1.0,0.9149302244186401,0.08506996184587479,0.7272895574569702,0.9324986338615417,0.8939327001571655,0.9070628881454468,0.8663719296455383,0.1336282640695572,0.7997522354125977,0.9309345483779907,0.8655765652656555,0.8663514256477356
77.0,2.0,0.889739990234375,0.11025960743427277,0.9196460247039795,0.9196985960006714,0.8757120966911316,0.8880552649497986,0.9261394143104553,0.07386049628257751,0.4798913598060608,0.9507203102111816,0.9056631922721863,0.9133270978927612
77.0,3.0,0.8956881165504456,0.10431124269962311,0.73829185962677,0.9308220148086548,0.8806838393211365,0.8888600468635559,0.9305205345153809,0.0694790780544281,0.7588432431221008,0.9361921548843384,0.90896075963974,0.9263924956321716
77.0,4.0,0.9082880616188049,0.09171140938997269,0.6963824033737183,0.9364655613899231,0.8916501998901367,0.9017066359519958,0.8467691540718079,0.1532309651374817,1.4367058277130127,0.8690279126167297,0.8299430012702942,0.8468652963638306
78.0,0.0,0.9079104065895081,0.09208891540765762,0.6957990527153015,0.9366215467453003,0.8919566869735718,0.9012843370437622,0.8556957244873047,0.14430442452430725,1.4034457206726074,0.870940089225769,0.8296856880187988,0.8559154272079468
78.0,1.0,0.9149347543716431,0.08506536483764648,0.7278081774711609,0.9324983954429626,0.8939485549926758,0.907071590423584,0.8663808107376099,0.13361923396587372,0.802430272102356,0.9309341907501221,0.8651748299598694,0.8663676977157593
78.0,2.0,0.8897440433502197,0.11025609821081161,0.9201398491859436,0.9196987152099609,0.8757180571556091,0.8880595564842224,0.9261466264724731,0.07385335862636566,0.4805504083633423,0.9507202506065369,0.9056667685508728,0.9133322238922119
78.0,3.0,0.8956982493400574,0.10430077463388443,0.7388432621955872,0.9308210015296936,0.880711555480957,0.8888723254203796,0.9305233359336853,0.06947652250528336,0.7593029737472534,0.9361923933029175,0.9089475274085999,0.9263925552368164
78.0,4.0,0.9082944393157959,0.09170529991388321,0.6970855593681335,0.9364656805992126,0.8916484117507935,0.9017113447189331,0.8467820286750793,0.15321801602840424,1.4332926273345947,0.869027853012085,0.8307754397392273,0.8468798398971558
79.0,0.0,0.9079144597053528,0.09208545088768005,0.6958925127983093,0.9366220235824585,0.8919975757598877,0.9012957215309143,0.8556952476501465,0.14430470764636993,1.41190767288208,0.870940089225769,0.8290366530418396,0.8559089303016663
79.0,1.0,0.9149391651153564,0.08506181091070175,0.7285429835319519,0.9324970841407776,0.8939409255981445,0.9070728421211243,0.8663981556892395,0.1336018443107605,0.8017197251319885,0.930934488773346,0.86541348695755,0.8663760423660278
79.0,2.0,0.889750599861145,0.1102493405342102,0.9205713272094727,0.9196990132331848,0.8757320046424866,0.8880647420883179,0.9261494874954224,0.07385045289993286,0.48241370916366577,0.9507209658622742,0.9055452942848206,0.9133326411247253
79.0,3.0,0.8957052826881409,0.10429424792528152,0.7395128607749939,0.9308217763900757,0.880709707736969,0.8888775110244751,0.9305264353752136,0.06947313994169235,0.7600792050361633,0.9361924529075623,0.9089316725730896,0.9263956546783447
79.0,4.0,0.9083002209663391,0.09170002490282059,0.697490394115448,0.9364659190177917,0.8916668891906738,0.9017196297645569,0.8467906713485718,0.15320956707000732,1.4364036321640015,0.869027853012085,0.8305795192718506,0.8468865752220154
80.0,0.0,0.9079195261001587,0.09207960963249207,0.6966283321380615,0.936622142791748,0.8919751644134521,0.9012985229492188,0.8557060360908508,0.1442938596010208,1.4079793691635132,0.8709402680397034,0.8295416831970215,0.8559222221374512
80.0,1.0,0.9149413108825684,0.08505851775407791,0.7288997173309326,0.9324986338615417,0.8939573168754578,0.9070737361907959,0.8664047718048096,0.13359478116035461,0.8014910817146301,0.9309342503547668,0.8656789064407349,0.8663843870162964
80.0,2.0,0.88975590467453,0.11024478822946548,0.9213285446166992,0.9196991324424744,0.8757222890853882,0.8880684971809387,0.9261524081230164,0.07384733110666275,0.4821525812149048,0.9507207274436951,0.9056185483932495,0.913335382938385
80.0,3.0,0.8957099318504333,0.10428863018751144,0.740040123462677,0.9308222532272339,0.8807303309440613,0.8888840675354004,0.9305273294448853,0.06947290897369385,0.7581597566604614,0.9361923933029175,0.9090564250946045,0.9263969659805298
80.0,4.0,0.908305823802948,0.09169427305459976,0.6978178024291992,0.9364655613899231,0.8916650414466858,0.901721715927124,0.8467958569526672,0.15320420265197754,1.437920331954956,0.8690282106399536,0.8304564952850342,0.8468942642211914
81.0,0.0,0.9079245328903198,0.09207477420568466,0.6970804333686829,0.9366229772567749,0.8919884562492371,0.9013022184371948,0.8557127118110657,0.14428743720054626,1.4054293632507324,0.870940089225769,0.8298497200012207,0.8559468388557434
81.0,1.0,0.9149448871612549,0.08505451679229736,0.7294289469718933,0.9324991703033447,0.893938422203064,0.9070769548416138,0.8664115071296692,0.1335882842540741,0.8035901784896851,0.9309337735176086,0.8653466105461121,0.8664001822471619
81.0,2.0,0.889764130115509,0.11023565381765366,0.9218732118606567,0.919698178768158,0.8757409453392029,0.8880800008773804,0.9261578917503357,0.07384268939495087,0.4827633500099182,0.9507209658622742,0.9055876135826111,0.913338840007782
81.0,3.0,0.8957170844078064,0.10428347438573837,0.7402690649032593,0.9308215975761414,0.8807380795478821,0.8888872861862183,0.930530846118927,0.06946831196546555,0.7613879442214966,0.936192512512207,0.9089224338531494,0.9264035820960999
81.0,4.0,0.9083121418952942,0.09168759733438492,0.6985482573509216,0.9364655613899231,0.8916739821434021,0.9017295837402344,0.8467986583709717,0.15320156514644623,1.4379475116729736,0.8690279126167297,0.8306346535682678,0.8468973636627197
82.0,0.0,0.9079313278198242,0.09206895530223846,0.6976320147514343,0.9366214275360107,0.8919996023178101,0.9013087749481201,0.8557181358337402,0.1442819982767105,1.4064712524414062,0.8709400296211243,0.8298885822296143,0.8559372425079346
82.0,1.0,0.9149487018585205,0.08505059778690338,0.7300335764884949,0.932498574256897,0.8939561247825623,0.9070805907249451,0.8664230704307556,0.13357685506343842,0.8027293086051941,0.9309342503547668,0.8656707406044006,0.8664060831069946
82.0,2.0,0.8897677063941956,0.11023218929767609,0.9225266575813293,0.9196991920471191,0.8757555484771729,0.8880869746208191,0.9261620044708252,0.07383778691291809,0.48231440782546997,0.9507208466529846,0.9056750535964966,0.913344144821167
82.0,3.0,0.8957253098487854,0.10427504777908325,0.7410778403282166,0.9308211803436279,0.8807331323623657,0.8888959288597107,0.9305332899093628,0.06946641206741333,0.7605317234992981,0.936191976070404,0.908985435962677,0.9264075756072998
82.0,4.0,0.9083160161972046,0.09168404340744019,0.6990286111831665,0.9364663362503052,0.891679048538208,0.9017300605773926,0.8468047380447388,0.15319544076919556,1.4403198957443237,0.8690280318260193,0.8304756283760071,0.8469012379646301
83.0,0.0,0.9079381823539734,0.09206143021583557,0.6980488896369934,0.936621904373169,0.8920117020606995,0.9013175964355469,0.8557138442993164,0.14428608119487762,1.4045600891113281,0.8709402680397034,0.8300938606262207,0.8559393882751465
83.0,1.0,0.9149540662765503,0.08504646271467209,0.7304795384407043,0.9324996471405029,0.8939598202705383,0.9070915579795837,0.866424560546875,0.13357575237751007,0.8045012354850769,0.9309338927268982,0.8654324412345886,0.866403341293335
83.0,2.0,0.8897756934165955,0.1102244108915329,0.9231448769569397,0.9196979403495789,0.8757421970367432,0.8880871534347534,0.9261664748191833,0.07383422553539276,0.48255932331085205,0.9507213830947876,0.9057024717330933,0.9133529663085938
83.0,3.0,0.8957305550575256,0.10426947474479675,0.741731584072113,0.9308222532272339,0.8807598352432251,0.8889022469520569,0.9305358529090881,0.0694642961025238,0.7614129185676575,0.9361925721168518,0.9089353680610657,0.9264096021652222
83.0,4.0,0.9083210825920105,0.09167809784412384,0.6994839906692505,0.9364661574363708,0.8916799426078796,0.9017425775527954,0.8468098044395447,0.1531902700662613,1.4398558139801025,0.8690277338027954,0.8305099606513977,0.8469076156616211
84.0,0.0,0.9079409837722778,0.09205766022205353,0.6984974145889282,0.9366227388381958,0.8920029997825623,0.901323139667511,0.8557307720184326,0.14426912367343903,1.4082249402999878,0.8709400296211243,0.8300468325614929,0.8559560179710388
84.0,1.0,0.9149578809738159,0.08504284173250198,0.7310611009597778,0.9324992895126343,0.8939619064331055,0.9070940613746643,0.8664461374282837,0.13355384767055511,0.8038471937179565,0.9309345483779907,0.8657223582267761,0.8664327263832092
84.0,2.0,0.889779269695282,0.11022084206342697,0.9237459897994995,0.9196988940238953,0.875771701335907,0.8880935311317444,0.9261694550514221,0.07383068650960922,0.48357445001602173,0.9507212042808533,0.9056189656257629,0.9133536219596863
84.0,3.0,0.895736038684845,0.1042628362774849,0.7421292066574097,0.9308226704597473,0.880744457244873,0.8889110088348389,0.9305379986763,0.06946159899234772,0.762702465057373,0.9361922740936279,0.9089264869689941,0.9264116883277893
84.0,4.0,0.9083274006843567,0.09167210757732391,0.7000124454498291,0.9364662170410156,0.8916817307472229,0.9017463326454163,0.8468137383460999,0.1531863510608673,1.441587209701538,0.869027853012085,0.8305194973945618,0.8469141125679016
85.0,0.0,0.9079488515853882,0.09205127507448196,0.6989692449569702,0.9366224408149719,0.892036497592926,0.9013274908065796,0.8557392954826355,0.14426079392433167,1.4095302820205688,0.8709403276443481,0.8300092220306396,0.8559622168540955
85.0,1.0,0.9149623513221741,0.0850389376282692,0.7310994267463684,0.9324992895126343,0.8939937949180603,0.9070998430252075,0.8664588928222656,0.13354115188121796,0.8057267665863037,0.9309355020523071,0.8655136227607727,0.8664525747299194
85.0,2.0,0.8897877931594849,0.11021235585212708,0.9243317246437073,0.9196983575820923,0.8757826685905457,0.8881032466888428,0.9261743426322937,0.07382544130086899,0.48409393429756165,0.9507210850715637,0.9056243300437927,0.9133595824241638
85.0,3.0,0.895745038986206,0.1042555645108223,0.7428816556930542,0.9308217763900757,0.8807547688484192,0.8889189958572388,0.9305416941642761,0.06945818662643433,0.7637799978256226,0.9361926913261414,0.9089475274085999,0.926414430141449
85.0,4.0,0.9083317518234253,0.0916677713394165,0.7003633379936218,0.93646639585495,0.8917166590690613,0.9017504453659058,0.846816897392273,0.15318293869495392,1.4433950185775757,0.8690279126167297,0.8302278518676758,0.846923291683197
86.0,0.0,0.9079514145851135,0.0920485183596611,0.699383556842804,0.9366230964660645,0.8920254111289978,0.9013303518295288,0.8557483553886414,0.14425158500671387,1.4156882762908936,0.8709401488304138,0.8294575214385986,0.855960488319397
86.0,1.0,0.9149653911590576,0.08503499627113342,0.7321192026138306,0.9324991106987,0.8939806818962097,0.9071004986763,0.8664674162864685,0.13353268802165985,0.8051096796989441,0.9309355020523071,0.8656798601150513,0.866454005241394
86.0,2.0,0.8897963762283325,0.11020419001579285,0.9251703023910522,0.9196991324424744,0.8757959008216858,0.8881114721298218,0.9261760115623474,0.07382393628358841,0.483584463596344,0.9507213830947876,0.9057112336158752,0.9133632183074951
86.0,3.0,0.895750105381012,0.10424968600273132,0.7434483170509338,0.9308234453201294,0.8807672262191772,0.8889212608337402,0.9305447936058044,0.06945548206567764,0.7635032534599304,0.9361924529075623,0.908949077129364,0.9264150857925415
86.0,4.0,0.9083394408226013,0.09166104346513748,0.7011418342590332,0.9364660382270813,0.8917123675346375,0.9017580151557922,0.8468236923217773,0.15317659080028534,1.4432525634765625,0.8690280914306641,0.830489993095398,0.8469293117523193
87.0,0.0,0.9079593420028687,0.09204189479351044,0.7000236511230469,0.9366220831871033,0.8920424580574036,0.9013392329216003,0.8557502031326294,0.144249826669693,1.410235047340393,0.8709402084350586,0.8299519419670105,0.8559711575508118
87.0,1.0,0.9149678349494934,0.08503144979476929,0.7325296998023987,0.9324989318847656,0.8939943313598633,0.907101571559906,0.8664841055870056,0.13351558148860931,0.8065618872642517,0.930936336517334,0.8656522631645203,0.8664728403091431
87.0,2.0,0.8898026943206787,0.11019708216190338,0.9259818196296692,0.9196993112564087,0.8758181929588318,0.8881208300590515,0.9261792302131653,0.07382038980722427,0.4836083650588989,0.9507213234901428,0.9057668447494507,0.9133639335632324
87.0,3.0,0.8957574367523193,0.10424292087554932,0.7439589500427246,0.9308229088783264,0.8807694315910339,0.8889312148094177,0.9305482506752014,0.06945179402828217,0.7643523216247559,0.9361922144889832,0.9089735746383667,0.9264150857925415
87.0,4.0,0.9083437323570251,0.09165602922439575,0.7015283107757568,0.9364665746688843,0.8917286396026611,0.9017618894577026,0.8468268513679504,0.15317311882972717,1.4450416564941406,0.869027853012085,0.8306076526641846,0.8469306826591492
88.0,0.0,0.9079659581184387,0.09203507006168365,0.7006900310516357,0.9366238713264465,0.8920409679412842,0.9013441801071167,0.8557605147361755,0.1442396491765976,1.4165890216827393,0.8709401488304138,0.8295636177062988,0.8559845685958862
88.0,1.0,0.9149724841117859,0.08502810448408127,0.7332385182380676,0.9324997663497925,0.8939924240112305,0.9071066379547119,0.8665035963058472,0.13349649310112,0.8078585863113403,0.9309365749359131,0.8655444383621216,0.8664901852607727
88.0,2.0,0.8898115754127502,0.11018839478492737,0.9264281988143921,0.9196994304656982,0.8757992386817932,0.8881250023841858,0.9261810183525085,0.073819100856781,0.4862994849681854,0.9507209658622742,0.9056155681610107,0.9133636951446533
88.0,3.0,0.8957637548446655,0.10423646122217178,0.7446403503417969,0.9308223128318787,0.8807900547981262,0.8889360427856445,0.9305509328842163,0.0694492980837822,0.7652167677879333,0.9361922144889832,0.9089160561561584,0.9264165759086609
88.0,4.0,0.9083517789840698,0.09164860844612122,0.7022445797920227,0.9364657998085022,0.8917218446731567,0.9017665982246399,0.8468303680419922,0.15316949784755707,1.4474053382873535,0.8690279126167297,0.8304169774055481,0.8469289541244507
89.0,0.0,0.9079732298851013,0.09202659875154495,0.701377272605896,0.936622679233551,0.8920479416847229,0.9013551473617554,0.8557606935501099,0.14423930644989014,1.411405324935913,0.8709399104118347,0.8301323652267456,0.8559970259666443
89.0,1.0,0.9149744510650635,0.08502458035945892,0.7338140606880188,0.9324991106987,0.8940013647079468,0.9071075916290283,0.8665223717689514,0.13347768783569336,0.8063626289367676,0.9309372901916504,0.8657472729682922,0.8665075898170471
89.0,2.0,0.8898225426673889,0.11017781496047974,0.927078127861023,0.9197002649307251,0.8758473992347717,0.8881409764289856,0.926184892654419,0.07381553947925568,0.485348641872406,0.9507216215133667,0.9057272672653198,0.913369357585907
89.0,3.0,0.8957751989364624,0.10422537475824356,0.7452991008758545,0.9308234453201294,0.8808044791221619,0.8889496326446533,0.9305532574653625,0.06944652646780014,0.7652565240859985,0.9361926913261414,0.908936619758606,0.9264205098152161
89.0,4.0,0.9083614945411682,0.09163915365934372,0.7027173042297363,0.9364664554595947,0.8917328715324402,0.9017767310142517,0.8468351364135742,0.15316469967365265,1.4479743242263794,0.8690279126167297,0.8303945064544678,0.8469396233558655
90.0,0.0,0.9079864025115967,0.0920133888721466,0.7016437649726868,0.9366235136985779,0.8920586705207825,0.9013633131980896,0.855778157711029,0.14422184228897095,1.419533371925354,0.8709402084350586,0.8295739889144897,0.8559958338737488
90.0,1.0,0.9149829149246216,0.08501680940389633,0.7341549396514893,0.932499349117279,0.8940061926841736,0.9071157574653625,0.8665454387664795,0.13345448672771454,0.808420717716217,0.9309381246566772,0.8656173944473267,0.8665322065353394
90.0,2.0,0.8898388147354126,0.11016090959310532,0.9277449250221252,0.9197008609771729,0.8758508563041687,0.8881527185440063,0.926190972328186,0.07380910962820053,0.4860824942588806,0.9507210850715637,0.905684769153595,0.9133744239807129
90.0,3.0,0.8957877159118652,0.10421286523342133,0.7453710436820984,0.9308234453201294,0.8808230757713318,0.8889582753181458,0.9305562376976013,0.06944380700588226,0.764907956123352,0.9361927509307861,0.9089815020561218,0.926422655582428
90.0,4.0,0.9083697199821472,0.09162994474172592,0.7027513980865479,0.9364675879478455,0.8917412161827087,0.901784360408783,0.846836507320404,0.1531633585691452,1.4471338987350464,0.8690279126167297,0.8305468559265137,0.8469343781471252
91.0,0.0,0.9079881906509399,0.09201190620660782,0.7016922235488892,0.9366229772567749,0.8920719623565674,0.9013667702674866,0.8557789325714111,0.14422111213207245,1.4157308340072632,0.8709399700164795,0.830004096031189,0.856005072593689
91.0,1.0,0.914983332157135,0.08501645922660828,0.7341486215591431,0.9324991703033447,0.8940182328224182,0.9071158170700073,0.866549015045166,0.13345104455947876,0.8081693649291992,0.9309378862380981,0.8656620383262634,0.866536021232605
91.0,2.0,0.8898409008979797,0.11015963554382324,0.9276393055915833,0.9197003841400146,0.8758499026298523,0.8881532549858093,0.9261910915374756,0.0738086998462677,0.48626941442489624,0.9507215619087219,0.9056717753410339,0.9133757948875427
91.0,3.0,0.8957884311676025,0.10421182215213776,0.7454296946525574,0.9308231472969055,0.8808084726333618,0.8889597058296204,0.9305565357208252,0.06944336742162704,0.7650307416915894,0.9361929893493652,0.9089982509613037,0.9264238476753235
91.0,4.0,0.908370852470398,0.09162916988134384,0.70285564661026,0.9364671111106873,0.8917507529258728,0.901787281036377,0.8468373417854309,0.15316259860992432,1.4471168518066406,0.8690279126167297,0.8305174112319946,0.8469415903091431
92.0,0.0,0.9079887866973877,0.09201131761074066,0.7018167972564697,0.9366242289543152,0.8920598030090332,0.9013660550117493,0.8557793498039246,0.14422042667865753,1.4156537055969238,0.8709403276443481,0.8300314545631409,0.8560009002685547
92.0,1.0,0.9149841070175171,0.08501601964235306,0.7341079711914062,0.9324992895126343,0.8940274119377136,0.9071177244186401,0.8665505051612854,0.1334495097398758,0.8081483840942383,0.9309386610984802,0.8656807541847229,0.8665363788604736
92.0,2.0,0.8898407816886902,0.11015867441892624,0.9275676608085632,0.9196997284889221,0.8758553266525269,0.8881534934043884,0.926191508769989,0.07380835711956024,0.4864455461502075,0.9507215023040771,0.9056556224822998,0.9133746027946472
92.0,3.0,0.8957889080047607,0.10421101748943329,0.7455716133117676,0.9308226704597473,0.8808149695396423,0.8889614939689636,0.9305565357208252,0.06944312155246735,0.7652808427810669,0.9361929893493652,0.9089794754981995,0.9264240264892578
92.0,4.0,0.90837162733078,0.09162872284650803,0.7029584646224976,0.9364669322967529,0.8917367458343506,0.9017871022224426,0.84683758020401,0.1531618982553482,1.4469581842422485,0.8690281510353088,0.8304993510246277,0.8469430208206177
93.0,0.0,0.9079897403717041,0.09201069921255112,0.7017145752906799,0.9366232752799988,0.8920770883560181,0.9013670682907104,0.8557810187339783,0.14421898126602173,1.4176942110061646,0.8709400296211243,0.8297473788261414,0.8560004234313965
93.0,1.0,0.9149852395057678,0.08501558750867844,0.7344080209732056,0.932499885559082,0.894008219242096,0.9071169495582581,0.8665516376495361,0.1334483027458191,0.8082595467567444,0.9309383630752563,0.8656778335571289,0.8665370941162109
93.0,2.0,0.8898420333862305,0.11015777289867401,0.9278298616409302,0.9197008013725281,0.8758441805839539,0.8881556391716003,0.9261919856071472,0.0738079696893692,0.4857051968574524,0.9507217407226562,0.9057351350784302,0.9133777022361755
93.0,3.0,0.895789384841919,0.10421030223369598,0.745569109916687,0.9308235049247742,0.8808226585388184,0.8889610171318054,0.9305574297904968,0.06944277137517929,0.7648268938064575,0.9361924529075623,0.9090003967285156,0.9264240860939026
93.0,4.0,0.9083719253540039,0.09162794798612595,0.7028776407241821,0.936467170715332,0.8917546272277832,0.9017876982688904,0.8468380570411682,0.1531616449356079,1.4471923112869263,0.8690280318260193,0.830581784248352,0.8469412922859192
94.0,0.0,0.9079902768135071,0.09200989454984665,0.7017844319343567,0.9366239309310913,0.892080545425415,0.9013673663139343,0.8557817339897156,0.1442183405160904,1.418696403503418,0.8709399104118347,0.8296854496002197,0.8560001254081726
94.0,1.0,0.9149845838546753,0.08501515537500381,0.7344025373458862,0.9324995875358582,0.8940026760101318,0.9071179628372192,0.866553008556366,0.13344699144363403,0.8082156181335449,0.9309384822845459,0.8656787872314453,0.8665388822555542
94.0,2.0,0.8898427486419678,0.11015713214874268,0.9277986884117126,0.9197006821632385,0.8758508563041687,0.8881551623344421,0.9261926412582397,0.07380778342485428,0.48643240332603455,0.9507216215133667,0.9056629538536072,0.9133773446083069
94.0,3.0,0.8957895636558533,0.10420948266983032,0.7456322312355042,0.9308238625526428,0.8808205723762512,0.888961911201477,0.9305576682090759,0.06944240629673004,0.7654182314872742,0.9361927509307861,0.9089968204498291,0.9264248013496399
94.0,4.0,0.908372163772583,0.09162737429141998,0.7029045820236206,0.9364678263664246,0.8917473554611206,0.9017882347106934,0.8468388319015503,0.1531611979007721,1.4480844736099243,0.8690280318260193,0.8304216265678406,0.8469458222389221
95.0,0.0,0.9079904556274414,0.09200944751501083,0.701819121837616,0.9366244673728943,0.8920772075653076,0.9013689756393433,0.855781614780426,0.14421825110912323,1.4195823669433594,0.8709399700164795,0.8296184539794922,0.8559995889663696
95.0,1.0,0.9149855375289917,0.08501479774713516,0.7344071269035339,0.9324994087219238,0.8940106630325317,0.9071187376976013,0.8665543794631958,0.13344568014144897,0.8084351420402527,0.9309386610984802,0.8656797409057617,0.8665376901626587
95.0,2.0,0.8898429870605469,0.11015649139881134,0.9278043508529663,0.9197004437446594,0.8758543729782104,0.8881536722183228,0.9261930584907532,0.07380711287260056,0.486651748418808,0.9507209658622742,0.9056578874588013,0.9133763313293457
95.0,3.0,0.8957902193069458,0.10420893132686615,0.7458541989326477,0.9308241009712219,0.8808148503303528,0.8889617919921875,0.9305578470230103,0.06944216042757034,0.7646656632423401,0.9361923933029175,0.9089985489845276,0.9264237284660339
95.0,4.0,0.9083729982376099,0.09162683039903641,0.7029812335968018,0.936467170715332,0.8917468786239624,0.901789128780365,0.8468394875526428,0.15316039323806763,1.447441577911377,0.869027853012085,0.8305131196975708,0.8469434380531311
96.0,0.0,0.9079921245574951,0.09200873970985413,0.7018918395042419,0.9366240501403809,0.8920705318450928,0.9013681411743164,0.8557831645011902,0.1442168802022934,1.41782808303833,0.8709402084350586,0.8298051953315735,0.8560050129890442
96.0,1.0,0.914985716342926,0.08501442521810532,0.7345461845397949,0.9324995875358582,0.8940099477767944,0.9071203470230103,0.866555392742157,0.13344456255435944,0.808420717716217,0.9309382438659668,0.8656840324401855,0.8665380477905273
96.0,2.0,0.8898445963859558,0.11015575379133224,0.9279459714889526,0.9197015166282654,0.8758555054664612,0.8881561756134033,0.9261930584907532,0.07380679994821548,0.48640456795692444,0.9507213234901428,0.9056780934333801,0.9133772253990173
96.0,3.0,0.8957920074462891,0.10420829802751541,0.7457913756370544,0.9308237433433533,0.8808208703994751,0.8889626860618591,0.9305582046508789,0.06944167613983154,0.7651828527450562,0.93619304895401,0.9089972376823425,0.9264259338378906
96.0,4.0,0.9083738327026367,0.09162622690200806,0.7030120491981506,0.9364671111106873,0.8917487263679504,0.9017894268035889,0.8468401432037354,0.15315987169742584,1.447803258895874,0.8690280318260193,0.8304652571678162,0.8469462990760803
97.0,0.0,0.9079914689064026,0.09200818091630936,0.7018831968307495,0.9366225004196167,0.8920840620994568,0.9013687372207642,0.8557837605476379,0.14421632885932922,1.419057846069336,0.8709400296211243,0.829671323299408,0.8559983968734741
97.0,1.0,0.9149869084358215,0.0850139707326889,0.7347371578216553,0.9325003027915955,0.8939924836158752,0.907119870185852,0.8665564656257629,0.13344334065914154,0.8082961440086365,0.9309386610984802,0.8656904101371765,0.866539478302002
97.0,2.0,0.8898448348045349,0.110154889523983,0.9278823733329773,0.919700026512146,0.8758643865585327,0.888155996799469,0.9261937141418457,0.07380633056163788,0.48631006479263306,0.9507212042808533,0.9056991338729858,0.9133783578872681
97.0,3.0,0.8957929015159607,0.1042075976729393,0.7459479570388794,0.9308234453201294,0.8808181285858154,0.8889631628990173,0.9305591583251953,0.06944121420383453,0.765121340751648,0.9361924529075623,0.9090052247047424,0.9264258146286011
97.0,4.0,0.9083744883537292,0.09162560850381851,0.7029538750648499,0.9364669919013977,0.8917633295059204,0.901788592338562,0.846840500831604,0.15315929055213928,1.447798728942871,0.8690279722213745,0.8304944634437561,0.8469448685646057
98.0,0.0,0.9079911112785339,0.0920078307390213,0.7020371556282043,0.9366228580474854,0.8920719027519226,0.9013693332672119,0.8557844758033752,0.14421552419662476,1.4186457395553589,0.8709398508071899,0.8297126889228821,0.856000542640686
98.0,1.0,0.9149867296218872,0.08501352369785309,0.7346231341362,0.932499349117279,0.8940053582191467,0.9071205258369446,0.8665577173233032,0.13344217836856842,0.8084699511528015,0.9309388399124146,0.8656772375106812,0.8665407299995422
98.0,2.0,0.8898454308509827,0.1101544126868248,0.9280155301094055,0.9197008013725281,0.8758555054664612,0.88815838098526,0.9261937141418457,0.07380592823028564,0.48630353808403015,0.9507215023040771,0.9056973457336426,0.9133787155151367
98.0,3.0,0.8957927227020264,0.10420703142881393,0.7458950281143188,0.9308242201805115,0.8808261752128601,0.8889631032943726,0.930558979511261,0.06944093853235245,0.7648903131484985,0.9361929297447205,0.9090032577514648,0.9264264702796936
98.0,4.0,0.9083751440048218,0.09162525832653046,0.7031815648078918,0.9364674687385559,0.8917468786239624,0.9017901420593262,0.8468406796455383,0.15315888822078705,1.447582483291626,0.8690280318260193,0.8305186629295349,0.846944272518158
99.0,0.0,0.9079917669296265,0.09200725704431534,0.701970636844635,0.9366235136985779,0.8920780420303345,0.901370108127594,0.8557853102684021,0.14421482384204865,1.4191350936889648,0.8709402084350586,0.8297402858734131,0.8560086488723755
99.0,1.0,0.9149879813194275,0.08501312136650085,0.734596312046051,0.9324997663497925,0.8940111398696899,0.9071194529533386,0.8665587306022644,0.13344141840934753,0.8084776401519775,0.9309388399124146,0.8657066226005554,0.8665398359298706
99.0,2.0,0.8898468017578125,0.1101536676287651,0.9281408190727234,0.9197008013725281,0.8758525252342224,0.8881577253341675,0.9261943101882935,0.07380569726228714,0.48624327778816223,0.9507212042808533,0.9057123064994812,0.9133797883987427
99.0,3.0,0.8957929611206055,0.10420649498701096,0.7459442615509033,0.9308236837387085,0.8808231949806213,0.8889645338058472,0.9305594563484192,0.06944059580564499,0.764927089214325,0.93619304895401,0.9090098738670349,0.926426112651825
99.0,4.0,0.9083755612373352,0.09162450581789017,0.7032288908958435,0.9364674687385559,0.8917528986930847,0.9017889499664307,0.8468413949012756,0.15315848588943481,1.4474332332611084,0.8690279722213745,0.8305764198303223,0.8469427824020386
100.0,0.0,0.9079927206039429,0.09200667589902878,0.701988697052002,0.9366233348846436,0.8920860290527344,0.9013708233833313,0.8557859063148499,0.14421428740024567,1.4187263250350952,0.8709400296211243,0.8297691941261292,0.8560027480125427
100.0,1.0,0.9149878025054932,0.0850127637386322,0.7347829937934875,0.9324991703033447,0.8940017223358154,0.9071198105812073,0.8665592670440674,0.13344044983386993,0.8084779381752014,0.9309384226799011,0.8657299876213074,0.8665401339530945
100.0,2.0,0.889846920967102,0.11015298962593079,0.9280937910079956,0.9197006821632385,0.8758659362792969,0.8881592154502869,0.9261946082115173,0.07380540668964386,0.48646214604377747,0.9507213234901428,0.9056940674781799,0.9133797883987427
100.0,3.0,0.895794689655304,0.1042056679725647,0.7460290789604187,0.9308232665061951,0.8808238506317139,0.8889645934104919,0.9305598139762878,0.06944028288125992,0.7648477554321289,0.9361926317214966,0.909008800983429,0.926425576210022
100.0,4.0,0.9083765745162964,0.09162389487028122,0.7031806111335754,0.9364674687385559,0.8917604684829712,0.9017902612686157,0.8468420505523682,0.15315786004066467,1.4478752613067627,0.8690279126167297,0.8305222392082214,0.8469468951225281
101.0,0.0,0.9079949855804443,0.09200611710548401,0.7021368145942688,0.9366233944892883,0.8920772075653076,0.9013721942901611,0.8557858467102051,0.14421430230140686,1.4179954528808594,0.8709403276443481,0.8298217058181763,0.8560085296630859
101.0,1.0,0.9149875640869141,0.08501230180263519,0.7345291972160339,0.9324996471405029,0.8940306901931763,0.9071230888366699,0.8665608763694763,0.13343918323516846,0.8090298175811768,0.9309383630752563,0.8656492829322815,0.8665434122085571
101.0,2.0,0.8898479342460632,0.1101522445678711,0.928346574306488,0.9197003841400146,0.8758528232574463,0.8881595134735107,0.9261953234672546,0.07380501180887222,0.4867740571498871,0.950721263885498,0.9056702256202698,0.9133780002593994
101.0,3.0,0.8957948088645935,0.10420523583889008,0.7461195588111877,0.9308231472969055,0.8808161020278931,0.888964831829071,0.9305601119995117,0.06943995505571365,0.7646822333335876,0.9361926913261414,0.9090403318405151,0.9264313578605652
101.0,4.0,0.9083768129348755,0.09162354469299316,0.70318204164505,0.9364674091339111,0.8917632102966309,0.9017930626869202,0.8468427658081055,0.15315715968608856,1.4480369091033936,0.8690280318260193,0.8305288553237915,0.8469458222389221
102.0,0.0,0.9079945683479309,0.09200561046600342,0.7021431922912598,0.9366239309310913,0.8920849561691284,0.901372492313385,0.8557870388031006,0.1442129760980606,1.4199271202087402,0.8709401488304138,0.8296709060668945,0.8560090065002441
102.0,1.0,0.9149878025054932,0.08501190692186356,0.7347981929779053,0.9324998259544373,0.89401775598526,0.9071218967437744,0.8665618896484375,0.1334380805492401,0.8089313507080078,0.9309386610984802,0.8656769394874573,0.8665438890457153
102.0,2.0,0.8898482918739319,0.11015166342258453,0.9283161759376526,0.9197006821632385,0.8758582472801208,0.8881623148918152,0.9261948466300964,0.07380468398332596,0.486094206571579,0.950721025466919,0.9057338237762451,0.913381814956665
102.0,3.0,0.8957958817481995,0.10420465469360352,0.74614417552948,0.930824339389801,0.8808339834213257,0.8889666795730591,0.930560290813446,0.06943953782320023,0.7648982405662537,0.9361923336982727,0.9090263843536377,0.9264296293258667
102.0,4.0,0.9083771705627441,0.09162290394306183,0.703221321105957,0.9364669322967529,0.8917630910873413,0.9017919301986694,0.8468431830406189,0.1531568020582199,1.4485234022140503,0.869027853012085,0.8304601311683655,0.8469505906105042
103.0,0.0,0.9079949259757996,0.09200508892536163,0.7021281123161316,0.9366238117218018,0.8920878767967224,0.9013742208480835,0.855787456035614,0.14421232044696808,1.4203518629074097,0.870940089225769,0.8296353816986084,0.8560059070587158
103.0,1.0,0.9149887561798096,0.08501150459051132,0.7348276972770691,0.9324995875358582,0.894013524055481,0.907121479511261,0.8665629029273987,0.1334371268749237,0.8090009093284607,0.9309384822845459,0.8656668663024902,0.8665475845336914
103.0,2.0,0.8898495435714722,0.11015090346336365,0.9282414317131042,0.9197009801864624,0.875866174697876,0.8881635665893555,0.9261953830718994,0.07380423694849014,0.4869140684604645,0.9507219791412354,0.9056699275970459,0.9133808612823486
103.0,3.0,0.8957971930503845,0.10420406609773636,0.7462597489356995,0.930823028087616,0.880820095539093,0.8889667391777039,0.9305613040924072,0.06943930685520172,0.7648454904556274,0.9361928701400757,0.9090254902839661,0.9264302253723145
103.0,4.0,0.9083777666091919,0.09162231534719467,0.7033250331878662,0.9364670515060425,0.8917611241340637,0.9017940163612366,0.846843421459198,0.1531563103199005,1.4485316276550293,0.8690279722213745,0.8304536938667297,0.8469491004943848
104.0,0.0,0.9079963564872742,0.09200451523065567,0.7022565603256226,0.9366236925125122,0.8920791745185852,0.9013739228248596,0.8557882905006409,0.14421162009239197,1.419266700744629,0.870940089225769,0.8297529220581055,0.8560105562210083
104.0,1.0,0.9149889945983887,0.08501114696264267,0.7348077893257141,0.9324995875358582,0.8940179944038391,0.9071229696273804,0.8665637373924255,0.1334361881017685,0.8089374899864197,0.9309381246566772,0.8657073378562927,0.8665463328361511
104.0,2.0,0.8898490071296692,0.11015043407678604,0.9283724427223206,0.9197004437446594,0.875874400138855,0.8881625533103943,0.9261965155601501,0.07380379736423492,0.48654431104660034,0.950721800327301,0.9057061076164246,0.9133801460266113
104.0,3.0,0.8957966566085815,0.10420351475477219,0.7462543249130249,0.9308241009712219,0.8808287382125854,0.8889688849449158,0.9305616021156311,0.0694386214017868,0.76539546251297,0.9361928701400757,0.9090124368667603,0.9264308214187622
104.0,4.0,0.9083783030509949,0.09162186831235886,0.7034629583358765,0.9364671111106873,0.8917533755302429,0.90179443359375,0.846844494342804,0.15315566956996918,1.4484131336212158,0.8690280914306641,0.8304762840270996,0.8469494581222534
105.0,0.0,0.907996654510498,0.09200393408536911,0.7022080421447754,0.9366236329078674,0.8920900225639343,0.9013730883598328,0.8557881712913513,0.14421194791793823,1.4209052324295044,0.870940089225769,0.8295994997024536,0.856010377407074
105.0,1.0,0.9149889945983887,0.08501079678535461,0.7349278926849365,0.9324998259544373,0.8940160274505615,0.9071239233016968,0.8665651082992554,0.1334352046251297,0.8088570833206177,0.930938720703125,0.8657251000404358,0.866548478603363
105.0,2.0,0.8898509740829468,0.11014971882104874,0.9283425211906433,0.9197004437446594,0.8758771419525146,0.8881629705429077,0.9261965155601501,0.07380353659391403,0.48661136627197266,0.9507218599319458,0.9057074189186096,0.9133819341659546
105.0,3.0,0.895797848701477,0.1042029857635498,0.7462781667709351,0.9308239221572876,0.880825936794281,0.8889700174331665,0.9305616021156311,0.06943850964307785,0.76507568359375,0.9361922740936279,0.9090173840522766,0.926430881023407
105.0,4.0,0.9083784818649292,0.09162120521068573,0.7033715844154358,0.9364671111106873,0.8917593359947205,0.9017944931983948,0.8468446731567383,0.15315531194210052,1.4483298063278198,0.8690277934074402,0.8305104374885559,0.8469533920288086
106.0,0.0,0.9079964756965637,0.09200350195169449,0.7023782730102539,0.9366229772567749,0.8920817375183105,0.9013727307319641,0.8557882905006409,0.14421163499355316,1.416874647140503,0.8709403276443481,0.8300047516822815,0.8560153245925903
106.0,1.0,0.9149899482727051,0.08501030504703522,0.7347960472106934,0.9325003027915955,0.8940317034721375,0.907124400138855,0.866566002368927,0.133433997631073,0.8090746998786926,0.9309387803077698,0.865684986114502,0.8665486574172974
106.0,2.0,0.8898510932922363,0.11014896631240845,0.9284477233886719,0.9197001457214355,0.8758742809295654,0.8881639838218689,0.9261970520019531,0.0738033726811409,0.4870234727859497,0.9507213234901428,0.9056671857833862,0.9133813381195068
106.0,3.0,0.8957979679107666,0.10420236736536026,0.7462530136108398,0.9308230876922607,0.8808431625366211,0.8889696002006531,0.9305623173713684,0.06943798810243607,0.7655102610588074,0.9361928105354309,0.9089958667755127,0.9264312386512756
106.0,4.0,0.9083793759346008,0.09162081032991409,0.703484058380127,0.936468243598938,0.8917629718780518,0.901795506477356,0.846845269203186,0.15315476059913635,1.4486154317855835,0.8690279126167297,0.8304828405380249,0.8469482064247131
107.0,0.0,0.9079971313476562,0.09200301021337509,0.702421247959137,0.9366229772567749,0.8920859098434448,0.9013740420341492,0.8557903170585632,0.14420963823795319,1.4196665287017822,0.8709399700164795,0.8297029733657837,0.8560106754302979
107.0,1.0,0.9149901270866394,0.08500989526510239,0.7349863648414612,0.9324995875358582,0.8940097093582153,0.9071252942085266,0.8665668964385986,0.1334330290555954,0.8090378046035767,0.9309390783309937,0.8657037019729614,0.8665474653244019
107.0,2.0,0.8898518085479736,0.11014841496944427,0.9284723997116089,0.9197008013725281,0.875879168510437,0.888163685798645,0.9261967539787292,0.07380294799804688,0.48664727807044983,0.9507215619087219,0.9057119488716125,0.913382351398468
107.0,3.0,0.8957982063293457,0.10420182347297668,0.7463670372962952,0.930823564529419,0.8808339834213257,0.8889690637588501,0.9305625557899475,0.06943750381469727,0.7657936215400696,0.9361923336982727,0.9090002179145813,0.9264314770698547
107.0,4.0,0.9083806276321411,0.0916200578212738,0.7035720348358154,0.936467170715332,0.8917554616928101,0.9017959237098694,0.8468453884124756,0.15315450727939606,1.4482097625732422,0.8690280914306641,0.8305543065071106,0.846950888633728
108.0,0.0,0.907997727394104,0.09200244396924973,0.7024017572402954,0.9366239309310913,0.8920961618423462,0.9013757705688477,0.8557908535003662,0.1442089080810547,1.4195361137390137,0.8709403276443481,0.8297498822212219,0.8560100197792053
108.0,1.0,0.9149910807609558,0.08500952273607254,0.7348547577857971,0.9324995279312134,0.8940297961235046,0.9071264266967773,0.8665681481361389,0.1334320306777954,0.8092391490936279,0.930938720703125,0.8656886219978333,0.8665509819984436
108.0,2.0,0.8898529410362244,0.11014766991138458,0.9285920858383179,0.9197002649307251,0.8758671283721924,0.8881654739379883,0.9261977076530457,0.07380249351263046,0.486621618270874,0.9507218599319458,0.9057174324989319,0.9133824706077576
108.0,3.0,0.8957999348640442,0.10420102626085281,0.7465929985046387,0.9308248162269592,0.8808297514915466,0.8889710903167725,0.9305632710456848,0.06943725794553757,0.7647416591644287,0.9361926913261414,0.9090515971183777,0.926432728767395
108.0,4.0,0.9083801507949829,0.09161960333585739,0.7034580111503601,0.9364680051803589,0.891772449016571,0.9017966389656067,0.846845805644989,0.15315400063991547,1.448495626449585,0.8690280914306641,0.8304998278617859,0.8469560146331787
109.0,0.0,0.907998263835907,0.09200194478034973,0.7025201916694641,0.93662428855896,0.8920866250991821,0.9013757109642029,0.8557913303375244,0.144208624958992,1.4185373783111572,0.8709401488304138,0.8298510313034058,0.856012225151062
109.0,1.0,0.9149918556213379,0.08500906825065613,0.7350389957427979,0.9325001239776611,0.8940240740776062,0.9071249961853027,0.8665688633918762,0.13343091309070587,0.8090461492538452,0.9309390783309937,0.8657034635543823,0.8665524125099182
109.0,2.0,0.8898533582687378,0.1101469025015831,0.9283716082572937,0.919700562953949,0.8758881688117981,0.8881661891937256,0.9261979460716248,0.07380230724811554,0.48725074529647827,0.9507215619087219,0.9056591391563416,0.9133826494216919
109.0,3.0,0.8957998752593994,0.10420046746730804,0.7465736269950867,0.9308232665061951,0.8808284997940063,0.8889729976654053,0.9305636882781982,0.06943652778863907,0.7656437754631042,0.9361923933029175,0.909013569355011,0.9264320731163025
109.0,4.0,0.9083809852600098,0.09161922335624695,0.7036546468734741,0.9364672899246216,0.891761064529419,0.9017969369888306,0.8468465805053711,0.15315338969230652,1.4486124515533447,0.8690280318260193,0.8305333256721497,0.8469530344009399
110.0,0.0,0.9079995155334473,0.09200127422809601,0.7024351954460144,0.9366241693496704,0.8920927047729492,0.9013767838478088,0.8557920455932617,0.1442079395055771,1.419839859008789,0.8709402084350586,0.829774796962738,0.8560135960578918
110.0,1.0,0.9149925708770752,0.08500875532627106,0.7351506948471069,0.9324992895126343,0.8940243721008301,0.9071253538131714,0.8665701746940613,0.13342995941638947,0.8092494606971741,0.9309386014938354,0.8656978607177734,0.86655193567276
110.0,2.0,0.8898538947105408,0.11014635860919952,0.9285550713539124,0.919700562953949,0.8758748173713684,0.8881654739379883,0.9261975288391113,0.0738019123673439,0.4868239462375641,0.9507216215133667,0.9057058691978455,0.9133852124214172
110.0,3.0,0.8957998752593994,0.10420010983943939,0.7464982271194458,0.9308235049247742,0.8808378577232361,0.8889709115028381,0.9305636882781982,0.06943609565496445,0.7659404873847961,0.9361932873725891,0.9089975953102112,0.9264318346977234
110.0,4.0,0.9083812236785889,0.09161868691444397,0.7036726474761963,0.9364674687385559,0.8917620182037354,0.901796817779541,0.8468470573425293,0.1531529575586319,1.4488505125045776,0.8690277934074402,0.8305155634880066,0.8469530344009399
111.0,0.0,0.9079998731613159,0.09200074523687363,0.7026706337928772,0.9366233348846436,0.8920827507972717,0.9013770818710327,0.8557927012443542,0.14420749247074127,1.4190984964370728,0.8709402084350586,0.8298669457435608,0.85601806640625
111.0,1.0,0.9149916172027588,0.08500824868679047,0.7350032925605774,0.9324995875358582,0.8940284848213196,0.9071269035339355,0.8665705323219299,0.13342903554439545,0.8094497323036194,0.9309390783309937,0.8656672239303589,0.8665526509284973
111.0,2.0,0.8898550271987915,0.11014557629823685,0.9287229180335999,0.9197004437446594,0.8758750557899475,0.8881658911705017,0.9261983036994934,0.07380171865224838,0.4871685206890106,0.9507213234901428,0.9056767821311951,0.9133834838867188
111.0,3.0,0.8958008885383606,0.10419955849647522,0.7465797662734985,0.9308242201805115,0.8808352947235107,0.8889710903167725,0.9305643439292908,0.06943567842245102,0.7660250663757324,0.9361926913261414,0.9090012907981873,0.9264328479766846
111.0,4.0,0.9083829522132874,0.09161794930696487,0.7036940455436707,0.9364670515060425,0.8917636275291443,0.9017970561981201,0.8468472957611084,0.1531524360179901,1.4490609169006348,0.8690281510353088,0.8305210471153259,0.8469554781913757
112.0,0.0,0.9080005288124084,0.0920003205537796,0.7025583386421204,0.9366232752799988,0.8920962810516357,0.9013776183128357,0.8557930588722229,0.1442069709300995,1.421101689338684,0.8709400296211243,0.8296375870704651,0.8560187220573425
112.0,1.0,0.9149923920631409,0.08500789850950241,0.7351435422897339,0.9325003027915955,0.8940228223800659,0.9071269035339355,0.8665717244148254,0.13342800736427307,0.8094184398651123,0.9309389591217041,0.8656840920448303,0.8665543794631958
112.0,2.0,0.8898558020591736,0.11014507710933685,0.9287742376327515,0.9197004437446594,0.875874400138855,0.8881673216819763,0.9261983036994934,0.0738011971116066,0.4870013892650604,0.9507213830947876,0.905698299407959,0.9133849740028381
112.0,3.0,0.8958016037940979,0.10419891774654388,0.7466639876365662,0.9308237433433533,0.880841851234436,0.8889724612236023,0.9305646419525146,0.06943509727716446,0.7654789686203003,0.9361926317214966,0.9090215563774109,0.9264323115348816
112.0,4.0,0.9083821773529053,0.09161750227212906,0.7036832571029663,0.9364667534828186,0.8917650580406189,0.9017985463142395,0.8468477129936218,0.15315207839012146,1.4494106769561768,0.869027853012085,0.8304513096809387,0.846957266330719
113.0,0.0,0.9080001711845398,0.09199977666139603,0.7027002573013306,0.9366240501403809,0.8920891284942627,0.9013775587081909,0.8557937145233154,0.14420627057552338,1.420594334602356,0.8709399700164795,0.8296805620193481,0.8560160398483276
113.0,1.0,0.9149928092956543,0.0850074514746666,0.7351499199867249,0.9324992895126343,0.8940235376358032,0.9071272015571594,0.8665728569030762,0.13342714309692383,0.8094533085823059,0.9309384822845459,0.865683913230896,0.8665530681610107
113.0,2.0,0.8898554444313049,0.11014434695243835,0.9287028312683105,0.9197013974189758,0.875877320766449,0.8881681561470032,0.9261998534202576,0.0738007128238678,0.4870550036430359,0.9507219791412354,0.9057014584541321,0.9133851528167725
113.0,3.0,0.8958017826080322,0.10419855266809464,0.7467272877693176,0.9308245182037354,0.8808420896530151,0.8889732956886292,0.9305652976036072,0.06943462789058685,0.7652237415313721,0.9361925721168518,0.9090344905853271,0.9264345169067383
113.0,4.0,0.908382773399353,0.0916169285774231,0.7038055062294006,0.9364672899246216,0.8917688727378845,0.9017984867095947,0.8468484282493591,0.15315160155296326,1.4491562843322754,0.869027853012085,0.8305538892745972,0.8469582796096802
114.0,0.0,0.9080019593238831,0.09199919551610947,0.7026367783546448,0.9366242289543152,0.8920888304710388,0.9013784527778625,0.8557935357093811,0.1442064493894577,1.4181007146835327,0.8709402680397034,0.8299689888954163,0.8560170531272888
114.0,1.0,0.9149937629699707,0.08500706404447556,0.7352774143218994,0.9324988722801208,0.8940259218215942,0.9071268439292908,0.8665738701820374,0.1334262490272522,0.8094661235809326,0.9309390187263489,0.865712583065033,0.866553783416748
114.0,2.0,0.8898569345474243,0.11014363169670105,0.9288502335548401,0.9197006821632385,0.875885009765625,0.8881682753562927,0.926200807094574,0.07380043715238571,0.4871106445789337,0.9507213234901428,0.9056973457336426,0.9133850336074829
114.0,3.0,0.8958035111427307,0.10419794917106628,0.7467237114906311,0.9308230876922607,0.8808387517929077,0.8889721632003784,0.930565595626831,0.06943412125110626,0.7655303478240967,0.9361927509307861,0.9090306162834167,0.9264360666275024
114.0,4.0,0.9083844423294067,0.0916164442896843,0.7038165926933289,0.9364675283432007,0.8917654156684875,0.9017986059188843,0.8468492031097412,0.15315085649490356,1.4494013786315918,0.8690280318260193,0.8304874300956726,0.8469565510749817
115.0,0.0,0.9080018401145935,0.09199870377779007,0.7028623819351196,0.9366243481636047,0.8920858502388,0.9013793468475342,0.8557944297790527,0.144205704331398,1.4175208806991577,0.8709402680397034,0.8300132155418396,0.8560216426849365
115.0,1.0,0.9149941802024841,0.08500667661428452,0.7352179884910583,0.9325001239776611,0.8940316438674927,0.9071279168128967,0.8665749430656433,0.13342531025409698,0.8095440864562988,0.9309387803077698,0.8656933307647705,0.8665565848350525
115.0,2.0,0.8898572325706482,0.11014294624328613,0.9289054870605469,0.9196998476982117,0.8758804202079773,0.8881704807281494,0.9261999726295471,0.07380016893148422,0.4867611527442932,0.9507213234901428,0.9057247638702393,0.9133846759796143
115.0,3.0,0.8958026766777039,0.104197196662426,0.7467480301856995,0.9308236837387085,0.8808446526527405,0.8889744877815247,0.9305660128593445,0.06943362951278687,0.7659797072410583,0.9361929893493652,0.909012496471405,0.9264363050460815
115.0,4.0,0.9083848595619202,0.09161581844091415,0.7038329839706421,0.9364678263664246,0.8917769193649292,0.9017998576164246,0.8468494415283203,0.15315061807632446,1.4495720863342285,0.869027853012085,0.8304614424705505,0.8469570875167847
116.0,0.0,0.9080020189285278,0.09199817478656769,0.7028043270111084,0.936623752117157,0.8920906186103821,0.9013793468475342,0.8557958602905273,0.1442040354013443,1.4188363552093506,0.8709402084350586,0.8298851251602173,0.8560150265693665
116.0,1.0,0.9149941205978394,0.08500614762306213,0.7353537678718567,0.9324996471405029,0.8940259218215942,0.9071279168128967,0.8665754199028015,0.13342435657978058,0.8093730807304382,0.9309386610984802,0.8657186627388,0.8665565252304077
116.0,2.0,0.8898579478263855,0.11014232784509659,0.9288261532783508,0.9197006821632385,0.8758891224861145,0.888171374797821,0.9262003302574158,0.07379983365535736,0.48690855503082275,0.9507210850715637,0.9057258367538452,0.9133880138397217
116.0,3.0,0.8958026766777039,0.10419673472642899,0.7468128800392151,0.9308230876922607,0.8808409571647644,0.8889755606651306,0.93056720495224,0.06943312287330627,0.7660790681838989,0.9361927509307861,0.9090152978897095,0.9264370799064636
116.0,4.0,0.9083856344223022,0.09161531925201416,0.7038623094558716,0.9364681243896484,0.8917750120162964,0.9017994999885559,0.8468496203422546,0.15315015614032745,1.4495240449905396,0.8690277934074402,0.8304703831672668,0.8469593524932861
117.0,0.0,0.9080021381378174,0.0919976532459259,0.702893078327179,0.9366236925125122,0.8920871019363403,0.9013798236846924,0.855796754360199,0.144203320145607,1.4190068244934082,0.8709402084350586,0.8298829793930054,0.85601806640625
117.0,1.0,0.9149948358535767,0.08500579744577408,0.735196590423584,0.9325002431869507,0.8940434455871582,0.9071301817893982,0.8665764927864075,0.1334235519170761,0.8097952008247375,0.9309390187263489,0.8656789064407349,0.866557776927948
117.0,2.0,0.8898587226867676,0.11014164984226227,0.9290621280670166,0.9197006821632385,0.8758801221847534,0.8881702423095703,0.9262002110481262,0.07379946857690811,0.487145334482193,0.950721263885498,0.9057045578956604,0.9133872389793396
117.0,3.0,0.8958043456077576,0.10419639199972153,0.7469542026519775,0.9308236837387085,0.880841076374054,0.8889738917350769,0.93056720495224,0.0694325789809227,0.7658560872077942,0.9361926317214966,0.9090320467948914,0.9264402389526367
117.0,4.0,0.9083846211433411,0.09161484241485596,0.7039483189582825,0.936467170715332,0.8917701244354248,0.9018006920814514,0.8468501567840576,0.1531497836112976,1.4493328332901,0.8690279722213745,0.8305275440216064,0.8469574451446533
118.0,0.0,0.9080036878585815,0.09199710190296173,0.7029038071632385,0.9366244077682495,0.8920949101448059,0.9013805985450745,0.8557973504066467,0.14420250058174133,1.4198516607284546,0.8709403276443481,0.8297827243804932,0.8560147881507874
118.0,1.0,0.9149951934814453,0.08500532060861588,0.7353407144546509,0.9324996471405029,0.894037127494812,0.9071297645568848,0.8665772676467896,0.13342265784740448,0.8098804950714111,0.9309391975402832,0.8656615614891052,0.8665559887886047
118.0,2.0,0.8898591995239258,0.11014119535684586,0.9291381239891052,0.919701099395752,0.8758808374404907,0.8881717920303345,0.9262020587921143,0.07379919290542603,0.4868907928466797,0.9507215619087219,0.9057289361953735,0.9133875370025635
118.0,3.0,0.8958050012588501,0.10419569164514542,0.7468621134757996,0.9308241009712219,0.8808441162109375,0.8889761567115784,0.9305680394172668,0.06943225115537643,0.7662025690078735,0.9361926913261414,0.9090141654014587,0.9264387488365173
118.0,4.0,0.9083858728408813,0.09161431342363358,0.7041012048721313,0.9364678263664246,0.8917693495750427,0.9018010497093201,0.8468501567840576,0.15314990282058716,1.449161410331726,0.8690280318260193,0.8306408524513245,0.8469610810279846
119.0,0.0,0.9080037474632263,0.09199675172567368,0.702889621257782,0.9366244077682495,0.8920992612838745,0.9013802409172058,0.8557978272438049,0.14420217275619507,1.419339895248413,0.8709402084350586,0.8298713564872742,0.8560145497322083
119.0,1.0,0.914995551109314,0.08500482141971588,0.7354525923728943,0.9324995279312134,0.8940332531929016,0.9071300625801086,0.8665779829025269,0.1334218680858612,0.8099751472473145,0.9309390783309937,0.8656603097915649,0.8665566444396973
119.0,2.0,0.8898599743843079,0.11014048010110855,0.9292463660240173,0.919700562953949,0.8758799433708191,0.88817298412323,0.9262002110481262,0.07379893213510513,0.4871792495250702,0.9507213234901428,0.90570068359375,0.913385272026062
119.0,3.0,0.8958056569099426,0.10419512540102005,0.7469860911369324,0.9308239221572876,0.880847156047821,0.8889763951301575,0.930568516254425,0.06943176686763763,0.7657739520072937,0.9361937642097473,0.909031331539154,0.9264384508132935
119.0,4.0,0.9083855748176575,0.09161381423473358,0.7041616439819336,0.9364681839942932,0.8917707204818726,0.901802122592926,0.846851110458374,0.15314871072769165,1.4499356746673584,0.869027853012085,0.8304392695426941,0.8469609618186951
120.0,0.0,0.9080042839050293,0.09199558198451996,0.7031010389328003,0.9366236925125122,0.8920741081237793,0.9013816714286804,0.8557990789413452,0.14420071244239807,1.4209556579589844,0.8709397912025452,0.829727292060852,0.8560217022895813
120.0,1.0,0.9149966239929199,0.08500409126281738,0.735625684261322,0.932499349117279,0.8940207362174988,0.9071313738822937,0.866578996181488,0.13342086970806122,0.8097317218780518,0.9309388399124146,0.8657017946243286,0.866559624671936
120.0,2.0,0.889860987663269,0.11013907194137573,0.9291571974754333,0.919701099395752,0.875885546207428,0.8881735801696777,0.9262018799781799,0.07379847019910812,0.4872771203517914,0.9507212042808533,0.9057009220123291,0.9133864045143127
120.0,3.0,0.8958062529563904,0.10419397801160812,0.7469301223754883,0.9308234453201294,0.8808503150939941,0.8889771103858948,0.9305686950683594,0.06943154335021973,0.765903890132904,0.9361928701400757,0.9090344905853271,0.9264402389526367
120.0,4.0,0.9083879590034485,0.09161285310983658,0.704053521156311,0.9364665746688843,0.8917735815048218,0.901802659034729,0.8468517065048218,0.1531486064195633,1.4495272636413574,0.8690279722213745,0.8305357098579407,0.846961259841919
121.0,0.0,0.9080052971839905,0.09199537336826324,0.702880322933197,0.9366256594657898,0.8921031355857849,0.9013833403587341,0.8557994961738586,0.14420054852962494,1.420264720916748,0.8709403276443481,0.8297855854034424,0.8560202717781067
121.0,1.0,0.9149963855743408,0.08500397950410843,0.7354574203491211,0.9325007200241089,0.8940330743789673,0.9071317315101624,0.8665790557861328,0.1334209144115448,0.8097226619720459,0.9309390187263489,0.865706205368042,0.8665589094161987
121.0,2.0,0.889860987663269,0.11013899743556976,0.9291184544563293,0.919701099395752,0.8758918046951294,0.8881742358207703,0.9262017607688904,0.07379845529794693,0.4872436225414276,0.950721800327301,0.9057030081748962,0.9133880734443665
121.0,3.0,0.8958059549331665,0.10419395565986633,0.7469567060470581,0.9308230876922607,0.8808483481407166,0.8889778256416321,0.9305687546730042,0.06943149864673615,0.765892744064331,0.9361927509307861,0.9090344905853271,0.9264406561851501
121.0,4.0,0.9083881378173828,0.09161272644996643,0.7040551900863647,0.9364674091339111,0.8917772769927979,0.9018030762672424,0.8468512892723083,0.15314869582653046,1.4495259523391724,0.8690279126167297,0.8305279016494751,0.8469604849815369
122.0,0.0,0.908004879951477,0.09199544787406921,0.7029140591621399,0.93662428855896,0.8920999765396118,0.9013830423355103,0.8557995557785034,0.14420056343078613,1.420152187347412,0.870940089225769,0.829786479473114,0.856019139289856
122.0,1.0,0.9149960279464722,0.08500397950410843,0.7355089783668518,0.9324995875358582,0.8940303921699524,0.9071325659751892,0.8665791749954224,0.13342076539993286,0.8097487092018127,0.9309387803077698,0.8657057285308838,0.8665589690208435
122.0,2.0,0.8898618221282959,0.11013882607221603,0.9291152954101562,0.9197008609771729,0.8758916854858398,0.8881732821464539,0.9262014031410217,0.07379837334156036,0.4872497022151947,0.950721025466919,0.9057037830352783,0.9133875966072083
122.0,3.0,0.895805835723877,0.10419400036334991,0.7469233274459839,0.9308236837387085,0.8808517456054688,0.8889766931533813,0.9305686354637146,0.06943144649267197,0.7659202814102173,0.93619304895401,0.9090338945388794,0.9264407753944397
122.0,4.0,0.9083874821662903,0.09161283820867538,0.7040448188781738,0.9364678859710693,0.8917786478996277,0.9018020033836365,0.8468515276908875,0.1531485617160797,1.4495426416397095,0.8690279722213745,0.8305227160453796,0.8469598293304443
123.0,0.0,0.9080047607421875,0.09199538081884384,0.7029690742492676,0.9366246461868286,0.8920945525169373,0.901382565498352,0.8557995557785034,0.1442004144191742,1.4202306270599365,0.8709402084350586,0.8297897577285767,0.8560180068016052
123.0,1.0,0.9149961471557617,0.08500396460294724,0.7354771494865417,0.9325001239776611,0.8940332531929016,0.907132089138031,0.866578996181488,0.13342082500457764,0.8097593784332275,0.9309389591217041,0.8657066822052002,0.8665585517883301
123.0,2.0,0.889860987663269,0.1101389154791832,0.9291422963142395,0.9197006821632385,0.8758941888809204,0.8881732821464539,0.9262019991874695,0.0737982988357544,0.48721328377723694,0.9507220983505249,0.9057070016860962,0.9133880734443665
123.0,3.0,0.895806610584259,0.10419389605522156,0.7469774484634399,0.9308238625526428,0.8808485865592957,0.8889774084091187,0.9305687546730042,0.06943143904209137,0.7658817768096924,0.9361933469772339,0.909035861492157,0.9264402985572815
123.0,4.0,0.9083883166313171,0.09161270409822464,0.7040421366691589,0.9364668726921082,0.891777515411377,0.9018027186393738,0.8468515276908875,0.1531485766172409,1.4495080709457397,0.8690280914306641,0.830519437789917,0.8469590544700623
124.0,0.0,0.9080045223236084,0.09199538081884384,0.7029235363006592,0.9366247057914734,0.8920998573303223,0.9013831615447998,0.855799674987793,0.1442004144191742,1.4203073978424072,0.8709401488304138,0.8297862410545349,0.8560188412666321
124.0,1.0,0.9149969816207886,0.08500388264656067,0.7354833483695984,0.9324990510940552,0.8940333127975464,0.9071323275566101,0.8665788769721985,0.13342073559761047,0.8097437620162964,0.9309394359588623,0.865705668926239,0.8665589094161987
124.0,2.0,0.8898612856864929,0.1101388931274414,0.9291335344314575,0.9197008609771729,0.8758932948112488,0.8881730437278748,0.926201343536377,0.07379835098981857,0.48724454641342163,0.950721800327301,0.9057060480117798,0.9133881330490112
124.0,3.0,0.8958062529563904,0.10419395565986633,0.747045636177063,0.9308237433433533,0.8808431625366211,0.88897705078125,0.9305689930915833,0.06943141669034958,0.7658816576004028,0.9361928105354309,0.9090350866317749,0.9264402985572815
124.0,4.0,0.9083877801895142,0.09161266684532166,0.7040189504623413,0.9364684224128723,0.8917790055274963,0.9018022418022156,0.8468515276908875,0.1531486213207245,1.4495514631271362,0.8690280318260193,0.8305250406265259,0.8469595313072205
125.0,0.0,0.9080052971839905,0.0919952541589737,0.7028957009315491,0.9366245865821838,0.8921029567718506,0.9013831615447998,0.8557996153831482,0.14420053362846375,1.4203435182571411,0.8709400296211243,0.8297674655914307,0.8560176491737366
125.0,1.0,0.9149969816207886,0.0850037932395935,0.7355139255523682,0.9324992895126343,0.8940318822860718,0.9071325063705444,0.8665791749954224,0.1334206908941269,0.809756875038147,0.9309388399124146,0.865707516670227,0.8665590286254883
125.0,2.0,0.8898614048957825,0.11013884842395782,0.9291868209838867,0.9197002649307251,0.8758864998817444,0.8881735801696777,0.926202118396759,0.07379830628633499,0.48726290464401245,0.9507210850715637,0.9057047963142395,0.9133878350257874
125.0,3.0,0.8958078622817993,0.10419393330812454,0.7469736337661743,0.9308236837387085,0.8808506727218628,0.8889774084091187,0.9305684566497803,0.06943140178918839,0.7659127116203308,0.9361929297447205,0.9090357422828674,0.9264405369758606
125.0,4.0,0.9083880186080933,0.09161273390054703,0.7040417790412903,0.9364668726921082,0.8917769193649292,0.9018030762672424,0.8468515276908875,0.15314851701259613,1.4495506286621094,0.8690277934074402,0.8305194973945618,0.8469603657722473
126.0,0.0,0.9080032110214233,0.0919952243566513,0.7029461860656738,0.9366244673728943,0.8920975923538208,0.9013826847076416,0.8557996153831482,0.14420044422149658,1.4203130006790161,0.8709402084350586,0.8297801613807678,0.8560188412666321
126.0,1.0,0.9149967432022095,0.08500375598669052,0.7354742884635925,0.9325003027915955,0.8940337300300598,0.9071314930915833,0.8665794134140015,0.13342063128948212,0.8097710609436035,0.9309388399124146,0.8657060265541077,0.8665582537651062
126.0,2.0,0.889860987663269,0.11013881117105484,0.929142415523529,0.9197003841400146,0.8758916854858398,0.8881738185882568,0.9262018799781799,0.07379834353923798,0.48727908730506897,0.9507213830947876,0.9057040214538574,0.9133882522583008
126.0,3.0,0.8958067893981934,0.10419376939535141,0.746990442276001,0.9308252334594727,0.8808484673500061,0.8889775276184082,0.9305689334869385,0.0694313645362854,0.7659380435943604,0.93619304895401,0.9090337753295898,0.9264402389526367
126.0,4.0,0.9083874225616455,0.09161258488893509,0.704132616519928,0.9364673495292664,0.8917732834815979,0.9018033146858215,0.8468518257141113,0.15314851701259613,1.4495548009872437,0.8690279126167297,0.8305251002311707,0.8469598889350891
127.0,0.0,0.9080052375793457,0.09199532121419907,0.7029455304145813,0.9366241097450256,0.892098069190979,0.9013826251029968,0.8557998538017273,0.1442003846168518,1.4202533960342407,0.8709402084350586,0.829789936542511,0.8560177087783813
127.0,1.0,0.9149969816207886,0.08500376343727112,0.7354876399040222,0.9325000643730164,0.8940333724021912,0.9071319103240967,0.866578996181488,0.13342057168483734,0.8097546100616455,0.9309386610984802,0.8657079935073853,0.8665586709976196
127.0,2.0,0.8898617029190063,0.11013874411582947,0.9291602373123169,0.9197008013725281,0.8758932948112488,0.8881736993789673,0.9262018799781799,0.07379825413227081,0.4872600734233856,0.9507215023040771,0.9057053923606873,0.9133877754211426
127.0,3.0,0.8958064317703247,0.1041937917470932,0.7469890117645264,0.9308234453201294,0.8808525800704956,0.88897705078125,0.9305686950683594,0.0694313570857048,0.765934407711029,0.9361931085586548,0.9090319275856018,0.9264400005340576
127.0,4.0,0.9083876013755798,0.09161268919706345,0.7041025757789612,0.9364675283432007,0.8917746543884277,0.9018037915229797,0.8468515276908875,0.15314850211143494,1.44957435131073,0.869027853012085,0.8305229544639587,0.8469592928886414
128.0,0.0,0.908004879951477,0.09199519455432892,0.7029520869255066,0.9366240501403809,0.8921000361442566,0.9013823866844177,0.8557997941970825,0.144200399518013,1.420376181602478,0.8709402084350586,0.8297831416130066,0.8560181260108948
128.0,1.0,0.9149961471557617,0.08500383049249649,0.7354903221130371,0.9324995279312134,0.8940351605415344,0.9071320295333862,0.8665793538093567,0.13342051208019257,0.8097817897796631,0.930938720703125,0.8657071590423584,0.8665599822998047
128.0,2.0,0.8898616433143616,0.11013879626989365,0.9291790723800659,0.9197003841400146,0.875887930393219,0.8881732821464539,0.926202118396759,0.0737982764840126,0.48725175857543945,0.9507213830947876,0.9057056307792664,0.9133881330490112
128.0,3.0,0.895806610584259,0.10419376194477081,0.746972918510437,0.9308235049247742,0.8808542490005493,0.8889769911766052,0.9305686950683594,0.0694313570857048,0.7659199833869934,0.9361934661865234,0.9090344905853271,0.926440417766571
128.0,4.0,0.9083873629570007,0.09161271899938583,0.7040957808494568,0.9364674687385559,0.8917783498764038,0.9018033146858215,0.846851646900177,0.15314842760562897,1.4495517015457153,0.8690280914306641,0.8305264711380005,0.8469604849815369
129.0,0.0,0.908004879951477,0.09199514240026474,0.7029138803482056,0.93662428855896,0.8921036720275879,0.9013822674751282,0.8557997941970825,0.14420035481452942,1.4204888343811035,0.8709402084350586,0.8297707438468933,0.8560175895690918
129.0,1.0,0.9149956107139587,0.08500370383262634,0.7355678081512451,0.9324998259544373,0.8940290808677673,0.9071330428123474,0.8665796518325806,0.1334204226732254,0.8098289966583252,0.9309388399124146,0.8657044768333435,0.8665580153465271
129.0,2.0,0.8898612856864929,0.11013863235712051,0.9291957020759583,0.9197013974189758,0.8758915066719055,0.8881734609603882,0.9262025952339172,0.07379819452762604,0.4872454106807709,0.950721025466919,0.9057058095932007,0.9133880734443665
129.0,3.0,0.895807147026062,0.10419373959302902,0.747008204460144,0.9308236837387085,0.8808498382568359,0.8889789581298828,0.9305687546730042,0.0694313496351242,0.7659419178962708,0.9361931085586548,0.9090335369110107,0.9264405369758606
129.0,4.0,0.9083877801895142,0.0916125476360321,0.7040667533874512,0.9364689588546753,0.8917769193649292,0.9018036127090454,0.846851646900177,0.15314839780330658,1.4495164155960083,0.8690279126167297,0.8305210471153259,0.8469583988189697
130.0,0.0,0.9080052375793457,0.09199517965316772,0.7029318809509277,0.9366239309310913,0.8921006917953491,0.9013833403587341,0.8557997345924377,0.14420035481452942,1.4205589294433594,0.8709398508071899,0.8297662138938904,0.8560177683830261
130.0,1.0,0.9149959087371826,0.0850037932395935,0.7355669736862183,0.9324998259544373,0.8940269947052002,0.9071325063705444,0.8665795922279358,0.13342046737670898,0.8098164796829224,0.9309386610984802,0.8657020926475525,0.8665593862533569
130.0,2.0,0.889861524105072,0.11013861745595932,0.9291836023330688,0.9197006821632385,0.8758869171142578,0.8881734013557434,0.926202118396759,0.07379814237356186,0.4872858226299286,0.9507219791412354,0.9057060480117798,0.9133875370025635
130.0,3.0,0.8958075046539307,0.10419376939535141,0.7470234632492065,0.9308227300643921,0.8808465600013733,0.8889774084091187,0.9305688738822937,0.06943131238222122,0.7659319043159485,0.9361926913261414,0.9090338945388794,0.9264397621154785
130.0,4.0,0.9083881378173828,0.09161268919706345,0.704069197177887,0.9364683032035828,0.8917776346206665,0.9018034934997559,0.8468517661094666,0.15314844250679016,1.4495612382888794,0.8690280318260193,0.8305195569992065,0.8469603657722473
131.0,0.0,0.9080047607421875,0.09199511259794235,0.7029449343681335,0.9366239309310913,0.8920996189117432,0.9013833403587341,0.8557995557785034,0.1442003697156906,1.4204177856445312,0.8709400296211243,0.8297681212425232,0.8560193777084351
131.0,1.0,0.9149966239929199,0.08500374108552933,0.73554927110672,0.9324990510940552,0.8940282464027405,0.907132089138031,0.8665797114372253,0.13342036306858063,0.8098105192184448,0.9309391379356384,0.8657013177871704,0.8665595054626465
131.0,2.0,0.8898617029190063,0.11013860255479813,0.9291397929191589,0.919701099395752,0.8758929371833801,0.888174295425415,0.9262021780014038,0.07379817962646484,0.48728176951408386,0.9507213830947876,0.9057050943374634,0.9133873581886292
131.0,3.0,0.895805835723877,0.10419360548257828,0.7470046281814575,0.9308224320411682,0.8808495998382568,0.8889779448509216,0.9305689334869385,0.06943123787641525,0.7659412622451782,0.9361931085586548,0.9090348482131958,0.9264401197433472
131.0,4.0,0.9083887338638306,0.0916125476360321,0.7040516138076782,0.9364675879478455,0.8917810320854187,0.9018024206161499,0.8468517661094666,0.153148353099823,1.449591875076294,0.8690280914306641,0.8305185437202454,0.8469602465629578
132.0,0.0,0.908004879951477,0.09199521690607071,0.7029706835746765,0.9366244077682495,0.8920986652374268,0.9013829827308655,0.8557998538017273,0.14420031011104584,1.420309066772461,0.8709399700164795,0.829781174659729,0.8560206294059753
132.0,1.0,0.9149965643882751,0.08500365167856216,0.735554575920105,0.9325000047683716,0.8940264582633972,0.9071328043937683,0.8665797710418701,0.13342027366161346,0.8097890019416809,0.9309394359588623,0.8657055497169495,0.8665582537651062
132.0,2.0,0.8898617029190063,0.11013863235712051,0.9291884899139404,0.9197002649307251,0.8758888840675354,0.8881734609603882,0.9262020587921143,0.07379823178052902,0.4872635304927826,0.9507212042808533,0.9057084321975708,0.9133883118629456
132.0,3.0,0.8958062529563904,0.10419370979070663,0.7469635009765625,0.930824339389801,0.8808527588844299,0.8889775276184082,0.9305689930915833,0.06943126767873764,0.7659271955490112,0.9361928105354309,0.9090327620506287,0.9264405369758606
132.0,4.0,0.9083883166313171,0.09161257743835449,0.704081118106842,0.936467707157135,0.8917769193649292,0.9018027782440186,0.8468515872955322,0.15314838290214539,1.4496028423309326,0.8690280914306641,0.8305227756500244,0.84695965051651
133.0,0.0,0.9080049395561218,0.09199512749910355,0.7029540538787842,0.9366242289543152,0.8920996189117432,0.9013828635215759,0.8557996153831482,0.14420026540756226,1.4202954769134521,0.8709401488304138,0.8297813534736633,0.8560187816619873
133.0,1.0,0.9149960875511169,0.08500363677740097,0.735528826713562,0.9324996471405029,0.894029974937439,0.9071316123008728,0.8665797114372253,0.1334202140569687,0.8097884654998779,0.9309384822845459,0.8657010793685913,0.8665593266487122
133.0,2.0,0.8898619413375854,0.11013860255479813,0.9291389584541321,0.9197015166282654,0.8758902549743652,0.8881738781929016,0.9262022972106934,0.07379817962646484,0.4872891306877136,0.9507220983505249,0.9057077765464783,0.9133889675140381
133.0,3.0,0.8958077430725098,0.10419370979070663,0.7469725608825684,0.9308238625526428,0.8808553218841553,0.8889775276184082,0.9305688142776489,0.06943121552467346,0.7659521698951721,0.9361933469772339,0.9090307950973511,0.9264404773712158
133.0,4.0,0.908388078212738,0.0916125476360321,0.7041032314300537,0.9364684224128723,0.8917760252952576,0.9018028974533081,0.8468515276908875,0.153148353099823,1.4495506286621094,0.8690279722213745,0.830525279045105,0.8469623327255249
134.0,0.0,0.9080061912536621,0.09199503064155579,0.7029783129692078,0.9366240501403809,0.8920982480049133,0.9013826847076416,0.8557997941970825,0.1442001760005951,1.4203509092330933,0.870940089225769,0.8297750353813171,0.8560193777084351
134.0,1.0,0.9149970412254333,0.08500361442565918,0.7355638742446899,0.9325000047683716,0.8940306305885315,0.9071328639984131,0.8665796518325806,0.1334201544523239,0.809782862663269,0.9309386014938354,0.865699827671051,0.8665591478347778
134.0,2.0,0.8898619413375854,0.11013851314783096,0.9291737079620361,0.9197009801864624,0.8758878707885742,0.8881741166114807,0.926202118396759,0.07379817962646484,0.48728108406066895,0.9507223963737488,0.9057057499885559,0.9133883118629456
134.0,3.0,0.8958072662353516,0.10419350117444992,0.7469611763954163,0.9308232665061951,0.8808543086051941,0.8889778256416321,0.9305691719055176,0.06943120062351227,0.7659786939620972,0.9361932873725891,0.9090325236320496,0.926440417766571
134.0,4.0,0.9083875417709351,0.09161245822906494,0.7041174173355103,0.936468243598938,0.8917749524116516,0.9018025398254395,0.8468518257141113,0.15314827859401703,1.4496785402297974,0.8690281510353088,0.8305200338363647,0.8469612002372742
135.0,0.0,0.9080043435096741,0.0919949859380722,0.7029998302459717,0.9366241693496704,0.8920926451683044,0.901383101940155,0.8557999134063721,0.1442001610994339,1.420276403427124,0.870940089225769,0.8297832012176514,0.8560202121734619
135.0,1.0,0.9149972200393677,0.08500353246927261,0.7355319857597351,0.9325002431869507,0.8940320611000061,0.9071331024169922,0.8665798902511597,0.13342010974884033,0.8097820281982422,0.930938720703125,0.8656991124153137,0.8665586709976196
135.0,2.0,0.8898619413375854,0.11013848334550858,0.9291450381278992,0.9197003841400146,0.8758922219276428,0.8881738185882568,0.9262020587921143,0.07379808276891708,0.4872749149799347,0.9507219791412354,0.9057088494300842,0.9133886098861694
135.0,3.0,0.8958073258399963,0.10419358313083649,0.7469816207885742,0.9308226704597473,0.8808547258377075,0.8889772295951843,0.9305688738822937,0.06943119317293167,0.7659394145011902,0.9361926317214966,0.90903240442276,0.926440954208374
135.0,4.0,0.9083879590034485,0.0916125476360321,0.704103946685791,0.9364678859710693,0.8917751312255859,0.9018028974533081,0.8468515872955322,0.15314824879169464,1.4496312141418457,0.8690279722213745,0.8305171728134155,0.8469605445861816
136.0,0.0,0.9080037474632263,0.09199496358633041,0.7029827833175659,0.9366235136985779,0.8920974135398865,0.9013828635215759,0.8557998538017273,0.1442001461982727,1.4203883409500122,0.8709402084350586,0.8297849893569946,0.8560184836387634
136.0,1.0,0.9149962663650513,0.08500363677740097,0.7355678677558899,0.9324989318847656,0.8940292000770569,0.9071323275566101,0.8665799498558044,0.13342009484767914,0.809800922870636,0.9309391379356384,0.865703284740448,0.8665591478347778
136.0,2.0,0.8898612856864929,0.11013858020305634,0.9291920065879822,0.9197009801864624,0.8758912682533264,0.8881744146347046,0.9262020587921143,0.07379816472530365,0.48727619647979736,0.950721025466919,0.9057064056396484,0.9133875370025635
136.0,3.0,0.8958069086074829,0.10419347882270813,0.7469838857650757,0.930824339389801,0.8808510899543762,0.8889772295951843,0.9305692315101624,0.06943118572235107,0.7659369707107544,0.9361926913261414,0.9090338945388794,0.9264405965805054
136.0,4.0,0.9083887338638306,0.09161242842674255,0.7041006684303284,0.9364674091339111,0.8917756080627441,0.9018024206161499,0.8468518853187561,0.15314826369285583,1.4495470523834229,0.8690279722213745,0.8305263519287109,0.8469609618186951
137.0,0.0,0.908004879951477,0.0919949859380722,0.7029575705528259,0.9366239309310913,0.8920995593070984,0.9013823866844177,0.8557998538017273,0.14420001208782196,1.420169472694397,0.870940089225769,0.8297913670539856,0.856019914150238
137.0,1.0,0.9149972796440125,0.08500362187623978,0.7355518341064453,0.9324995875358582,0.8940295577049255,0.907132625579834,0.8665799498558044,0.13342002034187317,0.8098233342170715,0.9309390187263489,0.8657012581825256,0.8665586113929749
137.0,2.0,0.889862060546875,0.11013846099376678,0.9291507601737976,0.9197009801864624,0.8758902549743652,0.8881734609603882,0.9262025952339172,0.07379810512065887,0.4872719943523407,0.9507215023040771,0.9057073593139648,0.9133877158164978
137.0,3.0,0.8958064913749695,0.10419352352619171,0.746968686580658,0.9308239817619324,0.8808543086051941,0.8889772295951843,0.9305691123008728,0.06943116337060928,0.7659743428230286,0.9361933469772339,0.9090351462364197,0.9264405369758606
137.0,4.0,0.9083877205848694,0.09161239862442017,0.7040982842445374,0.9364671111106873,0.8917755484580994,0.9018028974533081,0.8468517661094666,0.15314820408821106,1.449521780014038,0.8690277934074402,0.8305249214172363,0.846962034702301
138.0,0.0,0.9080057740211487,0.09199501574039459,0.7029707431793213,0.936623752117157,0.8920985460281372,0.9013822078704834,0.8557999730110168,0.14420002698898315,1.4203011989593506,0.870940089225769,0.8297786712646484,0.8560188412666321
138.0,1.0,0.9149974584579468,0.08500351756811142,0.7355198860168457,0.9324997663497925,0.8940324187278748,0.9071332216262817,0.8665795922279358,0.1334199607372284,0.8098301887512207,0.930938720703125,0.8656997084617615,0.8665600419044495
138.0,2.0,0.8898618221282959,0.11013847589492798,0.929194450378418,0.9197003841400146,0.8758912682533264,0.8881739974021912,0.9262023568153381,0.0737980380654335,0.4872901737689972,0.950721025466919,0.9057071208953857,0.9133880734443665
138.0,3.0,0.8958066701889038,0.10419343411922455,0.7470222115516663,0.9308243989944458,0.8808475732803345,0.8889777064323425,0.9305691719055176,0.06943116337060928,0.7659819722175598,0.9361929297447205,0.909030020236969,0.9264400005340576
138.0,4.0,0.9083883166313171,0.09161241352558136,0.7041037678718567,0.9364680051803589,0.891774594783783,0.9018025398254395,0.8468515872955322,0.15314815938472748,1.449614405632019,0.8690282702445984,0.8305141925811768,0.846960186958313
139.0,0.0,0.9080054759979248,0.09199495613574982,0.7029836773872375,0.9366240501403809,0.8920974731445312,0.9013833403587341,0.8558000326156616,0.14420001208782196,1.4203510284423828,0.8709400296211243,0.8297737240791321,0.8560195565223694
139.0,1.0,0.914996862411499,0.08500349521636963,0.7355281114578247,0.9324995279312134,0.8940330147743225,0.9071317315101624,0.8665808439254761,0.13341985642910004,0.8098344206809998,0.9309387803077698,0.8656954765319824,0.8665591478347778
139.0,2.0,0.8898621201515198,0.11013846099376678,0.9292782545089722,0.9197009801864624,0.8758830428123474,0.8881742358207703,0.9262023568153381,0.07379812747240067,0.4872864782810211,0.9507209658622742,0.9057071805000305,0.9133877158164978
139.0,3.0,0.8958066701889038,0.10419334471225739,0.7470136880874634,0.9308237433433533,0.8808495998382568,0.8889774680137634,0.9305686950683594,0.06943110376596451,0.7659587264060974,0.9361933469772339,0.9090326428413391,0.9264403581619263
139.0,4.0,0.9083880186080933,0.09161241352558136,0.7041196823120117,0.9364665746688843,0.8917730450630188,0.9018028378486633,0.8468517661094666,0.15314818918704987,1.4496444463729858,0.8690279722213745,0.8305200934410095,0.846961259841919
140.0,0.0,0.9080052971839905,0.09199488908052444,0.7030321955680847,0.9366242289543152,0.8920943737030029,0.9013834595680237,0.8557999134063721,0.14419999718666077,1.4203063249588013,0.8709402680397034,0.8297852873802185,0.8560190796852112
140.0,1.0,0.914996325969696,0.08500349521636963,0.7355453372001648,0.9325004816055298,0.8940312266349792,0.9071321487426758,0.8665803670883179,0.1334199160337448,0.809825599193573,0.9309389591217041,0.8657018542289734,0.8665601015090942
140.0,2.0,0.8898624777793884,0.11013846099376678,0.9292468428611755,0.9197006821632385,0.875886082649231,0.8881745338439941,0.9262019991874695,0.07379808276891708,0.48727086186408997,0.9507219791412354,0.9057079553604126,0.9133865237236023
140.0,3.0,0.8958067893981934,0.10419339686632156,0.7469900846481323,0.9308237433433533,0.8808512091636658,0.8889783620834351,0.9305689930915833,0.06943108141422272,0.7660242319107056,0.9361928701400757,0.9090321660041809,0.9264407753944397
140.0,4.0,0.908388614654541,0.0916123315691948,0.7040995359420776,0.9364680647850037,0.8917766213417053,0.9018027782440186,0.846851646900177,0.15314820408821106,1.4496082067489624,0.869027853012085,0.8305278420448303,0.8469619750976562
141.0,0.0,0.908005952835083,0.09199491143226624,0.702989399433136,0.9366233348846436,0.8920987248420715,0.9013832211494446,0.8557999730110168,0.14419998228549957,1.4203839302062988,0.8709397912025452,0.8297898769378662,0.8560178279876709
141.0,1.0,0.9149965047836304,0.08500354737043381,0.7355243563652039,0.9324991703033447,0.8940352201461792,0.9071319103240967,0.8665803074836731,0.1334197223186493,0.8098217844963074,0.9309389591217041,0.8657044768333435,0.8665599822998047
141.0,2.0,0.8898618221282959,0.11013828963041306,0.929203987121582,0.9197008013725281,0.8758897185325623,0.8881745338439941,0.926201343536377,0.0737980380654335,0.4872746765613556,0.9507218599319458,0.9057080745697021,0.9133873581886292
141.0,3.0,0.8958072662353516,0.10419350117444992,0.7469803690910339,0.9308232665061951,0.8808536529541016,0.8889778256416321,0.9305694103240967,0.06943105161190033,0.7659392952919006,0.93619304895401,0.909034013748169,0.9264399409294128
141.0,4.0,0.9083880186080933,0.0916123315691948,0.7040756940841675,0.9364672899246216,0.8917782306671143,0.9018028974533081,0.8468518257141113,0.1531480997800827,1.4495325088500977,0.869027853012085,0.8305231928825378,0.8469617962837219
142.0,0.0,0.9080061912536621,0.09199485182762146,0.7029839158058167,0.9366243481636047,0.8920987844467163,0.9013842940330505,0.8557998538017273,0.1441999077796936,1.4201791286468506,0.8709402680397034,0.8297918438911438,0.856019139289856
142.0,1.0,0.9149961471557617,0.08500352501869202,0.7355578541755676,0.9325004816055298,0.8940325975418091,0.9071325659751892,0.8665803670883179,0.13341981172561646,0.8097900748252869,0.9309387803077698,0.8656994700431824,0.8665592670440674
142.0,2.0,0.8898614048957825,0.11013827472925186,0.9291813969612122,0.9197004437446594,0.8758887052536011,0.8881738185882568,0.9262019991874695,0.07379801571369171,0.4872781038284302,0.9507219791412354,0.9057091474533081,0.9133880138397217
142.0,3.0,0.8958064913749695,0.10419337451457977,0.746984601020813,0.9308237433433533,0.8808518052101135,0.8889771103858948,0.9305686354637146,0.06943104416131973,0.7660109400749207,0.9361934065818787,0.9090314507484436,0.9264400601387024
142.0,4.0,0.9083878993988037,0.0916123315691948,0.7041363716125488,0.9364663362503052,0.8917711973190308,0.9018027186393738,0.8468518257141113,0.15314802527427673,1.4495961666107178,0.8690280914306641,0.8305311799049377,0.8469632863998413
143.0,0.0,0.9080047607421875,0.09199484437704086,0.702978253364563,0.9366236925125122,0.8920990228652954,0.9013829231262207,0.8558000326156616,0.14419987797737122,1.4202415943145752,0.8709399700164795,0.8297905921936035,0.8560200333595276
143.0,1.0,0.914996862411499,0.08500358462333679,0.7355510592460632,0.9324995875358582,0.8940308690071106,0.9071323871612549,0.8665802478790283,0.1334196925163269,0.8097687363624573,0.9309387803077698,0.865708589553833,0.8665591478347778
143.0,2.0,0.8898618221282959,0.11013821512460709,0.9291528463363647,0.9197016954421997,0.8758934736251831,0.8881745338439941,0.9262018799781799,0.07379795610904694,0.4872582256793976,0.9507213234901428,0.9057096242904663,0.9133875966072083
143.0,3.0,0.8958073258399963,0.10419340431690216,0.746942937374115,0.9308235049247742,0.8808555603027344,0.8889769911766052,0.9305689930915833,0.06943097710609436,0.7660183906555176,0.9361927509307861,0.909031093120575,0.926440417766571
143.0,4.0,0.9083882570266724,0.09161214530467987,0.7041333317756653,0.9364678263664246,0.8917732834815979,0.9018029570579529,0.8468520045280457,0.1531480848789215,1.4496400356292725,0.8690281510353088,0.83053058385849,0.8469622135162354
144.0,0.0,0.9080056548118591,0.09199482202529907,0.70302414894104,0.9366235733032227,0.8920955061912537,0.9013833403587341,0.855800211429596,0.14419977366924286,1.4202545881271362,0.8709400296211243,0.8297858238220215,0.8560206890106201
144.0,1.0,0.9149970412254333,0.08500336855649948,0.7355591654777527,0.9325007796287537,0.8940325379371643,0.9071328043937683,0.8665806651115417,0.13341961801052094,0.8098079562187195,0.9309393763542175,0.8657053709030151,0.8665594458580017
144.0,2.0,0.8898616433143616,0.11013825237751007,0.9292082786560059,0.9197009801864624,0.875889003276825,0.8881741166114807,0.9262025356292725,0.07379790395498276,0.4872756004333496,0.9507221579551697,0.9057092070579529,0.9133893847465515
144.0,3.0,0.8958069086074829,0.104193314909935,0.7469931840896606,0.9308238625526428,0.8808528780937195,0.8889778852462769,0.9305695295333862,0.06943099945783615,0.765947163105011,0.9361926913261414,0.9090327024459839,0.9264400601387024
144.0,4.0,0.9083884358406067,0.09161221235990524,0.7040985226631165,0.9364679455757141,0.8917770981788635,0.9018034934997559,0.8468518257141113,0.15314795076847076,1.4496785402297974,0.8690279126167297,0.8305357694625854,0.8469637036323547
145.0,0.0,0.9080043435096741,0.09199466556310654,0.7029403448104858,0.9366232752799988,0.8920997977256775,0.9013829827308655,0.8558000922203064,0.1441999077796936,1.4203720092773438,0.8709401488304138,0.8297795057296753,0.8560197949409485
145.0,1.0,0.9149967432022095,0.08500348776578903,0.7355424165725708,0.9325001239776611,0.8940318822860718,0.907133936882019,0.8665803670883179,0.13341963291168213,0.8098321557044983,0.9309386610984802,0.8657039403915405,0.866559624671936
145.0,2.0,0.8898623585700989,0.1101381853222847,0.9291854500770569,0.919700562953949,0.8758903741836548,0.8881741166114807,0.926202654838562,0.07379793375730515,0.48728421330451965,0.9507210850715637,0.9057077765464783,0.9133883118629456
145.0,3.0,0.8958075046539307,0.10419332981109619,0.7469683289527893,0.9308241009712219,0.8808549642562866,0.8889772891998291,0.9305691719055176,0.06943099200725555,0.7659841179847717,0.9361926913261414,0.90903240442276,0.9264408349990845
145.0,4.0,0.9083883762359619,0.09161204844713211,0.7040894627571106,0.9364669322967529,0.8917766809463501,0.9018036723136902,0.8468520641326904,0.15314804017543793,1.4496532678604126,0.8690279722213745,0.8305236101150513,0.8469623327255249
146.0,0.0,0.9080056548118591,0.0919947698712349,0.7029878497123718,0.9366243481636047,0.8920982480049133,0.9013834595680237,0.855800211429596,0.14419980347156525,1.4204800128936768,0.870940089225769,0.8297877907752991,0.8560216426849365
146.0,1.0,0.9149968028068542,0.08500339835882187,0.7355903387069702,0.9325002431869507,0.8940292596817017,0.9071335792541504,0.8665807247161865,0.13341951370239258,0.8098597526550293,0.9309389591217041,0.8657021522521973,0.8665604591369629
146.0,2.0,0.8898619413375854,0.11013820022344589,0.9292697906494141,0.9197012782096863,0.8758875131607056,0.8881738781929016,0.9262024164199829,0.07379788905382156,0.48728060722351074,0.9507215023040771,0.9057081341743469,0.9133883714675903
146.0,3.0,0.8958074450492859,0.10419321805238724,0.7470139265060425,0.9308238625526428,0.8808510899543762,0.8889783024787903,0.9305693507194519,0.06943091750144958,0.7659796476364136,0.9361926317214966,0.9090317487716675,0.9264399409294128
146.0,4.0,0.9083884954452515,0.09161213785409927,0.7041031122207642,0.9364684820175171,0.8917786478996277,0.9018037915229797,0.8468519449234009,0.15314795076847076,1.449596881866455,0.8690279126167297,0.8305287957191467,0.8469635844230652
147.0,0.0,0.9080061912536621,0.09199467301368713,0.7029605507850647,0.9366242289543152,0.8921002149581909,0.9013838768005371,0.8558000922203064,0.14419981837272644,1.4204986095428467,0.8709398508071899,0.8297789692878723,0.856020987033844
147.0,1.0,0.9149967432022095,0.08500339835882187,0.7355687022209167,0.9324991703033447,0.8940292000770569,0.907132089138031,0.8665802478790283,0.133419468998909,0.8098967671394348,0.9309389591217041,0.8656985759735107,0.8665591478347778
147.0,2.0,0.889862060546875,0.11013816297054291,0.9292710423469543,0.9197003841400146,0.8758876323699951,0.8881745338439941,0.9262025952339172,0.07379791140556335,0.4872807264328003,0.950721800327301,0.9057055711746216,0.9133874773979187
147.0,3.0,0.895807683467865,0.10419316589832306,0.7470654845237732,0.930823564529419,0.8808494806289673,0.8889778852462769,0.9305692315101624,0.06943091005086899,0.7659459114074707,0.9361932873725891,0.9090333580970764,0.9264401793479919
147.0,4.0,0.9083879590034485,0.09161221235990524,0.7040858268737793,0.9364678859710693,0.8917784690856934,0.9018035531044006,0.8468519449234009,0.15314793586730957,1.4496458768844604,0.8690279126167297,0.8305237889289856,0.8469623327255249
148.0,0.0,0.9080044031143188,0.09199462085962296,0.7030122876167297,0.9366238713264465,0.892096221446991,0.9013837575912476,0.8558001518249512,0.14419971406459808,1.4203048944473267,0.8709400296211243,0.8297845125198364,0.8560193777084351
148.0,1.0,0.9149975776672363,0.08500336855649948,0.7355470657348633,0.9324998259544373,0.8940301537513733,0.9071323871612549,0.8665804266929626,0.13341949880123138,0.8098902702331543,0.9309387803077698,0.865705132484436,0.8665592670440674
148.0,2.0,0.889862060546875,0.11013811826705933,0.9292516708374023,0.9197004437446594,0.8758880496025085,0.8881744146347046,0.9262021780014038,0.07379792630672455,0.4872826039791107,0.9507217407226562,0.9057047367095947,0.9133890271186829
148.0,3.0,0.8958067893981934,0.10419326275587082,0.7470414042472839,0.9308237433433533,0.8808470964431763,0.8889772891998291,0.9305691123008728,0.06943091005086899,0.7659679055213928,0.9361928105354309,0.9090303182601929,0.9264400005340576
148.0,4.0,0.9083881378173828,0.09161198139190674,0.7041128277778625,0.9364675879478455,0.8917783498764038,0.9018034338951111,0.8468521237373352,0.15314795076847076,1.4496207237243652,0.8690279722213745,0.8305257558822632,0.8469623923301697
149.0,0.0,0.9080053567886353,0.09199462085962296,0.7029603123664856,0.9366236329078674,0.8921009302139282,0.9013823866844177,0.855800449848175,0.14419971406459808,1.4203299283981323,0.8709401488304138,0.82978355884552,0.8560185432434082
149.0,1.0,0.914996862411499,0.08500336855649948,0.7355775237083435,0.9325000047683716,0.8940314054489136,0.9071333408355713,0.8665804266929626,0.13341942429542542,0.8098634481430054,0.9309386014938354,0.8657055497169495,0.8665598630905151
149.0,2.0,0.8898622393608093,0.11013801395893097,0.9292306900024414,0.9197003841400146,0.8758905529975891,0.8881745338439941,0.9262021780014038,0.07379788905382156,0.48727908730506897,0.9507213830947876,0.9057075381278992,0.9133888483047485
149.0,3.0,0.8958062529563904,0.10419310629367828,0.7470170259475708,0.9308234453201294,0.8808528184890747,0.8889787197113037,0.9305695295333862,0.0694308876991272,0.7660300135612488,0.9361927509307861,0.9090321660041809,0.9264405369758606
149.0,4.0,0.9083884358406067,0.09161203354597092,0.7041405439376831,0.9364675879478455,0.8917754888534546,0.9018029570579529,0.8468518257141113,0.1531478762626648,1.4496114253997803,0.869027853012085,0.8305235505104065,0.8469621539115906
150.0,0.0,0.908004879951477,0.09199467301368713,0.7029930949211121,0.9366242289543152,0.8920989036560059,0.9013830423355103,0.8558000922203064,0.1441996991634369,1.420422077178955,0.8709397912025452,0.8297811150550842,0.8560193181037903
150.0,1.0,0.9149973392486572,0.08500325679779053,0.7355719208717346,0.9325002431869507,0.8940299153327942,0.9071328639984131,0.8665802478790283,0.13341933488845825,0.809856116771698,0.9309393763542175,0.8657010793685913,0.8665598630905151
150.0,2.0,0.8898623585700989,0.11013800650835037,0.9292802214622498,0.9197003841400146,0.8758857846260071,0.888174295425415,0.926202118396759,0.07379782944917679,0.48729407787323,0.9507222771644592,0.9057070016860962,0.9133880138397217
150.0,3.0,0.895807683467865,0.1041930541396141,0.7470155954360962,0.9308237433433533,0.8808523416519165,0.8889778256416321,0.930569052696228,0.0694308653473854,0.7660278677940369,0.93619304895401,0.909031867980957,0.9264403581619263
150.0,4.0,0.908388614654541,0.09161201864480972,0.7041354179382324,0.9364668130874634,0.8917757868766785,0.9018027186393738,0.8468517661094666,0.1531478613615036,1.449619174003601,0.8690282106399536,0.8305236101150513,0.8469618558883667
151.0,0.0,0.9080066084861755,0.09199456125497818,0.7029953002929688,0.9366243481636047,0.8920981884002686,0.9013833999633789,0.8558005094528198,0.14419956505298615,1.4203734397888184,0.8709401488304138,0.8297817707061768,0.8560197949409485
151.0,1.0,0.9149982333183289,0.08500329405069351,0.7355735898017883,0.9324994087219238,0.8940293192863464,0.9071323871612549,0.8665806651115417,0.13341937959194183,0.8098455667495728,0.9309394955635071,0.8657020926475525,0.8665605783462524
151.0,2.0,0.889862060546875,0.1101379245519638,0.9292434453964233,0.9197002649307251,0.8758864998817444,0.8881734609603882,0.9262018799781799,0.07379784435033798,0.4873078763484955,0.9507209658622742,0.9057058095932007,0.9133882522583008
151.0,3.0,0.8958070278167725,0.1041930615901947,0.7470283508300781,0.9308246374130249,0.8808508515357971,0.888978123664856,0.9305691123008728,0.0694308653473854,0.7659990787506104,0.9361931085586548,0.9090321660041809,0.9264405965805054
151.0,4.0,0.9083884954452515,0.09161190688610077,0.7041227221488953,0.9364684224128723,0.8917770981788635,0.9018032550811768,0.8468520045280457,0.153147891163826,1.4496572017669678,0.869027853012085,0.8305222988128662,0.8469613790512085
152.0,0.0,0.9080047011375427,0.09199461340904236,0.7029861211776733,0.9366235733032227,0.8920992612838745,0.9013824462890625,0.8558003306388855,0.1441996693611145,1.4203706979751587,0.870940089225769,0.8297827839851379,0.8560200929641724
152.0,1.0,0.9149981737136841,0.08500327169895172,0.7355906963348389,0.9324991703033447,0.8940314650535583,0.9071334600448608,0.8665804862976074,0.13341937959194183,0.8098491430282593,0.9309388399124146,0.8657028675079346,0.8665601015090942
152.0,2.0,0.8898618221282959,0.110137939453125,0.9292491674423218,0.9197004437446594,0.8758858442306519,0.8881744146347046,0.9262025356292725,0.07379782944917679,0.48728933930397034,0.950721025466919,0.9057076573371887,0.9133880734443665
152.0,3.0,0.895807683467865,0.1041930615901947,0.7470309734344482,0.930824339389801,0.8808488249778748,0.8889785408973694,0.930569589138031,0.06943085789680481,0.7660000920295715,0.9361928701400757,0.9090330600738525,0.9264398813247681
152.0,4.0,0.9083881378173828,0.09161203354597092,0.7041305303573608,0.9364680647850037,0.8917750120162964,0.9018037915229797,0.8468522429466248,0.15314793586730957,1.449655532836914,0.8690279126167297,0.8305203318595886,0.8469613194465637
153.0,0.0,0.9080055356025696,0.09199443459510803,0.7029924988746643,0.9366244077682495,0.8920981884002686,0.9013840556144714,0.8558003902435303,0.1441996842622757,1.4204351902008057,0.870940089225769,0.8297841548919678,0.8560205101966858
153.0,1.0,0.9149975776672363,0.08500329405069351,0.7355709671974182,0.9324994087219238,0.8940309882164001,0.9071327447891235,0.8665804862976074,0.13341936469078064,0.8098494410514832,0.9309389591217041,0.8657025098800659,0.8665597438812256
153.0,2.0,0.8898621201515198,0.11013800650835037,0.9292686581611633,0.9197008013725281,0.8758870959281921,0.888174295425415,0.9262023568153381,0.07379785180091858,0.487293004989624,0.9507213830947876,0.9057070016860962,0.9133881330490112
153.0,3.0,0.8958072662353516,0.10419310629367828,0.7470271587371826,0.9308235049247742,0.8808509111404419,0.8889786005020142,0.9305695295333862,0.06943084299564362,0.7660000920295715,0.93619304895401,0.9090306162834167,0.9264401197433472
153.0,4.0,0.9083885550498962,0.09161201864480972,0.7041342854499817,0.9364683032035828,0.8917751312255859,0.9018030762672424,0.8468520045280457,0.15314795076847076,1.4496629238128662,0.8690279722213745,0.830523669719696,0.8469623923301697
154.0,0.0,0.9080064296722412,0.09199454635381699,0.7029930949211121,0.9366241097450256,0.8920977115631104,0.9013839960098267,0.8558005690574646,0.1441996693611145,1.4203293323516846,0.8709398508071899,0.8297820687294006,0.8560201525688171
154.0,1.0,0.9149968028068542,0.08500325679779053,0.7355698943138123,0.9324995279312134,0.8940296769142151,0.9071328043937683,0.8665802478790283,0.13341936469078064,0.8098768591880798,0.9309388399124146,0.8657020330429077,0.8665601015090942
154.0,2.0,0.8898625373840332,0.11013806611299515,0.9292652010917664,0.9197013974189758,0.8758880496025085,0.8881745338439941,0.9262018203735352,0.07379783689975739,0.48729246854782104,0.9507215619087219,0.9057074189186096,0.9133884906768799
154.0,3.0,0.8958075046539307,0.10419297963380814,0.7470300197601318,0.9308243989944458,0.880850076675415,0.8889780640602112,0.9305694103240967,0.0694308802485466,0.7660101652145386,0.9361933469772339,0.9090335965156555,0.9264400601387024
154.0,4.0,0.9083887338638306,0.09161201864480972,0.704118549823761,0.9364685416221619,0.8917760252952576,0.9018032550811768,0.8468521237373352,0.1531478613615036,1.4496341943740845,0.8690280318260193,0.8305234909057617,0.8469621539115906
155.0,0.0,0.90800541639328,0.09199461340904236,0.7029845118522644,0.9366238713264465,0.8921000957489014,0.9013835191726685,0.8558002710342407,0.1441996693611145,1.420377492904663,0.870940089225769,0.8297823071479797,0.8560208082199097
155.0,1.0,0.9149971008300781,0.08500329405069351,0.7355841398239136,0.9324995875358582,0.8940300345420837,0.907132089138031,0.8665809631347656,0.13341934978961945,0.80986487865448,0.9309386610984802,0.8657025098800659,0.8665604591369629
155.0,2.0,0.8898618221282959,0.11013790220022202,0.9292631149291992,0.9197009801864624,0.8758883476257324,0.888174295425415,0.9262020587921143,0.07379783689975739,0.4872998595237732,0.9507213234901428,0.9057086706161499,0.9133891463279724
155.0,3.0,0.8958077430725098,0.10419303923845291,0.7470104694366455,0.9308235049247742,0.8808485865592957,0.8889785408973694,0.9305689930915833,0.0694308876991272,0.765980064868927,0.9361928105354309,0.9090315699577332,0.9264400601387024
155.0,4.0,0.9083886742591858,0.09161192178726196,0.7041165828704834,0.9364673495292664,0.8917757272720337,0.9018027782440186,0.8468520641326904,0.15314790606498718,1.4495803117752075,0.869027853012085,0.8305238485336304,0.8469620943069458
156.0,0.0,0.9080055356025696,0.09199447184801102,0.7030001878738403,0.9366245865821838,0.8920968770980835,0.9013828635215759,0.8558001518249512,0.14419972896575928,1.420379877090454,0.8709399700164795,0.8297793865203857,0.8560194969177246
156.0,1.0,0.9149972796440125,0.08500327169895172,0.7355930805206299,0.9324992895126343,0.8940313458442688,0.9071320295333862,0.866580605506897,0.1334192305803299,0.8098276257514954,0.9309386014938354,0.8657014966011047,0.8665608167648315
156.0,2.0,0.8898619413375854,0.11013800650835037,0.9292430877685547,0.9197008609771729,0.8758877515792847,0.8881734609603882,0.9262019991874695,0.0737978145480156,0.4873027801513672,0.950721025466919,0.9057075381278992,0.9133882522583008
156.0,3.0,0.8958072662353516,0.10419295728206635,0.7470130324363708,0.9308235049247742,0.8808496594429016,0.888978123664856,0.930569052696228,0.069430872797966,0.7660055160522461,0.9361929893493652,0.9090330004692078,0.9264403581619263
156.0,4.0,0.9083890318870544,0.09161202609539032,0.7041354179382324,0.9364679455757141,0.8917762041091919,0.9018033742904663,0.8468520045280457,0.15314792096614838,1.4496171474456787,0.869027853012085,0.8305199146270752,0.846961498260498
157.0,0.0,0.9080058336257935,0.09199455380439758,0.7029870748519897,0.9366246461868286,0.8920984268188477,0.9013839364051819,0.855800449848175,0.14419963955879211,1.4203107357025146,0.870940089225769,0.8297799229621887,0.8560199737548828
157.0,1.0,0.9149970412254333,0.08500329405069351,0.735592246055603,0.9325002431869507,0.8940304517745972,0.9071332216262817,0.8665806651115417,0.1334194391965866,0.8098403215408325,0.9309387803077698,0.865702211856842,0.8665596842765808
157.0,2.0,0.8898621201515198,0.11013788729906082,0.9292516708374023,0.9197012186050415,0.8758866190910339,0.8881741166114807,0.926202118396759,0.07379783689975739,0.4872911870479584,0.950721263885498,0.9057066440582275,0.9133887887001038
157.0,3.0,0.8958061933517456,0.10419310629367828,0.74702388048172,0.9308236837387085,0.8808507323265076,0.8889777064323425,0.9305692911148071,0.0694308876991272,0.7660004496574402,0.9361929297447205,0.9090332388877869,0.9264398813247681
157.0,4.0,0.9083890318870544,0.09161195158958435,0.7041309475898743,0.9364679455757141,0.8917750120162964,0.9018037915229797,0.8468518853187561,0.15314792096614838,1.4496136903762817,0.8690279722213745,0.8305236101150513,0.8469624519348145
158.0,0.0,0.90800541639328,0.09199447184801102,0.7029945850372314,0.9366232752799988,0.8920981884002686,0.9013831615447998,0.8558003306388855,0.14419963955879211,1.4204246997833252,0.8709402084350586,0.8297820091247559,0.8560200929641724
158.0,1.0,0.9149969816207886,0.08500336855649948,0.735582172870636,0.9324997663497925,0.8940297365188599,0.9071332216262817,0.8665807247161865,0.13341931998729706,0.8098506331443787,0.9309390187263489,0.8657010197639465,0.8665599822998047
158.0,2.0,0.8898619413375854,0.11013796180486679,0.929232656955719,0.9197008013725281,0.8758876323699951,0.8881751298904419,0.9262025952339172,0.07379784435033798,0.48729458451271057,0.9507213234901428,0.9057084321975708,0.9133883118629456
158.0,3.0,0.8958069086074829,0.10419300198554993,0.7470201849937439,0.9308233261108398,0.880851149559021,0.8889782428741455,0.9305696487426758,0.06943085789680481,0.7660142183303833,0.9361931085586548,0.9090322256088257,0.9264399409294128
158.0,4.0,0.9083878993988037,0.09161192178726196,0.7041303515434265,0.9364683032035828,0.8917767405509949,0.9018036127090454,0.8468520045280457,0.15314792096614838,1.4496651887893677,0.8690279722213745,0.8305236101150513,0.846962034702301
159.0,0.0,0.9080069065093994,0.09199456870555878,0.702994704246521,0.936623752117157,0.8920976519584656,0.9013835191726685,0.8558005094528198,0.14419955015182495,1.4203970432281494,0.8709401488304138,0.8297829627990723,0.8560207486152649
159.0,1.0,0.9149969816207886,0.08500327169895172,0.7355814576148987,0.9324994087219238,0.8940300345420837,0.9071336984634399,0.8665802478790283,0.13341936469078064,0.8098620176315308,0.9309391975402832,0.8657011389732361,0.8665598034858704
159.0,2.0,0.8898624777793884,0.11013799160718918,0.9292356967926025,0.9197008609771729,0.8758887052536011,0.8881745338439941,0.9262018799781799,0.073797807097435,0.48728883266448975,0.9507215619087219,0.9057056307792664,0.9133870005607605
159.0,3.0,0.8958066701889038,0.1041930615901947,0.7470378279685974,0.9308245182037354,0.8808523416519165,0.8889783620834351,0.9305691123008728,0.0694308802485466,0.766003429889679,0.9361927509307861,0.9090314507484436,0.9264400005340576
159.0,4.0,0.9083883762359619,0.09161203354597092,0.7041215300559998,0.936467707157135,0.8917750120162964,0.9018034934997559,0.8468521237373352,0.153147891163826,1.449623703956604,0.8690279722213745,0.8305237293243408,0.8469621539115906
160.0,0.0,0.9080063104629517,0.09199457615613937,0.7029813528060913,0.9366233944892883,0.8920992016792297,0.9013832211494446,0.8558005690574646,0.14419959485530853,1.4203293323516846,0.870940089225769,0.8297820687294006,0.8560190200805664
160.0,1.0,0.914996325969696,0.08500324189662933,0.7355839014053345,0.932499885559082,0.8940299153327942,0.9071328639984131,0.8665803074836731,0.13341936469078064,0.809855043888092,0.9309390783309937,0.8657005429267883,0.8665597438812256
160.0,2.0,0.8898623585700989,0.11013788729906082,0.9292323589324951,0.9197008609771729,0.8758864998817444,0.8881747126579285,0.9262027740478516,0.07379783689975739,0.4872931241989136,0.9507215619087219,0.9057083129882812,0.9133880734443665
160.0,3.0,0.8958070278167725,0.1041930615901947,0.7470335364341736,0.9308236837387085,0.8808515667915344,0.8889774680137634,0.9305689930915833,0.0694308653473854,0.7659856081008911,0.9361932873725891,0.9090318083763123,0.9264400005340576
160.0,4.0,0.9083886742591858,0.09161197394132614,0.7041298747062683,0.9364670515060425,0.8917766809463501,0.9018036723136902,0.8468518853187561,0.15314799547195435,1.4496668577194214,0.8690279126167297,0.8305269479751587,0.8469616174697876
161.0,0.0,0.9080058932304382,0.0919945016503334,0.7029914259910583,0.9366245865821838,0.8920993208885193,0.9013838768005371,0.8558006882667542,0.14419962465763092,1.4202799797058105,0.870940089225769,0.829786479473114,0.8560211658477783
161.0,1.0,0.9149975776672363,0.0850033164024353,0.7355768084526062,0.9324994087219238,0.8940290808677673,0.9071325659751892,0.8665804266929626,0.13341933488845825,0.8098706603050232,0.930938720703125,0.8657058477401733,0.866560161113739
161.0,2.0,0.8898619413375854,0.1101379245519638,0.9292468428611755,0.9197008013725281,0.875889003276825,0.8881747126579285,0.9262025356292725,0.07379784435033798,0.4872799515724182,0.9507215023040771,0.9057068228721619,0.9133879542350769
161.0,3.0,0.8958074450492859,0.10419303923845291,0.7470164895057678,0.9308239221572876,0.8808515071868896,0.8889785408973694,0.9305698871612549,0.06943085789680481,0.7660192847251892,0.9361931085586548,0.9090328812599182,0.9264405965805054
161.0,4.0,0.9083892703056335,0.09161210060119629,0.704131543636322,0.9364673495292664,0.8917770981788635,0.9018035531044006,0.8468520641326904,0.153147891163826,1.4496643543243408,0.8690279722213745,0.8305256962776184,0.8469622135162354
162.0,0.0,0.9080060124397278,0.09199464321136475,0.702987551689148,0.9366238713264465,0.8920978307723999,0.9013835787773132,0.8558003902435303,0.14419971406459808,1.4203022718429565,0.8709401488304138,0.8297808170318604,0.8560189008712769
162.0,1.0,0.9149970412254333,0.08500320464372635,0.7355876564979553,0.9325003623962402,0.8940296769142151,0.907132625579834,0.8665803074836731,0.13341937959194183,0.8098633885383606,0.9309390783309937,0.8657000660896301,0.8665601015090942
162.0,2.0,0.8898617029190063,0.110137939453125,0.9292713403701782,0.9197003841400146,0.8758856654167175,0.8881744146347046,0.9262022972106934,0.07379787415266037,0.48727431893348694,0.950721025466919,0.9057081937789917,0.9133887887001038
162.0,3.0,0.8958075642585754,0.10419303923845291,0.7470160126686096,0.9308233261108398,0.8808520436286926,0.8889782428741455,0.9305694103240967,0.0694308802485466,0.7660053372383118,0.9361926913261414,0.9090324640274048,0.9264407753944397
162.0,4.0,0.9083877205848694,0.09161203354597092,0.7041256427764893,0.9364674091339111,0.8917748928070068,0.9018032550811768,0.8468518853187561,0.15314790606498718,1.4496229887008667,0.8690282702445984,0.8305221199989319,0.846961259841919
163.0,0.0,0.9080058932304382,0.09199458360671997,0.7030009627342224,0.9366239309310913,0.8920997381210327,0.9013831615447998,0.8558003902435303,0.14419962465763092,1.4203464984893799,0.8709399104118347,0.8297838568687439,0.8560200929641724
163.0,1.0,0.9149966239929199,0.08500328660011292,0.7355815768241882,0.9325002431869507,0.8940316438674927,0.9071325063705444,0.8665807843208313,0.13341930508613586,0.8098462820053101,0.9309386610984802,0.8657012581825256,0.8665597438812256
163.0,2.0,0.8898618221282959,0.11013806611299515,0.9292545914649963,0.9197009801864624,0.875887930393219,0.8881741166114807,0.9262022972106934,0.07379785925149918,0.4872913360595703,0.9507218599319458,0.9057053327560425,0.9133880138397217
163.0,3.0,0.8958073258399963,0.10419300198554993,0.7470325827598572,0.9308231472969055,0.8808498382568359,0.8889784812927246,0.9305693507194519,0.06943083554506302,0.7660000920295715,0.9361926913261414,0.9090307950973511,0.9264402985572815
163.0,4.0,0.9083888530731201,0.09161203354597092,0.7041268348693848,0.9364669919013977,0.8917759656906128,0.9018033146858215,0.8468517661094666,0.15314790606498718,1.44962739944458,0.8690277338027954,0.8305268883705139,0.8469634056091309
164.0,0.0,0.9080049991607666,0.0919945016503334,0.7029985189437866,0.9366241693496704,0.8920997977256775,0.9013833403587341,0.8558003306388855,0.1441996991634369,1.4203823804855347,0.8709402680397034,0.829779863357544,0.8560200333595276
164.0,1.0,0.9149972796440125,0.08500327169895172,0.7355746626853943,0.9325002431869507,0.8940304517745972,0.9071332812309265,0.8665803670883179,0.13341933488845825,0.8098478317260742,0.9309390187263489,0.8656988739967346,0.866560161113739
164.0,2.0,0.889862060546875,0.110137939453125,0.9292399883270264,0.9197008609771729,0.8758864998817444,0.8881746530532837,0.9262022972106934,0.07379788905382156,0.487278550863266,0.9507220387458801,0.9057061076164246,0.9133877754211426
164.0,3.0,0.8958083987236023,0.10419298708438873,0.7470221519470215,0.930823028087616,0.8808498382568359,0.8889782428741455,0.9305687546730042,0.06943090260028839,0.7659980654716492,0.9361927509307861,0.9090310335159302,0.9264405369758606
164.0,4.0,0.9083887338638306,0.09161195904016495,0.7041282057762146,0.9364674091339111,0.8917774558067322,0.9018037915229797,0.8468520045280457,0.15314798057079315,1.4496417045593262,0.8690279722213745,0.8305256366729736,0.8469624519348145
165.0,0.0,0.9080056548118591,0.09199458360671997,0.7029992938041687,0.9366239309310913,0.8920985460281372,0.9013833403587341,0.8558003306388855,0.1441996693611145,1.4202845096588135,0.8709402680397034,0.8297775387763977,0.8560190796852112
165.0,1.0,0.9149969816207886,0.08500325679779053,0.7355751991271973,0.9324994087219238,0.8940306305885315,0.907132625579834,0.8665803670883179,0.13341934978961945,0.8098773956298828,0.9309393763542175,0.8656993508338928,0.8665598630905151
165.0,2.0,0.8898621201515198,0.110137939453125,0.9292485117912292,0.919700562953949,0.8758869171142578,0.8881747126579285,0.9262023568153381,0.07379783689975739,0.48729386925697327,0.9507213830947876,0.9057086706161499,0.9133880734443665
165.0,3.0,0.8958081007003784,0.1041930764913559,0.7470251321792603,0.9308236837387085,0.8808515071868896,0.8889785408973694,0.9305688142776489,0.0694308802485466,0.7659887075424194,0.9361934065818787,0.9090311527252197,0.9264400601387024
165.0,4.0,0.9083890318870544,0.09161201119422913,0.7041344046592712,0.9364669322967529,0.8917761445045471,0.9018035531044006,0.8468520641326904,0.15314801037311554,1.4495985507965088,0.8690280318260193,0.8305248022079468,0.8469613194465637
166.0,0.0,0.9080058932304382,0.09199447184801102,0.7029919028282166,0.9366235136985779,0.892098069190979,0.9013829231262207,0.8558003902435303,0.14419960975646973,1.4204188585281372,0.8709399700164795,0.8297877907752991,0.8560208678245544
166.0,1.0,0.9149968028068542,0.0850033089518547,0.7355746030807495,0.9324994087219238,0.8940294981002808,0.9071319103240967,0.8665802478790283,0.13341933488845825,0.8098521828651428,0.9309391975402832,0.8657010197639465,0.8665594458580017
166.0,2.0,0.8898622393608093,0.11013796180486679,0.929245114326477,0.9197013974189758,0.875888466835022,0.888174831867218,0.9262020587921143,0.07379784435033798,0.4872802793979645,0.9507220387458801,0.9057063460350037,0.9133882522583008
166.0,3.0,0.8958072662353516,0.10419311374425888,0.747025728225708,0.930823564529419,0.8808520436286926,0.8889777064323425,0.9305692315101624,0.069430872797966,0.7659880518913269,0.9361926913261414,0.9090312123298645,0.9264401793479919
166.0,4.0,0.9083877801895142,0.0916120633482933,0.70411616563797,0.9364681839942932,0.8917780518531799,0.9018044471740723,0.8468520045280457,0.1531478762626648,1.4496763944625854,0.8690283298492432,0.8305233716964722,0.8469626307487488
167.0,0.0,0.90800541639328,0.09199455380439758,0.7029929757118225,0.9366233348846436,0.892098605632782,0.9013829231262207,0.855800449848175,0.1441996544599533,1.4202959537506104,0.8709402084350586,0.829786479473114,0.8560206890106201
167.0,1.0,0.9149965643882751,0.08500327169895172,0.7355796694755554,0.9324986934661865,0.8940314054489136,0.9071325063705444,0.8665806651115417,0.13341933488845825,0.8098881840705872,0.9309387803077698,0.8657034635543823,0.8665596842765808
167.0,2.0,0.8898626565933228,0.11013802886009216,0.9292682409286499,0.9197008609771729,0.8758888840675354,0.8881738185882568,0.9262025356292725,0.07379788905382156,0.4873031675815582,0.9507216215133667,0.9057083129882812,0.9133883714675903
167.0,3.0,0.8958070278167725,0.10419310629367828,0.7470190525054932,0.9308232665061951,0.8808500170707703,0.8889774084091187,0.9305696487426758,0.06943082809448242,0.7659775614738464,0.9361931085586548,0.909031093120575,0.9264401793479919
167.0,4.0,0.9083893895149231,0.09161195904016495,0.7041198015213013,0.9364669919013977,0.8917748332023621,0.9018031358718872,0.8468519449234009,0.15314790606498718,1.4496318101882935,0.8690279722213745,0.8305234313011169,0.8469624519348145
168.0,0.0,0.9080053567886353,0.09199453890323639,0.7029975056648254,0.9366236329078674,0.8920995593070984,0.9013834595680237,0.8558000326156616,0.1441996991634369,1.4203824996948242,0.8709399700164795,0.8297795653343201,0.856019139289856
168.0,1.0,0.9149963855743408,0.08500325679779053,0.7355784177780151,0.9324994087219238,0.8940309882164001,0.9071321487426758,0.8665804862976074,0.13341937959194183,0.8098447322845459,0.9309384822845459,0.8656997084617615,0.8665605187416077
168.0,2.0,0.8898621201515198,0.11013808101415634,0.9292588233947754,0.9197012782096863,0.8758867979049683,0.8881739974021912,0.9262021780014038,0.07379785925149918,0.4872957468032837,0.9507210850715637,0.9057064056396484,0.913388729095459
168.0,3.0,0.8958069086074829,0.10419310629367828,0.7470225691795349,0.9308236837387085,0.8808521628379822,0.8889778852462769,0.9305694103240967,0.0694308653473854,0.7659894824028015,0.9361929297447205,0.9090332984924316,0.9264400601387024
168.0,4.0,0.9083884954452515,0.09161203354597092,0.7041381597518921,0.9364679455757141,0.8917760848999023,0.9018032550811768,0.8468520641326904,0.15314799547195435,1.4496798515319824,0.8690279722213745,0.8305198550224304,0.846961498260498
169.0,0.0,0.9080064296722412,0.09199461340904236,0.7029924988746643,0.9366238117218018,0.8921006917953491,0.9013832211494446,0.8558003306388855,0.14419971406459808,1.420320987701416,0.8709401488304138,0.8297892212867737,0.8560216426849365
169.0,1.0,0.9149966239929199,0.08500325679779053,0.7355735898017883,0.9324992895126343,0.8940311670303345,0.9071325659751892,0.8665806651115417,0.13341927528381348,0.8098598122596741,0.9309391975402832,0.8657042384147644,0.866559624671936
169.0,2.0,0.8898621201515198,0.11013797670602798,0.9292508959770203,0.919701099395752,0.8758881688117981,0.8881742358207703,0.926202118396759,0.07379782944917679,0.48730674386024475,0.9507213234901428,0.905707836151123,0.9133890271186829
169.0,3.0,0.8958068490028381,0.1041930541396141,0.7470219135284424,0.9308233261108398,0.8808508515357971,0.8889778852462769,0.9305692315101624,0.0694308876991272,0.766008734703064,0.9361929297447205,0.9090306758880615,0.9264405369758606
169.0,4.0,0.9083883166313171,0.09161201864480972,0.704129695892334,0.9364678859710693,0.8917751312255859,0.9018042087554932,0.8468520641326904,0.15314795076847076,1.4496791362762451,0.8690279722213745,0.8305211663246155,0.8469619154930115
170.0,0.0,0.9080056548118591,0.09199454635381699,0.7029889225959778,0.9366236329078674,0.8920993208885193,0.9013835787773132,0.855800211429596,0.14419962465763092,1.420302152633667,0.870940089225769,0.8297861814498901,0.8560203313827515
170.0,1.0,0.9149981737136841,0.0850033164024353,0.7355897426605225,0.9324996471405029,0.8940306305885315,0.9071340560913086,0.866580605506897,0.13341933488845825,0.8098542094230652,0.9309389591217041,0.8657041788101196,0.8665601015090942
170.0,2.0,0.8898627758026123,0.1101379543542862,0.9292579293251038,0.919700562953949,0.8758878707885742,0.8881741166114807,0.9262024164199829,0.07379785925149918,0.48729225993156433,0.9507215619087219,0.905707061290741,0.9133883118629456
170.0,3.0,0.8958070874214172,0.10419303923845291,0.7470110058784485,0.9308241009712219,0.8808505535125732,0.8889786005020142,0.9305693507194519,0.069430872797966,0.766006588935852,0.9361934065818787,0.909031331539154,0.9264401197433472
170.0,4.0,0.9083889722824097,0.09161194413900375,0.7041140794754028,0.9364672899246216,0.8917760848999023,0.9018033742904663,0.84685218334198,0.153147891163826,1.449649453163147,0.869027853012085,0.830527126789093,0.8469614386558533
171.0,0.0,0.9080056548118591,0.09199456125497818,0.70298171043396,0.9366243481636047,0.8920979499816895,0.9013828635215759,0.855800449848175,0.1441996842622757,1.4204047918319702,0.8709404468536377,0.8297774791717529,0.8560189604759216
171.0,1.0,0.9149963855743408,0.08500326424837112,0.7355725765228271,0.9324995875358582,0.894031822681427,0.9071316719055176,0.8665808439254761,0.13341940939426422,0.8098452687263489,0.9309390187263489,0.8657005429267883,0.8665599822998047
171.0,2.0,0.889862060546875,0.110137939453125,0.9292572736740112,0.919701099395752,0.8758881688117981,0.8881744146347046,0.9262022972106934,0.07379785925149918,0.48728829622268677,0.9507218599319458,0.9057068228721619,0.9133879542350769
171.0,3.0,0.8958072662353516,0.10419297218322754,0.747020423412323,0.9308235049247742,0.8808510899543762,0.8889776468276978,0.9305689930915833,0.069430872797966,0.7660282254219055,0.9361929297447205,0.9090316891670227,0.9264401197433472
171.0,4.0,0.9083876013755798,0.09161198139190674,0.7041302919387817,0.9364673495292664,0.8917761445045471,0.9018024802207947,0.8468518853187561,0.15314793586730957,1.449649691581726,0.8690279126167297,0.830525815486908,0.846962571144104
172.0,0.0,0.9080058932304382,0.09199454635381699,0.7029990553855896,0.9366241693496704,0.892099142074585,0.9013828635215759,0.855800449848175,0.14419957995414734,1.4203733205795288,0.8709403276443481,0.829785943031311,0.8560206890106201
172.0,1.0,0.9149972200393677,0.0850033164024353,0.7355813384056091,0.9325001239776611,0.8940297365188599,0.9071325659751892,0.8665808439254761,0.13341929018497467,0.8098633885383606,0.9309384226799011,0.8657013177871704,0.8665605783462524
172.0,2.0,0.8898624777793884,0.11013805866241455,0.9292525053024292,0.919700026512146,0.8758870959281921,0.8881750702857971,0.926202118396759,0.07379785925149918,0.487290620803833,0.9507217407226562,0.9057065844535828,0.9133879542350769
172.0,3.0,0.8958068490028381,0.1041930764913559,0.7470397353172302,0.9308232665061951,0.8808509707450867,0.8889780640602112,0.9305691123008728,0.06943085044622421,0.7659679055213928,0.9361936450004578,0.9090321063995361,0.9264401197433472
172.0,4.0,0.9083879590034485,0.09161201119422913,0.7041212320327759,0.9364675283432007,0.891776978969574,0.9018040299415588,0.8468520045280457,0.153147891163826,1.449643850326538,0.8690280318260193,0.830523669719696,0.8469622731208801
173.0,0.0,0.9080060124397278,0.09199459850788116,0.7029829621315002,0.93662428855896,0.8920978903770447,0.901384174823761,0.855800449848175,0.1441996842622757,1.4203249216079712,0.8709399104118347,0.8297823071479797,0.856020450592041
173.0,1.0,0.9149965643882751,0.08500327169895172,0.7355726361274719,0.9324992895126343,0.8940314054489136,0.9071325659751892,0.8665808439254761,0.13341936469078064,0.8098345994949341,0.9309388399124146,0.8657011389732361,0.8665596842765808
173.0,2.0,0.8898616433143616,0.11013791710138321,0.9292575120925903,0.9197003841400146,0.8758864998817444,0.8881739974021912,0.9262019991874695,0.07379788905382156,0.4872722923755646,0.9507217407226562,0.9057081937789917,0.9133883118629456
173.0,3.0,0.8958077430725098,0.1041930764913559,0.7470120787620544,0.9308245182037354,0.8808506727218628,0.8889777064323425,0.9305697679519653,0.06943085789680481,0.7659829258918762,0.9361932873725891,0.909031331539154,0.926440417766571
173.0,4.0,0.9083884358406067,0.09161188453435898,0.7041234970092773,0.9364676475524902,0.8917751312255859,0.9018034934997559,0.8468519449234009,0.1531478762626648,1.4496608972549438,0.8690279722213745,0.83051997423172,0.8469609022140503
174.0,0.0,0.9080060720443726,0.09199455380439758,0.702988862991333,0.9366243481636047,0.8920994997024536,0.9013833403587341,0.8558006286621094,0.14419971406459808,1.4203574657440186,0.8709400296211243,0.8297801613807678,0.8560193181037903
174.0,1.0,0.9149975776672363,0.08500328660011292,0.7355550527572632,0.9324994087219238,0.8940297961235046,0.9071320295333862,0.8665807247161865,0.13341940939426422,0.8098874688148499,0.9309391975402832,0.865699827671051,0.8665607571601868
174.0,2.0,0.8898619413375854,0.1101379543542862,0.9292542338371277,0.9197012186050415,0.875887930393219,0.8881734609603882,0.9262023568153381,0.07379787415266037,0.48729434609413147,0.950721800327301,0.9057070016860962,0.9133886098861694
174.0,3.0,0.8958075642585754,0.10419300198554993,0.7470200657844543,0.9308241605758667,0.8808507323265076,0.8889782428741455,0.9305694103240967,0.069430872797966,0.7659719586372375,0.9361929297447205,0.9090317487716675,0.9264397025108337
174.0,4.0,0.9083884358406067,0.09161210060119629,0.7041281461715698,0.9364671111106873,0.8917750120162964,0.9018033742904663,0.84685218334198,0.1531478762626648,1.449695110321045,0.8690279722213745,0.8305199146270752,0.846961498260498
175.0,0.0,0.9080060720443726,0.09199448674917221,0.7029882669448853,0.9366243481636047,0.8920984268188477,0.9013848304748535,0.855800449848175,0.1441996693611145,1.420304775238037,0.8709403276443481,0.8297839164733887,0.8560199737548828
175.0,1.0,0.9149981737136841,0.0850033089518547,0.7355729937553406,0.9325006008148193,0.8940324187278748,0.907132625579834,0.8665804862976074,0.13341933488845825,0.8098682761192322,0.9309387803077698,0.8657018542289734,0.8665598630905151
175.0,2.0,0.8898621201515198,0.11013796180486679,0.9292541742324829,0.919701099395752,0.875886082649231,0.8881739974021912,0.9262025952339172,0.07379787415266037,0.48729002475738525,0.9507213830947876,0.905707836151123,0.9133880734443665
175.0,3.0,0.895807147026062,0.10419308394193649,0.7470170855522156,0.9308234453201294,0.8808506727218628,0.888978123664856,0.9305691123008728,0.069430872797966,0.7659887671470642,0.9361931085586548,0.909032940864563,0.9264400005340576
175.0,4.0,0.9083884954452515,0.09161190688610077,0.7041179537773132,0.9364674687385559,0.891776442527771,0.9018031358718872,0.8468518853187561,0.15314793586730957,1.4496798515319824,0.8690279126167297,0.83051997423172,0.846961498260498
176.0,0.0,0.9080057740211487,0.09199460595846176,0.7029966115951538,0.9366241097450256,0.8920987844467163,0.9013834595680237,0.8558003306388855,0.14419971406459808,1.4204148054122925,0.8709401488304138,0.8297899961471558,0.8560212850570679
176.0,1.0,0.9149966239929199,0.0850033238530159,0.7355588674545288,0.9324988126754761,0.894030749797821,0.9071338176727295,0.8665804862976074,0.13341929018497467,0.8098682761192322,0.9309390187263489,0.8657023310661316,0.8665597438812256
176.0,2.0,0.889860987663269,0.11013788729906082,0.9292592406272888,0.9197012186050415,0.8758887648582458,0.8881744146347046,0.9262021780014038,0.07379783689975739,0.48728233575820923,0.9507213830947876,0.905706524848938,0.9133872389793396
176.0,3.0,0.8958075642585754,0.10419303178787231,0.747011661529541,0.9308233261108398,0.8808509707450867,0.888978123664856,0.9305691123008728,0.06943085789680481,0.7659753561019897,0.9361935257911682,0.9090310335159302,0.9264395833015442
176.0,4.0,0.9083890914916992,0.09161202609539032,0.7041293382644653,0.9364678263664246,0.8917759656906128,0.9018036723136902,0.8468521237373352,0.15314793586730957,1.4496773481369019,0.8690277934074402,0.830523669719696,0.8469625115394592
177.0,0.0,0.9080061912536621,0.09199455380439758,0.7030003666877747,0.9366236925125122,0.892099142074585,0.9013832211494446,0.8558003902435303,0.1441996544599533,1.420344591140747,0.8709400296211243,0.8297910094261169,0.8560217022895813
177.0,1.0,0.9149970412254333,0.08500328660011292,0.7355750799179077,0.9325002431869507,0.8940311670303345,0.9071325063705444,0.8665808439254761,0.13341937959194183,0.809852123260498,0.9309387803077698,0.8657025694847107,0.8665599822998047
177.0,2.0,0.8898623585700989,0.11013796180486679,0.9292371869087219,0.9197009801864624,0.875887930393219,0.8881742358207703,0.9262021780014038,0.07379788160324097,0.48727741837501526,0.9507215619087219,0.9057063460350037,0.9133890867233276
177.0,3.0,0.8958075046539307,0.10419292002916336,0.7470221519470215,0.9308236837387085,0.8808516263961792,0.8889783024787903,0.9305692315101624,0.069430872797966,0.7660369277000427,0.936192512512207,0.909031867980957,0.9264400601387024
177.0,4.0,0.9083883762359619,0.09161198884248734,0.7041151523590088,0.9364674687385559,0.8917771577835083,0.9018033146858215,0.8468521237373352,0.153147891163826,1.4496779441833496,0.8690281510353088,0.8305290341377258,0.8469635248184204
178.0,0.0,0.9080058932304382,0.09199453145265579,0.7029858231544495,0.9366248250007629,0.8920996785163879,0.9013842940330505,0.8558003306388855,0.14419959485530853,1.420340657234192,0.8709400296211243,0.8297954201698303,0.8560225963592529
178.0,1.0,0.9149976968765259,0.0850033164024353,0.7355780601501465,0.9324991106987,0.894029438495636,0.9071329832077026,0.8665798902511597,0.13341937959194183,0.8098525404930115,0.9309387803077698,0.8657010793685913,0.866560161113739
178.0,2.0,0.8898614048957825,0.11013801395893097,0.9292612671852112,0.919700026512146,0.8758874535560608,0.8881746530532837,0.926202654838562,0.07379785925149918,0.487282395362854,0.9507220983505249,0.905708372592926,0.9133877754211426
178.0,3.0,0.895808756351471,0.10419311374425888,0.7470265626907349,0.930824339389801,0.8808515071868896,0.8889787793159485,0.9305697083473206,0.0694308653473854,0.7659872770309448,0.9361929297447205,0.909032940864563,0.9264405369758606
178.0,4.0,0.908389151096344,0.09161198884248734,0.7041207551956177,0.9364686012268066,0.8917766809463501,0.9018036127090454,0.8468519449234009,0.15314793586730957,1.4496811628341675,0.8690279722213745,0.8305214047431946,0.8469622731208801
179.0,0.0,0.9080047607421875,0.091994509100914,0.7029842734336853,0.9366241097450256,0.892099142074585,0.9013836979866028,0.8558005094528198,0.1441996842622757,1.4203720092773438,0.8709402084350586,0.8297937512397766,0.8560205101966858
179.0,1.0,0.9149982333183289,0.0850033164024353,0.7355678081512451,0.9324995875358582,0.8940312266349792,0.9071323275566101,0.8665804266929626,0.13341937959194183,0.8098665475845337,0.9309393167495728,0.8657031655311584,0.8665597438812256
179.0,2.0,0.8898622393608093,0.11013808101415634,0.9292625784873962,0.9197002649307251,0.8758877515792847,0.8881742358207703,0.9262025356292725,0.07379787415266037,0.48730042576789856,0.9507212042808533,0.9057084321975708,0.9133881330490112
179.0,3.0,0.895807683467865,0.10419313609600067,0.7470306158065796,0.9308236837387085,0.8808491826057434,0.888978123664856,0.9305691123008728,0.06943090260028839,0.7659635543823242,0.9361928701400757,0.909032940864563,0.9264404773712158
179.0,4.0,0.9083885550498962,0.09161199629306793,0.704118549823761,0.9364674687385559,0.8917752504348755,0.9018036127090454,0.8468519449234009,0.153147891163826,1.4496203660964966,0.8690279722213745,0.8305237889289856,0.8469622731208801
180.0,0.0,0.9080052971839905,0.09199456125497818,0.7029889822006226,0.9366248846054077,0.8920992016792297,0.9013822674751282,0.8558003902435303,0.1441996544599533,1.420354962348938,0.870940089225769,0.8297845721244812,0.8560212850570679
180.0,1.0,0.9149969816207886,0.08500328660011292,0.7355640530586243,0.9325002431869507,0.8940311670303345,0.9071323871612549,0.8665806651115417,0.13341931998729706,0.8098903298377991,0.9309386014938354,0.8657040596008301,0.8665595054626465
180.0,2.0,0.889862060546875,0.1101379543542862,0.9292590618133545,0.9197002649307251,0.8758875131607056,0.8881745338439941,0.926202118396759,0.07379787415266037,0.48728057742118835,0.950721263885498,0.9057066440582275,0.9133872985839844
180.0,3.0,0.8958070874214172,0.1041930764913559,0.7470181584358215,0.930823564529419,0.8808523416519165,0.8889779448509216,0.9305691719055176,0.06943090260028839,0.7659967541694641,0.9361929893493652,0.9090310335159302,0.9264400005340576
180.0,4.0,0.9083887338638306,0.09161198884248734,0.7041147351264954,0.9364665150642395,0.8917756676673889,0.9018029570579529,0.8468524217605591,0.1531478613615036,1.4496980905532837,0.869027853012085,0.8305239081382751,0.846962034702301
181.0,0.0,0.9080065488815308,0.09199453890323639,0.7029863595962524,0.9366236329078674,0.892098605632782,0.901383101940155,0.8558003306388855,0.14419963955879211,1.4202842712402344,0.8709401488304138,0.8297783136367798,0.856019914150238
181.0,1.0,0.914996325969696,0.0850033164024353,0.7355678081512451,0.932499349117279,0.8940306305885315,0.907132625579834,0.8665806651115417,0.13341937959194183,0.8098790049552917,0.9309389591217041,0.8657021522521973,0.8665603995323181
181.0,2.0,0.8898625373840332,0.11013796180486679,0.92927086353302,0.9196999669075012,0.875889003276825,0.8881739974021912,0.9262025356292725,0.07379787415266037,0.48729467391967773,0.9507212042808533,0.905706524848938,0.9133878350257874
181.0,3.0,0.8958073258399963,0.10419308394193649,0.7470253705978394,0.9308239221572876,0.8808517456054688,0.8889783024787903,0.930569052696228,0.0694308951497078,0.7660031318664551,0.9361934065818787,0.9090318083763123,0.9264402389526367
181.0,4.0,0.9083888530731201,0.09161191433668137,0.7041228413581848,0.9364680051803589,0.8917762041091919,0.9018037915229797,0.8468519449234009,0.15314793586730957,1.4496980905532837,0.8690280318260193,0.8305257558822632,0.8469628691673279
182.0,0.0,0.90800541639328,0.09199456870555878,0.702997088432312,0.9366236925125122,0.8920994400978088,0.9013832211494446,0.855800449848175,0.1441996544599533,1.4203159809112549,0.870940089225769,0.8297845125198364,0.8560205698013306
182.0,1.0,0.9149974584579468,0.08500328660011292,0.7355681657791138,0.9324991106987,0.8940322995185852,0.9071329832077026,0.8665804266929626,0.13341929018497467,0.8098612427711487,0.9309393167495728,0.8657030463218689,0.8665597438812256
182.0,2.0,0.8898626565933228,0.11013787239789963,0.9292666912078857,0.919700562953949,0.8758887648582458,0.8881750702857971,0.9262020587921143,0.0737977996468544,0.48728540539741516,0.9507213234901428,0.9057063460350037,0.9133875370025635
182.0,3.0,0.8958068490028381,0.10419300943613052,0.7470158934593201,0.9308235049247742,0.8808516263961792,0.8889786005020142,0.930569052696228,0.06943085044622421,0.7660024762153625,0.9361927509307861,0.9090326428413391,0.9264404773712158
182.0,4.0,0.9083884954452515,0.09161202609539032,0.7041175961494446,0.9364659786224365,0.8917750716209412,0.9018027186393738,0.8468519449234009,0.153147891163826,1.449661374092102,0.8690280318260193,0.8305256962776184,0.8469626307487488
183.0,0.0,0.9080058336257935,0.09199462085962296,0.7029826641082764,0.9366238713264465,0.8920998573303223,0.9013835191726685,0.8558003306388855,0.1441996693611145,1.420357584953308,0.870940089225769,0.8297881484031677,0.8560218214988708
183.0,1.0,0.9149969816207886,0.0850033089518547,0.7355478405952454,0.9325003623962402,0.8940314054489136,0.9071329832077026,0.8665801286697388,0.13341931998729706,0.8098448514938354,0.9309388399124146,0.8656998872756958,0.8665599822998047
183.0,2.0,0.8898623585700989,0.11013799160718918,0.9292437434196472,0.9197008013725281,0.8758875131607056,0.888174831867218,0.926202654838562,0.0737978145480156,0.4872887432575226,0.950721800327301,0.9057076573371887,0.9133880138397217
183.0,3.0,0.8958070874214172,0.10419303923845291,0.7470274567604065,0.9308229088783264,0.8808510899543762,0.8889780640602112,0.9305693507194519,0.06943084299564362,0.7659960985183716,0.9361927509307861,0.9090327024459839,0.9264401793479919
183.0,4.0,0.9083876013755798,0.0916120857000351,0.704111635684967,0.9364679455757141,0.8917754292488098,0.9018042087554932,0.8468519449234009,0.15314790606498718,1.449636697769165,0.8690281510353088,0.8305238485336304,0.8469622731208801
184.0,0.0,0.9080055356025696,0.09199455380439758,0.702978253364563,0.9366241693496704,0.8921000361442566,0.9013828635215759,0.8558002710342407,0.14419974386692047,1.4203490018844604,0.870940089225769,0.829785943031311,0.8560203313827515
184.0,1.0,0.9149972796440125,0.0850033164024353,0.7355612516403198,0.9324991106987,0.8940292596817017,0.9071318507194519,0.8665807247161865,0.13341936469078064,0.8098531365394592,0.9309388399124146,0.8657016158103943,0.8665603399276733
184.0,2.0,0.8898617029190063,0.11013799160718918,0.9292505979537964,0.919701099395752,0.8758888840675354,0.8881749510765076,0.9262020587921143,0.07379784435033798,0.487284392118454,0.9507208466529846,0.9057058095932007,0.9133877754211426
184.0,3.0,0.8958078622817993,0.10419303178787231,0.7470187544822693,0.9308241009712219,0.8808513283729553,0.8889772295951843,0.9305694103240967,0.0694308876991272,0.7659969925880432,0.9361929893493652,0.90903240442276,0.9264402389526367
184.0,4.0,0.9083889722824097,0.09161210060119629,0.7041193246841431,0.9364669919013977,0.8917762637138367,0.9018024802207947,0.8468520641326904,0.1531478762626648,1.4496990442276,0.8690279722213745,0.8305259943008423,0.846962571144104
185.0,0.0,0.9080063700675964,0.09199458360671997,0.7029851078987122,0.936623215675354,0.8920995593070984,0.9013830423355103,0.8558005690574646,0.1441996693611145,1.4202890396118164,0.8709402680397034,0.829788327217102,0.8560218811035156
185.0,1.0,0.9149962663650513,0.0850033089518547,0.7355729937553406,0.9325006008148193,0.8940311670303345,0.907133936882019,0.8665804862976074,0.13341930508613586,0.8098559379577637,0.9309389591217041,0.8657019734382629,0.8665598034858704
185.0,2.0,0.8898621201515198,0.1101379245519638,0.9292622804641724,0.9197012782096863,0.8758883476257324,0.888174831867218,0.9262017607688904,0.07379785925149918,0.4872756600379944,0.9507206082344055,0.905708372592926,0.9133875370025635
185.0,3.0,0.8958074450492859,0.10419302433729172,0.747028112411499,0.9308237433433533,0.8808513283729553,0.8889776468276978,0.9305693507194519,0.06943090260028839,0.7659940719604492,0.93619304895401,0.9090331792831421,0.9264400601387024
185.0,4.0,0.908389151096344,0.09161195158958435,0.7041162848472595,0.9364676475524902,0.8917778730392456,0.9018036127090454,0.8468519449234009,0.15314796566963196,1.4496806859970093,0.8690279126167297,0.8305248022079468,0.846961259841919
186.0,0.0,0.9080057740211487,0.09199456870555878,0.7029959559440613,0.936623215675354,0.8920992016792297,0.9013828039169312,0.855800449848175,0.1441996842622757,1.420360803604126,0.8709399700164795,0.8297813534736633,0.8560203909873962
186.0,1.0,0.9149979948997498,0.08500328660011292,0.7355626821517944,0.9324995875358582,0.8940312266349792,0.9071320295333862,0.866580605506897,0.13341927528381348,0.8098605275154114,0.9309384822845459,0.8657014966011047,0.8665594458580017
186.0,2.0,0.889862060546875,0.11013797670602798,0.9292426705360413,0.9197002649307251,0.8758880496025085,0.8881747126579285,0.9262019991874695,0.07379787415266037,0.4872801601886749,0.9507215023040771,0.9057086706161499,0.9133880734443665
186.0,3.0,0.8958075642585754,0.10419308394193649,0.7470188140869141,0.9308239221572876,0.880852222442627,0.8889778256416321,0.9305691123008728,0.0694308876991272,0.7659826278686523,0.9361929297447205,0.9090316891670227,0.9264400601387024
186.0,4.0,0.9083881378173828,0.0916120633482933,0.7041128277778625,0.9364681243896484,0.8917762637138367,0.9018034338951111,0.8468520641326904,0.153147891163826,1.4496394395828247,0.8690277934074402,0.83051997423172,0.8469614386558533
187.0,0.0,0.9080068469047546,0.09199448674917221,0.7029784917831421,0.93662428855896,0.8920982480049133,0.9013833403587341,0.855800449848175,0.1441996991634369,1.4203869104385376,0.8709403872489929,0.8297869563102722,0.8560200333595276
187.0,1.0,0.9149968028068542,0.08500325679779053,0.7355688214302063,0.9325001239776611,0.8940306901931763,0.907132625579834,0.866580605506897,0.13341939449310303,0.8098556995391846,0.9309390187263489,0.8657020926475525,0.8665603995323181
187.0,2.0,0.8898619413375854,0.11013796180486679,0.929258406162262,0.9197008609771729,0.8758856654167175,0.888174295425415,0.9262022972106934,0.07379785925149918,0.4872802793979645,0.9507215023040771,0.9057079553604126,0.9133871793746948
187.0,3.0,0.8958067893981934,0.10419303178787231,0.7470242977142334,0.9308233261108398,0.8808496594429016,0.8889778852462769,0.9305692911148071,0.0694308951497078,0.7659903764724731,0.9361929297447205,0.9090344309806824,0.9264405965805054
187.0,4.0,0.9083885550498962,0.09161202609539032,0.704129695892334,0.9364670515060425,0.8917757272720337,0.9018037915229797,0.8468519449234009,0.1531478762626648,1.4496625661849976,0.8690279722213745,0.8305198550224304,0.8469613790512085
188.0,0.0,0.9080063104629517,0.09199464321136475,0.7030006051063538,0.936623752117157,0.8920990824699402,0.9013839364051819,0.8558005094528198,0.1441996991634369,1.4203437566757202,0.8709401488304138,0.8297858238220215,0.8560203909873962
188.0,1.0,0.9149972796440125,0.08500325679779053,0.7355688214302063,0.9324988126754761,0.8940312266349792,0.9071325063705444,0.8665807843208313,0.13341933488845825,0.8098764419555664,0.9309386014938354,0.8657010197639465,0.8665601015090942
188.0,2.0,0.8898624777793884,0.11013797670602798,0.9292585253715515,0.9197006821632385,0.8758877515792847,0.8881745338439941,0.9262024164199829,0.07379791140556335,0.48727235198020935,0.9507217407226562,0.9057076573371887,0.9133880734443665
188.0,3.0,0.8958070874214172,0.10419311374425888,0.7470229864120483,0.9308229088783264,0.880852222442627,0.8889782428741455,0.9305689930915833,0.06943085789680481,0.7660217881202698,0.9361931085586548,0.909033477306366,0.9264400005340576
188.0,4.0,0.9083877801895142,0.09161202609539032,0.7041135430335999,0.9364679455757141,0.8917758464813232,0.9018033146858215,0.8468517661094666,0.15314792096614838,1.4496650695800781,0.8690280318260193,0.8305235505104065,0.8469622135162354
189.0,0.0,0.9080057144165039,0.09199456125497818,0.7030002474784851,0.9366241097450256,0.8920994400978088,0.9013834595680237,0.8558005094528198,0.1441996544599533,1.4202607870101929,0.8709399104118347,0.8297951221466064,0.8560215830802917
189.0,1.0,0.914997935295105,0.0850033164024353,0.735572338104248,0.9324997663497925,0.8940325379371643,0.9071327447891235,0.8665804862976074,0.13341930508613586,0.809853732585907,0.9309388399124146,0.8657035827636719,0.8665597438812256
189.0,2.0,0.8898617029190063,0.11013800650835037,0.9292476773262024,0.9197008609771729,0.8758882880210876,0.888174295425415,0.9262024164199829,0.07379784435033798,0.48727285861968994,0.9507215023040771,0.9057078957557678,0.9133877158164978
189.0,3.0,0.8958066701889038,0.10419308394193649,0.7470217347145081,0.9308241009712219,0.8808506727218628,0.8889784812927246,0.9305689930915833,0.06943083554506302,0.7659908533096313,0.9361928701400757,0.9090318083763123,0.9264400601387024
189.0,4.0,0.9083887338638306,0.09161198884248734,0.7041165828704834,0.936467707157135,0.8917757868766785,0.9018027186393738,0.8468520641326904,0.1531478762626648,1.4496721029281616,0.8690279722213745,0.83051997423172,0.8469610810279846
190.0,0.0,0.9080057740211487,0.0919945165514946,0.7029731273651123,0.93662428855896,0.8920995593070984,0.9013830423355103,0.8558003902435303,0.14419971406459808,1.4203766584396362,0.8709401488304138,0.8297919631004333,0.8560210466384888
190.0,1.0,0.9149970412254333,0.08500322699546814,0.7355626821517944,0.9325003027915955,0.8940317034721375,0.9071328639984131,0.8665804862976074,0.13341937959194183,0.8098657727241516,0.9309390187263489,0.8657011389732361,0.8665597438812256
190.0,2.0,0.8898616433143616,0.11013797670602798,0.929238498210907,0.919700562953949,0.8758882880210876,0.8881750702857971,0.926202654838562,0.07379785925149918,0.48726293444633484,0.9507213234901428,0.9057068228721619,0.9133877754211426
190.0,3.0,0.8958067893981934,0.10419297963380814,0.7470170259475708,0.9308233261108398,0.8808504343032837,0.8889790177345276,0.9305691719055176,0.069430872797966,0.7659773826599121,0.9361927509307861,0.9090322852134705,0.9264405965805054
190.0,4.0,0.9083886742591858,0.09161214530467987,0.7041206955909729,0.936467170715332,0.8917769193649292,0.9018033146858215,0.8468520641326904,0.15314795076847076,1.449680209159851,0.869027853012085,0.8305267095565796,0.8469628691673279
191.0,0.0,0.9080057144165039,0.09199444949626923,0.7029849290847778,0.9366243481636047,0.8920995593070984,0.9013835787773132,0.8558005094528198,0.14419963955879211,1.4203258752822876,0.8709401488304138,0.8297930359840393,0.8560215830802917
191.0,1.0,0.9149970412254333,0.08500329405069351,0.7355683445930481,0.9324995279312134,0.8940315842628479,0.9071332812309265,0.8665806651115417,0.13341934978961945,0.8098719716072083,0.9309394359588623,0.8657010793685913,0.8665603399276733
191.0,2.0,0.8898621201515198,0.1101379543542862,0.9292553067207336,0.919700562953949,0.8758866786956787,0.888174295425415,0.9262018203735352,0.07379786670207977,0.48727086186408997,0.950721263885498,0.905705988407135,0.9133872985839844
191.0,3.0,0.8958060145378113,0.10419312864542007,0.747024416923523,0.9308235049247742,0.8808497190475464,0.8889779448509216,0.9305694103240967,0.069430872797966,0.7659958600997925,0.9361929893493652,0.909032940864563,0.9264400601387024
191.0,4.0,0.9083890914916992,0.09161199629306793,0.7041268944740295,0.9364678263664246,0.8917756080627441,0.9018030166625977,0.8468518853187561,0.15314792096614838,1.4496990442276,0.8690279126167297,0.8305175304412842,0.8469613194465637
192.0,0.0,0.9080049395561218,0.0919945165514946,0.7029975652694702,0.9366239309310913,0.8920984268188477,0.9013825058937073,0.8558003902435303,0.14419963955879211,1.4202960729599,0.8709402084350586,0.8297868967056274,0.8560206294059753
192.0,1.0,0.9149970412254333,0.08500336855649948,0.7355716824531555,0.9325001239776611,0.8940316438674927,0.9071336984634399,0.8665807843208313,0.13341930508613586,0.80987548828125,0.9309390187263489,0.8657010197639465,0.866559624671936
192.0,2.0,0.889861524105072,0.11013797670602798,0.9292646050453186,0.9197006821632385,0.8758867979049683,0.8881745338439941,0.9262024164199829,0.07379782944917679,0.4872818887233734,0.9507212042808533,0.9057075381278992,0.9133883714675903
192.0,3.0,0.8958070278167725,0.10419297963380814,0.7470335960388184,0.9308230876922607,0.8808512091636658,0.8889783620834351,0.9305692911148071,0.069430872797966,0.7659994959831238,0.9361931085586548,0.9090343117713928,0.9264405369758606
192.0,4.0,0.9083888530731201,0.09161195158958435,0.7041195631027222,0.9364675283432007,0.8917782306671143,0.9018035531044006,0.84685218334198,0.15314790606498718,1.4496781826019287,0.8690279126167297,0.830523669719696,0.8469623327255249
193.0,0.0,0.9080057144165039,0.09199453890323639,0.7029874324798584,0.93662428855896,0.8920984268188477,0.9013835191726685,0.8558005094528198,0.1441996842622757,1.4203360080718994,0.8709400296211243,0.8297907114028931,0.8560211658477783
193.0,1.0,0.9149972200393677,0.0850033089518547,0.7355791330337524,0.9324988722801208,0.8940322995185852,0.9071330428123474,0.866580605506897,0.13341936469078064,0.809861421585083,0.9309384822845459,0.8657005429267883,0.8665594458580017
193.0,2.0,0.8898621201515198,0.11013797670602798,0.9292727112770081,0.9197006821632385,0.8758893013000488,0.8881742358207703,0.926202654838562,0.07379784435033798,0.48727932572364807,0.9507215023040771,0.9057067632675171,0.9133879542350769
193.0,3.0,0.8958074450492859,0.10419308394193649,0.7470143437385559,0.9308236837387085,0.880849301815033,0.8889785408973694,0.9305691123008728,0.069430872797966,0.7660043835639954,0.936193585395813,0.9090330004692078,0.9264407157897949
193.0,4.0,0.9083882570266724,0.0916120633482933,0.7041106224060059,0.9364676475524902,0.8917782306671143,0.9018035531044006,0.8468518257141113,0.1531478762626648,1.4496597051620483,0.8690280318260193,0.8305176496505737,0.8469614386558533
194.0,0.0,0.9080053567886353,0.09199460595846176,0.7029792666435242,0.9366231560707092,0.8920993208885193,0.9013829827308655,0.8558003306388855,0.1441996842622757,1.4203919172286987,0.8709401488304138,0.8297905325889587,0.8560212254524231
194.0,1.0,0.9149960875511169,0.08500327169895172,0.7355650663375854,0.9324991106987,0.8940325379371643,0.9071332812309265,0.8665804266929626,0.13341937959194183,0.809844970703125,0.9309386610984802,0.8656992316246033,0.8665608167648315
194.0,2.0,0.8898621201515198,0.11013802886009216,0.9292466640472412,0.9197009801864624,0.8758877515792847,0.8881745338439941,0.926202654838562,0.07379786670207977,0.48729369044303894,0.9507213830947876,0.9057073593139648,0.9133877158164978
194.0,3.0,0.8958075046539307,0.10419294238090515,0.747028112411499,0.9308231472969055,0.8808517456054688,0.888978898525238,0.9305692315101624,0.0694308951497078,0.7659500241279602,0.9361928701400757,0.9090318083763123,0.9264401793479919
194.0,4.0,0.9083884358406067,0.09161200374364853,0.7041184902191162,0.9364680051803589,0.8917772769927979,0.9018030762672424,0.8468518257141113,0.153147891163826,1.449697732925415,0.8690279126167297,0.8305196166038513,0.846961498260498
195.0,0.0,0.9080047011375427,0.09199448674917221,0.7029792666435242,0.9366245865821838,0.8920990824699402,0.9013834595680237,0.855800211429596,0.14419960975646973,1.4204421043395996,0.8709402680397034,0.82978755235672,0.8560209274291992
195.0,1.0,0.9149975776672363,0.08500328660011292,0.7355617880821228,0.9324995875358582,0.8940317034721375,0.9071323871612549,0.866580605506897,0.13341934978961945,0.809873640537262,0.9309391379356384,0.8657034039497375,0.8665608763694763
195.0,2.0,0.8898627758026123,0.11013791710138321,0.9292641878128052,0.9197008609771729,0.8758885860443115,0.8881741166114807,0.9262022972106934,0.07379787415266037,0.48727136850357056,0.950721800327301,0.9057079553604126,0.9133878350257874
195.0,3.0,0.8958068490028381,0.1041930541396141,0.7470236420631409,0.9308233261108398,0.8808519840240479,0.8889778256416321,0.9305691123008728,0.06943085789680481,0.7659607529640198,0.9361929893493652,0.909033477306366,0.9264405369758606
195.0,4.0,0.9083884954452515,0.09161201119422913,0.7041265368461609,0.9364679455757141,0.8917776346206665,0.9018033742904663,0.8468519449234009,0.15314790606498718,1.4496793746948242,0.869027853012085,0.8305200338363647,0.8469613790512085
196.0,0.0,0.9080057740211487,0.0919945165514946,0.7029936909675598,0.9366230964660645,0.8920989036560059,0.9013835787773132,0.8558003306388855,0.1441996842622757,1.4204319715499878,0.870940089225769,0.8297855257987976,0.8560195565223694
196.0,1.0,0.9149972200393677,0.0850033164024353,0.7355615496635437,0.9325006008148193,0.8940309882164001,0.9071333408355713,0.8665804266929626,0.13341940939426422,0.8098501563072205,0.9309391379356384,0.865699827671051,0.8665598034858704
196.0,2.0,0.8898623585700989,0.110137939453125,0.9292495846748352,0.9197012186050415,0.8758863806724548,0.8881736993789673,0.9262021780014038,0.07379785180091858,0.48728251457214355,0.9507217407226562,0.905707061290741,0.9133886098861694
196.0,3.0,0.8958068490028381,0.10419314354658127,0.7470261454582214,0.9308227300643921,0.8808498978614807,0.888978123664856,0.9305689334869385,0.06943085789680481,0.765994131565094,0.9361928701400757,0.9090319871902466,0.9264406561851501
196.0,4.0,0.9083883166313171,0.09161201864480972,0.7041332721710205,0.9364669919013977,0.8917757272720337,0.9018040299415588,0.8468520045280457,0.153147891163826,1.449679970741272,0.869027853012085,0.8305236101150513,0.8469620943069458
197.0,0.0,0.9080052375793457,0.09199446439743042,0.7029930949211121,0.9366245865821838,0.8920984864234924,0.9013833999633789,0.855800449848175,0.14419963955879211,1.4203439950942993,0.8709401488304138,0.8297886252403259,0.8560212254524231
197.0,1.0,0.9149969816207886,0.08500327169895172,0.7355751395225525,0.932499885559082,0.8940314650535583,0.9071332216262817,0.8665810227394104,0.13341934978961945,0.8098559975624084,0.9309388399124146,0.8657010793685913,0.8665603995323181
197.0,2.0,0.8898626565933228,0.11013796180486679,0.929258406162262,0.9197001457214355,0.8758864998817444,0.8881734013557434,0.926202118396759,0.0737978145480156,0.48728203773498535,0.9507215619087219,0.9057072997093201,0.9133879542350769
197.0,3.0,0.8958079218864441,0.10419312864542007,0.7470217943191528,0.9308233261108398,0.8808509111404419,0.8889784812927246,0.9305693507194519,0.0694308876991272,0.7659825682640076,0.9361927509307861,0.9090332984924316,0.9264405369758606
197.0,4.0,0.9083882570266724,0.09161192178726196,0.704119861125946,0.9364681839942932,0.8917757868766785,0.9018031358718872,0.8468521237373352,0.15314792096614838,1.4496995210647583,0.8690279126167297,0.8305236101150513,0.8469624519348145
198.0,0.0,0.9080067276954651,0.09199436008930206,0.7029856443405151,0.9366238117218018,0.8921003341674805,0.9013831615447998,0.8558002710342407,0.1441996693611145,1.4202948808670044,0.8709400296211243,0.829780101776123,0.8560210466384888
198.0,1.0,0.9149971008300781,0.08500326424837112,0.735569417476654,0.9324991703033447,0.8940302729606628,0.9071323871612549,0.866580605506897,0.13341930508613586,0.8098470568656921,0.9309390187263489,0.8657006621360779,0.866560161113739
198.0,2.0,0.8898626565933228,0.11013800650835037,0.9292583465576172,0.9197003841400146,0.8758875131607056,0.8881746530532837,0.9262025356292725,0.07379785925149918,0.4872886836528778,0.9507216215133667,0.9057076573371887,0.9133890271186829
198.0,3.0,0.8958074450492859,0.1041930615901947,0.7470331192016602,0.9308247566223145,0.8808513879776001,0.8889776468276978,0.9305692911148071,0.0694308876991272,0.7659941911697388,0.9361932873725891,0.9090341329574585,0.926440417766571
198.0,4.0,0.9083880186080933,0.09161195158958435,0.7041199803352356,0.936468243598938,0.8917766213417053,0.9018039107322693,0.8468521237373352,0.15314792096614838,1.4496614933013916,0.869027853012085,0.8305213451385498,0.8469618558883667
199.0,0.0,0.9080058932304382,0.09199462085962296,0.7029809355735779,0.9366242289543152,0.8920986652374268,0.9013834595680237,0.8558002710342407,0.14419972896575928,1.4204024076461792,0.8709399104118347,0.8297857642173767,0.856020450592041
199.0,1.0,0.9149974584579468,0.08500326424837112,0.7355769872665405,0.9325002431869507,0.8940304517745972,0.9071329832077026,0.8665803074836731,0.13341931998729706,0.8098450899124146,0.9309391975402832,0.8657007217407227,0.8665596842765808
199.0,2.0,0.8898623585700989,0.11013800650835037,0.9292594790458679,0.9197002649307251,0.8758876323699951,0.8881744146347046,0.9262025952339172,0.07379785925149918,0.48730114102363586,0.9507213234901428,0.9057060480117798,0.9133882522583008
199.0,3.0,0.8958070874214172,0.1041930541396141,0.7470251321792603,0.9308243989944458,0.8808507323265076,0.8889782428741455,0.9305688142776489,0.0694308802485466,0.7660257816314697,0.9361929297447205,0.9090322256088257,0.9264400005340576
199.0,4.0,0.9083885550498962,0.09161198884248734,0.704119861125946,0.936467170715332,0.8917758464813232,0.9018036127090454,0.8468521237373352,0.15314790606498718,1.4496709108352661,0.8690280914306641,0.8305259346961975,0.8469624519348145
