epoch,fold,dice_train,loss_train,bce_train,accuracy_train,precision_train,f1_train,dice_test,loss_test,bce_test,accuracy_test,precision_test,f1_test
0.0,0.0,0.6343587636947632,0.3656412959098816,4.334784984588623,0.8417559266090393,0.5395674705505371,0.6471785306930542,0.7433008551597595,0.2566988170146942,4.081247806549072,0.8967546224594116,0.6330624222755432,0.7354550361633301
0.0,1.0,0.7571267485618591,0.24287228286266327,1.5282453298568726,0.8984128832817078,0.6436245441436768,0.7515973448753357,0.7839656472206116,0.21603472530841827,0.47944071888923645,0.9040907025337219,0.6752012372016907,0.7726321220397949
0.0,2.0,0.7910410165786743,0.2089584916830063,0.3759980797767639,0.9082230925559998,0.6937567591667175,0.7844656109809875,0.8184957504272461,0.18150420486927032,0.25019118189811707,0.9216045141220093,0.7367060780525208,0.8137621283531189
0.0,3.0,0.8195815682411194,0.18041843175888062,0.30136534571647644,0.9180988073348999,0.7339536547660828,0.8125959634780884,0.8172997832298279,0.18270012736320496,0.2650753855705261,0.9198365211486816,0.7430384755134583,0.813094437122345
0.0,4.0,0.8264701962471008,0.17353038489818573,0.2845708727836609,0.9218925833702087,0.7422257661819458,0.8181784152984619,0.8290725350379944,0.17092715203762054,0.2544459402561188,0.9169390797615051,0.7498841285705566,0.8251692652702332
1.0,0.0,0.8336443305015564,0.16635602712631226,0.24304385483264923,0.9230170845985413,0.755183219909668,0.8265135884284973,0.8336026072502136,0.1663973331451416,0.24018965661525726,0.923312783241272,0.7425656318664551,0.8236441612243652
1.0,1.0,0.8464004993438721,0.15360036492347717,0.18897059559822083,0.9269791841506958,0.7808102369308472,0.8407684564590454,0.8658627867698669,0.13413715362548828,0.1470443159341812,0.9308367371559143,0.7991109490394592,0.8547123074531555
1.0,2.0,0.8630837798118591,0.13691623508930206,0.17329154908657074,0.9294410943984985,0.810187816619873,0.8564276099205017,0.8576565980911255,0.14234329760074615,0.265958696603775,0.9326125383377075,0.7898218035697937,0.850010871887207
1.0,3.0,0.8783813118934631,0.12161848694086075,0.1751888543367386,0.9330402612686157,0.8354316353797913,0.871388852596283,0.8767169117927551,0.12328297644853592,0.20383693277835846,0.9308853149414062,0.8239527940750122,0.8709921836853027
1.0,4.0,0.8829849362373352,0.11701436340808868,0.1843595951795578,0.9342476725578308,0.842276930809021,0.8750541806221008,0.8877760171890259,0.11222346127033234,0.21703585982322693,0.9297829866409302,0.846865713596344,0.8839921951293945
2.0,0.0,0.8851829171180725,0.11481714993715286,0.20120076835155487,0.9332761764526367,0.8474531173706055,0.8782649040222168,0.8882774710655212,0.11172220855951309,0.16193631291389465,0.9346228241920471,0.8542668223381042,0.8794882297515869
2.0,1.0,0.8884857296943665,0.11151370406150818,0.19792617857456207,0.9337472319602966,0.8534377217292786,0.8821494579315186,0.8948198556900024,0.10518006235361099,0.1811724603176117,0.9348623156547546,0.8539674282073975,0.8832663297653198
2.0,2.0,0.890988290309906,0.1090107411146164,0.21799294650554657,0.9329859614372253,0.8558117151260376,0.8831364512443542,0.8955700993537903,0.10443006455898285,0.20330765843391418,0.938829779624939,0.8632326126098633,0.8888431191444397
2.0,3.0,0.8937045931816101,0.10629571229219437,0.21694836020469666,0.9346975088119507,0.8609693050384521,0.8857390284538269,0.8884900808334351,0.1115100309252739,0.20074529945850372,0.9327121376991272,0.8687388896942139,0.8818649053573608
2.0,4.0,0.8938971757888794,0.10610245913267136,0.23219294846057892,0.9353079795837402,0.8611617684364319,0.8852337002754211,0.8972152471542358,0.1027846708893776,0.2638869881629944,0.9307321906089783,0.8635700941085815,0.8928693532943726
3.0,0.0,0.8965632319450378,0.10343683511018753,0.24616341292858124,0.9344332218170166,0.8653672337532043,0.889068603515625,0.8953148126602173,0.10468500107526779,0.27092960476875305,0.9347807765007019,0.8507737517356873,0.8857039213180542
3.0,1.0,0.896247386932373,0.1037529930472374,0.24736317992210388,0.9344487190246582,0.8658565878868103,0.8893561363220215,0.9009315371513367,0.09906871616840363,0.28409361839294434,0.9352794885635376,0.874123215675354,0.8890520334243774
3.0,2.0,0.8973131775856018,0.10268718004226685,0.28155678510665894,0.9334990978240967,0.8668491244316101,0.8890475630760193,0.9005378484725952,0.09946220368146896,0.23445478081703186,0.9392409920692444,0.8694503903388977,0.8934013843536377
3.0,3.0,0.8995597958564758,0.10043881833553314,0.28221240639686584,0.9350883364677429,0.8705086708068848,0.8913010954856873,0.8929888606071472,0.10701116919517517,0.23718003928661346,0.9331087470054626,0.8856993913650513,0.88609379529953
3.0,4.0,0.8998978734016418,0.10010180622339249,0.2792972922325134,0.9357443451881409,0.8710562586784363,0.8909029364585876,0.9016112685203552,0.09838848561048508,0.2860560715198517,0.9311556220054626,0.8867968320846558,0.8972921371459961
4.0,0.0,0.9007213711738586,0.09927766025066376,0.28941962122917175,0.9347043037414551,0.8732349872589111,0.8930056691169739,0.9006935954093933,0.09930630028247833,0.26290884613990784,0.9354702830314636,0.8800768256187439,0.8910219073295593
4.0,1.0,0.9006720781326294,0.09932789951562881,0.28736913204193115,0.9347231388092041,0.8746393918991089,0.8935855627059937,0.9046428203582764,0.09535741060972214,0.3200720548629761,0.9354625344276428,0.8712587952613831,0.8922989368438721
4.0,2.0,0.9019345045089722,0.09806619584560394,0.3202154338359833,0.9338039755821228,0.8760489821434021,0.8935577273368835,0.9044363498687744,0.09556419402360916,0.275301069021225,0.9394674897193909,0.8810520768165588,0.8972434401512146
4.0,3.0,0.9038876891136169,0.09611205756664276,0.31153976917266846,0.9354033470153809,0.8786147236824036,0.8954513072967529,0.8987555503845215,0.10124456137418747,0.389882355928421,0.9331510663032532,0.8695117235183716,0.8915494680404663
4.0,4.0,0.9031361937522888,0.09686349332332611,0.31515470147132874,0.9359015226364136,0.8771651387214661,0.8940196633338928,0.9055345058441162,0.0944654643535614,0.33638995885849,0.931297242641449,0.883267343044281,0.9009423851966858
5.0,0.0,0.9041629433631897,0.09583771973848343,0.3356953263282776,0.9348827004432678,0.8796259164810181,0.8963258266448975,0.9040077328681946,0.09599258005619049,0.30655232071876526,0.9355427026748657,0.8839934468269348,0.8942704796791077
5.0,1.0,0.9034145474433899,0.09658542275428772,0.33953478932380676,0.9348503947257996,0.8799067139625549,0.8962214589118958,0.9062725305557251,0.09372736513614655,0.4089057743549347,0.9354529976844788,0.8657984137535095,0.8937892317771912
5.0,2.0,0.9046811461448669,0.09531965106725693,0.3611312806606293,0.9339213967323303,0.880033552646637,0.8961727619171143,0.9062472581863403,0.09375268220901489,0.3572036921977997,0.9394543170928955,0.8780452013015747,0.8989289402961731
5.0,3.0,0.9062819480895996,0.09371821582317352,0.3606002628803253,0.9354977607727051,0.8828554749488831,0.8977038860321045,0.900312602519989,0.09968749433755875,0.3638359606266022,0.9332946538925171,0.8770474195480347,0.8929882049560547
5.0,4.0,0.9054832458496094,0.0945180281996727,0.3618621528148651,0.9359918832778931,0.8812535405158997,0.8962811827659607,0.9062698483467102,0.093730129301548,0.38299116492271423,0.9313141107559204,0.8872689604759216,0.9016145467758179
6.0,0.0,0.9063771963119507,0.09362422674894333,0.3732757568359375,0.9349633455276489,0.8834697604179382,0.898419201374054,0.9027743935585022,0.0972256287932396,0.36086052656173706,0.9355976581573486,0.8951930403709412,0.8927825689315796
6.0,1.0,0.905750572681427,0.09424901753664017,0.38370418548583984,0.9349401593208313,0.8831462264060974,0.8984143733978271,0.9095516800880432,0.09044807404279709,0.3877086639404297,0.9356698989868164,0.8800649046897888,0.8969724774360657
6.0,2.0,0.9062013030052185,0.09379871189594269,0.4119545817375183,0.9338858723640442,0.882515013217926,0.897553026676178,0.908693790435791,0.09130647778511047,0.3607783019542694,0.9395971894264221,0.8865814208984375,0.9013118743896484
6.0,3.0,0.9082041382789612,0.0917951688170433,0.3992309272289276,0.9355614185333252,0.8856121301651001,0.899532675743103,0.9035684466362,0.09643194824457169,0.4245070517063141,0.9333528280258179,0.8796979188919067,0.8961701393127441
6.0,4.0,0.9069552421569824,0.09304457902908325,0.39971601963043213,0.9360343813896179,0.8834102749824524,0.8976321220397949,0.9088035821914673,0.09119688719511032,0.4672269821166992,0.9313960075378418,0.8841917514801025,0.9039223194122314
7.0,0.0,0.907647967338562,0.09235228598117828,0.4082895517349243,0.9349972009658813,0.8852977752685547,0.8995627760887146,0.9042031764984131,0.0957968458533287,0.35887086391448975,0.9355305433273315,0.8925933241844177,0.8941242694854736
7.0,1.0,0.9061626195907593,0.09383745491504669,0.4319411516189575,0.9348859786987305,0.8848941922187805,0.8987773060798645,0.9103033542633057,0.08969642966985703,0.3976667523384094,0.9357079267501831,0.8919055461883545,0.8977524638175964
7.0,2.0,0.9081446528434753,0.09185552597045898,0.4404621422290802,0.9340345859527588,0.8850606679916382,0.8994278311729431,0.9097779989242554,0.09022186696529388,0.3772308826446533,0.9396383762359619,0.8912046551704407,0.9022203683853149
7.0,3.0,0.9095314741134644,0.0904688686132431,0.43375569581985474,0.9355977177619934,0.8872816562652588,0.9007555842399597,0.904151439666748,0.0958482101559639,0.41210171580314636,0.9334027171134949,0.8906278610229492,0.8967607617378235
7.0,4.0,0.9083539247512817,0.09164553135633469,0.4297386407852173,0.9360888600349426,0.884975016117096,0.8989702463150024,0.9100189208984375,0.08998130261898041,0.49157804250717163,0.9314374923706055,0.889535665512085,0.9051195383071899
8.0,0.0,0.9088797569274902,0.09112080931663513,0.44206082820892334,0.935031533241272,0.886825442314148,0.9007716178894043,0.9085617065429688,0.09143847972154617,0.4752768874168396,0.9356287121772766,0.8825682997703552,0.8985369801521301
8.0,1.0,0.9082187414169312,0.0917809009552002,0.4400329887866974,0.9350188374519348,0.886882483959198,0.9007275700569153,0.9110780358314514,0.0889226496219635,0.42758381366729736,0.9357272386550903,0.8908751606941223,0.8984637260437012
8.0,2.0,0.9088216423988342,0.09117910265922546,0.46129110455513,0.9340466260910034,0.8862477540969849,0.9000576138496399,0.9104594588279724,0.08954069018363953,0.38979610800743103,0.9396546483039856,0.8908302187919617,0.9028949737548828
8.0,3.0,0.9091359376907349,0.09086455404758453,0.45969972014427185,0.9355106353759766,0.8882198333740234,0.9005129337310791,0.9048727750778198,0.09512721747159958,0.4513886570930481,0.9334022402763367,0.8885628581047058,0.8973722457885742
8.0,4.0,0.9093163013458252,0.09068325161933899,0.4437175691127777,0.9361088871955872,0.8866776823997498,0.8998889327049255,0.9110450148582458,0.08895547688007355,0.47458070516586304,0.9314693212509155,0.8939290046691895,0.906140923500061
9.0,0.0,0.9101392030715942,0.08986067771911621,0.4607158303260803,0.9350590705871582,0.888377845287323,0.9019840359687805,0.9098008871078491,0.09019918739795685,0.4428621828556061,0.9357032179832458,0.8882774114608765,0.8997060060501099
9.0,1.0,0.9094014167785645,0.09059866517782211,0.4618295729160309,0.9350537061691284,0.8882097005844116,0.9018786549568176,0.9124262928962708,0.0875740647315979,0.4771602153778076,0.9357147812843323,0.8844021558761597,0.8997945785522461
9.0,2.0,0.9097052812576294,0.0902939885854721,0.47872021794319153,0.934068500995636,0.8873546123504639,0.9008944034576416,0.9114349484443665,0.08856502175331116,0.4159703850746155,0.9396516680717468,0.8919382095336914,0.903844952583313
9.0,3.0,0.911096453666687,0.08890239149332047,0.47389867901802063,0.9356294274330139,0.8896607756614685,0.9022673964500427,0.9062684774398804,0.09373150765895844,0.4618029296398163,0.9334293007850647,0.8877027034759521,0.8987141251564026
9.0,4.0,0.9097949862480164,0.09020517021417618,0.46462878584861755,0.9361153841018677,0.8873769640922546,0.9003013372421265,0.9112882614135742,0.08871238678693771,0.5032698512077332,0.9314715266227722,0.897657573223114,0.9062362909317017
10.0,0.0,0.9105427265167236,0.08945852518081665,0.47966814041137695,0.9350669980049133,0.889046311378479,0.9023343324661255,0.9098954200744629,0.09010469168424606,0.46913644671440125,0.9357078075408936,0.8895270824432373,0.8997401595115662
10.0,1.0,0.9100779891014099,0.08992162346839905,0.48328447341918945,0.9350646734237671,0.8892279267311096,0.9025334119796753,0.912562370300293,0.08743757754564285,0.48922038078308105,0.9357379078865051,0.8881041407585144,0.8998119831085205
10.0,2.0,0.91045743227005,0.08954203873872757,0.49950599670410156,0.9340825080871582,0.88800048828125,0.9015997052192688,0.9121139645576477,0.08788580447435379,0.41951224207878113,0.9396753907203674,0.8968574404716492,0.9045091867446899
10.0,3.0,0.9118004441261292,0.0882001668214798,0.49084916710853577,0.9356417059898376,0.890086829662323,0.90291428565979,0.9072940349578857,0.09270615130662918,0.5519214272499084,0.9334421157836914,0.8783791065216064,0.899768054485321
10.0,4.0,0.9107773900032043,0.08922290802001953,0.4884287416934967,0.9361339211463928,0.8881691694259644,0.9012656211853027,0.9122375249862671,0.08776260912418365,0.5582076907157898,0.9314641356468201,0.8892050385475159,0.9072284698486328
11.0,0.0,0.9113591909408569,0.08864092081785202,0.5016366243362427,0.9350823163986206,0.8897236585617065,0.9031171202659607,0.910081148147583,0.08991830050945282,0.48994895815849304,0.9357208609580994,0.897757351398468,0.8998343348503113
11.0,1.0,0.9108896255493164,0.08910956233739853,0.5004676580429077,0.9350780248641968,0.8899891972541809,0.9033029675483704,0.9136168360710144,0.0863831490278244,0.5205992460250854,0.9357466697692871,0.8870772123336792,0.9009047746658325
11.0,2.0,0.9112281799316406,0.0887724831700325,0.5186864733695984,0.9341009855270386,0.8887754678726196,0.9023420810699463,0.910987913608551,0.08901255577802658,0.47038161754608154,0.9395702481269836,0.8824463486671448,0.9033904671669006
11.0,3.0,0.9124682545661926,0.08753129094839096,0.507965624332428,0.9356499910354614,0.8907744288444519,0.9035602807998657,0.9073376059532166,0.09266222268342972,0.4996984899044037,0.933455228805542,0.8907203078269958,0.8997992873191833
11.0,4.0,0.9117058515548706,0.08829380571842194,0.5080539584159851,0.9361487627029419,0.8891355991363525,0.9021573662757874,0.9129431843757629,0.08705693483352661,0.5591240525245667,0.9314875602722168,0.8938354253768921,0.9078753590583801
12.0,0.0,0.9119737148284912,0.0880257859826088,0.5211878418922424,0.9350887537002563,0.8904315829277039,0.9037169218063354,0.9116582870483398,0.08834169805049896,0.48517337441444397,0.9357267618179321,0.891778290271759,0.9015061259269714
12.0,1.0,0.9115951657295227,0.08840455859899521,0.5193793773651123,0.9350887537002563,0.8903023600578308,0.9039582014083862,0.9145286083221436,0.0854712426662445,0.5270330905914307,0.9357478618621826,0.8893047571182251,0.9017801284790039
12.0,2.0,0.912094235420227,0.08790665119886398,0.538230299949646,0.9341082572937012,0.8897131681442261,0.9031912684440613,0.9133688807487488,0.08663104474544525,0.4806687533855438,0.9396876692771912,0.8911857008934021,0.9057047963142395
12.0,3.0,0.9133089184761047,0.08669093251228333,0.5257376432418823,0.9356642961502075,0.8914105296134949,0.9043892621994019,0.9090945720672607,0.09090512990951538,0.5748323798179626,0.9334474802017212,0.8821685910224915,0.9014902114868164
12.0,4.0,0.9122076630592346,0.08779285848140717,0.5232765078544617,0.9361579418182373,0.8896649479866028,0.9026482105255127,0.9137547016143799,0.08624523133039474,0.5819000005722046,0.9314984083175659,0.8923102021217346,0.908683717250824
13.0,0.0,0.9128111600875854,0.08718790858983994,0.5357592701911926,0.9351010918617249,0.8912447690963745,0.9045279622077942,0.9121300578117371,0.08786982297897339,0.5121797323226929,0.9357332587242126,0.8931159973144531,0.9019436240196228
13.0,1.0,0.9120582938194275,0.08794176578521729,0.5413431525230408,0.935073971748352,0.890798032283783,0.9044098854064941,0.915019154548645,0.08498070389032364,0.5654624104499817,0.9357590675354004,0.8862897753715515,0.9022087454795837
13.0,2.0,0.9126415848731995,0.08735926449298859,0.5577020049095154,0.9341160655021667,0.8904690146446228,0.903703510761261,0.9141898155212402,0.08581013232469559,0.48599907755851746,0.9396917819976807,0.8925021290779114,0.9065130352973938
13.0,3.0,0.9136367440223694,0.08636251091957092,0.5474954843521118,0.9356580972671509,0.8919134140014648,0.9046660661697388,0.9098227620124817,0.09017731249332428,0.5435932874679565,0.9334851503372192,0.8901342749595642,0.9021907448768616
13.0,4.0,0.9130614995956421,0.08693981170654297,0.5398987531661987,0.9361671209335327,0.8905751705169678,0.9034663438796997,0.9139037728309631,0.0860961526632309,0.5542815923690796,0.931510865688324,0.9016802310943604,0.9087947607040405
14.0,0.0,0.913312554359436,0.08668845146894455,0.5540624260902405,0.9351047277450562,0.8919166326522827,0.9049974083900452,0.9126969575881958,0.08730313926935196,0.5660321116447449,0.9357182383537292,0.8863299489021301,0.902479887008667
14.0,1.0,0.9127762317657471,0.0872235894203186,0.5580646991729736,0.9351010918617249,0.8917536735534668,0.9051265120506287,0.9157025218009949,0.08429758250713348,0.5567225813865662,0.935767412185669,0.8914490342140198,0.9028938412666321
14.0,2.0,0.9132459759712219,0.086754709482193,0.5738745927810669,0.9341238737106323,0.8910973072052002,0.9042948484420776,0.9140557646751404,0.0859442874789238,0.5243541598320007,0.939692497253418,0.8920932412147522,0.9063656330108643
14.0,3.0,0.9142792224884033,0.08572100847959518,0.5596114993095398,0.935673713684082,0.8926776647567749,0.9053027629852295,0.9102827906608582,0.08971738070249557,0.6005946397781372,0.9334753155708313,0.886563777923584,0.9026108384132385
14.0,4.0,0.9132813811302185,0.08671853691339493,0.551823079586029,0.936166524887085,0.8909114599227905,0.9036847352981567,0.9145119786262512,0.08548790961503983,0.5795120000839233,0.9315117001533508,0.8972904086112976,0.9093672633171082
15.0,0.0,0.9139302372932434,0.08607008308172226,0.5658696889877319,0.9351145029067993,0.8925975561141968,0.9055947661399841,0.9135206341743469,0.08648017048835754,0.5640290379524231,0.9357385039329529,0.8914840221405029,0.9032537937164307
15.0,1.0,0.9131934642791748,0.08680570870637894,0.5703626275062561,0.935107946395874,0.8923712968826294,0.905502200126648,0.9158545732498169,0.08414515852928162,0.5909470915794373,0.9357656836509705,0.8886275291442871,0.9029969573020935
15.0,2.0,0.9136818647384644,0.08631732314825058,0.584113359451294,0.9341269731521606,0.8914636373519897,0.9047253131866455,0.9148244261741638,0.08517564088106155,0.49001726508140564,0.939703106880188,0.900316059589386,0.9070990681648254
15.0,3.0,0.9147019982337952,0.08529826253652573,0.5749866962432861,0.935676097869873,0.8932238221168518,0.9056991934776306,0.9106842279434204,0.08931588381528854,0.6183471083641052,0.9334763288497925,0.882946789264679,0.9030348062515259
15.0,4.0,0.9137017726898193,0.08629774302244186,0.5728784799575806,0.9361695647239685,0.891178548336029,0.9040833115577698,0.9148467779159546,0.08515364676713943,0.6246092915534973,0.9315071702003479,0.895020604133606,0.9097438454627991
16.0,0.0,0.9144339561462402,0.08556549996137619,0.5821360945701599,0.935118556022644,0.8930715918540955,0.9060724377632141,0.9140037894248962,0.08599621057510376,0.5849497318267822,0.9357421398162842,0.8904187679290771,0.9037176966667175
16.0,1.0,0.9137176871299744,0.08628328144550323,0.5805960297584534,0.9351093769073486,0.8928953409194946,0.9060139060020447,0.9156122803688049,0.08438802510499954,0.5470674633979797,0.935768723487854,0.8988305926322937,0.9027353525161743
16.0,2.0,0.9139090180397034,0.08609092980623245,0.6005710363388062,0.9341272115707397,0.8917052745819092,0.904942512512207,0.9151588678359985,0.08484086394309998,0.5310183167457581,0.9397038221359253,0.8946810960769653,0.9074247479438782
16.0,3.0,0.9151338934898376,0.08486496657133102,0.5846022963523865,0.9356792569160461,0.8935039639472961,0.9061235189437866,0.9107178449630737,0.08928185701370239,0.5911977887153625,0.9334947466850281,0.886677622795105,0.9030254483222961
16.0,4.0,0.9142886400222778,0.08571083098649979,0.5796456336975098,0.9361773133277893,0.8919841051101685,0.9046458601951599,0.9154906868934631,0.08450939506292343,0.6376928091049194,0.9315136671066284,0.8961523175239563,0.910329282283783
17.0,0.0,0.9146686792373657,0.08533106744289398,0.5901567339897156,0.9351193308830261,0.8935115933418274,0.9063026905059814,0.9133745431900024,0.08662517368793488,0.6523892283439636,0.9357262253761292,0.8820672631263733,0.9031010270118713
17.0,1.0,0.9139382243156433,0.08606172353029251,0.5973146557807922,0.9351029992103577,0.8928912281990051,0.906214714050293,0.9168457388877869,0.08315418660640717,0.5952487587928772,0.9357720017433167,0.892399251461029,0.9039966464042664
17.0,2.0,0.9142424464225769,0.08575733751058578,0.6111297011375427,0.9341322183609009,0.8919433355331421,0.9052302837371826,0.915465772151947,0.08453448116779327,0.5255845785140991,0.9397071599960327,0.8979111313819885,0.9077205061912537
17.0,3.0,0.9156882762908936,0.08431289345026016,0.5960012078285217,0.9356839656829834,0.8940256834030151,0.9066752195358276,0.9115647077560425,0.08843532204627991,0.6252931952476501,0.9334982633590698,0.8917839527130127,0.9038462042808533
17.0,4.0,0.9145957231521606,0.08540476113557816,0.5951827764511108,0.9361790418624878,0.8922704458236694,0.9049375653266907,0.9156567454338074,0.08434300869703293,0.6227124929428101,0.9315146207809448,0.8990914821624756,0.9105014801025391
18.0,0.0,0.9145949482917786,0.08540426939725876,0.609603226184845,0.9351186752319336,0.8929648399353027,0.9062066078186035,0.9146013259887695,0.08539882302284241,0.5894662737846375,0.9357505440711975,0.8913329243659973,0.9043242335319519
18.0,1.0,0.9146484732627869,0.08535263687372208,0.6081733703613281,0.9351180195808411,0.8936316967010498,0.9069202542304993,0.9168116450309753,0.0831889882683754,0.6158336997032166,0.9357662796974182,0.8905290365219116,0.9039324522018433
18.0,2.0,0.9148680567741394,0.08513143658638,0.6247792840003967,0.9341335892677307,0.89272540807724,0.9058554172515869,0.9161174297332764,0.08388271182775497,0.5528140664100647,0.9397077560424805,0.8947456479072571,0.9083998203277588
18.0,3.0,0.9159078001976013,0.08409183472394943,0.6090312004089355,0.9356853365898132,0.89424067735672,0.9068711400032043,0.9120818972587585,0.0879179835319519,0.613771915435791,0.9335006475448608,0.8919544816017151,0.9043689966201782
18.0,4.0,0.9146219491958618,0.08537764102220535,0.6073216199874878,0.9361775517463684,0.8919817805290222,0.9049450159072876,0.9157662391662598,0.08423371613025665,0.6854797005653381,0.9315168857574463,0.893750786781311,0.9105852842330933
19.0,0.0,0.9152439832687378,0.08475588262081146,0.617802083492279,0.9351211786270142,0.8940210938453674,0.9068568348884583,0.9148572683334351,0.08514246344566345,0.6073123216629028,0.9357485175132751,0.8911490440368652,0.9045764803886414
19.0,1.0,0.9147694706916809,0.08523013442754745,0.6171677112579346,0.9351182579994202,0.8939697742462158,0.9070494174957275,0.9173762798309326,0.08262389153242111,0.6267179846763611,0.9357739686965942,0.8895053267478943,0.9045263528823853
19.0,2.0,0.9151885509490967,0.08481163531541824,0.6330875158309937,0.9341376423835754,0.893182635307312,0.9061855673789978,0.9162201285362244,0.0837797299027443,0.5787245035171509,0.9397061467170715,0.8926331996917725,0.9084740281105042
19.0,3.0,0.9161562919616699,0.08384391665458679,0.6202901005744934,0.9356815814971924,0.8945515155792236,0.9071240425109863,0.9123985767364502,0.08760136365890503,0.6273452639579773,0.9335013031959534,0.891289472579956,0.9046772718429565
19.0,4.0,0.9151777029037476,0.08482193946838379,0.6153280735015869,0.9361820220947266,0.8927448391914368,0.9055138826370239,0.9161933064460754,0.08380689471960068,0.6730808615684509,0.9315175414085388,0.8954965472221375,0.9110358357429504
20.0,0.0,0.9151734709739685,0.08482746034860611,0.6249812841415405,0.9351181983947754,0.8942887783050537,0.9067927002906799,0.9153062105178833,0.08469393849372864,0.616680920124054,0.9357504844665527,0.8935254216194153,0.9049757719039917
20.0,1.0,0.9152975678443909,0.08470258116722107,0.6280114650726318,0.935122013092041,0.8944330215454102,0.907554030418396,0.9178767800331116,0.08212338387966156,0.6320270299911499,0.9357768893241882,0.893843948841095,0.9049897789955139
20.0,2.0,0.9155125021934509,0.08448732644319534,0.6469870209693909,0.9341391921043396,0.8935503959655762,0.906487762928009,0.9168674945831299,0.08313227444887161,0.5806090235710144,0.9397127628326416,0.8972175121307373,0.9090694785118103
20.0,3.0,0.91658616065979,0.08341410756111145,0.6303178071975708,0.9356897473335266,0.8950714468955994,0.9075399041175842,0.9123215675354004,0.08767861127853394,0.6227324604988098,0.9335063695907593,0.8959047794342041,0.9045767188072205
20.0,4.0,0.9155957102775574,0.08440448343753815,0.6261557936668396,0.936183750629425,0.8934516906738281,0.9059174060821533,0.9165791869163513,0.08342063426971436,0.679872989654541,0.9315201044082642,0.8984861373901367,0.9113754034042358
21.0,0.0,0.9156311750411987,0.08436944335699081,0.6380202770233154,0.935126006603241,0.8943869471549988,0.9072281122207642,0.9155081510543823,0.0844917967915535,0.6468103528022766,0.935751736164093,0.8909589052200317,0.9052039980888367
21.0,1.0,0.9154452085494995,0.0845540463924408,0.639723539352417,0.9351210594177246,0.8946720957756042,0.907691240310669,0.9175985455513,0.08240161091089249,0.6632146835327148,0.9357717037200928,0.8947927355766296,0.9046998620033264
21.0,2.0,0.9156180024147034,0.0843818187713623,0.6576485633850098,0.9341403841972351,0.8934768438339233,0.9065830111503601,0.9169040322303772,0.08309589326381683,0.5943006277084351,0.9397121071815491,0.8960869908332825,0.9091046452522278
21.0,3.0,0.9167362451553345,0.08326323330402374,0.6422043442726135,0.9356883764266968,0.8953817486763,0.9076771140098572,0.912861168384552,0.08713909238576889,0.682227373123169,0.9335028529167175,0.8887403011322021,0.9051260948181152
21.0,4.0,0.9156752824783325,0.08432583510875702,0.6322021484375,0.9361854195594788,0.8937373161315918,0.9059932231903076,0.9168738126754761,0.0831262543797493,0.6750715374946594,0.931519627571106,0.8985453844070435,0.9116632342338562
22.0,0.0,0.9162225723266602,0.0837777853012085,0.6510075926780701,0.9351274371147156,0.8948425054550171,0.9078088402748108,0.91534823179245,0.08465182036161423,0.602006733417511,0.9357523322105408,0.8970887660980225,0.9050393104553223
22.0,1.0,0.9155314564704895,0.08446790277957916,0.6486364006996155,0.9351219534873962,0.894830584526062,0.9077515602111816,0.9181806445121765,0.08181969821453094,0.6450133919715881,0.9357778429985046,0.8949506282806396,0.9052696228027344
22.0,2.0,0.9159325957298279,0.08406832814216614,0.6669596433639526,0.9341396689414978,0.8939404487609863,0.9068878293037415,0.9172552227973938,0.08274471014738083,0.6060053706169128,0.93971186876297,0.8968695998191833,0.9094656109809875
22.0,3.0,0.9167194366455078,0.08328039199113846,0.6551040410995483,0.935686469078064,0.8955258131027222,0.9076553583145142,0.9116827845573425,0.08831757307052612,0.6405723690986633,0.9334977269172668,0.8925869464874268,0.9039496779441833
22.0,4.0,0.915980875492096,0.08402010798454285,0.6405676007270813,0.9361860752105713,0.8937122821807861,0.9062824249267578,0.9168798923492432,0.08312022686004639,0.7160797715187073,0.9315178990364075,0.8952859044075012,0.911677360534668
23.0,0.0,0.9164841175079346,0.08351587504148483,0.658861517906189,0.9351295828819275,0.8952922224998474,0.9080694317817688,0.9158772230148315,0.0841229185461998,0.6751850843429565,0.9357486367225647,0.8917610049247742,0.9055579900741577
23.0,1.0,0.9158676862716675,0.08413196355104446,0.6597098708152771,0.9351234436035156,0.8952423930168152,0.9080941677093506,0.9177239537239075,0.08227628469467163,0.6263216733932495,0.9357748031616211,0.8987255692481995,0.9048219323158264
23.0,2.0,0.9160921573638916,0.0839071199297905,0.6784939765930176,0.9341410994529724,0.8941314220428467,0.9070392847061157,0.9162620306015015,0.08373749256134033,0.5879921913146973,0.9397130012512207,0.903989315032959,0.9084374904632568
23.0,3.0,0.9169561862945557,0.08304454386234283,0.6586595773696899,0.9356899857521057,0.895356297492981,0.9078794717788696,0.9133914113044739,0.08660846203565598,0.6669269800186157,0.9335066080093384,0.8908213376998901,0.9056565761566162
23.0,4.0,0.9162154793739319,0.08378450572490692,0.6527048945426941,0.9361864328384399,0.8939008116722107,0.9065106511116028,0.9172517657279968,0.08274843543767929,0.7054105997085571,0.9315207600593567,0.8994303345680237,0.9120486378669739
24.0,0.0,0.916618824005127,0.08338059484958649,0.6704164147377014,0.9351298809051514,0.8954454064369202,0.9081929326057434,0.9161875247955322,0.08381249755620956,0.6582010984420776,0.9357556104660034,0.8938420414924622,0.9058504700660706
24.0,1.0,0.9159963130950928,0.08400526642799377,0.6722055077552795,0.9351231455802917,0.8951927423477173,0.908216118812561,0.9184821248054504,0.0815177783370018,0.6604766249656677,0.9357781410217285,0.8951043486595154,0.9055455923080444
24.0,2.0,0.9161710739135742,0.08383020758628845,0.6865071654319763,0.9341399073600769,0.8945600986480713,0.9071170091629028,0.9175124168395996,0.08248722553253174,0.6008594036102295,0.9397138357162476,0.9002313017845154,0.9096813201904297
24.0,3.0,0.9173982739448547,0.08260194212198257,0.6665053367614746,0.9356915950775146,0.8959387540817261,0.9083250164985657,0.9130945801734924,0.08690538257360458,0.676622211933136,0.9335057139396667,0.8935188055038452,0.9053300619125366
24.0,4.0,0.9163897633552551,0.08361006528139114,0.66280198097229,0.9361868500709534,0.894353985786438,0.9066885709762573,0.9175431728363037,0.08245661109685898,0.7260749936103821,0.9315215945243835,0.898600697517395,0.9123214483261108
25.0,0.0,0.9167566299438477,0.08324282616376877,0.680340588092804,0.9351301789283752,0.8955104947090149,0.9083269238471985,0.9159103631973267,0.08408953994512558,0.7209112644195557,0.9357489943504333,0.8884759545326233,0.9055877923965454
25.0,1.0,0.9162225127220154,0.08377771079540253,0.679904580116272,0.9351251125335693,0.8953410983085632,0.9084280133247375,0.9181730151176453,0.08182691782712936,0.6782288551330566,0.9357746839523315,0.8930055499076843,0.9052746295928955
25.0,2.0,0.9164354205131531,0.08356485515832901,0.6936959624290466,0.9341415762901306,0.8946343660354614,0.9073715209960938,0.9176081418991089,0.08239173144102097,0.6236030459403992,0.9397135972976685,0.8980206251144409,0.9097976088523865
25.0,3.0,0.9174244403839111,0.08257634192705154,0.6801645755767822,0.9356911182403564,0.8959900736808777,0.9083495736122131,0.9136743545532227,0.08632588386535645,0.6847127676010132,0.9335085153579712,0.8932291269302368,0.9059070944786072
25.0,4.0,0.9166111350059509,0.0833892822265625,0.6729294657707214,0.9361889362335205,0.8943204879760742,0.9068914651870728,0.9176065325737,0.08239322155714035,0.7198425531387329,0.9315212965011597,0.8996220827102661,0.9123708009719849
26.0,0.0,0.9167835712432861,0.08321632444858551,0.68662029504776,0.9351288080215454,0.8954935669898987,0.9083558320999146,0.9164847135543823,0.08351518958806992,0.6688516139984131,0.9357568025588989,0.8952053785324097,0.9061248898506165
26.0,1.0,0.9164631366729736,0.08353736996650696,0.688244104385376,0.9351254105567932,0.895745038986206,0.9086716175079346,0.9188838005065918,0.0811161920428276,0.7151340246200562,0.9357768297195435,0.8926368355751038,0.9059522151947021
26.0,2.0,0.9166648387908936,0.08333540707826614,0.7025548815727234,0.9341424107551575,0.8947056531906128,0.9075912833213806,0.918022871017456,0.08197664469480515,0.6434938311576843,0.9397144913673401,0.8972862362861633,0.9101898074150085
26.0,3.0,0.9176732301712036,0.08232724666595459,0.6861310601234436,0.9356914162635803,0.8963581323623657,0.9085845947265625,0.9140748381614685,0.08592497557401657,0.6903534531593323,0.9335096478462219,0.8930202126502991,0.9063010215759277
26.0,4.0,0.9167081713676453,0.08329299837350845,0.6791631579399109,0.9361885786056519,0.8945562243461609,0.9069823622703552,0.9172099232673645,0.08279041200876236,0.7221214771270752,0.9315207600593567,0.9004701375961304,0.9119816422462463
27.0,0.0,0.9171692728996277,0.08283029496669769,0.693818986415863,0.9351310133934021,0.8960641622543335,0.9087300300598145,0.9167649745941162,0.08323515206575394,0.6839196085929871,0.9357565641403198,0.8951287269592285,0.9063986539840698
27.0,1.0,0.9163599610328674,0.0836397111415863,0.69240403175354,0.9351240992546082,0.8958913683891296,0.9085685610771179,0.9187912344932556,0.08120899647474289,0.6679198145866394,0.9357788562774658,0.897033154964447,0.9058805108070374
27.0,2.0,0.9169005155563354,0.08310014009475708,0.70902019739151,0.9341430068016052,0.8950105905532837,0.9078335165977478,0.9180464744567871,0.08195339888334274,0.6468950510025024,0.9397149085998535,0.8984508514404297,0.910217821598053
27.0,3.0,0.9177928566932678,0.08220712095499039,0.6968960165977478,0.9356923699378967,0.8960689306259155,0.9087028503417969,0.9143344759941101,0.08566537499427795,0.7234910726547241,0.9335103034973145,0.891930878162384,0.9065445065498352
27.0,4.0,0.9170191884040833,0.08298136293888092,0.691031813621521,0.9361891150474548,0.8947368860244751,0.9072871208190918,0.9178993701934814,0.0821007564663887,0.7342384457588196,0.931522011756897,0.9006394743919373,0.9126667976379395
28.0,0.0,0.9172250032424927,0.08277543634176254,0.705974280834198,0.9351328611373901,0.8958922624588013,0.9087710976600647,0.9166914224624634,0.08330848067998886,0.7155464291572571,0.9357554912567139,0.892071008682251,0.906325101852417
28.0,1.0,0.9164502024650574,0.08355018496513367,0.7030415534973145,0.935126006603241,0.8956872820854187,0.9086363911628723,0.9190467596054077,0.08095346391201019,0.7086849808692932,0.9357792735099792,0.8937003016471863,0.9061176776885986
28.0,2.0,0.9170333743095398,0.08296509832143784,0.718650221824646,0.9341432452201843,0.8950327038764954,0.9079481959342957,0.9180575609207153,0.08194298297166824,0.6526089906692505,0.9397152662277222,0.8971921801567078,0.910244345664978
28.0,3.0,0.9180113077163696,0.08198899030685425,0.7014654278755188,0.9356921911239624,0.8965824842453003,0.9089187979698181,0.9142721891403198,0.08572827279567719,0.7353928685188293,0.9335080981254578,0.8922132253646851,0.9064911007881165
28.0,4.0,0.9170295000076294,0.08297133445739746,0.6959324479103088,0.9361883997917175,0.8948922753334045,0.9073020219802856,0.9180222153663635,0.08197779208421707,0.7428608536720276,0.9315230250358582,0.8997005820274353,0.9127891063690186
29.0,0.0,0.9173991084098816,0.08260063827037811,0.7127575278282166,0.9351319074630737,0.8962560296058655,0.9089431762695312,0.9169602394104004,0.08303982019424438,0.7135153412818909,0.9357558488845825,0.894222617149353,0.9065954089164734
29.0,1.0,0.9168948531150818,0.08310612291097641,0.7109568119049072,0.9351254105567932,0.8961889743804932,0.9090761542320251,0.9186639189720154,0.08133630454540253,0.6910094618797302,0.9357790350914001,0.898662269115448,0.9057004451751709
29.0,2.0,0.9170982837677002,0.08290153741836548,0.7291878461837769,0.9341433644294739,0.8950682878494263,0.9080079793930054,0.9184286594390869,0.08157149702310562,0.6441426873207092,0.9397155046463013,0.8998479247093201,0.9105986952781677
29.0,3.0,0.9180307984352112,0.08196980506181717,0.7102601528167725,0.9356937408447266,0.8966479897499084,0.9089285731315613,0.9145820736885071,0.08541808277368546,0.7349023818969727,0.9335103034973145,0.8921878337860107,0.9067937135696411
29.0,4.0,0.9169803261756897,0.08301940560340881,0.7022044658660889,0.9361886382102966,0.8948802351951599,0.9072478413581848,0.9180652499198914,0.08193481713533401,0.7645814418792725,0.9315214157104492,0.897976279258728,0.9128305315971375
30.0,0.0,0.9178400039672852,0.08216109871864319,0.7151178121566772,0.9351329803466797,0.8965416550636292,0.9093788862228394,0.9173028469085693,0.08269746601581573,0.717070460319519,0.935757577419281,0.8944238424301147,0.9069085717201233
30.0,1.0,0.917354166507721,0.08264468610286713,0.7172594666481018,0.9351282119750977,0.8966002464294434,0.9095271825790405,0.9197105169296265,0.08028906583786011,0.7154854536056519,0.9357795119285583,0.8950204849243164,0.906755805015564
30.0,2.0,0.9176523685455322,0.08234695345163345,0.7325804233551025,0.9341460466384888,0.8956697583198547,0.9085533022880554,0.9188119173049927,0.08118823170661926,0.6607833504676819,0.939715564250946,0.899128258228302,0.9109566807746887
30.0,3.0,0.9186306595802307,0.08136846870183945,0.7166106104850769,0.935695230960846,0.8970211148262024,0.9095174074172974,0.9150968790054321,0.08490363508462906,0.73838871717453,0.9335125088691711,0.8933993577957153,0.907293975353241
30.0,4.0,0.9178189635276794,0.08218012005090714,0.7109335660934448,0.9361903667449951,0.8955104947090149,0.908071756362915,0.9185237288475037,0.08147665858268738,0.7662737965583801,0.9315236806869507,0.8996754288673401,0.9132814407348633
31.0,0.0,0.9181060194969177,0.08189382404088974,0.7239556312561035,0.935133159160614,0.8967882394790649,0.9096435308456421,0.9175350666046143,0.08246441185474396,0.720787763595581,0.9357576966285706,0.894859254360199,0.9071604013442993
31.0,1.0,0.9175540208816528,0.08244551718235016,0.7250804305076599,0.9351284503936768,0.8968153595924377,0.9097346067428589,0.9198684692382812,0.08013209700584412,0.7241840362548828,0.9357800483703613,0.8950594067573547,0.9069164991378784
31.0,2.0,0.917813777923584,0.08218617737293243,0.7412905693054199,0.9341447353363037,0.8958423137664795,0.9087210297584534,0.9189424514770508,0.08105763047933578,0.672074556350708,0.9397168755531311,0.8991472721099854,0.911098301410675
31.0,3.0,0.918765664100647,0.08123338222503662,0.7255643606185913,0.9356954097747803,0.8972396850585938,0.9096613526344299,0.9152480363845825,0.08475185930728912,0.7429410219192505,0.9335123300552368,0.8937638401985168,0.9074591398239136
31.0,4.0,0.917943000793457,0.08205699920654297,0.7191643714904785,0.9361911416053772,0.8956409692764282,0.9082019329071045,0.9186275601387024,0.08137248456478119,0.7755436301231384,0.9315234422683716,0.8999804258346558,0.9133942723274231
32.0,0.0,0.9182104468345642,0.08178912103176117,0.7335758209228516,0.9351335167884827,0.8968669176101685,0.90975421667099,0.9176408052444458,0.08235868811607361,0.730018675327301,0.9357580542564392,0.8950300216674805,0.9072689414024353
32.0,1.0,0.9176577925682068,0.0823417380452156,0.7339699864387512,0.9351280927658081,0.896858274936676,0.90984708070755,0.9199560880661011,0.08004418015480042,0.7343089580535889,0.9357795715332031,0.895038366317749,0.9070072770118713
32.0,2.0,0.9179028272628784,0.0820961594581604,0.7506597638130188,0.9341457486152649,0.8959181904792786,0.9088104367256165,0.9190471172332764,0.08095346391201019,0.6771623492240906,0.9397167563438416,0.8992265462875366,0.9112036228179932
32.0,3.0,0.9188435673713684,0.08115681260824203,0.7339033484458923,0.9356939196586609,0.8972973823547363,0.9097414016723633,0.9153318405151367,0.08466843515634537,0.7588180899620056,0.933512806892395,0.8934417963027954,0.9075484275817871
32.0,4.0,0.9180225729942322,0.08197744190692902,0.7280199527740479,0.9361911416053772,0.8957039713859558,0.9082801342010498,0.9186952710151672,0.08130405843257904,0.7808048129081726,0.9315235018730164,0.9001509547233582,0.9134482145309448
33.0,0.0,0.918281614780426,0.08171846717596054,0.7419591546058655,0.9351332783699036,0.8969232439994812,0.9098227620124817,0.9176691174507141,0.08233039826154709,0.7280762195587158,0.9357579350471497,0.8957307934761047,0.9073023200035095
33.0,1.0,0.9177227020263672,0.08227744698524475,0.7424435019493103,0.9351279735565186,0.8969219326972961,0.9099068641662598,0.9199953079223633,0.08000505715608597,0.7425196766853333,0.9357801675796509,0.8949825167655945,0.9070444107055664
33.0,2.0,0.9179627895355225,0.08203799277544022,0.7590726613998413,0.9341460466384888,0.8959597945213318,0.9088683128356934,0.91910719871521,0.0808928981423378,0.6863557696342468,0.9397168755531311,0.8992132544517517,0.9112634062767029
33.0,3.0,0.9189035892486572,0.08109647035598755,0.7417858839035034,0.9356949329376221,0.8973255157470703,0.9097967147827148,0.9153892993927002,0.08461063355207443,0.759064257144928,0.9335126876831055,0.8938332200050354,0.9076040387153625
33.0,4.0,0.9180787801742554,0.08192110806703568,0.7365360260009766,0.9361911416053772,0.8957452178001404,0.9083346724510193,0.9187548160552979,0.08124515414237976,0.7889947295188904,0.9315229654312134,0.9002196192741394,0.9135136008262634
34.0,0.0,0.9183356165885925,0.08166348934173584,0.7504445910453796,0.9351335763931274,0.8970091938972473,0.9098727107048035,0.9177581667900085,0.08224191516637802,0.7462688684463501,0.9357580542564392,0.8950932025909424,0.9073789715766907
34.0,1.0,0.917772650718689,0.08222706615924835,0.7511702179908752,0.9351276755332947,0.8969802260398865,0.9099537134170532,0.9200695753097534,0.07993000745773315,0.7505927681922913,0.9357802867889404,0.895176112651825,0.9071176052093506
34.0,2.0,0.9180147647857666,0.0819859504699707,0.766900360584259,0.9341452717781067,0.8959925770759583,0.9089177846908569,0.9191455841064453,0.08085458725690842,0.6913191676139832,0.9397168755531311,0.8993789553642273,0.9112974405288696
34.0,3.0,0.9189470410346985,0.0810529962182045,0.749577522277832,0.9356951117515564,0.897404670715332,0.9098366498947144,0.9154412150382996,0.08455901592969894,0.7724292278289795,0.9335124492645264,0.8935460448265076,0.9076454639434814
34.0,4.0,0.9181219339370728,0.08187782764434814,0.7439439296722412,0.936191737651825,0.895816445350647,0.9083718657493591,0.9187899827957153,0.08121051639318466,0.7987173199653625,0.931523323059082,0.9001680612564087,0.9135400652885437
35.0,0.0,0.9183803796768188,0.08161913603544235,0.7579538822174072,0.9351339936256409,0.8970611095428467,0.9099109172821045,0.9177956581115723,0.08220409601926804,0.7527552843093872,0.9357579946517944,0.895171582698822,0.9074113965034485
35.0,1.0,0.9178152680397034,0.0821852833032608,0.7585502862930298,0.9351279735565186,0.8970037698745728,0.909988284111023,0.9201064705848694,0.07989390939474106,0.7615184783935547,0.93578040599823,0.8951040506362915,0.9071493148803711
35.0,2.0,0.918045163154602,0.08195488899946213,0.7743812799453735,0.9341457486152649,0.8960056900978088,0.9089483618736267,0.9191832542419434,0.08081687986850739,0.7000716924667358,0.9397171139717102,0.8993198275566101,0.9113311171531677
35.0,3.0,0.9189856648445129,0.08101391792297363,0.7565895318984985,0.9356942176818848,0.89739590883255,0.9098700284957886,0.9154928922653198,0.08450702577829361,0.7808549404144287,0.9335124492645264,0.8936090469360352,0.9076878428459167
35.0,4.0,0.918159008026123,0.08184102922677994,0.7512120008468628,0.9361921548843384,0.8958290219306946,0.9084044694900513,0.9188370704650879,0.08116290718317032,0.8089374899864197,0.9315236806869507,0.9001016616821289,0.9135837554931641
36.0,0.0,0.9184165596961975,0.08158329129219055,0.7652478814125061,0.9351335167884827,0.8970433473587036,0.9099445939064026,0.9178322553634644,0.08216776698827744,0.7637827396392822,0.9357585906982422,0.8950929045677185,0.9074437022209167
36.0,1.0,0.9178462028503418,0.0821538120508194,0.7660022377967834,0.9351286888122559,0.8970651626586914,0.9100172519683838,0.9201068878173828,0.07989291846752167,0.7686971426010132,0.9357800483703613,0.8949738144874573,0.9071451425552368
36.0,2.0,0.9180827140808105,0.08191648870706558,0.7821098566055298,0.9341449737548828,0.8960342407226562,0.9089750647544861,0.9192156195640564,0.08078444749116898,0.7075847387313843,0.9397171139717102,0.8993159532546997,0.9113518595695496
36.0,3.0,0.9190144538879395,0.08098500967025757,0.7646995186805725,0.9356946349143982,0.8974197506904602,0.9098922610282898,0.9155238270759583,0.08447647839784622,0.7895382046699524,0.9335126876831055,0.8936270475387573,0.9077149033546448
36.0,4.0,0.9181872010231018,0.0818125382065773,0.7586108446121216,0.9361902475357056,0.8958203196525574,0.9084270596504211,0.9188661575317383,0.08113410323858261,0.8136811256408691,0.931523323059082,0.9001861810684204,0.9136088490486145
37.0,0.0,0.9184424877166748,0.0815562978386879,0.7725870013237,0.9351330399513245,0.897089958190918,0.9099671244621277,0.917857825756073,0.08214207738637924,0.7666709423065186,0.9357585310935974,0.8951504826545715,0.9074650406837463
37.0,1.0,0.9178740382194519,0.08212500065565109,0.7730841636657715,0.9351282119750977,0.8970493078231812,0.9100415110588074,0.920141875743866,0.07985832542181015,0.7773801684379578,0.9357802867889404,0.8949781656265259,0.9071792364120483
37.0,2.0,0.9181057214736938,0.08189433813095093,0.7888168096542358,0.9341455101966858,0.8960622549057007,0.9089958071708679,0.9192438125610352,0.08075644075870514,0.7161603569984436,0.9397174119949341,0.8993279933929443,0.9113770127296448
37.0,3.0,0.9190424680709839,0.08095730096101761,0.771149218082428,0.9356950521469116,0.8974432349205017,0.9099158048629761,0.9155519008636475,0.08444834500551224,0.7914218902587891,0.9335123300552368,0.8937406539916992,0.9077361822128296
37.0,4.0,0.9182129502296448,0.08178658038377762,0.7654045820236206,0.9361913204193115,0.8958518505096436,0.9084511995315552,0.9188876748085022,0.08111229538917542,0.8241333365440369,0.9315237402915955,0.900118887424469,0.9136228561401367
38.0,0.0,0.9184691905975342,0.08153095096349716,0.7796080708503723,0.9351333975791931,0.8970819115638733,0.9099865555763245,0.9178901314735413,0.08210955560207367,0.7747772932052612,0.9357590079307556,0.8951313495635986,0.9074928164482117
38.0,1.0,0.9179041981697083,0.0820949450135231,0.7795945405960083,0.9351276755332947,0.8970609903335571,0.9100662469863892,0.9201772212982178,0.07982255518436432,0.7807813286781311,0.935779869556427,0.895250678062439,0.9072103500366211
38.0,2.0,0.918134868144989,0.08186523616313934,0.7957451939582825,0.9341453313827515,0.89610356092453,0.9090189933776855,0.919257402420044,0.08074264228343964,0.7260203957557678,0.9397169351577759,0.899074375629425,0.9113923907279968
38.0,3.0,0.9190614819526672,0.08093845844268799,0.7777948975563049,0.9356951117515564,0.8974865674972534,0.9099321961402893,0.9155837297439575,0.08441644161939621,0.7980976700782776,0.9335127472877502,0.8937506675720215,0.9077620506286621
38.0,4.0,0.9182389974594116,0.08176097273826599,0.7715454697608948,0.9361917972564697,0.8958913683891296,0.908469557762146,0.9189028143882751,0.08109726756811142,0.8297109007835388,0.9315237998962402,0.9002195596694946,0.913630485534668
39.0,0.0,0.9184891581535339,0.08151121437549591,0.7860192060470581,0.9351335763931274,0.89714115858078,0.9100035429000854,0.9179097414016724,0.08209047466516495,0.7819885611534119,0.9357587695121765,0.8951683044433594,0.9075073599815369
39.0,1.0,0.9179220795631409,0.0820772722363472,0.7866913080215454,0.9351279735565186,0.8971085548400879,0.9100779891014099,0.9202027916908264,0.07979709655046463,0.7856150269508362,0.9357803463935852,0.8952840566635132,0.9072260856628418
39.0,2.0,0.9181622862815857,0.08183766901493073,0.8025063872337341,0.9341457486152649,0.8960773348808289,0.9090408086776733,0.9192875623703003,0.08071218430995941,0.7280462384223938,0.9397172331809998,0.899353563785553,0.9114148020744324
39.0,3.0,0.9190841913223267,0.08091523498296738,0.7843056321144104,0.9356940984725952,0.8974621295928955,0.9099496006965637,0.9156045317649841,0.08439555764198303,0.8046033978462219,0.9335126876831055,0.8937712907791138,0.9077837467193604
39.0,4.0,0.918256402015686,0.08174290508031845,0.778333842754364,0.9361915588378906,0.8958858251571655,0.908486545085907,0.9189266562461853,0.08107385784387589,0.8327373266220093,0.9315231442451477,0.9002550840377808,0.9136578440666199
40.0,0.0,0.9185127019882202,0.0814870148897171,0.7922751307487488,0.9351338148117065,0.8971243500709534,0.9100235104560852,0.917926549911499,0.08207286894321442,0.7885568141937256,0.9357589483261108,0.8951629996299744,0.9075206518173218
40.0,1.0,0.9179455041885376,0.0820537656545639,0.7930513024330139,0.9351285696029663,0.8971021175384521,0.9100995063781738,0.9202174544334412,0.07978230714797974,0.7928697466850281,0.93578040599823,0.8952715396881104,0.907238781452179
40.0,2.0,0.9181810021400452,0.0818186029791832,0.8089374303817749,0.934145450592041,0.8960916996002197,0.9090568423271179,0.919304609298706,0.08069541305303574,0.733056366443634,0.939717173576355,0.8994097113609314,0.9114264845848083
40.0,3.0,0.9191029071807861,0.0808979719877243,0.7909386157989502,0.9356949329376221,0.8975004553794861,0.9099644422531128,0.9156302213668823,0.08436962217092514,0.8177042603492737,0.933512270450592,0.8936579823493958,0.9078036546707153
40.0,4.0,0.9182775616645813,0.08172180503606796,0.7848619818687439,0.9361914992332458,0.8959125280380249,0.9085018038749695,0.9189499020576477,0.08104995638132095,0.8447126150131226,0.9315234422683716,0.9001619219779968,0.9136756658554077
41.0,0.0,0.9185325503349304,0.0814671441912651,0.7993403077125549,0.9351340532302856,0.8971341848373413,0.9100390672683716,0.9179421663284302,0.08205780386924744,0.7987088561058044,0.9357587695121765,0.895138680934906,0.9075356721878052
41.0,1.0,0.917965829372406,0.08203378319740295,0.799514889717102,0.9351280927658081,0.8971292972564697,0.9101154804229736,0.9202384352684021,0.0797610804438591,0.798774242401123,0.9357799291610718,0.8953185677528381,0.9072556495666504
41.0,2.0,0.9181991219520569,0.08180171251296997,0.8157116770744324,0.9341461062431335,0.8961062431335449,0.9090696573257446,0.9193216562271118,0.08067857474088669,0.7393302321434021,0.9397168755531311,0.8994539976119995,0.9114432334899902
41.0,3.0,0.9191153645515442,0.08088455349206924,0.7965465784072876,0.9356948137283325,0.8974958062171936,0.9099739789962769,0.915655791759491,0.08434419333934784,0.8232613801956177,0.9335126876831055,0.8936643600463867,0.9078238010406494
41.0,4.0,0.918298602104187,0.08170182257890701,0.7910876870155334,0.9361916184425354,0.8959263563156128,0.9085155129432678,0.9189565777778625,0.08104302734136581,0.8509957790374756,0.9315235018730164,0.9001961946487427,0.9136754274368286
42.0,0.0,0.9185507893562317,0.08144921809434891,0.8055297136306763,0.935133159160614,0.8971813321113586,0.9100512266159058,0.9179661870002747,0.08203353732824326,0.7986016273498535,0.9357580542564392,0.8952582478523254,0.9075521230697632
42.0,1.0,0.9179855585098267,0.08201462775468826,0.8057330250740051,0.9351288676261902,0.8971348404884338,0.9101320505142212,0.9202509522438049,0.07974886894226074,0.8055754899978638,0.9357801675796509,0.8953003883361816,0.9072643518447876
42.0,2.0,0.9182170629501343,0.08178223669528961,0.821796178817749,0.9341460466384888,0.8961093425750732,0.9090856313705444,0.9193412661552429,0.08065887540578842,0.7486456036567688,0.9397172927856445,0.8994244337081909,0.9114571809768677
42.0,3.0,0.9191346168518066,0.08086535334587097,0.8030561804771423,0.9356943368911743,0.8975427150726318,0.9099907279014587,0.9156747460365295,0.08432511985301971,0.8288087844848633,0.9335125088691711,0.8937072157859802,0.9078360199928284
42.0,4.0,0.9183127880096436,0.08168687671422958,0.7974653840065002,0.936191976070404,0.895910918712616,0.9085302352905273,0.9189828038215637,0.0810171589255333,0.85700523853302,0.9315235614776611,0.9002131223678589,0.9137040972709656
43.0,0.0,0.9185671806335449,0.08143238723278046,0.8115825653076172,0.9351341128349304,0.8971502184867859,0.9100672006607056,0.9179795980453491,0.08202053606510162,0.8066964149475098,0.9357585310935974,0.8952314257621765,0.9075632095336914
43.0,1.0,0.9179985523223877,0.08200082927942276,0.8122957944869995,0.935128390789032,0.8971291780471802,0.9101417064666748,0.9202659726142883,0.07973408699035645,0.8112388849258423,0.9357803463935852,0.8952910304069519,0.9072775840759277
43.0,2.0,0.9182347059249878,0.08176600188016891,0.8282783627510071,0.9341458678245544,0.8961085081100464,0.9090971350669861,0.9193571209907532,0.08064296096563339,0.7524417042732239,0.9397169947624207,0.8994108438491821,0.9114713668823242
43.0,3.0,0.9191518425941467,0.08084806799888611,0.8095187544822693,0.9356951713562012,0.8975470066070557,0.9100049734115601,0.9156903028488159,0.08430983126163483,0.8344160914421082,0.9335125684738159,0.893711507320404,0.9078484773635864
43.0,4.0,0.918328583240509,0.08167224377393723,0.8034598231315613,0.9361928105354309,0.8959243893623352,0.9085399508476257,0.9189996719360352,0.0810001790523529,0.8652488589286804,0.9315232634544373,0.9001635313034058,0.9137169122695923
44.0,0.0,0.9185829758644104,0.08141688257455826,0.817581832408905,0.9351343512535095,0.8971573114395142,0.9100800156593323,0.917992115020752,0.08200788497924805,0.8122054934501648,0.9357585906982422,0.8952262997627258,0.9075707793235779
44.0,1.0,0.9180145859718323,0.08198583871126175,0.8182605504989624,0.9351284503936768,0.8971453309059143,0.9101529717445374,0.9202775955200195,0.07972249388694763,0.818172037601471,0.9357808232307434,0.8952827453613281,0.9072875380516052
44.0,2.0,0.9182440638542175,0.08175522834062576,0.8342414498329163,0.9341450929641724,0.8961231708526611,0.9091070890426636,0.9193710088729858,0.08062899112701416,0.7593259811401367,0.9397180080413818,0.8993975520133972,0.9114781022071838
44.0,3.0,0.9191628098487854,0.0808369442820549,0.8149161338806152,0.9356949329376221,0.8975589871406555,0.9100134968757629,0.9157078266143799,0.0842922031879425,0.8403590321540833,0.9335125088691711,0.8937045335769653,0.907861053943634
44.0,4.0,0.9183398485183716,0.08165953308343887,0.8091039657592773,0.9361912608146667,0.8959165811538696,0.9085505604743958,0.9190098643302917,0.08099006116390228,0.8681643009185791,0.9315234422683716,0.9002076983451843,0.9137248992919922
45.0,0.0,0.918596088886261,0.08140440285205841,0.82289719581604,0.9351337552070618,0.8971739411354065,0.9100898504257202,0.9180043935775757,0.08199579268693924,0.8178346157073975,0.9357590079307556,0.8952434062957764,0.9075793027877808
45.0,1.0,0.9180252552032471,0.08197417855262756,0.8236793875694275,0.935128390789032,0.8971523642539978,0.9101616144180298,0.9202897548675537,0.07970985770225525,0.8210945725440979,0.9357808828353882,0.8953173160552979,0.90729820728302
45.0,2.0,0.9182601571083069,0.08174023777246475,0.839735746383667,0.9341461062431335,0.8961503505706787,0.9091184139251709,0.9193812608718872,0.08061899244785309,0.7616919279098511,0.9397175312042236,0.8994565606117249,0.9114872217178345
45.0,3.0,0.9191770553588867,0.0808238536119461,0.8205808997154236,0.9356945753097534,0.897551953792572,0.9100236296653748,0.9157212376594543,0.0842788815498352,0.8488732576370239,0.933512806892395,0.8936901092529297,0.9078728556632996
45.0,4.0,0.9183520078659058,0.08164794743061066,0.8145480155944824,0.9361918568611145,0.8959234952926636,0.9085602164268494,0.9190217852592468,0.08097883313894272,0.8683836460113525,0.9315232038497925,0.9003347158432007,0.9137389063835144
46.0,0.0,0.9186059832572937,0.0813928097486496,0.8283423185348511,0.9351343512535095,0.8971840739250183,0.9100983738899231,0.91801518201828,0.08198431879281998,0.8234280347824097,0.9357585310935974,0.895252525806427,0.9075900316238403
46.0,1.0,0.9180400967597961,0.08196011185646057,0.8295297622680664,0.9351284503936768,0.897150993347168,0.9101725816726685,0.9203019738197327,0.07969792187213898,0.8287971615791321,0.9357805252075195,0.8953095078468323,0.9073081612586975
46.0,2.0,0.9182716608047485,0.08172878623008728,0.8446348905563354,0.9341460466384888,0.8961344957351685,0.9091274738311768,0.9193942546844482,0.08060552179813385,0.7698466777801514,0.939717710018158,0.8993970155715942,0.9114980101585388
46.0,3.0,0.9191877245903015,0.08081158995628357,0.8256891965866089,0.935694694519043,0.8975555896759033,0.9100324511528015,0.9157186150550842,0.08428120613098145,0.8468462228775024,0.9335123300552368,0.8937478065490723,0.9078822731971741
46.0,4.0,0.9183635711669922,0.08163608610630035,0.8194525837898254,0.9361929893493652,0.8959324955940247,0.9085691571235657,0.9190403819084167,0.08095970004796982,0.878614604473114,0.9315237402915955,0.9002048373222351,0.9137484431266785
47.0,0.0,0.9186220765113831,0.0813780277967453,0.8333267569541931,0.9351340532302856,0.8971737027168274,0.9101104140281677,0.9180242419242859,0.08197556436061859,0.829210638999939,0.9357589483261108,0.895263135433197,0.9075945019721985
47.0,1.0,0.9180511832237244,0.08194898068904877,0.8344031572341919,0.9351282119750977,0.8971476554870605,0.9101822972297668,0.9203101396560669,0.079689621925354,0.8331636786460876,0.9357802867889404,0.8953595161437988,0.9073135852813721
47.0,2.0,0.9182806611061096,0.08171842992305756,0.8499406576156616,0.9341458678245544,0.8961334824562073,0.9091350436210632,0.9194012880325317,0.08059857785701752,0.7729925513267517,0.9397169947624207,0.8994264602661133,0.911505401134491
47.0,3.0,0.9191964268684387,0.08080286532640457,0.8303108215332031,0.9356942176818848,0.8975523114204407,0.9100396037101746,0.9157523512840271,0.08424732089042664,0.8579232692718506,0.9335125088691711,0.8937239646911621,0.9078976511955261
47.0,4.0,0.9183762669563293,0.08162445574998856,0.8245223760604858,0.9361915588378906,0.8959453701972961,0.9085790514945984,0.9190526604652405,0.08094741404056549,0.8831391334533691,0.9315232634544373,0.9002467393875122,0.9137575030326843
48.0,0.0,0.918631911277771,0.08136864751577377,0.8384535908699036,0.9351340532302856,0.8971868753433228,0.9101161360740662,0.9180349707603455,0.08196529000997543,0.8330740332603455,0.9357587695121765,0.8952234983444214,0.9076051712036133
48.0,1.0,0.9180630445480347,0.08193717151880264,0.8386543393135071,0.9351282119750977,0.8971612453460693,0.9101913571357727,0.920318603515625,0.07968112826347351,0.8335629105567932,0.9357805848121643,0.8954073786735535,0.9073195457458496
48.0,2.0,0.9182933568954468,0.08170568197965622,0.8546448349952698,0.9341455698013306,0.8961473703384399,0.9091453552246094,0.9194084405899048,0.08059130609035492,0.7806097865104675,0.9397172331809998,0.899387001991272,0.9115116596221924
48.0,3.0,0.9192057251930237,0.08079458773136139,0.8346555829048157,0.9356946349143982,0.8975651860237122,0.9100460410118103,0.915757954120636,0.08424144238233566,0.8563054800033569,0.9335128664970398,0.893826425075531,0.9079055190086365
48.0,4.0,0.918385922908783,0.08161375671625137,0.8294275403022766,0.9361922740936279,0.8959528803825378,0.9085871577262878,0.919057309627533,0.08094274252653122,0.8874305486679077,0.9315234422683716,0.9002520442008972,0.9137623310089111
49.0,0.0,0.9186376333236694,0.08136196434497833,0.8433650135993958,0.9351333379745483,0.8972022533416748,0.9101236462593079,0.9180439114570618,0.08195576816797256,0.8397677540779114,0.9357583522796631,0.89521723985672,0.9076101183891296
49.0,1.0,0.9180696606636047,0.08192981779575348,0.8436536192893982,0.9351288080215454,0.8971684575080872,0.9101974964141846,0.9203012585639954,0.07969853281974792,0.8395454287528992,0.9357808232307434,0.8952327370643616,0.9073001742362976
49.0,2.0,0.9183032512664795,0.0816972479224205,0.8583932518959045,0.9341457486152649,0.8961573839187622,0.9091503620147705,0.9194202423095703,0.08057963848114014,0.7849394679069519,0.9397174119949341,0.8994036912918091,0.9115203619003296
49.0,3.0,0.9192087650299072,0.0807914137840271,0.8392239212989807,0.9356951713562012,0.8975600004196167,0.9100468754768372,0.9157707691192627,0.08422884345054626,0.8606629371643066,0.933513343334198,0.8938210010528564,0.9079161882400513
49.0,4.0,0.9183955192565918,0.08160462975502014,0.833187997341156,0.9361920356750488,0.8959850668907166,0.9085943698883057,0.9190653562545776,0.08093460649251938,0.8946247696876526,0.9315232038497925,0.9002296924591064,0.913768470287323
50.0,0.0,0.9186414480209351,0.08135845512151718,0.8471563458442688,0.9351341128349304,0.8971315026283264,0.9101260900497437,0.9180530309677124,0.08194629848003387,0.8418475389480591,0.9357588291168213,0.8952670693397522,0.9076186418533325
50.0,1.0,0.9180799722671509,0.08191975206136703,0.8476461172103882,0.9351290464401245,0.8971685171127319,0.910205066204071,0.9203335046768188,0.07966694980859756,0.8460283875465393,0.9357801079750061,0.8953169584274292,0.9073305130004883
50.0,2.0,0.9183117747306824,0.08168872445821762,0.8630847930908203,0.9341455698013306,0.8961578607559204,0.9091583490371704,0.9194263815879822,0.08057364076375961,0.7870030999183655,0.9397172331809998,0.899350643157959,0.9115244150161743
50.0,3.0,0.9192230105400085,0.08077681809663773,0.8427535891532898,0.9356944561004639,0.8975762724876404,0.9100608229637146,0.9157825112342834,0.0842176228761673,0.8669636249542236,0.9335125088691711,0.8937990665435791,0.907924473285675
50.0,4.0,0.9184036254882812,0.08159621804952621,0.8373634815216064,0.9361920356750488,0.8959713578224182,0.9086012244224548,0.9190756678581238,0.08092427998781204,0.8973133563995361,0.9315232038497925,0.9002684950828552,0.9137747287750244
51.0,0.0,0.918658435344696,0.08134177327156067,0.8515090346336365,0.9351333379745483,0.8972074389457703,0.9101383090019226,0.9180660843849182,0.0819336324930191,0.8465335965156555,0.9357587099075317,0.8952677249908447,0.9076299667358398
51.0,1.0,0.9180883765220642,0.08191162347793579,0.8519106507301331,0.9351280927658081,0.8971814513206482,0.9102120399475098,0.9203444719314575,0.07965532690286636,0.8496152758598328,0.9357799291610718,0.8953827619552612,0.9073401689529419
51.0,2.0,0.9183205962181091,0.08168059587478638,0.8674549460411072,0.9341458082199097,0.8961717486381531,0.90916508436203,0.9194321036338806,0.08056769520044327,0.7891352772712708,0.9397174715995789,0.8994444012641907,0.9115296006202698
51.0,3.0,0.9192310571670532,0.08076900988817215,0.8478366136550903,0.935695230960846,0.8975847363471985,0.9100672602653503,0.9157963991165161,0.08420360833406448,0.8741675019264221,0.933512806892395,0.8937878012657166,0.907932698726654
51.0,4.0,0.9184128642082214,0.0815872922539711,0.8419404029846191,0.936191737651825,0.8959741592407227,0.9086074829101562,0.9190791249275208,0.08092054724693298,0.903536856174469,0.9315236806869507,0.9002541899681091,0.9137765765190125
52.0,0.0,0.9186643362045288,0.08133577555418015,0.8564735054969788,0.9351337552070618,0.8972174525260925,0.9101430177688599,0.9180734157562256,0.08192604780197144,0.8506603837013245,0.9357588291168213,0.8952768445014954,0.9076353907585144
52.0,1.0,0.9180947542190552,0.0819055587053299,0.855898380279541,0.9351284503936768,0.8971884846687317,0.9102169275283813,0.9203535318374634,0.07964614033699036,0.8546262383460999,0.93578040599823,0.8953972458839417,0.9073473215103149
52.0,2.0,0.9183297753334045,0.08166968822479248,0.871496319770813,0.9341458678245544,0.8961971998214722,0.9091730117797852,0.9194421172142029,0.08055830001831055,0.7955120801925659,0.9397176504135132,0.8994361758232117,0.9115362167358398
52.0,3.0,0.9192392826080322,0.08076079189777374,0.8519794344902039,0.935695230960846,0.8975944519042969,0.9100727438926697,0.9157997965812683,0.08420049399137497,0.8793113827705383,0.9335129857063293,0.8937923908233643,0.9079360365867615
52.0,4.0,0.9184180498123169,0.08158109337091446,0.8459479808807373,0.9361916184425354,0.895989716053009,0.908612847328186,0.9190860986709595,0.08091403543949127,0.9082508087158203,0.9315231442451477,0.9002306461334229,0.9137839078903198
53.0,0.0,0.918674111366272,0.08132649958133698,0.8602637648582458,0.9351333975791931,0.8972317576408386,0.9101495146751404,0.9180799722671509,0.08191968500614166,0.8546207547187805,0.9357587695121765,0.895298957824707,0.9076417088508606
53.0,1.0,0.918106198310852,0.08189444988965988,0.8605788946151733,0.9351286888122559,0.8972139954566956,0.9102256298065186,0.9203583002090454,0.07964176684617996,0.8568410873413086,0.9357802867889404,0.8954390287399292,0.9073511362075806
53.0,2.0,0.9183332324028015,0.08166562020778656,0.8764191269874573,0.9341463446617126,0.8962010145187378,0.9091789722442627,0.9194456338882446,0.08055421710014343,0.798526406288147,0.9397181868553162,0.8994547128677368,0.9115400314331055
53.0,3.0,0.9192453026771545,0.08075524121522903,0.8566055297851562,0.93569415807724,0.897604763507843,0.9100779891014099,0.9158028960227966,0.08419685810804367,0.8880935311317444,0.9335123300552368,0.8937548398971558,0.9079389572143555
53.0,4.0,0.9184276461601257,0.08157293498516083,0.8504768013954163,0.936191737651825,0.8959913849830627,0.9086197018623352,0.9190967082977295,0.08090344816446304,0.9092875719070435,0.9315230250358582,0.9002720713615417,0.9137908220291138
54.0,0.0,0.9186802506446838,0.08131954818964005,0.8649135828018188,0.9351335167884827,0.8972381949424744,0.9101565480232239,0.918083131313324,0.0819166973233223,0.8540627360343933,0.9357589483261108,0.8953506946563721,0.9076459407806396
54.0,1.0,0.9181097745895386,0.08188852667808533,0.8648983240127563,0.9351279139518738,0.8972131609916687,0.9102289080619812,0.9203646779060364,0.07963524013757706,0.8634573817253113,0.935779869556427,0.8953933715820312,0.9073556065559387
54.0,2.0,0.9183411002159119,0.08165797591209412,0.8803708553314209,0.934145987033844,0.8962044715881348,0.9091822504997253,0.9194508194923401,0.08054926246404648,0.8065587282180786,0.9397174715995789,0.8994241952896118,0.9115462303161621
54.0,3.0,0.9192491769790649,0.08075074106454849,0.8603678345680237,0.9356951713562012,0.8976109027862549,0.9100815653800964,0.9158157706260681,0.0841846689581871,0.8884080052375793,0.9335128664970398,0.8938032984733582,0.9079471826553345
54.0,4.0,0.9184322953224182,0.08156773447990417,0.8546585440635681,0.9361917972564697,0.8960020542144775,0.9086227416992188,0.9191007614135742,0.08089946210384369,0.9132557511329651,0.9315232634544373,0.9002971053123474,0.913794219493866
55.0,0.0,0.91868656873703,0.08131266385316849,0.8682518005371094,0.9351338744163513,0.8972498178482056,0.9101626873016357,0.9180933833122253,0.08190631866455078,0.8600168824195862,0.9357587099075317,0.8953356146812439,0.907652735710144
55.0,1.0,0.9181205034255981,0.0818801149725914,0.8691039681434631,0.935128390789032,0.8972160220146179,0.910237193107605,0.9203681945800781,0.07963115721940994,0.8636985421180725,0.9357805848121643,0.8954430222511292,0.9073610305786133
55.0,2.0,0.9183475971221924,0.08165238797664642,0.8844876289367676,0.934146523475647,0.8962132930755615,0.9091891050338745,0.919461190700531,0.08053863048553467,0.807835042476654,0.939717710018158,0.899443507194519,0.911552369594574
55.0,3.0,0.9192588925361633,0.0807417556643486,0.8642852306365967,0.9356944561004639,0.897612452507019,0.9100884795188904,0.915825605392456,0.084174744784832,0.8911378979682922,0.933512806892395,0.8938277959823608,0.9079549908638
55.0,4.0,0.918439507484436,0.08156123012304306,0.8583558797836304,0.9361920952796936,0.8959971070289612,0.9086301922798157,0.9191074967384338,0.08089280128479004,0.9163894057273865,0.931523323059082,0.9003335237503052,0.9138045907020569
56.0,0.0,0.9186943173408508,0.08130563050508499,0.8719245791435242,0.9351329803466797,0.8972495198249817,0.9101675748825073,0.9181004762649536,0.08189918845891953,0.8664717078208923,0.9357589483261108,0.8953104019165039,0.9076581001281738
56.0,1.0,0.9181280136108398,0.08187323063611984,0.8729485273361206,0.9351286292076111,0.8972252011299133,0.9102436304092407,0.9203788042068481,0.07962125539779663,0.8685423731803894,0.9357806444168091,0.8954321146011353,0.9073667526245117
56.0,2.0,0.9183541536331177,0.08164507895708084,0.887414276599884,0.9341456294059753,0.8962104916572571,0.9091955423355103,0.919465184211731,0.08053525537252426,0.8103258609771729,0.939717173576355,0.899476170539856,0.9115561246871948
56.0,3.0,0.9192664623260498,0.0807340145111084,0.8676500916481018,0.9356943964958191,0.8976260423660278,0.9100947380065918,0.9158353805541992,0.08416496217250824,0.8955946564674377,0.933512806892395,0.8938453197479248,0.9079614281654358
56.0,4.0,0.918445348739624,0.08155474811792374,0.8615129590034485,0.936191737651825,0.8960122466087341,0.9086355566978455,0.9191225171089172,0.08087791502475739,0.9225043654441833,0.9315237402915955,0.9002910256385803,0.9138129949569702
57.0,0.0,0.9187004566192627,0.0812993198633194,0.8754544854164124,0.93513423204422,0.8972576856613159,0.9101728200912476,0.9181078672409058,0.08189158141613007,0.8713665008544922,0.9357593059539795,0.8953084945678711,0.9076642990112305
57.0,1.0,0.9181311726570129,0.0818687230348587,0.8752056956291199,0.9351286888122559,0.8972222805023193,0.9102472066879272,0.9203817844390869,0.07961784303188324,0.8728346824645996,0.9357808828353882,0.8954288959503174,0.9073694944381714
57.0,2.0,0.9183611273765564,0.08163867145776749,0.890866219997406,0.9341460466384888,0.8962294459342957,0.9091994762420654,0.9194692969322205,0.08053092658519745,0.8145212531089783,0.9397169947624207,0.899437427520752,0.9115607142448425
57.0,3.0,0.9192718267440796,0.08072729408740997,0.8708918690681458,0.9356939792633057,0.8976275324821472,0.9100998640060425,0.915839433670044,0.0841609388589859,0.8967499136924744,0.933512806892395,0.8938694000244141,0.9079655408859253
57.0,4.0,0.9184532761573792,0.08154705166816711,0.8647576570510864,0.936191976070404,0.8960180282592773,0.9086399674415588,0.9191279411315918,0.08087212592363358,0.9270128607749939,0.931523323059082,0.9002926349639893,0.9138173460960388
58.0,0.0,0.9187048673629761,0.08129537105560303,0.8790720105171204,0.9351336359977722,0.8972654342651367,0.910175085067749,0.9181151986122131,0.08188464492559433,0.8752997517585754,0.9357593059539795,0.8952845335006714,0.9076715111732483
58.0,1.0,0.9181364178657532,0.08186378329992294,0.8794712424278259,0.935128927230835,0.897223711013794,0.9102499485015869,0.9203845262527466,0.07961514592170715,0.8753121495246887,0.9357807636260986,0.8954355716705322,0.9073716402053833
58.0,2.0,0.9183678030967712,0.08163277059793472,0.8944076895713806,0.9341458082199097,0.8962132930755615,0.9092053174972534,0.9194761514663696,0.0805235207080841,0.8192173838615417,0.9397174715995789,0.8994663953781128,0.9115639328956604
58.0,3.0,0.9192736744880676,0.08072642982006073,0.8744178414344788,0.9356951713562012,0.8976202607154846,0.9101026058197021,0.9158359169960022,0.08416418731212616,0.9007460474967957,0.9335131049156189,0.8938787579536438,0.9079665541648865
58.0,4.0,0.9184548854827881,0.08154509216547012,0.868516743183136,0.9361927509307861,0.8960086703300476,0.9086416959762573,0.919124960899353,0.08087477833032608,0.9279255270957947,0.9315231442451477,0.9003574252128601,0.913811445236206
59.0,0.0,0.9187061786651611,0.08129328489303589,0.8824183344841003,0.9351337552070618,0.897262454032898,0.9101781249046326,0.9181180596351624,0.0818815603852272,0.8753712177276611,0.9357589483261108,0.8952256441116333,0.9076710939407349
59.0,1.0,0.9181458353996277,0.08185408264398575,0.8825935125350952,0.9351288676261902,0.8972226977348328,0.9102572798728943,0.9203896522521973,0.07961024343967438,0.8797522783279419,0.9357808232307434,0.8954089879989624,0.907375693321228
59.0,2.0,0.9183720946311951,0.08162712305784225,0.8979377746582031,0.9341457486152649,0.8962098360061646,0.9092090129852295,0.9194841384887695,0.08051609992980957,0.8192085027694702,0.9397181272506714,0.8995274305343628,0.9115710854530334
59.0,3.0,0.9192807078361511,0.0807202085852623,0.8775182962417603,0.9356955885887146,0.8976185321807861,0.9101070761680603,0.9158479571342468,0.08415190875530243,0.9042859673500061,0.9335128664970398,0.8938456177711487,0.9079722762107849
59.0,4.0,0.9184604287147522,0.0815400630235672,0.8716853857040405,0.9361917972564697,0.8960082530975342,0.9086472392082214,0.9191367030143738,0.08086329698562622,0.9322711229324341,0.9315232038497925,0.900320291519165,0.9138257503509521
60.0,0.0,0.918717622756958,0.08128141611814499,0.885015606880188,0.9351335167884827,0.897267758846283,0.9101848006248474,0.918125331401825,0.08187428116798401,0.8784120678901672,0.9357584714889526,0.8952920436859131,0.9076752066612244
60.0,1.0,0.9181534051895142,0.08184683322906494,0.8849762082099915,0.9351291060447693,0.8972326517105103,0.9102612137794495,0.9203982353210449,0.07960152626037598,0.8804740309715271,0.9357806444168091,0.8954417705535889,0.9073803424835205
60.0,2.0,0.9183834195137024,0.0816168263554573,0.8996438980102539,0.934146523475647,0.8962227702140808,0.9092130064964294,0.9194917678833008,0.08050813525915146,0.8225352764129639,0.9397174119949341,0.8994824886322021,0.9115755558013916
60.0,3.0,0.9192924499511719,0.08070793002843857,0.8792012929916382,0.9356951713562012,0.8976320028305054,0.9101135730743408,0.9158578515052795,0.0841420367360115,0.9062116742134094,0.9335125088691711,0.8938571810722351,0.9079778790473938
60.0,4.0,0.9184730052947998,0.08152775466442108,0.87288898229599,0.9361923933029175,0.89601731300354,0.9086526036262512,0.9191454648971558,0.08085452765226364,0.9330357313156128,0.9315234422683716,0.9003300070762634,0.9138291478157043
61.0,0.0,0.918725311756134,0.0812736377120018,0.8862324953079224,0.93513423204422,0.8972809314727783,0.9101890325546265,0.9181331992149353,0.08186669647693634,0.8797433972358704,0.9357588291168213,0.8952939510345459,0.9076815247535706
61.0,1.0,0.9181588292121887,0.08184114843606949,0.8865172863006592,0.9351283311843872,0.8972411751747131,0.9102648496627808,0.9204033017158508,0.07959704846143723,0.8817339539527893,0.9357806444168091,0.8954530358314514,0.9073845744132996
61.0,2.0,0.918387770652771,0.08161210268735886,0.9010445475578308,0.9341467022895813,0.896233081817627,0.9092162847518921,0.919494092464447,0.08050527423620224,0.8235633969306946,0.9397176504135132,0.8994923233985901,0.9115768074989319
61.0,3.0,0.9192949533462524,0.08070491999387741,0.8804857134819031,0.9356943964958191,0.8976378440856934,0.9101158976554871,0.9158638119697571,0.08413595706224442,0.9084039330482483,0.933512806892395,0.8938615918159485,0.9079828858375549
61.0,4.0,0.9184762835502625,0.08152396976947784,0.8742309212684631,0.936191737651825,0.8960234522819519,0.9086573123931885,0.9191476106643677,0.08085289597511292,0.9339832663536072,0.9315237402915955,0.9003322124481201,0.9138302206993103
62.0,0.0,0.9187290668487549,0.08127056807279587,0.887333869934082,0.9351333975791931,0.897283673286438,0.9101927876472473,0.9181361794471741,0.0818636566400528,0.8826484680175781,0.9357590079307556,0.8952890634536743,0.9076850414276123
62.0,1.0,0.9181606769561768,0.08183842897415161,0.8877654075622559,0.9351290464401245,0.8972432613372803,0.91026771068573,0.9204052686691284,0.07959491014480591,0.8826460242271423,0.9357805252075195,0.8954571485519409,0.9073866009712219
62.0,2.0,0.9183893799781799,0.08160989731550217,0.9022703766822815,0.9341462254524231,0.8962333798408508,0.9092184901237488,0.9194976091384888,0.08050242811441422,0.8250619173049927,0.939717173576355,0.8994943499565125,0.9115797281265259
62.0,3.0,0.9192971587181091,0.08070281893014908,0.8816268444061279,0.9356956481933594,0.897638201713562,0.9101165533065796,0.9158689975738525,0.08413087576627731,0.909613311290741,0.9335124492645264,0.8938755393028259,0.9079866409301758
62.0,4.0,0.918478786945343,0.08152125775814056,0.8753479719161987,0.9361929893493652,0.896029531955719,0.9086573719978333,0.919147789478302,0.0808517262339592,0.9349894523620605,0.9315237998962402,0.900332510471344,0.9138306975364685
63.0,0.0,0.9187313318252563,0.08126819878816605,0.8886629939079285,0.9351335167884827,0.8972887396812439,0.9101946353912354,0.9181382060050964,0.08186192065477371,0.8834534287452698,0.9357587695121765,0.8952921628952026,0.9076861143112183
63.0,1.0,0.918163537979126,0.08183614164590836,0.8890373706817627,0.9351286888122559,0.8972442150115967,0.9102698564529419,0.9204066395759583,0.07959301024675369,0.8838981986045837,0.9357807636260986,0.8954589366912842,0.9073883295059204
63.0,2.0,0.918391764163971,0.08160745352506638,0.9036327004432678,0.9341467618942261,0.8962392807006836,0.9092206954956055,0.9194989800453186,0.08050115406513214,0.8262056708335876,0.939717173576355,0.8994969129562378,0.9115809798240662
63.0,3.0,0.9192986488342285,0.0807013213634491,0.8830341100692749,0.9356957077980042,0.8976398706436157,0.9101191759109497,0.9158714413642883,0.08412860333919525,0.9109833836555481,0.9335130453109741,0.893873393535614,0.9079886078834534
63.0,4.0,0.9184808135032654,0.0815194696187973,0.8765975832939148,0.9361912608146667,0.8960278034210205,0.9086599349975586,0.9191499948501587,0.08085005730390549,0.9371196031570435,0.9315231442451477,0.900332510471344,0.9138323664665222
64.0,0.0,0.9187337160110474,0.08126657456159592,0.8900359272956848,0.9351332783699036,0.8972901105880737,0.9101969599723816,0.9181402325630188,0.08185973018407822,0.8847189545631409,0.9357588291168213,0.8952862024307251,0.9076884984970093
64.0,1.0,0.9181665778160095,0.08183413743972778,0.890144944190979,0.9351282119750977,0.8972459435462952,0.9102717041969299,0.9204084277153015,0.07959160208702087,0.8850219249725342,0.93578040599823,0.895464301109314,0.9073892831802368
64.0,2.0,0.9183946847915649,0.0816057100892067,0.9047940373420715,0.9341467618942261,0.8962404131889343,0.9092226028442383,0.9195005297660828,0.08049928396940231,0.8272686004638672,0.939717710018158,0.8994967937469482,0.9115827679634094
64.0,3.0,0.9192999005317688,0.08069971948862076,0.8842195868492126,0.9356953501701355,0.8976421356201172,0.9101200103759766,0.915873646736145,0.0841265320777893,0.9122994542121887,0.9335128664970398,0.8938786387443542,0.9079904556274414
64.0,4.0,0.9184820055961609,0.08151780813932419,0.8779225945472717,0.936191737651825,0.8960326313972473,0.908661425113678,0.9191507697105408,0.08084908127784729,0.9383944272994995,0.9315237998962402,0.9003390073776245,0.9138335585594177
65.0,0.0,0.9187349677085876,0.08126489818096161,0.8913698196411133,0.9351338148117065,0.8972939252853394,0.9101976752281189,0.9181414246559143,0.08185850083827972,0.8860206007957458,0.9357589483261108,0.8952887058258057,0.9076897501945496
65.0,1.0,0.9181666970252991,0.08183261752128601,0.8914617896080017,0.9351284503936768,0.8972482085227966,0.9102733135223389,0.9204099178314209,0.0795903205871582,0.8864693641662598,0.9357805848121643,0.8954616785049438,0.9073904752731323
65.0,2.0,0.9183960556983948,0.08160422742366791,0.9062610864639282,0.934146523475647,0.8962382078170776,0.909225344657898,0.9195018410682678,0.08049779385328293,0.8282167315483093,0.9397174119949341,0.8995031118392944,0.9115841388702393
65.0,3.0,0.9193016290664673,0.08069832623004913,0.8854066133499146,0.9356951117515564,0.8976463079452515,0.910121500492096,0.9158754348754883,0.08412443101406097,0.9132387042045593,0.9335126876831055,0.8938765525817871,0.9079930186271667
65.0,4.0,0.9184832572937012,0.08151637017726898,0.8790920972824097,0.9361906051635742,0.8960317373275757,0.9086621999740601,0.9191535115242004,0.08084667474031448,0.9399490356445312,0.931523323059082,0.9003393650054932,0.9138346910476685
66.0,0.0,0.9187374114990234,0.08126331120729446,0.8924850821495056,0.9351335167884827,0.8972952961921692,0.9102002382278442,0.9181419014930725,0.08185770362615585,0.8867902159690857,0.9357591867446899,0.8952898979187012,0.9076895713806152
66.0,1.0,0.9181687235832214,0.08183114975690842,0.8925445675849915,0.9351279139518738,0.8972519040107727,0.910274088382721,0.9204109311103821,0.07958932220935822,0.8878045678138733,0.9357802867889404,0.8954647183418274,0.9073910117149353
66.0,2.0,0.918396532535553,0.08160286396741867,0.9073547720909119,0.934145450592041,0.8962412476539612,0.9092244505882263,0.9195032715797424,0.08049658685922623,0.8299790024757385,0.9397174715995789,0.8995023965835571,0.9115848541259766
66.0,3.0,0.9193037748336792,0.08069705963134766,0.8864116668701172,0.9356966614723206,0.8976467251777649,0.910123348236084,0.915877103805542,0.08412298560142517,0.9144014716148376,0.933512806892395,0.8938747048377991,0.907994270324707
66.0,4.0,0.9184839725494385,0.08151503652334213,0.8800745010375977,0.9361918568611145,0.8960341215133667,0.9086640477180481,0.9191548228263855,0.08084511011838913,0.9412718415260315,0.9315232038497925,0.9003400802612305,0.9138370156288147
67.0,0.0,0.9187383651733398,0.08126184344291687,0.8936035633087158,0.9351329803466797,0.8972952961921692,0.9102008938789368,0.9181439876556396,0.08185616135597229,0.8875645399093628,0.9357590079307556,0.8952944874763489,0.907691478729248
67.0,1.0,0.918170154094696,0.08182970434427261,0.8936000466346741,0.9351286292076111,0.897251546382904,0.9102753400802612,0.9204119443893433,0.07958775758743286,0.8879936337471008,0.9357805848121643,0.8954695463180542,0.9073932766914368
67.0,2.0,0.9183982014656067,0.08160130679607391,0.9083402156829834,0.9341460466384888,0.8962438702583313,0.9092259407043457,0.9195044040679932,0.08049522340297699,0.8302457928657532,0.9397178888320923,0.8995044231414795,0.9115868210792542
67.0,3.0,0.9193053841590881,0.08069529384374619,0.8874684572219849,0.9356951117515564,0.8976487517356873,0.9101237058639526,0.9158782958984375,0.08412210643291473,0.9150264859199524,0.933512806892395,0.8938761353492737,0.9079949855804443
67.0,4.0,0.9184859395027161,0.08151379972696304,0.8810528516769409,0.9361915588378906,0.8960346579551697,0.9086644649505615,0.9191574454307556,0.08084208518266678,0.9422066807746887,0.9315235018730164,0.9003461599349976,0.9138395190238953
68.0,0.0,0.9187384843826294,0.08126022666692734,0.8945234417915344,0.9351333975791931,0.8972967863082886,0.9102004170417786,0.9181445837020874,0.08185514807701111,0.8889968991279602,0.9357590079307556,0.8952961564064026,0.9076915383338928
68.0,1.0,0.9181711673736572,0.08182800561189651,0.8945993781089783,0.9351285696029663,0.8972538709640503,0.9102762937545776,0.920413076877594,0.07958679646253586,0.8894112706184387,0.9357808828353882,0.8954727649688721,0.9073938727378845
68.0,2.0,0.9184010028839111,0.08159973472356796,0.9095437526702881,0.9341452121734619,0.896246612071991,0.9092277884483337,0.9195062518119812,0.08049380034208298,0.8318974375724792,0.9397179484367371,0.8995028734207153,0.9115878939628601
68.0,3.0,0.9193052649497986,0.08069402724504471,0.8884843587875366,0.9356963634490967,0.8976508975028992,0.9101253747940063,0.9158796072006226,0.08412043750286102,0.9171433448791504,0.9335124492645264,0.8938770294189453,0.9079961180686951
68.0,4.0,0.9184871912002563,0.08151254802942276,0.8822270631790161,0.9361918568611145,0.8960373401641846,0.9086657762527466,0.9191586375236511,0.08084108680486679,0.9434128403663635,0.9315229654312134,0.9003502130508423,0.9138402938842773
69.0,0.0,0.918740451335907,0.08125891536474228,0.895817220211029,0.9351336359977722,0.8972987532615662,0.9102031588554382,0.9181461334228516,0.08185374736785889,0.8895024657249451,0.9357585310935974,0.8953055143356323,0.9076932072639465
69.0,1.0,0.9181730151176453,0.08182667195796967,0.8958681225776672,0.9351276755332947,0.8972600102424622,0.9102774262428284,0.9204139709472656,0.07958589494228363,0.890487015247345,0.9357808828353882,0.8954728245735168,0.9073944687843323
69.0,2.0,0.9184011816978455,0.08159863948822021,0.9105470180511475,0.9341467022895813,0.8962521553039551,0.9092285633087158,0.9195072054862976,0.08049259334802628,0.8327513337135315,0.939717710018158,0.8995034694671631,0.9115884304046631
69.0,3.0,0.9193075895309448,0.08069278299808502,0.8896047472953796,0.9356951117515564,0.897651195526123,0.9101256728172302,0.9158814549446106,0.0841190293431282,0.9174566864967346,0.9335120916366577,0.8938916325569153,0.907997190952301
69.0,4.0,0.9184879660606384,0.08151127398014069,0.8832740187644958,0.9361925721168518,0.8960380554199219,0.9086666107177734,0.9191601872444153,0.08083987236022949,0.943830668926239,0.9315237998962402,0.9003518223762512,0.9138421416282654
70.0,0.0,0.9187423586845398,0.08125767111778259,0.8968343734741211,0.93513423204422,0.897300124168396,0.9102040529251099,0.918147623538971,0.08185242861509323,0.8914926648139954,0.9357592463493347,0.8953026533126831,0.9076939821243286
70.0,1.0,0.9181733727455139,0.08182555437088013,0.8969376087188721,0.935128927230835,0.8972607254981995,0.9102780222892761,0.9204158186912537,0.07958418875932693,0.8914304375648499,0.9357801675796509,0.895465612411499,0.9073958396911621
70.0,2.0,0.9184024930000305,0.08159720152616501,0.9116675853729248,0.9341449737548828,0.8962507843971252,0.9092300534248352,0.919508159160614,0.08049121499061584,0.8340490460395813,0.9397176504135132,0.8995044231414795,0.9115890264511108
70.0,3.0,0.9193090200424194,0.08069156110286713,0.8908191323280334,0.9356949329376221,0.8976545929908752,0.9101269245147705,0.91588294506073,0.08411720395088196,0.9189597964286804,0.9335124492645264,0.8938872218132019,0.9079986214637756
70.0,4.0,0.9184901118278503,0.08150950074195862,0.8844769597053528,0.9361921548843384,0.8960398435592651,0.9086678624153137,0.9191601872444153,0.08083923906087875,0.9444171190261841,0.9315235018730164,0.900353729724884,0.9138425588607788
71.0,0.0,0.9187445640563965,0.08125554025173187,0.8977408409118652,0.9351344704627991,0.8973035216331482,0.9102060794830322,0.9181492924690247,0.08185082674026489,0.892355740070343,0.9357587695121765,0.8953117728233337,0.9076959490776062
71.0,1.0,0.9181769490242004,0.0818231925368309,0.8981257081031799,0.9351286888122559,0.8972639441490173,0.9102810621261597,0.9204171299934387,0.079583078622818,0.8922272324562073,0.9357806444168091,0.8954644799232483,0.9073965549468994
71.0,2.0,0.9184043407440186,0.0815955176949501,0.9128357768058777,0.9341467618942261,0.8962550759315491,0.9092320799827576,0.919511079788208,0.08048834651708603,0.8349712491035461,0.9397180080413818,0.8995023965835571,0.9115930795669556
71.0,3.0,0.9193100929260254,0.08068989217281342,0.8917382955551147,0.9356955885887146,0.8976548910140991,0.9101290702819824,0.9158859252929688,0.08411434292793274,0.9201947450637817,0.9335127472877502,0.8938969969749451,0.9080016016960144
71.0,4.0,0.9184926748275757,0.0815076157450676,0.885522186756134,0.9361913800239563,0.8960428237915039,0.90867018699646,0.919161856174469,0.0808381512761116,0.9466210603713989,0.9315234422683716,0.9003535509109497,0.9138432145118713
72.0,0.0,0.9187455177307129,0.08125424385070801,0.8990120887756348,0.9351341128349304,0.8973038196563721,0.910205602645874,0.9181504249572754,0.0818495899438858,0.8935219049453735,0.9357588291168213,0.8953112363815308,0.9076962471008301
72.0,1.0,0.9181777834892273,0.08182212710380554,0.8990501165390015,0.9351285696029663,0.8972669243812561,0.9102817177772522,0.920418381690979,0.07958157360553741,0.8940516710281372,0.9357805848121643,0.89546138048172,0.9073977470397949
72.0,2.0,0.9184050559997559,0.08159416168928146,0.9137571454048157,0.9341462254524231,0.8962552547454834,0.9092323780059814,0.9195120334625244,0.08048741519451141,0.8356561660766602,0.9397175312042236,0.8995115756988525,0.9115930795669556
72.0,3.0,0.9193112254142761,0.08068867772817612,0.8926208019256592,0.9356956481933594,0.8976604342460632,0.9101295471191406,0.9158874750137329,0.08411245048046112,0.9210265874862671,0.9335130453109741,0.8939006924629211,0.908003568649292
72.0,4.0,0.9184941053390503,0.08150622248649597,0.8865008354187012,0.936191976070404,0.896045982837677,0.9086716771125793,0.919163167476654,0.08083696663379669,0.9474930167198181,0.9315235018730164,0.9003540277481079,0.9138437509536743
73.0,0.0,0.9187465906143188,0.0812530592083931,0.8999134302139282,0.9351338744163513,0.8973085284233093,0.9102070331573486,0.9181515574455261,0.08184842020273209,0.8942035436630249,0.9357591867446899,0.8953112959861755,0.9076979756355286
73.0,1.0,0.9181793332099915,0.08182081580162048,0.9002233743667603,0.9351284503936768,0.8972690105438232,0.9102828502655029,0.9204190969467163,0.07958056777715683,0.8947883248329163,0.9357805848121643,0.89546138048172,0.9073991775512695
73.0,2.0,0.9184072017669678,0.08159291744232178,0.914845883846283,0.9341457486152649,0.8962568044662476,0.9092345833778381,0.919512927532196,0.08048617094755173,0.8377009630203247,0.939717710018158,0.8995116949081421,0.9115938544273376
73.0,3.0,0.9193136692047119,0.08068754523992538,0.8939159512519836,0.9356944561004639,0.8976569771766663,0.9101305603981018,0.9158891439437866,0.08411084115505219,0.9221981763839722,0.9335126876831055,0.8939031958580017,0.9080049395561218
73.0,4.0,0.9184945225715637,0.0815051943063736,0.8876574635505676,0.9361928701400757,0.8960450887680054,0.9086721539497375,0.919164776802063,0.08083527535200119,0.9481675624847412,0.9315236806869507,0.9003579616546631,0.9138452410697937
74.0,0.0,0.9187490344047546,0.08125174045562744,0.9010879397392273,0.9351341128349304,0.8973070383071899,0.9102087020874023,0.9181526303291321,0.08184730261564255,0.8957052230834961,0.9357585906982422,0.8953050374984741,0.9076986312866211
74.0,1.0,0.9181799292564392,0.08181930333375931,0.9014565348625183,0.9351290464401245,0.8972680568695068,0.9102840423583984,0.9204203486442566,0.07957965135574341,0.8957384824752808,0.9357811212539673,0.8954600095748901,0.9073992967605591
74.0,2.0,0.9184089303016663,0.08159153908491135,0.9160608649253845,0.934146523475647,0.8962547779083252,0.9092352390289307,0.9195150136947632,0.0804847702383995,0.8381994366645813,0.939717173576355,0.8995093107223511,0.9115955829620361
74.0,3.0,0.9193146824836731,0.08068609237670898,0.8949455618858337,0.9356951713562012,0.8976563215255737,0.910132110118866,0.9158909320831299,0.08410903811454773,0.9237509369850159,0.9335125088691711,0.893893837928772,0.9080065488815308
74.0,4.0,0.9184966087341309,0.08150368928909302,0.8888317942619324,0.9361921548843384,0.8960428833961487,0.9086735248565674,0.9191665649414062,0.08083361387252808,0.9492213726043701,0.9315232634544373,0.9003615379333496,0.9138470888137817
75.0,0.0,0.9187495708465576,0.08125011622905731,0.9021839499473572,0.9351341128349304,0.8973080515861511,0.9102100133895874,0.9181535243988037,0.08184625953435898,0.8966012001037598,0.9357592463493347,0.8953030705451965,0.9076994061470032
75.0,1.0,0.9181818962097168,0.08181785047054291,0.902409017086029,0.9351283311843872,0.897266149520874,0.9102857112884521,0.9204216599464417,0.07957831770181656,0.8975839614868164,0.9357805848121643,0.895466148853302,0.907400906085968
75.0,2.0,0.9184098839759827,0.08159014582633972,0.9171196818351746,0.9341467022895813,0.8962566256523132,0.9092357754707336,0.9195162653923035,0.08048353344202042,0.8390890955924988,0.9397176504135132,0.899511456489563,0.9115967154502869
75.0,3.0,0.9193152785301208,0.08068505674600601,0.8960748910903931,0.9356949329376221,0.8976570963859558,0.9101329445838928,0.915893018245697,0.08410730212926865,0.9247279763221741,0.9335129857063293,0.8938948512077332,0.9080077409744263
75.0,4.0,0.9184975624084473,0.08150243759155273,0.8897960186004639,0.9361910223960876,0.8960422873497009,0.9086746573448181,0.9191668033599854,0.08083271980285645,0.9509040713310242,0.9315232038497925,0.9003612995147705,0.913847804069519
76.0,0.0,0.9187517762184143,0.08124886453151703,0.9032609462738037,0.9351338744163513,0.8973065614700317,0.9102115631103516,0.9181552529335022,0.0818442702293396,0.8976253867149353,0.9357593059539795,0.8953080177307129,0.9077009558677673
76.0,1.0,0.9181843400001526,0.08181653916835785,0.9033462405204773,0.9351280927658081,0.8972650766372681,0.9102867245674133,0.9204230904579163,0.07957706600427628,0.897979199886322,0.9357803463935852,0.8954681754112244,0.9074023962020874
76.0,2.0,0.9184114933013916,0.08158861100673676,0.9180911183357239,0.934146523475647,0.896254301071167,0.9092374444007874,0.9195175766944885,0.0804823487997055,0.8393936157226562,0.9397179484367371,0.8995093107223511,0.9115979075431824
76.0,3.0,0.9193167686462402,0.08068349957466125,0.8968592286109924,0.9356951117515564,0.8976580500602722,0.9101349711418152,0.9158948659896851,0.08410593122243881,0.925869345664978,0.9335126876831055,0.8938925862312317,0.9080094695091248
76.0,4.0,0.9184995293617249,0.08150071650743484,0.8909649848937988,0.9361917972564697,0.8960439562797546,0.9086767435073853,0.9191681146621704,0.08083154261112213,0.9516292214393616,0.9315231442451477,0.9003587961196899,0.9138490557670593
77.0,0.0,0.918751060962677,0.08124763518571854,0.9042393565177917,0.9351332783699036,0.8973062634468079,0.9102122783660889,0.9181575775146484,0.08184226602315903,0.8990170359611511,0.9357590675354004,0.8953135013580322,0.9077033400535583
77.0,1.0,0.9181850552558899,0.08181513845920563,0.9044537544250488,0.9351292848587036,0.8972672820091248,0.9102879166603088,0.920424222946167,0.07957573235034943,0.8989768624305725,0.9357806444168091,0.8954666256904602,0.9074031710624695
77.0,2.0,0.9184140563011169,0.08158722519874573,0.9193544983863831,0.9341461062431335,0.896255373954773,0.9092389345169067,0.919518232345581,0.0804813802242279,0.8414273858070374,0.9397174715995789,0.8995060324668884,0.9115981459617615
77.0,3.0,0.9193182587623596,0.08068213611841202,0.8981200456619263,0.935695230960846,0.8976581692695618,0.9101347923278809,0.9158952236175537,0.08410481363534927,0.9267390370368958,0.933512270450592,0.8938928246498108,0.9080101251602173
77.0,4.0,0.9185006022453308,0.08149940520524979,0.8918716311454773,0.9361912608146667,0.8960455060005188,0.908677875995636,0.9191693067550659,0.08083037286996841,0.9523995518684387,0.9315235018730164,0.9003583788871765,0.9138493537902832
78.0,0.0,0.918752908706665,0.08124666661024094,0.90525883436203,0.935133159160614,0.8973041772842407,0.9102129340171814,0.918159544467926,0.0818401649594307,0.9000851511955261,0.9357592463493347,0.895315945148468,0.9077054858207703
78.0,1.0,0.9181863069534302,0.08181370794773102,0.9055022597312927,0.9351267218589783,0.8972671031951904,0.9102891087532043,0.920425534248352,0.07957496494054794,0.9001256227493286,0.9357810020446777,0.8954693078994751,0.9074036478996277
78.0,2.0,0.9184147119522095,0.08158600330352783,0.9202675819396973,0.934146523475647,0.8962568640708923,0.9092400074005127,0.9195192456245422,0.0804801657795906,0.8417308926582336,0.9397175312042236,0.8995082974433899,0.9115990996360779
78.0,3.0,0.9193190932273865,0.08068099617958069,0.899004340171814,0.9356946349143982,0.8976600170135498,0.9101364016532898,0.9158967733383179,0.08410358428955078,0.9281342625617981,0.9335129857063293,0.8938886523246765,0.9080108404159546
78.0,4.0,0.9185014367103577,0.08149833232164383,0.8927813172340393,0.936192512512207,0.8960442543029785,0.9086782336235046,0.9191705584526062,0.08082913607358932,0.9536377191543579,0.9315237402915955,0.900359570980072,0.913851261138916
79.0,0.0,0.9187542796134949,0.08124550431966782,0.9063811898231506,0.9351333975791931,0.8973066210746765,0.9102137088775635,0.918160617351532,0.08183903247117996,0.900992751121521,0.9357584714889526,0.8953165411949158,0.9077063202857971
79.0,1.0,0.9181870222091675,0.08181256055831909,0.9065308570861816,0.9351280927658081,0.8972693681716919,0.9102898836135864,0.9204257726669312,0.07957417517900467,0.9010553359985352,0.9357811212539673,0.8954659104347229,0.9074039459228516
79.0,2.0,0.9184157252311707,0.0815848708152771,0.9213728308677673,0.9341465830802917,0.8962560296058655,0.9092404842376709,0.919520378112793,0.08047914505004883,0.8428689241409302,0.9397172927856445,0.8995188474655151,0.9116003513336182
79.0,3.0,0.9193209409713745,0.08067921549081802,0.9001063704490662,0.9356950521469116,0.8976537585258484,0.9101385474205017,0.9158977270126343,0.08410236239433289,0.9287269711494446,0.9335127472877502,0.8938900828361511,0.9080114364624023
79.0,4.0,0.9185029864311218,0.0814964547753334,0.8938734531402588,0.9361923933029175,0.896040141582489,0.9086802005767822,0.919171929359436,0.08082842826843262,0.9548492431640625,0.9315230250358582,0.9003579020500183,0.913851261138916
80.0,0.0,0.9187555909156799,0.081244558095932,0.9072530269622803,0.9351339936256409,0.8973066210746765,0.9102144837379456,0.9181646704673767,0.0818348303437233,0.9021505117416382,0.9357590079307556,0.8952896595001221,0.9077098965644836
80.0,1.0,0.9181883931159973,0.08181076496839523,0.9074876308441162,0.935128390789032,0.897264301776886,0.9102916717529297,0.9204264879226685,0.07957353442907333,0.9015409350395203,0.9357802867889404,0.8954674601554871,0.9074044823646545
80.0,2.0,0.9184163212776184,0.08158306777477264,0.9222198724746704,0.9341457486152649,0.8962498307228088,0.9092427492141724,0.9195212721824646,0.08047819882631302,0.8434943556785583,0.9397178888320923,0.8995184898376465,0.9116012454032898
80.0,3.0,0.9193214178085327,0.08067842572927475,0.9009669423103333,0.9356951713562012,0.8976543545722961,0.910137951374054,0.9158997535705566,0.08410035818815231,0.9304012060165405,0.9335127472877502,0.8938862085342407,0.9080140590667725
80.0,4.0,0.9185051918029785,0.08149517327547073,0.8948110342025757,0.9361921548843384,0.896038293838501,0.9086812138557434,0.9191727042198181,0.08082766085863113,0.9559040665626526,0.9315235018730164,0.9003615379333496,0.9138515591621399
81.0,0.0,0.9187568426132202,0.08124343305826187,0.9082576632499695,0.9351338148117065,0.8973056077957153,0.9102169871330261,0.9181674122810364,0.08183297514915466,0.902992308139801,0.9357587099075317,0.8952927589416504,0.9077123403549194
81.0,1.0,0.9181901812553406,0.08180940896272659,0.9083998799324036,0.9351283311843872,0.8972645998001099,0.9102930426597595,0.9204270243644714,0.07957279682159424,0.9027347564697266,0.9357807636260986,0.8954628109931946,0.9074053764343262
81.0,2.0,0.9184169769287109,0.08158189058303833,0.9230906963348389,0.9341464638710022,0.8962486386299133,0.9092431664466858,0.9195231795310974,0.08047693967819214,0.8446757793426514,0.9397179484367371,0.8995211720466614,0.9116019606590271
81.0,3.0,0.9193226099014282,0.08067720383405685,0.9018487930297852,0.9356949329376221,0.8976554870605469,0.910139262676239,0.9159006476402283,0.08409915119409561,0.9308668971061707,0.933512806892395,0.8938807845115662,0.9080146551132202
81.0,4.0,0.9185054898262024,0.08149395138025284,0.8957468271255493,0.9361920952796936,0.8960394263267517,0.908682107925415,0.9191732406616211,0.0808267816901207,0.9567728042602539,0.9315235018730164,0.9003638625144958,0.9138522744178772
82.0,0.0,0.9187573790550232,0.08124254643917084,0.9091631174087524,0.9351342916488647,0.8973053693771362,0.910216748714447,0.9181676506996155,0.08183165639638901,0.9040753245353699,0.9357589483261108,0.8952938914299011,0.9077126383781433
82.0,1.0,0.9181925058364868,0.08180824667215347,0.9093249440193176,0.9351288676261902,0.8972641229629517,0.9102936387062073,0.9204278588294983,0.079572394490242,0.9034133553504944,0.9357805848121643,0.8954631686210632,0.907406210899353
82.0,2.0,0.9184197783470154,0.0815805122256279,0.9240556359291077,0.9341464638710022,0.896250307559967,0.90924471616745,0.9195235967636108,0.08047620952129364,0.8456303477287292,0.939717173576355,0.8995223641395569,0.9116024374961853
82.0,3.0,0.9193231463432312,0.08067592978477478,0.9028738141059875,0.9356954097747803,0.897659182548523,0.9101406931877136,0.9159022569656372,0.08409783244132996,0.9316869378089905,0.9335123300552368,0.8938813209533691,0.9080160856246948
82.0,4.0,0.9185073971748352,0.0814930722117424,0.8965699672698975,0.936192512512207,0.8960400223731995,0.9086844325065613,0.9191754460334778,0.0808245986700058,0.9576172828674316,0.931523323059082,0.9003662467002869,0.9138545393943787
83.0,0.0,0.9187575578689575,0.08124133944511414,0.9099224209785461,0.9351338744163513,0.8973073363304138,0.9102176427841187,0.9181694984436035,0.08183042705059052,0.904801070690155,0.9357588291168213,0.8952999711036682,0.9077136516571045
83.0,1.0,0.9181923866271973,0.08180692791938782,0.9103804230690002,0.9351285696029663,0.8972676396369934,0.9102945327758789,0.9204283356666565,0.07957155257463455,0.9046459197998047,0.9357808232307434,0.8954623937606812,0.9074065089225769
83.0,2.0,0.9184210300445557,0.08157951384782791,0.9250006675720215,0.934145987033844,0.8962506651878357,0.9092451333999634,0.9195243716239929,0.08047513663768768,0.846467137336731,0.9397179484367371,0.899526834487915,0.9116033315658569
83.0,3.0,0.9193253517150879,0.080674909055233,0.9037026166915894,0.9356950521469116,0.8976595997810364,0.9101415872573853,0.915902853012085,0.08409693837165833,0.9329753518104553,0.9335125088691711,0.89388108253479,0.9080167412757874
83.0,4.0,0.9185077548027039,0.081492118537426,0.897365391254425,0.9361928105354309,0.8960400223731995,0.9086835384368896,0.9191770553588867,0.08082316070795059,0.9586784839630127,0.9315239787101746,0.9003655910491943,0.9138555526733398
84.0,0.0,0.9187601804733276,0.08124016225337982,0.9108811020851135,0.935135006904602,0.8973063826560974,0.9102193117141724,0.9181707501411438,0.08182923495769501,0.9058637022972107,0.9357590079307556,0.8952978253364563,0.9077154994010925
84.0,1.0,0.9181935787200928,0.08180569112300873,0.911296010017395,0.9351293444633484,0.8972679376602173,0.9102956056594849,0.9204293489456177,0.07957068830728531,0.9049547910690308,0.9357808828353882,0.895463228225708,0.9074066877365112
84.0,2.0,0.9184212684631348,0.08157828450202942,0.9258526563644409,0.9341444969177246,0.8962520956993103,0.9092462062835693,0.9195263981819153,0.08047380298376083,0.846876859664917,0.9397177696228027,0.8995288014411926,0.9116051197052002
84.0,3.0,0.9193270206451416,0.08067384362220764,0.9045174717903137,0.9356959462165833,0.8976601362228394,0.9101424217224121,0.9159044027328491,0.08409573882818222,0.9342650771141052,0.9335125088691711,0.8938844799995422,0.9080169796943665
84.0,4.0,0.9185094237327576,0.08149085938930511,0.8984716534614563,0.9361920356750488,0.8960425853729248,0.908685028553009,0.9191774129867554,0.08082200586795807,0.9592275619506836,0.9315234422683716,0.90036940574646,0.913856565952301
85.0,0.0,0.9187610745429993,0.08123903721570969,0.9118468165397644,0.9351337552070618,0.8973097205162048,0.9102203845977783,0.9181731343269348,0.08182678371667862,0.9065226912498474,0.9357592463493347,0.8952949643135071,0.9077182412147522
85.0,1.0,0.9181960821151733,0.08180422335863113,0.9119073152542114,0.9351284503936768,0.8972690105438232,0.9102978706359863,0.9204304218292236,0.07956982403993607,0.9064298868179321,0.9357807636260986,0.8954595923423767,0.9074074625968933
85.0,2.0,0.9184224009513855,0.08157700300216675,0.9268258213996887,0.9341467618942261,0.8962523341178894,0.909247875213623,0.9195271134376526,0.08047254383563995,0.8482217788696289,0.9397174715995789,0.8995317220687866,0.9116060733795166
85.0,3.0,0.9193270206451416,0.08067255467176437,0.9051402807235718,0.9356943368911743,0.8976610898971558,0.9101440906524658,0.915905773639679,0.0840941071510315,0.9342230558395386,0.9335127472877502,0.8938901424407959,0.9080188274383545
85.0,4.0,0.9185101985931396,0.08148954063653946,0.8992622494697571,0.9361909031867981,0.8960413932800293,0.9086855053901672,0.9191789627075195,0.08082093298435211,0.9602083563804626,0.9315237402915955,0.9003704786300659,0.9138576984405518
86.0,0.0,0.9187610149383545,0.08123783022165298,0.9125962257385254,0.9351343512535095,0.8973102569580078,0.9102205634117126,0.9181739687919617,0.08182557672262192,0.9074278473854065,0.9357589483261108,0.8952906727790833,0.9077186584472656
86.0,1.0,0.918197512626648,0.08180271834135056,0.9128138422966003,0.9351279139518738,0.8972675204277039,0.9102993607521057,0.9204304218292236,0.07956952601671219,0.9068499803543091,0.9357803463935852,0.895458996295929,0.9074084758758545
86.0,2.0,0.918424665927887,0.08157582581043243,0.9277402758598328,0.934145987033844,0.8962491750717163,0.9092491865158081,0.9195288419723511,0.08047120273113251,0.849263072013855,0.9397175312042236,0.8995341658592224,0.9116077423095703
86.0,3.0,0.9193288683891296,0.08067139983177185,0.9061709642410278,0.9356958270072937,0.89765864610672,0.9101441502571106,0.9159077405929565,0.08409266918897629,0.9351118206977844,0.933512806892395,0.8938896059989929,0.9080203175544739
86.0,4.0,0.918511152267456,0.08148837089538574,0.900135338306427,0.9361913204193115,0.8960407376289368,0.9086872339248657,0.919180154800415,0.08081984519958496,0.9615859389305115,0.9315232634544373,0.9003680348396301,0.9138592481613159
87.0,0.0,0.9187631607055664,0.08123672753572464,0.9137914180755615,0.9351343512535095,0.8973088264465332,0.9102210998535156,0.918175458908081,0.08182413130998611,0.9083867073059082,0.9357587099075317,0.8952894806861877,0.9077202081680298
87.0,1.0,0.9181996583938599,0.08180060237646103,0.9138733744621277,0.9351281523704529,0.8972666263580322,0.910301685333252,0.9204306602478027,0.079569011926651,0.9078770279884338,0.9357805252075195,0.8954585194587708,0.9074079394340515
87.0,2.0,0.9184253811836243,0.08157477527856827,0.9287211298942566,0.9341461062431335,0.8962500691413879,0.9092510938644409,0.9195337891578674,0.0804663896560669,0.8498173952102661,0.9397175312042236,0.8995267748832703,0.9116121530532837
87.0,3.0,0.9193314909934998,0.08066936582326889,0.9070236086845398,0.9356939196586609,0.8976580500602722,0.9101468920707703,0.9159080386161804,0.08409155160188675,0.936401903629303,0.9335124492645264,0.8938865065574646,0.9080212116241455
87.0,4.0,0.9185141921043396,0.08148621767759323,0.9010460376739502,0.9361928701400757,0.8960376381874084,0.9086893796920776,0.9191809296607971,0.08081889897584915,0.9623909592628479,0.9315232634544373,0.9003658294677734,0.9138596653938293
88.0,0.0,0.9187643527984619,0.08123496919870377,0.9144923686981201,0.9351344704627991,0.8973073363304138,0.9102240204811096,0.9181778430938721,0.08182213455438614,0.9088500142097473,0.9357592463493347,0.8952944874763489,0.9077224731445312
88.0,1.0,0.9182003140449524,0.08179924637079239,0.9147660136222839,0.9351276159286499,0.8972665667533875,0.9103022217750549,0.9204316735267639,0.07956837117671967,0.9088283777236938,0.9357803463935852,0.8954567313194275,0.9074088931083679
88.0,2.0,0.918427050113678,0.08157369494438171,0.929497241973877,0.9341455698013306,0.8962486982345581,0.90925133228302,0.9195348024368286,0.08046554774045944,0.8508155941963196,0.9397174715995789,0.8995238542556763,0.9116127490997314
88.0,3.0,0.9193328022956848,0.08066840469837189,0.9080297350883484,0.9356950521469116,0.8976569771766663,0.9101463556289673,0.9159092307090759,0.08409064263105392,0.9365349411964417,0.933512806892395,0.8938834071159363,0.9080227613449097
88.0,4.0,0.9185147881507874,0.08148520439863205,0.9020079970359802,0.9361925721168518,0.8960388898849487,0.908690333366394,0.9191823601722717,0.08081766963005066,0.9634230136871338,0.9315231442451477,0.9003674983978271,0.9138612151145935
89.0,0.0,0.9187658429145813,0.08123410493135452,0.9154374003410339,0.93513423204422,0.8973067998886108,0.9102246165275574,0.9181786179542542,0.08182115852832794,0.9101130366325378,0.9357589483261108,0.8952937126159668,0.9077228307723999
89.0,1.0,0.9182020425796509,0.08179835975170135,0.9157525300979614,0.9351283311843872,0.8972651362419128,0.9103034734725952,0.9204325079917908,0.07956752181053162,0.910102128982544,0.9357805252075195,0.8954561948776245,0.9074092507362366
89.0,2.0,0.9184274077415466,0.08157273381948471,0.930531919002533,0.9341452121734619,0.8962503671646118,0.9092520475387573,0.9195350408554077,0.08046472072601318,0.851838231086731,0.939717173576355,0.8995230793952942,0.9116137027740479
89.0,3.0,0.9193328619003296,0.08066748827695847,0.9090287685394287,0.9356946349143982,0.8976603150367737,0.910149097442627,0.9159103035926819,0.08408980071544647,0.9385460019111633,0.9335126876831055,0.893880307674408,0.9080228805541992
89.0,4.0,0.9185161590576172,0.081484355032444,0.9031922817230225,0.936191976070404,0.8960375189781189,0.9086914658546448,0.9191830158233643,0.08081679791212082,0.9642740488052368,0.9315235018730164,0.9003710150718689,0.9138616323471069
90.0,0.0,0.9187666773796082,0.08123309910297394,0.9165542721748352,0.9351338148117065,0.8973072171211243,0.9102250933647156,0.9181801676750183,0.08181995153427124,0.9108209609985352,0.9357590079307556,0.8952944874763489,0.9077240228652954
90.0,1.0,0.9182027578353882,0.08179754763841629,0.91650390625,0.9351296424865723,0.8972660303115845,0.9103037714958191,0.9204340577125549,0.07956596463918686,0.9107077121734619,0.9357805252075195,0.8954581022262573,0.9074113965034485
90.0,2.0,0.9184281229972839,0.0815717875957489,0.9311220049858093,0.9341465830802917,0.8962489366531372,0.9092518091201782,0.9195359349250793,0.08046411722898483,0.8521885275840759,0.9397176504135132,0.8995213508605957,0.9116136431694031
90.0,3.0,0.9193333387374878,0.08066656440496445,0.9094771146774292,0.935695230960846,0.8976578712463379,0.910148561000824,0.915910542011261,0.08408937603235245,0.9388986825942993,0.933512806892395,0.893880307674408,0.9080230593681335
90.0,4.0,0.9185155630111694,0.08148371428251266,0.9032259583473206,0.9361923336982727,0.8960375785827637,0.9086909294128418,0.9191833734512329,0.08081656694412231,0.9642608761787415,0.9315237998962402,0.9003701210021973,0.9138616323471069
91.0,0.0,0.9187668561935425,0.08123283833265305,0.916522204875946,0.93513423204422,0.8973061442375183,0.9102257490158081,0.9181805849075317,0.08181969076395035,0.911001980304718,0.9357595443725586,0.8952940106391907,0.9077242016792297
91.0,1.0,0.9182024598121643,0.0817972868680954,0.9166224598884583,0.935128927230835,0.8972640633583069,0.91030353307724,0.9204339385032654,0.07956569641828537,0.9106927514076233,0.9357799291610718,0.895457923412323,0.907410740852356
91.0,2.0,0.9184284210205078,0.08157163113355637,0.9311908483505249,0.9341458678245544,0.8962493538856506,0.909252405166626,0.9195359945297241,0.08046398311853409,0.8523837327957153,0.9397175312042236,0.8995217680931091,0.9116143584251404
91.0,3.0,0.9193340539932251,0.08066637068986893,0.9095459580421448,0.9356943964958191,0.8976569771766663,0.9101491570472717,0.9159107804298401,0.08408933132886887,0.9387838840484619,0.9335128664970398,0.893879234790802,0.9080232381820679
91.0,4.0,0.9185170531272888,0.08148350566625595,0.903261661529541,0.9361905455589294,0.8960373401641846,0.908691942691803,0.9191835522651672,0.08081647753715515,0.9643616080284119,0.9315235018730164,0.9003710150718689,0.9138617515563965
92.0,0.0,0.9187664985656738,0.08123274147510529,0.9165945649147034,0.9351343512535095,0.8973075151443481,0.910226583480835,0.9181807041168213,0.08181949704885483,0.9109941720962524,0.9357588291168213,0.8952925205230713,0.9077245593070984
92.0,1.0,0.9182035326957703,0.08179721981287003,0.9166617393493652,0.9351284503936768,0.8972668051719666,0.9103040099143982,0.9204346537590027,0.07956550270318985,0.9107524156570435,0.9357802867889404,0.8954579830169678,0.9074119329452515
92.0,2.0,0.9184283018112183,0.08157145977020264,0.9313127398490906,0.9341449737548828,0.8962496519088745,0.9092528223991394,0.9195359349250793,0.08046384900808334,0.8523187637329102,0.9397172331809998,0.899523913860321,0.9116141200065613
92.0,3.0,0.9193336963653564,0.08066625148057938,0.9096348881721497,0.9356953501701355,0.8976587057113647,0.9101495742797852,0.9159106016159058,0.08408922702074051,0.9388054013252258,0.9335128664970398,0.8938791155815125,0.9080231785774231
92.0,4.0,0.9185163378715515,0.08148340880870819,0.9033636450767517,0.936191737651825,0.8960368037223816,0.908690869808197,0.9191832542419434,0.0808163583278656,0.9642934799194336,0.9315237402915955,0.9003719091415405,0.9138619303703308
93.0,0.0,0.9187670350074768,0.08123262226581573,0.9166469573974609,0.9351333379745483,0.8973072171211243,0.910226047039032,0.9181806445121765,0.08181926608085632,0.9113364219665527,0.9357591867446899,0.8952911496162415,0.9077245593070984
93.0,1.0,0.9182018637657166,0.08179709315299988,0.9168332815170288,0.9351288676261902,0.8972648978233337,0.9103039503097534,0.920434296131134,0.0795653909444809,0.9109376072883606,0.9357808232307434,0.8954575061798096,0.9074110984802246
93.0,2.0,0.9184288382530212,0.08157133311033249,0.9313977956771851,0.9341463446617126,0.8962496519088745,0.9092532992362976,0.9195360541343689,0.08046377450227737,0.8526473045349121,0.9397174715995789,0.899523913860321,0.9116140007972717
93.0,3.0,0.9193332195281982,0.08066615462303162,0.9098016023635864,0.9356948733329773,0.8976578116416931,0.9101485013961792,0.9159113168716431,0.08408903330564499,0.9389469623565674,0.9335124492645264,0.8938788175582886,0.9080231785774231
93.0,4.0,0.9185163378715515,0.08148331195116043,0.9035417437553406,0.9361920952796936,0.896036684513092,0.9086923599243164,0.9191838502883911,0.08081626892089844,0.9644104242324829,0.9315234422683716,0.9003727436065674,0.9138617515563965
94.0,0.0,0.918767511844635,0.0812324658036232,0.9167444109916687,0.9351330995559692,0.8973065614700317,0.910226583480835,0.9181805849075317,0.08181916922330856,0.9114483594894409,0.9357588291168213,0.8952927589416504,0.9077247977256775
94.0,1.0,0.9182029962539673,0.08179696649312973,0.9169270396232605,0.9351277351379395,0.8972658514976501,0.9103039503097534,0.9204345345497131,0.07956528663635254,0.9110955595970154,0.9357805252075195,0.8954577445983887,0.9074115753173828
94.0,2.0,0.9184293746948242,0.08157123625278473,0.9315491914749146,0.9341458082199097,0.8962498903274536,0.9092530012130737,0.9195364713668823,0.08046368509531021,0.8525516390800476,0.9397172331809998,0.8995236158370972,0.9116144180297852
94.0,3.0,0.9193335175514221,0.08066611737012863,0.9098522663116455,0.9356954097747803,0.8976591229438782,0.9101493954658508,0.9159110188484192,0.08408866822719574,0.9391654133796692,0.933512806892395,0.8938783407211304,0.9080232381820679
94.0,4.0,0.9185158610343933,0.08148310333490372,0.9035837054252625,0.9361923933029175,0.896036684513092,0.9086918830871582,0.9191840291023254,0.08081617206335068,0.9645671844482422,0.931523323059082,0.9003729820251465,0.913861870765686
95.0,0.0,0.9187673330307007,0.08123227953910828,0.9168802499771118,0.935133159160614,0.8973063230514526,0.910225510597229,0.9181808233261108,0.08181903511285782,0.9115376472473145,0.9357588291168213,0.8952924013137817,0.9077250361442566
95.0,1.0,0.9182029962539673,0.08179686218500137,0.9170350432395935,0.9351279139518738,0.8972655534744263,0.9103037714958191,0.9204350113868713,0.0795651525259018,0.9109740853309631,0.9357802867889404,0.8954593539237976,0.9074118733406067
95.0,2.0,0.9184293150901794,0.08157102018594742,0.9315622448921204,0.9341453313827515,0.8962493538856506,0.9092534184455872,0.9195361733436584,0.08046358078718185,0.852684497833252,0.9397169351577759,0.8995229005813599,0.9116146564483643
95.0,3.0,0.9193344116210938,0.0806659460067749,0.9099774360656738,0.9356949329376221,0.897658109664917,0.910149097442627,0.9159114956855774,0.08408850431442261,0.939152717590332,0.9335131049156189,0.8938775658607483,0.9080234169960022
95.0,4.0,0.9185172319412231,0.08148293197154999,0.9036365747451782,0.9361910820007324,0.8960355520248413,0.908691942691803,0.9191837310791016,0.08081606030464172,0.9646204710006714,0.9315236806869507,0.9003722071647644,0.9138621687889099
96.0,0.0,0.9187676906585693,0.08123219013214111,0.9168738722801208,0.9351338744163513,0.8973061442375183,0.9102265238761902,0.9181805849075317,0.08181892335414886,0.9117313027381897,0.9357596635818481,0.8952924013137817,0.9077247977256775
96.0,1.0,0.9182037115097046,0.08179669082164764,0.9170407652854919,0.9351279735565186,0.8972651958465576,0.9103049039840698,0.9204348921775818,0.07956499606370926,0.911216139793396,0.9357807636260986,0.8954569697380066,0.9074119925498962
96.0,2.0,0.9184286594390869,0.08157092332839966,0.9316752552986145,0.9341461062431335,0.8962489366531372,0.9092526435852051,0.9195364117622375,0.08046349138021469,0.852623462677002,0.939717710018158,0.8995218276977539,0.9116144776344299
96.0,3.0,0.9193345308303833,0.08066581934690475,0.9100130200386047,0.9356949329376221,0.8976582884788513,0.910149335861206,0.9159114360809326,0.08408831804990768,0.9391623139381409,0.9335127472877502,0.8938791155815125,0.9080246090888977
96.0,4.0,0.9185159206390381,0.08148285001516342,0.9036988615989685,0.9361926317214966,0.8960359692573547,0.908692479133606,0.9191840291023254,0.08081597834825516,0.9647693634033203,0.9315232038497925,0.9003729224205017,0.9138621687889099
97.0,0.0,0.9187675714492798,0.08123200386762619,0.9169850945472717,0.9351332783699036,0.8973070979118347,0.9102262854576111,0.9181810617446899,0.0818188264966011,0.9117451310157776,0.9357592463493347,0.8952916264533997,0.9077252745628357
97.0,1.0,0.9182032942771912,0.0817965716123581,0.9171142578125,0.9351281523704529,0.8972654342651367,0.9103049039840698,0.9204350113868713,0.07956486940383911,0.9112615585327148,0.93578040599823,0.8954576253890991,0.9074121117591858
97.0,2.0,0.9184295535087585,0.08157080411911011,0.9317044615745544,0.9341467022895813,0.8962486982345581,0.9092535376548767,0.9195367693901062,0.08046335726976395,0.8527915477752686,0.9397174715995789,0.8995210528373718,0.9116147756576538
97.0,3.0,0.9193345308303833,0.08066566288471222,0.9100661277770996,0.9356951117515564,0.8976576328277588,0.9101505279541016,0.9159120321273804,0.08408813178539276,0.9392699599266052,0.9335126876831055,0.8938785791397095,0.9080246686935425
97.0,4.0,0.9185166358947754,0.08148273825645447,0.9037674069404602,0.9361913204193115,0.8960349559783936,0.9086921215057373,0.9191842675209045,0.080815888941288,0.964762806892395,0.9315234422683716,0.9003736972808838,0.9138623476028442
98.0,0.0,0.918768048286438,0.08123189955949783,0.9170726537704468,0.9351338744163513,0.8973061442375183,0.9102258682250977,0.9181810617446899,0.08181877434253693,0.9118355512619019,0.9357593059539795,0.8952924609184265,0.9077255129814148
98.0,1.0,0.9182035326957703,0.08179650455713272,0.9171968102455139,0.9351295232772827,0.8972646594047546,0.9103044271469116,0.9204355478286743,0.07956469804048538,0.9113097786903381,0.93578040599823,0.8954571485519409,0.907412588596344
98.0,2.0,0.918429434299469,0.08157067745923996,0.9318196177482605,0.9341455101966858,0.8962478637695312,0.9092530012130737,0.9195362329483032,0.08046329021453857,0.8528288006782532,0.9397176504135132,0.8995213508605957,0.9116149544715881
98.0,3.0,0.9193340539932251,0.08066567033529282,0.910198450088501,0.9356940984725952,0.8976576328277588,0.9101498126983643,0.9159122109413147,0.08408799022436142,0.9392847418785095,0.9335125684738159,0.8938785195350647,0.908024251461029
98.0,4.0,0.9185170531272888,0.08148254454135895,0.9038411378860474,0.9361913204193115,0.8960359692573547,0.908691942691803,0.9191837310791016,0.08081576973199844,0.9648475050926208,0.9315235614776611,0.9003740549087524,0.913862407207489
99.0,0.0,0.9187679886817932,0.08123178035020828,0.9171507954597473,0.9351336359977722,0.8973053097724915,0.9102262258529663,0.9181808829307556,0.08181869983673096,0.9119436144828796,0.9357588291168213,0.8952922821044922,0.9077250361442566
99.0,1.0,0.9182032942771912,0.08179640024900436,0.9173457622528076,0.9351285696029663,0.8972654342651367,0.9103049039840698,0.9204354882240295,0.07956454157829285,0.9114354848861694,0.9357808232307434,0.8954572677612305,0.9074121117591858
99.0,2.0,0.9184303879737854,0.08157055824995041,0.9318953156471252,0.9341460466384888,0.8962490558624268,0.9092532992362976,0.9195364713668823,0.0804632157087326,0.8529468178749084,0.9397178888320923,0.899522066116333,0.9116146564483643
99.0,3.0,0.9193345904350281,0.0806654840707779,0.9102627635002136,0.9356944561004639,0.8976585865020752,0.9101505279541016,0.9159119725227356,0.08408784121274948,0.9394809007644653,0.9335128664970398,0.8938780426979065,0.908024787902832
99.0,4.0,0.9185165762901306,0.08148246258497238,0.9039970636367798,0.9361923336982727,0.8960369229316711,0.9086920619010925,0.9191842675209045,0.0808156281709671,0.9649972915649414,0.9315240383148193,0.900374174118042,0.9138621091842651
100.0,0.0,0.9187675714492798,0.08123166859149933,0.917229413986206,0.9351340532302856,0.897306501865387,0.9102267622947693,0.9181808829307556,0.0818185955286026,0.9119871258735657,0.9357590675354004,0.8952939510345459,0.9077255725860596
100.0,1.0,0.9182034730911255,0.08179629594087601,0.9173938632011414,0.935128927230835,0.8972657918930054,0.9103045463562012,0.9204355478286743,0.07956432551145554,0.9114972352981567,0.9357808232307434,0.8954564332962036,0.9074122309684753
100.0,2.0,0.9184286594390869,0.08157043904066086,0.9321185350418091,0.9341465830802917,0.8962494134902954,0.9092531204223633,0.9195362329483032,0.08046311885118484,0.8530033826828003,0.9397177696228027,0.8995218276977539,0.9116143584251404
100.0,3.0,0.9193342924118042,0.08066534996032715,0.9103081822395325,0.9356940984725952,0.8976579308509827,0.9101500511169434,0.9159122705459595,0.08408771455287933,0.9396478533744812,0.933512806892395,0.8938795328140259,0.908024787902832
100.0,4.0,0.9185172915458679,0.08148233592510223,0.9041029810905457,0.9361920952796936,0.8960369229316711,0.908692479133606,0.9191845655441284,0.08081548660993576,0.9650627970695496,0.9315232634544373,0.9003739356994629,0.9138622283935547
101.0,0.0,0.9187687039375305,0.08123146742582321,0.9173798561096191,0.9351337552070618,0.8973068594932556,0.9102263450622559,0.918181300163269,0.08181852102279663,0.9121341109275818,0.9357591867446899,0.8952929377555847,0.90772545337677
101.0,1.0,0.9182044863700867,0.08179619163274765,0.9175803661346436,0.9351280927658081,0.8972668051719666,0.9103041887283325,0.9204353094100952,0.0795641541481018,0.9114506244659424,0.9357803463935852,0.8954561352729797,0.9074129462242126
101.0,2.0,0.9184301495552063,0.08157025277614594,0.9320983290672302,0.9341455101966858,0.89625084400177,0.9092532992362976,0.9195371270179749,0.08046304434537888,0.8532385230064392,0.939717710018158,0.8995209336280823,0.911614716053009
101.0,3.0,0.9193348288536072,0.08066529035568237,0.9104856848716736,0.9356958270072937,0.8976581692695618,0.9101502299308777,0.9159120917320251,0.08408752828836441,0.9399461150169373,0.9335123300552368,0.893879234790802,0.9080249667167664
101.0,4.0,0.9185183048248291,0.08148226141929626,0.9042667150497437,0.9361923336982727,0.8960351943969727,0.9086927175521851,0.9191840291023254,0.0808153972029686,0.9652234315872192,0.9315237402915955,0.9003756046295166,0.9138624668121338
102.0,0.0,0.9187696576118469,0.08123135566711426,0.9175118207931519,0.935134768486023,0.8973074555397034,0.9102272391319275,0.9181809425354004,0.08181846886873245,0.9122024178504944,0.9357590675354004,0.8952934741973877,0.9077256917953491
102.0,1.0,0.918203592300415,0.08179598301649094,0.9176440238952637,0.9351281523704529,0.897265613079071,0.9103061556816101,0.920435905456543,0.07956402003765106,0.9117418527603149,0.9357805848121643,0.895453691482544,0.9074128270149231
102.0,2.0,0.9184296727180481,0.08157012611627579,0.9322713017463684,0.9341460466384888,0.896248459815979,0.9092535376548767,0.9195367097854614,0.0804629772901535,0.8532626032829285,0.9397178888320923,0.899523138999939,0.9116151332855225
102.0,3.0,0.9193354249000549,0.0806652158498764,0.9105883836746216,0.9356948137283325,0.897658109664917,0.9101511240005493,0.915912926197052,0.08408737182617188,0.9399795532226562,0.9335124492645264,0.893879234790802,0.9080249071121216
102.0,4.0,0.9185170531272888,0.08148212730884552,0.9043367505073547,0.93619304895401,0.8960363864898682,0.908692479133606,0.9191849827766418,0.08081527054309845,0.9653263092041016,0.9315232634544373,0.9003745913505554,0.9138627052307129
103.0,0.0,0.9187688231468201,0.08123128116130829,0.9176053404808044,0.9351339936256409,0.8973060846328735,0.9102267622947693,0.9181811213493347,0.08181840926408768,0.9122830033302307,0.9357592463493347,0.8952937722206116,0.9077255725860596
103.0,1.0,0.9182039499282837,0.08179590106010437,0.917730450630188,0.9351294040679932,0.8972660303115845,0.9103049039840698,0.9204357266426086,0.07956387102603912,0.9117986559867859,0.9357805252075195,0.8954527974128723,0.9074130654335022
103.0,2.0,0.9184297919273376,0.08157006651163101,0.9323678016662598,0.934145987033844,0.8962488174438477,0.9092538356781006,0.9195374250411987,0.08046279847621918,0.8532747030258179,0.9397172331809998,0.8995232582092285,0.9116149544715881
103.0,3.0,0.9193349480628967,0.08066503703594208,0.9106765985488892,0.9356958270072937,0.8976576328277588,0.9101502895355225,0.915912926197052,0.08408726006746292,0.9400319457054138,0.933512270450592,0.8938800096511841,0.9080252051353455
103.0,4.0,0.9185180068016052,0.08148203790187836,0.904400110244751,0.9361915588378906,0.8960366249084473,0.9086921215057373,0.919184684753418,0.08081516623497009,0.9653927683830261,0.931523323059082,0.9003748893737793,0.9138626456260681
104.0,0.0,0.918768048286438,0.08123116940259933,0.9177098870277405,0.9351344704627991,0.8973056077957153,0.9102268218994141,0.9181815385818481,0.08181831240653992,0.9124124050140381,0.9357585906982422,0.8952921628952026,0.9077255725860596
104.0,1.0,0.9182039499282837,0.08179588615894318,0.9178178906440735,0.9351282119750977,0.8972664475440979,0.9103049039840698,0.9204365015029907,0.07956379652023315,0.911861002445221,0.9357807636260986,0.895453929901123,0.907413125038147
104.0,2.0,0.9184291958808899,0.08156992495059967,0.9324041604995728,0.9341462850570679,0.8962491154670715,0.909254252910614,0.9195371270179749,0.08046263456344604,0.8534228801727295,0.9397178888320923,0.8995229005813599,0.9116147756576538
104.0,3.0,0.9193357229232788,0.0806649774312973,0.910774827003479,0.935694694519043,0.8976584672927856,0.9101508259773254,0.915912926197052,0.08408721536397934,0.9401028156280518,0.9335125684738159,0.8938797116279602,0.9080252051353455
104.0,4.0,0.918516993522644,0.08148188143968582,0.9044885635375977,0.936191976070404,0.8960355520248413,0.9086924195289612,0.9191848039627075,0.08081506937742233,0.9655066132545471,0.9315234422683716,0.9003756046295166,0.9138627052307129
105.0,0.0,0.9187682271003723,0.08123112469911575,0.9177990555763245,0.9351339936256409,0.8973073363304138,0.9102272391319275,0.9181814193725586,0.08181820064783096,0.9125238060951233,0.9357585310935974,0.8952929377555847,0.9077257513999939
105.0,1.0,0.9182040691375732,0.08179573714733124,0.917920708656311,0.9351285696029663,0.8972659111022949,0.9103049039840698,0.920436441898346,0.07956370711326599,0.9119627475738525,0.9357806444168091,0.8954532146453857,0.907413125038147
105.0,2.0,0.9184298515319824,0.0815698653459549,0.9324926733970642,0.9341470003128052,0.8962492942810059,0.9092535972595215,0.9195375442504883,0.08046255260705948,0.8533746600151062,0.9397172927856445,0.8995233178138733,0.9116150140762329
105.0,3.0,0.9193347096443176,0.08066485077142715,0.9107910990715027,0.9356937408447266,0.8976583480834961,0.9101505279541016,0.9159126877784729,0.08408710360527039,0.9401949644088745,0.9335127472877502,0.8938795924186707,0.9080252051353455
105.0,4.0,0.9185184836387634,0.08148182928562164,0.9045770168304443,0.9361920356750488,0.8960362076759338,0.9086930751800537,0.9191847443580627,0.08081497251987457,0.9654919505119324,0.9315235018730164,0.9003769159317017,0.9138632416725159
106.0,0.0,0.9187688231468201,0.08123090118169785,0.9178669452667236,0.9351341128349304,0.8973068594932556,0.9102272987365723,0.918181836605072,0.0818181186914444,0.9125059247016907,0.9357588291168213,0.8952929973602295,0.9077259302139282
106.0,1.0,0.9182052612304688,0.08179567009210587,0.9179588556289673,0.9351284503936768,0.8972653746604919,0.9103058576583862,0.9204360246658325,0.07956362515687943,0.9121304154396057,0.9357800483703613,0.8954524993896484,0.9074133634567261
106.0,2.0,0.9184291958808899,0.08156980574131012,0.932574987411499,0.934146523475647,0.8962486982345581,0.9092547297477722,0.919537365436554,0.08046235144138336,0.8536125421524048,0.9397175312042236,0.8995194435119629,0.9116156697273254
106.0,3.0,0.9193365573883057,0.08066482841968536,0.9109087586402893,0.9356942176818848,0.897657573223114,0.9101513624191284,0.9159125685691833,0.08408700674772263,0.9402403831481934,0.9335125684738159,0.8938775658607483,0.9080254435539246
106.0,4.0,0.9185183048248291,0.08148172497749329,0.9047116041183472,0.9361921548843384,0.8960339426994324,0.9086928963661194,0.9191852807998657,0.08081487566232681,0.9655766487121582,0.9315230250358582,0.9003782272338867,0.9138631224632263
107.0,0.0,0.9187688231468201,0.08123084902763367,0.917957067489624,0.9351343512535095,0.8973056077957153,0.9102275967597961,0.9181815981864929,0.08181804418563843,0.9127358794212341,0.9357589483261108,0.8952919244766235,0.9077256917953491
107.0,1.0,0.9182047247886658,0.08179550617933273,0.9180471897125244,0.9351291060447693,0.8972656726837158,0.9103062152862549,0.9204363822937012,0.07956352084875107,0.9121480584144592,0.9357802867889404,0.8954517841339111,0.9074137210845947
107.0,2.0,0.9184296727180481,0.08156969398260117,0.9327043294906616,0.9341458082199097,0.8962486982345581,0.909254252910614,0.9195374846458435,0.0804622545838356,0.8536633253097534,0.9397176504135132,0.8995194435119629,0.9116154313087463
107.0,3.0,0.9193354845046997,0.08066467195749283,0.9110037684440613,0.9356954097747803,0.8976578116416931,0.9101505875587463,0.9159134030342102,0.08408690989017487,0.9404164552688599,0.9335125088691711,0.8938771486282349,0.9080253839492798
107.0,4.0,0.9185187220573425,0.08148155361413956,0.904811441898346,0.936191976070404,0.8960337042808533,0.9086933135986328,0.9191848039627075,0.08081480860710144,0.9656473398208618,0.9315232038497925,0.9003775715827942,0.9138637185096741
108.0,0.0,0.9187694787979126,0.0812307745218277,0.9180232882499695,0.9351329803466797,0.8973050713539124,0.9102278351783752,0.918181836605072,0.08181797713041306,0.9128265976905823,0.9357592463493347,0.8952924013137817,0.9077252745628357
108.0,1.0,0.9182037711143494,0.08179539442062378,0.91819828748703,0.9351299405097961,0.8972651362419128,0.9103044867515564,0.9204360246658325,0.07956348359584808,0.9123104214668274,0.9357805252075195,0.8954519629478455,0.9074136018753052
108.0,2.0,0.9184315204620361,0.08156966418027878,0.9328086972236633,0.9341455698013306,0.8962482213973999,0.909254789352417,0.9195376634597778,0.08046209812164307,0.8536697030067444,0.9397176504135132,0.8995190858840942,0.9116159081459045
108.0,3.0,0.9193355441093445,0.08066458255052567,0.9111006855964661,0.9356943964958191,0.8976566195487976,0.9101506471633911,0.9159130454063416,0.08408673107624054,0.9404402375221252,0.9335124492645264,0.8938782811164856,0.9080254435539246
108.0,4.0,0.9185185432434082,0.08148153871297836,0.9048453569412231,0.9361911416053772,0.8960346579551697,0.9086931943893433,0.9191849827766418,0.0808146595954895,0.9658545851707458,0.9315230250358582,0.9003790616989136,0.913862943649292
109.0,0.0,0.9187694787979126,0.08123062551021576,0.918133556842804,0.9351336359977722,0.8973050117492676,0.9102275967597961,0.9181821942329407,0.0818178802728653,0.9130368828773499,0.9357592463493347,0.8952922821044922,0.9077255725860596
109.0,1.0,0.9182048439979553,0.08179529756307602,0.918341875076294,0.9351286888122559,0.8972654342651367,0.9103051424026489,0.9204362034797668,0.07956340163946152,0.9122135043144226,0.9357807636260986,0.8954521417617798,0.9074133038520813
109.0,2.0,0.918430745601654,0.08156948536634445,0.9328574538230896,0.9341458678245544,0.8962490558624268,0.9092538952827454,0.9195381999015808,0.08046193420886993,0.8538975715637207,0.9397176504135132,0.8995184302330017,0.9116159677505493
109.0,3.0,0.9193352460861206,0.08066440373659134,0.9111867547035217,0.9356944561004639,0.8976571559906006,0.9101516008377075,0.9159135818481445,0.08408655226230621,0.9406684041023254,0.9335128664970398,0.8938806056976318,0.9080255031585693
109.0,4.0,0.9185178875923157,0.08148140460252762,0.904976487159729,0.9361929893493652,0.8960350751876831,0.9086933135986328,0.9191855192184448,0.08081458508968353,0.9660223722457886,0.9315237402915955,0.9003764390945435,0.9138628840446472
110.0,0.0,0.9187697172164917,0.08123046159744263,0.9182674288749695,0.9351343512535095,0.8973059058189392,0.9102280139923096,0.9181823134422302,0.08181782066822052,0.9130269289016724,0.9357597231864929,0.8952932357788086,0.9077260494232178
110.0,1.0,0.9182052612304688,0.08179516345262527,0.9184256792068481,0.9351282119750977,0.8972660303115845,0.9103062152862549,0.920436441898346,0.07956339418888092,0.9125252962112427,0.9357803463935852,0.895451545715332,0.9074136018753052
110.0,2.0,0.9184311032295227,0.08156940340995789,0.9330064654350281,0.934146523475647,0.8962491154670715,0.9092547297477722,0.9195380210876465,0.08046163618564606,0.8538990020751953,0.9397177696228027,0.8995192050933838,0.9116158485412598
110.0,3.0,0.9193345308303833,0.08066435158252716,0.9113395810127258,0.9356945753097534,0.8976571559906006,0.9101506471633911,0.9159137010574341,0.08408639580011368,0.9407185912132263,0.9335128664970398,0.8938805460929871,0.908025860786438
110.0,4.0,0.9185187220573425,0.08148124068975449,0.9050883054733276,0.9361923336982727,0.8960337042808533,0.9086936712265015,0.9191857576370239,0.0808144211769104,0.9659620523452759,0.9315230250358582,0.9003777503967285,0.9138634204864502
111.0,0.0,0.9187699556350708,0.08123037219047546,0.9183458685874939,0.9351333975791931,0.8973045349121094,0.9102277755737305,0.9181821346282959,0.08181777596473694,0.9130069613456726,0.9357587099075317,0.8952926993370056,0.9077260494232178
111.0,1.0,0.9182047247886658,0.08179498463869095,0.9184834957122803,0.935128390789032,0.8972648978233337,0.9103060960769653,0.920436441898346,0.07956334203481674,0.9126268625259399,0.9357802867889404,0.8954514861106873,0.9074133634567261
111.0,2.0,0.9184299111366272,0.08156935125589371,0.9330998063087463,0.9341460466384888,0.8962486386299133,0.9092548489570618,0.9195379614830017,0.08046141266822815,0.8540526032447815,0.9397174119949341,0.899516761302948,0.9116167426109314
111.0,3.0,0.9193360805511475,0.08066417276859283,0.9114352464675903,0.9356958866119385,0.8976558446884155,0.9101516008377075,0.9159135222434998,0.0840863361954689,0.9408935904502869,0.9335128664970398,0.8938802480697632,0.9080261588096619
111.0,4.0,0.9185181260108948,0.08148108422756195,0.9052050709724426,0.9361921548843384,0.8960341811180115,0.9086922407150269,0.9191854596138,0.08081432431936264,0.9661091566085815,0.931523323059082,0.9003766179084778,0.9138636589050293
112.0,0.0,0.9187701344490051,0.08123014867305756,0.9184516072273254,0.9351338744163513,0.8973047733306885,0.9102278351783752,0.9181819558143616,0.0818176418542862,0.9132351279258728,0.9357587695121765,0.8952924609184265,0.9077256917953491
112.0,1.0,0.9182061553001404,0.0817948654294014,0.9186044931411743,0.9351279139518738,0.8972655534744263,0.9103058576583862,0.9204366207122803,0.07956327497959137,0.9127393364906311,0.9357801079750061,0.8954514861106873,0.9074133038520813
112.0,2.0,0.9184310436248779,0.08156920969486237,0.9332076907157898,0.9341463446617126,0.896249532699585,0.9092546105384827,0.9195382595062256,0.08046123385429382,0.8541163206100464,0.9397177696228027,0.8995168805122375,0.9116162061691284
112.0,3.0,0.9193360209465027,0.08066414296627045,0.9115252494812012,0.9356955885887146,0.897657573223114,0.9101516008377075,0.9159129858016968,0.08408619463443756,0.9409605264663696,0.9335123300552368,0.8938806056976318,0.9080262184143066
112.0,4.0,0.9185182452201843,0.08148106187582016,0.9052798748016357,0.9361920952796936,0.8960340619087219,0.9086934328079224,0.9191855788230896,0.08081420511007309,0.9661461114883423,0.9315234422683716,0.9003778696060181,0.9138638973236084
113.0,0.0,0.9187696576118469,0.08123013377189636,0.9185764193534851,0.93513423204422,0.8973047733306885,0.9102277159690857,0.918182373046875,0.08181746304035187,0.9131719470024109,0.9357593059539795,0.895294189453125,0.9077257513999939
113.0,1.0,0.918204665184021,0.08179474622011185,0.9186740517616272,0.9351280927658081,0.897265613079071,0.9103055000305176,0.9204369783401489,0.0795631930232048,0.9128491878509521,0.93578040599823,0.8954516649246216,0.9074133634567261
113.0,2.0,0.9184308052062988,0.0815691351890564,0.9333269000053406,0.9341461062431335,0.8962495923042297,0.909254789352417,0.9195389151573181,0.08046115934848785,0.8541392087936401,0.9397174715995789,0.8995175957679749,0.9116163849830627
113.0,3.0,0.9193359017372131,0.0806640237569809,0.9116299152374268,0.9356950521469116,0.8976574540138245,0.9101515412330627,0.9159135818481445,0.08408617228269577,0.9409580826759338,0.9335127472877502,0.8938788175582886,0.9080263376235962
113.0,4.0,0.918519139289856,0.08148092031478882,0.9053223133087158,0.9361911416053772,0.8960336446762085,0.908693790435791,0.9191859364509583,0.08081410080194473,0.9663634896278381,0.9315237998962402,0.90037602186203,0.9138640761375427
114.0,0.0,0.9187692999839783,0.0812300443649292,0.9186633825302124,0.9351337552070618,0.8973053693771362,0.9102285504341125,0.9181825518608093,0.0818173885345459,0.9133350849151611,0.9357589483261108,0.8952949047088623,0.9077259302139282
114.0,1.0,0.9182050824165344,0.08179465681314468,0.9187546372413635,0.9351283311843872,0.8972650766372681,0.9103057384490967,0.9204366207122803,0.07956312596797943,0.9128733277320862,0.93578040599823,0.8954532146453857,0.907413125038147
114.0,2.0,0.9184301495552063,0.08156908303499222,0.9333920478820801,0.9341461062431335,0.8962498307228088,0.9092550277709961,0.9195384979248047,0.08046101033687592,0.8542972803115845,0.9397176504135132,0.8995165228843689,0.9116166234016418
114.0,3.0,0.9193369150161743,0.08066385984420776,0.9117117524147034,0.9356953501701355,0.8976569771766663,0.9101521372795105,0.9159134030342102,0.08408603817224503,0.9410664439201355,0.9335125684738159,0.8938785195350647,0.9080259799957275
114.0,4.0,0.918518602848053,0.08148075640201569,0.905484139919281,0.9361913204193115,0.8960333466529846,0.9086942076683044,0.9191858172416687,0.08081404864788055,0.966243326663971,0.9315235614776611,0.9003781080245972,0.9138638377189636
115.0,0.0,0.9187697768211365,0.08122991025447845,0.9186393022537231,0.9351338744163513,0.8973053693771362,0.9102278351783752,0.9181826710700989,0.08181726932525635,0.9134987592697144,0.9357592463493347,0.8952922821044922,0.9077263474464417
115.0,1.0,0.9182057976722717,0.08179450780153275,0.9188750982284546,0.9351281523704529,0.8972640633583069,0.9103063941001892,0.9204372763633728,0.07956303656101227,0.9129316806793213,0.93578040599823,0.8954522013664246,0.9074138402938843
115.0,2.0,0.9184326529502869,0.08156890422105789,0.9335070252418518,0.9341458678245544,0.8962494134902954,0.9092558026313782,0.9195393323898315,0.08046088367700577,0.8543407917022705,0.9397174119949341,0.8995174169540405,0.9116166830062866
115.0,3.0,0.9193367958068848,0.0806637853384018,0.9117821455001831,0.9356948137283325,0.8976563811302185,0.9101525545120239,0.9159139394760132,0.08408597856760025,0.9411047697067261,0.9335125088691711,0.8938810229301453,0.9080255031585693
115.0,4.0,0.9185190796852112,0.0814807116985321,0.9055217504501343,0.9361928701400757,0.8960346579551697,0.9086938500404358,0.9191864728927612,0.08081389963626862,0.9664766788482666,0.9315234422683716,0.9003775715827942,0.9138637185096741
116.0,0.0,0.9187697172164917,0.08122985064983368,0.9187691807746887,0.9351342916488647,0.8973058462142944,0.9102272391319275,0.9181831479072571,0.08181711286306381,0.9135948419570923,0.9357590079307556,0.8952909708023071,0.9077260494232178
116.0,1.0,0.918205738067627,0.08179442584514618,0.9189288020133972,0.9351294040679932,0.8972650766372681,0.9103067517280579,0.9204373955726624,0.0795629546046257,0.9131090044975281,0.9357805848121643,0.895453929901123,0.9074136018753052
116.0,2.0,0.9184314012527466,0.08156882971525192,0.9335653781890869,0.9341463446617126,0.8962485790252686,0.9092552661895752,0.9195390939712524,0.08046066761016846,0.8543366193771362,0.9397175312042236,0.8995169997215271,0.9116171598434448
116.0,3.0,0.9193369746208191,0.08066363632678986,0.9119244813919067,0.9356958866119385,0.8976569771766663,0.9101515412330627,0.9159142374992371,0.08408589661121368,0.9412240386009216,0.9335127472877502,0.8938820362091064,0.908026397228241
116.0,4.0,0.9185202717781067,0.08148062974214554,0.9056356549263,0.9361914992332458,0.8960351347923279,0.9086946845054626,0.9191862940788269,0.08081385493278503,0.9664052724838257,0.9315237402915955,0.9003771543502808,0.9138637185096741
117.0,0.0,0.918770432472229,0.08122963458299637,0.9187998175621033,0.9351347088813782,0.8973070979118347,0.9102287292480469,0.9181830286979675,0.08181704580783844,0.9137367606163025,0.9357587099075317,0.8952926397323608,0.9077261686325073
117.0,1.0,0.9182061553001404,0.08179423213005066,0.9189790487289429,0.935128927230835,0.897266149520874,0.9103063941001892,0.9204374551773071,0.07956284284591675,0.9132119417190552,0.9357811212539673,0.8954547643661499,0.9074140787124634
117.0,2.0,0.9184311032295227,0.08156872540712357,0.9336655735969543,0.9341448545455933,0.8962490558624268,0.9092556238174438,0.9195389151573181,0.08046049624681473,0.8544560074806213,0.9397174119949341,0.8995168805122375,0.9116172194480896
117.0,3.0,0.91933673620224,0.08066347986459732,0.9119148254394531,0.93569415807724,0.8976574540138245,0.910151481628418,0.9159140586853027,0.08408574014902115,0.9413580298423767,0.9335124492645264,0.89388108253479,0.9080257415771484
117.0,4.0,0.918519139289856,0.08148045837879181,0.9057205319404602,0.9361920356750488,0.8960348963737488,0.9086946249008179,0.9191859364509583,0.08081375807523727,0.9665446281433105,0.9315236806869507,0.9003766775131226,0.9138643741607666
118.0,0.0,0.9187700152397156,0.08122964948415756,0.9189051985740662,0.9351338744163513,0.8973055481910706,0.9102282524108887,0.9181832075119019,0.0818168893456459,0.9138141870498657,0.9357588291168213,0.8952934145927429,0.907726526260376
118.0,1.0,0.918205738067627,0.08179422467947006,0.9190600514411926,0.9351288676261902,0.8972645998001099,0.9103063941001892,0.9204371571540833,0.07956277579069138,0.9132466316223145,0.9357805848121643,0.8954556584358215,0.9074143767356873
118.0,2.0,0.9184317588806152,0.08156855404376984,0.9337154030799866,0.9341468214988708,0.8962492942810059,0.9092553853988647,0.9195393323898315,0.08046036958694458,0.8545717597007751,0.9397175312042236,0.8995159864425659,0.911617636680603
118.0,3.0,0.9193372130393982,0.08066345751285553,0.912026584148407,0.9356948733329773,0.8976556062698364,0.9101520776748657,0.9159144163131714,0.08408555388450623,0.9415863752365112,0.9335122108459473,0.89388108253479,0.9080269932746887
118.0,4.0,0.9185197353363037,0.08148031681776047,0.9057636260986328,0.9361920356750488,0.8960356116294861,0.9086952805519104,0.9191861748695374,0.08081373572349548,0.9666969180107117,0.9315235018730164,0.900374174118042,0.9138639569282532
119.0,0.0,0.9187700152397156,0.08122950792312622,0.9189739227294922,0.9351328015327454,0.8973053693771362,0.9102280735969543,0.9181832075119019,0.08181676268577576,0.913949191570282,0.9357585310935974,0.8952918648719788,0.9077269434928894
119.0,1.0,0.918205738067627,0.08179404586553574,0.919160783290863,0.9351279139518738,0.8972646594047546,0.9103076457977295,0.9204375147819519,0.079562708735466,0.913155734539032,0.9357801675796509,0.8954569101333618,0.907413899898529
119.0,2.0,0.9184315800666809,0.08156849443912506,0.9337617754936218,0.9341463446617126,0.896250307559967,0.9092548489570618,0.9195395112037659,0.08046022057533264,0.8546991944313049,0.9397174715995789,0.8995155096054077,0.9116178154945374
119.0,3.0,0.9193377494812012,0.08066335320472717,0.9120529890060425,0.9356953501701355,0.8976576328277588,0.9101517796516418,0.915913999080658,0.08408544212579727,0.9414690732955933,0.9335127472877502,0.8938798308372498,0.9080266356468201
119.0,4.0,0.9185196161270142,0.08148019760847092,0.9058237075805664,0.9361913204193115,0.8960359692573547,0.9086950421333313,0.9191862344741821,0.08081362396478653,0.9667186141014099,0.931523323059082,0.9003753662109375,0.9138638973236084
120.0,0.0,0.9187704920768738,0.08122938871383667,0.9190335869789124,0.9351333975791931,0.8973065614700317,0.910228967666626,0.9181835651397705,0.08181651681661606,0.9139441847801208,0.935759425163269,0.8952919840812683,0.9077268242835999
120.0,1.0,0.9182063937187195,0.08179394900798798,0.9192124009132385,0.9351283311843872,0.8972641825675964,0.9103071689605713,0.9204372763633728,0.07956266403198242,0.9131868481636047,0.9357805848121643,0.8954564929008484,0.907413899898529
120.0,2.0,0.9184317588806152,0.08156847208738327,0.9338316321372986,0.9341456294059753,0.8962492942810059,0.9092555046081543,0.9195398688316345,0.0804600864648819,0.8546925783157349,0.939717173576355,0.8995165228843689,0.9116176962852478
120.0,3.0,0.9193370342254639,0.080663301050663,0.9121415019035339,0.9356949329376221,0.8976564407348633,0.9101521372795105,0.91591477394104,0.08408542722463608,0.9415726661682129,0.9335125684738159,0.8938798308372498,0.9080266356468201
120.0,4.0,0.9185187220573425,0.08148013055324554,0.9058475494384766,0.9361915588378906,0.8960345983505249,0.908694326877594,0.9191864728927612,0.08081364631652832,0.96674644947052,0.931523323059082,0.9003742933273315,0.9138638973236084
121.0,0.0,0.918770432472229,0.08122933655977249,0.919046938419342,0.9351335167884827,0.8973052501678467,0.9102292060852051,0.9181835651397705,0.08181653916835785,0.9138888716697693,0.9357585906982422,0.8952927589416504,0.9077270030975342
121.0,1.0,0.9182055592536926,0.08179391175508499,0.9192195534706116,0.9351280927658081,0.8972643613815308,0.9103062748908997,0.9204376339912415,0.07956268638372421,0.9132084250450134,0.9357808828353882,0.8954560160636902,0.9074141979217529
121.0,2.0,0.9184313416481018,0.08156845718622208,0.9338198900222778,0.9341458678245544,0.8962491750717163,0.9092555046081543,0.9195393919944763,0.0804600790143013,0.8546651601791382,0.9397176504135132,0.8995168805122375,0.9116178750991821
121.0,3.0,0.9193374514579773,0.08066321909427643,0.9121648073196411,0.9356948137283325,0.8976567387580872,0.910152018070221,0.91591477394104,0.0840853825211525,0.9415352940559387,0.9335125088691711,0.8938800096511841,0.9080263376235962
121.0,4.0,0.9185197949409485,0.08148015290498734,0.9058696627616882,0.9361926317214966,0.8960350751876831,0.9086946249008179,0.9191864728927612,0.08081360161304474,0.9668095111846924,0.9315235614776611,0.9003739356994629,0.9138636589050293
122.0,0.0,0.918770968914032,0.0812293142080307,0.9190514087677002,0.9351338744163513,0.8973051309585571,0.9102289080619812,0.918183445930481,0.08181654661893845,0.9139426946640015,0.9357592463493347,0.8952922821044922,0.9077271819114685
122.0,1.0,0.918205976486206,0.0817938968539238,0.9192293882369995,0.9351276159286499,0.8972647190093994,0.9103072285652161,0.9204375147819519,0.07956261932849884,0.9132355451583862,0.9357810020446777,0.8954562544822693,0.9074139595031738
122.0,2.0,0.9184311628341675,0.08156842738389969,0.9338892698287964,0.9341457486152649,0.8962485790252686,0.9092546105384827,0.9195399284362793,0.0804600939154625,0.8547029495239258,0.9397177696228027,0.8995166420936584,0.9116183519363403
122.0,3.0,0.9193365573883057,0.0806632712483406,0.9121536016464233,0.935695230960846,0.8976578116416931,0.910152018070221,0.9159145355224609,0.0840853825211525,0.9415743350982666,0.9335129857063293,0.8938798904418945,0.9080265760421753
122.0,4.0,0.9185197353363037,0.08148010820150375,0.9058550596237183,0.9361921548843384,0.8960344195365906,0.9086953401565552,0.9191859364509583,0.08081358671188354,0.9667617082595825,0.9315235018730164,0.9003739356994629,0.9138640761375427
123.0,0.0,0.9187702536582947,0.08122937381267548,0.919057309627533,0.9351342916488647,0.8973052501678467,0.9102289080619812,0.9181835651397705,0.08181649446487427,0.9139747619628906,0.9357587695121765,0.8952922821044922,0.9077267646789551
123.0,1.0,0.9182059168815613,0.08179385960102081,0.9192619323730469,0.9351285696029663,0.8972649574279785,0.9103066921234131,0.9204369783401489,0.07956263422966003,0.9132453799247742,0.9357808828353882,0.8954563736915588,0.90741366147995
123.0,2.0,0.9184310436248779,0.08156838268041611,0.9338988661766052,0.9341456294059753,0.8962501883506775,0.9092548489570618,0.9195398688316345,0.0804600715637207,0.8546736240386963,0.9397174715995789,0.899516224861145,0.911618173122406
123.0,3.0,0.9193369150161743,0.08066323399543762,0.9121837019920349,0.9356948733329773,0.8976567387580872,0.9101515412330627,0.9159142971038818,0.08408539742231369,0.941573441028595,0.9335124492645264,0.893880307674408,0.9080268740653992
123.0,4.0,0.9185200333595276,0.08148016780614853,0.9058854579925537,0.9361914992332458,0.8960338830947876,0.9086946845054626,0.9191862344741821,0.08081358671188354,0.9667855501174927,0.9315235614776611,0.9003753066062927,0.9138641953468323
124.0,0.0,0.9187712073326111,0.08122933655977249,0.9190698266029358,0.9351339936256409,0.8973059058189392,0.9102292656898499,0.9181835651397705,0.08181653171777725,0.9139679670333862,0.9357590675354004,0.8952926993370056,0.9077272415161133
124.0,1.0,0.9182061553001404,0.0817938894033432,0.9192634224891663,0.9351288080215454,0.8972643613815308,0.9103065133094788,0.920437216758728,0.07956258952617645,0.9132320284843445,0.9357807636260986,0.8954561948776245,0.907414436340332
124.0,2.0,0.9184318780899048,0.08156836777925491,0.9338831901550293,0.9341452717781067,0.8962486386299133,0.9092550873756409,0.9195396900177002,0.08046004921197891,0.8547224998474121,0.9397174715995789,0.8995164036750793,0.9116178750991821
124.0,3.0,0.9193370342254639,0.08066321909427643,0.9121881127357483,0.9356950521469116,0.8976561427116394,0.9101528525352478,0.91591477394104,0.0840853676199913,0.9415671825408936,0.9335127472877502,0.8938800692558289,0.908026397228241
124.0,4.0,0.9185188412666321,0.08148019760847092,0.9058862924575806,0.936191976070404,0.8960349559783936,0.9086936116218567,0.919186532497406,0.08081355690956116,0.9667870402336121,0.9315231442451477,0.9003745913505554,0.9138639569282532
125.0,0.0,0.9187703132629395,0.0812293291091919,0.9190939664840698,0.9351341128349304,0.8973054885864258,0.9102285504341125,0.9181830883026123,0.08181648701429367,0.913970947265625,0.9357585310935974,0.8952924609184265,0.9077267646789551
125.0,1.0,0.9182056784629822,0.0817939043045044,0.9192693829536438,0.9351285696029663,0.8972645998001099,0.9103074073791504,0.9204376935958862,0.07956264168024063,0.9132306575775146,0.9357802867889404,0.8954564332962036,0.9074138402938843
125.0,2.0,0.9184325337409973,0.08156836777925491,0.9338982105255127,0.9341461062431335,0.89625084400177,0.9092549681663513,0.9195395112037659,0.0804600641131401,0.8546881675720215,0.9397174715995789,0.8995162844657898,0.911617636680603
125.0,3.0,0.9193372130393982,0.08066326379776001,0.9122034311294556,0.9356944561004639,0.8976573944091797,0.9101517200469971,0.9159146547317505,0.08408539742231369,0.9415687322616577,0.9335126876831055,0.8938800096511841,0.9080271124839783
125.0,4.0,0.918519139289856,0.08148013800382614,0.9058837890625,0.936191737651825,0.8960341811180115,0.908694863319397,0.9191865921020508,0.08081354200839996,0.9667717814445496,0.9315235614776611,0.9003755450248718,0.9138639569282532
126.0,0.0,0.918770432472229,0.0812293216586113,0.9190769195556641,0.93513423204422,0.8973054885864258,0.910228431224823,0.9181836843490601,0.08181650191545486,0.9139650464057922,0.9357590079307556,0.8952928781509399,0.9077265858650208
126.0,1.0,0.9182053208351135,0.0817938819527626,0.9192716479301453,0.9351282119750977,0.8972649574279785,0.9103062748908997,0.9204372763633728,0.07956258952617645,0.9132553935050964,0.9357808828353882,0.8954560160636902,0.9074141383171082
126.0,2.0,0.9184322357177734,0.08156844228506088,0.9338734149932861,0.9341462850570679,0.8962493538856506,0.9092556238174438,0.9195396900177002,0.08046005666255951,0.8546912670135498,0.9397179484367371,0.8995164036750793,0.9116178154945374
126.0,3.0,0.9193366765975952,0.08066322654485703,0.9121792912483215,0.9356948137283325,0.8976568579673767,0.9101520776748657,0.9159144759178162,0.0840853825211525,0.9415516257286072,0.9335124492645264,0.8938798308372498,0.9080262184143066
126.0,4.0,0.9185187816619873,0.08148015290498734,0.9058743715286255,0.9361920356750488,0.896035373210907,0.9086944460868835,0.9191862940788269,0.08081355690956116,0.9668623208999634,0.9315235614776611,0.9003740549087524,0.9138639569282532
127.0,0.0,0.9187705516815186,0.08122935891151428,0.9190955758094788,0.9351345300674438,0.897304892539978,0.9102279543876648,0.9181840419769287,0.08181644976139069,0.9139999151229858,0.9357596635818481,0.8952926993370056,0.9077267646789551
127.0,1.0,0.9182060360908508,0.081793874502182,0.9192700982093811,0.9351288676261902,0.897264838218689,0.9103062152862549,0.9204381704330444,0.07956260442733765,0.9132804870605469,0.9357805252075195,0.8954563736915588,0.9074145555496216
127.0,2.0,0.918431282043457,0.08156838268041611,0.9338696002960205,0.9341452717781067,0.8962503671646118,0.9092556238174438,0.9195395112037659,0.08046001940965652,0.8547366261482239,0.9397172927856445,0.8995161056518555,0.9116180539131165
127.0,3.0,0.91933673620224,0.08066324889659882,0.9121953845024109,0.9356953501701355,0.8976561427116394,0.9101521372795105,0.9159152507781982,0.0840853750705719,0.9416166543960571,0.933512270450592,0.8938800692558289,0.9080269932746887
127.0,4.0,0.9185194969177246,0.08148007094860077,0.9058874249458313,0.9361920356750488,0.8960351347923279,0.9086945652961731,0.9191861748695374,0.08081354200839996,0.9668526649475098,0.9315232038497925,0.9003727436065674,0.9138640761375427
128.0,0.0,0.9187707304954529,0.0812293291091919,0.9190932512283325,0.9351335763931274,0.8973050713539124,0.9102287888526917,0.9181835651397705,0.08181646466255188,0.9139382839202881,0.9357587099075317,0.8952922821044922,0.9077271819114685
128.0,1.0,0.9182064533233643,0.08179384469985962,0.919238269329071,0.9351277351379395,0.8972634673118591,0.9103067517280579,0.920437216758728,0.07956257462501526,0.913305938243866,0.9357808232307434,0.8954567909240723,0.9074140787124634
128.0,2.0,0.9184320569038391,0.08156833052635193,0.9338710308074951,0.9341464638710022,0.8962490558624268,0.9092555642127991,0.919539749622345,0.08046001940965652,0.854748547077179,0.9397176504135132,0.8995169401168823,0.9116175770759583
128.0,3.0,0.9193364381790161,0.08066318184137344,0.9121958017349243,0.9356948137283325,0.8976565599441528,0.9101519584655762,0.91591477394104,0.0840853750705719,0.9415539503097534,0.9335130453109741,0.8938797116279602,0.9080267548561096
128.0,4.0,0.9185196161270142,0.08148007094860077,0.9059051275253296,0.936191737651825,0.8960353136062622,0.9086941480636597,0.919185996055603,0.08081351965665817,0.9668651223182678,0.9315235614776611,0.9003727436065674,0.9138641357421875
129.0,0.0,0.9187701344490051,0.08122927695512772,0.9190970659255981,0.93513423204422,0.897304892539978,0.9102286696434021,0.9181835651397705,0.0818164274096489,0.9139284491539001,0.9357592463493347,0.8952916264533997,0.9077273011207581
129.0,1.0,0.9182064533233643,0.0817938894033432,0.9192760586738586,0.935128390789032,0.8972634077072144,0.9103071689605713,0.9204374551773071,0.07956258207559586,0.9132853746414185,0.9357805252075195,0.8954561352729797,0.9074139595031738
129.0,2.0,0.9184318780899048,0.08156833797693253,0.9338954091072083,0.9341460466384888,0.896249532699585,0.9092555642127991,0.9195399284362793,0.08046001940965652,0.8547444939613342,0.939717710018158,0.8995162844657898,0.9116184115409851
129.0,3.0,0.919337272644043,0.08066313713788986,0.912216305732727,0.9356954097747803,0.8976572155952454,0.9101524949073792,0.9159140586853027,0.08408539742231369,0.9415712356567383,0.9335124492645264,0.8938798308372498,0.9080264568328857
129.0,4.0,0.9185200929641724,0.08148008584976196,0.9058781862258911,0.9361918568611145,0.896035373210907,0.9086946845054626,0.919186532497406,0.08081350475549698,0.9668236374855042,0.9315235018730164,0.9003732204437256,0.9138644337654114
130.0,0.0,0.918771505355835,0.08122933655977249,0.9191113710403442,0.9351338148117065,0.8973053693771362,0.9102292060852051,0.9181833863258362,0.08181639760732651,0.9139411449432373,0.9357585906982422,0.8952929973602295,0.9077272415161133
130.0,1.0,0.9182061553001404,0.08179385215044022,0.9193028211593628,0.9351281523704529,0.8972636461257935,0.9103073477745056,0.920437753200531,0.07956256717443466,0.9132955074310303,0.9357806444168091,0.8954560160636902,0.9074143171310425
130.0,2.0,0.91843181848526,0.0815684050321579,0.9339078664779663,0.9341460466384888,0.8962495923042297,0.9092555046081543,0.9195399880409241,0.08045998960733414,0.8547250032424927,0.939717710018158,0.8995165228843689,0.9116183519363403
130.0,3.0,0.9193370342254639,0.08066318929195404,0.9122227430343628,0.9356943368911743,0.8976556658744812,0.9101521372795105,0.9159144163131714,0.0840853825211525,0.9415575265884399,0.9335128664970398,0.8938795328140259,0.9080265760421753
130.0,4.0,0.9185196161270142,0.08148013800382614,0.9059139490127563,0.9361912608146667,0.8960343599319458,0.9086949229240417,0.9191862940788269,0.08081349730491638,0.9668546915054321,0.9315236806869507,0.9003726840019226,0.9138639569282532
131.0,0.0,0.9187701344490051,0.08122924715280533,0.9191255569458008,0.93513423204422,0.8973046541213989,0.9102287888526917,0.9181836247444153,0.0818164199590683,0.9139450788497925,0.9357590675354004,0.8952933549880981,0.9077274203300476
131.0,1.0,0.9182060360908508,0.08179381489753723,0.919277012348175,0.9351283311843872,0.8972651362419128,0.9103066921234131,0.9204376935958862,0.07956256717443466,0.9132804274559021,0.93578040599823,0.8954559564590454,0.9074145555496216
131.0,2.0,0.9184310436248779,0.08156827837228775,0.9338918328285217,0.9341457486152649,0.8962493538856506,0.9092550873756409,0.9195399880409241,0.08045999705791473,0.8547214865684509,0.939717710018158,0.8995164036750793,0.9116180539131165
131.0,3.0,0.9193381667137146,0.08066321909427643,0.9122202396392822,0.935694694519043,0.8976563811302185,0.9101521372795105,0.9159147143363953,0.08408535271883011,0.9415502548217773,0.9335123300552368,0.8938800096511841,0.9080268740653992
131.0,4.0,0.9185196161270142,0.08148011565208435,0.9059082269668579,0.9361911416053772,0.8960350751876831,0.9086944460868835,0.9191864132881165,0.08081350475549698,0.9668493866920471,0.9315237402915955,0.900372326374054,0.9138646721839905
132.0,0.0,0.9187712073326111,0.08122934401035309,0.9191209077835083,0.93513423204422,0.897304117679596,0.9102290868759155,0.9181838631629944,0.08181639015674591,0.9139771461486816,0.9357588291168213,0.8952924609184265,0.9077277183532715
132.0,1.0,0.918205976486206,0.08179386705160141,0.9193112850189209,0.935128927230835,0.897264301776886,0.9103074669837952,0.920437753200531,0.07956256717443466,0.9133220911026001,0.9357805252075195,0.8954560160636902,0.9074141979217529
132.0,2.0,0.9184315204620361,0.08156832307577133,0.9339060187339783,0.9341455101966858,0.896248459815979,0.9092555642127991,0.9195393323898315,0.0804600641131401,0.8547351360321045,0.9397176504135132,0.8995164036750793,0.911617636680603
132.0,3.0,0.9193375110626221,0.08066308498382568,0.9122180938720703,0.9356953501701355,0.8976570963859558,0.9101520776748657,0.9159144759178162,0.08408533781766891,0.941559374332428,0.9335125088691711,0.8938800692558289,0.9080266356468201
132.0,4.0,0.9185202121734619,0.08148008584976196,0.9059265851974487,0.9361913800239563,0.8960356116294861,0.9086953401565552,0.9191861748695374,0.08081349730491638,0.966901421546936,0.9315239191055298,0.9003725051879883,0.9138641357421875
133.0,0.0,0.9187703132629395,0.0812293142080307,0.919108510017395,0.9351341128349304,0.8973055481910706,0.910228967666626,0.9181839227676392,0.08181637525558472,0.9140258431434631,0.9357590079307556,0.8952934145927429,0.9077274203300476
133.0,1.0,0.9182062149047852,0.08179386705160141,0.9192963242530823,0.9351286292076111,0.8972644209861755,0.910305917263031,0.920437753200531,0.07956252992153168,0.9132824540138245,0.9357810616493225,0.8954560160636902,0.9074141383171082
133.0,2.0,0.9184318780899048,0.08156830817461014,0.9339067935943604,0.9341457486152649,0.8962488770484924,0.9092557430267334,0.9195394515991211,0.08045998215675354,0.8547609448432922,0.939717710018158,0.8995169997215271,0.9116180539131165
133.0,3.0,0.9193364977836609,0.08066315948963165,0.9122360944747925,0.9356955885887146,0.8976554870605469,0.9101517796516418,0.91591477394104,0.08408534526824951,0.9416102766990662,0.9335126876831055,0.8938798308372498,0.9080266952514648
133.0,4.0,0.9185196161270142,0.08148007839918137,0.9059083461761475,0.9361913204193115,0.8960342407226562,0.9086948037147522,0.9191862940788269,0.0808134600520134,0.966914176940918,0.9315232038497925,0.9003726243972778,0.9138639569282532
134.0,0.0,0.9187712073326111,0.08122933655977249,0.9191213250160217,0.9351338744163513,0.8973053693771362,0.9102283120155334,0.9181838631629944,0.08181636035442352,0.9140493273735046,0.9357593059539795,0.8952933549880981,0.9077274203300476
134.0,1.0,0.9182044267654419,0.08179378509521484,0.9193097352981567,0.9351288080215454,0.8972644209861755,0.9103062748908997,0.9204369187355042,0.07956253737211227,0.9133608937263489,0.9357808232307434,0.8954557776451111,0.9074143171310425
134.0,2.0,0.9184320569038391,0.08156832307577133,0.933915913105011,0.9341455698013306,0.8962486982345581,0.9092557430267334,0.9195396900177002,0.08046000450849533,0.8547870516777039,0.9397176504135132,0.8995173573493958,0.911617636680603
134.0,3.0,0.9193384647369385,0.08066314458847046,0.9122442603111267,0.935695230960846,0.8976567387580872,0.9101532697677612,0.9159146547317505,0.08408533781766891,0.9415388703346252,0.9335126876831055,0.8938800096511841,0.9080265760421753
134.0,4.0,0.9185202717781067,0.0814799964427948,0.9059428572654724,0.9361918568611145,0.8960344791412354,0.908695638179779,0.9191864132881165,0.08081348985433578,0.9669201970100403,0.9315235018730164,0.9003729820251465,0.9138641953468323
135.0,0.0,0.9187706708908081,0.08122926205396652,0.9191353917121887,0.9351337552070618,0.8973047733306885,0.910228431224823,0.9181833267211914,0.08181633800268173,0.9140306711196899,0.9357591867446899,0.8952924609184265,0.9077275395393372
135.0,1.0,0.918205976486206,0.0817938894033432,0.9193115234375,0.9351284503936768,0.8972646594047546,0.9103074073791504,0.9204375147819519,0.07956252247095108,0.913329005241394,0.9357811212539673,0.8954560160636902,0.9074141383171082
135.0,2.0,0.9184322357177734,0.08156838268041611,0.9339317083358765,0.9341457486152649,0.8962482213973999,0.9092552661895752,0.9195402264595032,0.08045997470617294,0.8547666072845459,0.9397171139717102,0.8995167016983032,0.9116178750991821
135.0,3.0,0.9193365573883057,0.08066312223672867,0.9122700095176697,0.935695230960846,0.8976554870605469,0.9101517200469971,0.9159149527549744,0.08408534526824951,0.9415498971939087,0.9335127472877502,0.8938801288604736,0.908026933670044
135.0,4.0,0.9185207486152649,0.08148013055324554,0.9059494733810425,0.9361909031867981,0.8960345983505249,0.9086956977844238,0.9191864132881165,0.08081347495317459,0.9669120907783508,0.9315231442451477,0.9003722071647644,0.9138635993003845
136.0,0.0,0.9187703132629395,0.0812293067574501,0.9191391468048096,0.9351341128349304,0.8973045945167542,0.9102292060852051,0.9181840419769287,0.08181633800268173,0.9140228033065796,0.9357593059539795,0.8952933549880981,0.9077273011207581
136.0,1.0,0.918205738067627,0.08179378509521484,0.9193068146705627,0.9351276159286499,0.8972634673118591,0.9103072285652161,0.9204381108283997,0.07956252247095108,0.9133322238922119,0.9357805848121643,0.8954561352729797,0.9074143767356873
136.0,2.0,0.9184318780899048,0.08156833052635193,0.9339224696159363,0.934145987033844,0.8962484002113342,0.9092555046081543,0.9195395112037659,0.08045998960733414,0.8547381162643433,0.9397174715995789,0.8995165228843689,0.9116182327270508
136.0,3.0,0.9193372130393982,0.08066312223672867,0.9122433662414551,0.9356954097747803,0.8976562023162842,0.9101529717445374,0.9159150123596191,0.08408530801534653,0.9415758848190308,0.9335135221481323,0.8938798904418945,0.9080265760421753
136.0,4.0,0.9185205101966858,0.0814799889922142,0.9059361815452576,0.9361908435821533,0.8960347175598145,0.9086935520172119,0.9191864728927612,0.0808134526014328,0.9669218063354492,0.9315235018730164,0.9003714919090271,0.9138641953468323
137.0,0.0,0.9187709093093872,0.08122919499874115,0.9191255569458008,0.9351340532302856,0.8973039388656616,0.9102296829223633,0.9181836247444153,0.08181633055210114,0.9140014052391052,0.9357590079307556,0.8952932357788086,0.9077271819114685
137.0,1.0,0.9182057976722717,0.08179376274347305,0.9193083047866821,0.9351288676261902,0.8972646594047546,0.9103063941001892,0.9204374551773071,0.07956251502037048,0.913386344909668,0.9357802867889404,0.8954544067382812,0.9074139595031738
137.0,2.0,0.91843181848526,0.08156830817461014,0.9339370131492615,0.9341450929641724,0.896249532699585,0.9092547297477722,0.9195403456687927,0.08046002686023712,0.8547842502593994,0.9397177696228027,0.8995169997215271,0.9116178750991821
137.0,3.0,0.919337272644043,0.08066310733556747,0.9122500419616699,0.9356951713562012,0.8976552486419678,0.9101527333259583,0.9159148931503296,0.08408530801534653,0.9415733218193054,0.9335127472877502,0.8938800692558289,0.9080263376235962
137.0,4.0,0.9185197949409485,0.08148007094860077,0.9059441685676575,0.936191737651825,0.8960342407226562,0.9086939692497253,0.9191867113113403,0.08081347495317459,0.9669159650802612,0.9315234422683716,0.9003711342811584,0.9138643145561218
138.0,0.0,0.9187709093093872,0.08122929185628891,0.9191293716430664,0.9351345896720886,0.897304117679596,0.9102286696434021,0.9181838631629944,0.08181633800268173,0.914047122001648,0.9357591867446899,0.8952935338020325,0.9077271819114685
138.0,1.0,0.9182061553001404,0.08179380744695663,0.9193354845046997,0.9351292848587036,0.8972641825675964,0.9103067517280579,0.9204370379447937,0.07956250011920929,0.913364052772522,0.9357810020446777,0.8954547047615051,0.9074143767356873
138.0,2.0,0.9184325337409973,0.08156835287809372,0.9339370131492615,0.9341452717781067,0.8962481617927551,0.9092558026313782,0.9195399880409241,0.08045995235443115,0.8547831177711487,0.9397179484367371,0.8995164632797241,0.9116175770759583
138.0,3.0,0.9193370342254639,0.08066313713788986,0.912263810634613,0.9356954097747803,0.8976560831069946,0.9101526141166687,0.9159148931503296,0.08408535271883011,0.9416082501411438,0.933512270450592,0.8938800096511841,0.9080265760421753
138.0,4.0,0.9185195565223694,0.08148004114627838,0.905942440032959,0.9361914992332458,0.8960355520248413,0.9086951613426208,0.9191861748695374,0.08081348985433578,0.9668947458267212,0.9315232038497925,0.9003716111183167,0.9138641357421875
139.0,0.0,0.9187702536582947,0.08122921735048294,0.9191634058952332,0.9351337552070618,0.8973036408424377,0.910229504108429,0.9181836843490601,0.08181631565093994,0.9139992594718933,0.935759425163269,0.8952933549880981,0.9077276587486267
139.0,1.0,0.9182066917419434,0.08179382979869843,0.9193257689476013,0.9351281523704529,0.8972641229629517,0.9103068709373474,0.9204376935958862,0.07956251502037048,0.9133800268173218,0.9357808232307434,0.8954548835754395,0.907414436340332
139.0,2.0,0.91843181848526,0.08156831562519073,0.9339319467544556,0.9341460466384888,0.896247923374176,0.909255862236023,0.9195398688316345,0.08045998960733414,0.85479736328125,0.9397177696228027,0.8995169401168823,0.9116179347038269
139.0,3.0,0.9193379282951355,0.08066309988498688,0.9122651219367981,0.9356957077980042,0.8976556062698364,0.9101524949073792,0.9159142971038818,0.08408531546592712,0.9415925145149231,0.9335127472877502,0.8938797116279602,0.9080264568328857
139.0,4.0,0.9185197949409485,0.08148004114627838,0.9059394598007202,0.9361921548843384,0.8960354328155518,0.9086950421333313,0.919186532497406,0.0808134451508522,0.9669008255004883,0.9315237402915955,0.9003719091415405,0.9138645529747009
140.0,0.0,0.9187705516815186,0.08122921735048294,0.9191550016403198,0.9351341128349304,0.8973045945167542,0.9102280139923096,0.9181835651397705,0.08181629329919815,0.9140222668647766,0.9357593059539795,0.8952922821044922,0.9077277183532715
140.0,1.0,0.9182066321372986,0.08179379254579544,0.9193334579467773,0.9351286888122559,0.897264301776886,0.9103066325187683,0.920437216758728,0.0795624852180481,0.9133353233337402,0.9357808232307434,0.8954542875289917,0.9074140787124634
140.0,2.0,0.9184322953224182,0.08156822621822357,0.9339268803596497,0.9341447353363037,0.8962483406066895,0.9092556238174438,0.919539749622345,0.08045993745326996,0.854783296585083,0.9397176504135132,0.8995159864425659,0.9116179347038269
140.0,3.0,0.9193369746208191,0.08066315948963165,0.9122613072395325,0.93569415807724,0.8976568579673767,0.9101520776748657,0.9159146547317505,0.08408528566360474,0.9416215419769287,0.9335125684738159,0.893879771232605,0.9080266356468201
140.0,4.0,0.9185202121734619,0.0814799964427948,0.9059556722640991,0.9361910223960876,0.8960342407226562,0.908694863319397,0.9191865921020508,0.08081347495317459,0.9669074416160583,0.9315239191055298,0.9003734588623047,0.9138648509979248
141.0,0.0,0.9187710285186768,0.08122925460338593,0.9191551208496094,0.9351350665092468,0.8973050713539124,0.910228967666626,0.9181836843490601,0.08181633055210114,0.9140347838401794,0.9357589483261108,0.8952922821044922,0.9077275395393372
141.0,1.0,0.9182064533233643,0.08179382234811783,0.9193304777145386,0.9351274371147156,0.8972646594047546,0.9103075861930847,0.920437753200531,0.0795624777674675,0.9133203625679016,0.93578040599823,0.8954549431800842,0.9074146151542664
141.0,2.0,0.9184318780899048,0.08156833797693253,0.9339389204978943,0.9341463446617126,0.8962481021881104,0.9092555046081543,0.9195399284362793,0.08045996725559235,0.854750394821167,0.9397178888320923,0.8995165228843689,0.9116180539131165
141.0,3.0,0.9193371534347534,0.08066311478614807,0.9122469425201416,0.9356951713562012,0.8976559042930603,0.9101515412330627,0.9159144163131714,0.08408533036708832,0.9416435360908508,0.9335127472877502,0.8938800692558289,0.908026397228241
141.0,4.0,0.9185199737548828,0.0814800038933754,0.9059543013572693,0.9361925721168518,0.8960341215133667,0.9086946249008179,0.9191864728927612,0.0808134451508522,0.9669257998466492,0.9315229654312134,0.9003719687461853,0.9138650298118591
142.0,0.0,0.9187705516815186,0.08122923225164413,0.9191551208496094,0.9351330995559692,0.8973050713539124,0.9102289080619812,0.9181833267211914,0.08181630074977875,0.9140503406524658,0.9357588291168213,0.8952934145927429,0.9077276587486267
142.0,1.0,0.9182059168815613,0.08179371058940887,0.9193342924118042,0.9351286292076111,0.8972651362419128,0.9103066921234131,0.9204374551773071,0.0795624852180481,0.913407027721405,0.9357806444168091,0.8954549431800842,0.907414436340332
142.0,2.0,0.918431282043457,0.08156830817461014,0.9339542388916016,0.9341449737548828,0.896249532699585,0.90925532579422,0.9195396900177002,0.08045993745326996,0.8548111915588379,0.9397175312042236,0.8995159864425659,0.911618173122406
142.0,3.0,0.9193373918533325,0.08066312223672867,0.9122675061225891,0.9356948733329773,0.8976562023162842,0.9101517796516418,0.91591477394104,0.08408533781766891,0.94158935546875,0.9335130453109741,0.8938803672790527,0.9080269932746887
142.0,4.0,0.9185198545455933,0.0814799815416336,0.9059845209121704,0.9361915588378906,0.896034836769104,0.9086946249008179,0.9191862940788269,0.0808134451508522,0.9668864607810974,0.931523323059082,0.9003723859786987,0.9138646125793457
143.0,0.0,0.9187714457511902,0.08122917264699936,0.9191364049911499,0.9351338744163513,0.897304356098175,0.9102294445037842,0.9181836247444153,0.08181630820035934,0.9140399694442749,0.9357588291168213,0.8952940106391907,0.9077272415161133
143.0,1.0,0.9182068109512329,0.08179374784231186,0.919330358505249,0.9351277351379395,0.8972644805908203,0.9103068709373474,0.920437216758728,0.0795624852180481,0.9133830070495605,0.9357803463935852,0.8954541683197021,0.9074143171310425
143.0,2.0,0.9184328317642212,0.08156827092170715,0.9339587092399597,0.9341462850570679,0.8962483406066895,0.9092568159103394,0.9195401072502136,0.08045990765094757,0.8547579050064087,0.9397172331809998,0.8995164036750793,0.9116181135177612
143.0,3.0,0.9193367958068848,0.08066311478614807,0.9122841358184814,0.935694694519043,0.8976565599441528,0.9101523756980896,0.9159147143363953,0.08408531546592712,0.9415691494941711,0.9335128664970398,0.8938795924186707,0.9080264568328857
143.0,4.0,0.9185199737548828,0.08147992193698883,0.9059767723083496,0.936191976070404,0.896034836769104,0.9086952805519104,0.9191870093345642,0.0808134526014328,0.9668717384338379,0.9315235018730164,0.9003721475601196,0.9138645529747009
144.0,0.0,0.9187711477279663,0.08122923225164413,0.9191763997077942,0.9351345896720886,0.8973044157028198,0.9102287888526917,0.9181842803955078,0.08181624114513397,0.9140594601631165,0.9357593059539795,0.895293116569519,0.9077273011207581
144.0,1.0,0.918205976486206,0.08179376274347305,0.9193102717399597,0.9351282119750977,0.8972641825675964,0.9103067517280579,0.9204376339912415,0.07956244051456451,0.9134312272071838,0.9357808828353882,0.8954547047615051,0.9074146747589111
144.0,2.0,0.918432354927063,0.08156821131706238,0.9339490532875061,0.9341460466384888,0.8962479829788208,0.9092555046081543,0.9195401072502136,0.08045990020036697,0.8548272252082825,0.9397177696228027,0.899516224861145,0.9116178750991821
144.0,3.0,0.919336199760437,0.08066308498382568,0.9122836589813232,0.9356951117515564,0.8976563811302185,0.9101524949073792,0.91591477394104,0.08408530056476593,0.9415953159332275,0.9335126876831055,0.8938805460929871,0.9080267548561096
144.0,4.0,0.9185198545455933,0.08148001879453659,0.9059591889381409,0.9361918568611145,0.8960351347923279,0.9086951613426208,0.9191864132881165,0.08081341534852982,0.9669018983840942,0.9315230250358582,0.9003719091415405,0.9138640761375427
145.0,0.0,0.9187703132629395,0.08122920244932175,0.919169545173645,0.9351345896720886,0.8973038196563721,0.9102282524108887,0.9181836247444153,0.08181629329919815,0.9140300154685974,0.9357588291168213,0.8952934741973877,0.9077275395393372
145.0,1.0,0.9182062149047852,0.08179374784231186,0.9193482995033264,0.9351282119750977,0.897264838218689,0.9103067517280579,0.9204373955726624,0.07956242561340332,0.9134196043014526,0.9357807636260986,0.895454466342926,0.9074143171310425
145.0,2.0,0.9184313416481018,0.08156821131706238,0.9339737296104431,0.9341458678245544,0.8962483406066895,0.909255862236023,0.9195399880409241,0.08045993745326996,0.8547691106796265,0.9397172927856445,0.8995162844657898,0.9116180539131165
145.0,3.0,0.919337809085846,0.08066307753324509,0.9122897982597351,0.9356944561004639,0.8976563215255737,0.9101526141166687,0.9159144163131714,0.08408530801534653,0.9416281580924988,0.933512806892395,0.893880307674408,0.9080266952514648
145.0,4.0,0.918520450592041,0.08147997409105301,0.9059586524963379,0.9361922740936279,0.8960344791412354,0.9086946845054626,0.9191867709159851,0.08081341534852982,0.9668657779693604,0.9315234422683716,0.9003718495368958,0.9138646125793457
146.0,0.0,0.9187701344490051,0.08122918754816055,0.9191686511039734,0.9351338744163513,0.8973051309585571,0.9102287888526917,0.9181838035583496,0.08181622624397278,0.9140439033508301,0.9357588291168213,0.895293653011322,0.907727062702179
146.0,1.0,0.9182047247886658,0.08179373294115067,0.9193214178085327,0.9351291656494141,0.897264301776886,0.9103066921234131,0.9204374551773071,0.0795624628663063,0.9133701920509338,0.9357805252075195,0.8954545259475708,0.9074141383171082
146.0,2.0,0.9184317588806152,0.08156822621822357,0.9339661598205566,0.9341461062431335,0.8962485790252686,0.9092556238174438,0.9195399880409241,0.08045990020036697,0.8547951579093933,0.9397169351577759,0.8995159268379211,0.9116182327270508
146.0,3.0,0.919337272644043,0.08066307753324509,0.9122905135154724,0.935695230960846,0.8976562023162842,0.9101516008377075,0.9159148931503296,0.08408531546592712,0.9415996670722961,0.9335123300552368,0.8938800096511841,0.9080266356468201
146.0,4.0,0.918520450592041,0.08147993683815002,0.9059764742851257,0.9361920356750488,0.8960364460945129,0.9086953997612,0.9191862344741821,0.08081338554620743,0.966876208782196,0.9315232634544373,0.9003719687461853,0.9138640761375427
147.0,0.0,0.918771505355835,0.08122916519641876,0.9191608428955078,0.9351338744163513,0.897304356098175,0.9102287888526917,0.9181839227676392,0.08181626349687576,0.9140468239784241,0.9357591867446899,0.8952932357788086,0.9077274203300476
147.0,1.0,0.9182063937187195,0.08179371058940887,0.9193466305732727,0.935128390789032,0.8972644805908203,0.9103083610534668,0.9204382300376892,0.07956243306398392,0.9134074449539185,0.9357805848121643,0.8954551815986633,0.9074143767356873
147.0,2.0,0.9184315204620361,0.08156818896532059,0.9339650869369507,0.9341456294059753,0.8962486386299133,0.9092555046081543,0.9195399284362793,0.08045990765094757,0.8548150062561035,0.9397172331809998,0.8995161652565002,0.9116178750991821
147.0,3.0,0.9193366765975952,0.08066301792860031,0.9122862815856934,0.9356948733329773,0.8976565599441528,0.9101520776748657,0.9159144163131714,0.08408524841070175,0.9416248202323914,0.9335125088691711,0.893880307674408,0.9080267548561096
147.0,4.0,0.9185194969177246,0.08147993683815002,0.9059746861457825,0.9361917972564697,0.896034836769104,0.9086949229240417,0.9191865921020508,0.08081340789794922,0.9668518304824829,0.9315232634544373,0.9003720879554749,0.9138643145561218
148.0,0.0,0.918770432472229,0.08122919499874115,0.919174075126648,0.9351327419281006,0.897304117679596,0.9102292060852051,0.9181838631629944,0.08181627094745636,0.9140967726707458,0.9357587099075317,0.8952934741973877,0.9077275395393372
148.0,1.0,0.9182064533233643,0.08179373294115067,0.9193442463874817,0.9351288080215454,0.8972644805908203,0.9103068709373474,0.9204379320144653,0.07956237345933914,0.913418173789978,0.9357808828353882,0.8954547643661499,0.907414436340332
148.0,2.0,0.9184315204620361,0.08156821876764297,0.9339785575866699,0.9341453313827515,0.896247923374176,0.9092563390731812,0.9195399284362793,0.08045992255210876,0.8547993302345276,0.939717173576355,0.8995161652565002,0.911618173122406
148.0,3.0,0.9193373918533325,0.08066309243440628,0.9122963547706604,0.9356946349143982,0.8976556062698364,0.9101525545120239,0.9159147143363953,0.08408528566360474,0.9416072368621826,0.933512806892395,0.893879771232605,0.9080266952514648
148.0,4.0,0.9185196161270142,0.0814799964427948,0.9059979319572449,0.9361928701400757,0.8960355520248413,0.9086953401565552,0.9191864728927612,0.08081337064504623,0.9668970108032227,0.9315231442451477,0.9003716707229614,0.9138645529747009
149.0,0.0,0.9187705516815186,0.08122919499874115,0.9191879034042358,0.9351338744163513,0.8973045349121094,0.9102285504341125,0.9181836843490601,0.08181624114513397,0.9140676259994507,0.9357588291168213,0.8952932357788086,0.9077274203300476
149.0,1.0,0.9182062149047852,0.08179368078708649,0.919352650642395,0.9351282119750977,0.8972644805908203,0.9103068709373474,0.9204370379447937,0.07956238836050034,0.9134386777877808,0.9357805848121643,0.8954547643661499,0.9074141979217529
149.0,2.0,0.9184319972991943,0.08156824111938477,0.9340012669563293,0.9341453313827515,0.8962491750717163,0.909256100654602,0.9195402264595032,0.08045987784862518,0.8548131585121155,0.9397174119949341,0.8995171785354614,0.9116179347038269
149.0,3.0,0.9193364977836609,0.08066301792860031,0.9122918248176575,0.9356949329376221,0.8976561427116394,0.9101521372795105,0.9159146547317505,0.08408527076244354,0.9416548013687134,0.933512806892395,0.893880307674408,0.9080267548561096
149.0,4.0,0.9185196161270142,0.0814799964427948,0.9060080051422119,0.9361926317214966,0.8960350751876831,0.908694863319397,0.9191864728927612,0.08081340044736862,0.9668768048286438,0.9315232634544373,0.9003721475601196,0.9138646125793457
150.0,0.0,0.9187704920768738,0.08122918754816055,0.9191716909408569,0.9351335167884827,0.8973044157028198,0.9102286696434021,0.9181836843490601,0.08181625604629517,0.9141024947166443,0.9357590675354004,0.8952937126159668,0.9077276587486267
150.0,1.0,0.918206512928009,0.08179370313882828,0.9193513989448547,0.9351276755332947,0.897264301776886,0.9103073477745056,0.9204379916191101,0.07956240326166153,0.9134080410003662,0.9357805252075195,0.8954548835754395,0.9074140787124634
150.0,2.0,0.9184315204620361,0.08156823366880417,0.9339890480041504,0.9341450333595276,0.8962488174438477,0.9092550873756409,0.9195401072502136,0.08045990765094757,0.8548555374145508,0.939717710018158,0.8995162844657898,0.911618173122406
150.0,3.0,0.9193369746208191,0.0806630477309227,0.9123114347457886,0.9356955885887146,0.8976559042930603,0.9101523756980896,0.91591477394104,0.08408524841070175,0.9416564702987671,0.9335130453109741,0.8938803672790527,0.9080266952514648
150.0,4.0,0.9185205698013306,0.0814799815416336,0.9060159921646118,0.9361920952796936,0.8960346579551697,0.9086949229240417,0.9191864132881165,0.08081338554620743,0.9668788313865662,0.9315232038497925,0.9003719091415405,0.9138646721839905
151.0,0.0,0.9187702536582947,0.08122920989990234,0.9191891551017761,0.935134768486023,0.897304356098175,0.910228431224823,0.9181838035583496,0.08181622624397278,0.9141062498092651,0.9357590675354004,0.8952929973602295,0.9077271819114685
151.0,1.0,0.9182068109512329,0.08179368078708649,0.9193565845489502,0.9351295232772827,0.8972640633583069,0.9103074669837952,0.9204379916191101,0.07956240326166153,0.9134324789047241,0.9357805848121643,0.8954548835754395,0.9074143767356873
151.0,2.0,0.9184315204620361,0.08156820386648178,0.9339715838432312,0.9341463446617126,0.8962486982345581,0.909255862236023,0.9195398688316345,0.08045987784862518,0.8548023700714111,0.9397179484367371,0.8995165228843689,0.9116178750991821
151.0,3.0,0.9193373918533325,0.08066301792860031,0.9122987389564514,0.9356943368911743,0.8976569175720215,0.9101529717445374,0.9159149527549744,0.08408524841070175,0.9416570663452148,0.9335126876831055,0.893880307674408,0.9080260992050171
151.0,4.0,0.9185196161270142,0.08147992193698883,0.9059930443763733,0.9361915588378906,0.896035373210907,0.9086936116218567,0.9191867709159851,0.08081338554620743,0.9668652415275574,0.9315235614776611,0.900372326374054,0.9138641357421875
152.0,0.0,0.9187702536582947,0.08122918754816055,0.9191780686378479,0.9351339936256409,0.8973050713539124,0.9102281928062439,0.9181835651397705,0.08181621134281158,0.9140723943710327,0.9357587099075317,0.895293653011322,0.9077276587486267
152.0,1.0,0.918205738067627,0.08179372549057007,0.9193407893180847,0.9351279735565186,0.8972638249397278,0.9103066921234131,0.9204375147819519,0.07956241816282272,0.9134261012077332,0.9357805848121643,0.8954546451568604,0.9074143171310425
152.0,2.0,0.9184318780899048,0.08156820386648178,0.9339669346809387,0.9341460466384888,0.8962492942810059,0.9092562198638916,0.9195394515991211,0.08045988529920578,0.8548254370689392,0.9397179484367371,0.8995161652565002,0.9116180539131165
152.0,3.0,0.9193375110626221,0.08066302537918091,0.9123164415359497,0.9356959462165833,0.8976561427116394,0.9101521372795105,0.9159151911735535,0.08408524096012115,0.9416462779045105,0.9335125088691711,0.893879771232605,0.9080261588096619
152.0,4.0,0.9185193181037903,0.08147997409105301,0.9059754014015198,0.9361923336982727,0.8960356116294861,0.9086946845054626,0.919186532497406,0.08081338554620743,0.9668729901313782,0.9315232038497925,0.9003717303276062,0.91386479139328
153.0,0.0,0.9187706708908081,0.08122918754816055,0.9191974997520447,0.9351347088813782,0.8973055481910706,0.9102292656898499,0.9181836843490601,0.08181624859571457,0.914055347442627,0.9357590079307556,0.8952934741973877,0.9077273011207581
153.0,1.0,0.9182062149047852,0.08179372549057007,0.9193452596664429,0.9351283311843872,0.8972643613815308,0.9103065133094788,0.9204374551773071,0.07956243306398392,0.9134377241134644,0.9357808828353882,0.895455002784729,0.907414436340332
153.0,2.0,0.9184325337409973,0.08156824856996536,0.9339691400527954,0.9341463446617126,0.8962482213973999,0.90925532579422,0.9195398688316345,0.08045985549688339,0.8548436164855957,0.9397174715995789,0.8995159864425659,0.9116176962852478
153.0,3.0,0.9193371534347534,0.08066301792860031,0.9123000502586365,0.9356951117515564,0.8976548314094543,0.9101527333259583,0.9159150123596191,0.08408527076244354,0.9416273236274719,0.9335126876831055,0.8938795924186707,0.9080272316932678
153.0,4.0,0.9185200333595276,0.08147992193698883,0.9060034155845642,0.9361911416053772,0.8960349559783936,0.9086941480636597,0.9191860556602478,0.08081343024969101,0.966884434223175,0.9315236806869507,0.9003726840019226,0.9138643145561218
154.0,0.0,0.9187712669372559,0.08122917264699936,0.9191924333572388,0.9351340532302856,0.8973050713539124,0.9102290868759155,0.9181838631629944,0.08181620389223099,0.9140654802322388,0.9357590079307556,0.8952927589416504,0.9077272415161133
154.0,1.0,0.9182069301605225,0.08179371058940887,0.9193511605262756,0.9351288080215454,0.8972639441490173,0.9103067517280579,0.9204374551773071,0.07956241816282272,0.9134425520896912,0.9357805848121643,0.8954546451568604,0.9074143767356873
154.0,2.0,0.9184317588806152,0.08156828582286835,0.9339802861213684,0.9341460466384888,0.8962481617927551,0.9092558026313782,0.9195401072502136,0.08045988529920578,0.8548499941825867,0.9397174715995789,0.8995162844657898,0.9116176962852478
154.0,3.0,0.9193372130393982,0.08066301047801971,0.9122873544692993,0.9356953501701355,0.8976561427116394,0.9101518392562866,0.91591477394104,0.08408527076244354,0.9416475296020508,0.9335125684738159,0.8938802480697632,0.9080265760421753
154.0,4.0,0.9185212850570679,0.08147993683815002,0.9059996604919434,0.9361920952796936,0.8960347175598145,0.9086951017379761,0.919186532497406,0.08081335574388504,0.9668510556221008,0.9315229654312134,0.900372326374054,0.9138645529747009
155.0,0.0,0.9187707901000977,0.08122920989990234,0.9191812872886658,0.9351336359977722,0.8973045349121094,0.9102285504341125,0.9181836247444153,0.08181621879339218,0.9140697121620178,0.9357589483261108,0.8952934145927429,0.9077271819114685
155.0,1.0,0.9182066321372986,0.08179374039173126,0.9193319082260132,0.9351288676261902,0.8972639441490173,0.9103074073791504,0.9204374551773071,0.07956238836050034,0.9134436845779419,0.9357805252075195,0.8954552412033081,0.9074145555496216
155.0,2.0,0.9184322357177734,0.08156824856996536,0.9339812994003296,0.9341462850570679,0.8962492942810059,0.9092563390731812,0.9195401072502136,0.08045987784862518,0.8548275828361511,0.9397171139717102,0.8995167016983032,0.9116182327270508
155.0,3.0,0.9193364977836609,0.0806630328297615,0.912303626537323,0.9356943964958191,0.8976556658744812,0.9101524949073792,0.9159145355224609,0.08408533781766891,0.941619873046875,0.9335127472877502,0.8938795328140259,0.9080262184143066
155.0,4.0,0.9185202717781067,0.08147989213466644,0.905998170375824,0.9361921548843384,0.8960348963737488,0.9086942076683044,0.9191865921020508,0.08081340789794922,0.9668704271316528,0.9315229654312134,0.9003720879554749,0.9138641953468323
156.0,0.0,0.9187706708908081,0.08122914284467697,0.919166088104248,0.9351337552070618,0.8973037600517273,0.9102280139923096,0.9181840419769287,0.08181624114513397,0.914081871509552,0.9357588291168213,0.8952929973602295,0.9077269434928894
156.0,1.0,0.9182063937187195,0.08179368823766708,0.9193432927131653,0.9351279139518738,0.8972646594047546,0.9103066921234131,0.9204376935958862,0.0795624628663063,0.9134350419044495,0.9357808828353882,0.8954547047615051,0.9074139595031738
156.0,2.0,0.9184324741363525,0.08156822621822357,0.9339701533317566,0.934146523475647,0.8962486982345581,0.90925532579422,0.9195399880409241,0.08045990020036697,0.8548341989517212,0.9397172331809998,0.8995164632797241,0.9116176962852478
156.0,3.0,0.9193375110626221,0.08066295087337494,0.9123125672340393,0.9356953501701355,0.8976556658744812,0.9101523756980896,0.9159147143363953,0.08408524841070175,0.9416421055793762,0.9335127472877502,0.8938794732093811,0.908026933670044
156.0,4.0,0.9185193777084351,0.08147988468408585,0.9059914946556091,0.936192512512207,0.8960346579551697,0.9086945652961731,0.919186532497406,0.08081342279911041,0.9668775200843811,0.9315234422683716,0.9003719687461853,0.9138646125793457
157.0,0.0,0.9187714457511902,0.08122920989990234,0.9191872477531433,0.9351336359977722,0.8973040580749512,0.9102300405502319,0.9181838035583496,0.08181621134281158,0.9140718579292297,0.9357589483261108,0.8952931761741638,0.9077271819114685
157.0,1.0,0.918206512928009,0.08179372549057007,0.9193366169929504,0.9351283311843872,0.8972639441490173,0.9103068709373474,0.9204379320144653,0.07956243306398392,0.9134334921836853,0.9357810020446777,0.8954547643661499,0.907414436340332
157.0,2.0,0.91843181848526,0.08156821131706238,0.9339708089828491,0.9341456294059753,0.8962488770484924,0.9092559814453125,0.9195399880409241,0.08045988529920578,0.8548035621643066,0.9397172927856445,0.8995162844657898,0.9116176962852478
157.0,3.0,0.9193363189697266,0.08066306263208389,0.9123157858848572,0.9356939792633057,0.8976552486419678,0.9101521372795105,0.91591477394104,0.08408527821302414,0.9416412711143494,0.9335124492645264,0.8938804864883423,0.9080268740653992
157.0,4.0,0.9185203313827515,0.08147990703582764,0.9059880375862122,0.9361920952796936,0.8960347175598145,0.9086943864822388,0.9191864132881165,0.08081341534852982,0.9668620228767395,0.931523323059082,0.9003716707229614,0.91386479139328
158.0,0.0,0.9187709093093872,0.08122915774583817,0.9191805124282837,0.9351343512535095,0.8973050117492676,0.9102293252944946,0.9181840419769287,0.08181623369455338,0.9140925407409668,0.9357587099075317,0.8952934145927429,0.9077274203300476
158.0,1.0,0.9182061553001404,0.08179369568824768,0.919346809387207,0.9351286292076111,0.8972645998001099,0.9103071689605713,0.9204381108283997,0.07956244796514511,0.9134296178817749,0.9357802867889404,0.8954546451568604,0.9074146747589111
158.0,2.0,0.9184315800666809,0.08156821876764297,0.9339824914932251,0.9341457486152649,0.8962482213973999,0.9092557430267334,0.9195402264595032,0.08045989274978638,0.8548129200935364,0.9397177696228027,0.8995161652565002,0.9116179347038269
158.0,3.0,0.9193376302719116,0.0806630477309227,0.9123031497001648,0.9356954097747803,0.8976559638977051,0.9101526141166687,0.9159144759178162,0.08408530056476593,0.9416183829307556,0.9335127472877502,0.8938792943954468,0.9080263376235962
158.0,4.0,0.9185190796852112,0.08147993683815002,0.9059749841690063,0.936191737651825,0.8960358500480652,0.9086955785751343,0.9191865921020508,0.08081338554620743,0.966894805431366,0.9315234422683716,0.9003719091415405,0.9138645529747009
159.0,0.0,0.9187709093093872,0.08122915774583817,0.9191860556602478,0.9351332783699036,0.8973050117492676,0.9102286696434021,0.9181836843490601,0.08181620389223099,0.9140955209732056,0.9357590675354004,0.8952929973602295,0.907727062702179
159.0,1.0,0.9182062745094299,0.08179371058940887,0.9193682074546814,0.935128390789032,0.8972634673118591,0.910306990146637,0.9204375147819519,0.07956242561340332,0.9134400486946106,0.9357805252075195,0.895454466342926,0.907414436340332
159.0,2.0,0.9184313416481018,0.08156819641590118,0.9339810013771057,0.9341460466384888,0.896248459815979,0.9092555642127991,0.9195396304130554,0.0804598480463028,0.8547840118408203,0.9397174119949341,0.8995167016983032,0.9116181135177612
159.0,3.0,0.9193370342254639,0.08066301047801971,0.9123061299324036,0.9356948733329773,0.8976560831069946,0.9101524949073792,0.91591477394104,0.08408527076244354,0.9415718913078308,0.9335125088691711,0.8938795328140259,0.908026933670044
159.0,4.0,0.9185202121734619,0.08147985488176346,0.9059991836547852,0.9361920952796936,0.8960344791412354,0.9086945652961731,0.9191861748695374,0.08081341534852982,0.966888427734375,0.931523323059082,0.9003716707229614,0.9138645529747009
160.0,0.0,0.9187704920768738,0.08122919499874115,0.9192004799842834,0.9351337552070618,0.8973041772842407,0.9102292060852051,0.9181839227676392,0.08181626349687576,0.9140862822532654,0.9357590675354004,0.8952929973602295,0.9077272415161133
160.0,1.0,0.9182061553001404,0.08179372549057007,0.9193328022956848,0.9351282119750977,0.8972640633583069,0.9103069305419922,0.9204372763633728,0.07956239581108093,0.9134299755096436,0.9357806444168091,0.8954545259475708,0.9074139595031738
160.0,2.0,0.91843181848526,0.08156819641590118,0.9339748620986938,0.9341455101966858,0.896247148513794,0.9092558026313782,0.9195399880409241,0.08045987039804459,0.8548451662063599,0.9397180080413818,0.8995161652565002,0.9116178750991821
160.0,3.0,0.9193364381790161,0.08066301047801971,0.9122976660728455,0.9356953501701355,0.8976563215255737,0.9101522564888,0.9159148931503296,0.08408528566360474,0.9416517019271851,0.9335128664970398,0.8938804864883423,0.9080266356468201
160.0,4.0,0.9185200333595276,0.08147996664047241,0.9060096144676208,0.9361916184425354,0.896035373210907,0.9086942076683044,0.9191864728927612,0.08081340044736862,0.9668682217597961,0.9315234422683716,0.9003721475601196,0.9138641953468323
161.0,0.0,0.918770968914032,0.08122917264699936,0.9191755652427673,0.9351337552070618,0.8973050713539124,0.910228431224823,0.9181835651397705,0.08181624114513397,0.9140753149986267,0.9357588291168213,0.8952934145927429,0.9077277779579163
161.0,1.0,0.9182062745094299,0.08179371803998947,0.9193562269210815,0.9351285696029663,0.8972647190093994,0.9103076457977295,0.9204381108283997,0.07956239581108093,0.9134134650230408,0.9357805252075195,0.8954544067382812,0.907414436340332
161.0,2.0,0.91843181848526,0.08156813681125641,0.9339969754219055,0.9341456294059753,0.8962488174438477,0.909254789352417,0.9195396304130554,0.08045987784862518,0.854796290397644,0.9397172927856445,0.8995168805122375,0.9116183519363403
161.0,3.0,0.9193369150161743,0.08066300302743912,0.9123245477676392,0.935694694519043,0.8976561427116394,0.910152792930603,0.9159147143363953,0.08408530801534653,0.9416041970252991,0.9335125088691711,0.8938801288604736,0.9080263376235962
161.0,4.0,0.9185200333595276,0.0814800038933754,0.9059879779815674,0.9361923933029175,0.89603590965271,0.9086946249008179,0.9191867113113403,0.08081337064504623,0.9668987989425659,0.9315239191055298,0.9003719687461853,0.9138646125793457
162.0,0.0,0.9187704920768738,0.08122922480106354,0.9191749691963196,0.9351345300674438,0.897304117679596,0.9102290868759155,0.9181840419769287,0.08181622624397278,0.9141007661819458,0.9357590079307556,0.8952933549880981,0.9077274203300476
162.0,1.0,0.918205976486206,0.08179374784231186,0.9193422794342041,0.9351286888122559,0.8972634077072144,0.910306453704834,0.920437753200531,0.07956239581108093,0.9134466052055359,0.9357805848121643,0.8954548835754395,0.9074146747589111
162.0,2.0,0.9184313416481018,0.08156818151473999,0.9339888691902161,0.9341465830802917,0.8962488174438477,0.9092563390731812,0.9195402264595032,0.08045992255210876,0.854793131351471,0.9397174715995789,0.8995166420936584,0.9116179347038269
162.0,3.0,0.9193364977836609,0.0806630328297615,0.9122900366783142,0.9356946349143982,0.8976559638977051,0.9101524949073792,0.9159147143363953,0.08408527821302414,0.9415849447250366,0.9335130453109741,0.8938803672790527,0.9080266952514648
162.0,4.0,0.9185196161270142,0.0814799815416336,0.9059790968894958,0.9361918568611145,0.8960356116294861,0.9086948037147522,0.9191862344741821,0.08081337809562683,0.9668487906455994,0.9315235018730164,0.9003724455833435,0.913863480091095
163.0,0.0,0.918770432472229,0.08122912794351578,0.9191773533821106,0.9351341128349304,0.897303581237793,0.9102294445037842,0.9181839227676392,0.08181624114513397,0.9140710234642029,0.9357585310935974,0.8952933549880981,0.9077271819114685
163.0,1.0,0.9182069301605225,0.08179370313882828,0.9193409085273743,0.9351284503936768,0.8972636461257935,0.9103067517280579,0.9204375147819519,0.07956244051456451,0.9134469032287598,0.9357800483703613,0.8954551815986633,0.9074141979217529
163.0,2.0,0.9184325933456421,0.08156819641590118,0.9339742660522461,0.9341458678245544,0.8962488770484924,0.9092562198638916,0.9195396304130554,0.08045986294746399,0.8548030853271484,0.9397177696228027,0.8995159864425659,0.9116178750991821
163.0,3.0,0.9193367958068848,0.0806630328297615,0.9123157858848572,0.9356951713562012,0.897655725479126,0.9101520776748657,0.9159151911735535,0.08408528566360474,0.9416369199752808,0.9335124492645264,0.8938805460929871,0.9080262184143066
163.0,4.0,0.9185196161270142,0.08147992193698883,0.9059832096099854,0.9361920952796936,0.8960349559783936,0.9086953401565552,0.9191868305206299,0.0808134451508522,0.9668614268302917,0.9315239191055298,0.9003718495368958,0.9138641953468323
164.0,0.0,0.9187707304954529,0.08122916519641876,0.9191721677780151,0.9351328611373901,0.8973050117492676,0.9102285504341125,0.9181838631629944,0.08181625604629517,0.9140864014625549,0.9357587099075317,0.8952934741973877,0.907727062702179
164.0,1.0,0.9182059168815613,0.08179371058940887,0.9193412065505981,0.9351281523704529,0.8972640633583069,0.9103066921234131,0.9204373955726624,0.07956241071224213,0.9134344458580017,0.9357805252075195,0.895454466342926,0.9074140787124634
164.0,2.0,0.91843181848526,0.08156821876764297,0.9339713454246521,0.9341455101966858,0.896249532699585,0.9092556238174438,0.9195398688316345,0.08045988529920578,0.8547976016998291,0.9397175312042236,0.8995164632797241,0.9116178154945374
164.0,3.0,0.9193372130393982,0.08066298812627792,0.9122962355613708,0.9356954097747803,0.8976556062698364,0.910152018070221,0.9159151911735535,0.08408525586128235,0.9416341185569763,0.933512270450592,0.8938807249069214,0.9080266952514648
164.0,4.0,0.9185200929641724,0.08147991448640823,0.9060041308403015,0.9361923336982727,0.8960348963737488,0.9086948037147522,0.9191865921020508,0.08081341534852982,0.9668869376182556,0.9315237998962402,0.9003722071647644,0.9138645529747009
165.0,0.0,0.9187705516815186,0.08122915029525757,0.9191771149635315,0.9351351261138916,0.8973045349121094,0.9102289080619812,0.9181838035583496,0.08181619644165039,0.9140313267707825,0.9357590675354004,0.8952931761741638,0.9077275395393372
165.0,1.0,0.9182069301605225,0.08179374784231186,0.9193328022956848,0.9351276159286499,0.897264301776886,0.9103069305419922,0.9204376339912415,0.07956242561340332,0.9133943319320679,0.9357805848121643,0.8954551815986633,0.9074147939682007
165.0,2.0,0.91843181848526,0.08156821876764297,0.9339694380760193,0.9341452717781067,0.8962485790252686,0.9092555046081543,0.9195399284362793,0.08045986294746399,0.8548123836517334,0.9397172927856445,0.8995164632797241,0.9116181135177612
165.0,3.0,0.9193374514579773,0.08066301047801971,0.9122881889343262,0.9356950521469116,0.8976559638977051,0.9101520776748657,0.91591477394104,0.08408527821302414,0.9416481852531433,0.933512806892395,0.893879771232605,0.9080271124839783
165.0,4.0,0.9185205698013306,0.08148002624511719,0.9060034155845642,0.9361913204193115,0.8960345983505249,0.9086945652961731,0.9191868305206299,0.08081338554620743,0.9668599367141724,0.9315234422683716,0.9003719091415405,0.9138645529747009
166.0,0.0,0.9187707901000977,0.08122919499874115,0.9191669821739197,0.9351336359977722,0.8973044157028198,0.9102287292480469,0.9181835651397705,0.08181624114513397,0.9140831828117371,0.9357587695121765,0.8952931761741638,0.9077274799346924
166.0,1.0,0.9182063937187195,0.08179371803998947,0.9193428754806519,0.935128390789032,0.89726322889328,0.9103063941001892,0.9204376339912415,0.07956241071224213,0.9134122133255005,0.9357806444168091,0.8954549431800842,0.9074143171310425
166.0,2.0,0.9184317588806152,0.08156824111938477,0.9339723587036133,0.9341465830802917,0.8962488174438477,0.9092555046081543,0.9195401668548584,0.0804598331451416,0.8548027276992798,0.9397174119949341,0.899516224861145,0.9116181135177612
166.0,3.0,0.9193379282951355,0.08066309243440628,0.9122840762138367,0.9356958270072937,0.8976552486419678,0.9101532101631165,0.9159147143363953,0.08408525586128235,0.9416476488113403,0.9335125684738159,0.8938804864883423,0.9080266356468201
166.0,4.0,0.9185196161270142,0.08147995173931122,0.9059873223304749,0.9361916184425354,0.8960350751876831,0.9086944460868835,0.9191862940788269,0.08081339299678802,0.9668992757797241,0.931523323059082,0.9003719687461853,0.9138645529747009
167.0,0.0,0.9187712073326111,0.08122921735048294,0.9191985726356506,0.93513423204422,0.8973045945167542,0.910228431224823,0.9181832075119019,0.08181625604629517,0.9140816330909729,0.9357585906982422,0.895293116569519,0.9077272415161133
167.0,1.0,0.918206512928009,0.08179366588592529,0.9193376898765564,0.9351285696029663,0.8972645998001099,0.9103074669837952,0.9204374551773071,0.07956244051456451,0.9134879112243652,0.93578040599823,0.8954548835754395,0.9074143171310425
167.0,2.0,0.9184319972991943,0.08156824111938477,0.9339836835861206,0.9341455698013306,0.8962494134902954,0.909255862236023,0.9195399284362793,0.08045986294746399,0.8547786474227905,0.9397174715995789,0.8995166420936584,0.9116176962852478
167.0,3.0,0.9193376898765564,0.0806630477309227,0.9123060703277588,0.935695230960846,0.8976566791534424,0.9101517200469971,0.9159151911735535,0.08408530056476593,0.9416573643684387,0.9335127472877502,0.8938798904418945,0.9080262184143066
167.0,4.0,0.9185200333595276,0.08147992193698883,0.9060003757476807,0.9361926317214966,0.8960355520248413,0.9086955785751343,0.9191870093345642,0.08081340789794922,0.966871976852417,0.9315235614776611,0.9003729224205017,0.9138641953468323
168.0,0.0,0.9187712073326111,0.08122912794351578,0.9191970825195312,0.9351339936256409,0.8973051309585571,0.9102284908294678,0.9181833267211914,0.08181625604629517,0.9140934348106384,0.9357590079307556,0.8952929377555847,0.9077271819114685
168.0,1.0,0.9182050824165344,0.08179368823766708,0.9193574786186218,0.9351284503936768,0.8972636461257935,0.9103073477745056,0.920437753200531,0.07956241816282272,0.9134470224380493,0.9357805848121643,0.8954547047615051,0.907414436340332
168.0,2.0,0.9184320569038391,0.08156824111938477,0.9339814186096191,0.934145987033844,0.8962486386299133,0.9092551469802856,0.9195401072502136,0.08045986294746399,0.8548014760017395,0.939717710018158,0.8995162844657898,0.9116180539131165
168.0,3.0,0.9193375110626221,0.0806630328297615,0.9123077392578125,0.9356951713562012,0.8976559042930603,0.9101513624191284,0.9159149527549744,0.08408527821302414,0.9416391253471375,0.9335131049156189,0.893879234790802,0.9080267548561096
168.0,4.0,0.9185205101966858,0.08147993683815002,0.9060207009315491,0.9361917972564697,0.8960357904434204,0.9086955189704895,0.9191867113113403,0.08081338554620743,0.9668505191802979,0.9315237402915955,0.9003721475601196,0.9138646721839905
169.0,0.0,0.9187707901000977,0.08122920244932175,0.919193685054779,0.9351342916488647,0.8973042964935303,0.9102287292480469,0.9181841015815735,0.08181623369455338,0.9140960574150085,0.9357589483261108,0.8952931761741638,0.9077273011207581
169.0,1.0,0.9182062745094299,0.08179370313882828,0.9193455576896667,0.9351282119750977,0.8972641229629517,0.9103061556816101,0.9204378724098206,0.07956241816282272,0.9134384989738464,0.9357803463935852,0.8954551219940186,0.9074143767356873
169.0,2.0,0.9184308052062988,0.08156818151473999,0.9339891076087952,0.9341447949409485,0.8962482213973999,0.909254789352417,0.9195396304130554,0.08045991510152817,0.8548479080200195,0.9397175312042236,0.8995167016983032,0.9116180539131165
169.0,3.0,0.9193375110626221,0.0806630328297615,0.9123023152351379,0.9356961250305176,0.8976566791534424,0.9101522564888,0.9159149527549744,0.08408527076244354,0.9416656494140625,0.9335128664970398,0.8938802480697632,0.9080264568328857
169.0,4.0,0.9185195565223694,0.08147995173931122,0.9060114622116089,0.9361912608146667,0.8960345983505249,0.9086946845054626,0.9191868305206299,0.08081334084272385,0.9668903946876526,0.9315235018730164,0.9003719091415405,0.9138640761375427
170.0,0.0,0.9187704920768738,0.08122918009757996,0.9191859364509583,0.9351335167884827,0.8973046541213989,0.910228967666626,0.9181836247444153,0.08181623369455338,0.9140682816505432,0.9357590079307556,0.8952932357788086,0.9077274203300476
170.0,1.0,0.9182057976722717,0.08179367333650589,0.9193449020385742,0.9351279735565186,0.8972651362419128,0.9103066325187683,0.9204379320144653,0.07956241816282272,0.9134437441825867,0.9357810020446777,0.8954552412033081,0.9074143171310425
170.0,2.0,0.9184315800666809,0.08156820386648178,0.9339780807495117,0.9341458082199097,0.8962486386299133,0.90925532579422,0.9195399284362793,0.08045989274978638,0.8547995686531067,0.9397174715995789,0.8995164632797241,0.9116181135177612
170.0,3.0,0.919337809085846,0.08066301047801971,0.912294864654541,0.9356958270072937,0.8976559042930603,0.910152018070221,0.9159147143363953,0.08408527821302414,0.9415959119796753,0.9335126876831055,0.8938802480697632,0.9080266356468201
170.0,4.0,0.9185205101966858,0.08147989213466644,0.9060046076774597,0.9361922740936279,0.8960351943969727,0.9086946845054626,0.9191867113113403,0.08081337064504623,0.9669054746627808,0.9315237402915955,0.900372326374054,0.9138643741607666
171.0,0.0,0.9187703132629395,0.08122918754816055,0.9191812872886658,0.9351343512535095,0.8973042964935303,0.9102272987365723,0.9181835651397705,0.08181622624397278,0.9140406847000122,0.9357588291168213,0.8952929973602295,0.9077274203300476
171.0,1.0,0.9182060360908508,0.08179374784231186,0.9193573594093323,0.9351284503936768,0.89726322889328,0.9103074669837952,0.9204379916191101,0.07956241816282272,0.9133848547935486,0.9357799291610718,0.8954548835754395,0.9074143767356873
171.0,2.0,0.9184319972991943,0.08156828582286835,0.9339775443077087,0.9341464638710022,0.8962486982345581,0.9092553853988647,0.9195393919944763,0.08045987784862518,0.8548465967178345,0.9397178888320923,0.8995165228843689,0.9116178750991821
171.0,3.0,0.919338047504425,0.0806630328297615,0.9123157858848572,0.9356951117515564,0.8976565599441528,0.9101524949073792,0.9159148931503296,0.08408522605895996,0.9416292905807495,0.933512806892395,0.8938795328140259,0.9080265760421753
171.0,4.0,0.9185203313827515,0.08147995173931122,0.9059891104698181,0.9361920952796936,0.8960349559783936,0.9086950421333313,0.9191868305206299,0.08081337809562683,0.9669081568717957,0.931523323059082,0.9003716111183167,0.9138637185096741
172.0,0.0,0.9187712669372559,0.08122915029525757,0.9191742539405823,0.9351344704627991,0.8973046541213989,0.9102290272712708,0.9181841015815735,0.08181622624397278,0.914040744304657,0.9357585906982422,0.895293116569519,0.9077275395393372
172.0,1.0,0.9182069301605225,0.08179374039173126,0.9193573594093323,0.9351300597190857,0.8972640633583069,0.9103062748908997,0.9204375147819519,0.07956242561340332,0.913384735584259,0.9357805252075195,0.895455002784729,0.907413899898529
172.0,2.0,0.9184325337409973,0.08156818151473999,0.9339837431907654,0.934145987033844,0.8962479829788208,0.90925532579422,0.919539749622345,0.08045987784862518,0.8548333644866943,0.9397174119949341,0.8995167016983032,0.9116178154945374
172.0,3.0,0.9193364381790161,0.08066301792860031,0.9122821688652039,0.9356948137283325,0.8976559042930603,0.9101523160934448,0.9159144759178162,0.08408527076244354,0.9416375756263733,0.933512806892395,0.8938790559768677,0.9080266952514648
172.0,4.0,0.9185202717781067,0.08147995918989182,0.9059922099113464,0.9361913800239563,0.8960344791412354,0.9086953401565552,0.919185996055603,0.08081337064504623,0.966882050037384,0.931523323059082,0.9003718495368958,0.9138638377189636
173.0,0.0,0.9187717437744141,0.08122912049293518,0.9191840887069702,0.9351332783699036,0.8973052501678467,0.9102285504341125,0.9181841015815735,0.08181624859571457,0.914091944694519,0.9357587695121765,0.895293116569519,0.9077268242835999
173.0,1.0,0.9182061553001404,0.08179377764463425,0.9193447232246399,0.9351280927658081,0.8972638845443726,0.9103071093559265,0.9204367399215698,0.07956242561340332,0.913440465927124,0.9357805252075195,0.8954549431800842,0.9074143767356873
173.0,2.0,0.9184322953224182,0.08156819641590118,0.9339772462844849,0.9341444969177246,0.8962486386299133,0.909255862236023,0.9195399880409241,0.08045990020036697,0.854796826839447,0.9397175312042236,0.8995161056518555,0.9116179347038269
173.0,3.0,0.9193369150161743,0.08066301792860031,0.9123122096061707,0.9356944561004639,0.8976552486419678,0.9101518392562866,0.9159146547317505,0.08408524841070175,0.9416413307189941,0.9335125088691711,0.8938802480697632,0.9080264568328857
173.0,4.0,0.9185197353363037,0.08147995173931122,0.9060090780258179,0.9361918568611145,0.8960349559783936,0.9086943864822388,0.9191870093345642,0.08081339299678802,0.9668888449668884,0.931523323059082,0.900372326374054,0.9138641953468323
174.0,0.0,0.9187711477279663,0.08122920244932175,0.9191827774047852,0.9351337552070618,0.8973039388656616,0.9102292656898499,0.9181838631629944,0.08181621134281158,0.9140816926956177,0.9357593059539795,0.8952932357788086,0.9077275395393372
174.0,1.0,0.9182055592536926,0.08179371803998947,0.9193563461303711,0.935128390789032,0.8972644209861755,0.9103069305419922,0.920437753200531,0.07956241816282272,0.9134368300437927,0.9357802867889404,0.8954551219940186,0.907414436340332
174.0,2.0,0.9184320569038391,0.0815681591629982,0.9339860677719116,0.9341455698013306,0.8962486982345581,0.9092548489570618,0.9195399284362793,0.0804598480463028,0.8548239469528198,0.939717173576355,0.8995167016983032,0.9116178154945374
174.0,3.0,0.9193367958068848,0.0806630477309227,0.9122989177703857,0.935694694519043,0.8976563215255737,0.9101523756980896,0.9159149527549744,0.08408525586128235,0.9416465163230896,0.933512806892395,0.8938803672790527,0.9080264568328857
174.0,4.0,0.9185195565223694,0.08147996664047241,0.9060031771659851,0.9361923933029175,0.896034836769104,0.908694863319397,0.9191864132881165,0.08081340044736862,0.9668857455253601,0.9315237998962402,0.9003716707229614,0.9138641357421875
175.0,0.0,0.9187709093093872,0.08122916519641876,0.9191789031028748,0.9351329803466797,0.8973038792610168,0.9102287292480469,0.9181838631629944,0.08181623369455338,0.9140534996986389,0.9357588291168213,0.8952928781509399,0.9077277183532715
175.0,1.0,0.9182050228118896,0.08179372549057007,0.9193607568740845,0.9351295232772827,0.8972638845443726,0.9103061556816101,0.9204374551773071,0.07956242561340332,0.9134030342102051,0.9357803463935852,0.8954547643661499,0.907413899898529
175.0,2.0,0.9184322357177734,0.08156821876764297,0.93398118019104,0.9341468214988708,0.8962489366531372,0.9092558026313782,0.9195401668548584,0.08045987784862518,0.8548170924186707,0.9397172927856445,0.8995161652565002,0.9116179347038269
175.0,3.0,0.9193375110626221,0.08066300302743912,0.9122821688652039,0.9356950521469116,0.8976566195487976,0.9101520776748657,0.9159144759178162,0.08408527821302414,0.9416264295578003,0.9335124492645264,0.8938794732093811,0.9080264568328857
175.0,4.0,0.9185202717781067,0.08147994428873062,0.9059867858886719,0.9361913800239563,0.8960346579551697,0.9086945652961731,0.9191864728927612,0.08081339299678802,0.9668647646903992,0.9315235018730164,0.9003719091415405,0.9138639569282532
176.0,0.0,0.9187714457511902,0.08122916519641876,0.9191793203353882,0.9351340532302856,0.897304117679596,0.9102295637130737,0.9181830883026123,0.08181621134281158,0.9141042232513428,0.9357591867446899,0.8952929377555847,0.907727062702179
176.0,1.0,0.9182061553001404,0.08179367333650589,0.9193415641784668,0.9351284503936768,0.8972640633583069,0.910306453704834,0.9204376339912415,0.07956243306398392,0.9134431481361389,0.9357807636260986,0.8954548835754395,0.9074146151542664
176.0,2.0,0.9184322357177734,0.08156821876764297,0.9339784383773804,0.9341447353363037,0.896248459815979,0.9092556238174438,0.9195398688316345,0.08045989274978638,0.8548285365104675,0.9397175312042236,0.8995168805122375,0.911617636680603
176.0,3.0,0.9193365573883057,0.0806630328297615,0.9123287200927734,0.9356955885887146,0.8976559638977051,0.9101523756980896,0.9159147143363953,0.08408527821302414,0.941620409488678,0.933512806892395,0.893879771232605,0.9080267548561096
176.0,4.0,0.9185197353363037,0.08147989958524704,0.9059926867485046,0.9361910820007324,0.8960351943969727,0.9086956977844238,0.9191862940788269,0.08081340044736862,0.9668912887573242,0.9315236806869507,0.9003719091415405,0.9138640761375427
177.0,0.0,0.9187710285186768,0.08122920244932175,0.9191914200782776,0.9351340532302856,0.8973044157028198,0.9102296829223633,0.9181841015815735,0.08181624114513397,0.9140947461128235,0.9357596635818481,0.8952933549880981,0.9077277779579163
177.0,1.0,0.9182059168815613,0.08179371058940887,0.9193262457847595,0.9351276159286499,0.8972634673118591,0.9103058576583862,0.9204375147819519,0.07956241816282272,0.9134024977684021,0.9357803463935852,0.8954548835754395,0.9074141979217529
177.0,2.0,0.9184314012527466,0.08156819641590118,0.9339921474456787,0.9341457486152649,0.896248459815979,0.9092548489570618,0.9195401668548584,0.08045990020036697,0.8548022508621216,0.9397178888320923,0.8995166420936584,0.9116180539131165
177.0,3.0,0.9193365573883057,0.08066299557685852,0.9122940301895142,0.9356950521469116,0.8976558446884155,0.9101529717445374,0.9159142374992371,0.08408528566360474,0.9416549801826477,0.9335122108459473,0.8938794732093811,0.9080261588096619
177.0,4.0,0.9185210466384888,0.08147995173931122,0.9059914350509644,0.936191737651825,0.8960344195365906,0.9086961150169373,0.919186532497406,0.08081337064504623,0.9668840765953064,0.9315236806869507,0.9003716707229614,0.9138641953468323
178.0,0.0,0.918770432472229,0.08122915029525757,0.9191985130310059,0.9351338744163513,0.8973048329353333,0.9102292060852051,0.9181836843490601,0.08181622624397278,0.9141083359718323,0.9357587695121765,0.8952932357788086,0.9077272415161133
178.0,1.0,0.9182069301605225,0.08179371058940887,0.9193482398986816,0.9351286888122559,0.8972641229629517,0.9103071093559265,0.9204373955726624,0.07956241816282272,0.9134198427200317,0.93578040599823,0.8954547643661499,0.9074143171310425
178.0,2.0,0.9184325337409973,0.0815681666135788,0.9339879751205444,0.9341460466384888,0.8962482213973999,0.90925532579422,0.9195401072502136,0.08045988529920578,0.854859471321106,0.939717710018158,0.8995161652565002,0.9116178750991821
178.0,3.0,0.9193370342254639,0.08066301792860031,0.9122900366783142,0.9356948137283325,0.8976559638977051,0.9101523160934448,0.9159148931503296,0.08408527076244354,0.9416216015815735,0.9335125088691711,0.8938795924186707,0.9080267548561096
178.0,4.0,0.9185202717781067,0.08147992193698883,0.9060019850730896,0.9361921548843384,0.896035373210907,0.9086951613426208,0.9191865921020508,0.08081338554620743,0.9668733477592468,0.9315237402915955,0.9003714919090271,0.9138639569282532
179.0,0.0,0.9187709093093872,0.08122923970222473,0.9191746711730957,0.9351338744163513,0.897304356098175,0.9102285504341125,0.9181836247444153,0.08181619644165039,0.9140486121177673,0.9357591867446899,0.895293116569519,0.9077274799346924
179.0,1.0,0.918205976486206,0.08179369568824768,0.9193649888038635,0.9351279735565186,0.8972634673118591,0.9103077054023743,0.9204376339912415,0.07956241816282272,0.9133895635604858,0.9357806444168091,0.895455002784729,0.9074143767356873
179.0,2.0,0.9184322953224182,0.08156822621822357,0.9339725971221924,0.9341467618942261,0.8962486386299133,0.90925532579422,0.9195395112037659,0.08045987784862518,0.8548092246055603,0.9397169947624207,0.8995164036750793,0.9116181135177612
179.0,3.0,0.9193377494812012,0.08066301792860031,0.9122937321662903,0.9356951713562012,0.8976556062698364,0.9101522564888,0.9159150123596191,0.08408525586128235,0.941646158695221,0.9335124492645264,0.893879771232605,0.908026397228241
179.0,4.0,0.9185203313827515,0.08147992193698883,0.9059832096099854,0.9361913800239563,0.8960341215133667,0.9086946249008179,0.9191865921020508,0.08081340789794922,0.9668831825256348,0.9315235614776611,0.900372326374054,0.9138643741607666
180.0,0.0,0.9187707304954529,0.08122920989990234,0.9191727638244629,0.9351340532302856,0.8973041772842407,0.9102290868759155,0.9181835651397705,0.08181622624397278,0.914116621017456,0.9357588291168213,0.8952934145927429,0.9077274203300476
180.0,1.0,0.9182062149047852,0.08179376274347305,0.9193478226661682,0.9351288080215454,0.8972641825675964,0.9103067517280579,0.9204376935958862,0.07956239581108093,0.9134251475334167,0.9357801079750061,0.8954547047615051,0.9074143767356873
180.0,2.0,0.9184322357177734,0.08156824111938477,0.9339622259140015,0.9341467022895813,0.8962483406066895,0.90925532579422,0.9195401668548584,0.08045990020036697,0.8548243641853333,0.9397174119949341,0.8995164036750793,0.9116179347038269
180.0,3.0,0.919337809085846,0.08066299557685852,0.9122909307479858,0.9356959462165833,0.8976552486419678,0.9101523756980896,0.9159148931503296,0.08408524841070175,0.9416058659553528,0.9335123300552368,0.8938804864883423,0.9080266952514648
180.0,4.0,0.9185198545455933,0.08147993683815002,0.9059903025627136,0.9361921548843384,0.8960346579551697,0.9086950421333313,0.9191865921020508,0.08081338554620743,0.966856837272644,0.9315237998962402,0.9003718495368958,0.9138644337654114
181.0,0.0,0.9187712073326111,0.08122917264699936,0.919175922870636,0.935134768486023,0.8973042964935303,0.9102292060852051,0.9181841015815735,0.08181621879339218,0.9140629172325134,0.9357592463493347,0.8952931761741638,0.9077273011207581
181.0,1.0,0.9182063937187195,0.08179376274347305,0.9193413853645325,0.9351291060447693,0.897264301776886,0.910306990146637,0.9204376935958862,0.07956241071224213,0.913384735584259,0.9357805252075195,0.8954546451568604,0.907414436340332
181.0,2.0,0.9184313416481018,0.08156821131706238,0.9339640736579895,0.9341473579406738,0.8962483406066895,0.9092562794685364,0.9195399284362793,0.08045987784862518,0.8548107147216797,0.9397178888320923,0.8995161652565002,0.9116175770759583
181.0,3.0,0.9193373918533325,0.08066307008266449,0.9123057723045349,0.9356949329376221,0.8976554870605469,0.9101525545120239,0.91591477394104,0.08408527076244354,0.941615879535675,0.9335125684738159,0.8938798308372498,0.9080267548561096
181.0,4.0,0.9185198545455933,0.08147992938756943,0.9059840440750122,0.9361913204193115,0.896034836769104,0.9086945652961731,0.9191867709159851,0.08081342279911041,0.9668810963630676,0.9315232634544373,0.9003719687461853,0.9138641357421875
182.0,0.0,0.9187707304954529,0.08122919499874115,0.919186532497406,0.9351343512535095,0.8973050713539124,0.9102283120155334,0.9181836843490601,0.08181625604629517,0.9140583276748657,0.9357587099075317,0.8952931761741638,0.9077273011207581
182.0,1.0,0.9182054996490479,0.08179372549057007,0.919331431388855,0.935128390789032,0.8972639441490173,0.9103067517280579,0.9204376339912415,0.07956243306398392,0.9134190678596497,0.9357803463935852,0.8954547047615051,0.9074143171310425
182.0,2.0,0.91843181848526,0.08156819641590118,0.933965802192688,0.9341450929641724,0.8962476849555969,0.9092551469802856,0.9195398688316345,0.08045988529920578,0.85479336977005,0.9397174715995789,0.8995168805122375,0.9116180539131165
182.0,3.0,0.9193376302719116,0.08066301047801971,0.9122893214225769,0.9356949329376221,0.8976563811302185,0.9101530313491821,0.9159144759178162,0.08408525586128235,0.941607654094696,0.9335124492645264,0.8938798308372498,0.908026397228241
182.0,4.0,0.9185202717781067,0.08147995173931122,0.9059925079345703,0.9361907839775085,0.8960342407226562,0.9086944460868835,0.9191867113113403,0.08081343024969101,0.9668660163879395,0.9315231442451477,0.9003713726997375,0.9138641953468323
183.0,0.0,0.9187707901000977,0.08122926205396652,0.9191643595695496,0.9351333975791931,0.8973037600517273,0.910228431224823,0.9181838631629944,0.08181620389223099,0.9141073822975159,0.9357587695121765,0.8952932357788086,0.9077275395393372
183.0,1.0,0.9182062745094299,0.08179371058940887,0.9193452596664429,0.9351279735565186,0.8972643613815308,0.910306453704834,0.9204372763633728,0.07956240326166153,0.9133824706077576,0.93578040599823,0.8954545259475708,0.9074145555496216
183.0,2.0,0.9184313416481018,0.08156818151473999,0.9339633584022522,0.9341457486152649,0.8962482213973999,0.909255862236023,0.9195404052734375,0.08045987784862518,0.8548023104667664,0.9397175312042236,0.899516761302948,0.9116180539131165
183.0,3.0,0.9193373918533325,0.0806630477309227,0.9122920632362366,0.9356955885887146,0.8976561427116394,0.910152018070221,0.9159147143363953,0.08408524841070175,0.9416170120239258,0.9335124492645264,0.8938800692558289,0.908026933670044
183.0,4.0,0.9185200929641724,0.08147996664047241,0.9059945344924927,0.9361923336982727,0.8960347175598145,0.908694863319397,0.9191864132881165,0.08081338554620743,0.9668387770652771,0.9315235018730164,0.9003721475601196,0.9138641953468323
184.0,0.0,0.9187712073326111,0.08122918754816055,0.919166088104248,0.93513423204422,0.897304356098175,0.9102290868759155,0.9181841015815735,0.08181625604629517,0.9140956997871399,0.9357589483261108,0.895293116569519,0.9077274203300476
184.0,1.0,0.9182056784629822,0.08179373294115067,0.9193347096443176,0.9351292848587036,0.8972638845443726,0.9103068709373474,0.9204376935958862,0.07956241816282272,0.9134101271629333,0.9357802867889404,0.8954552412033081,0.9074140787124634
184.0,2.0,0.9184319972991943,0.081568144261837,0.9339706301689148,0.9341464638710022,0.8962483406066895,0.909255862236023,0.9195399284362793,0.08045986294746399,0.8548138737678528,0.9397166967391968,0.899516224861145,0.9116176962852478
184.0,3.0,0.9193372130393982,0.08066302537918091,0.9122762084007263,0.9356948137283325,0.8976553678512573,0.9101524949073792,0.91591477394104,0.08408527821302414,0.9416261911392212,0.9335134625434875,0.8938800096511841,0.908026933670044
184.0,4.0,0.918520450592041,0.08147996664047241,0.9059858322143555,0.9361918568611145,0.8960346579551697,0.9086961150169373,0.9191867709159851,0.08081338554620743,0.9668399691581726,0.9315237402915955,0.9003714919090271,0.9138641953468323
185.0,0.0,0.9187714457511902,0.08122918009757996,0.9191675186157227,0.9351335167884827,0.8973045945167542,0.9102297425270081,0.9181836247444153,0.08181623369455338,0.914078950881958,0.9357590079307556,0.8952929377555847,0.907727062702179
185.0,1.0,0.9182062149047852,0.08179374039173126,0.9193336367607117,0.935128390789032,0.8972637057304382,0.910306990146637,0.9204376339912415,0.07956244796514511,0.9133954048156738,0.9357808232307434,0.8954548835754395,0.907414436340332
185.0,2.0,0.918432354927063,0.08156822621822357,0.933971107006073,0.9341460466384888,0.896248459815979,0.909255862236023,0.9195396900177002,0.0804598480463028,0.8547820448875427,0.9397176504135132,0.8995167016983032,0.9116178750991821
185.0,3.0,0.9193360805511475,0.08066298812627792,0.9122809171676636,0.9356948733329773,0.8976562023162842,0.9101515412330627,0.9159149527549744,0.08408525586128235,0.941624104976654,0.9335124492645264,0.893880307674408,0.9080268740653992
185.0,4.0,0.9185198545455933,0.08147991448640823,0.9059863686561584,0.9361914992332458,0.8960348963737488,0.9086942076683044,0.9191864728927612,0.08081338554620743,0.9668659567832947,0.9315236806869507,0.9003720879554749,0.9138644337654114
186.0,0.0,0.9187710285186768,0.08122915774583817,0.9191500544548035,0.9351338148117065,0.8973045349121094,0.9102283120155334,0.9181838631629944,0.08181621134281158,0.9140864014625549,0.935759425163269,0.8952928781509399,0.9077271819114685
186.0,1.0,0.9182062745094299,0.0817936360836029,0.9193369150161743,0.9351280927658081,0.8972638249397278,0.9103063941001892,0.9204376339912415,0.07956240326166153,0.9133943915367126,0.9357808828353882,0.8954551815986633,0.9074140787124634
186.0,2.0,0.9184324741363525,0.08156821131706238,0.9339662194252014,0.9341460466384888,0.8962486982345581,0.9092566967010498,0.919539749622345,0.08045987039804459,0.8548015356063843,0.939717710018158,0.8995165228843689,0.9116178750991821
186.0,3.0,0.9193370342254639,0.08066307753324509,0.9122897982597351,0.935695230960846,0.8976554274559021,0.9101529717445374,0.91591477394104,0.08408528566360474,0.9416235089302063,0.9335125684738159,0.8938797116279602,0.9080267548561096
186.0,4.0,0.9185199737548828,0.08147997409105301,0.9059866070747375,0.9361920952796936,0.89603590965271,0.9086946845054626,0.919186532497406,0.08081340044736862,0.9668734073638916,0.9315236806869507,0.9003720879554749,0.9138639569282532
187.0,0.0,0.9187703132629395,0.08122917264699936,0.9191625118255615,0.9351338148117065,0.8973034024238586,0.9102280735969543,0.9181839227676392,0.08181621134281158,0.9140624403953552,0.9357588291168213,0.8952935338020325,0.9077273011207581
187.0,1.0,0.918205976486206,0.08179373294115067,0.9193359017372131,0.9351276755332947,0.8972631096839905,0.9103065133094788,0.920437753200531,0.07956243306398392,0.9133965373039246,0.93578040599823,0.8954542875289917,0.9074141979217529
187.0,2.0,0.918432354927063,0.08156820386648178,0.9339560270309448,0.9341460466384888,0.8962485790252686,0.9092553853988647,0.9195399284362793,0.08045987039804459,0.8548046946525574,0.9397176504135132,0.8995167016983032,0.9116180539131165
187.0,3.0,0.9193372130393982,0.0806630328297615,0.9122838377952576,0.9356955885887146,0.8976548314094543,0.9101521372795105,0.9159149527549744,0.08408527076244354,0.9416145086288452,0.9335126876831055,0.8938795924186707,0.9080266952514648
187.0,4.0,0.9185197949409485,0.08147989958524704,0.9059838056564331,0.9361918568611145,0.8960346579551697,0.9086948037147522,0.9191865921020508,0.08081338554620743,0.9668917059898376,0.9315235018730164,0.9003719091415405,0.9138643741607666
188.0,0.0,0.9187711477279663,0.08122919499874115,0.9191855788230896,0.9351348876953125,0.8973045349121094,0.9102284908294678,0.9181838631629944,0.08181627094745636,0.9140618443489075,0.9357588291168213,0.8952931761741638,0.9077277183532715
188.0,1.0,0.9182064533233643,0.08179368823766708,0.9193434119224548,0.9351279139518738,0.8972641229629517,0.9103068709373474,0.9204376935958862,0.07956241071224213,0.9134315848350525,0.9357805252075195,0.8954545259475708,0.9074143767356873
188.0,2.0,0.918431282043457,0.08156818151473999,0.9339808821678162,0.9341452121734619,0.8962484002113342,0.909255862236023,0.9195399284362793,0.0804598480463028,0.8548109531402588,0.9397172331809998,0.8995164632797241,0.9116178154945374
188.0,3.0,0.919337809085846,0.0806630328297615,0.9123035073280334,0.9356954097747803,0.8976556658744812,0.9101526141166687,0.9159151315689087,0.08408528566360474,0.9416282176971436,0.9335130453109741,0.8938798904418945,0.9080266356468201
188.0,4.0,0.9185208082199097,0.08147996664047241,0.905974805355072,0.9361923336982727,0.8960344791412354,0.9086946249008179,0.9191862940788269,0.08081340044736862,0.9668867588043213,0.9315237402915955,0.9003721475601196,0.9138643741607666
189.0,0.0,0.9187707901000977,0.08122920989990234,0.9191731214523315,0.9351332783699036,0.8973033428192139,0.9102287888526917,0.9181838631629944,0.08181620389223099,0.9140781164169312,0.9357591867446899,0.895293116569519,0.9077275395393372
189.0,1.0,0.9182072281837463,0.08179366588592529,0.9193407893180847,0.9351283311843872,0.8972639441490173,0.910305917263031,0.9204379916191101,0.07956240326166153,0.913405179977417,0.9357805252075195,0.8954549431800842,0.9074145555496216
189.0,2.0,0.9184313416481018,0.08156822621822357,0.933963418006897,0.934146523475647,0.8962486386299133,0.9092560410499573,0.9195396304130554,0.08045990765094757,0.8548268675804138,0.9397175312042236,0.8995164036750793,0.9116180539131165
189.0,3.0,0.9193366765975952,0.08066306263208389,0.9123055338859558,0.9356958270072937,0.897655189037323,0.9101519584655762,0.9159145355224609,0.08408524841070175,0.9415881633758545,0.9335124492645264,0.8938797116279602,0.908026397228241
189.0,4.0,0.9185197353363037,0.08147993683815002,0.9059841632843018,0.9361910223960876,0.8960355520248413,0.9086952805519104,0.9191862940788269,0.08081338554620743,0.9668839573860168,0.931523323059082,0.9003721475601196,0.9138639569282532
190.0,0.0,0.918769896030426,0.08122916519641876,0.9191794991493225,0.9351345300674438,0.8973050117492676,0.9102289080619812,0.9181839227676392,0.08181621879339218,0.9140639305114746,0.9357594847679138,0.8952929973602295,0.9077273011207581
190.0,1.0,0.9182055592536926,0.08179374039173126,0.9193341732025146,0.9351282119750977,0.8972629308700562,0.9103066921234131,0.9204374551773071,0.07956241816282272,0.913372814655304,0.9357810020446777,0.8954551815986633,0.9074143171310425
190.0,2.0,0.9184318780899048,0.08156818151473999,0.9339640736579895,0.9341450929641724,0.8962482213973999,0.909255862236023,0.9195401668548584,0.08045987784862518,0.8548182845115662,0.9397180080413818,0.8995165228843689,0.9116180539131165
190.0,3.0,0.9193376302719116,0.0806630477309227,0.9122776985168457,0.9356943964958191,0.8976556062698364,0.9101527333259583,0.9159144759178162,0.08408527821302414,0.9415864944458008,0.9335130453109741,0.8938800692558289,0.908026397228241
190.0,4.0,0.9185208082199097,0.081480011343956,0.9059774279594421,0.936191737651825,0.8960349559783936,0.908695638179779,0.9191868305206299,0.08081338554620743,0.9668504595756531,0.9315236806869507,0.9003719687461853,0.9138643145561218
191.0,0.0,0.9187706708908081,0.08122917264699936,0.9191611409187317,0.9351335763931274,0.8973047733306885,0.9102283120155334,0.9181833863258362,0.08181620389223099,0.9140925407409668,0.9357588291168213,0.8952932357788086,0.9077273011207581
191.0,1.0,0.918206512928009,0.08179369568824768,0.9193497896194458,0.935128927230835,0.8972644209861755,0.9103071689605713,0.9204374551773071,0.07956238090991974,0.9134137034416199,0.9357800483703613,0.8954542279243469,0.90741366147995
191.0,2.0,0.9184315204620361,0.08156820386648178,0.9339653253555298,0.9341456294059753,0.8962492942810059,0.9092558026313782,0.919539749622345,0.08045989274978638,0.8547941446304321,0.9397178888320923,0.8995164632797241,0.9116178750991821
191.0,3.0,0.9193369150161743,0.0806630551815033,0.912290096282959,0.9356949329376221,0.8976564407348633,0.9101532101631165,0.91591477394104,0.08408528566360474,0.9416312575340271,0.9335124492645264,0.8938807249069214,0.9080266356468201
191.0,4.0,0.9185199737548828,0.08147994428873062,0.9059860706329346,0.9361921548843384,0.8960349559783936,0.9086951613426208,0.9191862940788269,0.08081338554620743,0.9668485522270203,0.9315232038497925,0.9003717303276062,0.9138644337654114
192.0,0.0,0.9187706708908081,0.08122920244932175,0.9191652536392212,0.9351335167884827,0.8973046541213989,0.910228431224823,0.9181840419769287,0.08181624114513397,0.9140790700912476,0.9357589483261108,0.8952934145927429,0.9077275395393372
192.0,1.0,0.9182062745094299,0.08179372549057007,0.9193443059921265,0.935128390789032,0.897264838218689,0.9103073477745056,0.9204379320144653,0.07956240326166153,0.9134079813957214,0.9357803463935852,0.8954540491104126,0.9074141979217529
192.0,2.0,0.9184326529502869,0.08156821131706238,0.9339799284934998,0.9341457486152649,0.8962484002113342,0.9092558026313782,0.9195401668548584,0.08045989274978638,0.8548377752304077,0.9397171139717102,0.899516761302948,0.9116175770759583
192.0,3.0,0.9193371534347534,0.08066299557685852,0.912307620048523,0.935695469379425,0.8976558446884155,0.9101522564888,0.9159146547317505,0.08408530801534653,0.9416093826293945,0.9335125684738159,0.8938802480697632,0.9080264568328857
192.0,4.0,0.9185199737548828,0.08147993683815002,0.9060053825378418,0.9361921548843384,0.89603590965271,0.9086950421333313,0.9191869497299194,0.08081336319446564,0.9668578505516052,0.9315235018730164,0.9003719091415405,0.9138643145561218
193.0,0.0,0.9187704920768738,0.08122921735048294,0.9191742539405823,0.9351344704627991,0.8973039388656616,0.9102278351783752,0.918183445930481,0.08181624114513397,0.9141016602516174,0.9357589483261108,0.8952933549880981,0.9077273011207581
193.0,1.0,0.9182062745094299,0.08179370313882828,0.9193546772003174,0.9351288676261902,0.897264301776886,0.9103071093559265,0.9204379320144653,0.07956241816282272,0.9134035706520081,0.9357802867889404,0.8954544067382812,0.9074140787124634
193.0,2.0,0.9184314012527466,0.08156829327344894,0.9339720010757446,0.9341453313827515,0.8962491154670715,0.9092560410499573,0.9195396304130554,0.08045988529920578,0.8548331260681152,0.9397174715995789,0.8995167016983032,0.9116180539131165
193.0,3.0,0.9193372130393982,0.08066307753324509,0.912293016910553,0.9356946349143982,0.897655189037323,0.9101516008377075,0.9159144759178162,0.08408528566360474,0.9416534304618835,0.9335124492645264,0.8938795328140259,0.9080264568328857
193.0,4.0,0.9185202717781067,0.08147993683815002,0.9060041308403015,0.9361916184425354,0.8960348963737488,0.9086946845054626,0.9191864728927612,0.08081338554620743,0.966861367225647,0.9315237402915955,0.9003719091415405,0.9138646721839905
194.0,0.0,0.9187705516815186,0.08122917264699936,0.9191808700561523,0.9351345300674438,0.8973048329353333,0.9102289080619812,0.9181838035583496,0.08181619644165039,0.9140939712524414,0.9357593059539795,0.8952932357788086,0.907727062702179
194.0,1.0,0.9182068109512329,0.08179374039173126,0.9193504452705383,0.9351283311843872,0.8972637057304382,0.9103074073791504,0.920437753200531,0.07956240326166153,0.9133750796318054,0.9357805848121643,0.8954548835754395,0.9074143171310425
194.0,2.0,0.9184320569038391,0.08156826347112656,0.9339525699615479,0.934145450592041,0.8962488174438477,0.909255862236023,0.9195402264595032,0.08045987039804459,0.8548387289047241,0.9397175312042236,0.8995164036750793,0.9116173982620239
194.0,3.0,0.91933673620224,0.0806630477309227,0.9122907519340515,0.9356951117515564,0.8976558446884155,0.9101520776748657,0.9159149527549744,0.08408527821302414,0.941632091999054,0.9335132241249084,0.8938803672790527,0.9080269932746887
194.0,4.0,0.9185193777084351,0.08147996664047241,0.9059986472129822,0.9361907839775085,0.8960356712341309,0.9086951613426208,0.9191867709159851,0.08081340789794922,0.9668810963630676,0.9315232634544373,0.9003713726997375,0.9138645529747009
195.0,0.0,0.9187705516815186,0.08122921735048294,0.9191849827766418,0.9351325631141663,0.897304117679596,0.9102279543876648,0.9181838631629944,0.08181620389223099,0.9140662550926208,0.9357590675354004,0.8952931761741638,0.9077277183532715
195.0,1.0,0.918206512928009,0.08179373294115067,0.9193513989448547,0.9351273775100708,0.8972651362419128,0.9103060960769653,0.9204374551773071,0.07956245541572571,0.9134007096290588,0.9357805848121643,0.8954548835754395,0.9074143767356873
195.0,2.0,0.9184326529502869,0.08156819641590118,0.9339668154716492,0.9341461062431335,0.8962494134902954,0.9092566967010498,0.9195396900177002,0.08045986294746399,0.8548367619514465,0.9397179484367371,0.8995165228843689,0.9116178154945374
195.0,3.0,0.9193376898765564,0.08066307008266449,0.912285327911377,0.9356944561004639,0.8976558446884155,0.9101530313491821,0.9159150123596191,0.08408524841070175,0.9416540265083313,0.9335126876831055,0.8938797116279602,0.908026933670044
195.0,4.0,0.9185194969177246,0.08147997409105301,0.905988872051239,0.9361923336982727,0.8960356116294861,0.9086949229240417,0.9191867709159851,0.08081338554620743,0.9668734073638916,0.9315231442451477,0.9003717303276062,0.9138645529747009
196.0,0.0,0.9187712669372559,0.08122915029525757,0.9191851019859314,0.9351345896720886,0.8973044157028198,0.910228967666626,0.9181838035583496,0.08181626349687576,0.9140518307685852,0.9357590079307556,0.8952924013137817,0.9077271819114685
196.0,1.0,0.9182062745094299,0.08179368823766708,0.9193471074104309,0.9351286292076111,0.8972637057304382,0.9103071093559265,0.9204372763633728,0.07956244796514511,0.9134097099304199,0.9357801079750061,0.895454466342926,0.9074137210845947
196.0,2.0,0.9184316396713257,0.08156821131706238,0.9339730739593506,0.9341474771499634,0.8962491750717163,0.9092560410499573,0.9195396304130554,0.08045988529920578,0.8548141121864319,0.939717710018158,0.899516224861145,0.9116176962852478
196.0,3.0,0.9193374514579773,0.08066301047801971,0.9123008251190186,0.9356946349143982,0.8976560831069946,0.9101526141166687,0.9159148931503296,0.08408527821302414,0.9416355490684509,0.933512806892395,0.8938795328140259,0.9080263376235962
196.0,4.0,0.9185208678245544,0.08147991448640823,0.9059909582138062,0.9361909031867981,0.8960344791412354,0.9086952805519104,0.9191865921020508,0.08081340789794922,0.9668803811073303,0.9315235018730164,0.9003716111183167,0.9138643741607666
197.0,0.0,0.9187712073326111,0.08122923225164413,0.9191799163818359,0.9351338744163513,0.8973038196563721,0.910228967666626,0.9181841015815735,0.08181621134281158,0.914065420627594,0.9357589483261108,0.8952931761741638,0.9077274799346924
197.0,1.0,0.918205738067627,0.08179368078708649,0.9193440675735474,0.935127854347229,0.8972641825675964,0.9103072285652161,0.9204374551773071,0.07956241071224213,0.9134491682052612,0.9357802867889404,0.8954546451568604,0.9074147939682007
197.0,2.0,0.9184322357177734,0.08156818896532059,0.933975100517273,0.9341456294059753,0.896248459815979,0.909255862236023,0.9195395112037659,0.08045987784862518,0.8548333048820496,0.9397179484367371,0.8995169401168823,0.9116175770759583
197.0,3.0,0.9193372130393982,0.0806630402803421,0.9122969508171082,0.9356955885887146,0.8976559638977051,0.9101522564888,0.9159145355224609,0.08408527821302414,0.9416264891624451,0.9335126876831055,0.8938795328140259,0.9080265760421753
197.0,4.0,0.9185193181037903,0.0814799964427948,0.9059972167015076,0.9361913204193115,0.8960351943969727,0.9086948037147522,0.9191864728927612,0.08081338554620743,0.966861367225647,0.9315237402915955,0.9003723859786987,0.9138646125793457
198.0,0.0,0.9187706708908081,0.08122921735048294,0.9191721081733704,0.93513423204422,0.897304356098175,0.9102290868759155,0.9181836843490601,0.08181619644165039,0.9140600562095642,0.9357587695121765,0.8952929973602295,0.9077273011207581
198.0,1.0,0.9182074069976807,0.08179372549057007,0.9193478226661682,0.9351286888122559,0.8972636461257935,0.9103067517280579,0.9204373955726624,0.07956241071224213,0.9134345054626465,0.9357806444168091,0.8954547643661499,0.9074143171310425
198.0,2.0,0.9184310436248779,0.08156818896532059,0.9339669346809387,0.9341464638710022,0.8962488174438477,0.9092553853988647,0.919539749622345,0.08045990020036697,0.8548263311386108,0.9397174119949341,0.8995166420936584,0.911617636680603
198.0,3.0,0.9193369746208191,0.08066301792860031,0.9122865200042725,0.9356946349143982,0.8976562023162842,0.9101527333259583,0.9159144163131714,0.08408528566360474,0.9416134357452393,0.9335129857063293,0.8938805460929871,0.908026933670044
198.0,4.0,0.9185199737548828,0.08147992938756943,0.905981719493866,0.9361920356750488,0.8960354328155518,0.9086936116218567,0.9191865921020508,0.08081340044736862,0.9668753743171692,0.9315237402915955,0.9003726243972778,0.9138643145561218
199.0,0.0,0.9187709093093872,0.08122917264699936,0.9191820621490479,0.935135006904602,0.897304356098175,0.9102292060852051,0.9181835651397705,0.08181625604629517,0.9140558838844299,0.9357590675354004,0.8952933549880981,0.907727062702179
199.0,1.0,0.918205738067627,0.08179371058940887,0.9193423986434937,0.9351288676261902,0.897264838218689,0.9103063941001892,0.9204374551773071,0.07956244051456451,0.9134365916252136,0.93578040599823,0.8954547643661499,0.9074141979217529
199.0,2.0,0.9184319972991943,0.08156819641590118,0.9339815378189087,0.9341462850570679,0.896248459815979,0.9092556238174438,0.9195401072502136,0.08045988529920578,0.8548145890235901,0.9397177696228027,0.8995165228843689,0.9116180539131165
199.0,3.0,0.91933673620224,0.0806630477309227,0.9123243689537048,0.935694694519043,0.8976559638977051,0.9101511240005493,0.91591477394104,0.08408525586128235,0.941617488861084,0.933512806892395,0.8938801288604736,0.9080267548561096
199.0,4.0,0.9185203313827515,0.08147992193698883,0.9059873819351196,0.9361920356750488,0.896035373210907,0.9086948037147522,0.9191867113113403,0.08081340789794922,0.9668993353843689,0.9315234422683716,0.9003718495368958,0.9138644337654114
