epoch,fold,dice_train,loss_train,bce_train,accuracy_train,precision_train,f1_train,dice_test,loss_test,bce_test,accuracy_test,precision_test,f1_test
0.0,0.0,0.043021950870752335,0.9569777250289917,8.365588188171387,0.7797119617462158,0.0223957858979702,0.03581653907895088,0.013926055282354355,0.9860740900039673,10.750900268554688,0.8598591089248657,0.0,0.0
0.0,1.0,0.011407514102756977,0.9885909557342529,10.4562406539917,0.8626585006713867,0.0,0.0,0.016302723437547684,0.9836974143981934,10.722915649414062,0.8608546853065491,0.0,0.0
0.0,2.0,0.01257789134979248,0.9874207973480225,10.606752395629883,0.8609925508499146,0.0,0.0,0.011628717184066772,0.9883718490600586,10.120828628540039,0.8675276041030884,0.0,0.0
0.0,3.0,0.012640162371098995,0.9873587489128113,10.599581718444824,0.8615756630897522,0.0,0.0,0.011379500851035118,0.9886206388473511,10.149572372436523,0.8651893734931946,0.0,0.0
0.0,4.0,0.013311736285686493,0.9866867661476135,10.436443328857422,0.863353431224823,0.0,0.0,0.008689840324223042,0.9913098812103271,10.802963256835938,0.858065664768219,0.0,0.0
1.0,0.0,0.012003001756966114,0.9879961609840393,10.44924545288086,0.8629084229469299,0.0,0.0,0.013926506973803043,0.9860736131668091,10.750913619995117,0.8598595857620239,0.0,0.0
1.0,1.0,0.011407778598368168,0.9885898232460022,10.45626449584961,0.862659752368927,0.0,0.0,0.01630287617444992,0.9836973547935486,10.722914695739746,0.860854983329773,0.0,0.0
1.0,2.0,0.012577945366501808,0.987421989440918,10.606765747070312,0.8609915375709534,0.0,0.0,0.011628789827227592,0.9883708357810974,10.120827674865723,0.8675275444984436,0.0,0.0
1.0,3.0,0.012640194967389107,0.9873582720756531,10.599593162536621,0.8615752458572388,0.0,0.0,0.011379506438970566,0.9886212944984436,10.149576187133789,0.8651891350746155,0.0,0.0
1.0,4.0,0.013311748392879963,0.9866869449615479,10.436444282531738,0.863353967666626,0.0,0.0,0.008689843118190765,0.9913102984428406,10.802969932556152,0.8580660223960876,0.0,0.0
2.0,0.0,0.012003021314740181,0.9879961013793945,10.449250221252441,0.8629086017608643,0.0,0.0,0.013926506973803043,0.9860732555389404,10.750916481018066,0.8598594665527344,0.0,0.0
2.0,1.0,0.011407777667045593,0.9885907769203186,10.456266403198242,0.8626582622528076,0.0,0.0,0.01630287431180477,0.9836973547935486,10.72291374206543,0.8608549237251282,0.0,0.0
2.0,2.0,0.01257795374840498,0.9874212741851807,10.606759071350098,0.8609908223152161,0.0,0.0,0.011628788895905018,0.9883713722229004,10.120824813842773,0.8675273060798645,0.0,0.0
2.0,3.0,0.012640192173421383,0.9873581528663635,10.599586486816406,0.8615749478340149,0.0,0.0,0.01137950737029314,0.9886208176612854,10.149575233459473,0.8651893734931946,0.0,0.0
2.0,4.0,0.013311740010976791,0.986687183380127,10.43643856048584,0.8633543252944946,0.0,0.0,0.008689849637448788,0.9913104176521301,10.802966117858887,0.8580657839775085,0.0,0.0
3.0,0.0,0.01200302504003048,0.9879956841468811,10.449249267578125,0.8629079461097717,0.0,0.0,0.013926493935286999,0.9860735535621643,10.750920295715332,0.8598592877388,0.0,0.0
3.0,1.0,0.01140778698027134,0.988591194152832,10.456258773803711,0.8626585602760315,0.0,0.0,0.016302868723869324,0.9836968779563904,10.722914695739746,0.8608548045158386,0.0,0.0
3.0,2.0,0.012577952817082405,0.9874208569526672,10.606749534606934,0.8609914779663086,0.0,0.0,0.01162878517061472,0.9883714914321899,10.120826721191406,0.8675273060798645,0.0,0.0
3.0,3.0,0.012640208937227726,0.9873591065406799,10.599580764770508,0.8615754246711731,0.0,0.0,0.011379504576325417,0.9886204600334167,10.149575233459473,0.8651893734931946,0.0,0.0
3.0,4.0,0.013311749324202538,0.9866878390312195,10.436439514160156,0.863353967666626,0.0,0.0,0.00868984218686819,0.9913103580474854,10.802964210510254,0.8580654263496399,0.0,0.0
4.0,0.0,0.012003014795482159,0.9879957437515259,10.449254035949707,0.8629078269004822,0.0,0.0,0.013926506973803043,0.98607337474823,10.7509126663208,0.8598593473434448,0.0,0.0
4.0,1.0,0.011407779529690742,0.9885921478271484,10.456257820129395,0.8626581430435181,0.0,0.0,0.01630287617444992,0.9836971759796143,10.72291374206543,0.8608547449111938,0.0,0.0
4.0,2.0,0.012577944435179234,0.9874210357666016,10.606758117675781,0.8609912395477295,0.0,0.0,0.011628793552517891,0.9883714914321899,10.120827674865723,0.8675271272659302,0.0,0.0
4.0,3.0,0.012640189379453659,0.9873598217964172,10.599588394165039,0.861575722694397,0.0,0.0,0.011379512026906013,0.9886203408241272,10.14957332611084,0.8651894927024841,0.0,0.0
4.0,4.0,0.01331174373626709,0.9866876006126404,10.43643569946289,0.8633540868759155,0.0,0.0,0.008689843118190765,0.9913102984428406,10.802962303161621,0.8580659031867981,0.0,0.0
5.0,0.0,0.012003019452095032,0.9879961013793945,10.44925308227539,0.8629074692726135,0.0,0.0,0.01392650231719017,0.9860732555389404,10.750908851623535,0.8598595261573792,0.0,0.0
5.0,1.0,0.011407781392335892,0.9885908961296082,10.456253051757812,0.8626587986946106,0.0,0.0,0.016302868723869324,0.9836974143981934,10.722918510437012,0.8608543276786804,0.0,0.0
5.0,2.0,0.012577945366501808,0.9874221086502075,10.606764793395996,0.8609908223152161,0.0,0.0,0.011628791689872742,0.9883710145950317,10.120829582214355,0.8675276637077332,0.0,0.0
5.0,3.0,0.012640203349292278,0.9873585104942322,10.59958267211914,0.861575186252594,0.0,0.0,0.011379511095583439,0.9886205792427063,10.149572372436523,0.8651890754699707,0.0,0.0
5.0,4.0,0.013311740942299366,0.9866881370544434,10.436446189880371,0.8633540868759155,0.0,0.0,0.008689846843481064,0.9913098812103271,10.802962303161621,0.858065664768219,0.0,0.0
6.0,0.0,0.01200302504003048,0.9879962205886841,10.449252128601074,0.862908124923706,0.0,0.0,0.013926506042480469,0.9860731363296509,10.750916481018066,0.8598595857620239,0.0,0.0
6.0,1.0,0.01140777487307787,0.9885909557342529,10.456262588500977,0.8626590967178345,0.0,0.0,0.01630287431180477,0.9836974740028381,10.72291374206543,0.86085444688797,0.0,0.0
6.0,2.0,0.012577952817082405,0.9874210953712463,10.606759071350098,0.8609914779663086,0.0,0.0,0.01162878517061472,0.9883713126182556,10.120834350585938,0.8675278425216675,0.0,0.0
6.0,3.0,0.012640183791518211,0.9873590469360352,10.599584579467773,0.8615742325782776,0.0,0.0,0.011379506438970566,0.9886204600334167,10.149576187133789,0.8651893734931946,0.0,0.0
6.0,4.0,0.013311756774783134,0.9866873621940613,10.436450958251953,0.8633537292480469,0.0,0.0,0.008689844980835915,0.9913099408149719,10.802967071533203,0.8580657243728638,0.0,0.0
7.0,0.0,0.012003032490611076,0.9879956841468811,10.44925308227539,0.862907350063324,0.0,0.0,0.013926505111157894,0.9860732555389404,10.750917434692383,0.859859824180603,0.0,0.0
7.0,1.0,0.011407791636884212,0.988590657711029,10.456262588500977,0.8626580834388733,0.0,0.0,0.016302864998579025,0.9836969375610352,10.72291374206543,0.8608541488647461,0.0,0.0
7.0,2.0,0.012577944435179234,0.9874204993247986,10.606758117675781,0.8609922528266907,0.0,0.0,0.011628788895905018,0.9883710741996765,10.12082290649414,0.8675269484519958,0.0,0.0
7.0,3.0,0.012640201486647129,0.987358570098877,10.599586486816406,0.8615754246711731,0.0,0.0,0.011379506438970566,0.9886199831962585,10.149574279785156,0.8651890158653259,0.0,0.0
7.0,4.0,0.013311740010976791,0.986687421798706,10.436444282531738,0.8633539080619812,0.0,0.0,0.008689843118190765,0.9913102984428406,10.802963256835938,0.8580659031867981,0.0,0.0
8.0,0.0,0.012003010138869286,0.9879961609840393,10.449252128601074,0.862908124923706,0.0,0.0,0.013926503248512745,0.9860734939575195,10.75091552734375,0.8598596453666687,0.0,0.0
8.0,1.0,0.011407789774239063,0.9885916709899902,10.456254959106445,0.862659215927124,0.0,0.0,0.01630288176238537,0.9836971163749695,10.72291374206543,0.8608548045158386,0.0,0.0
8.0,2.0,0.012577948160469532,0.9874205589294434,10.606758117675781,0.8609915971755981,0.0,0.0,0.011628777720034122,0.9883713722229004,10.120824813842773,0.867527186870575,0.0,0.0
8.0,3.0,0.01264019962400198,0.9873583316802979,10.599584579467773,0.861575186252594,0.0,0.0,0.01137950737029314,0.9886203408241272,10.149576187133789,0.8651890754699707,0.0,0.0
8.0,4.0,0.013311753049492836,0.986687958240509,10.436446189880371,0.8633534908294678,0.0,0.0,0.008689844980835915,0.991310179233551,10.802964210510254,0.8580654263496399,0.0,0.0
9.0,0.0,0.012003010138869286,0.9879956841468811,10.449254035949707,0.8629076480865479,0.0,0.0,0.013926509767770767,0.9860734939575195,10.750916481018066,0.8598595261573792,0.0,0.0
9.0,1.0,0.011407781392335892,0.9885904788970947,10.456258773803711,0.8626595139503479,0.0,0.0,0.016302870586514473,0.983696699142456,10.722915649414062,0.8608541488647461,0.0,0.0
9.0,2.0,0.012577957473695278,0.9874211549758911,10.606757164001465,0.860991895198822,0.0,0.0,0.011628791689872742,0.9883712530136108,10.120823860168457,0.8675268292427063,0.0,0.0
9.0,3.0,0.012640180066227913,0.9873598217964172,10.599581718444824,0.8615750074386597,0.0,0.0,0.01137950737029314,0.9886205792427063,10.149575233459473,0.8651888966560364,0.0,0.0
9.0,4.0,0.013311744667589664,0.9866868853569031,10.436444282531738,0.8633544445037842,0.0,0.0,0.00868984591215849,0.9913102984428406,10.802964210510254,0.8580659031867981,0.0,0.0
10.0,0.0,0.012003032490611076,0.9879971146583557,10.449252128601074,0.8629078269004822,0.0,0.0,0.013926505111157894,0.9860734939575195,10.750920295715332,0.8598598837852478,0.0,0.0
10.0,1.0,0.011407784186303616,0.9885903000831604,10.456250190734863,0.862659215927124,0.0,0.0,0.01630287431180477,0.9836971759796143,10.722914695739746,0.8608541488647461,0.0,0.0
10.0,2.0,0.012577946297824383,0.9874207973480225,10.606761932373047,0.8609914779663086,0.0,0.0,0.011628791689872742,0.9883710145950317,10.120824813842773,0.8675276041030884,0.0,0.0
10.0,3.0,0.012640196830034256,0.9873592257499695,10.599584579467773,0.8615759015083313,0.0,0.0,0.011379508301615715,0.9886196851730347,10.14957332611084,0.865189254283905,0.0,0.0
10.0,4.0,0.01331174187362194,0.9866867065429688,10.436443328857422,0.8633543252944946,0.0,0.0,0.00868984404951334,0.9913099408149719,10.802962303161621,0.8580654859542847,0.0,0.0
11.0,0.0,0.012003026902675629,0.9879956245422363,10.449254989624023,0.8629078269004822,0.0,0.0,0.013926505111157894,0.9860732555389404,10.750917434692383,0.8598594665527344,0.0,0.0
11.0,1.0,0.011407781392335892,0.9885904788970947,10.456254959106445,0.8626590371131897,0.0,0.0,0.01630288176238537,0.983697235584259,10.722912788391113,0.86085444688797,0.0,0.0
11.0,2.0,0.012577957473695278,0.9874210357666016,10.606759071350098,0.8609910607337952,0.0,0.0,0.011628787964582443,0.9883713722229004,10.120828628540039,0.8675273060798645,0.0,0.0
11.0,3.0,0.012640191242098808,0.9873586297035217,10.59958267211914,0.8615754842758179,0.0,0.0,0.011379504576325417,0.9886201024055481,10.149572372436523,0.8651890754699707,0.0,0.0
11.0,4.0,0.01331175398081541,0.9866859912872314,10.436434745788574,0.8633533716201782,0.0,0.0,0.008689846843481064,0.9913105368614197,10.802963256835938,0.8580659627914429,0.0,0.0
12.0,0.0,0.012003018520772457,0.9879956841468811,10.449246406555176,0.8629078269004822,0.0,0.0,0.013926508836448193,0.9860735535621643,10.750917434692383,0.8598595857620239,0.0,0.0
12.0,1.0,0.01140777487307787,0.9885902404785156,10.456258773803711,0.8626583814620972,0.0,0.0,0.01630287431180477,0.9836974143981934,10.72291374206543,0.8608545064926147,0.0,0.0
12.0,2.0,0.012577948160469532,0.9874217510223389,10.606759071350098,0.860993504524231,0.0,0.0,0.01162878517061472,0.9883714914321899,10.120828628540039,0.8675270676612854,0.0,0.0
12.0,3.0,0.012640188448131084,0.9873583912849426,10.59957504272461,0.8615752458572388,0.0,0.0,0.011379503645002842,0.9886204600334167,10.149577140808105,0.8651890158653259,0.0,0.0
12.0,4.0,0.013311749324202538,0.9866883158683777,10.436448097229004,0.8633533120155334,0.0,0.0,0.008689843118190765,0.9913098812103271,10.802967071533203,0.8580662608146667,0.0,0.0
13.0,0.0,0.012003021314740181,0.9879963994026184,10.449251174926758,0.8629074096679688,0.0,0.0,0.01392650231719017,0.9860733151435852,10.750916481018066,0.8598596453666687,0.0,0.0
13.0,1.0,0.011407786048948765,0.9885914325714111,10.456262588500977,0.8626588582992554,0.0,0.0,0.01630288176238537,0.9836968779563904,10.722917556762695,0.86085444688797,0.0,0.0
13.0,2.0,0.012577966786921024,0.9874211549758911,10.606765747070312,0.8609920144081116,0.0,0.0,0.011628781445324421,0.9883714914321899,10.120823860168457,0.867527186870575,0.0,0.0
13.0,3.0,0.012640201486647129,0.9873585104942322,10.59958553314209,0.8615754842758179,0.0,0.0,0.011379506438970566,0.9886212944984436,10.14957332611084,0.8651885986328125,0.0,0.0
13.0,4.0,0.013311736285686493,0.9866878390312195,10.436445236206055,0.8633543848991394,0.0,0.0,0.008689844980835915,0.9913104176521301,10.802967071533203,0.8580656051635742,0.0,0.0
14.0,0.0,0.012003025971353054,0.9879965782165527,10.449244499206543,0.8629072308540344,0.0,0.0,0.013926506973803043,0.9860736131668091,10.750920295715332,0.8598593473434448,0.0,0.0
14.0,1.0,0.011407781392335892,0.9885914921760559,10.456269264221191,0.8626593351364136,0.0,0.0,0.016302863135933876,0.9836973547935486,10.722912788391113,0.8608543276786804,0.0,0.0
14.0,2.0,0.012577943503856659,0.9874203205108643,10.606765747070312,0.8609910607337952,0.0,0.0,0.011628789827227592,0.9883710741996765,10.120826721191406,0.8675278425216675,0.0,0.0
14.0,3.0,0.012640196830034256,0.9873586297035217,10.599589347839355,0.861574649810791,0.0,0.0,0.011379508301615715,0.9886199831962585,10.14957332611084,0.865189254283905,0.0,0.0
14.0,4.0,0.01331175398081541,0.9866876006126404,10.436450958251953,0.8633539080619812,0.0,0.0,0.008689844980835915,0.9913105368614197,10.802964210510254,0.8580659031867981,0.0,0.0
15.0,0.0,0.012003030627965927,0.9879964590072632,10.449254989624023,0.8629088997840881,0.0,0.0,0.013926505111157894,0.9860739707946777,10.7509126663208,0.8598595857620239,0.0,0.0
15.0,1.0,0.011407777667045593,0.988591194152832,10.456258773803711,0.8626581430435181,0.0,0.0,0.01630287617444992,0.9836973547935486,10.722914695739746,0.8608546853065491,0.0,0.0
15.0,2.0,0.01257794164121151,0.9874215126037598,10.60675048828125,0.8609915971755981,0.0,0.0,0.01162878517061472,0.9883713722229004,10.120826721191406,0.8675276637077332,0.0,0.0
15.0,3.0,0.012640192173421383,0.9873582720756531,10.599578857421875,0.8615752458572388,0.0,0.0,0.011379504576325417,0.9886206984519958,10.149576187133789,0.8651890754699707,0.0,0.0
15.0,4.0,0.013311749324202538,0.9866874814033508,10.436447143554688,0.8633544445037842,0.0,0.0,0.00868984218686819,0.9913103580474854,10.802964210510254,0.8580659031867981,0.0,0.0
16.0,0.0,0.012003010138869286,0.9879964590072632,10.449248313903809,0.8629075884819031,0.0,0.0,0.013926499523222446,0.9860736131668091,10.75091552734375,0.8598595261573792,0.0,0.0
16.0,1.0,0.011407781392335892,0.9885907769203186,10.456255912780762,0.8626585602760315,0.0,0.0,0.01630287803709507,0.9836971163749695,10.722915649414062,0.8608542680740356,0.0,0.0
16.0,2.0,0.012577960267663002,0.987420916557312,10.60676097869873,0.8609910011291504,0.0,0.0,0.011628780514001846,0.9883714914321899,10.120828628540039,0.8675273656845093,0.0,0.0
16.0,3.0,0.012640184722840786,0.9873595237731934,10.599580764770508,0.8615748286247253,0.0,0.0,0.011379504576325417,0.9886206984519958,10.149576187133789,0.8651893734931946,0.0,0.0
16.0,4.0,0.013311745598912239,0.9866872429847717,10.436441421508789,0.8633539080619812,0.0,0.0,0.008689844980835915,0.9913100600242615,10.802966117858887,0.8580656051635742,0.0,0.0
17.0,0.0,0.012003014795482159,0.9879953861236572,10.449254989624023,0.8629076480865479,0.0,0.0,0.013926499523222446,0.9860735535621643,10.75091552734375,0.8598592877388,0.0,0.0
17.0,1.0,0.011407770216464996,0.98859041929245,10.456260681152344,0.8626585006713867,0.0,0.0,0.01630287431180477,0.983697235584259,10.72291088104248,0.8608545660972595,0.0,0.0
17.0,2.0,0.012577950023114681,0.987420916557312,10.606759071350098,0.860991895198822,0.0,0.0,0.011628782376646996,0.9883711338043213,10.120827674865723,0.8675276637077332,0.0,0.0
17.0,3.0,0.01264018751680851,0.987358033657074,10.599577903747559,0.8615749478340149,0.0,0.0,0.011379499919712543,0.9886199831962585,10.149576187133789,0.8651890158653259,0.0,0.0
17.0,4.0,0.013311757706105709,0.9866874814033508,10.436443328857422,0.8633541464805603,0.0,0.0,0.00868984404951334,0.9913103580474854,10.802963256835938,0.8580659627914429,0.0,0.0
18.0,0.0,0.012003021314740181,0.987995982170105,10.449246406555176,0.8629086017608643,0.0,0.0,0.013926503248512745,0.9860736131668091,10.750913619995117,0.8598596453666687,0.0,0.0
18.0,1.0,0.011407781392335892,0.988590657711029,10.456258773803711,0.8626593947410583,0.0,0.0,0.01630287617444992,0.9836969971656799,10.722912788391113,0.8608542084693909,0.0,0.0
18.0,2.0,0.012577948160469532,0.9874215126037598,10.606752395629883,0.8609915971755981,0.0,0.0,0.011628788895905018,0.9883716106414795,10.120830535888672,0.8675273656845093,0.0,0.0
18.0,3.0,0.012640180997550488,0.9873587489128113,10.59958553314209,0.8615752458572388,0.0,0.0,0.011379502713680267,0.9886203408241272,10.149578094482422,0.8651891350746155,0.0,0.0
18.0,4.0,0.013311734423041344,0.9866869449615479,10.436437606811523,0.8633531928062439,0.0,0.0,0.00868984218686819,0.9913103580474854,10.802967071533203,0.858066201210022,0.0,0.0
19.0,0.0,0.012003026902675629,0.9879966378211975,10.449251174926758,0.8629078269004822,0.0,0.0,0.01392650231719017,0.9860737919807434,10.750917434692383,0.8598592877388,0.0,0.0
19.0,1.0,0.011407781392335892,0.9885900616645813,10.456260681152344,0.8626590371131897,0.0,0.0,0.01630287431180477,0.9836968779563904,10.722914695739746,0.8608542084693909,0.0,0.0
19.0,2.0,0.012577946297824383,0.9874211549758911,10.606754302978516,0.8609915971755981,0.0,0.0,0.011628777720034122,0.9883708953857422,10.12082576751709,0.8675271272659302,0.0,0.0
19.0,3.0,0.012640188448131084,0.9873577356338501,10.599586486816406,0.8615747690200806,0.0,0.0,0.011379511095583439,0.9886203408241272,10.149574279785156,0.865189254283905,0.0,0.0
19.0,4.0,0.013311752118170261,0.986687183380127,10.436432838439941,0.8633529543876648,0.0,0.0,0.008689846843481064,0.9913100600242615,10.802962303161621,0.8580659031867981,0.0,0.0
20.0,0.0,0.012003019452095032,0.9879952669143677,10.449259757995605,0.8629076480865479,0.0,0.0,0.013926512561738491,0.9860732555389404,10.750916481018066,0.8598593473434448,0.0,0.0
20.0,1.0,0.011407777667045593,0.9885912537574768,10.456254959106445,0.8626576066017151,0.0,0.0,0.01630288176238537,0.983697235584259,10.722914695739746,0.8608543276786804,0.0,0.0
20.0,2.0,0.012577949091792107,0.9874207377433777,10.606758117675781,0.8609914779663086,0.0,0.0,0.011628789827227592,0.9883713722229004,10.120829582214355,0.8675271272659302,0.0,0.0
20.0,3.0,0.012640183791518211,0.9873592257499695,10.599580764770508,0.8615754246711731,0.0,0.0,0.011379506438970566,0.9886202216148376,10.14957332611084,0.8651894927024841,0.0,0.0
20.0,4.0,0.013311740942299366,0.9866883754730225,10.436437606811523,0.8633543252944946,0.0,0.0,0.008689844980835915,0.9913101196289062,10.802969932556152,0.8580657839775085,0.0,0.0
21.0,0.0,0.012003017589449883,0.987995982170105,10.44924545288086,0.862908124923706,0.0,0.0,0.013926499523222446,0.9860733151435852,10.750916481018066,0.8598595857620239,0.0,0.0
21.0,1.0,0.011407791636884212,0.9885908961296082,10.456257820129395,0.8626595735549927,0.0,0.0,0.01630287803709507,0.9836968779563904,10.722915649414062,0.8608545064926147,0.0,0.0
21.0,2.0,0.01257795374840498,0.987420916557312,10.60676097869873,0.8609910011291504,0.0,0.0,0.011628791689872742,0.9883707761764526,10.120830535888672,0.8675273060798645,0.0,0.0
21.0,3.0,0.012640184722840786,0.9873589873313904,10.599584579467773,0.8615750074386597,0.0,0.0,0.011379504576325417,0.9886205792427063,10.149575233459473,0.8651888966560364,0.0,0.0
21.0,4.0,0.01331174373626709,0.9866877198219299,10.436439514160156,0.8633540868759155,0.0,0.0,0.008689846843481064,0.9913098812103271,10.802964210510254,0.8580657839775085,0.0,0.0
22.0,0.0,0.012003025971353054,0.9879966378211975,10.44924545288086,0.862907350063324,0.0,0.0,0.013926508836448193,0.9860737323760986,10.7509126663208,0.8598592877388,0.0,0.0
22.0,1.0,0.011407777667045593,0.9885908961296082,10.456256866455078,0.8626590967178345,0.0,0.0,0.01630287617444992,0.9836966395378113,10.722909927368164,0.8608542680740356,0.0,0.0
22.0,2.0,0.01257793977856636,0.9874208569526672,10.606749534606934,0.8609916567802429,0.0,0.0,0.011628782376646996,0.9883716106414795,10.120827674865723,0.867527186870575,0.0,0.0
22.0,3.0,0.012640195898711681,0.9873587489128113,10.59958553314209,0.8615750074386597,0.0,0.0,0.011379513889551163,0.9886210560798645,10.149572372436523,0.8651894927024841,0.0,0.0
22.0,4.0,0.013311732560396194,0.986687421798706,10.436450958251953,0.8633538484573364,0.0,0.0,0.00868984591215849,0.9913097023963928,10.802970886230469,0.858065664768219,0.0,0.0
23.0,0.0,0.01200301107019186,0.9879958629608154,10.44924545288086,0.8629079461097717,0.0,0.0,0.013926510699093342,0.9860732555389404,10.750916481018066,0.8598595261573792,0.0,0.0
23.0,1.0,0.011407771147787571,0.9885920286178589,10.456257820129395,0.8626595735549927,0.0,0.0,0.016302872449159622,0.9836969971656799,10.722915649414062,0.8608548045158386,0.0,0.0
23.0,2.0,0.012577949091792107,0.987420916557312,10.606765747070312,0.8609918355941772,0.0,0.0,0.011628791689872742,0.9883713126182556,10.120824813842773,0.8675276041030884,0.0,0.0
23.0,3.0,0.012640191242098808,0.9873590469360352,10.59957504272461,0.8615754246711731,0.0,0.0,0.011379502713680267,0.9886201620101929,10.149575233459473,0.8651896119117737,0.0,0.0
23.0,4.0,0.013311750255525112,0.9866886138916016,10.436441421508789,0.8633539080619812,0.0,0.0,0.008689844980835915,0.9913102984428406,10.80296802520752,0.8580653667449951,0.0,0.0
24.0,0.0,0.01200302317738533,0.9879956841468811,10.44925308227539,0.8629077076911926,0.0,0.0,0.013926505111157894,0.98607337474823,10.750917434692383,0.8598593473434448,0.0,0.0
24.0,1.0,0.011407777667045593,0.9885913133621216,10.456254959106445,0.8626585006713867,0.0,0.0,0.016302868723869324,0.9836969375610352,10.722909927368164,0.860854983329773,0.0,0.0
24.0,2.0,0.012577959336340427,0.987420916557312,10.606757164001465,0.8609912395477295,0.0,0.0,0.011628791689872742,0.9883713722229004,10.120824813842773,0.8675271272659302,0.0,0.0
24.0,3.0,0.012640191242098808,0.9873585104942322,10.59958267211914,0.8615741729736328,0.0,0.0,0.011379514820873737,0.9886201024055481,10.149575233459473,0.8651891350746155,0.0,0.0
24.0,4.0,0.01331174187362194,0.9866876006126404,10.436436653137207,0.863353967666626,0.0,0.0,0.008689847774803638,0.9913103580474854,10.802963256835938,0.8580657243728638,0.0,0.0
25.0,0.0,0.012003034353256226,0.9879956245422363,10.44925308227539,0.862907886505127,0.0,0.0,0.013926512561738491,0.98607337474823,10.750924110412598,0.8598595261573792,0.0,0.0
25.0,1.0,0.011407791636884212,0.9885900020599365,10.456266403198242,0.8626583814620972,0.0,0.0,0.016302870586514473,0.9836965799331665,10.722917556762695,0.860854983329773,0.0,0.0
25.0,2.0,0.012577960267663002,0.9874206185340881,10.606758117675781,0.8609915971755981,0.0,0.0,0.011628787964582443,0.9883717894554138,10.120829582214355,0.867526650428772,0.0,0.0
25.0,3.0,0.012640176340937614,0.987358808517456,10.59958267211914,0.8615755438804626,0.0,0.0,0.011379512026906013,0.9886201620101929,10.149576187133789,0.8651888370513916,0.0,0.0
25.0,4.0,0.013311767019331455,0.986687183380127,10.436445236206055,0.863353967666626,0.0,0.0,0.008689847774803638,0.9913097023963928,10.802963256835938,0.8580659627914429,0.0,0.0
26.0,0.0,0.012003026902675629,0.9879956841468811,10.449251174926758,0.8629085421562195,0.0,0.0,0.01392650231719017,0.9860735535621643,10.7509183883667,0.8598595857620239,0.0,0.0
26.0,1.0,0.011407784186303616,0.9885915517807007,10.456260681152344,0.8626587390899658,0.0,0.0,0.016302870586514473,0.9836967587471008,10.722914695739746,0.8608540296554565,0.0,0.0
26.0,2.0,0.012577949091792107,0.9874206185340881,10.606758117675781,0.8609912395477295,0.0,0.0,0.011628794483840466,0.9883710741996765,10.120828628540039,0.8675269484519958,0.0,0.0
26.0,3.0,0.01264018751680851,0.9873578548431396,10.599589347839355,0.861575186252594,0.0,0.0,0.01137950737029314,0.9886208176612854,10.149576187133789,0.8651890754699707,0.0,0.0
26.0,4.0,0.01331174373626709,0.9866874814033508,10.43644905090332,0.8633542060852051,0.0,0.0,0.008689846843481064,0.9913102984428406,10.802966117858887,0.8580657243728638,0.0,0.0
27.0,0.0,0.01200302504003048,0.9879952669143677,10.449249267578125,0.862907886505127,0.0,0.0,0.013926506042480469,0.9860737919807434,10.750913619995117,0.8598594665527344,0.0,0.0
27.0,1.0,0.011407794430851936,0.9885909557342529,10.45626163482666,0.8626588582992554,0.0,0.0,0.01630287617444992,0.9836969971656799,10.722908973693848,0.8608545660972595,0.0,0.0
27.0,2.0,0.01257795188575983,0.9874213933944702,10.606758117675781,0.8609908819198608,0.0,0.0,0.011628788895905018,0.9883708953857422,10.120828628540039,0.867527425289154,0.0,0.0
27.0,3.0,0.012640180066227913,0.9873594641685486,10.599584579467773,0.8615761995315552,0.0,0.0,0.011379511095583439,0.9886201024055481,10.14957332611084,0.8651891350746155,0.0,0.0
27.0,4.0,0.013311740942299366,0.9866877198219299,10.436450958251953,0.8633538484573364,0.0,0.0,0.008689848706126213,0.991310179233551,10.80296802520752,0.8580661416053772,0.0,0.0
28.0,0.0,0.012003015726804733,0.9879955053329468,10.449254035949707,0.862907886505127,0.0,0.0,0.013926503248512745,0.9860734939575195,10.75091552734375,0.8598594665527344,0.0,0.0
28.0,1.0,0.011407786048948765,0.9885910153388977,10.456258773803711,0.8626590967178345,0.0,0.0,0.01630287431180477,0.9836969971656799,10.722914695739746,0.8608542680740356,0.0,0.0
28.0,2.0,0.01257795188575983,0.9874210357666016,10.606758117675781,0.8609911203384399,0.0,0.0,0.011628780514001846,0.9883712530136108,10.120824813842773,0.8675273060798645,0.0,0.0
28.0,3.0,0.012640183791518211,0.9873583912849426,10.599584579467773,0.8615754842758179,0.0,0.0,0.011379506438970566,0.9886206984519958,10.149574279785156,0.8651888370513916,0.0,0.0
28.0,4.0,0.013311748392879963,0.9866881966590881,10.436442375183105,0.863353431224823,0.0,0.0,0.008689846843481064,0.9913101196289062,10.80296802520752,0.8580657243728638,0.0,0.0
29.0,0.0,0.012003036215901375,0.987995445728302,10.449254989624023,0.862907350063324,0.0,0.0,0.013926508836448193,0.9860735535621643,10.750916481018066,0.8598594665527344,0.0,0.0
29.0,1.0,0.011407781392335892,0.9885910749435425,10.456256866455078,0.8626593947410583,0.0,0.0,0.01630287431180477,0.9836971759796143,10.722918510437012,0.860854983329773,0.0,0.0
29.0,2.0,0.012577948160469532,0.987419843673706,10.606757164001465,0.8609920144081116,0.0,0.0,0.011628789827227592,0.9883713126182556,10.120824813842773,0.867527186870575,0.0,0.0
29.0,3.0,0.012640188448131084,0.9873583912849426,10.599580764770508,0.8615750074386597,0.0,0.0,0.011379504576325417,0.9886205792427063,10.149578094482422,0.8651891350746155,0.0,0.0
29.0,4.0,0.013311744667589664,0.9866876006126404,10.436443328857422,0.8633534908294678,0.0,0.0,0.008689843118190765,0.9913101196289062,10.802964210510254,0.8580656051635742,0.0,0.0
30.0,0.0,0.012003021314740181,0.9879952073097229,10.449251174926758,0.8629078269004822,0.0,0.0,0.013926508836448193,0.9860738515853882,10.750913619995117,0.8598592877388,0.0,0.0
30.0,1.0,0.011407781392335892,0.9885904788970947,10.45626449584961,0.8626590371131897,0.0,0.0,0.016302870586514473,0.9836969971656799,10.72291088104248,0.8608542680740356,0.0,0.0
30.0,2.0,0.012577959336340427,0.9874206185340881,10.606758117675781,0.8609910011291504,0.0,0.0,0.011628786101937294,0.9883712530136108,10.120826721191406,0.8675275444984436,0.0,0.0
30.0,3.0,0.01264018751680851,0.9873585104942322,10.599581718444824,0.8615742921829224,0.0,0.0,0.011379506438970566,0.9886199831962585,10.149578094482422,0.8651888370513916,0.0,0.0
30.0,4.0,0.013311749324202538,0.9866876006126404,10.436439514160156,0.8633545637130737,0.0,0.0,0.00868984591215849,0.991310179233551,10.802966117858887,0.8580659627914429,0.0,0.0
31.0,0.0,0.012003022246062756,0.9879956245422363,10.449251174926758,0.8629078269004822,0.0,0.0,0.013926506042480469,0.9860735535621643,10.750913619995117,0.8598593473434448,0.0,0.0
31.0,1.0,0.011407778598368168,0.9885909557342529,10.45626449584961,0.862657904624939,0.0,0.0,0.016302868723869324,0.9836971759796143,10.72291374206543,0.8608542680740356,0.0,0.0
31.0,2.0,0.012577943503856659,0.9874200820922852,10.60676097869873,0.8609915971755981,0.0,0.0,0.011628793552517891,0.9883713126182556,10.120830535888672,0.8675273060798645,0.0,0.0
31.0,3.0,0.012640195898711681,0.9873592257499695,10.599580764770508,0.8615753054618835,0.0,0.0,0.011379504576325417,0.9886206984519958,10.149576187133789,0.8651890158653259,0.0,0.0
31.0,4.0,0.01331174187362194,0.9866876602172852,10.436447143554688,0.8633536100387573,0.0,0.0,0.00868984404951334,0.9913102984428406,10.802967071533203,0.8580657243728638,0.0,0.0
32.0,0.0,0.012003010138869286,0.9879961609840393,10.449241638183594,0.8629078269004822,0.0,0.0,0.013926509767770767,0.9860732555389404,10.75091552734375,0.8598595261573792,0.0,0.0
32.0,1.0,0.01140778698027134,0.9885910749435425,10.456259727478027,0.8626583218574524,0.0,0.0,0.01630287431180477,0.9836975932121277,10.722921371459961,0.8608542680740356,0.0,0.0
32.0,2.0,0.012577945366501808,0.9874212741851807,10.606759071350098,0.8609917759895325,0.0,0.0,0.011628787964582443,0.9883713126182556,10.120829582214355,0.8675270676612854,0.0,0.0
32.0,3.0,0.012640181928873062,0.987358808517456,10.599584579467773,0.8615749478340149,0.0,0.0,0.01137950737029314,0.9886206388473511,10.149576187133789,0.8651888966560364,0.0,0.0
32.0,4.0,0.013311749324202538,0.9866868853569031,10.436446189880371,0.8633536696434021,0.0,0.0,0.008689846843481064,0.9913099408149719,10.802966117858887,0.8580659031867981,0.0,0.0
33.0,0.0,0.012003003619611263,0.987995445728302,10.44924545288086,0.8629077076911926,0.0,0.0,0.013926505111157894,0.9860741496086121,10.7509183883667,0.8598592877388,0.0,0.0
33.0,1.0,0.011407790705561638,0.9885910153388977,10.456266403198242,0.8626590967178345,0.0,0.0,0.016302870586514473,0.9836971163749695,10.722908973693848,0.8608545064926147,0.0,0.0
33.0,2.0,0.012577945366501808,0.9874204993247986,10.606762886047363,0.8609920740127563,0.0,0.0,0.011628789827227592,0.9883713126182556,10.120827674865723,0.8675270676612854,0.0,0.0
33.0,3.0,0.01264019776135683,0.9873597025871277,10.59958553314209,0.8615760207176208,0.0,0.0,0.01137950737029314,0.9886204600334167,10.149576187133789,0.8651885986328125,0.0,0.0
33.0,4.0,0.013311748392879963,0.9866886138916016,10.436433792114258,0.8633527159690857,0.0,0.0,0.008689847774803638,0.9913102984428406,10.80296802520752,0.8580659627914429,0.0,0.0
34.0,0.0,0.012003028765320778,0.9879961013793945,10.449243545532227,0.8629088997840881,0.0,0.0,0.01392650231719017,0.9860734939575195,10.750916481018066,0.8598586320877075,0.0,0.0
34.0,1.0,0.011407786048948765,0.9885913133621216,10.456268310546875,0.862659215927124,0.0,0.0,0.016302870586514473,0.983696699142456,10.72291088104248,0.8608542680740356,0.0,0.0
34.0,2.0,0.012577943503856659,0.987420380115509,10.60676097869873,0.8609914779663086,0.0,0.0,0.011628791689872742,0.9883706569671631,10.120828628540039,0.8675276637077332,0.0,0.0
34.0,3.0,0.012640204280614853,0.9873586297035217,10.59958267211914,0.8615756630897522,0.0,0.0,0.011379503645002842,0.9886206388473511,10.149572372436523,0.8651890754699707,0.0,0.0
34.0,4.0,0.013311750255525112,0.9866867065429688,10.436446189880371,0.8633541464805603,0.0,0.0,0.008689846843481064,0.9913102984428406,10.802966117858887,0.8580660223960876,0.0,0.0
35.0,0.0,0.012003028765320778,0.9879961013793945,10.449251174926758,0.8629081845283508,0.0,0.0,0.013926498591899872,0.9860732555389404,10.750916481018066,0.8598593473434448,0.0,0.0
35.0,1.0,0.011407784186303616,0.9885904788970947,10.456252098083496,0.8626583218574524,0.0,0.0,0.016302872449159622,0.983697235584259,10.72291374206543,0.8608545064926147,0.0,0.0
35.0,2.0,0.012577945366501808,0.9874222278594971,10.606758117675781,0.8609923124313354,0.0,0.0,0.011628781445324421,0.9883716106414795,10.120828628540039,0.867527186870575,0.0,0.0
35.0,3.0,0.012640191242098808,0.9873589873313904,10.599586486816406,0.8615760207176208,0.0,0.0,0.011379511095583439,0.9886204600334167,10.149574279785156,0.865189254283905,0.0,0.0
35.0,4.0,0.013311753049492836,0.9866869449615479,10.436447143554688,0.8633545637130737,0.0,0.0,0.008689846843481064,0.991310179233551,10.802964210510254,0.8580659627914429,0.0,0.0
36.0,0.0,0.012003019452095032,0.987995445728302,10.449251174926758,0.8629080653190613,0.0,0.0,0.013926501385867596,0.98607337474823,10.75091552734375,0.8598594665527344,0.0,0.0
36.0,1.0,0.011407784186303616,0.9885904788970947,10.456254959106445,0.8626582622528076,0.0,0.0,0.01630287431180477,0.9836971163749695,10.72291088104248,0.8608545064926147,0.0,0.0
36.0,2.0,0.012577943503856659,0.9874217510223389,10.606752395629883,0.8609918355941772,0.0,0.0,0.011628786101937294,0.9883712530136108,10.120826721191406,0.8675267100334167,0.0,0.0
36.0,3.0,0.012640193104743958,0.9873597025871277,10.599578857421875,0.8615752458572388,0.0,0.0,0.011379499919712543,0.9886206388473511,10.149574279785156,0.8651894927024841,0.0,0.0
36.0,4.0,0.013311740942299366,0.9866873621940613,10.436441421508789,0.863353967666626,0.0,0.0,0.008689844980835915,0.9913099408149719,10.802962303161621,0.8580656051635742,0.0,0.0
37.0,0.0,0.01200301293283701,0.9879962205886841,10.44925308227539,0.8629086017608643,0.0,0.0,0.013926505111157894,0.98607337474823,10.750917434692383,0.8598595857620239,0.0,0.0
37.0,1.0,0.01140778698027134,0.9885910749435425,10.456259727478027,0.8626582622528076,0.0,0.0,0.016302870586514473,0.983697235584259,10.722915649414062,0.86085444688797,0.0,0.0
37.0,2.0,0.012577952817082405,0.9874205589294434,10.606761932373047,0.8609922528266907,0.0,0.0,0.011628793552517891,0.9883714914321899,10.120824813842773,0.8675276041030884,0.0,0.0
37.0,3.0,0.01264019962400198,0.9873583912849426,10.599580764770508,0.8615748286247253,0.0,0.0,0.011379508301615715,0.988620400428772,10.149578094482422,0.8651890158653259,0.0,0.0
37.0,4.0,0.013311759568750858,0.9866871237754822,10.436446189880371,0.8633533716201782,0.0,0.0,0.008689846843481064,0.9913098216056824,10.802961349487305,0.8580659627914429,0.0,0.0
38.0,0.0,0.012003021314740181,0.9879957437515259,10.449254035949707,0.8629076480865479,0.0,0.0,0.013926499523222446,0.9860736131668091,10.75091552734375,0.8598592281341553,0.0,0.0
38.0,1.0,0.011407786048948765,0.9885908961296082,10.456254005432129,0.8626583814620972,0.0,0.0,0.016302870586514473,0.9836969971656799,10.722918510437012,0.8608542084693909,0.0,0.0
38.0,2.0,0.01257795188575983,0.9874210357666016,10.606759071350098,0.8609910011291504,0.0,0.0,0.011628780514001846,0.9883715510368347,10.120830535888672,0.8675275444984436,0.0,0.0
38.0,3.0,0.012640184722840786,0.987357497215271,10.599584579467773,0.8615744113922119,0.0,0.0,0.011379515752196312,0.9886206984519958,10.149576187133789,0.865189254283905,0.0,0.0
38.0,4.0,0.01331174187362194,0.9866876602172852,10.436440467834473,0.8633538484573364,0.0,0.0,0.008689841255545616,0.9913098812103271,10.802967071533203,0.8580660223960876,0.0,0.0
39.0,0.0,0.012003015726804733,0.9879963994026184,10.449249267578125,0.862907350063324,0.0,0.0,0.013926501385867596,0.9860733151435852,10.750920295715332,0.8598595261573792,0.0,0.0
39.0,1.0,0.011407777667045593,0.9885909557342529,10.456254959106445,0.8626589775085449,0.0,0.0,0.01630287431180477,0.9836969375610352,10.722917556762695,0.8608540296554565,0.0,0.0
39.0,2.0,0.012577950023114681,0.9874215126037598,10.606754302978516,0.860991358757019,0.0,0.0,0.011628788895905018,0.9883713722229004,10.120831489562988,0.8675271272659302,0.0,0.0
39.0,3.0,0.012640194967389107,0.9873582720756531,10.599576950073242,0.8615744709968567,0.0,0.0,0.011379506438970566,0.9886202216148376,10.149571418762207,0.8651893138885498,0.0,0.0
39.0,4.0,0.013311737217009068,0.9866876602172852,10.436448097229004,0.8633536100387573,0.0,0.0,0.008689844980835915,0.991310179233551,10.802963256835938,0.8580660223960876,0.0,0.0
40.0,0.0,0.012003032490611076,0.9879962205886841,10.44925308227539,0.8629075884819031,0.0,0.0,0.013926506042480469,0.9860736131668091,10.75091552734375,0.8598593473434448,0.0,0.0
40.0,1.0,0.011407777667045593,0.9885913133621216,10.456252098083496,0.8626585006713867,0.0,0.0,0.016302868723869324,0.9836968779563904,10.72291374206543,0.8608542680740356,0.0,0.0
40.0,2.0,0.012577956542372704,0.9874210357666016,10.6067533493042,0.8609911203384399,0.0,0.0,0.011628787964582443,0.9883711338043213,10.12082576751709,0.8675270676612854,0.0,0.0
40.0,3.0,0.012640189379453659,0.9873592257499695,10.59958267211914,0.8615750074386597,0.0,0.0,0.01137950737029314,0.9886208176612854,10.149578094482422,0.8651894927024841,0.0,0.0
40.0,4.0,0.013311749324202538,0.9866869449615479,10.436439514160156,0.8633540868759155,0.0,0.0,0.008689847774803638,0.9913102984428406,10.802966117858887,0.8580657839775085,0.0,0.0
41.0,0.0,0.01200301293283701,0.9879948496818542,10.449244499206543,0.8629072308540344,0.0,0.0,0.013926506042480469,0.9860732555389404,10.750916481018066,0.8598593473434448,0.0,0.0
41.0,1.0,0.01140778698027134,0.9885915517807007,10.456263542175293,0.8626587986946106,0.0,0.0,0.016302868723869324,0.9836974740028381,10.722915649414062,0.8608545660972595,0.0,0.0
41.0,2.0,0.012577956542372704,0.9874216318130493,10.606761932373047,0.8609918355941772,0.0,0.0,0.011628787964582443,0.9883710145950317,10.120826721191406,0.8675268292427063,0.0,0.0
41.0,3.0,0.012640183791518211,0.9873583316802979,10.59958553314209,0.8615756630897522,0.0,0.0,0.011379510164260864,0.988620400428772,10.149572372436523,0.8651893734931946,0.0,0.0
41.0,4.0,0.013311763294041157,0.986687958240509,10.436443328857422,0.8633536100387573,0.0,0.0,0.008689843118190765,0.9913105964660645,10.802964210510254,0.8580659627914429,0.0,0.0
42.0,0.0,0.012003034353256226,0.9879965782165527,10.449251174926758,0.8629084229469299,0.0,0.0,0.013926503248512745,0.9860736131668091,10.750913619995117,0.8598595261573792,0.0,0.0
42.0,1.0,0.011407775804400444,0.9885913133621216,10.456270217895508,0.862659215927124,0.0,0.0,0.01630287617444992,0.9836968779563904,10.722914695739746,0.8608546853065491,0.0,0.0
42.0,2.0,0.012577952817082405,0.9874207973480225,10.606759071350098,0.8609911203384399,0.0,0.0,0.011628794483840466,0.9883714914321899,10.120828628540039,0.8675275444984436,0.0,0.0
42.0,3.0,0.012640192173421383,0.9873578548431396,10.599584579467773,0.8615752458572388,0.0,0.0,0.011379506438970566,0.9886203408241272,10.149578094482422,0.8651891350746155,0.0,0.0
42.0,4.0,0.013311740010976791,0.9866878986358643,10.436450958251953,0.863353967666626,0.0,0.0,0.008689848706126213,0.991310179233551,10.802966117858887,0.8580656051635742,0.0,0.0
43.0,0.0,0.012003010138869286,0.9879951477050781,10.449251174926758,0.8629075884819031,0.0,0.0,0.013926508836448193,0.9860736131668091,10.75091552734375,0.859859049320221,0.0,0.0
43.0,1.0,0.01140777487307787,0.9885917901992798,10.456266403198242,0.8626588582992554,0.0,0.0,0.01630288176238537,0.9836969971656799,10.722914695739746,0.860853910446167,0.0,0.0
43.0,2.0,0.012577949091792107,0.9874215722084045,10.606759071350098,0.8609906435012817,0.0,0.0,0.011628781445324421,0.9883714914321899,10.120826721191406,0.8675277829170227,0.0,0.0
43.0,3.0,0.012640191242098808,0.9873597025871277,10.599584579467773,0.8615747094154358,0.0,0.0,0.011379510164260864,0.9886202216148376,10.149577140808105,0.8651888966560364,0.0,0.0
43.0,4.0,0.013311726972460747,0.9866876602172852,10.436445236206055,0.8633542060852051,0.0,0.0,0.008689847774803638,0.9913105964660645,10.802961349487305,0.8580653667449951,0.0,0.0
44.0,0.0,0.01200302317738533,0.9879952669143677,10.449246406555176,0.8629079461097717,0.0,0.0,0.013926506042480469,0.9860734939575195,10.75091552734375,0.8598595857620239,0.0,0.0
44.0,1.0,0.011407784186303616,0.9885916709899902,10.456256866455078,0.8626588582992554,0.0,0.0,0.01630287989974022,0.983696699142456,10.722918510437012,0.86085444688797,0.0,0.0
44.0,2.0,0.012577930465340614,0.9874211549758911,10.606756210327148,0.8609905242919922,0.0,0.0,0.011628780514001846,0.9883717894554138,10.120829582214355,0.8675273656845093,0.0,0.0
44.0,3.0,0.012640195898711681,0.9873587489128113,10.59958553314209,0.8615756630897522,0.0,0.0,0.011379506438970566,0.9886199831962585,10.149576187133789,0.8651893734931946,0.0,0.0
44.0,4.0,0.013311763294041157,0.9866883754730225,10.43644905090332,0.8633543252944946,0.0,0.0,0.008689846843481064,0.9913103580474854,10.802963256835938,0.8580657243728638,0.0,0.0
45.0,0.0,0.01200302504003048,0.987995982170105,10.449243545532227,0.8629076480865479,0.0,0.0,0.013926506973803043,0.9860735535621643,10.7509126663208,0.8598601222038269,0.0,0.0
45.0,1.0,0.011407775804400444,0.9885902404785156,10.456268310546875,0.8626585006713867,0.0,0.0,0.016302872449159622,0.9836974143981934,10.72291374206543,0.8608547449111938,0.0,0.0
45.0,2.0,0.01257795374840498,0.987420916557312,10.606756210327148,0.8609920144081116,0.0,0.0,0.011628788895905018,0.9883711338043213,10.120828628540039,0.8675271272659302,0.0,0.0
45.0,3.0,0.012640189379453659,0.9873592257499695,10.599580764770508,0.8615753054618835,0.0,0.0,0.011379503645002842,0.9886201620101929,10.149576187133789,0.8651888370513916,0.0,0.0
45.0,4.0,0.013311737217009068,0.9866886734962463,10.436445236206055,0.8633529543876648,0.0,0.0,0.008689843118190765,0.991310179233551,10.802966117858887,0.8580659627914429,0.0,0.0
46.0,0.0,0.012003026902675629,0.9879951477050781,10.44924259185791,0.8629077076911926,0.0,0.0,0.013926513493061066,0.9860737323760986,10.750913619995117,0.8598595857620239,0.0,0.0
46.0,1.0,0.011407786048948765,0.98859041929245,10.456262588500977,0.8626586198806763,0.0,0.0,0.016302870586514473,0.9836971163749695,10.722912788391113,0.8608543276786804,0.0,0.0
46.0,2.0,0.01257795188575983,0.9874218106269836,10.606764793395996,0.8609914779663086,0.0,0.0,0.011628782376646996,0.9883715510368347,10.120827674865723,0.8675273060798645,0.0,0.0
46.0,3.0,0.012640195898711681,0.9873598217964172,10.599588394165039,0.8615752458572388,0.0,0.0,0.01137950737029314,0.9886199235916138,10.149577140808105,0.8651888370513916,0.0,0.0
46.0,4.0,0.013311753049492836,0.9866881966590881,10.436446189880371,0.8633534908294678,0.0,0.0,0.008689847774803638,0.9913102984428406,10.802964210510254,0.8580659627914429,0.0,0.0
47.0,0.0,0.012003019452095032,0.9879959225654602,10.449243545532227,0.8629080653190613,0.0,0.0,0.013926505111157894,0.9860738515853882,10.7509126663208,0.8598596453666687,0.0,0.0
47.0,1.0,0.011407783254981041,0.9885908961296082,10.456258773803711,0.8626585602760315,0.0,0.0,0.01630287431180477,0.983696699142456,10.72291088104248,0.8608543276786804,0.0,0.0
47.0,2.0,0.012577950023114681,0.9874200820922852,10.606752395629883,0.8609916567802429,0.0,0.0,0.011628788895905018,0.9883713126182556,10.120826721191406,0.8675276041030884,0.0,0.0
47.0,3.0,0.01264018565416336,0.9873588681221008,10.599577903747559,0.8615745306015015,0.0,0.0,0.011379506438970566,0.9886208772659302,10.149576187133789,0.8651891350746155,0.0,0.0
47.0,4.0,0.013311746530234814,0.9866876006126404,10.436447143554688,0.8633537292480469,0.0,0.0,0.008689846843481064,0.991310179233551,10.802963256835938,0.8580659627914429,0.0,0.0
48.0,0.0,0.012003014795482159,0.9879961013793945,10.44924259185791,0.8629072308540344,0.0,0.0,0.013926506973803043,0.9860731363296509,10.75091552734375,0.8598592281341553,0.0,0.0
48.0,1.0,0.011407775804400444,0.9885914325714111,10.456269264221191,0.8626586198806763,0.0,0.0,0.01630287431180477,0.983696699142456,10.72291088104248,0.8608546853065491,0.0,0.0
48.0,2.0,0.012577946297824383,0.9874210953712463,10.606752395629883,0.8609912395477295,0.0,0.0,0.011628788895905018,0.9883712530136108,10.120827674865723,0.8675273060798645,0.0,0.0
48.0,3.0,0.012640194967389107,0.9873583912849426,10.599580764770508,0.8615747690200806,0.0,0.0,0.01137950737029314,0.9886199831962585,10.149580001831055,0.8651894927024841,0.0,0.0
48.0,4.0,0.013311749324202538,0.9866870045661926,10.43643856048584,0.8633543252944946,0.0,0.0,0.008689843118190765,0.9913102984428406,10.802969932556152,0.8580653667449951,0.0,0.0
49.0,0.0,0.012003025971353054,0.987994909286499,10.44924545288086,0.8629081845283508,0.0,0.0,0.013926512561738491,0.9860732555389404,10.750917434692383,0.8598593473434448,0.0,0.0
49.0,1.0,0.011407783254981041,0.9885910153388977,10.456258773803711,0.8626586198806763,0.0,0.0,0.016302870586514473,0.9836971163749695,10.722912788391113,0.8608542680740356,0.0,0.0
49.0,2.0,0.012577955611050129,0.9874200820922852,10.606757164001465,0.8609915971755981,0.0,0.0,0.011628792621195316,0.9883716106414795,10.120829582214355,0.867527425289154,0.0,0.0
49.0,3.0,0.01264018751680851,0.9873592853546143,10.599588394165039,0.8615750670433044,0.0,0.0,0.01137950737029314,0.9886201024055481,10.149578094482422,0.8651890754699707,0.0,0.0
49.0,4.0,0.013311733491718769,0.9866870045661926,10.436433792114258,0.8633536100387573,0.0,0.0,0.00868984404951334,0.9913102984428406,10.802966117858887,0.8580659031867981,0.0,0.0
50.0,0.0,0.012003015726804733,0.9879948496818542,10.449249267578125,0.8629083037376404,0.0,0.0,0.013926510699093342,0.98607337474823,10.75091552734375,0.8598595857620239,0.0,0.0
50.0,1.0,0.011407784186303616,0.9885922074317932,10.456260681152344,0.8626580238342285,0.0,0.0,0.01630287617444992,0.983697235584259,10.72291088104248,0.8608545064926147,0.0,0.0
50.0,2.0,0.012577952817082405,0.9874210357666016,10.606754302978516,0.8609907627105713,0.0,0.0,0.011628788895905018,0.9883713126182556,10.120829582214355,0.8675270676612854,0.0,0.0
50.0,3.0,0.012640180997550488,0.9873589873313904,10.59958553314209,0.8615750670433044,0.0,0.0,0.011379511095583439,0.9886203408241272,10.149575233459473,0.8651888966560364,0.0,0.0
50.0,4.0,0.013311738148331642,0.986687958240509,10.436441421508789,0.8633537292480469,0.0,0.0,0.008689846843481064,0.9913098216056824,10.802962303161621,0.8580660223960876,0.0,0.0
51.0,0.0,0.012003025971353054,0.9879958629608154,10.449248313903809,0.8629079461097717,0.0,0.0,0.013926508836448193,0.98607337474823,10.750916481018066,0.8598592281341553,0.0,0.0
51.0,1.0,0.011407783254981041,0.9885901808738708,10.456258773803711,0.862659215927124,0.0,0.0,0.016302870586514473,0.983697235584259,10.722914695739746,0.8608547449111938,0.0,0.0
51.0,2.0,0.012577955611050129,0.9874210357666016,10.606758117675781,0.8609903454780579,0.0,0.0,0.011628791689872742,0.9883714914321899,10.120828628540039,0.8675270676612854,0.0,0.0
51.0,3.0,0.012640181928873062,0.987358808517456,10.599584579467773,0.8615761399269104,0.0,0.0,0.011379510164260864,0.9886201620101929,10.149576187133789,0.8651893138885498,0.0,0.0
51.0,4.0,0.013311749324202538,0.9866870045661926,10.436439514160156,0.8633549809455872,0.0,0.0,0.008689844980835915,0.9913100600242615,10.802964210510254,0.8580657839775085,0.0,0.0
52.0,0.0,0.012003025971353054,0.987995445728302,10.44924545288086,0.8629075884819031,0.0,0.0,0.013926501385867596,0.9860735535621643,10.75091552734375,0.8598596453666687,0.0,0.0
52.0,1.0,0.011407778598368168,0.9885901808738708,10.456260681152344,0.8626596331596375,0.0,0.0,0.016302870586514473,0.9836969971656799,10.722914695739746,0.8608545064926147,0.0,0.0
52.0,2.0,0.012577946297824383,0.9874205589294434,10.606757164001465,0.8609912395477295,0.0,0.0,0.011628792621195316,0.9883708953857422,10.120829582214355,0.8675276041030884,0.0,0.0
52.0,3.0,0.012640193104743958,0.9873586297035217,10.59958267211914,0.8615747690200806,0.0,0.0,0.011379504576325417,0.9886202216148376,10.149577140808105,0.865189254283905,0.0,0.0
52.0,4.0,0.013311748392879963,0.9866878390312195,10.436445236206055,0.8633531928062439,0.0,0.0,0.008689843118190765,0.9913101196289062,10.802966117858887,0.8580657243728638,0.0,0.0
53.0,0.0,0.012003029696643353,0.9879961609840393,10.449249267578125,0.862909197807312,0.0,0.0,0.013926506973803043,0.9860731363296509,10.75091552734375,0.8598595857620239,0.0,0.0
53.0,1.0,0.011407778598368168,0.9885908961296082,10.45625114440918,0.8626588582992554,0.0,0.0,0.01630287431180477,0.9836976528167725,10.722909927368164,0.8608543276786804,0.0,0.0
53.0,2.0,0.012577950023114681,0.9874207973480225,10.60676097869873,0.8609923124313354,0.0,0.0,0.01162878517061472,0.9883711338043213,10.120828628540039,0.867527186870575,0.0,0.0
53.0,3.0,0.012640184722840786,0.9873575568199158,10.59958267211914,0.861575722694397,0.0,0.0,0.011379512026906013,0.9886202216148376,10.149569511413574,0.8651888966560364,0.0,0.0
53.0,4.0,0.013311737217009068,0.986687421798706,10.436441421508789,0.8633531928062439,0.0,0.0,0.008689847774803638,0.9913098812103271,10.802962303161621,0.8580654263496399,0.0,0.0
54.0,0.0,0.012003017589449883,0.9879964590072632,10.449243545532227,0.8629080653190613,0.0,0.0,0.013926513493061066,0.9860735535621643,10.750913619995117,0.8598596453666687,0.0,0.0
54.0,1.0,0.011407778598368168,0.9885907173156738,10.456258773803711,0.8626589775085449,0.0,0.0,0.01630287431180477,0.9836968779563904,10.72291374206543,0.8608541488647461,0.0,0.0
54.0,2.0,0.012577950023114681,0.9874215722084045,10.60676097869873,0.8609914779663086,0.0,0.0,0.011628789827227592,0.9883710741996765,10.120828628540039,0.8675271272659302,0.0,0.0
54.0,3.0,0.01264018565416336,0.987358808517456,10.599588394165039,0.8615750670433044,0.0,0.0,0.011379504576325417,0.9886201024055481,10.149575233459473,0.8651891350746155,0.0,0.0
54.0,4.0,0.013311746530234814,0.9866876006126404,10.43643569946289,0.8633537292480469,0.0,0.0,0.008689843118190765,0.9913099408149719,10.802967071533203,0.858065664768219,0.0,0.0
55.0,0.0,0.012003033421933651,0.9879966378211975,10.449251174926758,0.8629075884819031,0.0,0.0,0.01392650231719017,0.9860736131668091,10.750916481018066,0.8598592877388,0.0,0.0
55.0,1.0,0.011407783254981041,0.9885905385017395,10.45626449584961,0.8626582622528076,0.0,0.0,0.01630287431180477,0.9836971759796143,10.722914695739746,0.8608547449111938,0.0,0.0
55.0,2.0,0.012577949091792107,0.9874211549758911,10.606758117675781,0.8609910011291504,0.0,0.0,0.011628781445324421,0.9883713722229004,10.120824813842773,0.8675273656845093,0.0,0.0
55.0,3.0,0.01264018565416336,0.9873588681221008,10.599586486816406,0.861575186252594,0.0,0.0,0.011379514820873737,0.9886208176612854,10.149577140808105,0.8651893138885498,0.0,0.0
55.0,4.0,0.013311748392879963,0.9866870045661926,10.436445236206055,0.8633533120155334,0.0,0.0,0.008689844980835915,0.9913102984428406,10.80296802520752,0.8580657839775085,0.0,0.0
56.0,0.0,0.01200302504003048,0.987994909286499,10.449252128601074,0.8629075884819031,0.0,0.0,0.013926506973803043,0.98607337474823,10.750917434692383,0.8598592281341553,0.0,0.0
56.0,1.0,0.011407783254981041,0.9885913133621216,10.456265449523926,0.8626585006713867,0.0,0.0,0.016302872449159622,0.9836969971656799,10.72291374206543,0.8608545064926147,0.0,0.0
56.0,2.0,0.012577970512211323,0.9874206185340881,10.606757164001465,0.8609912991523743,0.0,0.0,0.011628786101937294,0.9883712530136108,10.120823860168457,0.8675273656845093,0.0,0.0
56.0,3.0,0.012640194967389107,0.9873582720756531,10.599584579467773,0.8615752458572388,0.0,0.0,0.011379508301615715,0.9886202216148376,10.149575233459473,0.865189254283905,0.0,0.0
56.0,4.0,0.013311726972460747,0.9866870045661926,10.436450958251953,0.8633541464805603,0.0,0.0,0.008689843118190765,0.9913103580474854,10.802967071533203,0.8580659627914429,0.0,0.0
57.0,0.0,0.012003021314740181,0.9879971146583557,10.449247360229492,0.8629085421562195,0.0,0.0,0.013926506042480469,0.98607337474823,10.75091552734375,0.8598596453666687,0.0,0.0
57.0,1.0,0.011407781392335892,0.988590657711029,10.456267356872559,0.8626587390899658,0.0,0.0,0.01630287803709507,0.9836974740028381,10.72291374206543,0.8608542680740356,0.0,0.0
57.0,2.0,0.01257795374840498,0.9874207377433777,10.60676097869873,0.8609916567802429,0.0,0.0,0.011628787964582443,0.9883713126182556,10.120826721191406,0.8675273060798645,0.0,0.0
57.0,3.0,0.012640191242098808,0.9873589873313904,10.599576950073242,0.8615756630897522,0.0,0.0,0.011379508301615715,0.9886203408241272,10.149579048156738,0.865189254283905,0.0,0.0
57.0,4.0,0.013311740942299366,0.9866872429847717,10.436441421508789,0.8633530735969543,0.0,0.0,0.00868984591215849,0.9913106560707092,10.802962303161621,0.8580659627914429,0.0,0.0
58.0,0.0,0.012003030627965927,0.9879959225654602,10.449244499206543,0.8629080653190613,0.0,0.0,0.013926510699093342,0.9860733151435852,10.750916481018066,0.8598594665527344,0.0,0.0
58.0,1.0,0.01140778698027134,0.9885905385017395,10.456257820129395,0.8626582622528076,0.0,0.0,0.01630287431180477,0.983697235584259,10.722915649414062,0.8608542084693909,0.0,0.0
58.0,2.0,0.012577945366501808,0.9874202609062195,10.606757164001465,0.8609920144081116,0.0,0.0,0.011628792621195316,0.988371729850769,10.120824813842773,0.8675273060798645,0.0,0.0
58.0,3.0,0.01264018751680851,0.9873581528663635,10.59958267211914,0.8615761399269104,0.0,0.0,0.011379504576325417,0.9886205792427063,10.149577140808105,0.8651891350746155,0.0,0.0
58.0,4.0,0.013311734423041344,0.9866865873336792,10.436441421508789,0.8633537292480469,0.0,0.0,0.00868984404951334,0.9913102984428406,10.802963256835938,0.8580659627914429,0.0,0.0
59.0,0.0,0.012003028765320778,0.9879955053329468,10.449244499206543,0.8629076480865479,0.0,0.0,0.013926512561738491,0.98607337474823,10.750913619995117,0.859859824180603,0.0,0.0
59.0,1.0,0.011407781392335892,0.9885910153388977,10.456254005432129,0.8626585602760315,0.0,0.0,0.016302870586514473,0.9836971163749695,10.722915649414062,0.8608545064926147,0.0,0.0
59.0,2.0,0.01257795374840498,0.9874210357666016,10.6067533493042,0.8609912991523743,0.0,0.0,0.011628789827227592,0.9883717894554138,10.12082576751709,0.867527186870575,0.0,0.0
59.0,3.0,0.012640191242098808,0.987358033657074,10.59958267211914,0.8615757822990417,0.0,0.0,0.01137950737029314,0.9886204600334167,10.149576187133789,0.8651885986328125,0.0,0.0
59.0,4.0,0.013311745598912239,0.9866883158683777,10.43643856048584,0.863353431224823,0.0,0.0,0.008689844980835915,0.9913098812103271,10.802966117858887,0.8580654263496399,0.0,0.0
60.0,0.0,0.012003014795482159,0.9879961609840393,10.449254035949707,0.8629076480865479,0.0,0.0,0.013926513493061066,0.9860735535621643,10.750917434692383,0.859859824180603,0.0,0.0
60.0,1.0,0.011407783254981041,0.988590657711029,10.456253051757812,0.8626590967178345,0.0,0.0,0.01630287617444992,0.9836969375610352,10.722914695739746,0.8608541488647461,0.0,0.0
60.0,2.0,0.012577945366501808,0.9874207973480225,10.6067533493042,0.8609920740127563,0.0,0.0,0.011628789827227592,0.9883710741996765,10.120824813842773,0.8675279021263123,0.0,0.0
60.0,3.0,0.012640180997550488,0.9873587489128113,10.599584579467773,0.8615753054618835,0.0,0.0,0.011379504576325417,0.9886205792427063,10.149571418762207,0.8651887774467468,0.0,0.0
60.0,4.0,0.013311749324202538,0.9866867661476135,10.436443328857422,0.8633543848991394,0.0,0.0,0.00868984404951334,0.9913097023963928,10.802966117858887,0.8580653667449951,0.0,0.0
61.0,0.0,0.012003019452095032,0.987995982170105,10.449243545532227,0.8629083633422852,0.0,0.0,0.013926503248512745,0.9860737323760986,10.750916481018066,0.8598595261573792,0.0,0.0
61.0,1.0,0.011407784186303616,0.988590657711029,10.456257820129395,0.8626580238342285,0.0,0.0,0.01630287989974022,0.9836971163749695,10.72291374206543,0.8608546853065491,0.0,0.0
61.0,2.0,0.012577959336340427,0.9874210357666016,10.606758117675781,0.8609917759895325,0.0,0.0,0.011628792621195316,0.9883710741996765,10.120828628540039,0.8675273060798645,0.0,0.0
61.0,3.0,0.012640184722840786,0.9873592257499695,10.59959888458252,0.8615750074386597,0.0,0.0,0.011379511095583439,0.9886208176612854,10.149572372436523,0.8651885986328125,0.0,0.0
61.0,4.0,0.013311756774783134,0.9866878986358643,10.436448097229004,0.8633538484573364,0.0,0.0,0.008689844980835915,0.991310179233551,10.802963256835938,0.8580657243728638,0.0,0.0
62.0,0.0,0.012003026902675629,0.9879952073097229,10.449250221252441,0.8629081845283508,0.0,0.0,0.013926510699093342,0.9860735535621643,10.750913619995117,0.8598596453666687,0.0,0.0
62.0,1.0,0.011407781392335892,0.9885897636413574,10.456254959106445,0.8626586198806763,0.0,0.0,0.01630287803709507,0.983697235584259,10.722914695739746,0.860854983329773,0.0,0.0
62.0,2.0,0.012577945366501808,0.9874200820922852,10.606758117675781,0.860990583896637,0.0,0.0,0.011628788895905018,0.9883712530136108,10.120824813842773,0.8675270676612854,0.0,0.0
62.0,3.0,0.012640189379453659,0.987358033657074,10.599578857421875,0.8615750670433044,0.0,0.0,0.011379508301615715,0.9886206984519958,10.149575233459473,0.8651893734931946,0.0,0.0
62.0,4.0,0.013311740942299366,0.9866877198219299,10.436445236206055,0.8633543848991394,0.0,0.0,0.008689846843481064,0.9913101196289062,10.802961349487305,0.858065664768219,0.0,0.0
63.0,0.0,0.012003022246062756,0.9879963397979736,10.449248313903809,0.8629084229469299,0.0,0.0,0.013926506973803043,0.98607337474823,10.750913619995117,0.8598595261573792,0.0,0.0
63.0,1.0,0.011407787911593914,0.9885914325714111,10.456256866455078,0.8626590371131897,0.0,0.0,0.01630287617444992,0.983697235584259,10.722908973693848,0.8608542680740356,0.0,0.0
63.0,2.0,0.012577950023114681,0.9874205589294434,10.60676097869873,0.8609908223152161,0.0,0.0,0.011628787964582443,0.9883715510368347,10.120820999145508,0.8675277829170227,0.0,0.0
63.0,3.0,0.012640167959034443,0.987358808517456,10.599580764770508,0.8615752458572388,0.0,0.0,0.011379508301615715,0.9886201024055481,10.149578094482422,0.8651890754699707,0.0,0.0
63.0,4.0,0.013311744667589664,0.986688494682312,10.436443328857422,0.8633536696434021,0.0,0.0,0.008689844980835915,0.9913101196289062,10.80296802520752,0.8580662608146667,0.0,0.0
64.0,0.0,0.012003019452095032,0.9879952073097229,10.449251174926758,0.862908661365509,0.0,0.0,0.013926508836448193,0.9860737323760986,10.750916481018066,0.8598596453666687,0.0,0.0
64.0,1.0,0.011407791636884212,0.9885914921760559,10.456265449523926,0.8626583814620972,0.0,0.0,0.016302870586514473,0.9836969375610352,10.72291374206543,0.8608545064926147,0.0,0.0
64.0,2.0,0.012577955611050129,0.9874215126037598,10.606761932373047,0.8609917759895325,0.0,0.0,0.011628787964582443,0.9883710741996765,10.120826721191406,0.867527186870575,0.0,0.0
64.0,3.0,0.012640204280614853,0.9873585104942322,10.599578857421875,0.8615754842758179,0.0,0.0,0.011379511095583439,0.9886204600334167,10.149577140808105,0.8651891350746155,0.0,0.0
64.0,4.0,0.013311757706105709,0.986687958240509,10.436442375183105,0.8633534908294678,0.0,0.0,0.00868984591215849,0.9913105964660645,10.802966117858887,0.8580662608146667,0.0,0.0
65.0,0.0,0.012003021314740181,0.9879957437515259,10.449256896972656,0.8629069328308105,0.0,0.0,0.013926505111157894,0.9860738515853882,10.750916481018066,0.8598593473434448,0.0,0.0
65.0,1.0,0.011407777667045593,0.9885902404785156,10.456260681152344,0.8626586198806763,0.0,0.0,0.016302872449159622,0.9836977124214172,10.722915649414062,0.8608542680740356,0.0,0.0
65.0,2.0,0.012577946297824383,0.9874210953712463,10.606756210327148,0.8609923720359802,0.0,0.0,0.011628794483840466,0.9883708357810974,10.120826721191406,0.8675268292427063,0.0,0.0
65.0,3.0,0.012640194967389107,0.9873588681221008,10.599589347839355,0.8615757822990417,0.0,0.0,0.011379504576325417,0.9886201620101929,10.149580001831055,0.8651890754699707,0.0,0.0
65.0,4.0,0.013311737217009068,0.9866867661476135,10.436444282531738,0.8633538484573364,0.0,0.0,0.008689844980835915,0.9913103580474854,10.802966117858887,0.8580659031867981,0.0,0.0
66.0,0.0,0.012003036215901375,0.9879956245422363,10.449247360229492,0.8629085421562195,0.0,0.0,0.013926503248512745,0.9860738515853882,10.750917434692383,0.8598593473434448,0.0,0.0
66.0,1.0,0.011407786048948765,0.9885915517807007,10.456258773803711,0.8626580238342285,0.0,0.0,0.01630288176238537,0.9836969375610352,10.722915649414062,0.8608545660972595,0.0,0.0
66.0,2.0,0.012577948160469532,0.9874203205108643,10.606757164001465,0.8609912991523743,0.0,0.0,0.011628788895905018,0.9883710741996765,10.120831489562988,0.867527425289154,0.0,0.0
66.0,3.0,0.01264018565416336,0.987358570098877,10.599578857421875,0.8615745306015015,0.0,0.0,0.01137950737029314,0.9886206388473511,10.149578094482422,0.865189254283905,0.0,0.0
66.0,4.0,0.013311734423041344,0.9866864681243896,10.436447143554688,0.8633533716201782,0.0,0.0,0.00868984591215849,0.9913098812103271,10.802964210510254,0.8580657839775085,0.0,0.0
67.0,0.0,0.01200302504003048,0.9879961609840393,10.44924545288086,0.8629076480865479,0.0,0.0,0.013926513493061066,0.9860736131668091,10.750913619995117,0.8598596453666687,0.0,0.0
67.0,1.0,0.011407772079110146,0.9885905385017395,10.456271171569824,0.8626590371131897,0.0,0.0,0.016302868723869324,0.9836971163749695,10.722918510437012,0.8608543276786804,0.0,0.0
67.0,2.0,0.012577930465340614,0.9874210357666016,10.60676097869873,0.8609915971755981,0.0,0.0,0.011628796346485615,0.9883708953857422,10.120824813842773,0.8675276041030884,0.0,0.0
67.0,3.0,0.012640195898711681,0.9873591065406799,10.599586486816406,0.8615754246711731,0.0,0.0,0.011379513889551163,0.9886201024055481,10.149575233459473,0.8651890754699707,0.0,0.0
67.0,4.0,0.013311750255525112,0.9866872429847717,10.436444282531738,0.8633539080619812,0.0,0.0,0.008689844980835915,0.9913103580474854,10.802967071533203,0.858066201210022,0.0,0.0
68.0,0.0,0.01200301107019186,0.9879952073097229,10.449256896972656,0.8629078269004822,0.0,0.0,0.013926505111157894,0.9860734939575195,10.750913619995117,0.8598592877388,0.0,0.0
68.0,1.0,0.011407772079110146,0.9885910749435425,10.456268310546875,0.8626586198806763,0.0,0.0,0.01630287617444992,0.9836969375610352,10.722912788391113,0.8608548045158386,0.0,0.0
68.0,2.0,0.012577952817082405,0.987420380115509,10.606761932373047,0.8609912991523743,0.0,0.0,0.011628789827227592,0.9883713722229004,10.120828628540039,0.8675273656845093,0.0,0.0
68.0,3.0,0.01264019962400198,0.987358570098877,10.59958267211914,0.8615748286247253,0.0,0.0,0.011379503645002842,0.9886201024055481,10.149578094482422,0.8651890158653259,0.0,0.0
68.0,4.0,0.013311740942299366,0.9866880774497986,10.436441421508789,0.8633543252944946,0.0,0.0,0.008689841255545616,0.9913103580474854,10.802963256835938,0.858065664768219,0.0,0.0
69.0,0.0,0.01200302317738533,0.9879959225654602,10.449250221252441,0.8629076480865479,0.0,0.0,0.013926506973803043,0.9860733151435852,10.750913619995117,0.8598595261573792,0.0,0.0
69.0,1.0,0.011407794430851936,0.9885914921760559,10.456267356872559,0.8626581430435181,0.0,0.0,0.01630287431180477,0.9836971759796143,10.72291088104248,0.8608546853065491,0.0,0.0
69.0,2.0,0.012577937915921211,0.9874205589294434,10.60676097869873,0.8609924912452698,0.0,0.0,0.011628788895905018,0.9883712530136108,10.120827674865723,0.867527186870575,0.0,0.0
69.0,3.0,0.012640194967389107,0.9873583912849426,10.59958553314209,0.8615759015083313,0.0,0.0,0.011379510164260864,0.9886199831962585,10.149576187133789,0.8651886582374573,0.0,0.0
69.0,4.0,0.013311745598912239,0.9866872429847717,10.436443328857422,0.8633536696434021,0.0,0.0,0.008689846843481064,0.9913098216056824,10.802963256835938,0.8580657839775085,0.0,0.0
70.0,0.0,0.01200302317738533,0.987995982170105,10.449256896972656,0.8629080653190613,0.0,0.0,0.013926506042480469,0.9860731363296509,10.750913619995117,0.8598592877388,0.0,0.0
70.0,1.0,0.011407764628529549,0.9885910153388977,10.456254959106445,0.8626586198806763,0.0,0.0,0.016302872449159622,0.9836973547935486,10.72291374206543,0.8608545064926147,0.0,0.0
70.0,2.0,0.01257793977856636,0.987420916557312,10.606756210327148,0.8609914779663086,0.0,0.0,0.011628781445324421,0.9883711338043213,10.120823860168457,0.8675273060798645,0.0,0.0
70.0,3.0,0.012640191242098808,0.9873577356338501,10.599581718444824,0.8615742325782776,0.0,0.0,0.011379510164260864,0.9886201620101929,10.149576187133789,0.8651896119117737,0.0,0.0
70.0,4.0,0.013311752118170261,0.9866868853569031,10.436447143554688,0.8633538484573364,0.0,0.0,0.008689844980835915,0.9913098216056824,10.802966117858887,0.8580660223960876,0.0,0.0
71.0,0.0,0.01200301293283701,0.9879955053329468,10.44924545288086,0.8629075884819031,0.0,0.0,0.013926508836448193,0.9860736131668091,10.750917434692383,0.8598596453666687,0.0,0.0
71.0,1.0,0.01140777487307787,0.9885909557342529,10.45626163482666,0.8626582622528076,0.0,0.0,0.01630287617444992,0.9836974143981934,10.72291374206543,0.8608543276786804,0.0,0.0
71.0,2.0,0.01257795188575983,0.9874201416969299,10.606764793395996,0.8609915375709534,0.0,0.0,0.011628782376646996,0.9883711338043213,10.12082576751709,0.8675273656845093,0.0,0.0
71.0,3.0,0.012640188448131084,0.9873576164245605,10.59958267211914,0.8615749478340149,0.0,0.0,0.011379503645002842,0.9886208176612854,10.149578094482422,0.8651890754699707,0.0,0.0
71.0,4.0,0.01331174187362194,0.9866876602172852,10.436446189880371,0.8633542060852051,0.0,0.0,0.008689848706126213,0.9913102984428406,10.802967071533203,0.8580659031867981,0.0,0.0
72.0,0.0,0.012003021314740181,0.9879956245422363,10.449244499206543,0.8629080653190613,0.0,0.0,0.013926508836448193,0.98607337474823,10.750916481018066,0.8598592281341553,0.0,0.0
72.0,1.0,0.011407784186303616,0.9885905385017395,10.456258773803711,0.8626589775085449,0.0,0.0,0.01630287617444992,0.9836969971656799,10.722914695739746,0.8608542680740356,0.0,0.0
72.0,2.0,0.012577949091792107,0.9874205589294434,10.606748580932617,0.8609924912452698,0.0,0.0,0.011628787964582443,0.9883710741996765,10.120827674865723,0.8675275444984436,0.0,0.0
72.0,3.0,0.012640184722840786,0.9873595237731934,10.599590301513672,0.8615745306015015,0.0,0.0,0.011379502713680267,0.9886202216148376,10.149578094482422,0.8651888370513916,0.0,0.0
72.0,4.0,0.013311738148331642,0.9866881370544434,10.436439514160156,0.863353967666626,0.0,0.0,0.008689846843481064,0.991310179233551,10.802964210510254,0.858066201210022,0.0,0.0
73.0,0.0,0.01200302504003048,0.9879962205886841,10.449246406555176,0.8629076480865479,0.0,0.0,0.013926506973803043,0.98607337474823,10.750916481018066,0.8598591089248657,0.0,0.0
73.0,1.0,0.011407775804400444,0.9885917901992798,10.456262588500977,0.8626585602760315,0.0,0.0,0.016302870586514473,0.9836969971656799,10.722909927368164,0.8608545064926147,0.0,0.0
73.0,2.0,0.01257795188575983,0.9874208569526672,10.606757164001465,0.8609915375709534,0.0,0.0,0.011628782376646996,0.9883713722229004,10.120826721191406,0.8675270676612854,0.0,0.0
73.0,3.0,0.012640201486647129,0.9873582720756531,10.59958267211914,0.8615749478340149,0.0,0.0,0.011379502713680267,0.988620400428772,10.149574279785156,0.8651888966560364,0.0,0.0
73.0,4.0,0.013311745598912239,0.9866872429847717,10.436437606811523,0.8633540868759155,0.0,0.0,0.00868984591215849,0.991310179233551,10.802966117858887,0.8580659627914429,0.0,0.0
74.0,0.0,0.012003021314740181,0.9879958629608154,10.449251174926758,0.8629079461097717,0.0,0.0,0.013926506042480469,0.9860735535621643,10.750917434692383,0.8598589897155762,0.0,0.0
74.0,1.0,0.01140777487307787,0.9885910749435425,10.456260681152344,0.8626583814620972,0.0,0.0,0.01630287431180477,0.9836969971656799,10.722912788391113,0.8608540296554565,0.0,0.0
74.0,2.0,0.012577946297824383,0.9874197840690613,10.606752395629883,0.8609915971755981,0.0,0.0,0.011628787964582443,0.9883715510368347,10.12082576751709,0.8675270676612854,0.0,0.0
74.0,3.0,0.012640191242098808,0.987358033657074,10.599580764770508,0.8615747094154358,0.0,0.0,0.011379508301615715,0.9886204600334167,10.149574279785156,0.8651888370513916,0.0,0.0
74.0,4.0,0.013311740010976791,0.9866869449615479,10.436441421508789,0.8633537292480469,0.0,0.0,0.008689844980835915,0.9913094639778137,10.802963256835938,0.8580657839775085,0.0,0.0
75.0,0.0,0.012003019452095032,0.9879953861236572,10.449249267578125,0.8629074096679688,0.0,0.0,0.013926509767770767,0.98607337474823,10.750917434692383,0.859859824180603,0.0,0.0
75.0,1.0,0.011407781392335892,0.988591194152832,10.456256866455078,0.8626593351364136,0.0,0.0,0.016302866861224174,0.983696699142456,10.722919464111328,0.8608542084693909,0.0,0.0
75.0,2.0,0.012577944435179234,0.9874212741851807,10.606754302978516,0.8609920144081116,0.0,0.0,0.011628784239292145,0.9883717894554138,10.120824813842773,0.8675276637077332,0.0,0.0
75.0,3.0,0.01264018565416336,0.987358570098877,10.599590301513672,0.8615750670433044,0.0,0.0,0.011379513889551163,0.9886201024055481,10.149575233459473,0.8651893138885498,0.0,0.0
75.0,4.0,0.013311738148331642,0.9866872429847717,10.436433792114258,0.8633541464805603,0.0,0.0,0.00868984404951334,0.9913095831871033,10.802963256835938,0.8580660223960876,0.0,0.0
76.0,0.0,0.012003017589449883,0.9879964590072632,10.449249267578125,0.8629085421562195,0.0,0.0,0.013926509767770767,0.9860734939575195,10.750916481018066,0.859859824180603,0.0,0.0
76.0,1.0,0.011407794430851936,0.9885913133621216,10.456262588500977,0.862659215927124,0.0,0.0,0.016302866861224174,0.983697235584259,10.722909927368164,0.8608548045158386,0.0,0.0
76.0,2.0,0.012577943503856659,0.987420380115509,10.606756210327148,0.8609915375709534,0.0,0.0,0.011628787964582443,0.9883708953857422,10.12082290649414,0.8675276041030884,0.0,0.0
76.0,3.0,0.012640192173421383,0.9873594641685486,10.599586486816406,0.8615753054618835,0.0,0.0,0.01137950737029314,0.988619863986969,10.149572372436523,0.8651896715164185,0.0,0.0
76.0,4.0,0.013311736285686493,0.9866872429847717,10.43644905090332,0.863353431224823,0.0,0.0,0.008689844980835915,0.9913105368614197,10.802967071533203,0.8580653667449951,0.0,0.0
77.0,0.0,0.012003021314740181,0.9879966378211975,10.44924545288086,0.8629080653190613,0.0,0.0,0.013926503248512745,0.9860735535621643,10.750917434692383,0.8598598837852478,0.0,0.0
77.0,1.0,0.011407786048948765,0.9885901808738708,10.456262588500977,0.8626583218574524,0.0,0.0,0.01630287431180477,0.9836971163749695,10.722915649414062,0.8608548045158386,0.0,0.0
77.0,2.0,0.012577937915921211,0.9874207377433777,10.606756210327148,0.8609917759895325,0.0,0.0,0.011628788895905018,0.9883714914321899,10.120826721191406,0.8675276041030884,0.0,0.0
77.0,3.0,0.012640183791518211,0.9873587489128113,10.599592208862305,0.8615747094154358,0.0,0.0,0.011379499919712543,0.9886203408241272,10.14957332611084,0.8651888966560364,0.0,0.0
77.0,4.0,0.013311734423041344,0.9866869449615479,10.436445236206055,0.8633541464805603,0.0,0.0,0.008689844980835915,0.9913097023963928,10.802966117858887,0.8580659627914429,0.0,0.0
78.0,0.0,0.012003029696643353,0.9879965782165527,10.449237823486328,0.862907350063324,0.0,0.0,0.013926508836448193,0.9860733151435852,10.750917434692383,0.8598594665527344,0.0,0.0
78.0,1.0,0.011407787911593914,0.9885915517807007,10.456256866455078,0.8626595139503479,0.0,0.0,0.01630287617444992,0.983697235584259,10.722912788391113,0.8608547449111938,0.0,0.0
78.0,2.0,0.01257795374840498,0.9874208569526672,10.6067533493042,0.8609912991523743,0.0,0.0,0.011628787964582443,0.988371729850769,10.120824813842773,0.8675276041030884,0.0,0.0
78.0,3.0,0.012640201486647129,0.9873582720756531,10.599581718444824,0.8615744113922119,0.0,0.0,0.01137950737029314,0.9886202216148376,10.149572372436523,0.8651891350746155,0.0,0.0
78.0,4.0,0.013311745598912239,0.9866868853569031,10.436441421508789,0.8633541464805603,0.0,0.0,0.00868984404951334,0.9913103580474854,10.802969932556152,0.8580657243728638,0.0,0.0
79.0,0.0,0.012003025971353054,0.987995982170105,10.44924545288086,0.8629084229469299,0.0,0.0,0.013926505111157894,0.9860737323760986,10.750916481018066,0.8598595857620239,0.0,0.0
79.0,1.0,0.011407778598368168,0.988590657711029,10.45626163482666,0.8626588582992554,0.0,0.0,0.01630287803709507,0.9836965799331665,10.722915649414062,0.8608542680740356,0.0,0.0
79.0,2.0,0.012577946297824383,0.9874211549758911,10.606762886047363,0.8609917759895325,0.0,0.0,0.011628782376646996,0.9883710145950317,10.120823860168457,0.8675273060798645,0.0,0.0
79.0,3.0,0.012640174478292465,0.9873588681221008,10.599581718444824,0.8615748286247253,0.0,0.0,0.011379511095583439,0.9886205792427063,10.149576187133789,0.8651896119117737,0.0,0.0
79.0,4.0,0.01331174373626709,0.9866870045661926,10.436441421508789,0.8633546829223633,0.0,0.0,0.008689848706126213,0.9913105368614197,10.802970886230469,0.8580659031867981,0.0,0.0
80.0,0.0,0.012003015726804733,0.9879958629608154,10.44925308227539,0.8629077076911926,0.0,0.0,0.01392650231719017,0.9860736131668091,10.75091552734375,0.8598600029945374,0.0,0.0
80.0,1.0,0.011407782323658466,0.9885905385017395,10.456260681152344,0.862657904624939,0.0,0.0,0.01630287989974022,0.9836969971656799,10.722915649414062,0.860853910446167,0.0,0.0
80.0,2.0,0.01257795188575983,0.9874210357666016,10.606759071350098,0.8609918355941772,0.0,0.0,0.011628787964582443,0.9883714914321899,10.120830535888672,0.8675273060798645,0.0,0.0
80.0,3.0,0.012640192173421383,0.9873595833778381,10.599573135375977,0.8615742325782776,0.0,0.0,0.011379502713680267,0.988620400428772,10.149574279785156,0.8651890754699707,0.0,0.0
80.0,4.0,0.013311748392879963,0.986687958240509,10.43644905090332,0.8633540868759155,0.0,0.0,0.00868984591215849,0.9913102984428406,10.802966117858887,0.8580660223960876,0.0,0.0
81.0,0.0,0.012003021314740181,0.9879946708679199,10.449251174926758,0.8629078269004822,0.0,0.0,0.013926506042480469,0.9860737919807434,10.750916481018066,0.8598592877388,0.0,0.0
81.0,1.0,0.011407779529690742,0.9885910153388977,10.456269264221191,0.8626585602760315,0.0,0.0,0.01630287803709507,0.9836971759796143,10.72291088104248,0.8608549237251282,0.0,0.0
81.0,2.0,0.012577960267663002,0.9874206185340881,10.606759071350098,0.8609918355941772,0.0,0.0,0.011628786101937294,0.9883713722229004,10.120827674865723,0.8675273060798645,0.0,0.0
81.0,3.0,0.012640184722840786,0.9873587489128113,10.59958553314209,0.8615756630897522,0.0,0.0,0.011379504576325417,0.9886205792427063,10.149574279785156,0.8651893734931946,0.0,0.0
81.0,4.0,0.01331174187362194,0.9866870045661926,10.436452865600586,0.863353967666626,0.0,0.0,0.008689849637448788,0.9913102984428406,10.80296802520752,0.8580659031867981,0.0,0.0
82.0,0.0,0.012003019452095032,0.9879958629608154,10.44925308227539,0.862907350063324,0.0,0.0,0.013926508836448193,0.9860738515853882,10.750917434692383,0.8598594665527344,0.0,0.0
82.0,1.0,0.011407781392335892,0.9885907769203186,10.456259727478027,0.8626583814620972,0.0,0.0,0.01630287803709507,0.9836973547935486,10.72291374206543,0.8608543276786804,0.0,0.0
82.0,2.0,0.012577949091792107,0.9874205589294434,10.606757164001465,0.860991358757019,0.0,0.0,0.011628788895905018,0.9883714914321899,10.120823860168457,0.8675275444984436,0.0,0.0
82.0,3.0,0.012640201486647129,0.9873580932617188,10.599578857421875,0.8615756630897522,0.0,0.0,0.011379506438970566,0.9886201620101929,10.149576187133789,0.8651888966560364,0.0,0.0
82.0,4.0,0.013311740942299366,0.9866869449615479,10.436439514160156,0.8633531332015991,0.0,0.0,0.008689846843481064,0.9913100600242615,10.802966117858887,0.8580654859542847,0.0,0.0
83.0,0.0,0.012003029696643353,0.9879964590072632,10.449248313903809,0.8629078269004822,0.0,0.0,0.01392650231719017,0.9860738515853882,10.7509126663208,0.8598600029945374,0.0,0.0
83.0,1.0,0.011407787911593914,0.9885904788970947,10.456256866455078,0.8626587986946106,0.0,0.0,0.016302872449159622,0.9836968779563904,10.722912788391113,0.8608542680740356,0.0,0.0
83.0,2.0,0.01257795374840498,0.9874208569526672,10.606764793395996,0.8609914779663086,0.0,0.0,0.011628789827227592,0.9883708357810974,10.12082576751709,0.8675270676612854,0.0,0.0
83.0,3.0,0.012640191242098808,0.9873589873313904,10.59958553314209,0.8615750074386597,0.0,0.0,0.01137950737029314,0.9886201620101929,10.149575233459473,0.8651891350746155,0.0,0.0
83.0,4.0,0.01331174187362194,0.986687421798706,10.436439514160156,0.8633540868759155,0.0,0.0,0.008689844980835915,0.9913100600242615,10.802964210510254,0.8580657243728638,0.0,0.0
84.0,0.0,0.012003022246062756,0.9879948496818542,10.449248313903809,0.8629087805747986,0.0,0.0,0.013926506042480469,0.9860734939575195,10.750911712646484,0.8598593473434448,0.0,0.0
84.0,1.0,0.011407791636884212,0.988591194152832,10.456258773803711,0.8626592755317688,0.0,0.0,0.01630287431180477,0.9836971759796143,10.722912788391113,0.8608542680740356,0.0,0.0
84.0,2.0,0.012577945366501808,0.9874215722084045,10.606757164001465,0.8609908223152161,0.0,0.0,0.011628788895905018,0.9883708953857422,10.12082576751709,0.867527425289154,0.0,0.0
84.0,3.0,0.01264018751680851,0.9873581528663635,10.599569320678711,0.8615742325782776,0.0,0.0,0.01137950737029314,0.9886204600334167,10.149576187133789,0.8651895523071289,0.0,0.0
84.0,4.0,0.01331174187362194,0.9866868853569031,10.436440467834473,0.8633537292480469,0.0,0.0,0.008689848706126213,0.9913103580474854,10.802963256835938,0.8580656051635742,0.0,0.0
85.0,0.0,0.012003029696643353,0.9879955053329468,10.449252128601074,0.8629078269004822,0.0,0.0,0.013926509767770767,0.9860737323760986,10.750911712646484,0.8598593473434448,0.0,0.0
85.0,1.0,0.01140778698027134,0.9885908961296082,10.456253051757812,0.8626581430435181,0.0,0.0,0.016302868723869324,0.9836966395378113,10.72291374206543,0.8608542680740356,0.0,0.0
85.0,2.0,0.012577950023114681,0.9874213337898254,10.60676097869873,0.8609908819198608,0.0,0.0,0.011628792621195316,0.9883713126182556,10.120830535888672,0.8675276041030884,0.0,0.0
85.0,3.0,0.012640171684324741,0.9873590469360352,10.599581718444824,0.8615754842758179,0.0,0.0,0.011379506438970566,0.9886205792427063,10.149576187133789,0.8651890158653259,0.0,0.0
85.0,4.0,0.013311744667589664,0.9866867661476135,10.436439514160156,0.8633533716201782,0.0,0.0,0.008689849637448788,0.9913093447685242,10.802966117858887,0.858065664768219,0.0,0.0
86.0,0.0,0.01200303714722395,0.9879953861236572,10.44924259185791,0.8629083633422852,0.0,0.0,0.013926508836448193,0.9860738515853882,10.75091552734375,0.8598593473434448,0.0,0.0
86.0,1.0,0.011407794430851936,0.9885905385017395,10.456258773803711,0.862659215927124,0.0,0.0,0.01630287617444992,0.9836969375610352,10.722915649414062,0.860853910446167,0.0,0.0
86.0,2.0,0.012577933259308338,0.9874201416969299,10.606762886047363,0.8609914779663086,0.0,0.0,0.011628788895905018,0.9883713722229004,10.120826721191406,0.8675273060798645,0.0,0.0
86.0,3.0,0.012640194967389107,0.9873581528663635,10.599581718444824,0.8615741729736328,0.0,0.0,0.011379503645002842,0.9886201620101929,10.149574279785156,0.8651887774467468,0.0,0.0
86.0,4.0,0.013311737217009068,0.9866871237754822,10.43643569946289,0.8633531928062439,0.0,0.0,0.00868984218686819,0.9913099408149719,10.802963256835938,0.8580657243728638,0.0,0.0
87.0,0.0,0.012003026902675629,0.9879953861236572,10.449251174926758,0.8629081845283508,0.0,0.0,0.013926506973803043,0.9860737919807434,10.7509126663208,0.8598597645759583,0.0,0.0
87.0,1.0,0.011407784186303616,0.988590657711029,10.456268310546875,0.8626585602760315,0.0,0.0,0.016302868723869324,0.9836969971656799,10.722914695739746,0.8608545064926147,0.0,0.0
87.0,2.0,0.012577949091792107,0.9874212741851807,10.606764793395996,0.8609916567802429,0.0,0.0,0.011628791689872742,0.9883707761764526,10.120826721191406,0.8675276041030884,0.0,0.0
87.0,3.0,0.012640180066227913,0.9873588681221008,10.599578857421875,0.8615755438804626,0.0,0.0,0.011379502713680267,0.9886203408241272,10.149576187133789,0.865189254283905,0.0,0.0
87.0,4.0,0.013311749324202538,0.986687958240509,10.436445236206055,0.8633539080619812,0.0,0.0,0.008689844980835915,0.9913100600242615,10.802964210510254,0.8580657243728638,0.0,0.0
88.0,0.0,0.01200302504003048,0.9879956245422363,10.449254989624023,0.8629083037376404,0.0,0.0,0.013926508836448193,0.9860735535621643,10.750916481018066,0.8598592877388,0.0,0.0
88.0,1.0,0.011407773941755295,0.9885909557342529,10.456258773803711,0.8626589775085449,0.0,0.0,0.016302870586514473,0.9836968779563904,10.72291374206543,0.8608548045158386,0.0,0.0
88.0,2.0,0.012577948160469532,0.9874217510223389,10.606762886047363,0.8609914779663086,0.0,0.0,0.011628787964582443,0.9883715510368347,10.120826721191406,0.8675269484519958,0.0,0.0
88.0,3.0,0.012640183791518211,0.987358570098877,10.599580764770508,0.861575722694397,0.0,0.0,0.011379502713680267,0.9886203408241272,10.149575233459473,0.8651890158653259,0.0,0.0
88.0,4.0,0.013311738148331642,0.9866878390312195,10.436443328857422,0.8633536696434021,0.0,0.0,0.008689843118190765,0.991310179233551,10.802967071533203,0.8580659031867981,0.0,0.0
89.0,0.0,0.012003018520772457,0.9879963397979736,10.449246406555176,0.862906813621521,0.0,0.0,0.013926497660577297,0.9860739707946777,10.7509183883667,0.8598594665527344,0.0,0.0
89.0,1.0,0.01140778698027134,0.9885910153388977,10.45626449584961,0.8626593947410583,0.0,0.0,0.016302872449159622,0.9836973547935486,10.72291088104248,0.8608545660972595,0.0,0.0
89.0,2.0,0.01257795374840498,0.9874200820922852,10.606758117675781,0.8609920144081116,0.0,0.0,0.011628784239292145,0.9883711338043213,10.120829582214355,0.8675271272659302,0.0,0.0
89.0,3.0,0.012640183791518211,0.9873585104942322,10.599581718444824,0.8615749478340149,0.0,0.0,0.011379508301615715,0.9886199235916138,10.149576187133789,0.8651893138885498,0.0,0.0
89.0,4.0,0.013311752118170261,0.986687421798706,10.436441421508789,0.8633536100387573,0.0,0.0,0.008689846843481064,0.9913104176521301,10.802966117858887,0.8580659031867981,0.0,0.0
90.0,0.0,0.01200301107019186,0.9879976511001587,10.449254035949707,0.8629083037376404,0.0,0.0,0.013926510699093342,0.9860737323760986,10.75091552734375,0.8598588705062866,0.0,0.0
90.0,1.0,0.011407790705561638,0.9885921478271484,10.456254959106445,0.8626586198806763,0.0,0.0,0.016302870586514473,0.9836971759796143,10.722914695739746,0.8608543276786804,0.0,0.0
90.0,2.0,0.012577946297824383,0.9874206185340881,10.60675048828125,0.8609917759895325,0.0,0.0,0.011628788895905018,0.9883712530136108,10.120828628540039,0.8675273656845093,0.0,0.0
90.0,3.0,0.012640196830034256,0.987358033657074,10.59958553314209,0.8615752458572388,0.0,0.0,0.011379511095583439,0.9886205792427063,10.149576187133789,0.8651893734931946,0.0,0.0
90.0,4.0,0.013311745598912239,0.9866867661476135,10.436447143554688,0.8633533120155334,0.0,0.0,0.00868984404951334,0.9913102984428406,10.802964210510254,0.8580659627914429,0.0,0.0
91.0,0.0,0.012003014795482159,0.987995982170105,10.44925308227539,0.8629080653190613,0.0,0.0,0.013926506973803043,0.9860732555389404,10.7509183883667,0.8598596453666687,0.0,0.0
91.0,1.0,0.011407775804400444,0.9885903000831604,10.456255912780762,0.8626587986946106,0.0,0.0,0.01630287617444992,0.9836971163749695,10.72291374206543,0.8608547449111938,0.0,0.0
91.0,2.0,0.012577955611050129,0.9874205589294434,10.606762886047363,0.8609912991523743,0.0,0.0,0.011628793552517891,0.9883713722229004,10.120826721191406,0.8675270676612854,0.0,0.0
91.0,3.0,0.01264018751680851,0.9873580932617188,10.599586486816406,0.8615753054618835,0.0,0.0,0.011379510164260864,0.988620400428772,10.149578094482422,0.8651890754699707,0.0,0.0
91.0,4.0,0.01331174373626709,0.9866869449615479,10.436442375183105,0.863353431224823,0.0,0.0,0.008689848706126213,0.991310179233551,10.802967071533203,0.858065664768219,0.0,0.0
92.0,0.0,0.012003029696643353,0.9879961609840393,10.449244499206543,0.8629079461097717,0.0,0.0,0.013926499523222446,0.9860734939575195,10.750913619995117,0.8598594665527344,0.0,0.0
92.0,1.0,0.01140777487307787,0.9885907769203186,10.456254959106445,0.8626590967178345,0.0,0.0,0.016302870586514473,0.9836975932121277,10.722912788391113,0.86085444688797,0.0,0.0
92.0,2.0,0.012577950023114681,0.9874207973480225,10.606759071350098,0.8609915375709534,0.0,0.0,0.011628791689872742,0.9883710741996765,10.120828628540039,0.867527186870575,0.0,0.0
92.0,3.0,0.012640177272260189,0.9873583316802979,10.599577903747559,0.8615747690200806,0.0,0.0,0.011379515752196312,0.988620400428772,10.149574279785156,0.8651888966560364,0.0,0.0
92.0,4.0,0.013311732560396194,0.9866867661476135,10.436445236206055,0.8633540868759155,0.0,0.0,0.008689847774803638,0.9913098812103271,10.802967071533203,0.8580654859542847,0.0,0.0
93.0,0.0,0.012003015726804733,0.9879956245422363,10.449254989624023,0.862908661365509,0.0,0.0,0.013926506973803043,0.9860736131668091,10.750916481018066,0.8598595261573792,0.0,0.0
93.0,1.0,0.011407789774239063,0.9885904788970947,10.456256866455078,0.8626587986946106,0.0,0.0,0.01630287431180477,0.9836971759796143,10.72291374206543,0.8608546853065491,0.0,0.0
93.0,2.0,0.012577960267663002,0.9874201416969299,10.60676097869873,0.8609903454780579,0.0,0.0,0.011628794483840466,0.9883716106414795,10.120826721191406,0.8675271272659302,0.0,0.0
93.0,3.0,0.01264018751680851,0.9873582720756531,10.599586486816406,0.8615754842758179,0.0,0.0,0.011379500851035118,0.9886204600334167,10.149572372436523,0.8651893138885498,0.0,0.0
93.0,4.0,0.013311728835105896,0.9866876602172852,10.436440467834473,0.8633536100387573,0.0,0.0,0.008689848706126213,0.9913102984428406,10.802959442138672,0.8580659627914429,0.0,0.0
94.0,0.0,0.012003025971353054,0.9879962205886841,10.449252128601074,0.8629086017608643,0.0,0.0,0.013926503248512745,0.9860737323760986,10.750916481018066,0.8598595261573792,0.0,0.0
94.0,1.0,0.011407783254981041,0.9885913133621216,10.456260681152344,0.8626592755317688,0.0,0.0,0.01630287431180477,0.9836975932121277,10.722918510437012,0.8608548045158386,0.0,0.0
94.0,2.0,0.012577944435179234,0.987419605255127,10.60676097869873,0.8609921336174011,0.0,0.0,0.01162878517061472,0.9883708357810974,10.120826721191406,0.8675276637077332,0.0,0.0
94.0,3.0,0.012640200555324554,0.9873582720756531,10.599576950073242,0.8615756630897522,0.0,0.0,0.011379513889551163,0.9886203408241272,10.14957332611084,0.8651890158653259,0.0,0.0
94.0,4.0,0.013311744667589664,0.9866871237754822,10.436439514160156,0.8633536100387573,0.0,0.0,0.00868984218686819,0.9913102984428406,10.802964210510254,0.8580661416053772,0.0,0.0
95.0,0.0,0.012003028765320778,0.9879966974258423,10.449251174926758,0.8629071116447449,0.0,0.0,0.013926505111157894,0.9860736131668091,10.75091552734375,0.8598595261573792,0.0,0.0
95.0,1.0,0.011407779529690742,0.9885904788970947,10.456262588500977,0.8626587986946106,0.0,0.0,0.016302870586514473,0.9836971163749695,10.722915649414062,0.86085444688797,0.0,0.0
95.0,2.0,0.012577963061630726,0.9874215722084045,10.606759071350098,0.860991358757019,0.0,0.0,0.011628781445324421,0.9883716106414795,10.120821952819824,0.8675273656845093,0.0,0.0
95.0,3.0,0.012640177272260189,0.9873595237731934,10.59958267211914,0.8615748286247253,0.0,0.0,0.011379508301615715,0.9886205792427063,10.149576187133789,0.8651891350746155,0.0,0.0
95.0,4.0,0.01331174373626709,0.986687421798706,10.436440467834473,0.863353967666626,0.0,0.0,0.00868984404951334,0.9913100600242615,10.802964210510254,0.858065664768219,0.0,0.0
96.0,0.0,0.01200302317738533,0.9879961013793945,10.449249267578125,0.8629069328308105,0.0,0.0,0.013926501385867596,0.98607337474823,10.750917434692383,0.8598588705062866,0.0,0.0
96.0,1.0,0.011407786048948765,0.9885908961296082,10.456259727478027,0.8626587390899658,0.0,0.0,0.016302868723869324,0.9836974740028381,10.722909927368164,0.8608543276786804,0.0,0.0
96.0,2.0,0.012577950023114681,0.9874210953712463,10.606754302978516,0.8609915375709534,0.0,0.0,0.011628777720034122,0.9883715510368347,10.120826721191406,0.8675273656845093,0.0,0.0
96.0,3.0,0.012640180066227913,0.9873583912849426,10.599578857421875,0.8615755438804626,0.0,0.0,0.011379514820873737,0.9886205792427063,10.14957332611084,0.8651891350746155,0.0,0.0
96.0,4.0,0.013311745598912239,0.9866873621940613,10.436441421508789,0.8633538484573364,0.0,0.0,0.008689848706126213,0.991310179233551,10.802967071533203,0.858065664768219,0.0,0.0
97.0,0.0,0.012003028765320778,0.987995445728302,10.449246406555176,0.8629076480865479,0.0,0.0,0.013926506042480469,0.9860737919807434,10.750916481018066,0.8598598837852478,0.0,0.0
97.0,1.0,0.011407772079110146,0.9885913133621216,10.456266403198242,0.8626588582992554,0.0,0.0,0.016302872449159622,0.9836974740028381,10.722915649414062,0.8608545660972595,0.0,0.0
97.0,2.0,0.01257794164121151,0.9874213337898254,10.606757164001465,0.8609914779663086,0.0,0.0,0.011628788895905018,0.988371729850769,10.120828628540039,0.8675273656845093,0.0,0.0
97.0,3.0,0.012640180066227913,0.9873590469360352,10.599586486816406,0.861575186252594,0.0,0.0,0.011379504576325417,0.9886202216148376,10.14957332611084,0.8651888966560364,0.0,0.0
97.0,4.0,0.013311740010976791,0.9866881370544434,10.436443328857422,0.8633536100387573,0.0,0.0,0.00868984591215849,0.9913100600242615,10.802962303161621,0.8580659627914429,0.0,0.0
98.0,0.0,0.01200301293283701,0.987995445728302,10.449250221252441,0.8629080653190613,0.0,0.0,0.013926508836448193,0.9860732555389404,10.750909805297852,0.8598598837852478,0.0,0.0
98.0,1.0,0.011407781392335892,0.988591194152832,10.456253051757812,0.862659215927124,0.0,0.0,0.01630287803709507,0.983696699142456,10.722912788391113,0.8608542680740356,0.0,0.0
98.0,2.0,0.012577949091792107,0.9874199032783508,10.606761932373047,0.8609912991523743,0.0,0.0,0.011628786101937294,0.9883715510368347,10.120823860168457,0.8675273060798645,0.0,0.0
98.0,3.0,0.012640188448131084,0.9873586297035217,10.599584579467773,0.8615747690200806,0.0,0.0,0.011379511095583439,0.9886201024055481,10.149574279785156,0.8651890754699707,0.0,0.0
98.0,4.0,0.013311763294041157,0.986688494682312,10.436441421508789,0.8633539080619812,0.0,0.0,0.008689850568771362,0.991310179233551,10.80296802520752,0.8580656051635742,0.0,0.0
99.0,0.0,0.012003030627965927,0.9879956841468811,10.449246406555176,0.8629083037376404,0.0,0.0,0.013926506042480469,0.9860737323760986,10.750917434692383,0.8598596453666687,0.0,0.0
99.0,1.0,0.011407770216464996,0.9885912537574768,10.456262588500977,0.8626585006713867,0.0,0.0,0.01630287989974022,0.9836974740028381,10.722915649414062,0.8608545064926147,0.0,0.0
99.0,2.0,0.01257794164121151,0.9874211549758911,10.606762886047363,0.8609911203384399,0.0,0.0,0.011628791689872742,0.9883712530136108,10.120824813842773,0.8675273060798645,0.0,0.0
99.0,3.0,0.01264018751680851,0.9873588681221008,10.59958553314209,0.861575722694397,0.0,0.0,0.011379506438970566,0.9886203408241272,10.149575233459473,0.865189254283905,0.0,0.0
99.0,4.0,0.013311757706105709,0.9866876006126404,10.436436653137207,0.8633540868759155,0.0,0.0,0.008689843118190765,0.991309404373169,10.802966117858887,0.858065664768219,0.0,0.0
100.0,0.0,0.012003022246062756,10.449250221252441,10.449250221252441,0.8629086017608643,0.0,0.0,0.013926503248512745,10.7509183883667,10.7509183883667,0.8598592281341553,0.0,0.0
100.0,1.0,0.011407773941755295,10.456260681152344,10.456260681152344,0.8626589775085449,0.0,0.0,0.01630287803709507,10.722909927368164,10.722909927368164,0.8608545064926147,0.0,0.0
100.0,2.0,0.012577945366501808,10.606758117675781,10.606758117675781,0.8609918355941772,0.0,0.0,0.011628781445324421,10.12082576751709,10.12082576751709,0.8675268888473511,0.0,0.0
100.0,3.0,0.012640195898711681,10.599589347839355,10.599589347839355,0.8615752458572388,0.0,0.0,0.011379511095583439,10.149575233459473,10.149575233459473,0.8651888370513916,0.0,0.0
100.0,4.0,0.01331175584346056,10.436447143554688,10.436447143554688,0.8633531928062439,0.0,0.0,0.008689847774803638,10.802964210510254,10.802964210510254,0.8580659627914429,0.0,0.0
101.0,0.0,0.012003025971353054,10.449254035949707,10.449254035949707,0.8629074096679688,0.0,0.0,0.013926506973803043,10.75091552734375,10.75091552734375,0.8598594665527344,0.0,0.0
101.0,1.0,0.011407779529690742,10.456258773803711,10.456258773803711,0.8626581430435181,0.0,0.0,0.01630287803709507,10.72291088104248,10.72291088104248,0.8608545660972595,0.0,0.0
101.0,2.0,0.012577957473695278,10.606759071350098,10.606759071350098,0.8609918355941772,0.0,0.0,0.011628788895905018,10.120827674865723,10.120827674865723,0.8675273060798645,0.0,0.0
101.0,3.0,0.01264018751680851,10.599578857421875,10.599578857421875,0.861575186252594,0.0,0.0,0.011379508301615715,10.149576187133789,10.149576187133789,0.8651893138885498,0.0,0.0
101.0,4.0,0.013311740942299366,10.436442375183105,10.436442375183105,0.8633539080619812,0.0,0.0,0.008689848706126213,10.802964210510254,10.802964210510254,0.8580654263496399,0.0,0.0
102.0,0.0,0.012003015726804733,10.449244499206543,10.449244499206543,0.8629080653190613,0.0,0.0,0.013926509767770767,10.75091552734375,10.75091552734375,0.8598595857620239,0.0,0.0
102.0,1.0,0.01140778698027134,10.456258773803711,10.456258773803711,0.8626583218574524,0.0,0.0,0.01630287431180477,10.72291374206543,10.72291374206543,0.8608541488647461,0.0,0.0
102.0,2.0,0.012577957473695278,10.606756210327148,10.606756210327148,0.8609915971755981,0.0,0.0,0.011628788895905018,10.12082576751709,10.12082576751709,0.8675278425216675,0.0,0.0
102.0,3.0,0.012640177272260189,10.599581718444824,10.599581718444824,0.8615750670433044,0.0,0.0,0.011379500851035118,10.149578094482422,10.149578094482422,0.8651893138885498,0.0,0.0
102.0,4.0,0.013311752118170261,10.436447143554688,10.436447143554688,0.863353967666626,0.0,0.0,0.008689846843481064,10.802966117858887,10.802966117858887,0.8580659627914429,0.0,0.0
103.0,0.0,0.012003026902675629,10.449251174926758,10.449251174926758,0.8629075884819031,0.0,0.0,0.013926506973803043,10.750916481018066,10.750916481018066,0.8598596453666687,0.0,0.0
103.0,1.0,0.011407781392335892,10.456256866455078,10.456256866455078,0.862659215927124,0.0,0.0,0.016302872449159622,10.722914695739746,10.722914695739746,0.8608542084693909,0.0,0.0
103.0,2.0,0.012577950023114681,10.606761932373047,10.606761932373047,0.8609910011291504,0.0,0.0,0.011628786101937294,10.120823860168457,10.120823860168457,0.8675269484519958,0.0,0.0
103.0,3.0,0.012640184722840786,10.599588394165039,10.599588394165039,0.8615756630897522,0.0,0.0,0.01137950737029314,10.149578094482422,10.149578094482422,0.8651893138885498,0.0,0.0
103.0,4.0,0.013311746530234814,10.436443328857422,10.436443328857422,0.863353431224823,0.0,0.0,0.00868984404951334,10.802962303161621,10.802962303161621,0.8580657243728638,0.0,0.0
104.0,0.0,0.01200302504003048,10.449259757995605,10.449259757995605,0.8629078269004822,0.0,0.0,0.013926510699093342,10.7509183883667,10.7509183883667,0.8598596453666687,0.0,0.0
104.0,1.0,0.011407783254981041,10.456258773803711,10.456258773803711,0.862659215927124,0.0,0.0,0.016302872449159622,10.722912788391113,10.722912788391113,0.8608549237251282,0.0,0.0
104.0,2.0,0.012577944435179234,10.606762886047363,10.606762886047363,0.8609905242919922,0.0,0.0,0.011628791689872742,10.120828628540039,10.120828628540039,0.867527186870575,0.0,0.0
104.0,3.0,0.012640188448131084,10.599581718444824,10.599581718444824,0.8615754842758179,0.0,0.0,0.011379504576325417,10.149574279785156,10.149574279785156,0.865189254283905,0.0,0.0
104.0,4.0,0.013311740010976791,10.43644905090332,10.43644905090332,0.8633536696434021,0.0,0.0,0.008689844980835915,10.802963256835938,10.802963256835938,0.8580659031867981,0.0,0.0
105.0,0.0,0.012003022246062756,10.449248313903809,10.449248313903809,0.8629080653190613,0.0,0.0,0.013926503248512745,10.75091552734375,10.75091552734375,0.8598592281341553,0.0,0.0
105.0,1.0,0.011407786048948765,10.456253051757812,10.456253051757812,0.8626580238342285,0.0,0.0,0.01630287431180477,10.722909927368164,10.722909927368164,0.8608545660972595,0.0,0.0
105.0,2.0,0.012577956542372704,10.606758117675781,10.606758117675781,0.8609918355941772,0.0,0.0,0.011628793552517891,10.120828628540039,10.120828628540039,0.8675273656845093,0.0,0.0
105.0,3.0,0.01264018751680851,10.599584579467773,10.599584579467773,0.861575722694397,0.0,0.0,0.011379508301615715,10.149574279785156,10.149574279785156,0.8651893138885498,0.0,0.0
105.0,4.0,0.013311753049492836,10.436447143554688,10.436447143554688,0.8633531332015991,0.0,0.0,0.008689847774803638,10.802967071533203,10.802967071533203,0.8580654859542847,0.0,0.0
106.0,0.0,0.012003022246062756,10.44925308227539,10.44925308227539,0.8629078269004822,0.0,0.0,0.013926510699093342,10.750913619995117,10.750913619995117,0.8598594665527344,0.0,0.0
106.0,1.0,0.011407802812755108,10.456256866455078,10.456256866455078,0.8626589775085449,0.0,0.0,0.01630287617444992,10.72291088104248,10.72291088104248,0.8608539700508118,0.0,0.0
106.0,2.0,0.01257795188575983,10.606758117675781,10.606758117675781,0.8609910607337952,0.0,0.0,0.011628786101937294,10.120831489562988,10.120831489562988,0.8675273656845093,0.0,0.0
106.0,3.0,0.012640191242098808,10.599589347839355,10.599589347839355,0.861575722694397,0.0,0.0,0.011379500851035118,10.149574279785156,10.149574279785156,0.8651890754699707,0.0,0.0
106.0,4.0,0.013311759568750858,10.43643569946289,10.43643569946289,0.8633543848991394,0.0,0.0,0.008689844980835915,10.802963256835938,10.802963256835938,0.858065664768219,0.0,0.0
107.0,0.0,0.012003022246062756,10.449247360229492,10.449247360229492,0.8629080653190613,0.0,0.0,0.013926508836448193,10.750916481018066,10.750916481018066,0.8598595261573792,0.0,0.0
107.0,1.0,0.01140778698027134,10.45626449584961,10.45626449584961,0.8626588582992554,0.0,0.0,0.016302870586514473,10.722917556762695,10.722917556762695,0.86085444688797,0.0,0.0
107.0,2.0,0.01257793977856636,10.606757164001465,10.606757164001465,0.860991895198822,0.0,0.0,0.011628791689872742,10.120831489562988,10.120831489562988,0.8675273060798645,0.0,0.0
107.0,3.0,0.01264018565416336,10.59958267211914,10.59958267211914,0.8615757822990417,0.0,0.0,0.011379510164260864,10.149575233459473,10.149575233459473,0.8651893138885498,0.0,0.0
107.0,4.0,0.013311738148331642,10.436452865600586,10.436452865600586,0.8633536696434021,0.0,0.0,0.008689844980835915,10.802964210510254,10.802964210510254,0.8580657243728638,0.0,0.0
108.0,0.0,0.012003022246062756,10.449249267578125,10.449249267578125,0.8629088401794434,0.0,0.0,0.013926508836448193,10.750916481018066,10.750916481018066,0.8598591089248657,0.0,0.0
108.0,1.0,0.011407782323658466,10.456252098083496,10.456252098083496,0.8626587390899658,0.0,0.0,0.01630287431180477,10.722917556762695,10.722917556762695,0.8608545064926147,0.0,0.0
108.0,2.0,0.012577936053276062,10.606757164001465,10.606757164001465,0.8609914779663086,0.0,0.0,0.011628782376646996,10.120829582214355,10.120829582214355,0.8675273656845093,0.0,0.0
108.0,3.0,0.012640174478292465,10.599586486816406,10.599586486816406,0.8615747094154358,0.0,0.0,0.011379511095583439,10.149574279785156,10.149574279785156,0.8651891350746155,0.0,0.0
108.0,4.0,0.013311740010976791,10.436447143554688,10.436447143554688,0.8633538484573364,0.0,0.0,0.008689844980835915,10.802966117858887,10.802966117858887,0.858066201210022,0.0,0.0
109.0,0.0,0.01200302317738533,10.449248313903809,10.449248313903809,0.8629072308540344,0.0,0.0,0.013926505111157894,10.750916481018066,10.750916481018066,0.8598595857620239,0.0,0.0
109.0,1.0,0.011407782323658466,10.456258773803711,10.456258773803711,0.8626600503921509,0.0,0.0,0.016302872449159622,10.722909927368164,10.722909927368164,0.8608545660972595,0.0,0.0
109.0,2.0,0.012577956542372704,10.606757164001465,10.606757164001465,0.8609915375709534,0.0,0.0,0.011628784239292145,10.120828628540039,10.120828628540039,0.8675267100334167,0.0,0.0
109.0,3.0,0.012640180997550488,10.599584579467773,10.599584579467773,0.8615752458572388,0.0,0.0,0.011379506438970566,10.149575233459473,10.149575233459473,0.8651893138885498,0.0,0.0
109.0,4.0,0.013311752118170261,10.436444282531738,10.436444282531738,0.8633534908294678,0.0,0.0,0.008689847774803638,10.802967071533203,10.802967071533203,0.8580656051635742,0.0,0.0
110.0,0.0,0.01200302317738533,10.449248313903809,10.449248313903809,0.8629083037376404,0.0,0.0,0.013926506042480469,10.750913619995117,10.750913619995117,0.859859824180603,0.0,0.0
110.0,1.0,0.011407779529690742,10.456259727478027,10.456259727478027,0.8626582622528076,0.0,0.0,0.01630287431180477,10.72291374206543,10.72291374206543,0.8608545064926147,0.0,0.0
110.0,2.0,0.012577949091792107,10.606757164001465,10.606757164001465,0.8609917759895325,0.0,0.0,0.011628789827227592,10.12082576751709,10.12082576751709,0.8675270676612854,0.0,0.0
110.0,3.0,0.012640193104743958,10.599576950073242,10.599576950073242,0.8615763783454895,0.0,0.0,0.011379504576325417,10.149580955505371,10.149580955505371,0.8651890754699707,0.0,0.0
110.0,4.0,0.013311746530234814,10.436436653137207,10.436436653137207,0.863353431224823,0.0,0.0,0.008689846843481064,10.802964210510254,10.802964210510254,0.858065664768219,0.0,0.0
111.0,0.0,0.012003022246062756,10.449247360229492,10.449247360229492,0.8629076480865479,0.0,0.0,0.013926503248512745,10.75091552734375,10.75091552734375,0.8598595261573792,0.0,0.0
111.0,1.0,0.01140777487307787,10.456263542175293,10.456263542175293,0.8626590371131897,0.0,0.0,0.016302866861224174,10.72291374206543,10.72291374206543,0.8608546853065491,0.0,0.0
111.0,2.0,0.012577943503856659,10.6067533493042,10.6067533493042,0.8609921336174011,0.0,0.0,0.011628792621195316,10.120827674865723,10.120827674865723,0.8675273060798645,0.0,0.0
111.0,3.0,0.012640196830034256,10.599581718444824,10.599581718444824,0.8615750074386597,0.0,0.0,0.011379512026906013,10.149575233459473,10.149575233459473,0.8651891350746155,0.0,0.0
111.0,4.0,0.013311726041138172,10.436433792114258,10.436433792114258,0.8633539080619812,0.0,0.0,0.008689847774803638,10.802964210510254,10.802964210510254,0.8580659031867981,0.0,0.0
112.0,0.0,0.012003019452095032,10.44924545288086,10.44924545288086,0.8629088401794434,0.0,0.0,0.013926501385867596,10.750913619995117,10.750913619995117,0.859859049320221,0.0,0.0
112.0,1.0,0.011407782323658466,10.456260681152344,10.456260681152344,0.8626586198806763,0.0,0.0,0.016302870586514473,10.722917556762695,10.722917556762695,0.8608545064926147,0.0,0.0
112.0,2.0,0.012577948160469532,10.606756210327148,10.606756210327148,0.8609917759895325,0.0,0.0,0.011628786101937294,10.120827674865723,10.120827674865723,0.8675273060798645,0.0,0.0
112.0,3.0,0.012640196830034256,10.59958267211914,10.59958267211914,0.8615750074386597,0.0,0.0,0.011379504576325417,10.149572372436523,10.149572372436523,0.8651890754699707,0.0,0.0
112.0,4.0,0.013311752118170261,10.436447143554688,10.436447143554688,0.8633533120155334,0.0,0.0,0.00868984404951334,10.802966117858887,10.802966117858887,0.8580657243728638,0.0,0.0
113.0,0.0,0.01200302317738533,10.44924545288086,10.44924545288086,0.8629080653190613,0.0,0.0,0.013926513493061066,10.750917434692383,10.750917434692383,0.8598592281341553,0.0,0.0
113.0,1.0,0.011407782323658466,10.456268310546875,10.456268310546875,0.8626589775085449,0.0,0.0,0.01630287803709507,10.722915649414062,10.722915649414062,0.8608541488647461,0.0,0.0
113.0,2.0,0.01257794164121151,10.606757164001465,10.606757164001465,0.8609916567802429,0.0,0.0,0.011628791689872742,10.120828628540039,10.120828628540039,0.867527425289154,0.0,0.0
113.0,3.0,0.012640192173421383,10.599592208862305,10.599592208862305,0.8615748286247253,0.0,0.0,0.011379503645002842,10.149576187133789,10.149576187133789,0.865189254283905,0.0,0.0
113.0,4.0,0.013311746530234814,10.43643856048584,10.43643856048584,0.8633544445037842,0.0,0.0,0.008689846843481064,10.802963256835938,10.802963256835938,0.8580651879310608,0.0,0.0
114.0,0.0,0.012003014795482159,10.449244499206543,10.449244499206543,0.8629081845283508,0.0,0.0,0.013926512561738491,10.75091552734375,10.75091552734375,0.859859824180603,0.0,0.0
114.0,1.0,0.011407790705561638,10.456271171569824,10.456271171569824,0.862657904624939,0.0,0.0,0.016302870586514473,10.72291374206543,10.72291374206543,0.8608545660972595,0.0,0.0
114.0,2.0,0.012577945366501808,10.60676097869873,10.60676097869873,0.860991358757019,0.0,0.0,0.011628786101937294,10.120827674865723,10.120827674865723,0.8675273060798645,0.0,0.0
114.0,3.0,0.01264018565416336,10.599586486816406,10.599586486816406,0.8615748286247253,0.0,0.0,0.011379498988389969,10.149574279785156,10.149574279785156,0.8651893138885498,0.0,0.0
114.0,4.0,0.013311757706105709,10.436443328857422,10.436443328857422,0.8633539080619812,0.0,0.0,0.00868984404951334,10.802963256835938,10.802963256835938,0.8580664992332458,0.0,0.0
115.0,0.0,0.012003014795482159,10.449252128601074,10.449252128601074,0.8629081845283508,0.0,0.0,0.013926508836448193,10.750913619995117,10.750913619995117,0.8598596453666687,0.0,0.0
115.0,1.0,0.011407778598368168,10.45626449584961,10.45626449584961,0.8626590371131897,0.0,0.0,0.016302872449159622,10.72291374206543,10.72291374206543,0.86085444688797,0.0,0.0
115.0,2.0,0.012577949091792107,10.606757164001465,10.606757164001465,0.860991358757019,0.0,0.0,0.011628780514001846,10.12082290649414,10.12082290649414,0.8675279021263123,0.0,0.0
115.0,3.0,0.012640189379453659,10.59958553314209,10.59958553314209,0.8615754842758179,0.0,0.0,0.011379504576325417,10.149577140808105,10.149577140808105,0.865189254283905,0.0,0.0
115.0,4.0,0.013311744667589664,10.436441421508789,10.436441421508789,0.863352358341217,0.0,0.0,0.008689844980835915,10.802964210510254,10.802964210510254,0.8580652475357056,0.0,0.0
116.0,0.0,0.012003026902675629,10.44924545288086,10.44924545288086,0.862907886505127,0.0,0.0,0.013926509767770767,10.7509126663208,10.7509126663208,0.8598593473434448,0.0,0.0
116.0,1.0,0.011407783254981041,10.456254959106445,10.456254959106445,0.8626587986946106,0.0,0.0,0.01630287803709507,10.722915649414062,10.722915649414062,0.8608547449111938,0.0,0.0
116.0,2.0,0.012577943503856659,10.606759071350098,10.606759071350098,0.8609907627105713,0.0,0.0,0.011628791689872742,10.120824813842773,10.120824813842773,0.8675273656845093,0.0,0.0
116.0,3.0,0.012640192173421383,10.599586486816406,10.599586486816406,0.861575722694397,0.0,0.0,0.01137950737029314,10.149578094482422,10.149578094482422,0.8651891350746155,0.0,0.0
116.0,4.0,0.01331174373626709,10.436445236206055,10.436445236206055,0.8633533716201782,0.0,0.0,0.008689848706126213,10.802963256835938,10.802963256835938,0.858066201210022,0.0,0.0
117.0,0.0,0.012003026902675629,10.449251174926758,10.449251174926758,0.8629076480865479,0.0,0.0,0.013926503248512745,10.75091552734375,10.75091552734375,0.859859824180603,0.0,0.0
117.0,1.0,0.011407773941755295,10.456258773803711,10.456258773803711,0.8626582622528076,0.0,0.0,0.01630287803709507,10.722914695739746,10.722914695739746,0.8608545064926147,0.0,0.0
117.0,2.0,0.012577961198985577,10.6067533493042,10.6067533493042,0.860991358757019,0.0,0.0,0.011628780514001846,10.120824813842773,10.120824813842773,0.8675273060798645,0.0,0.0
117.0,3.0,0.012640191242098808,10.599588394165039,10.599588394165039,0.8615750670433044,0.0,0.0,0.011379506438970566,10.149576187133789,10.149576187133789,0.8651886582374573,0.0,0.0
117.0,4.0,0.013311749324202538,10.436446189880371,10.436446189880371,0.8633540868759155,0.0,0.0,0.008689844980835915,10.802961349487305,10.802961349487305,0.8580657839775085,0.0,0.0
118.0,0.0,0.012003019452095032,10.44924545288086,10.44924545288086,0.8629084229469299,0.0,0.0,0.013926501385867596,10.75091552734375,10.75091552734375,0.8598593473434448,0.0,0.0
118.0,1.0,0.011407784186303616,10.456268310546875,10.456268310546875,0.8626580238342285,0.0,0.0,0.01630287431180477,10.722909927368164,10.722909927368164,0.8608545064926147,0.0,0.0
118.0,2.0,0.012577952817082405,10.606762886047363,10.606762886047363,0.8609917759895325,0.0,0.0,0.011628794483840466,10.120833396911621,10.120833396911621,0.8675275444984436,0.0,0.0
118.0,3.0,0.012640196830034256,10.599577903747559,10.599577903747559,0.8615745306015015,0.0,0.0,0.011379508301615715,10.149575233459473,10.149575233459473,0.8651894927024841,0.0,0.0
118.0,4.0,0.01331174187362194,10.436440467834473,10.436440467834473,0.8633539080619812,0.0,0.0,0.00868984591215849,10.802967071533203,10.802967071533203,0.8580654859542847,0.0,0.0
119.0,0.0,0.012003010138869286,10.449256896972656,10.449256896972656,0.8629083037376404,0.0,0.0,0.013926506973803043,10.750916481018066,10.750916481018066,0.8598595261573792,0.0,0.0
119.0,1.0,0.011407791636884212,10.456258773803711,10.456258773803711,0.8626592755317688,0.0,0.0,0.016302870586514473,10.72291374206543,10.72291374206543,0.860854983329773,0.0,0.0
119.0,2.0,0.01257793977856636,10.606756210327148,10.606756210327148,0.8609915375709534,0.0,0.0,0.011628782376646996,10.120827674865723,10.120827674865723,0.8675270676612854,0.0,0.0
119.0,3.0,0.012640184722840786,10.599576950073242,10.599576950073242,0.8615750074386597,0.0,0.0,0.01137950737029314,10.14957332611084,10.14957332611084,0.8651890158653259,0.0,0.0
119.0,4.0,0.013311733491718769,10.436446189880371,10.436446189880371,0.8633543848991394,0.0,0.0,0.008689844980835915,10.802966117858887,10.802966117858887,0.8580659031867981,0.0,0.0
120.0,0.0,0.012003022246062756,10.449251174926758,10.449251174926758,0.8629086017608643,0.0,0.0,0.01392650231719017,10.750916481018066,10.750916481018066,0.8598593473434448,0.0,0.0
120.0,1.0,0.011407790705561638,10.45626449584961,10.45626449584961,0.8626587390899658,0.0,0.0,0.01630287431180477,10.722915649414062,10.722915649414062,0.8608546853065491,0.0,0.0
120.0,2.0,0.01257793977856636,10.606762886047363,10.606762886047363,0.8609911203384399,0.0,0.0,0.011628791689872742,10.120827674865723,10.120827674865723,0.867527425289154,0.0,0.0
120.0,3.0,0.012640181928873062,10.599586486816406,10.599586486816406,0.8615747094154358,0.0,0.0,0.011379504576325417,10.149574279785156,10.149574279785156,0.8651890158653259,0.0,0.0
120.0,4.0,0.013311745598912239,10.436445236206055,10.436445236206055,0.8633533120155334,0.0,0.0,0.008689846843481064,10.802966117858887,10.802966117858887,0.8580659031867981,0.0,0.0
121.0,0.0,0.012003021314740181,10.449251174926758,10.449251174926758,0.8629083633422852,0.0,0.0,0.013926505111157894,10.750916481018066,10.750916481018066,0.8598595261573792,0.0,0.0
121.0,1.0,0.011407779529690742,10.45626163482666,10.45626163482666,0.8626583814620972,0.0,0.0,0.01630287431180477,10.722914695739746,10.722914695739746,0.86085444688797,0.0,0.0
121.0,2.0,0.012577956542372704,10.606754302978516,10.606754302978516,0.8609914779663086,0.0,0.0,0.011628788895905018,10.120824813842773,10.120824813842773,0.8675268888473511,0.0,0.0
121.0,3.0,0.012640172615647316,10.599581718444824,10.599581718444824,0.861575186252594,0.0,0.0,0.01137950737029314,10.149576187133789,10.149576187133789,0.865189254283905,0.0,0.0
121.0,4.0,0.013311740942299366,10.436441421508789,10.436441421508789,0.8633534908294678,0.0,0.0,0.00868984591215849,10.802962303161621,10.802962303161621,0.8580656051635742,0.0,0.0
122.0,0.0,0.012003022246062756,10.449251174926758,10.449251174926758,0.862908124923706,0.0,0.0,0.013926508836448193,10.750920295715332,10.750920295715332,0.8598595261573792,0.0,0.0
122.0,1.0,0.011407789774239063,10.456266403198242,10.456266403198242,0.8626596331596375,0.0,0.0,0.016302868723869324,10.72291088104248,10.72291088104248,0.8608546853065491,0.0,0.0
122.0,2.0,0.012577949091792107,10.606752395629883,10.606752395629883,0.860990583896637,0.0,0.0,0.011628788895905018,10.120826721191406,10.120826721191406,0.867527186870575,0.0,0.0
122.0,3.0,0.012640184722840786,10.599581718444824,10.599581718444824,0.8615752458572388,0.0,0.0,0.011379506438970566,10.149580955505371,10.149580955505371,0.8651893138885498,0.0,0.0
122.0,4.0,0.013311752118170261,10.436442375183105,10.436442375183105,0.8633536696434021,0.0,0.0,0.00868984404951334,10.802962303161621,10.802962303161621,0.8580659627914429,0.0,0.0
123.0,0.0,0.012003021314740181,10.449249267578125,10.449249267578125,0.8629083633422852,0.0,0.0,0.01392651442438364,10.750917434692383,10.750917434692383,0.8598592877388,0.0,0.0
123.0,1.0,0.011407790705561638,10.456265449523926,10.456265449523926,0.8626576662063599,0.0,0.0,0.016302866861224174,10.722915649414062,10.722915649414062,0.8608543276786804,0.0,0.0
123.0,2.0,0.012577944435179234,10.606754302978516,10.606754302978516,0.8609918355941772,0.0,0.0,0.011628787964582443,10.120827674865723,10.120827674865723,0.8675271272659302,0.0,0.0
123.0,3.0,0.012640201486647129,10.599578857421875,10.599578857421875,0.8615744709968567,0.0,0.0,0.011379500851035118,10.149577140808105,10.149577140808105,0.865189254283905,0.0,0.0
123.0,4.0,0.013311736285686493,10.436447143554688,10.436447143554688,0.8633531332015991,0.0,0.0,0.00868984591215849,10.802962303161621,10.802962303161621,0.8580652475357056,0.0,0.0
124.0,0.0,0.01200301107019186,10.449247360229492,10.449247360229492,0.8629075884819031,0.0,0.0,0.013926506042480469,10.750917434692383,10.750917434692383,0.8598592281341553,0.0,0.0
124.0,1.0,0.011407771147787571,10.456268310546875,10.456268310546875,0.8626587390899658,0.0,0.0,0.01630287617444992,10.722912788391113,10.722912788391113,0.8608542084693909,0.0,0.0
124.0,2.0,0.012577949091792107,10.606762886047363,10.606762886047363,0.860991895198822,0.0,0.0,0.011628788895905018,10.12082576751709,10.12082576751709,0.8675273060798645,0.0,0.0
124.0,3.0,0.012640191242098808,10.59958553314209,10.59958553314209,0.8615752458572388,0.0,0.0,0.011379506438970566,10.149575233459473,10.149575233459473,0.8651888966560364,0.0,0.0
124.0,4.0,0.01331174187362194,10.436452865600586,10.436452865600586,0.8633537292480469,0.0,0.0,0.008689844980835915,10.802966117858887,10.802966117858887,0.8580661416053772,0.0,0.0
125.0,0.0,0.012003032490611076,10.449252128601074,10.449252128601074,0.8629083633422852,0.0,0.0,0.013926508836448193,10.750916481018066,10.750916481018066,0.8598592877388,0.0,0.0
125.0,1.0,0.011407787911593914,10.45626163482666,10.45626163482666,0.862657904624939,0.0,0.0,0.016302870586514473,10.72291374206543,10.72291374206543,0.8608543276786804,0.0,0.0
125.0,2.0,0.012577949091792107,10.606761932373047,10.606761932373047,0.8609918355941772,0.0,0.0,0.011628787964582443,10.120828628540039,10.120828628540039,0.867527186870575,0.0,0.0
125.0,3.0,0.01264019776135683,10.599584579467773,10.599584579467773,0.8615748286247253,0.0,0.0,0.01137950737029314,10.149580001831055,10.149580001831055,0.8651894927024841,0.0,0.0
125.0,4.0,0.01331174187362194,10.436440467834473,10.436440467834473,0.863353431224823,0.0,0.0,0.008689847774803638,10.802969932556152,10.802969932556152,0.8580657839775085,0.0,0.0
126.0,0.0,0.012003015726804733,10.449248313903809,10.449248313903809,0.8629085421562195,0.0,0.0,0.01392651442438364,10.750916481018066,10.750916481018066,0.8598592877388,0.0,0.0
126.0,1.0,0.011407772079110146,10.456258773803711,10.456258773803711,0.8626590371131897,0.0,0.0,0.016302870586514473,10.722917556762695,10.722917556762695,0.8608545064926147,0.0,0.0
126.0,2.0,0.012577964924275875,10.606757164001465,10.606757164001465,0.8609911203384399,0.0,0.0,0.011628792621195316,10.120826721191406,10.120826721191406,0.8675277829170227,0.0,0.0
126.0,3.0,0.012640192173421383,10.599586486816406,10.599586486816406,0.8615756630897522,0.0,0.0,0.011379506438970566,10.149578094482422,10.149578094482422,0.865189254283905,0.0,0.0
126.0,4.0,0.013311723247170448,10.436442375183105,10.436442375183105,0.8633539080619812,0.0,0.0,0.008689848706126213,10.802962303161621,10.802962303161621,0.8580661416053772,0.0,0.0
127.0,0.0,0.012003007344901562,10.449243545532227,10.449243545532227,0.862908661365509,0.0,0.0,0.013926501385867596,10.750920295715332,10.750920295715332,0.8598597645759583,0.0,0.0
127.0,1.0,0.011407772079110146,10.456256866455078,10.456256866455078,0.8626587986946106,0.0,0.0,0.016302868723869324,10.722908973693848,10.722908973693848,0.8608547449111938,0.0,0.0
127.0,2.0,0.012577948160469532,10.606762886047363,10.606762886047363,0.8609914779663086,0.0,0.0,0.011628787964582443,10.120826721191406,10.120826721191406,0.8675268888473511,0.0,0.0
127.0,3.0,0.012640204280614853,10.599578857421875,10.599578857421875,0.8615754246711731,0.0,0.0,0.011379506438970566,10.149576187133789,10.149576187133789,0.865189254283905,0.0,0.0
127.0,4.0,0.013311753049492836,10.436443328857422,10.436443328857422,0.863353431224823,0.0,0.0,0.008689843118190765,10.802964210510254,10.802964210510254,0.8580657839775085,0.0,0.0
128.0,0.0,0.01200302504003048,10.449241638183594,10.449241638183594,0.8629072308540344,0.0,0.0,0.013926505111157894,10.750917434692383,10.750917434692383,0.8598594665527344,0.0,0.0
128.0,1.0,0.011407781392335892,10.456257820129395,10.456257820129395,0.8626593351364136,0.0,0.0,0.016302866861224174,10.722914695739746,10.722914695739746,0.8608540296554565,0.0,0.0
128.0,2.0,0.012577948160469532,10.606752395629883,10.606752395629883,0.8609910607337952,0.0,0.0,0.011628791689872742,10.12082290649414,10.12082290649414,0.8675280809402466,0.0,0.0
128.0,3.0,0.012640194967389107,10.599588394165039,10.599588394165039,0.8615754246711731,0.0,0.0,0.011379504576325417,10.149578094482422,10.149578094482422,0.8651896715164185,0.0,0.0
128.0,4.0,0.013311732560396194,10.436445236206055,10.436445236206055,0.8633533120155334,0.0,0.0,0.00868984591215849,10.802967071533203,10.802967071533203,0.8580660223960876,0.0,0.0
129.0,0.0,0.012003029696643353,10.449246406555176,10.449246406555176,0.8629079461097717,0.0,0.0,0.013926508836448193,10.750916481018066,10.750916481018066,0.8598595261573792,0.0,0.0
129.0,1.0,0.011407777667045593,10.456262588500977,10.456262588500977,0.8626583814620972,0.0,0.0,0.016302872449159622,10.722915649414062,10.722915649414062,0.8608546853065491,0.0,0.0
129.0,2.0,0.012577957473695278,10.606764793395996,10.606764793395996,0.8609911203384399,0.0,0.0,0.011628784239292145,10.120826721191406,10.120826721191406,0.867526650428772,0.0,0.0
129.0,3.0,0.012640184722840786,10.59958267211914,10.59958267211914,0.861574649810791,0.0,0.0,0.011379503645002842,10.149575233459473,10.149575233459473,0.8651890158653259,0.0,0.0
129.0,4.0,0.013311738148331642,10.436447143554688,10.436447143554688,0.8633529543876648,0.0,0.0,0.008689849637448788,10.802966117858887,10.802966117858887,0.8580659627914429,0.0,0.0
130.0,0.0,0.012003022246062756,10.449236869812012,10.449236869812012,0.8629075884819031,0.0,0.0,0.013926506973803043,10.750917434692383,10.750917434692383,0.8598596453666687,0.0,0.0
130.0,1.0,0.011407783254981041,10.456262588500977,10.456262588500977,0.8626580834388733,0.0,0.0,0.01630287803709507,10.72291088104248,10.72291088104248,0.8608542084693909,0.0,0.0
130.0,2.0,0.012577949091792107,10.606757164001465,10.606757164001465,0.8609917759895325,0.0,0.0,0.011628782376646996,10.120828628540039,10.120828628540039,0.867527425289154,0.0,0.0
130.0,3.0,0.012640193104743958,10.59958553314209,10.59958553314209,0.8615754246711731,0.0,0.0,0.011379503645002842,10.14957332611084,10.14957332611084,0.8651891350746155,0.0,0.0
130.0,4.0,0.013311738148331642,10.436441421508789,10.436441421508789,0.8633543848991394,0.0,0.0,0.008689843118190765,10.802964210510254,10.802964210510254,0.8580654859542847,0.0,0.0
131.0,0.0,0.012003030627965927,10.449247360229492,10.449247360229492,0.8629077076911926,0.0,0.0,0.013926505111157894,10.750916481018066,10.750916481018066,0.8598593473434448,0.0,0.0
131.0,1.0,0.01140777487307787,10.45626163482666,10.45626163482666,0.8626587390899658,0.0,0.0,0.01630287989974022,10.722912788391113,10.722912788391113,0.8608537912368774,0.0,0.0
131.0,2.0,0.012577946297824383,10.606765747070312,10.606765747070312,0.8609912395477295,0.0,0.0,0.011628784239292145,10.120829582214355,10.120829582214355,0.867527186870575,0.0,0.0
131.0,3.0,0.012640191242098808,10.59958267211914,10.59958267211914,0.8615757822990417,0.0,0.0,0.011379508301615715,10.149576187133789,10.149576187133789,0.8651895523071289,0.0,0.0
131.0,4.0,0.013311749324202538,10.43644905090332,10.43644905090332,0.8633534908294678,0.0,0.0,0.008689844980835915,10.802964210510254,10.802964210510254,0.8580657243728638,0.0,0.0
132.0,0.0,0.012003022246062756,10.449251174926758,10.449251174926758,0.8629081845283508,0.0,0.0,0.013926508836448193,10.750917434692383,10.750917434692383,0.8598595857620239,0.0,0.0
132.0,1.0,0.011407778598368168,10.456266403198242,10.456266403198242,0.8626582622528076,0.0,0.0,0.016302863135933876,10.72291088104248,10.72291088104248,0.8608545660972595,0.0,0.0
132.0,2.0,0.012577959336340427,10.606757164001465,10.606757164001465,0.8609911203384399,0.0,0.0,0.011628787964582443,10.120823860168457,10.120823860168457,0.8675276041030884,0.0,0.0
132.0,3.0,0.01264018751680851,10.599577903747559,10.599577903747559,0.8615750074386597,0.0,0.0,0.01137950737029314,10.149574279785156,10.149574279785156,0.8651893734931946,0.0,0.0
132.0,4.0,0.013311753049492836,10.436439514160156,10.436439514160156,0.863353967666626,0.0,0.0,0.008689843118190765,10.80296802520752,10.80296802520752,0.8580657839775085,0.0,0.0
133.0,0.0,0.01200302504003048,10.449243545532227,10.449243545532227,0.8629074692726135,0.0,0.0,0.01392650231719017,10.7509183883667,10.7509183883667,0.8598597645759583,0.0,0.0
133.0,1.0,0.011407782323658466,10.456259727478027,10.456259727478027,0.8626593947410583,0.0,0.0,0.016302872449159622,10.722915649414062,10.722915649414062,0.8608543276786804,0.0,0.0
133.0,2.0,0.01257795374840498,10.606757164001465,10.606757164001465,0.8609916567802429,0.0,0.0,0.011628786101937294,10.12082290649414,10.12082290649414,0.8675270676612854,0.0,0.0
133.0,3.0,0.012640192173421383,10.59958553314209,10.59958553314209,0.8615763783454895,0.0,0.0,0.011379504576325417,10.149579048156738,10.149579048156738,0.865189254283905,0.0,0.0
133.0,4.0,0.01331174187362194,10.436445236206055,10.436445236206055,0.8633539080619812,0.0,0.0,0.008689844980835915,10.802962303161621,10.802962303161621,0.8580659031867981,0.0,0.0
134.0,0.0,0.012003017589449883,10.449251174926758,10.449251174926758,0.862907886505127,0.0,0.0,0.013926505111157894,10.750917434692383,10.750917434692383,0.8598593473434448,0.0,0.0
134.0,1.0,0.011407791636884212,10.456260681152344,10.456260681152344,0.8626590371131897,0.0,0.0,0.016302870586514473,10.722915649414062,10.722915649414062,0.860853910446167,0.0,0.0
134.0,2.0,0.012577957473695278,10.606758117675781,10.606758117675781,0.8609914779663086,0.0,0.0,0.011628786101937294,10.120826721191406,10.120826721191406,0.867527186870575,0.0,0.0
134.0,3.0,0.012640192173421383,10.599586486816406,10.599586486816406,0.8615750670433044,0.0,0.0,0.011379508301615715,10.14957332611084,10.14957332611084,0.8651888370513916,0.0,0.0
134.0,4.0,0.013311736285686493,10.436447143554688,10.436447143554688,0.8633528351783752,0.0,0.0,0.00868984591215849,10.802967071533203,10.802967071533203,0.8580654263496399,0.0,0.0
135.0,0.0,0.012003017589449883,10.44924545288086,10.44924545288086,0.8629085421562195,0.0,0.0,0.013926505111157894,10.75091552734375,10.75091552734375,0.8598596453666687,0.0,0.0
135.0,1.0,0.011407778598368168,10.456257820129395,10.456257820129395,0.8626581430435181,0.0,0.0,0.01630287431180477,10.722914695739746,10.722914695739746,0.8608548045158386,0.0,0.0
135.0,2.0,0.01257795188575983,10.606762886047363,10.606762886047363,0.8609912991523743,0.0,0.0,0.011628788895905018,10.12082576751709,10.12082576751709,0.8675271272659302,0.0,0.0
135.0,3.0,0.012640191242098808,10.599584579467773,10.599584579467773,0.8615750074386597,0.0,0.0,0.01137950737029314,10.149578094482422,10.149578094482422,0.8651888370513916,0.0,0.0
135.0,4.0,0.013311738148331642,10.436443328857422,10.436443328857422,0.8633539080619812,0.0,0.0,0.00868984591215849,10.802964210510254,10.802964210510254,0.8580660223960876,0.0,0.0
136.0,0.0,0.012003025971353054,10.44925308227539,10.44925308227539,0.862908124923706,0.0,0.0,0.01392650231719017,10.75091552734375,10.75091552734375,0.8598594665527344,0.0,0.0
136.0,1.0,0.011407784186303616,10.456254959106445,10.456254959106445,0.8626589775085449,0.0,0.0,0.016302872449159622,10.722918510437012,10.722918510437012,0.8608547449111938,0.0,0.0
136.0,2.0,0.012577955611050129,10.60676097869873,10.60676097869873,0.8609915375709534,0.0,0.0,0.011628782376646996,10.120828628540039,10.120828628540039,0.867527186870575,0.0,0.0
136.0,3.0,0.012640181928873062,10.599584579467773,10.599584579467773,0.8615747690200806,0.0,0.0,0.011379506438970566,10.149575233459473,10.149575233459473,0.865189254283905,0.0,0.0
136.0,4.0,0.013311744667589664,10.436442375183105,10.436442375183105,0.8633541464805603,0.0,0.0,0.008689848706126213,10.802964210510254,10.802964210510254,0.8580659627914429,0.0,0.0
137.0,0.0,0.01200302504003048,10.449251174926758,10.449251174926758,0.8629078269004822,0.0,0.0,0.013926505111157894,10.750913619995117,10.750913619995117,0.8598595261573792,0.0,0.0
137.0,1.0,0.011407775804400444,10.456256866455078,10.456256866455078,0.862659215927124,0.0,0.0,0.016302872449159622,10.722912788391113,10.722912788391113,0.8608541488647461,0.0,0.0
137.0,2.0,0.01257795188575983,10.60676097869873,10.60676097869873,0.8609910011291504,0.0,0.0,0.011628778651356697,10.120824813842773,10.120824813842773,0.8675273656845093,0.0,0.0
137.0,3.0,0.01264018751680851,10.599580764770508,10.599580764770508,0.8615747094154358,0.0,0.0,0.011379508301615715,10.149574279785156,10.149574279785156,0.8651890754699707,0.0,0.0
137.0,4.0,0.01331175398081541,10.436441421508789,10.436441421508789,0.8633537292480469,0.0,0.0,0.008689844980835915,10.802961349487305,10.802961349487305,0.8580654859542847,0.0,0.0
138.0,0.0,0.012003022246062756,10.449252128601074,10.449252128601074,0.8629083037376404,0.0,0.0,0.013926503248512745,10.750916481018066,10.750916481018066,0.8598595857620239,0.0,0.0
138.0,1.0,0.01140778698027134,10.456259727478027,10.456259727478027,0.8626578450202942,0.0,0.0,0.01630287803709507,10.722912788391113,10.722912788391113,0.8608548045158386,0.0,0.0
138.0,2.0,0.012577943503856659,10.606759071350098,10.606759071350098,0.8609922528266907,0.0,0.0,0.011628781445324421,10.120826721191406,10.120826721191406,0.8675271272659302,0.0,0.0
138.0,3.0,0.01264019776135683,10.599576950073242,10.599576950073242,0.8615740537643433,0.0,0.0,0.01137950737029314,10.149571418762207,10.149571418762207,0.8651893138885498,0.0,0.0
138.0,4.0,0.013311759568750858,10.436444282531738,10.436444282531738,0.8633536696434021,0.0,0.0,0.00868984404951334,10.80296802520752,10.80296802520752,0.8580659031867981,0.0,0.0
139.0,0.0,0.012003034353256226,10.449251174926758,10.449251174926758,0.8629085421562195,0.0,0.0,0.013926506973803043,10.750916481018066,10.750916481018066,0.8598593473434448,0.0,0.0
139.0,1.0,0.011407789774239063,10.456262588500977,10.456262588500977,0.8626587390899658,0.0,0.0,0.016302866861224174,10.72291374206543,10.72291374206543,0.8608548045158386,0.0,0.0
139.0,2.0,0.012577949091792107,10.606757164001465,10.606757164001465,0.8609915375709534,0.0,0.0,0.011628787964582443,10.120827674865723,10.120827674865723,0.8675269484519958,0.0,0.0
139.0,3.0,0.012640189379453659,10.599581718444824,10.599581718444824,0.8615754246711731,0.0,0.0,0.011379511095583439,10.149580001831055,10.149580001831055,0.8651888370513916,0.0,0.0
139.0,4.0,0.01331175584346056,10.436443328857422,10.436443328857422,0.8633540868759155,0.0,0.0,0.00868984404951334,10.802963256835938,10.802963256835938,0.8580659031867981,0.0,0.0
140.0,0.0,0.012003025971353054,10.449248313903809,10.449248313903809,0.8629074692726135,0.0,0.0,0.013926506042480469,10.750916481018066,10.750916481018066,0.8598596453666687,0.0,0.0
140.0,1.0,0.011407789774239063,10.456266403198242,10.456266403198242,0.8626595139503479,0.0,0.0,0.01630287431180477,10.72291088104248,10.72291088104248,0.8608551621437073,0.0,0.0
140.0,2.0,0.012577957473695278,10.606757164001465,10.606757164001465,0.8609911203384399,0.0,0.0,0.011628788895905018,10.120828628540039,10.120828628540039,0.8675270676612854,0.0,0.0
140.0,3.0,0.012640196830034256,10.599589347839355,10.599589347839355,0.8615759015083313,0.0,0.0,0.011379503645002842,10.149578094482422,10.149578094482422,0.8651888966560364,0.0,0.0
140.0,4.0,0.01331174187362194,10.436443328857422,10.436443328857422,0.8633537292480469,0.0,0.0,0.008689846843481064,10.802964210510254,10.802964210510254,0.858066201210022,0.0,0.0
141.0,0.0,0.012003019452095032,10.449254035949707,10.449254035949707,0.8629074692726135,0.0,0.0,0.013926506042480469,10.7509183883667,10.7509183883667,0.8598592281341553,0.0,0.0
141.0,1.0,0.011407781392335892,10.456257820129395,10.456257820129395,0.8626587390899658,0.0,0.0,0.01630287431180477,10.722918510437012,10.722918510437012,0.8608548045158386,0.0,0.0
141.0,2.0,0.01257793977856636,10.606764793395996,10.606764793395996,0.8609910607337952,0.0,0.0,0.011628781445324421,10.120828628540039,10.120828628540039,0.8675269484519958,0.0,0.0
141.0,3.0,0.012640194967389107,10.599580764770508,10.599580764770508,0.8615754246711731,0.0,0.0,0.011379502713680267,10.149571418762207,10.149571418762207,0.8651891350746155,0.0,0.0
141.0,4.0,0.013311750255525112,10.436445236206055,10.436445236206055,0.8633527159690857,0.0,0.0,0.00868984591215849,10.802966117858887,10.802966117858887,0.858065664768219,0.0,0.0
142.0,0.0,0.012003018520772457,10.44925308227539,10.44925308227539,0.8629081845283508,0.0,0.0,0.013926506973803043,10.750917434692383,10.750917434692383,0.8598594665527344,0.0,0.0
142.0,1.0,0.011407775804400444,10.456260681152344,10.456260681152344,0.8626574277877808,0.0,0.0,0.016302872449159622,10.72291374206543,10.72291374206543,0.8608543276786804,0.0,0.0
142.0,2.0,0.012577955611050129,10.606765747070312,10.606765747070312,0.8609917759895325,0.0,0.0,0.011628784239292145,10.120827674865723,10.120827674865723,0.867527186870575,0.0,0.0
142.0,3.0,0.012640181928873062,10.59958267211914,10.59958267211914,0.8615750074386597,0.0,0.0,0.011379503645002842,10.149576187133789,10.149576187133789,0.8651888966560364,0.0,0.0
142.0,4.0,0.013311744667589664,10.436446189880371,10.436446189880371,0.863353967666626,0.0,0.0,0.008689844980835915,10.802966117858887,10.802966117858887,0.8580657839775085,0.0,0.0
143.0,0.0,0.012003013864159584,10.449254989624023,10.449254989624023,0.8629083633422852,0.0,0.0,0.013926497660577297,10.7509183883667,10.7509183883667,0.8598600029945374,0.0,0.0
143.0,1.0,0.011407782323658466,10.456259727478027,10.456259727478027,0.862659215927124,0.0,0.0,0.01630287431180477,10.722917556762695,10.722917556762695,0.860853910446167,0.0,0.0
143.0,2.0,0.012577940709888935,10.606759071350098,10.606759071350098,0.8609918355941772,0.0,0.0,0.011628786101937294,10.12082290649414,10.12082290649414,0.8675277829170227,0.0,0.0
143.0,3.0,0.012640194967389107,10.599586486816406,10.599586486816406,0.8615753054618835,0.0,0.0,0.01137950737029314,10.14957332611084,10.14957332611084,0.8651891350746155,0.0,0.0
143.0,4.0,0.013311744667589664,10.436442375183105,10.436442375183105,0.8633541464805603,0.0,0.0,0.008689846843481064,10.80296802520752,10.80296802520752,0.8580657839775085,0.0,0.0
144.0,0.0,0.012003028765320778,10.44924545288086,10.44924545288086,0.8629081845283508,0.0,0.0,0.013926506973803043,10.750913619995117,10.750913619995117,0.859859824180603,0.0,0.0
144.0,1.0,0.011407789774239063,10.456256866455078,10.456256866455078,0.8626576066017151,0.0,0.0,0.016302872449159622,10.722909927368164,10.722909927368164,0.86085444688797,0.0,0.0
144.0,2.0,0.012577955611050129,10.606756210327148,10.606756210327148,0.8609905242919922,0.0,0.0,0.01162878517061472,10.120826721191406,10.120826721191406,0.867527425289154,0.0,0.0
144.0,3.0,0.012640193104743958,10.599590301513672,10.599590301513672,0.8615749478340149,0.0,0.0,0.011379498988389969,10.149580001831055,10.149580001831055,0.8651890158653259,0.0,0.0
144.0,4.0,0.013311746530234814,10.436450004577637,10.436450004577637,0.8633534908294678,0.0,0.0,0.008689848706126213,10.80296802520752,10.80296802520752,0.8580657839775085,0.0,0.0
145.0,0.0,0.012003022246062756,10.449252128601074,10.449252128601074,0.8629085421562195,0.0,0.0,0.013926505111157894,10.750917434692383,10.750917434692383,0.8598593473434448,0.0,0.0
145.0,1.0,0.01140778698027134,10.456257820129395,10.456257820129395,0.8626595139503479,0.0,0.0,0.01630287803709507,10.722912788391113,10.722912788391113,0.8608542680740356,0.0,0.0
145.0,2.0,0.012577959336340427,10.606762886047363,10.606762886047363,0.8609905242919922,0.0,0.0,0.011628787964582443,10.120824813842773,10.120824813842773,0.8675268888473511,0.0,0.0
145.0,3.0,0.012640191242098808,10.599584579467773,10.599584579467773,0.8615754842758179,0.0,0.0,0.011379508301615715,10.149575233459473,10.149575233459473,0.8651891350746155,0.0,0.0
145.0,4.0,0.013311748392879963,10.436443328857422,10.436443328857422,0.8633528351783752,0.0,0.0,0.008689844980835915,10.802964210510254,10.802964210510254,0.8580657839775085,0.0,0.0
146.0,0.0,0.012003022246062756,10.449248313903809,10.449248313903809,0.8629084229469299,0.0,0.0,0.01392650231719017,10.7509126663208,10.7509126663208,0.8598598837852478,0.0,0.0
146.0,1.0,0.011407778598368168,10.456253051757812,10.456253051757812,0.8626583218574524,0.0,0.0,0.016302866861224174,10.722914695739746,10.722914695739746,0.8608548045158386,0.0,0.0
146.0,2.0,0.012577949091792107,10.606759071350098,10.606759071350098,0.8609920740127563,0.0,0.0,0.011628787964582443,10.12082290649414,10.12082290649414,0.8675275444984436,0.0,0.0
146.0,3.0,0.012640192173421383,10.599581718444824,10.599581718444824,0.8615753054618835,0.0,0.0,0.011379506438970566,10.149576187133789,10.149576187133789,0.8651894927024841,0.0,0.0
146.0,4.0,0.013311748392879963,10.436452865600586,10.436452865600586,0.8633543848991394,0.0,0.0,0.008689847774803638,10.802964210510254,10.802964210510254,0.8580656051635742,0.0,0.0
147.0,0.0,0.012003010138869286,10.449252128601074,10.449252128601074,0.862907886505127,0.0,0.0,0.013926505111157894,10.750913619995117,10.750913619995117,0.8598593473434448,0.0,0.0
147.0,1.0,0.011407782323658466,10.456253051757812,10.456253051757812,0.8626583218574524,0.0,0.0,0.01630287431180477,10.722919464111328,10.722919464111328,0.8608545660972595,0.0,0.0
147.0,2.0,0.012577945366501808,10.606754302978516,10.606754302978516,0.8609907627105713,0.0,0.0,0.011628792621195316,10.120827674865723,10.120827674865723,0.867527425289154,0.0,0.0
147.0,3.0,0.012640196830034256,10.59958553314209,10.59958553314209,0.8615753054618835,0.0,0.0,0.011379508301615715,10.149572372436523,10.149572372436523,0.8651890754699707,0.0,0.0
147.0,4.0,0.013311734423041344,10.436437606811523,10.436437606811523,0.8633537292480469,0.0,0.0,0.008689844980835915,10.802966117858887,10.802966117858887,0.8580653667449951,0.0,0.0
148.0,0.0,0.012003017589449883,10.44925308227539,10.44925308227539,0.8629088401794434,0.0,0.0,0.01392650231719017,10.750913619995117,10.750913619995117,0.859859824180603,0.0,0.0
148.0,1.0,0.011407783254981041,10.456254959106445,10.456254959106445,0.862659215927124,0.0,0.0,0.016302868723869324,10.722914695739746,10.722914695739746,0.860854983329773,0.0,0.0
148.0,2.0,0.01257794164121151,10.606752395629883,10.606752395629883,0.8609914779663086,0.0,0.0,0.011628784239292145,10.120823860168457,10.120823860168457,0.8675273656845093,0.0,0.0
148.0,3.0,0.012640192173421383,10.599588394165039,10.599588394165039,0.8615750074386597,0.0,0.0,0.011379503645002842,10.149578094482422,10.149578094482422,0.8651891350746155,0.0,0.0
148.0,4.0,0.013311750255525112,10.436443328857422,10.436443328857422,0.8633538484573364,0.0,0.0,0.00868984591215849,10.802963256835938,10.802963256835938,0.8580659031867981,0.0,0.0
149.0,0.0,0.012003017589449883,10.449250221252441,10.449250221252441,0.8629078269004822,0.0,0.0,0.01392650231719017,10.7509126663208,10.7509126663208,0.8598596453666687,0.0,0.0
149.0,1.0,0.011407784186303616,10.456262588500977,10.456262588500977,0.8626593351364136,0.0,0.0,0.01630288176238537,10.722914695739746,10.722914695739746,0.8608543276786804,0.0,0.0
149.0,2.0,0.012577956542372704,10.606758117675781,10.606758117675781,0.8609912991523743,0.0,0.0,0.011628789827227592,10.120826721191406,10.120826721191406,0.8675276637077332,0.0,0.0
149.0,3.0,0.012640191242098808,10.599586486816406,10.599586486816406,0.8615742325782776,0.0,0.0,0.011379506438970566,10.149576187133789,10.149576187133789,0.8651890754699707,0.0,0.0
149.0,4.0,0.013311748392879963,10.436445236206055,10.436445236206055,0.863353967666626,0.0,0.0,0.008689846843481064,10.802964210510254,10.802964210510254,0.8580657243728638,0.0,0.0
150.0,0.0,0.012003038078546524,10.449252128601074,10.449252128601074,0.8629083633422852,0.0,0.0,0.013926501385867596,10.75091552734375,10.75091552734375,0.8598595857620239,0.0,0.0
150.0,1.0,0.011407786048948765,10.456262588500977,10.456262588500977,0.862659215927124,0.0,0.0,0.016302870586514473,10.72291374206543,10.72291374206543,0.8608546853065491,0.0,0.0
150.0,2.0,0.012577950023114681,10.606754302978516,10.606754302978516,0.8609914779663086,0.0,0.0,0.011628789827227592,10.120829582214355,10.120829582214355,0.8675273060798645,0.0,0.0
150.0,3.0,0.012640172615647316,10.59958267211914,10.59958267211914,0.8615761995315552,0.0,0.0,0.011379503645002842,10.149578094482422,10.149578094482422,0.8651888370513916,0.0,0.0
150.0,4.0,0.013311740010976791,10.436440467834473,10.436440467834473,0.8633543252944946,0.0,0.0,0.008689846843481064,10.802964210510254,10.802964210510254,0.8580659627914429,0.0,0.0
151.0,0.0,0.01200302504003048,10.449251174926758,10.449251174926758,0.8629066944122314,0.0,0.0,0.013926512561738491,10.75091552734375,10.75091552734375,0.8598592877388,0.0,0.0
151.0,1.0,0.011407770216464996,10.456260681152344,10.456260681152344,0.8626589775085449,0.0,0.0,0.01630287617444992,10.722915649414062,10.722915649414062,0.8608541488647461,0.0,0.0
151.0,2.0,0.012577956542372704,10.6067533493042,10.6067533493042,0.8609912991523743,0.0,0.0,0.011628787964582443,10.120824813842773,10.120824813842773,0.8675273060798645,0.0,0.0
151.0,3.0,0.01264019962400198,10.599577903747559,10.599577903747559,0.8615749478340149,0.0,0.0,0.011379510164260864,10.14957332611084,10.14957332611084,0.8651896119117737,0.0,0.0
151.0,4.0,0.013311752118170261,10.436436653137207,10.436436653137207,0.8633543252944946,0.0,0.0,0.008689846843481064,10.802967071533203,10.802967071533203,0.858065664768219,0.0,0.0
152.0,0.0,0.012003029696643353,10.449249267578125,10.449249267578125,0.862907886505127,0.0,0.0,0.013926513493061066,10.750917434692383,10.750917434692383,0.859859824180603,0.0,0.0
152.0,1.0,0.011407784186303616,10.456258773803711,10.456258773803711,0.8626593947410583,0.0,0.0,0.01630287431180477,10.72291374206543,10.72291374206543,0.8608546853065491,0.0,0.0
152.0,2.0,0.01257795188575983,10.606757164001465,10.606757164001465,0.8609917759895325,0.0,0.0,0.011628782376646996,10.12082576751709,10.12082576751709,0.8675273060798645,0.0,0.0
152.0,3.0,0.012640172615647316,10.599586486816406,10.599586486816406,0.8615748286247253,0.0,0.0,0.011379508301615715,10.149577140808105,10.149577140808105,0.8651893138885498,0.0,0.0
152.0,4.0,0.013311740010976791,10.436439514160156,10.436439514160156,0.8633528351783752,0.0,0.0,0.008689844980835915,10.802963256835938,10.802963256835938,0.8580656051635742,0.0,0.0
153.0,0.0,0.012003026902675629,10.44924545288086,10.44924545288086,0.862907886505127,0.0,0.0,0.013926503248512745,10.750913619995117,10.750913619995117,0.8598595261573792,0.0,0.0
153.0,1.0,0.011407783254981041,10.456252098083496,10.456252098083496,0.8626593351364136,0.0,0.0,0.01630287617444992,10.722914695739746,10.722914695739746,0.8608540296554565,0.0,0.0
153.0,2.0,0.012577952817082405,10.60676097869873,10.60676097869873,0.8609905242919922,0.0,0.0,0.01162878517061472,10.120827674865723,10.120827674865723,0.8675269484519958,0.0,0.0
153.0,3.0,0.012640180997550488,10.599577903747559,10.599577903747559,0.8615747690200806,0.0,0.0,0.011379503645002842,10.149575233459473,10.149575233459473,0.8651894927024841,0.0,0.0
153.0,4.0,0.01331172976642847,10.436439514160156,10.436439514160156,0.8633529543876648,0.0,0.0,0.008689844980835915,10.802963256835938,10.802963256835938,0.8580654859542847,0.0,0.0
154.0,0.0,0.012003026902675629,10.44924545288086,10.44924545288086,0.862908124923706,0.0,0.0,0.01392650231719017,10.750921249389648,10.750921249389648,0.8598595261573792,0.0,0.0
154.0,1.0,0.011407783254981041,10.456263542175293,10.456263542175293,0.8626587986946106,0.0,0.0,0.01630287803709507,10.722912788391113,10.722912788391113,0.8608543276786804,0.0,0.0
154.0,2.0,0.01257793977856636,10.60675048828125,10.60675048828125,0.8609915971755981,0.0,0.0,0.011628788895905018,10.12082576751709,10.12082576751709,0.867527186870575,0.0,0.0
154.0,3.0,0.012640196830034256,10.599586486816406,10.599586486816406,0.8615752458572388,0.0,0.0,0.011379511095583439,10.149581909179688,10.149581909179688,0.8651886582374573,0.0,0.0
154.0,4.0,0.013311752118170261,10.436439514160156,10.436439514160156,0.8633539080619812,0.0,0.0,0.00868984591215849,10.802964210510254,10.802964210510254,0.858065664768219,0.0,0.0
155.0,0.0,0.012003013864159584,10.449247360229492,10.449247360229492,0.8629071712493896,0.0,0.0,0.01392650231719017,10.750917434692383,10.750917434692383,0.8598595261573792,0.0,0.0
155.0,1.0,0.011407773941755295,10.456262588500977,10.456262588500977,0.8626590967178345,0.0,0.0,0.016302872449159622,10.722915649414062,10.722915649414062,0.8608542084693909,0.0,0.0
155.0,2.0,0.012577956542372704,10.606757164001465,10.606757164001465,0.8609910607337952,0.0,0.0,0.011628793552517891,10.120829582214355,10.120829582214355,0.8675269484519958,0.0,0.0
155.0,3.0,0.012640194967389107,10.599580764770508,10.599580764770508,0.8615749478340149,0.0,0.0,0.011379502713680267,10.149579048156738,10.149579048156738,0.8651893138885498,0.0,0.0
155.0,4.0,0.013311745598912239,10.436443328857422,10.436443328857422,0.8633543848991394,0.0,0.0,0.008689846843481064,10.802967071533203,10.802967071533203,0.8580659031867981,0.0,0.0
156.0,0.0,0.012003019452095032,10.449254035949707,10.449254035949707,0.862907886505127,0.0,0.0,0.013926499523222446,10.750920295715332,10.750920295715332,0.8598597645759583,0.0,0.0
156.0,1.0,0.011407786048948765,10.456258773803711,10.456258773803711,0.8626593947410583,0.0,0.0,0.016302870586514473,10.72291374206543,10.72291374206543,0.8608546853065491,0.0,0.0
156.0,2.0,0.012577956542372704,10.606757164001465,10.606757164001465,0.8609907627105713,0.0,0.0,0.01162878517061472,10.120829582214355,10.120829582214355,0.867527425289154,0.0,0.0
156.0,3.0,0.012640193104743958,10.59958553314209,10.59958553314209,0.8615747094154358,0.0,0.0,0.011379510164260864,10.149575233459473,10.149575233459473,0.8651893138885498,0.0,0.0
156.0,4.0,0.013311748392879963,10.436443328857422,10.436443328857422,0.8633534908294678,0.0,0.0,0.008689846843481064,10.802966117858887,10.802966117858887,0.8580656051635742,0.0,0.0
157.0,0.0,0.012003018520772457,10.449251174926758,10.449251174926758,0.8629081845283508,0.0,0.0,0.013926506042480469,10.750916481018066,10.750916481018066,0.8598595857620239,0.0,0.0
157.0,1.0,0.011407781392335892,10.45626163482666,10.45626163482666,0.8626589775085449,0.0,0.0,0.016302883625030518,10.722912788391113,10.722912788391113,0.8608543276786804,0.0,0.0
157.0,2.0,0.012577948160469532,10.606761932373047,10.606761932373047,0.8609924912452698,0.0,0.0,0.01162878517061472,10.120828628540039,10.120828628540039,0.8675276041030884,0.0,0.0
157.0,3.0,0.012640191242098808,10.599580764770508,10.599580764770508,0.8615747690200806,0.0,0.0,0.011379513889551163,10.14957332611084,10.14957332611084,0.865189254283905,0.0,0.0
157.0,4.0,0.013311753049492836,10.436437606811523,10.436437606811523,0.8633531928062439,0.0,0.0,0.008689850568771362,10.80296802520752,10.80296802520752,0.8580656051635742,0.0,0.0
158.0,0.0,0.012003025971353054,10.449250221252441,10.449250221252441,0.8629083037376404,0.0,0.0,0.013926509767770767,10.75091552734375,10.75091552734375,0.8598597645759583,0.0,0.0
158.0,1.0,0.011407771147787571,10.45626449584961,10.45626449584961,0.8626593351364136,0.0,0.0,0.01630287803709507,10.722912788391113,10.722912788391113,0.8608541488647461,0.0,0.0
158.0,2.0,0.012577955611050129,10.606754302978516,10.606754302978516,0.8609920144081116,0.0,0.0,0.011628781445324421,10.120828628540039,10.120828628540039,0.8675273060798645,0.0,0.0
158.0,3.0,0.012640183791518211,10.59958267211914,10.59958267211914,0.861574649810791,0.0,0.0,0.011379502713680267,10.149576187133789,10.149576187133789,0.8651887774467468,0.0,0.0
158.0,4.0,0.013311740942299366,10.436450958251953,10.436450958251953,0.8633531928062439,0.0,0.0,0.008689844980835915,10.802967071533203,10.802967071533203,0.8580657243728638,0.0,0.0
159.0,0.0,0.012003022246062756,10.449252128601074,10.449252128601074,0.862907350063324,0.0,0.0,0.013926509767770767,10.750913619995117,10.750913619995117,0.8598597645759583,0.0,0.0
159.0,1.0,0.011407787911593914,10.456253051757812,10.456253051757812,0.8626583218574524,0.0,0.0,0.01630287617444992,10.722914695739746,10.722914695739746,0.8608542680740356,0.0,0.0
159.0,2.0,0.012577968649566174,10.606759071350098,10.606759071350098,0.8609908223152161,0.0,0.0,0.011628787964582443,10.120826721191406,10.120826721191406,0.8675273656845093,0.0,0.0
159.0,3.0,0.012640180997550488,10.599590301513672,10.599590301513672,0.8615745306015015,0.0,0.0,0.011379506438970566,10.149574279785156,10.149574279785156,0.8651893138885498,0.0,0.0
159.0,4.0,0.01331175398081541,10.436450004577637,10.436450004577637,0.8633533120155334,0.0,0.0,0.00868984591215849,10.802966117858887,10.802966117858887,0.8580659031867981,0.0,0.0
160.0,0.0,0.012003033421933651,10.44924545288086,10.44924545288086,0.862907886505127,0.0,0.0,0.013926509767770767,10.750913619995117,10.750913619995117,0.8598595857620239,0.0,0.0
160.0,1.0,0.011407790705561638,10.456258773803711,10.456258773803711,0.8626596331596375,0.0,0.0,0.01630287617444992,10.72291374206543,10.72291374206543,0.8608543276786804,0.0,0.0
160.0,2.0,0.012577948160469532,10.606757164001465,10.606757164001465,0.8609930276870728,0.0,0.0,0.011628784239292145,10.120826721191406,10.120826721191406,0.8675273060798645,0.0,0.0
160.0,3.0,0.012640180997550488,10.599576950073242,10.599576950073242,0.8615752458572388,0.0,0.0,0.011379503645002842,10.149578094482422,10.149578094482422,0.8651891350746155,0.0,0.0
160.0,4.0,0.013311745598912239,10.436446189880371,10.436446189880371,0.8633539080619812,0.0,0.0,0.008689847774803638,10.802962303161621,10.802962303161621,0.8580654859542847,0.0,0.0
161.0,0.0,0.01200302504003048,10.449249267578125,10.449249267578125,0.8629083037376404,0.0,0.0,0.013926501385867596,10.75091552734375,10.75091552734375,0.8598592281341553,0.0,0.0
161.0,1.0,0.011407790705561638,10.456258773803711,10.456258773803711,0.8626580834388733,0.0,0.0,0.01630287431180477,10.72291374206543,10.72291374206543,0.8608539700508118,0.0,0.0
161.0,2.0,0.012577957473695278,10.606754302978516,10.606754302978516,0.8609915375709534,0.0,0.0,0.011628791689872742,10.12082290649414,10.12082290649414,0.8675271272659302,0.0,0.0
161.0,3.0,0.012640189379453659,10.599584579467773,10.599584579467773,0.8615748286247253,0.0,0.0,0.01137950737029314,10.149576187133789,10.149576187133789,0.8651891350746155,0.0,0.0
161.0,4.0,0.013311761431396008,10.436445236206055,10.436445236206055,0.8633540868759155,0.0,0.0,0.008689846843481064,10.802964210510254,10.802964210510254,0.8580660223960876,0.0,0.0
162.0,0.0,0.012003029696643353,10.44925308227539,10.44925308227539,0.8629080653190613,0.0,0.0,0.013926508836448193,10.750917434692383,10.750917434692383,0.8598592877388,0.0,0.0
162.0,1.0,0.011407783254981041,10.456260681152344,10.456260681152344,0.8626576662063599,0.0,0.0,0.016302870586514473,10.722914695739746,10.722914695739746,0.8608542680740356,0.0,0.0
162.0,2.0,0.01257794164121151,10.606748580932617,10.606748580932617,0.8609915971755981,0.0,0.0,0.011628787964582443,10.120827674865723,10.120827674865723,0.8675277829170227,0.0,0.0
162.0,3.0,0.012640194967389107,10.59958553314209,10.59958553314209,0.8615749478340149,0.0,0.0,0.01137950737029314,10.149572372436523,10.149572372436523,0.8651890754699707,0.0,0.0
162.0,4.0,0.013311753049492836,10.436447143554688,10.436447143554688,0.8633546233177185,0.0,0.0,0.008689846843481064,10.802964210510254,10.802964210510254,0.8580659031867981,0.0,0.0
163.0,0.0,0.012003017589449883,10.449252128601074,10.449252128601074,0.8629088401794434,0.0,0.0,0.013926505111157894,10.750917434692383,10.750917434692383,0.859859049320221,0.0,0.0
163.0,1.0,0.011407775804400444,10.456257820129395,10.456257820129395,0.8626590371131897,0.0,0.0,0.016302870586514473,10.722915649414062,10.722915649414062,0.8608545660972595,0.0,0.0
163.0,2.0,0.012577940709888935,10.606756210327148,10.606756210327148,0.8609910607337952,0.0,0.0,0.01162878517061472,10.120824813842773,10.120824813842773,0.8675273656845093,0.0,0.0
163.0,3.0,0.012640200555324554,10.599588394165039,10.599588394165039,0.8615762591362,0.0,0.0,0.011379499919712543,10.149579048156738,10.149579048156738,0.8651886582374573,0.0,0.0
163.0,4.0,0.013311760500073433,10.436443328857422,10.436443328857422,0.8633545637130737,0.0,0.0,0.00868984591215849,10.802967071533203,10.802967071533203,0.858065664768219,0.0,0.0
164.0,0.0,0.01200302317738533,10.449259757995605,10.449259757995605,0.8629086017608643,0.0,0.0,0.013926506042480469,10.750916481018066,10.750916481018066,0.8598596453666687,0.0,0.0
164.0,1.0,0.011407767422497272,10.456258773803711,10.456258773803711,0.8626586198806763,0.0,0.0,0.016302870586514473,10.72291374206543,10.72291374206543,0.8608546853065491,0.0,0.0
164.0,2.0,0.01257795374840498,10.606754302978516,10.606754302978516,0.8609916567802429,0.0,0.0,0.011628778651356697,10.120830535888672,10.120830535888672,0.8675270676612854,0.0,0.0
164.0,3.0,0.012640201486647129,10.59959602355957,10.59959602355957,0.8615744113922119,0.0,0.0,0.011379504576325417,10.149578094482422,10.149578094482422,0.8651893734931946,0.0,0.0
164.0,4.0,0.013311744667589664,10.436443328857422,10.436443328857422,0.8633537292480469,0.0,0.0,0.008689844980835915,10.802962303161621,10.802962303161621,0.8580659627914429,0.0,0.0
165.0,0.0,0.01200302504003048,10.44924545288086,10.44924545288086,0.8629077076911926,0.0,0.0,0.013926510699093342,10.750913619995117,10.750913619995117,0.8598592877388,0.0,0.0
165.0,1.0,0.011407787911593914,10.456258773803711,10.456258773803711,0.8626588582992554,0.0,0.0,0.016302866861224174,10.722915649414062,10.722915649414062,0.860854983329773,0.0,0.0
165.0,2.0,0.012577957473695278,10.60676097869873,10.60676097869873,0.8609912991523743,0.0,0.0,0.011628788895905018,10.12082576751709,10.12082576751709,0.8675273656845093,0.0,0.0
165.0,3.0,0.012640176340937614,10.599584579467773,10.599584579467773,0.8615763783454895,0.0,0.0,0.011379510164260864,10.149576187133789,10.149576187133789,0.8651890158653259,0.0,0.0
165.0,4.0,0.013311745598912239,10.436443328857422,10.436443328857422,0.8633546829223633,0.0,0.0,0.00868984591215849,10.802962303161621,10.802962303161621,0.8580659031867981,0.0,0.0
166.0,0.0,0.012003028765320778,10.449254989624023,10.449254989624023,0.8629083037376404,0.0,0.0,0.013926508836448193,10.750913619995117,10.750913619995117,0.8598594665527344,0.0,0.0
166.0,1.0,0.011407775804400444,10.456255912780762,10.456255912780762,0.8626593947410583,0.0,0.0,0.016302868723869324,10.722917556762695,10.722917556762695,0.8608545064926147,0.0,0.0
166.0,2.0,0.012577967718243599,10.606759071350098,10.606759071350098,0.8609912991523743,0.0,0.0,0.011628777720034122,10.12082576751709,10.12082576751709,0.8675271272659302,0.0,0.0
166.0,3.0,0.012640188448131084,10.59958267211914,10.59958267211914,0.8615750670433044,0.0,0.0,0.01137950737029314,10.149576187133789,10.149576187133789,0.865189254283905,0.0,0.0
166.0,4.0,0.013311746530234814,10.436452865600586,10.436452865600586,0.8633541464805603,0.0,0.0,0.00868984591215849,10.802970886230469,10.802970886230469,0.8580661416053772,0.0,0.0
167.0,0.0,0.012003015726804733,10.44925594329834,10.44925594329834,0.8629085421562195,0.0,0.0,0.013926498591899872,10.7509183883667,10.7509183883667,0.8598596453666687,0.0,0.0
167.0,1.0,0.011407787911593914,10.456258773803711,10.456258773803711,0.8626589775085449,0.0,0.0,0.016302872449159622,10.722917556762695,10.722917556762695,0.86085444688797,0.0,0.0
167.0,2.0,0.012577944435179234,10.606759071350098,10.606759071350098,0.8609920144081116,0.0,0.0,0.011628786101937294,10.120824813842773,10.120824813842773,0.867527186870575,0.0,0.0
167.0,3.0,0.012640183791518211,10.59958553314209,10.59958553314209,0.8615757822990417,0.0,0.0,0.011379506438970566,10.149572372436523,10.149572372436523,0.8651893734931946,0.0,0.0
167.0,4.0,0.013311738148331642,10.436447143554688,10.436447143554688,0.8633530735969543,0.0,0.0,0.00868984218686819,10.80296802520752,10.80296802520752,0.858066201210022,0.0,0.0
168.0,0.0,0.012003015726804733,10.449249267578125,10.449249267578125,0.8629083037376404,0.0,0.0,0.013926506042480469,10.750916481018066,10.750916481018066,0.8598592281341553,0.0,0.0
168.0,1.0,0.011407775804400444,10.456262588500977,10.456262588500977,0.8626580834388733,0.0,0.0,0.01630287431180477,10.72291374206543,10.72291374206543,0.8608548045158386,0.0,0.0
168.0,2.0,0.012577955611050129,10.606759071350098,10.606759071350098,0.8609924912452698,0.0,0.0,0.011628788895905018,10.120824813842773,10.120824813842773,0.8675277829170227,0.0,0.0
168.0,3.0,0.01264018751680851,10.599580764770508,10.599580764770508,0.8615753054618835,0.0,0.0,0.011379508301615715,10.149575233459473,10.149575233459473,0.8651891350746155,0.0,0.0
168.0,4.0,0.013311756774783134,10.436439514160156,10.436439514160156,0.8633525967597961,0.0,0.0,0.008689844980835915,10.802962303161621,10.802962303161621,0.8580659627914429,0.0,0.0
169.0,0.0,0.01200303714722395,10.449247360229492,10.449247360229492,0.8629083633422852,0.0,0.0,0.013926506042480469,10.750917434692383,10.750917434692383,0.8598594665527344,0.0,0.0
169.0,1.0,0.01140779722481966,10.456262588500977,10.456262588500977,0.8626580238342285,0.0,0.0,0.01630287431180477,10.72291374206543,10.72291374206543,0.8608542084693909,0.0,0.0
169.0,2.0,0.012577961198985577,10.60676097869873,10.60676097869873,0.8609912395477295,0.0,0.0,0.011628774926066399,10.120828628540039,10.120828628540039,0.867527425289154,0.0,0.0
169.0,3.0,0.01264019776135683,10.599588394165039,10.599588394165039,0.8615749478340149,0.0,0.0,0.011379504576325417,10.149576187133789,10.149576187133789,0.8651894927024841,0.0,0.0
169.0,4.0,0.013311746530234814,10.436448097229004,10.436448097229004,0.8633542060852051,0.0,0.0,0.008689844980835915,10.802963256835938,10.802963256835938,0.8580659031867981,0.0,0.0
170.0,0.0,0.01200302317738533,10.44924259185791,10.44924259185791,0.8629083037376404,0.0,0.0,0.013926510699093342,10.750920295715332,10.750920295715332,0.8598595857620239,0.0,0.0
170.0,1.0,0.011407787911593914,10.456258773803711,10.456258773803711,0.8626593351364136,0.0,0.0,0.01630287431180477,10.722914695739746,10.722914695739746,0.86085444688797,0.0,0.0
170.0,2.0,0.012577949091792107,10.606761932373047,10.606761932373047,0.8609908223152161,0.0,0.0,0.011628792621195316,10.120824813842773,10.120824813842773,0.8675275444984436,0.0,0.0
170.0,3.0,0.012640191242098808,10.59958267211914,10.59958267211914,0.8615756630897522,0.0,0.0,0.011379503645002842,10.149574279785156,10.149574279785156,0.8651891350746155,0.0,0.0
170.0,4.0,0.013311745598912239,10.436445236206055,10.436445236206055,0.8633537292480469,0.0,0.0,0.008689847774803638,10.802967071533203,10.802967071533203,0.8580657243728638,0.0,0.0
171.0,0.0,0.012003021314740181,10.449251174926758,10.449251174926758,0.8629074692726135,0.0,0.0,0.013926506042480469,10.75091552734375,10.75091552734375,0.8598601222038269,0.0,0.0
171.0,1.0,0.011407770216464996,10.456258773803711,10.456258773803711,0.8626585006713867,0.0,0.0,0.01630287803709507,10.722914695739746,10.722914695739746,0.8608545660972595,0.0,0.0
171.0,2.0,0.012577945366501808,10.606762886047363,10.606762886047363,0.8609914779663086,0.0,0.0,0.011628782376646996,10.120826721191406,10.120826721191406,0.8675276041030884,0.0,0.0
171.0,3.0,0.012640192173421383,10.599581718444824,10.599581718444824,0.8615749478340149,0.0,0.0,0.011379503645002842,10.149576187133789,10.149576187133789,0.8651888966560364,0.0,0.0
171.0,4.0,0.01331175398081541,10.436439514160156,10.436439514160156,0.863353967666626,0.0,0.0,0.008689844980835915,10.802964210510254,10.802964210510254,0.8580657839775085,0.0,0.0
172.0,0.0,0.012003028765320778,10.44924545288086,10.44924545288086,0.8629068732261658,0.0,0.0,0.013926508836448193,10.750917434692383,10.750917434692383,0.8598594665527344,0.0,0.0
172.0,1.0,0.011407786048948765,10.456258773803711,10.456258773803711,0.8626582622528076,0.0,0.0,0.016302870586514473,10.722912788391113,10.722912788391113,0.8608542680740356,0.0,0.0
172.0,2.0,0.012577943503856659,10.606759071350098,10.606759071350098,0.8609915375709534,0.0,0.0,0.01162878517061472,10.120826721191406,10.120826721191406,0.8675276041030884,0.0,0.0
172.0,3.0,0.012640192173421383,10.59958267211914,10.59958267211914,0.8615749478340149,0.0,0.0,0.011379506438970566,10.149576187133789,10.149576187133789,0.8651893138885498,0.0,0.0
172.0,4.0,0.01331172976642847,10.43644905090332,10.43644905090332,0.8633536696434021,0.0,0.0,0.008689846843481064,10.802964210510254,10.802964210510254,0.8580657243728638,0.0,0.0
173.0,0.0,0.012003028765320778,10.449243545532227,10.449243545532227,0.8629078269004822,0.0,0.0,0.013926508836448193,10.750917434692383,10.750917434692383,0.8598592877388,0.0,0.0
173.0,1.0,0.011407784186303616,10.45626449584961,10.45626449584961,0.8626578450202942,0.0,0.0,0.016302868723869324,10.722915649414062,10.722915649414062,0.8608543276786804,0.0,0.0
173.0,2.0,0.012577949091792107,10.606758117675781,10.606758117675781,0.8609916567802429,0.0,0.0,0.011628786101937294,10.120823860168457,10.120823860168457,0.8675271272659302,0.0,0.0
173.0,3.0,0.012640191242098808,10.59958553314209,10.59958553314209,0.8615748286247253,0.0,0.0,0.011379513889551163,10.149576187133789,10.149576187133789,0.8651894927024841,0.0,0.0
173.0,4.0,0.013311744667589664,10.436446189880371,10.436446189880371,0.8633548021316528,0.0,0.0,0.00868984591215849,10.802967071533203,10.802967071533203,0.858065664768219,0.0,0.0
174.0,0.0,0.01200302504003048,10.44925308227539,10.44925308227539,0.8629079461097717,0.0,0.0,0.013926506042480469,10.75091552734375,10.75091552734375,0.8598592877388,0.0,0.0
174.0,1.0,0.011407778598368168,10.456259727478027,10.456259727478027,0.8626587390899658,0.0,0.0,0.016302870586514473,10.72291374206543,10.72291374206543,0.8608545660972595,0.0,0.0
174.0,2.0,0.012577945366501808,10.606765747070312,10.606765747070312,0.8609908819198608,0.0,0.0,0.011628786101937294,10.120826721191406,10.120826721191406,0.8675273656845093,0.0,0.0
174.0,3.0,0.01264019776135683,10.599577903747559,10.599577903747559,0.8615754842758179,0.0,0.0,0.011379503645002842,10.149578094482422,10.149578094482422,0.8651888966560364,0.0,0.0
174.0,4.0,0.01331174373626709,10.436444282531738,10.436444282531738,0.8633543252944946,0.0,0.0,0.00868984404951334,10.802963256835938,10.802963256835938,0.8580656051635742,0.0,0.0
175.0,0.0,0.012003038078546524,10.449256896972656,10.449256896972656,0.8629083037376404,0.0,0.0,0.013926499523222446,10.7509183883667,10.7509183883667,0.8598593473434448,0.0,0.0
175.0,1.0,0.011407783254981041,10.456254005432129,10.456254005432129,0.8626587986946106,0.0,0.0,0.01630287803709507,10.722912788391113,10.722912788391113,0.8608545064926147,0.0,0.0
175.0,2.0,0.012577949091792107,10.60676097869873,10.60676097869873,0.8609916567802429,0.0,0.0,0.011628791689872742,10.120824813842773,10.120824813842773,0.8675269484519958,0.0,0.0
175.0,3.0,0.012640194967389107,10.599581718444824,10.599581718444824,0.8615755438804626,0.0,0.0,0.011379504576325417,10.149577140808105,10.149577140808105,0.8651896119117737,0.0,0.0
175.0,4.0,0.013311740010976791,10.436440467834473,10.436440467834473,0.8633546829223633,0.0,0.0,0.008689846843481064,10.802962303161621,10.802962303161621,0.8580653667449951,0.0,0.0
176.0,0.0,0.012003018520772457,10.449250221252441,10.449250221252441,0.8629071712493896,0.0,0.0,0.013926505111157894,10.750916481018066,10.750916481018066,0.8598594665527344,0.0,0.0
176.0,1.0,0.011407784186303616,10.456257820129395,10.456257820129395,0.862659215927124,0.0,0.0,0.016302866861224174,10.722918510437012,10.722918510437012,0.8608543276786804,0.0,0.0
176.0,2.0,0.012577949091792107,10.6067533493042,10.6067533493042,0.8609911203384399,0.0,0.0,0.011628788895905018,10.120828628540039,10.120828628540039,0.8675270676612854,0.0,0.0
176.0,3.0,0.012640193104743958,10.599580764770508,10.599580764770508,0.8615748286247253,0.0,0.0,0.011379510164260864,10.14957332611084,10.14957332611084,0.8651891350746155,0.0,0.0
176.0,4.0,0.013311750255525112,10.436443328857422,10.436443328857422,0.8633540868759155,0.0,0.0,0.008689846843481064,10.80296802520752,10.80296802520752,0.8580657839775085,0.0,0.0
177.0,0.0,0.012003029696643353,10.449249267578125,10.449249267578125,0.8629075884819031,0.0,0.0,0.01392650231719017,10.75091552734375,10.75091552734375,0.8598600625991821,0.0,0.0
177.0,1.0,0.011407781392335892,10.456256866455078,10.456256866455078,0.8626588582992554,0.0,0.0,0.016302872449159622,10.722915649414062,10.722915649414062,0.86085444688797,0.0,0.0
177.0,2.0,0.01257795374840498,10.606757164001465,10.606757164001465,0.8609912991523743,0.0,0.0,0.011628792621195316,10.120830535888672,10.120830535888672,0.8675273060798645,0.0,0.0
177.0,3.0,0.01264018565416336,10.599573135375977,10.599573135375977,0.8615753054618835,0.0,0.0,0.011379504576325417,10.149577140808105,10.149577140808105,0.8651888966560364,0.0,0.0
177.0,4.0,0.013311733491718769,10.436443328857422,10.436443328857422,0.8633541464805603,0.0,0.0,0.008689844980835915,10.802967071533203,10.802967071533203,0.858066201210022,0.0,0.0
178.0,0.0,0.012003022246062756,10.449250221252441,10.449250221252441,0.8629081845283508,0.0,0.0,0.013926503248512745,10.75091552734375,10.75091552734375,0.8598597645759583,0.0,0.0
178.0,1.0,0.011407779529690742,10.456256866455078,10.456256866455078,0.8626596331596375,0.0,0.0,0.01630287617444992,10.722914695739746,10.722914695739746,0.8608542084693909,0.0,0.0
178.0,2.0,0.012577957473695278,10.60676097869873,10.60676097869873,0.8609916567802429,0.0,0.0,0.011628788895905018,10.120824813842773,10.120824813842773,0.867527961730957,0.0,0.0
178.0,3.0,0.012640188448131084,10.599580764770508,10.599580764770508,0.8615744709968567,0.0,0.0,0.011379502713680267,10.149576187133789,10.149576187133789,0.8651893138885498,0.0,0.0
178.0,4.0,0.013311745598912239,10.436450958251953,10.436450958251953,0.8633530735969543,0.0,0.0,0.008689846843481064,10.80296802520752,10.80296802520752,0.8580659627914429,0.0,0.0
179.0,0.0,0.012003013864159584,10.449246406555176,10.449246406555176,0.8629090785980225,0.0,0.0,0.01392650231719017,10.7509126663208,10.7509126663208,0.8598592877388,0.0,0.0
179.0,1.0,0.011407784186303616,10.456266403198242,10.456266403198242,0.8626576662063599,0.0,0.0,0.016302872449159622,10.72291088104248,10.72291088104248,0.8608542084693909,0.0,0.0
179.0,2.0,0.012577943503856659,10.60676097869873,10.60676097869873,0.8609915375709534,0.0,0.0,0.011628791689872742,10.12082576751709,10.12082576751709,0.8675276637077332,0.0,0.0
179.0,3.0,0.012640188448131084,10.599581718444824,10.599581718444824,0.8615753054618835,0.0,0.0,0.011379503645002842,10.149577140808105,10.149577140808105,0.8651891350746155,0.0,0.0
179.0,4.0,0.01331174187362194,10.436440467834473,10.436440467834473,0.8633540868759155,0.0,0.0,0.008689846843481064,10.802963256835938,10.802963256835938,0.8580662608146667,0.0,0.0
180.0,0.0,0.01200302504003048,10.449244499206543,10.449244499206543,0.8629083633422852,0.0,0.0,0.013926501385867596,10.750916481018066,10.750916481018066,0.8598595857620239,0.0,0.0
180.0,1.0,0.011407772079110146,10.45626449584961,10.45626449584961,0.8626581430435181,0.0,0.0,0.01630287803709507,10.722912788391113,10.722912788391113,0.8608547449111938,0.0,0.0
180.0,2.0,0.012577936984598637,10.606757164001465,10.606757164001465,0.8609912991523743,0.0,0.0,0.011628778651356697,10.120826721191406,10.120826721191406,0.8675273060798645,0.0,0.0
180.0,3.0,0.012640189379453659,10.599574089050293,10.599574089050293,0.8615752458572388,0.0,0.0,0.011379504576325417,10.149574279785156,10.149574279785156,0.8651890158653259,0.0,0.0
180.0,4.0,0.01331174373626709,10.436444282531738,10.436444282531738,0.8633543252944946,0.0,0.0,0.008689844980835915,10.80296802520752,10.80296802520752,0.8580659627914429,0.0,0.0
181.0,0.0,0.012003039941191673,10.44924259185791,10.44924259185791,0.8629088997840881,0.0,0.0,0.013926506042480469,10.75091552734375,10.75091552734375,0.8598592877388,0.0,0.0
181.0,1.0,0.011407793499529362,10.456255912780762,10.456255912780762,0.8626586198806763,0.0,0.0,0.016302868723869324,10.72291374206543,10.72291374206543,0.8608545064926147,0.0,0.0
181.0,2.0,0.012577952817082405,10.60676097869873,10.60676097869873,0.860991895198822,0.0,0.0,0.011628794483840466,10.120830535888672,10.120830535888672,0.8675273060798645,0.0,0.0
181.0,3.0,0.012640189379453659,10.599580764770508,10.599580764770508,0.8615754842758179,0.0,0.0,0.011379503645002842,10.149575233459473,10.149575233459473,0.8651893138885498,0.0,0.0
181.0,4.0,0.013311737217009068,10.436442375183105,10.436442375183105,0.863353967666626,0.0,0.0,0.008689849637448788,10.802964210510254,10.802964210510254,0.8580661416053772,0.0,0.0
182.0,0.0,0.012003022246062756,10.449250221252441,10.449250221252441,0.862909197807312,0.0,0.0,0.013926506042480469,10.75091552734375,10.75091552734375,0.8598596453666687,0.0,0.0
182.0,1.0,0.011407777667045593,10.45626163482666,10.45626163482666,0.8626587390899658,0.0,0.0,0.01630287431180477,10.722914695739746,10.722914695739746,0.8608542084693909,0.0,0.0
182.0,2.0,0.012577959336340427,10.606759071350098,10.606759071350098,0.8609910011291504,0.0,0.0,0.011628787964582443,10.12082576751709,10.12082576751709,0.8675270676612854,0.0,0.0
182.0,3.0,0.012640188448131084,10.599580764770508,10.599580764770508,0.8615750074386597,0.0,0.0,0.011379504576325417,10.149575233459473,10.149575233459473,0.8651887774467468,0.0,0.0
182.0,4.0,0.013311746530234814,10.436448097229004,10.436448097229004,0.863353431224823,0.0,0.0,0.008689844980835915,10.802964210510254,10.802964210510254,0.8580657839775085,0.0,0.0
183.0,0.0,0.012003025971353054,10.44925308227539,10.44925308227539,0.862908661365509,0.0,0.0,0.013926506973803043,10.750913619995117,10.750913619995117,0.8598595261573792,0.0,0.0
183.0,1.0,0.011407775804400444,10.456260681152344,10.456260681152344,0.8626593351364136,0.0,0.0,0.01630287617444992,10.722915649414062,10.722915649414062,0.8608547449111938,0.0,0.0
183.0,2.0,0.01257795188575983,10.606756210327148,10.606756210327148,0.8609908819198608,0.0,0.0,0.011628791689872742,10.120830535888672,10.120830535888672,0.867527425289154,0.0,0.0
183.0,3.0,0.012640195898711681,10.599586486816406,10.599586486816406,0.8615753054618835,0.0,0.0,0.01137950737029314,10.149576187133789,10.149576187133789,0.8651890158653259,0.0,0.0
183.0,4.0,0.01331174187362194,10.436444282531738,10.436444282531738,0.8633538484573364,0.0,0.0,0.008689850568771362,10.802966117858887,10.802966117858887,0.8580657243728638,0.0,0.0
184.0,0.0,0.012003025971353054,10.44924259185791,10.44924259185791,0.8629084229469299,0.0,0.0,0.013926509767770767,10.750916481018066,10.750916481018066,0.8598594665527344,0.0,0.0
184.0,1.0,0.011407779529690742,10.456262588500977,10.456262588500977,0.8626589775085449,0.0,0.0,0.016302872449159622,10.722915649414062,10.722915649414062,0.8608545064926147,0.0,0.0
184.0,2.0,0.01257795374840498,10.606762886047363,10.606762886047363,0.8609915375709534,0.0,0.0,0.011628789827227592,10.120827674865723,10.120827674865723,0.8675275444984436,0.0,0.0
184.0,3.0,0.012640192173421383,10.599586486816406,10.599586486816406,0.8615744709968567,0.0,0.0,0.011379510164260864,10.149572372436523,10.149572372436523,0.8651887774467468,0.0,0.0
184.0,4.0,0.013311745598912239,10.43643569946289,10.43643569946289,0.8633541464805603,0.0,0.0,0.00868984591215849,10.802966117858887,10.802966117858887,0.8580661416053772,0.0,0.0
185.0,0.0,0.012003018520772457,10.449247360229492,10.449247360229492,0.8629080653190613,0.0,0.0,0.013926508836448193,10.750913619995117,10.750913619995117,0.859859049320221,0.0,0.0
185.0,1.0,0.011407798156142235,10.456268310546875,10.456268310546875,0.8626586198806763,0.0,0.0,0.01630287431180477,10.722914695739746,10.722914695739746,0.8608543276786804,0.0,0.0
185.0,2.0,0.012577944435179234,10.606754302978516,10.606754302978516,0.8609912991523743,0.0,0.0,0.011628786101937294,10.120828628540039,10.120828628540039,0.867527425289154,0.0,0.0
185.0,3.0,0.012640188448131084,10.59958553314209,10.59958553314209,0.861575722694397,0.0,0.0,0.011379508301615715,10.149575233459473,10.149575233459473,0.8651891350746155,0.0,0.0
185.0,4.0,0.013311746530234814,10.436437606811523,10.436437606811523,0.8633526563644409,0.0,0.0,0.008689846843481064,10.80296802520752,10.80296802520752,0.8580659031867981,0.0,0.0
186.0,0.0,0.012003021314740181,10.449250221252441,10.449250221252441,0.8629081845283508,0.0,0.0,0.013926506973803043,10.750917434692383,10.750917434692383,0.859859824180603,0.0,0.0
186.0,1.0,0.011407775804400444,10.456254959106445,10.456254959106445,0.8626583814620972,0.0,0.0,0.01630287431180477,10.72291374206543,10.72291374206543,0.8608547449111938,0.0,0.0
186.0,2.0,0.012577955611050129,10.606758117675781,10.606758117675781,0.8609912991523743,0.0,0.0,0.011628787964582443,10.120826721191406,10.120826721191406,0.8675271272659302,0.0,0.0
186.0,3.0,0.01264018751680851,10.599588394165039,10.599588394165039,0.8615763783454895,0.0,0.0,0.011379504576325417,10.149575233459473,10.149575233459473,0.8651891350746155,0.0,0.0
186.0,4.0,0.013311746530234814,10.436447143554688,10.436447143554688,0.8633539080619812,0.0,0.0,0.008689847774803638,10.802963256835938,10.802963256835938,0.8580659627914429,0.0,0.0
187.0,0.0,0.01200302317738533,10.449239730834961,10.449239730834961,0.8629074692726135,0.0,0.0,0.013926499523222446,10.750916481018066,10.750916481018066,0.8598595857620239,0.0,0.0
187.0,1.0,0.011407779529690742,10.456263542175293,10.456263542175293,0.8626587390899658,0.0,0.0,0.016302872449159622,10.722914695739746,10.722914695739746,0.8608542084693909,0.0,0.0
187.0,2.0,0.01257795374840498,10.606754302978516,10.606754302978516,0.8609917759895325,0.0,0.0,0.01162878517061472,10.120830535888672,10.120830535888672,0.867527186870575,0.0,0.0
187.0,3.0,0.012640192173421383,10.599586486816406,10.599586486816406,0.8615749478340149,0.0,0.0,0.011379511095583439,10.149576187133789,10.149576187133789,0.8651890754699707,0.0,0.0
187.0,4.0,0.013311740010976791,10.436448097229004,10.436448097229004,0.8633541464805603,0.0,0.0,0.008689844980835915,10.802963256835938,10.802963256835938,0.8580659627914429,0.0,0.0
188.0,0.0,0.012003019452095032,10.449247360229492,10.449247360229492,0.8629081845283508,0.0,0.0,0.013926505111157894,10.750913619995117,10.750913619995117,0.8598595857620239,0.0,0.0
188.0,1.0,0.011407789774239063,10.45626163482666,10.45626163482666,0.8626590371131897,0.0,0.0,0.01630287431180477,10.722914695739746,10.722914695739746,0.8608542680740356,0.0,0.0
188.0,2.0,0.012577943503856659,10.606749534606934,10.606749534606934,0.8609908819198608,0.0,0.0,0.011628789827227592,10.120826721191406,10.120826721191406,0.8675273060798645,0.0,0.0
188.0,3.0,0.012640188448131084,10.599580764770508,10.599580764770508,0.8615757822990417,0.0,0.0,0.011379503645002842,10.149577140808105,10.149577140808105,0.865189254283905,0.0,0.0
188.0,4.0,0.013311746530234814,10.436445236206055,10.436445236206055,0.8633536696434021,0.0,0.0,0.00868984591215849,10.802964210510254,10.802964210510254,0.8580659627914429,0.0,0.0
189.0,0.0,0.012003009207546711,10.449251174926758,10.449251174926758,0.8629081845283508,0.0,0.0,0.013926508836448193,10.750916481018066,10.750916481018066,0.8598592281341553,0.0,0.0
189.0,1.0,0.011407784186303616,10.456268310546875,10.456268310546875,0.8626592755317688,0.0,0.0,0.01630287431180477,10.72291374206543,10.72291374206543,0.8608550429344177,0.0,0.0
189.0,2.0,0.012577946297824383,10.60675048828125,10.60675048828125,0.8609916567802429,0.0,0.0,0.011628787964582443,10.120826721191406,10.120826721191406,0.8675277829170227,0.0,0.0
189.0,3.0,0.012640184722840786,10.599577903747559,10.599577903747559,0.8615754842758179,0.0,0.0,0.011379508301615715,10.149572372436523,10.149572372436523,0.8651890754699707,0.0,0.0
189.0,4.0,0.013311752118170261,10.436446189880371,10.436446189880371,0.8633533716201782,0.0,0.0,0.008689848706126213,10.802964210510254,10.802964210510254,0.858065664768219,0.0,0.0
190.0,0.0,0.012003021314740181,10.449241638183594,10.449241638183594,0.862908124923706,0.0,0.0,0.013926506042480469,10.750917434692383,10.750917434692383,0.859859824180603,0.0,0.0
190.0,1.0,0.011407770216464996,10.45626449584961,10.45626449584961,0.8626587390899658,0.0,0.0,0.01630287617444992,10.722912788391113,10.722912788391113,0.8608545660972595,0.0,0.0
190.0,2.0,0.01257795374840498,10.606749534606934,10.606749534606934,0.8609916567802429,0.0,0.0,0.01162878517061472,10.120828628540039,10.120828628540039,0.8675269484519958,0.0,0.0
190.0,3.0,0.01264018565416336,10.599580764770508,10.599580764770508,0.8615750670433044,0.0,0.0,0.011379508301615715,10.149574279785156,10.149574279785156,0.8651891350746155,0.0,0.0
190.0,4.0,0.013311740942299366,10.436439514160156,10.436439514160156,0.8633531928062439,0.0,0.0,0.008689844980835915,10.802967071533203,10.802967071533203,0.8580657243728638,0.0,0.0
191.0,0.0,0.012003030627965927,10.44925308227539,10.44925308227539,0.8629083037376404,0.0,0.0,0.013926503248512745,10.750916481018066,10.750916481018066,0.8598595261573792,0.0,0.0
191.0,1.0,0.011407787911593914,10.456254005432129,10.456254005432129,0.8626585602760315,0.0,0.0,0.016302868723869324,10.722912788391113,10.722912788391113,0.86085444688797,0.0,0.0
191.0,2.0,0.01257795188575983,10.606759071350098,10.606759071350098,0.8609912395477295,0.0,0.0,0.011628792621195316,10.120832443237305,10.120832443237305,0.8675273656845093,0.0,0.0
191.0,3.0,0.01264019962400198,10.599586486816406,10.599586486816406,0.8615754246711731,0.0,0.0,0.011379506438970566,10.149574279785156,10.149574279785156,0.8651888370513916,0.0,0.0
191.0,4.0,0.01331175398081541,10.43644905090332,10.43644905090332,0.8633542060852051,0.0,0.0,0.008689847774803638,10.802962303161621,10.802962303161621,0.858065664768219,0.0,0.0
192.0,0.0,0.012003013864159584,10.44925308227539,10.44925308227539,0.8629081845283508,0.0,0.0,0.013926501385867596,10.750917434692383,10.750917434692383,0.8598594665527344,0.0,0.0
192.0,1.0,0.011407775804400444,10.456268310546875,10.456268310546875,0.8626582622528076,0.0,0.0,0.016302868723869324,10.722912788391113,10.722912788391113,0.8608548045158386,0.0,0.0
192.0,2.0,0.012577937915921211,10.606757164001465,10.606757164001465,0.8609914779663086,0.0,0.0,0.01162878517061472,10.120824813842773,10.120824813842773,0.8675270676612854,0.0,0.0
192.0,3.0,0.01264018751680851,10.599584579467773,10.599584579467773,0.8615754842758179,0.0,0.0,0.011379502713680267,10.149574279785156,10.149574279785156,0.8651890754699707,0.0,0.0
192.0,4.0,0.013311744667589664,10.436443328857422,10.436443328857422,0.8633540868759155,0.0,0.0,0.008689846843481064,10.802966117858887,10.802966117858887,0.8580659627914429,0.0,0.0
193.0,0.0,0.012003015726804733,10.449254989624023,10.449254989624023,0.8629083037376404,0.0,0.0,0.013926509767770767,10.750916481018066,10.750916481018066,0.859859824180603,0.0,0.0
193.0,1.0,0.011407773941755295,10.45626449584961,10.45626449584961,0.8626600503921509,0.0,0.0,0.016302870586514473,10.722914695739746,10.722914695739746,0.8608542680740356,0.0,0.0
193.0,2.0,0.012577943503856659,10.606761932373047,10.606761932373047,0.8609921336174011,0.0,0.0,0.011628793552517891,10.120830535888672,10.120830535888672,0.8675273060798645,0.0,0.0
193.0,3.0,0.012640196830034256,10.599578857421875,10.599578857421875,0.8615744113922119,0.0,0.0,0.011379506438970566,10.149580001831055,10.149580001831055,0.8651893734931946,0.0,0.0
193.0,4.0,0.013311738148331642,10.436443328857422,10.436443328857422,0.8633543252944946,0.0,0.0,0.008689849637448788,10.802967071533203,10.802967071533203,0.8580659627914429,0.0,0.0
194.0,0.0,0.012003022246062756,10.449249267578125,10.449249267578125,0.8629068732261658,0.0,0.0,0.013926510699093342,10.7509183883667,10.7509183883667,0.8598595857620239,0.0,0.0
194.0,1.0,0.011407786048948765,10.456263542175293,10.456263542175293,0.8626583218574524,0.0,0.0,0.01630287431180477,10.722912788391113,10.722912788391113,0.8608546853065491,0.0,0.0
194.0,2.0,0.01257795374840498,10.606757164001465,10.606757164001465,0.8609914779663086,0.0,0.0,0.011628778651356697,10.120826721191406,10.120826721191406,0.8675271272659302,0.0,0.0
194.0,3.0,0.012640178203582764,10.599590301513672,10.599590301513672,0.8615760207176208,0.0,0.0,0.011379510164260864,10.149577140808105,10.149577140808105,0.865189254283905,0.0,0.0
194.0,4.0,0.01331174187362194,10.436447143554688,10.436447143554688,0.8633541464805603,0.0,0.0,0.008689841255545616,10.802964210510254,10.802964210510254,0.8580660223960876,0.0,0.0
195.0,0.0,0.012003026902675629,10.449249267578125,10.449249267578125,0.8629078269004822,0.0,0.0,0.013926503248512745,10.750913619995117,10.750913619995117,0.8598595261573792,0.0,0.0
195.0,1.0,0.011407793499529362,10.456266403198242,10.456266403198242,0.8626589775085449,0.0,0.0,0.01630287431180477,10.72291374206543,10.72291374206543,0.8608547449111938,0.0,0.0
195.0,2.0,0.012577949091792107,10.606746673583984,10.606746673583984,0.8609908223152161,0.0,0.0,0.011628780514001846,10.120830535888672,10.120830535888672,0.8675276637077332,0.0,0.0
195.0,3.0,0.012640194967389107,10.59958267211914,10.59958267211914,0.8615764379501343,0.0,0.0,0.011379511095583439,10.149576187133789,10.149576187133789,0.8651898503303528,0.0,0.0
195.0,4.0,0.013311745598912239,10.436447143554688,10.436447143554688,0.8633537292480469,0.0,0.0,0.00868984591215849,10.802963256835938,10.802963256835938,0.8580659031867981,0.0,0.0
196.0,0.0,0.01200301293283701,10.449251174926758,10.449251174926758,0.8629069924354553,0.0,0.0,0.013926506973803043,10.750920295715332,10.750920295715332,0.8598592877388,0.0,0.0
196.0,1.0,0.011407784186303616,10.456259727478027,10.456259727478027,0.8626583814620972,0.0,0.0,0.01630287803709507,10.72291374206543,10.72291374206543,0.8608547449111938,0.0,0.0
196.0,2.0,0.01257795188575983,10.60676097869873,10.60676097869873,0.8609915375709534,0.0,0.0,0.011628784239292145,10.12082576751709,10.12082576751709,0.867527425289154,0.0,0.0
196.0,3.0,0.012640183791518211,10.599577903747559,10.599577903747559,0.8615750670433044,0.0,0.0,0.011379504576325417,10.14957332611084,10.14957332611084,0.8651887774467468,0.0,0.0
196.0,4.0,0.01331174187362194,10.436454772949219,10.436454772949219,0.8633533120155334,0.0,0.0,0.008689844980835915,10.802967071533203,10.802967071533203,0.8580659031867981,0.0,0.0
197.0,0.0,0.01200301293283701,10.449246406555176,10.449246406555176,0.8629072308540344,0.0,0.0,0.013926506042480469,10.750916481018066,10.750916481018066,0.8598595261573792,0.0,0.0
197.0,1.0,0.01140777487307787,10.456257820129395,10.456257820129395,0.8626583814620972,0.0,0.0,0.016302870586514473,10.72291374206543,10.72291374206543,0.86085444688797,0.0,0.0
197.0,2.0,0.012577936053276062,10.606762886047363,10.606762886047363,0.8609917759895325,0.0,0.0,0.011628781445324421,10.120826721191406,10.120826721191406,0.8675270676612854,0.0,0.0
197.0,3.0,0.012640192173421383,10.599581718444824,10.599581718444824,0.8615752458572388,0.0,0.0,0.01137950737029314,10.149575233459473,10.149575233459473,0.8651888966560364,0.0,0.0
197.0,4.0,0.013311756774783134,10.436439514160156,10.436439514160156,0.8633533716201782,0.0,0.0,0.008689844980835915,10.802966117858887,10.802966117858887,0.8580659031867981,0.0,0.0
198.0,0.0,0.012003026902675629,10.449254035949707,10.449254035949707,0.8629075884819031,0.0,0.0,0.01392650231719017,10.75091552734375,10.75091552734375,0.8598592877388,0.0,0.0
198.0,1.0,0.011407782323658466,10.456260681152344,10.456260681152344,0.8626590967178345,0.0,0.0,0.01630287431180477,10.722914695739746,10.722914695739746,0.8608545064926147,0.0,0.0
198.0,2.0,0.012577946297824383,10.606757164001465,10.606757164001465,0.8609914779663086,0.0,0.0,0.011628788895905018,10.120828628540039,10.120828628540039,0.8675271272659302,0.0,0.0
198.0,3.0,0.012640184722840786,10.599581718444824,10.599581718444824,0.861574649810791,0.0,0.0,0.011379510164260864,10.149574279785156,10.149574279785156,0.8651888966560364,0.0,0.0
198.0,4.0,0.01331174373626709,10.436442375183105,10.436442375183105,0.8633542060852051,0.0,0.0,0.00868984591215849,10.802963256835938,10.802963256835938,0.8580657243728638,0.0,0.0
199.0,0.0,0.01200302317738533,10.44924259185791,10.44924259185791,0.8629079461097717,0.0,0.0,0.013926506042480469,10.750916481018066,10.750916481018066,0.8598595261573792,0.0,0.0
199.0,1.0,0.011407790705561638,10.456260681152344,10.456260681152344,0.8626583218574524,0.0,0.0,0.01630287431180477,10.722917556762695,10.722917556762695,0.8608547449111938,0.0,0.0
199.0,2.0,0.012577956542372704,10.60676097869873,10.60676097869873,0.8609910011291504,0.0,0.0,0.011628782376646996,10.120826721191406,10.120826721191406,0.8675273060798645,0.0,0.0
199.0,3.0,0.01264019776135683,10.599581718444824,10.599581718444824,0.8615756630897522,0.0,0.0,0.011379504576325417,10.149576187133789,10.149576187133789,0.8651891350746155,0.0,0.0
199.0,4.0,0.013311757706105709,10.436444282531738,10.436444282531738,0.863353967666626,0.0,0.0,0.008689844980835915,10.802963256835938,10.802963256835938,0.8580662608146667,0.0,0.0
