epoch,fold,dice_train,loss_train,bce_train,accuracy_train,precision_train,f1_train,dice_test,loss_test,bce_test,accuracy_test,precision_test,f1_test
0.0,0.0,0.36675575375556946,0.6332447528839111,2.2356748580932617,0.6960369944572449,0.2852187156677246,0.36905840039253235,0.5173035860061646,0.48269620537757874,1.7162760496139526,0.8346412181854248,0.4651305377483368,0.5175445675849915
0.0,1.0,0.22137874364852905,0.7786210775375366,7.5630784034729,0.8481320142745972,0.19890239834785461,0.21969307959079742,0.011171096004545689,0.9888290166854858,8.098382949829102,0.8748562932014465,0.0,0.0
0.0,2.0,0.014142237603664398,0.9858562350273132,10.948110580444336,0.8587502837181091,0.0,0.0,0.0021590839605778456,0.9978407621383667,10.70578384399414,0.8342636227607727,0.0,0.0
0.0,3.0,0.009721855632960796,0.990277111530304,10.890042304992676,0.8521453738212585,0.0,0.0,0.031478870660066605,0.9685215950012207,11.088800430297852,0.8778070211410522,0.0,0.0
0.0,4.0,0.014015518128871918,0.9859833121299744,10.727179527282715,0.8582000136375427,0.0,0.0,0.0027828761376440525,0.9972168207168579,12.185553550720215,0.8372936248779297,0.0,0.0
1.0,0.0,0.011685121804475784,0.9883134961128235,9.875462532043457,0.8609934449195862,0.0,0.0,0.014733970165252686,0.9852666258811951,13.495149612426758,0.8418585062026978,0.0,0.0
1.0,1.0,0.0132127171382308,0.9867872595787048,12.239204406738281,0.8463991284370422,0.0,0.0,0.011175138875842094,0.9888250231742859,8.098589897155762,0.8748562335968018,0.0,0.0
1.0,2.0,0.014157770201563835,0.9858404994010925,10.948225975036621,0.8587504625320435,0.0,0.0,0.002159136813133955,0.997840940952301,10.70578384399414,0.8342636227607727,0.0,0.0
1.0,3.0,0.009722943417727947,0.990276038646698,10.890043258666992,0.8521446585655212,0.0,0.0,0.031478870660066605,0.968521237373352,11.08880615234375,0.8778073787689209,0.0,0.0
1.0,4.0,0.014015848748385906,0.9859827160835266,10.727184295654297,0.8581998348236084,0.0,0.0,0.0027829078026115894,0.9972168207168579,12.185552597045898,0.8372937440872192,0.0,0.0
2.0,0.0,0.011685113422572613,0.9883146286010742,9.87546443939209,0.8609925508499146,0.0,0.0,0.014734291471540928,0.985266387462616,13.495148658752441,0.8418588638305664,0.0,0.0
2.0,1.0,0.01321281585842371,0.9867866635322571,12.239198684692383,0.8463990688323975,0.0,0.0,0.011175141669809818,0.9888251423835754,8.098596572875977,0.87485671043396,0.0,0.0
2.0,2.0,0.014157796278595924,0.9858404994010925,10.94825267791748,0.8587508797645569,0.0,0.0,0.0021591384429484606,0.9978411793708801,10.70578670501709,0.8342640995979309,0.0,0.0
2.0,3.0,0.009722950868308544,0.9902759194374084,10.890047073364258,0.8521453142166138,0.0,0.0,0.0314788818359375,0.9685213565826416,11.088802337646484,0.8778072595596313,0.0,0.0
2.0,4.0,0.014015847817063332,0.985982358455658,10.727170944213867,0.8582001328468323,0.0,0.0,0.002782907336950302,0.9972169399261475,12.185551643371582,0.8372935056686401,0.0,0.0
3.0,0.0,0.011685124598443508,0.988314688205719,9.875469207763672,0.8609932661056519,0.0,0.0,0.014734291471540928,0.9852651953697205,13.49514102935791,0.8418583273887634,0.0,0.0
3.0,1.0,0.01321282796561718,0.9867854714393616,12.239205360412598,0.8463990688323975,0.0,0.0,0.011175146326422691,0.9888250231742859,8.098596572875977,0.8748562932014465,0.0,0.0
3.0,2.0,0.014157782308757305,0.9858405590057373,10.94823169708252,0.8587490320205688,0.0,0.0,0.002159138210117817,0.997840940952301,10.705788612365723,0.8342635631561279,0.0,0.0
3.0,3.0,0.00972294993698597,0.9902771711349487,10.890046119689941,0.8521445989608765,0.0,0.0,0.0314788781106472,0.9685211777687073,11.088801383972168,0.877807080745697,0.0,0.0
3.0,4.0,0.014015854336321354,0.9859826564788818,10.727188110351562,0.858199417591095,0.0,0.0,0.0027829085011035204,0.9972167611122131,12.185553550720215,0.8372932076454163,0.0,0.0
4.0,0.0,0.01168511901050806,0.9883140921592712,9.875468254089355,0.860994279384613,0.0,0.0,0.014734290540218353,0.9852656126022339,13.495142936706543,0.8418586254119873,0.0,0.0
4.0,1.0,0.013212837278842926,0.9867867827415466,12.239211082458496,0.8463987708091736,0.0,0.0,0.011175139807164669,0.9888252019882202,8.098596572875977,0.8748565912246704,0.0,0.0
4.0,2.0,0.01415778137743473,0.9858409762382507,10.948234558105469,0.8587511777877808,0.0,0.0,0.0021591386757791042,0.9978408813476562,10.70578670501709,0.8342636227607727,0.0,0.0
4.0,3.0,0.009722946211695671,0.9902767539024353,10.89003849029541,0.8521449565887451,0.0,0.0,0.031478866934776306,0.9685212969779968,11.088802337646484,0.8778070211410522,0.0,0.0
4.0,4.0,0.014015846885740757,0.9859830141067505,10.727190017700195,0.85820072889328,0.0,0.0,0.0027829075697809458,0.9972169399261475,12.185553550720215,0.8372936844825745,0.0,0.0
5.0,0.0,0.011685124598443508,0.9883134961128235,9.87545394897461,0.8609931468963623,0.0,0.0,0.014734295196831226,0.9852654337882996,13.495144844055176,0.8418581485748291,0.0,0.0
5.0,1.0,0.01321282796561718,0.9867861270904541,12.239202499389648,0.8463985323905945,0.0,0.0,0.011175140738487244,0.9888250231742859,8.098596572875977,0.8748565316200256,0.0,0.0
5.0,2.0,0.014157780446112156,0.9858408570289612,10.94822883605957,0.8587498664855957,0.0,0.0,0.002159138210117817,0.9978405237197876,10.705787658691406,0.834263801574707,0.0,0.0
5.0,3.0,0.009722940623760223,0.9902760982513428,10.890043258666992,0.8521450161933899,0.0,0.0,0.0314788743853569,0.968521237373352,11.088802337646484,0.8778071403503418,0.0,0.0
5.0,4.0,0.014015854336321354,0.9859829545021057,10.727188110351562,0.8582003116607666,0.0,0.0,0.0027829085011035204,0.9972167015075684,12.185554504394531,0.8372935056686401,0.0,0.0
6.0,0.0,0.011685122735798359,0.9883140921592712,9.87546157836914,0.8609936833381653,0.0,0.0,0.014734293334186077,0.9852662682533264,13.495149612426758,0.8418586254119873,0.0,0.0
6.0,1.0,0.013212821446359158,0.9867861270904541,12.239203453063965,0.8463983535766602,0.0,0.0,0.011175133287906647,0.9888248443603516,8.098596572875977,0.8748564124107361,0.0,0.0
6.0,2.0,0.014157794415950775,0.9858403205871582,10.94823169708252,0.8587510585784912,0.0,0.0,0.0021591377444565296,0.9978410601615906,10.705784797668457,0.834263801574707,0.0,0.0
6.0,3.0,0.009722944349050522,0.9902762770652771,10.89005184173584,0.8521445393562317,0.0,0.0,0.031478870660066605,0.9685211777687073,11.088800430297852,0.8778073787689209,0.0,0.0
6.0,4.0,0.014015852473676205,0.9859827160835266,10.727178573608398,0.8582003116607666,0.0,0.0,0.002782908733934164,0.9972169995307922,12.185551643371582,0.8372936844825745,0.0,0.0
7.0,0.0,0.011685136705636978,0.988314151763916,9.875463485717773,0.8609939813613892,0.0,0.0,0.014734282158315182,0.9852659702301025,13.49514102935791,0.8418585062026978,0.0,0.0
7.0,1.0,0.013212832622230053,0.9867864847183228,12.239202499389648,0.8463984131813049,0.0,0.0,0.011175142601132393,0.9888243079185486,8.098594665527344,0.8748570084571838,0.0,0.0
7.0,2.0,0.014157777652144432,0.9858408570289612,10.948235511779785,0.8587502241134644,0.0,0.0,0.0021591384429484606,0.9978407621383667,10.705782890319824,0.8342637419700623,0.0,0.0
7.0,3.0,0.009722950868308544,0.9902767539024353,10.890052795410156,0.8521446585655212,0.0,0.0,0.0314788743853569,0.9685212969779968,11.0888032913208,0.8778072595596313,0.0,0.0
7.0,4.0,0.014015856198966503,0.9859820604324341,10.72717571258545,0.8581997752189636,0.0,0.0,0.0027829075697809458,0.9972169399261475,12.185553550720215,0.8372935652732849,0.0,0.0
8.0,0.0,0.01168511901050806,0.9883124828338623,9.875468254089355,0.8609936833381653,0.0,0.0,0.014734295196831226,0.9852666258811951,13.495149612426758,0.8418587446212769,0.0,0.0
8.0,1.0,0.013212834484875202,0.9867863059043884,12.239202499389648,0.8463988900184631,0.0,0.0,0.011175143532454967,0.9888246059417725,8.098596572875977,0.8748565316200256,0.0,0.0
8.0,2.0,0.014157797209918499,0.9858397841453552,10.948229789733887,0.8587505221366882,0.0,0.0,0.002159137511625886,0.9978407621383667,10.705787658691406,0.8342639207839966,0.0,0.0
8.0,3.0,0.00972294807434082,0.9902771711349487,10.89005184173584,0.8521443605422974,0.0,0.0,0.03147886320948601,0.9685212969779968,11.088801383972168,0.8778071999549866,0.0,0.0
8.0,4.0,0.014015860855579376,0.9859825968742371,10.727182388305664,0.8581998348236084,0.0,0.0,0.002782908733934164,0.9972167611122131,12.18554973602295,0.8372932076454163,0.0,0.0
9.0,0.0,0.011685128323733807,0.9883134961128235,9.875460624694824,0.8609936833381653,0.0,0.0,0.014734290540218353,0.9852660894393921,13.495146751403809,0.8418588638305664,0.0,0.0
9.0,1.0,0.013212824240326881,0.9867863059043884,12.239202499389648,0.8463985323905945,0.0,0.0,0.011175142601132393,0.9888253211975098,8.098596572875977,0.8748558163642883,0.0,0.0
9.0,2.0,0.014157791621983051,0.9858413934707642,10.948238372802734,0.8587502837181091,0.0,0.0,0.0021591386757791042,0.9978406429290771,10.705784797668457,0.8342635631561279,0.0,0.0
9.0,3.0,0.00972294807434082,0.9902758598327637,10.890040397644043,0.852144718170166,0.0,0.0,0.0314788743853569,0.9685210585594177,11.0888032913208,0.877807080745697,0.0,0.0
9.0,4.0,0.014015860855579376,0.9859822392463684,10.727178573608398,0.8582001328468323,0.0,0.0,0.0027829082682728767,0.9972171187400818,12.185555458068848,0.837293267250061,0.0,0.0
10.0,0.0,0.01168511901050806,0.9883139133453369,9.875465393066406,0.8609930872917175,0.0,0.0,0.014734284952282906,0.9852661490440369,13.49514102935791,0.8418585658073425,0.0,0.0
10.0,1.0,0.013212827034294605,0.9867866039276123,12.239206314086914,0.8463991284370422,0.0,0.0,0.011175145395100117,0.9888249039649963,8.098593711853027,0.8748564124107361,0.0,0.0
10.0,2.0,0.014157790690660477,0.9858402609825134,10.948234558105469,0.8587499856948853,0.0,0.0,0.0021591377444565296,0.9978407621383667,10.705787658691406,0.8342635035514832,0.0,0.0
10.0,3.0,0.009722944349050522,0.9902762770652771,10.890058517456055,0.8521443009376526,0.0,0.0,0.0314788743853569,0.9685210585594177,11.088800430297852,0.8778071403503418,0.0,0.0
10.0,4.0,0.014015856198966503,0.9859824180603027,10.727188110351562,0.8581998348236084,0.0,0.0,0.0027829082682728767,0.9972167611122131,12.185552597045898,0.837293267250061,0.0,0.0
11.0,0.0,0.01168511901050806,0.9883133769035339,9.875460624694824,0.8609938025474548,0.0,0.0,0.014734286814928055,0.9852660894393921,13.495152473449707,0.841858446598053,0.0,0.0
11.0,1.0,0.013212816789746284,0.986786425113678,12.239211082458496,0.8463985323905945,0.0,0.0,0.011175145395100117,0.9888256192207336,8.098592758178711,0.8748565316200256,0.0,0.0
11.0,2.0,0.014157788828015327,0.9858405590057373,10.94823932647705,0.8587498664855957,0.0,0.0,0.002159138210117817,0.9978405237197876,10.705785751342773,0.8342639207839966,0.0,0.0
11.0,3.0,0.009722942486405373,0.9902769327163696,10.890047073364258,0.8521449565887451,0.0,0.0,0.0314788743853569,0.9685207009315491,11.088798522949219,0.8778072595596313,0.0,0.0
11.0,4.0,0.014015847817063332,0.9859833717346191,10.727176666259766,0.8581995964050293,0.0,0.0,0.002782906871289015,0.9972168207168579,12.185554504394531,0.8372931480407715,0.0,0.0
12.0,0.0,0.011685113422572613,0.988314151763916,9.87546443939209,0.8609941601753235,0.0,0.0,0.014734293334186077,0.9852660894393921,13.495150566101074,0.8418588042259216,0.0,0.0
12.0,1.0,0.013212819583714008,0.9867867827415466,12.239204406738281,0.8463988900184631,0.0,0.0,0.01117513608187437,0.9888243079185486,8.098596572875977,0.87485671043396,0.0,0.0
12.0,2.0,0.014157796278595924,0.985840916633606,10.948229789733887,0.8587496280670166,0.0,0.0,0.0021591365803033113,0.9978408813476562,10.705789566040039,0.8342636227607727,0.0,0.0
12.0,3.0,0.009722946211695671,0.9902753829956055,10.890053749084473,0.8521443605422974,0.0,0.0,0.0314788818359375,0.968521237373352,11.088800430297852,0.8778074383735657,0.0,0.0
12.0,4.0,0.014015864580869675,0.9859817028045654,10.72718334197998,0.8581995964050293,0.0,0.0,0.0027829085011035204,0.9972167611122131,12.185552597045898,0.8372936248779297,0.0,0.0
13.0,0.0,0.011685121804475784,0.9883139729499817,9.87546157836914,0.8609941601753235,0.0,0.0,0.014734295196831226,0.9852661490440369,13.495146751403809,0.8418583273887634,0.0,0.0
13.0,1.0,0.013212827034294605,0.9867857694625854,12.239201545715332,0.8463989496231079,0.0,0.0,0.011175138875842094,0.9888248443603516,8.098592758178711,0.8748565316200256,0.0,0.0
13.0,2.0,0.014157787896692753,0.9858404397964478,10.948235511779785,0.8587502241134644,0.0,0.0,0.002159137511625886,0.997840940952301,10.70578670501709,0.8342638611793518,0.0,0.0
13.0,3.0,0.00972294993698597,0.9902773499488831,10.890049934387207,0.8521442413330078,0.0,0.0,0.031478870660066605,0.9685213565826416,11.0888032913208,0.8778070211410522,0.0,0.0
13.0,4.0,0.014015864580869675,0.9859824776649475,10.727179527282715,0.8581998944282532,0.0,0.0,0.0027829085011035204,0.9972168803215027,12.185545921325684,0.837293267250061,0.0,0.0
14.0,0.0,0.011685121804475784,0.9883139133453369,9.875463485717773,0.8609939813613892,0.0,0.0,0.014734288677573204,0.9852660894393921,13.495145797729492,0.8418586850166321,0.0,0.0
14.0,1.0,0.013212824240326881,0.9867866039276123,12.239202499389648,0.8463975191116333,0.0,0.0,0.011175137013196945,0.9888249039649963,8.098597526550293,0.8748562335968018,0.0,0.0
14.0,2.0,0.014157779514789581,0.9858409762382507,10.948238372802734,0.8587502837181091,0.0,0.0,0.002159137511625886,0.9978407621383667,10.705784797668457,0.8342635035514832,0.0,0.0
14.0,3.0,0.009722955524921417,0.9902762174606323,10.890057563781738,0.8521449565887451,0.0,0.0,0.0314788743853569,0.968521237373352,11.088801383972168,0.8778071403503418,0.0,0.0
14.0,4.0,0.01401586178690195,0.9859822988510132,10.727187156677246,0.8581992387771606,0.0,0.0,0.002782908733934164,0.9972169995307922,12.185550689697266,0.837293803691864,0.0,0.0
15.0,0.0,0.011685125529766083,0.9883139133453369,9.875455856323242,0.8609940409660339,0.0,0.0,0.014734295196831226,0.9852650761604309,13.49514389038086,0.841858446598053,0.0,0.0
15.0,1.0,0.01321282796561718,0.9867867827415466,12.239192962646484,0.8463985919952393,0.0,0.0,0.011175132356584072,0.9888239502906799,8.098599433898926,0.8748564124107361,0.0,0.0
15.0,2.0,0.0141577934846282,0.9858406782150269,10.94823169708252,0.8587501645088196,0.0,0.0,0.0021591384429484606,0.9978405237197876,10.70578384399414,0.8342634439468384,0.0,0.0
15.0,3.0,0.009722938761115074,0.9902762174606323,10.890058517456055,0.852144718170166,0.0,0.0,0.0314788743853569,0.9685211777687073,11.088801383972168,0.8778073787689209,0.0,0.0
15.0,4.0,0.0140158636495471,0.9859822988510132,10.727182388305664,0.8581990599632263,0.0,0.0,0.0027829082682728767,0.997216522693634,12.185553550720215,0.8372935056686401,0.0,0.0
16.0,0.0,0.011685113422572613,0.9883137345314026,9.875463485717773,0.8609932661056519,0.0,0.0,0.014734286814928055,0.9852661490440369,13.495146751403809,0.8418582081794739,0.0,0.0
16.0,1.0,0.013212834484875202,0.9867868423461914,12.239202499389648,0.8463995456695557,0.0,0.0,0.011175140738487244,0.9888248443603516,8.098594665527344,0.8748565316200256,0.0,0.0
16.0,2.0,0.014157790690660477,0.9858404994010925,10.94823932647705,0.8587499260902405,0.0,0.0,0.0021591379772871733,0.9978407621383667,10.70578670501709,0.8342636227607727,0.0,0.0
16.0,3.0,0.009722949005663395,0.9902762770652771,10.890053749084473,0.8521445989608765,0.0,0.0,0.0314788781106472,0.9685209393501282,11.088804244995117,0.8778070211410522,0.0,0.0
16.0,4.0,0.01401584967970848,0.985982358455658,10.727192878723145,0.8581994771957397,0.0,0.0,0.0027829071041196585,0.9972171783447266,12.185553550720215,0.8372936248779297,0.0,0.0
17.0,0.0,0.011685122735798359,0.9883140921592712,9.875458717346191,0.8609932661056519,0.0,0.0,0.014734290540218353,0.985266387462616,13.495144844055176,0.841858446598053,0.0,0.0
17.0,1.0,0.01321282796561718,0.9867868423461914,12.239208221435547,0.8463981747627258,0.0,0.0,0.011175138875842094,0.9888248443603516,8.098596572875977,0.8748565912246704,0.0,0.0
17.0,2.0,0.014157776720821857,0.9858411550521851,10.948248863220215,0.8587504625320435,0.0,0.0,0.0021591372787952423,0.9978408813476562,10.70578384399414,0.8342639207839966,0.0,0.0
17.0,3.0,0.009722946211695671,0.9902764558792114,10.890048027038574,0.8521456122398376,0.0,0.0,0.0314788818359375,0.9685209393501282,11.0888032913208,0.8778072595596313,0.0,0.0
17.0,4.0,0.014015870168805122,0.9859824776649475,10.72717571258545,0.858199954032898,0.0,0.0,0.002782907336950302,0.9972171187400818,12.185556411743164,0.8372936248779297,0.0,0.0
18.0,0.0,0.01168511901050806,0.9883134961128235,9.875460624694824,0.860994279384613,0.0,0.0,0.014734290540218353,0.9852657318115234,13.495155334472656,0.8418588042259216,0.0,0.0
18.0,1.0,0.013212819583714008,0.9867859482765198,12.239202499389648,0.8463984131813049,0.0,0.0,0.011175134219229221,0.9888246059417725,8.098596572875977,0.8748565316200256,0.0,0.0
18.0,2.0,0.014157790690660477,0.9858408570289612,10.948222160339355,0.8587502241134644,0.0,0.0,0.002159138210117817,0.9978406429290771,10.705785751342773,0.8342637419700623,0.0,0.0
18.0,3.0,0.009722953662276268,0.990276575088501,10.890057563781738,0.8521443009376526,0.0,0.0,0.031478866934776306,0.9685208797454834,11.08880615234375,0.8778071999549866,0.0,0.0
18.0,4.0,0.014015858061611652,0.9859822392463684,10.727188110351562,0.8581997752189636,0.0,0.0,0.0027829078026115894,0.9972169399261475,12.185552597045898,0.8372934460639954,0.0,0.0
19.0,0.0,0.011685115285217762,0.9883133769035339,9.875463485717773,0.8609941601753235,0.0,0.0,0.014734295196831226,0.9852659702301025,13.495147705078125,0.8418587446212769,0.0,0.0
19.0,1.0,0.01321282796561718,0.9867876768112183,12.239209175109863,0.8463984131813049,0.0,0.0,0.011175144463777542,0.9888248443603516,8.09859561920166,0.87485671043396,0.0,0.0
19.0,2.0,0.014157797209918499,0.9858408570289612,10.948225975036621,0.8587510585784912,0.0,0.0,0.0021591379772871733,0.9978406429290771,10.705784797668457,0.8342636227607727,0.0,0.0
19.0,3.0,0.009722946211695671,0.9902760982513428,10.890055656433105,0.8521446585655212,0.0,0.0,0.0314788781106472,0.9685212969779968,11.088802337646484,0.8778071403503418,0.0,0.0
19.0,4.0,0.014015858992934227,0.9859827160835266,10.727173805236816,0.8581996560096741,0.0,0.0,0.0027829089667648077,0.9972168803215027,12.18554973602295,0.837293267250061,0.0,0.0
20.0,0.0,0.011685119941830635,0.9883133769035339,9.875468254089355,0.860993504524231,0.0,0.0,0.014734282158315182,0.9852661490440369,13.495152473449707,0.8418586254119873,0.0,0.0
20.0,1.0,0.01321281399577856,0.986786425113678,12.239206314086914,0.8463984131813049,0.0,0.0,0.011175142601132393,0.9888250231742859,8.098596572875977,0.8748565316200256,0.0,0.0
20.0,2.0,0.0141577934846282,0.9858419299125671,10.948240280151367,0.8587506413459778,0.0,0.0,0.0021591377444565296,0.9978408813476562,10.705784797668457,0.8342639207839966,0.0,0.0
20.0,3.0,0.009722940623760223,0.990276038646698,10.890046119689941,0.8521445989608765,0.0,0.0,0.0314788743853569,0.9685209393501282,11.088807106018066,0.8778070211410522,0.0,0.0
20.0,4.0,0.014015859924256802,0.9859819412231445,10.727184295654297,0.8581995964050293,0.0,0.0,0.0027829089667648077,0.9972173571586609,12.185553550720215,0.8372934460639954,0.0,0.0
21.0,0.0,0.011685125529766083,0.9883144497871399,9.875468254089355,0.8609936237335205,0.0,0.0,0.014734291471540928,0.9852662682533264,13.495152473449707,0.841858446598053,0.0,0.0
21.0,1.0,0.01321282796561718,0.9867864847183228,12.239204406738281,0.8463985323905945,0.0,0.0,0.011175144463777542,0.988824725151062,8.098599433898926,0.87485671043396,0.0,0.0
21.0,2.0,0.014157791621983051,0.9858404994010925,10.948234558105469,0.8587501049041748,0.0,0.0,0.0021591379772871733,0.9978407621383667,10.705788612365723,0.834263801574707,0.0,0.0
21.0,3.0,0.009722946211695671,0.9902769923210144,10.890049934387207,0.8521453738212585,0.0,0.0,0.0314788743853569,0.9685210585594177,11.088802337646484,0.8778071999549866,0.0,0.0
21.0,4.0,0.014015838503837585,0.9859828352928162,10.727181434631348,0.8581995964050293,0.0,0.0,0.0027829075697809458,0.9972167611122131,12.185554504394531,0.8372933864593506,0.0,0.0
22.0,0.0,0.011685115285217762,0.9883146286010742,9.875466346740723,0.8609929084777832,0.0,0.0,0.014734295196831226,0.985265851020813,13.495148658752441,0.8418586254119873,0.0,0.0
22.0,1.0,0.013212818652391434,0.9867861270904541,12.239208221435547,0.8463991284370422,0.0,0.0,0.011175149120390415,0.9888245463371277,8.098593711853027,0.8748565316200256,0.0,0.0
22.0,2.0,0.014157796278595924,0.9858402609825134,10.94823932647705,0.8587499856948853,0.0,0.0,0.0021591384429484606,0.9978405237197876,10.705781936645508,0.8342638611793518,0.0,0.0
22.0,3.0,0.009722953662276268,0.9902762770652771,10.890042304992676,0.8521450757980347,0.0,0.0,0.0314788743853569,0.968521237373352,11.088800430297852,0.8778071403503418,0.0,0.0
22.0,4.0,0.014015860855579376,0.9859820604324341,10.72718334197998,0.8582000136375427,0.0,0.0,0.0027829078026115894,0.9972167611122131,12.185552597045898,0.8372933864593506,0.0,0.0
23.0,0.0,0.011685124598443508,0.9883140921592712,9.875456809997559,0.8609928488731384,0.0,0.0,0.014734291471540928,0.9852655529975891,13.495146751403809,0.8418586254119873,0.0,0.0
23.0,1.0,0.013212824240326881,0.9867863059043884,12.239203453063965,0.8463983535766602,0.0,0.0,0.011175130493938923,0.9888255000114441,8.098596572875977,0.8748565316200256,0.0,0.0
23.0,2.0,0.01415778137743473,0.9858405590057373,10.948237419128418,0.8587499856948853,0.0,0.0,0.0021591386757791042,0.997840404510498,10.705790519714355,0.8342636227607727,0.0,0.0
23.0,3.0,0.00972294807434082,0.9902769327163696,10.890055656433105,0.8521446585655212,0.0,0.0,0.03147886320948601,0.9685213565826416,11.088798522949219,0.877807080745697,0.0,0.0
23.0,4.0,0.01401585340499878,0.9859833717346191,10.727173805236816,0.8582000136375427,0.0,0.0,0.0027829085011035204,0.9972169399261475,12.185547828674316,0.8372934460639954,0.0,0.0
24.0,0.0,0.011685118079185486,0.9883144497871399,9.875457763671875,0.8609938025474548,0.0,0.0,0.014734290540218353,0.9852660894393921,13.495148658752441,0.8418585658073425,0.0,0.0
24.0,1.0,0.013212830759584904,0.9867870807647705,12.239209175109863,0.8463979363441467,0.0,0.0,0.011175143532454967,0.9888251423835754,8.098591804504395,0.87485671043396,0.0,0.0
24.0,2.0,0.014157799072563648,0.9858396053314209,10.94822883605957,0.8587512969970703,0.0,0.0,0.0021591377444565296,0.9978408813476562,10.70578670501709,0.834263801574707,0.0,0.0
24.0,3.0,0.009722944349050522,0.9902763962745667,10.890052795410156,0.8521445989608765,0.0,0.0,0.031478870660066605,0.9685211777687073,11.088800430297852,0.8778072595596313,0.0,0.0
24.0,4.0,0.01401585340499878,0.9859834313392639,10.727182388305664,0.8581987619400024,0.0,0.0,0.0027829091995954514,0.997217059135437,12.185553550720215,0.8372930288314819,0.0,0.0
25.0,0.0,0.011685122735798359,0.988313615322113,9.875468254089355,0.8609921932220459,0.0,0.0,0.0147342998534441,0.985265851020813,13.495146751403809,0.8418586850166321,0.0,0.0
25.0,1.0,0.01321281585842371,0.9867864847183228,12.239206314086914,0.8463984131813049,0.0,0.0,0.011175144463777542,0.9888253211975098,8.098591804504395,0.8748564124107361,0.0,0.0
25.0,2.0,0.0141577934846282,0.9858396053314209,10.948232650756836,0.8587505221366882,0.0,0.0,0.0021591379772871733,0.9978408813476562,10.705782890319824,0.8342635035514832,0.0,0.0
25.0,3.0,0.009722943417727947,0.990277111530304,10.89006519317627,0.852144181728363,0.0,0.0,0.031478866934776306,0.9685214757919312,11.088801383972168,0.8778072595596313,0.0,0.0
25.0,4.0,0.014015858061611652,0.9859831929206848,10.727184295654297,0.8581995964050293,0.0,0.0,0.0027829082682728767,0.9972168803215027,12.185555458068848,0.8372935056686401,0.0,0.0
26.0,0.0,0.011685122735798359,0.9883135557174683,9.875459671020508,0.8609936833381653,0.0,0.0,0.014734286814928055,0.9852654337882996,13.495149612426758,0.8418588042259216,0.0,0.0
26.0,1.0,0.013212829828262329,0.9867866039276123,12.239204406738281,0.8463985919952393,0.0,0.0,0.011175140738487244,0.9888248443603516,8.098593711853027,0.8748565912246704,0.0,0.0
26.0,2.0,0.01415780559182167,0.9858424067497253,10.94823169708252,0.8587510585784912,0.0,0.0,0.0021591379772871733,0.9978407621383667,10.70578670501709,0.8342636823654175,0.0,0.0
26.0,3.0,0.009722944349050522,0.9902759194374084,10.890043258666992,0.8521453142166138,0.0,0.0,0.0314788892865181,0.9685211181640625,11.088804244995117,0.8778067827224731,0.0,0.0
26.0,4.0,0.014015854336321354,0.9859816431999207,10.727190971374512,0.8581995964050293,0.0,0.0,0.002782908733934164,0.9972169995307922,12.185554504394531,0.8372934460639954,0.0,0.0
27.0,0.0,0.011685127392411232,0.9883134961128235,9.875470161437988,0.8609936833381653,0.0,0.0,0.014734295196831226,0.9852660894393921,13.49515151977539,0.8418583869934082,0.0,0.0
27.0,1.0,0.013212824240326881,0.9867854118347168,12.239203453063965,0.8463984131813049,0.0,0.0,0.011175142601132393,0.988824725151062,8.098599433898926,0.87485671043396,0.0,0.0
27.0,2.0,0.014157798141241074,0.9858404994010925,10.94823169708252,0.8587508797645569,0.0,0.0,0.0021591377444565296,0.997840940952301,10.705788612365723,0.8342636227607727,0.0,0.0
27.0,3.0,0.009722953662276268,0.9902769327163696,10.890058517456055,0.8521446585655212,0.0,0.0,0.0314788743853569,0.9685213565826416,11.088800430297852,0.8778071999549866,0.0,0.0
27.0,4.0,0.0140158636495471,0.9859824776649475,10.727178573608398,0.8581998348236084,0.0,0.0,0.0027829082682728767,0.9972167015075684,12.185552597045898,0.8372933268547058,0.0,0.0
28.0,0.0,0.011685125529766083,0.9883137345314026,9.875463485717773,0.8609940409660339,0.0,0.0,0.014734284952282906,0.9852662682533264,13.495146751403809,0.8418586254119873,0.0,0.0
28.0,1.0,0.013212824240326881,0.9867867827415466,12.239201545715332,0.8463982343673706,0.0,0.0,0.011175140738487244,0.988824725151062,8.098596572875977,0.8748565912246704,0.0,0.0
28.0,2.0,0.014157786965370178,0.9858408570289612,10.948243141174316,0.8587504625320435,0.0,0.0,0.0021591372787952423,0.9978407621383667,10.705780982971191,0.8342636227607727,0.0,0.0
28.0,3.0,0.00972294807434082,0.9902761578559875,10.890052795410156,0.8521448969841003,0.0,0.0,0.031478866934776306,0.968520998954773,11.088801383972168,0.8778072595596313,0.0,0.0
28.0,4.0,0.01401585340499878,0.9859824776649475,10.72717571258545,0.8582003116607666,0.0,0.0,0.0027829082682728767,0.9972171187400818,12.185555458068848,0.8372934460639954,0.0,0.0
29.0,0.0,0.011685112491250038,0.9883142709732056,9.87546157836914,0.8609942197799683,0.0,0.0,0.014734293334186077,0.985265851020813,13.495152473449707,0.841858446598053,0.0,0.0
29.0,1.0,0.013212825171649456,0.9867863059043884,12.2391996383667,0.8463990688323975,0.0,0.0,0.011175139807164669,0.9888248443603516,8.09859848022461,0.8748568296432495,0.0,0.0
29.0,2.0,0.014157785102725029,0.9858399629592896,10.948243141174316,0.8587502241134644,0.0,0.0,0.002159137511625886,0.9978407621383667,10.70578670501709,0.8342636823654175,0.0,0.0
29.0,3.0,0.00972294807434082,0.990277111530304,10.890043258666992,0.8521450161933899,0.0,0.0,0.0314788818359375,0.9685212969779968,11.088804244995117,0.8778072595596313,0.0,0.0
29.0,4.0,0.01401586178690195,0.98598313331604,10.727184295654297,0.8581995368003845,0.0,0.0,0.002782908733934164,0.9972168207168579,12.185551643371582,0.8372933864593506,0.0,0.0
30.0,0.0,0.011685118079185486,0.9883139133453369,9.875455856323242,0.8609938621520996,0.0,0.0,0.014734284952282906,0.9852657318115234,13.495141983032227,0.8418582677841187,0.0,0.0
30.0,1.0,0.013212824240326881,0.9867857694625854,12.239202499389648,0.8463987708091736,0.0,0.0,0.011175137013196945,0.9888252019882202,8.098599433898926,0.87485671043396,0.0,0.0
30.0,2.0,0.014157788828015327,0.9858409762382507,10.948235511779785,0.8587502241134644,0.0,0.0,0.0021591370459645987,0.9978407621383667,10.705784797668457,0.8342637419700623,0.0,0.0
30.0,3.0,0.0097229378297925,0.9902769327163696,10.890047073364258,0.8521438837051392,0.0,0.0,0.0314788781106472,0.968520998954773,11.088808059692383,0.8778071999549866,0.0,0.0
30.0,4.0,0.01401584967970848,0.985982358455658,10.727184295654297,0.8581990599632263,0.0,0.0,0.0027829085011035204,0.9972171187400818,12.185553550720215,0.8372933268547058,0.0,0.0
31.0,0.0,0.011685119941830635,0.9883145093917847,9.875466346740723,0.8609934449195862,0.0,0.0,0.014734282158315182,0.9852659702301025,13.495152473449707,0.8418583869934082,0.0,0.0
31.0,1.0,0.013212827034294605,0.9867867827415466,12.239202499389648,0.8463982343673706,0.0,0.0,0.011175137013196945,0.9888251423835754,8.098596572875977,0.8748571276664734,0.0,0.0
31.0,2.0,0.014157782308757305,0.9858412146568298,10.948235511779785,0.8587502241134644,0.0,0.0,0.0021591377444565296,0.9978407621383667,10.705785751342773,0.8342636227607727,0.0,0.0
31.0,3.0,0.009722946211695671,0.9902762770652771,10.890049934387207,0.8521445989608765,0.0,0.0,0.0314788743853569,0.9685211181640625,11.0888032913208,0.8778071999549866,0.0,0.0
31.0,4.0,0.014015859924256802,0.9859821200370789,10.72717571258545,0.8581996560096741,0.0,0.0,0.0027829085011035204,0.9972168207168579,12.185550689697266,0.8372934460639954,0.0,0.0
32.0,0.0,0.011685124598443508,0.9883135557174683,9.87546157836914,0.860994279384613,0.0,0.0,0.014734283089637756,0.9852666258811951,13.495148658752441,0.8418585658073425,0.0,0.0
32.0,1.0,0.013212816789746284,0.9867860674858093,12.239205360412598,0.8463988900184631,0.0,0.0,0.011175145395100117,0.9888241291046143,8.098597526550293,0.8748562335968018,0.0,0.0
32.0,2.0,0.014157782308757305,0.9858410358428955,10.948233604431152,0.8587508797645569,0.0,0.0,0.0021591377444565296,0.9978402853012085,10.70578384399414,0.8342634439468384,0.0,0.0
32.0,3.0,0.009722942486405373,0.9902756810188293,10.89005184173584,0.852144181728363,0.0,0.0,0.0314788781106472,0.9685215353965759,11.088800430297852,0.8778074979782104,0.0,0.0
32.0,4.0,0.014015852473676205,0.9859825968742371,10.727171897888184,0.8581994771957397,0.0,0.0,0.0027829085011035204,0.9972171187400818,12.185554504394531,0.8372935056686401,0.0,0.0
33.0,0.0,0.011685122735798359,0.9883134961128235,9.875466346740723,0.8609934449195862,0.0,0.0,0.014734291471540928,0.9852655529975891,13.495148658752441,0.8418585658073425,0.0,0.0
33.0,1.0,0.013212813064455986,0.9867859482765198,12.239209175109863,0.8463992476463318,0.0,0.0,0.011175140738487244,0.9888253808021545,8.09859848022461,0.8748564124107361,0.0,0.0
33.0,2.0,0.014157788828015327,0.9858405590057373,10.948232650756836,0.858750581741333,0.0,0.0,0.002159137511625886,0.997840940952301,10.70578670501709,0.8342634439468384,0.0,0.0
33.0,3.0,0.0097229378297925,0.9902766346931458,10.890049934387207,0.8521450161933899,0.0,0.0,0.031478866934776306,0.9685212969779968,11.088801383972168,0.8778070211410522,0.0,0.0
33.0,4.0,0.01401586551219225,0.9859827160835266,10.727193832397461,0.8581995368003845,0.0,0.0,0.0027829082682728767,0.9972171187400818,12.18554973602295,0.8372932076454163,0.0,0.0
34.0,0.0,0.011685121804475784,0.9883137345314026,9.875470161437988,0.8609931468963623,0.0,0.0,0.014734284952282906,0.9852662682533264,13.495153427124023,0.8418585062026978,0.0,0.0
34.0,1.0,0.013212822377681732,0.9867860674858093,12.239200592041016,0.8463985919952393,0.0,0.0,0.011175140738487244,0.9888252019882202,8.09859848022461,0.8748568892478943,0.0,0.0
34.0,2.0,0.014157800003886223,0.9858406782150269,10.948226928710938,0.8587512969970703,0.0,0.0,0.0021591386757791042,0.9978405237197876,10.70578670501709,0.8342636227607727,0.0,0.0
34.0,3.0,0.009722943417727947,0.9902764558792114,10.890048027038574,0.8521443605422974,0.0,0.0,0.0314788743853569,0.9685211777687073,11.088804244995117,0.8778075575828552,0.0,0.0
34.0,4.0,0.0140158636495471,0.985982358455658,10.727190017700195,0.8581996560096741,0.0,0.0,0.002782908733934164,0.9972166419029236,12.18554973602295,0.8372935652732849,0.0,0.0
35.0,0.0,0.011685116216540337,0.9883139133453369,9.875466346740723,0.8609938025474548,0.0,0.0,0.014734293334186077,0.9852656126022339,13.495147705078125,0.8418578505516052,0.0,0.0
35.0,1.0,0.01321282796561718,0.9867867827415466,12.239200592041016,0.8463991284370422,0.0,0.0,0.011175143532454967,0.9888249039649963,8.098596572875977,0.8748562335968018,0.0,0.0
35.0,2.0,0.014157791621983051,0.9858403205871582,10.948238372802734,0.8587505221366882,0.0,0.0,0.002159136813133955,0.9978405237197876,10.705784797668457,0.8342637419700623,0.0,0.0
35.0,3.0,0.009722949005663395,0.9902766346931458,10.890042304992676,0.8521438837051392,0.0,0.0,0.0314788743853569,0.968520998954773,11.0888032913208,0.8778072595596313,0.0,0.0
35.0,4.0,0.014015858992934227,0.9859824776649475,10.727189064025879,0.8581992983818054,0.0,0.0,0.0027829091995954514,0.9972166419029236,12.185555458068848,0.8372933268547058,0.0,0.0
36.0,0.0,0.01168511901050806,0.9883143305778503,9.875469207763672,0.860994279384613,0.0,0.0,0.0147342998534441,0.9852660894393921,13.495147705078125,0.8418588042259216,0.0,0.0
36.0,1.0,0.01321282796561718,0.986786425113678,12.239211082458496,0.8463985323905945,0.0,0.0,0.011175139807164669,0.9888252019882202,8.098593711853027,0.8748562932014465,0.0,0.0
36.0,2.0,0.01415778324007988,0.9858400821685791,10.948229789733887,0.8587498068809509,0.0,0.0,0.002159138210117817,0.9978408813476562,10.705781936645508,0.8342636823654175,0.0,0.0
36.0,3.0,0.009722944349050522,0.9902766346931458,10.890048027038574,0.8521447777748108,0.0,0.0,0.0314788781106472,0.9685210585594177,11.0888032913208,0.8778069615364075,0.0,0.0
36.0,4.0,0.01401586551219225,0.9859826564788818,10.727181434631348,0.8581989407539368,0.0,0.0,0.0027829082682728767,0.9972168207168579,12.185553550720215,0.8372932076454163,0.0,0.0
37.0,0.0,0.011685124598443508,0.9883133172988892,9.875460624694824,0.8609938621520996,0.0,0.0,0.014734298922121525,0.9852659702301025,13.495146751403809,0.8418585062026978,0.0,0.0
37.0,1.0,0.013212816789746284,0.9867857694625854,12.23919677734375,0.8463995456695557,0.0,0.0,0.011175145395100117,0.9888248443603516,8.09859561920166,0.8748564124107361,0.0,0.0
37.0,2.0,0.014157798141241074,0.9858406782150269,10.948244094848633,0.8587502241134644,0.0,0.0,0.002159138210117817,0.9978408813476562,10.705784797668457,0.8342637419700623,0.0,0.0
37.0,3.0,0.009722946211695671,0.9902761578559875,10.890057563781738,0.8521449565887451,0.0,0.0,0.031478870660066605,0.9685211777687073,11.088805198669434,0.8778072595596313,0.0,0.0
37.0,4.0,0.014015855267643929,0.9859826564788818,10.72718334197998,0.858198881149292,0.0,0.0,0.0027829096652567387,0.9972166419029236,12.185552597045898,0.8372933864593506,0.0,0.0
38.0,0.0,0.011685127392411232,0.9883139729499817,9.875468254089355,0.8609936833381653,0.0,0.0,0.014734295196831226,0.9852655529975891,13.495142936706543,0.8418586850166321,0.0,0.0
38.0,1.0,0.01321282796561718,0.986786961555481,12.239212036132812,0.8463976979255676,0.0,0.0,0.011175138875842094,0.9888253211975098,8.09859561920166,0.8748565912246704,0.0,0.0
38.0,2.0,0.014157798141241074,0.9858413338661194,10.948237419128418,0.8587499856948853,0.0,0.0,0.002159137511625886,0.9978408813476562,10.705782890319824,0.834263801574707,0.0,0.0
38.0,3.0,0.009722942486405373,0.9902758002281189,10.89004898071289,0.8521450757980347,0.0,0.0,0.0314788743853569,0.9685211181640625,11.088802337646484,0.8778071999549866,0.0,0.0
38.0,4.0,0.014015870168805122,0.9859831929206848,10.727185249328613,0.8581995368003845,0.0,0.0,0.0027829078026115894,0.9972169399261475,12.185556411743164,0.837293267250061,0.0,0.0
39.0,0.0,0.011685119941830635,0.9883149266242981,9.875462532043457,0.8609924912452698,0.0,0.0,0.014734297059476376,0.9852655529975891,13.495146751403809,0.8418585658073425,0.0,0.0
39.0,1.0,0.0132128382101655,0.9867859482765198,12.239195823669434,0.8463982343673706,0.0,0.0,0.011175140738487244,0.9888249039649963,8.098596572875977,0.87485671043396,0.0,0.0
39.0,2.0,0.014157799072563648,0.985840916633606,10.948237419128418,0.8587504625320435,0.0,0.0,0.0021591377444565296,0.9978407621383667,10.705785751342773,0.8342636227607727,0.0,0.0
39.0,3.0,0.009722956456243992,0.9902769327163696,10.890052795410156,0.8521453142166138,0.0,0.0,0.031478866934776306,0.9685214161872864,11.088805198669434,0.8778071403503418,0.0,0.0
39.0,4.0,0.014015860855579376,0.9859827160835266,10.727182388305664,0.8582000136375427,0.0,0.0,0.0027829089667648077,0.9972171187400818,12.18554973602295,0.8372933268547058,0.0,0.0
40.0,0.0,0.011685113422572613,0.9883143305778503,9.875463485717773,0.8609931468963623,0.0,0.0,0.014734282158315182,0.98526531457901,13.495153427124023,0.8418588042259216,0.0,0.0
40.0,1.0,0.013212822377681732,0.9867868423461914,12.239206314086914,0.8463987112045288,0.0,0.0,0.011175143532454967,0.9888244271278381,8.098596572875977,0.8748565912246704,0.0,0.0
40.0,2.0,0.014157801866531372,0.9858404994010925,10.948233604431152,0.8587503433227539,0.0,0.0,0.002159138210117817,0.9978407621383667,10.705782890319824,0.8342636227607727,0.0,0.0
40.0,3.0,0.009722946211695671,0.9902762174606323,10.890046119689941,0.8521438241004944,0.0,0.0,0.0314788743853569,0.9685212969779968,11.088804244995117,0.8778071403503418,0.0,0.0
40.0,4.0,0.014015864580869675,0.9859821200370789,10.72718334197998,0.8581992983818054,0.0,0.0,0.0027829085011035204,0.997217059135437,12.185554504394531,0.8372934460639954,0.0,0.0
41.0,0.0,0.011685122735798359,0.9883139729499817,9.875458717346191,0.8609945774078369,0.0,0.0,0.0147342998534441,0.9852665066719055,13.495148658752441,0.8418585658073425,0.0,0.0
41.0,1.0,0.013212837278842926,0.9867871403694153,12.239192962646484,0.8463993668556213,0.0,0.0,0.011175145395100117,0.9888249039649963,8.098596572875977,0.8748565912246704,0.0,0.0
41.0,2.0,0.014157786034047604,0.9858413338661194,10.948235511779785,0.8587503433227539,0.0,0.0,0.0021591372787952423,0.9978406429290771,10.705792427062988,0.8342635631561279,0.0,0.0
41.0,3.0,0.009722949005663395,0.990276575088501,10.890046119689941,0.8521450757980347,0.0,0.0,0.0314788743853569,0.968521237373352,11.08880615234375,0.8778071999549866,0.0,0.0
41.0,4.0,0.014015858992934227,0.9859826564788818,10.727182388305664,0.8581989407539368,0.0,0.0,0.002782908035442233,0.9972169995307922,12.185554504394531,0.8372933268547058,0.0,0.0
42.0,0.0,0.011685113422572613,0.9883134961128235,9.875465393066406,0.8609934449195862,0.0,0.0,0.014734291471540928,0.985265851020813,13.495144844055176,0.8418586254119873,0.0,0.0
42.0,1.0,0.013212835416197777,0.9867862462997437,12.239212036132812,0.8463987708091736,0.0,0.0,0.011175133287906647,0.9888251423835754,8.098596572875977,0.87485671043396,0.0,0.0
42.0,2.0,0.014157803729176521,0.9858412742614746,10.948240280151367,0.8587504625320435,0.0,0.0,0.0021591372787952423,0.9978405237197876,10.70578670501709,0.8342635631561279,0.0,0.0
42.0,3.0,0.00972294993698597,0.9902761578559875,10.890040397644043,0.852144718170166,0.0,0.0,0.03147886320948601,0.968521237373352,11.088808059692383,0.8778072595596313,0.0,0.0
42.0,4.0,0.01401586551219225,0.9859830141067505,10.7271728515625,0.8581991791725159,0.0,0.0,0.0027829089667648077,0.9972167611122131,12.185551643371582,0.8372935652732849,0.0,0.0
43.0,0.0,0.011685116216540337,0.9883140921592712,9.875466346740723,0.8609939813613892,0.0,0.0,0.014734282158315182,0.9852657318115234,13.495147705078125,0.8418585658073425,0.0,0.0
43.0,1.0,0.013212832622230053,0.9867871403694153,12.239206314086914,0.8463985919952393,0.0,0.0,0.011175145395100117,0.9888252019882202,8.098597526550293,0.87485671043396,0.0,0.0
43.0,2.0,0.014157797209918499,0.9858397841453552,10.948235511779785,0.8587509989738464,0.0,0.0,0.0021591377444565296,0.9978408813476562,10.70578384399414,0.8342633843421936,0.0,0.0
43.0,3.0,0.009722946211695671,0.9902766346931458,10.89005184173584,0.8521446585655212,0.0,0.0,0.031478866934776306,0.9685213565826416,11.088807106018066,0.8778071403503418,0.0,0.0
43.0,4.0,0.014015854336321354,0.9859831929206848,10.727184295654297,0.858200192451477,0.0,0.0,0.002782909432426095,0.9972168803215027,12.185553550720215,0.8372935652732849,0.0,0.0
44.0,0.0,0.011685116216540337,0.9883146286010742,9.875460624694824,0.8609934449195862,0.0,0.0,0.014734295196831226,0.985266387462616,13.495152473449707,0.8418588638305664,0.0,0.0
44.0,1.0,0.013212830759584904,0.9867859482765198,12.239206314086914,0.8463987112045288,0.0,0.0,0.011175145395100117,0.9888250231742859,8.098596572875977,0.8748565912246704,0.0,0.0
44.0,2.0,0.014157791621983051,0.9858406186103821,10.948232650756836,0.8587499260902405,0.0,0.0,0.002159138210117817,0.9978406429290771,10.705790519714355,0.8342636823654175,0.0,0.0
44.0,3.0,0.009722944349050522,0.9902756810188293,10.890044212341309,0.8521450757980347,0.0,0.0,0.031478866934776306,0.9685211181640625,11.088801383972168,0.8778071403503418,0.0,0.0
44.0,4.0,0.01401586178690195,0.9859829545021057,10.727177619934082,0.8581985235214233,0.0,0.0,0.0027829082682728767,0.9972168207168579,12.185550689697266,0.8372935652732849,0.0,0.0
45.0,0.0,0.011685118079185486,0.9883139729499817,9.875452995300293,0.8609936833381653,0.0,0.0,0.014734293334186077,0.9852661490440369,13.495144844055176,0.8418587446212769,0.0,0.0
45.0,1.0,0.013212830759584904,0.9867863059043884,12.23920726776123,0.8463975191116333,0.0,0.0,0.011175142601132393,0.9888251423835754,8.09859561920166,0.8748565316200256,0.0,0.0
45.0,2.0,0.014157791621983051,0.9858405590057373,10.94823169708252,0.8587502241134644,0.0,0.0,0.002159138210117817,0.9978407621383667,10.705784797668457,0.8342636823654175,0.0,0.0
45.0,3.0,0.009722945280373096,0.9902767539024353,10.89004898071289,0.8521450757980347,0.0,0.0,0.0314788743853569,0.9685213565826416,11.088802337646484,0.8778071403503418,0.0,0.0
45.0,4.0,0.01401586551219225,0.9859834313392639,10.727173805236816,0.8581990599632263,0.0,0.0,0.0027829078026115894,0.9972168803215027,12.185555458068848,0.8372933268547058,0.0,0.0
46.0,0.0,0.011685115285217762,0.9883144497871399,9.875466346740723,0.8609932661056519,0.0,0.0,0.014734293334186077,0.9852660894393921,13.495149612426758,0.8418585658073425,0.0,0.0
46.0,1.0,0.013212821446359158,0.9867861270904541,12.239202499389648,0.8463987112045288,0.0,0.0,0.011175140738487244,0.9888253211975098,8.098590850830078,0.8748565912246704,0.0,0.0
46.0,2.0,0.014157800003886223,0.9858395457267761,10.948243141174316,0.8587504625320435,0.0,0.0,0.0021591370459645987,0.9978408813476562,10.70578384399414,0.8342637419700623,0.0,0.0
46.0,3.0,0.00972294993698597,0.9902769327163696,10.890053749084473,0.8521444201469421,0.0,0.0,0.03147885948419571,0.9685211181640625,11.088802337646484,0.8778071403503418,0.0,0.0
46.0,4.0,0.014015855267643929,0.9859827756881714,10.72717571258545,0.8582009673118591,0.0,0.0,0.0027829085011035204,0.9972169995307922,12.185558319091797,0.8372935652732849,0.0,0.0
47.0,0.0,0.011685109697282314,0.988314151763916,9.875463485717773,0.8609933257102966,0.0,0.0,0.014734288677573204,0.9852661490440369,13.495146751403809,0.8418592214584351,0.0,0.0
47.0,1.0,0.013212822377681732,0.9867867827415466,12.239209175109863,0.8463982343673706,0.0,0.0,0.011175137013196945,0.9888249039649963,8.098599433898926,0.8748564124107361,0.0,0.0
47.0,2.0,0.014157796278595924,0.9858406782150269,10.94824504852295,0.8587499260902405,0.0,0.0,0.0021591377444565296,0.9978407621383667,10.705784797668457,0.8342636227607727,0.0,0.0
47.0,3.0,0.009722946211695671,0.9902764558792114,10.890046119689941,0.852145254611969,0.0,0.0,0.0314788855612278,0.9685211181640625,11.088804244995117,0.8778071403503418,0.0,0.0
47.0,4.0,0.01401586551219225,0.9859822988510132,10.727189064025879,0.8581997752189636,0.0,0.0,0.002782908733934164,0.9972165822982788,12.185550689697266,0.8372933864593506,0.0,0.0
48.0,0.0,0.01168511901050806,0.9883139729499817,9.875468254089355,0.8609936237335205,0.0,0.0,0.014734298922121525,0.9852662682533264,13.495141983032227,0.8418583869934082,0.0,0.0
48.0,1.0,0.013212827034294605,0.9867860674858093,12.239208221435547,0.8463983535766602,0.0,0.0,0.01117513608187437,0.9888251423835754,8.098604202270508,0.8748571276664734,0.0,0.0
48.0,2.0,0.014157796278595924,0.985840916633606,10.948232650756836,0.858750581741333,0.0,0.0,0.0021591384429484606,0.9978407621383667,10.705787658691406,0.8342636227607727,0.0,0.0
48.0,3.0,0.009722955524921417,0.9902760982513428,10.890049934387207,0.8521448969841003,0.0,0.0,0.0314788818359375,0.968521237373352,11.088800430297852,0.877807080745697,0.0,0.0
48.0,4.0,0.014015847817063332,0.9859824776649475,10.72717571258545,0.8581991791725159,0.0,0.0,0.0027829085011035204,0.9972168803215027,12.185553550720215,0.837293267250061,0.0,0.0
49.0,0.0,0.01168511901050806,0.9883142709732056,9.875460624694824,0.8609938025474548,0.0,0.0,0.014734291471540928,0.9852655529975891,13.495146751403809,0.8418586254119873,0.0,0.0
49.0,1.0,0.013212809339165688,0.9867855906486511,12.239201545715332,0.846397876739502,0.0,0.0,0.011175139807164669,0.9888242483139038,8.098596572875977,0.87485671043396,0.0,0.0
49.0,2.0,0.01415780559182167,0.9858412146568298,10.948237419128418,0.8587515950202942,0.0,0.0,0.0021591377444565296,0.9978407621383667,10.705784797668457,0.8342636227607727,0.0,0.0
49.0,3.0,0.00972294807434082,0.9902765154838562,10.890040397644043,0.8521442413330078,0.0,0.0,0.0314788781106472,0.9685214757919312,11.088807106018066,0.8778073191642761,0.0,0.0
49.0,4.0,0.014015858061611652,0.9859827160835266,10.727189064025879,0.8582002520561218,0.0,0.0,0.002782908035442233,0.9972169399261475,12.185548782348633,0.837293267250061,0.0,0.0
50.0,0.0,0.011685118079185486,0.9883146286010742,9.875455856323242,0.8609936833381653,0.0,0.0,0.014734280295670033,0.985266387462616,13.495152473449707,0.8418583869934082,0.0,0.0
50.0,1.0,0.013212843798100948,0.9867868423461914,12.239206314086914,0.8463990688323975,0.0,0.0,0.011175143532454967,0.9888249039649963,8.098601341247559,0.8748564124107361,0.0,0.0
50.0,2.0,0.014157788828015327,0.9858408570289612,10.94823169708252,0.8587502837181091,0.0,0.0,0.0021591377444565296,0.9978408813476562,10.705787658691406,0.834263801574707,0.0,0.0
50.0,3.0,0.009722946211695671,0.9902769923210144,10.890069007873535,0.8521444201469421,0.0,0.0,0.031478866934776306,0.9685209393501282,11.088802337646484,0.8778073191642761,0.0,0.0
50.0,4.0,0.0140158636495471,0.9859828352928162,10.727189064025879,0.8582003116607666,0.0,0.0,0.0027829082682728767,0.9972168207168579,12.185547828674316,0.8372933864593506,0.0,0.0
51.0,0.0,0.011685118079185486,0.9883140921592712,9.875460624694824,0.8609934449195862,0.0,0.0,0.014734288677573204,0.9852659702301025,13.49514389038086,0.841858446598053,0.0,0.0
51.0,1.0,0.013212818652391434,0.9867870807647705,12.239211082458496,0.8463985323905945,0.0,0.0,0.01117513794451952,0.988824725151062,8.098596572875977,0.8748568296432495,0.0,0.0
51.0,2.0,0.014157788828015327,0.9858402013778687,10.94821834564209,0.8587511777877808,0.0,0.0,0.002159138210117817,0.9978406429290771,10.70578670501709,0.8342636227607727,0.0,0.0
51.0,3.0,0.009722955524921417,0.9902763962745667,10.890036582946777,0.8521438837051392,0.0,0.0,0.0314788743853569,0.9685209393501282,11.088804244995117,0.8778070211410522,0.0,0.0
51.0,4.0,0.014015856198966503,0.985982358455658,10.727178573608398,0.8581984043121338,0.0,0.0,0.002782908733934164,0.9972172975540161,12.18554973602295,0.8372933268547058,0.0,0.0
52.0,0.0,0.011685116216540337,0.9883144497871399,9.87546443939209,0.8609926700592041,0.0,0.0,0.014734291471540928,0.9852659702301025,13.495144844055176,0.8418586850166321,0.0,0.0
52.0,1.0,0.013212827034294605,0.9867862462997437,12.239205360412598,0.8463991284370422,0.0,0.0,0.011175137013196945,0.988824725151062,8.098594665527344,0.8748568892478943,0.0,0.0
52.0,2.0,0.014157802797853947,0.9858402609825134,10.94823932647705,0.8587504625320435,0.0,0.0,0.0021591377444565296,0.9978408813476562,10.705788612365723,0.8342636227607727,0.0,0.0
52.0,3.0,0.009722934104502201,0.9902763962745667,10.890043258666992,0.8521450161933899,0.0,0.0,0.0314788818359375,0.9685211181640625,11.088802337646484,0.8778071999549866,0.0,0.0
52.0,4.0,0.014015866443514824,0.9859829545021057,10.727179527282715,0.8581992983818054,0.0,0.0,0.002782909432426095,0.9972169995307922,12.185552597045898,0.8372930884361267,0.0,0.0
53.0,0.0,0.011685124598443508,0.988314151763916,9.875466346740723,0.8609936833381653,0.0,0.0,0.014734288677573204,0.9852659702301025,13.495141983032227,0.8418583273887634,0.0,0.0
53.0,1.0,0.013212837278842926,0.9867857694625854,12.239208221435547,0.8463988900184631,0.0,0.0,0.01117513608187437,0.9888252019882202,8.098596572875977,0.8748564124107361,0.0,0.0
53.0,2.0,0.014157801866531372,0.9858403205871582,10.948226928710938,0.8587509393692017,0.0,0.0,0.0021591372787952423,0.9978407621383667,10.705785751342773,0.8342637419700623,0.0,0.0
53.0,3.0,0.009722939692437649,0.9902765154838562,10.890040397644043,0.8521451354026794,0.0,0.0,0.0314788743853569,0.9685213565826416,11.088804244995117,0.8778071999549866,0.0,0.0
53.0,4.0,0.01401584967970848,0.9859830141067505,10.727184295654297,0.8581998944282532,0.0,0.0,0.0027829091995954514,0.9972168803215027,12.185553550720215,0.8372933268547058,0.0,0.0
54.0,0.0,0.011685125529766083,0.9883133172988892,9.875460624694824,0.8609936833381653,0.0,0.0,0.014734293334186077,0.9852659702301025,13.495150566101074,0.8418585658073425,0.0,0.0
54.0,1.0,0.01321282796561718,0.9867871403694153,12.239208221435547,0.8463985919952393,0.0,0.0,0.011175137013196945,0.988824725151062,8.098593711853027,0.8748568892478943,0.0,0.0
54.0,2.0,0.014157800003886223,0.9858396053314209,10.94823169708252,0.8587508797645569,0.0,0.0,0.0021591384429484606,0.9978410601615906,10.70578670501709,0.8342636227607727,0.0,0.0
54.0,3.0,0.009722939692437649,0.9902768731117249,10.890054702758789,0.852144718170166,0.0,0.0,0.0314788743853569,0.9685210585594177,11.088804244995117,0.877807080745697,0.0,0.0
54.0,4.0,0.014015878550708294,0.9859816431999207,10.727173805236816,0.8581994771957397,0.0,0.0,0.002782908733934164,0.9972169399261475,12.185559272766113,0.8372935652732849,0.0,0.0
55.0,0.0,0.011685119941830635,0.9883137941360474,9.87546443939209,0.8609934449195862,0.0,0.0,0.014734293334186077,0.9852659702301025,13.495142936706543,0.841858446598053,0.0,0.0
55.0,1.0,0.013212829828262329,0.9867867827415466,12.2391996383667,0.8463985919952393,0.0,0.0,0.011175137013196945,0.9888248443603516,8.098596572875977,0.8748562932014465,0.0,0.0
55.0,2.0,0.014157788828015327,0.9858409762382507,10.94823932647705,0.8587503433227539,0.0,0.0,0.0021591377444565296,0.9978406429290771,10.705785751342773,0.8342634439468384,0.0,0.0
55.0,3.0,0.009722942486405373,0.9902765154838562,10.890042304992676,0.8521450161933899,0.0,0.0,0.031478870660066605,0.9685212969779968,11.088802337646484,0.8778071999549866,0.0,0.0
55.0,4.0,0.014015854336321354,0.9859830737113953,10.727185249328613,0.8581997752189636,0.0,0.0,0.0027829085011035204,0.9972167015075684,12.185551643371582,0.8372929692268372,0.0,0.0
56.0,0.0,0.011685116216540337,0.9883139729499817,9.87546157836914,0.8609942197799683,0.0,0.0,0.014734291471540928,0.9852660894393921,13.495148658752441,0.841858446598053,0.0,0.0
56.0,1.0,0.013212829828262329,0.9867872595787048,12.23919677734375,0.8463985919952393,0.0,0.0,0.011175140738487244,0.9888251423835754,8.098591804504395,0.8748568892478943,0.0,0.0
56.0,2.0,0.014157791621983051,0.9858412742614746,10.94823169708252,0.8587502837181091,0.0,0.0,0.002159137511625886,0.9978407621383667,10.70578384399414,0.8342636227607727,0.0,0.0
56.0,3.0,0.009722934104502201,0.9902759194374084,10.890049934387207,0.8521443009376526,0.0,0.0,0.0314788818359375,0.9685212969779968,11.0888090133667,0.8778071403503418,0.0,0.0
56.0,4.0,0.014015843160450459,0.9859826564788818,10.727176666259766,0.8581991791725159,0.0,0.0,0.002782907336950302,0.9972168207168579,12.185552597045898,0.8372933864593506,0.0,0.0
57.0,0.0,0.011685124598443508,0.9883139729499817,9.875454902648926,0.8609936237335205,0.0,0.0,0.014734293334186077,0.9852665066719055,13.495146751403809,0.8418588042259216,0.0,0.0
57.0,1.0,0.013212829828262329,0.9867857098579407,12.239202499389648,0.8463987708091736,0.0,0.0,0.011175133287906647,0.9888245463371277,8.098600387573242,0.8748571276664734,0.0,0.0
57.0,2.0,0.014157791621983051,0.9858400821685791,10.948237419128418,0.8587506413459778,0.0,0.0,0.002159137511625886,0.9978406429290771,10.705782890319824,0.8342636823654175,0.0,0.0
57.0,3.0,0.009722950868308544,0.990276038646698,10.890046119689941,0.8521439433097839,0.0,0.0,0.0314788855612278,0.9685211777687073,11.088805198669434,0.8778067827224731,0.0,0.0
57.0,4.0,0.01401586551219225,0.9859827160835266,10.727179527282715,0.8582004904747009,0.0,0.0,0.002782908733934164,0.9972167611122131,12.185551643371582,0.8372930884361267,0.0,0.0
58.0,0.0,0.01168511901050806,0.9883131384849548,9.875466346740723,0.8609936237335205,0.0,0.0,0.014734298922121525,0.985266387462616,13.495146751403809,0.8418589234352112,0.0,0.0
58.0,1.0,0.013212818652391434,0.9867866635322571,12.2391996383667,0.8463985323905945,0.0,0.0,0.011175137013196945,0.9888251423835754,8.098593711853027,0.8748565912246704,0.0,0.0
58.0,2.0,0.014157791621983051,0.9858410358428955,10.948233604431152,0.8587510585784912,0.0,0.0,0.0021591386757791042,0.9978408813476562,10.705784797668457,0.8342635035514832,0.0,0.0
58.0,3.0,0.009722950868308544,0.9902766346931458,10.89004135131836,0.8521450757980347,0.0,0.0,0.0314788818359375,0.968521237373352,11.088804244995117,0.877807080745697,0.0,0.0
58.0,4.0,0.01401586178690195,0.9859827756881714,10.727167129516602,0.8581997752189636,0.0,0.0,0.002782908733934164,0.9972166419029236,12.185551643371582,0.8372933268547058,0.0,0.0
59.0,0.0,0.011685121804475784,0.9883142709732056,9.875462532043457,0.8609939813613892,0.0,0.0,0.014734295196831226,0.985265851020813,13.49514389038086,0.8418585658073425,0.0,0.0
59.0,1.0,0.013212829828262329,0.9867861270904541,12.239203453063965,0.8463993668556213,0.0,0.0,0.011175144463777542,0.9888253211975098,8.098592758178711,0.8748565912246704,0.0,0.0
59.0,2.0,0.014157796278595924,0.985840916633606,10.948235511779785,0.8587507009506226,0.0,0.0,0.002159137511625886,0.9978407621383667,10.705784797668457,0.834263801574707,0.0,0.0
59.0,3.0,0.009722946211695671,0.9902763962745667,10.890049934387207,0.8521439433097839,0.0,0.0,0.0314788781106472,0.9685210585594177,11.0888032913208,0.8778071403503418,0.0,0.0
59.0,4.0,0.014015858992934227,0.9859837293624878,10.7271728515625,0.8581989407539368,0.0,0.0,0.0027829085011035204,0.997217059135437,12.18554973602295,0.837293267250061,0.0,0.0
60.0,0.0,0.011685121804475784,0.9883133769035339,9.875460624694824,0.8609938621520996,0.0,0.0,0.014734288677573204,0.985265851020813,13.495149612426758,0.841858446598053,0.0,0.0
60.0,1.0,0.013212821446359158,0.9867868423461914,12.239202499389648,0.8463980555534363,0.0,0.0,0.011175137013196945,0.9888249039649963,8.098593711853027,0.8748562932014465,0.0,0.0
60.0,2.0,0.014157794415950775,0.9858409762382507,10.948237419128418,0.8587499260902405,0.0,0.0,0.0021591377444565296,0.9978405237197876,10.705785751342773,0.8342636227607727,0.0,0.0
60.0,3.0,0.009722943417727947,0.990276575088501,10.89004898071289,0.8521450757980347,0.0,0.0,0.031478870660066605,0.9685213565826416,11.088800430297852,0.8778075575828552,0.0,0.0
60.0,4.0,0.0140158636495471,0.9859815239906311,10.727171897888184,0.8581996560096741,0.0,0.0,0.0027829098980873823,0.9972168207168579,12.185555458068848,0.8372936248779297,0.0,0.0
61.0,0.0,0.011685122735798359,0.9883134961128235,9.875470161437988,0.8609936237335205,0.0,0.0,0.014734290540218353,0.9852657318115234,13.495152473449707,0.8418582081794739,0.0,0.0
61.0,1.0,0.013212834484875202,0.9867863059043884,12.239202499389648,0.8463980555534363,0.0,0.0,0.011175141669809818,0.9888252019882202,8.098601341247559,0.8748562932014465,0.0,0.0
61.0,2.0,0.01415778324007988,0.9858411550521851,10.948243141174316,0.8587509393692017,0.0,0.0,0.002159137511625886,0.9978406429290771,10.705785751342773,0.8342636227607727,0.0,0.0
61.0,3.0,0.009722946211695671,0.9902764558792114,10.89005184173584,0.8521446585655212,0.0,0.0,0.0314788743853569,0.9685212969779968,11.088804244995117,0.8778073191642761,0.0,0.0
61.0,4.0,0.014015850611031055,0.9859834909439087,10.727179527282715,0.8581991195678711,0.0,0.0,0.002782907336950302,0.9972168803215027,12.185553550720215,0.8372933268547058,0.0,0.0
62.0,0.0,0.011685124598443508,0.9883140921592712,9.875460624694824,0.8609930872917175,0.0,0.0,0.014734288677573204,0.9852659702301025,13.495148658752441,0.8418586254119873,0.0,0.0
62.0,1.0,0.013212824240326881,0.9867860674858093,12.239205360412598,0.8463991284370422,0.0,0.0,0.011175137013196945,0.9888244271278381,8.098593711853027,0.87485671043396,0.0,0.0
62.0,2.0,0.0141577934846282,0.9858404994010925,10.94823932647705,0.8587508797645569,0.0,0.0,0.0021591372787952423,0.9978407621383667,10.705784797668457,0.8342636227607727,0.0,0.0
62.0,3.0,0.009722938761115074,0.9902766346931458,10.89004898071289,0.8521446585655212,0.0,0.0,0.031478870660066605,0.9685211181640625,11.088802337646484,0.8778073787689209,0.0,0.0
62.0,4.0,0.014015848748385906,0.9859827756881714,10.72716999053955,0.8581991791725159,0.0,0.0,0.0027829091995954514,0.9972169399261475,12.185555458068848,0.8372935056686401,0.0,0.0
63.0,0.0,0.011685119941830635,0.9883139133453369,9.875455856323242,0.8609936237335205,0.0,0.0,0.014734291471540928,0.9852656126022339,13.495144844055176,0.8418583273887634,0.0,0.0
63.0,1.0,0.013212824240326881,0.986785888671875,12.239202499389648,0.8463983535766602,0.0,0.0,0.011175144463777542,0.9888253211975098,8.098594665527344,0.8748562932014465,0.0,0.0
63.0,2.0,0.014157794415950775,0.9858406186103821,10.94823169708252,0.8587502241134644,0.0,0.0,0.0021591377444565296,0.9978406429290771,10.705787658691406,0.8342637419700623,0.0,0.0
63.0,3.0,0.00972294807434082,0.990276038646698,10.890053749084473,0.8521447777748108,0.0,0.0,0.0314788743853569,0.9685212969779968,11.088804244995117,0.8778067827224731,0.0,0.0
63.0,4.0,0.014015855267643929,0.9859827160835266,10.727179527282715,0.858198881149292,0.0,0.0,0.0027829089667648077,0.997216522693634,12.185556411743164,0.8372933864593506,0.0,0.0
64.0,0.0,0.011685122735798359,0.9883129596710205,9.87546443939209,0.8609938025474548,0.0,0.0,0.014734286814928055,0.9852656126022339,13.495146751403809,0.8418585658073425,0.0,0.0
64.0,1.0,0.013212834484875202,0.9867862462997437,12.239200592041016,0.8463989496231079,0.0,0.0,0.011175144463777542,0.9888256192207336,8.098601341247559,0.8748564124107361,0.0,0.0
64.0,2.0,0.0141577934846282,0.9858419895172119,10.948241233825684,0.8587505221366882,0.0,0.0,0.0021591377444565296,0.9978402853012085,10.705789566040039,0.8342637419700623,0.0,0.0
64.0,3.0,0.009722938761115074,0.9902768135070801,10.89004135131836,0.852144718170166,0.0,0.0,0.0314788781106472,0.9685211181640625,11.0888032913208,0.8778071403503418,0.0,0.0
64.0,4.0,0.014015850611031055,0.9859822392463684,10.72717571258545,0.858198881149292,0.0,0.0,0.0027829082682728767,0.9972167611122131,12.185554504394531,0.837293267250061,0.0,0.0
65.0,0.0,0.01168511901050806,0.9883140921592712,9.87546443939209,0.860993504524231,0.0,0.0,0.014734291471540928,0.9852660894393921,13.495149612426758,0.8418585062026978,0.0,0.0
65.0,1.0,0.013212816789746284,0.9867866635322571,12.2391996383667,0.8463985323905945,0.0,0.0,0.011175140738487244,0.9888246059417725,8.098594665527344,0.8748562932014465,0.0,0.0
65.0,2.0,0.014157797209918499,0.9858403205871582,10.948241233825684,0.8587499260902405,0.0,0.0,0.002159136813133955,0.9978408813476562,10.70578670501709,0.8342635631561279,0.0,0.0
65.0,3.0,0.00972294807434082,0.990276038646698,10.890046119689941,0.8521449565887451,0.0,0.0,0.0314788818359375,0.968520998954773,11.088798522949219,0.8778072595596313,0.0,0.0
65.0,4.0,0.014015854336321354,0.9859820604324341,10.727171897888184,0.8581987619400024,0.0,0.0,0.002782909432426095,0.9972169399261475,12.18554973602295,0.837293267250061,0.0,0.0
66.0,0.0,0.01168511901050806,0.988314151763916,9.875468254089355,0.8609934449195862,0.0,0.0,0.014734286814928055,0.9852661490440369,13.49515151977539,0.8418583869934082,0.0,0.0
66.0,1.0,0.013212816789746284,0.9867863059043884,12.239198684692383,0.8463985323905945,0.0,0.0,0.011175140738487244,0.9888244271278381,8.098599433898926,0.8748570084571838,0.0,0.0
66.0,2.0,0.014157808385789394,0.9858411550521851,10.948233604431152,0.8587502241134644,0.0,0.0,0.002159138210117817,0.9978407621383667,10.705784797668457,0.8342640399932861,0.0,0.0
66.0,3.0,0.00972294807434082,0.990277111530304,10.890052795410156,0.8521451354026794,0.0,0.0,0.03147885948419571,0.9685211181640625,11.0888032913208,0.8778070211410522,0.0,0.0
66.0,4.0,0.014015852473676205,0.9859813451766968,10.727187156677246,0.8582005500793457,0.0,0.0,0.0027829082682728767,0.997217059135437,12.185552597045898,0.8372935652732849,0.0,0.0
67.0,0.0,0.011685122735798359,0.9883145093917847,9.875457763671875,0.8609936833381653,0.0,0.0,0.014734288677573204,0.9852654337882996,13.49514102935791,0.8418585658073425,0.0,0.0
67.0,1.0,0.013212825171649456,0.9867861270904541,12.23920726776123,0.8463984131813049,0.0,0.0,0.011175142601132393,0.9888252019882202,8.098601341247559,0.8748565316200256,0.0,0.0
67.0,2.0,0.014157786965370178,0.9858413934707642,10.94823169708252,0.8587502241134644,0.0,0.0,0.002159138210117817,0.9978407621383667,10.70578670501709,0.8342638611793518,0.0,0.0
67.0,3.0,0.009722940623760223,0.9902767539024353,10.890058517456055,0.8521447777748108,0.0,0.0,0.0314788781106472,0.9685214161872864,11.088799476623535,0.8778072595596313,0.0,0.0
67.0,4.0,0.01401584967970848,0.9859824776649475,10.727178573608398,0.8581989407539368,0.0,0.0,0.002782908733934164,0.9972171783447266,12.185553550720215,0.8372935652732849,0.0,0.0
68.0,0.0,0.011685121804475784,0.9883146286010742,9.875459671020508,0.8609938621520996,0.0,0.0,0.014734290540218353,0.9852656126022339,13.495152473449707,0.8418585658073425,0.0,0.0
68.0,1.0,0.013212822377681732,0.9867864847183228,12.23921012878418,0.8463985919952393,0.0,0.0,0.011175143532454967,0.9888243079185486,8.098592758178711,0.8748568296432495,0.0,0.0
68.0,2.0,0.014157777652144432,0.9858406782150269,10.94823169708252,0.8587503433227539,0.0,0.0,0.0021591379772871733,0.997840940952301,10.705789566040039,0.8342635631561279,0.0,0.0
68.0,3.0,0.009722943417727947,0.9902761578559875,10.890035629272461,0.8521445989608765,0.0,0.0,0.0314788781106472,0.9685211777687073,11.088798522949219,0.8778073191642761,0.0,0.0
68.0,4.0,0.014015866443514824,0.9859818816184998,10.727181434631348,0.8582001328468323,0.0,0.0,0.0027829085011035204,0.9972169995307922,12.185552597045898,0.8372933864593506,0.0,0.0
69.0,0.0,0.011685115285217762,0.9883133769035339,9.875463485717773,0.8609934449195862,0.0,0.0,0.014734295196831226,0.9852657318115234,13.49515438079834,0.8418582081794739,0.0,0.0
69.0,1.0,0.013212830759584904,0.9867868423461914,12.239204406738281,0.8463989496231079,0.0,0.0,0.011175141669809818,0.9888253808021545,8.098601341247559,0.8748562932014465,0.0,0.0
69.0,2.0,0.0141577934846282,0.9858399629592896,10.94823169708252,0.8587514162063599,0.0,0.0,0.002159137511625886,0.9978407621383667,10.705784797668457,0.8342636823654175,0.0,0.0
69.0,3.0,0.009722940623760223,0.9902764558792114,10.89004898071289,0.8521449565887451,0.0,0.0,0.031478870660066605,0.9685208201408386,11.088802337646484,0.8778071403503418,0.0,0.0
69.0,4.0,0.014015864580869675,0.9859822988510132,10.727179527282715,0.8581996560096741,0.0,0.0,0.0027829085011035204,0.9972167611122131,12.185551643371582,0.8372936248779297,0.0,0.0
70.0,0.0,0.011685127392411232,0.9883143305778503,9.87546157836914,0.8609930872917175,0.0,0.0,0.014734282158315182,0.9852660894393921,13.495145797729492,0.8418585658073425,0.0,0.0
70.0,1.0,0.013212816789746284,0.9867857694625854,12.239203453063965,0.8463987708091736,0.0,0.0,0.011175137013196945,0.9888245463371277,8.098592758178711,0.8748562932014465,0.0,0.0
70.0,2.0,0.014157790690660477,0.9858404994010925,10.948235511779785,0.858749270439148,0.0,0.0,0.0021591384429484606,0.9978402853012085,10.705784797668457,0.8342638611793518,0.0,0.0
70.0,3.0,0.009722946211695671,0.9902762770652771,10.890052795410156,0.8521440029144287,0.0,0.0,0.031478866934776306,0.968521237373352,11.088805198669434,0.8778071403503418,0.0,0.0
70.0,4.0,0.014015854336321354,0.9859834313392639,10.727178573608398,0.8581995964050293,0.0,0.0,0.002782908733934164,0.9972169995307922,12.185556411743164,0.8372935056686401,0.0,0.0
71.0,0.0,0.011685118079185486,0.9883139729499817,9.875462532043457,0.8609934449195862,0.0,0.0,0.014734297059476376,0.9852660894393921,13.495145797729492,0.8418583273887634,0.0,0.0
71.0,1.0,0.013212834484875202,0.9867864847183228,12.2391996383667,0.8463987112045288,0.0,0.0,0.011175142601132393,0.9888244271278381,8.098597526550293,0.8748568296432495,0.0,0.0
71.0,2.0,0.014157801866531372,0.9858402013778687,10.948237419128418,0.8587498664855957,0.0,0.0,0.002159138210117817,0.997840404510498,10.705787658691406,0.8342636227607727,0.0,0.0
71.0,3.0,0.009722954593598843,0.9902757406234741,10.89005184173584,0.8521438837051392,0.0,0.0,0.0314788743853569,0.9685212969779968,11.088799476623535,0.8778071999549866,0.0,0.0
71.0,4.0,0.014015856198966503,0.9859824776649475,10.727184295654297,0.8581996560096741,0.0,0.0,0.0027829096652567387,0.9972168207168579,12.185552597045898,0.837293267250061,0.0,0.0
72.0,0.0,0.011685133911669254,0.9883140921592712,9.875460624694824,0.8609931468963623,0.0,0.0,0.014734288677573204,0.985265851020813,13.495148658752441,0.8418583869934082,0.0,0.0
72.0,1.0,0.013212816789746284,0.9867874383926392,12.239211082458496,0.8463988900184631,0.0,0.0,0.011175137013196945,0.9888242483139038,8.098596572875977,0.8748564124107361,0.0,0.0
72.0,2.0,0.0141577934846282,0.985840916633606,10.948246002197266,0.858750581741333,0.0,0.0,0.0021591384429484606,0.9978407621383667,10.70578670501709,0.8342636227607727,0.0,0.0
72.0,3.0,0.009722943417727947,0.9902760982513428,10.890049934387207,0.8521451354026794,0.0,0.0,0.0314788743853569,0.9685211777687073,11.0888032913208,0.8778072595596313,0.0,0.0
72.0,4.0,0.014015848748385906,0.985983669757843,10.727176666259766,0.858199954032898,0.0,0.0,0.0027829075697809458,0.997217059135437,12.185554504394531,0.8372932076454163,0.0,0.0
73.0,0.0,0.011685121804475784,0.9883137345314026,9.875466346740723,0.8609938621520996,0.0,0.0,0.014734291471540928,0.9852662682533264,13.495152473449707,0.8418585062026978,0.0,0.0
73.0,1.0,0.013212832622230053,0.9867860674858093,12.239202499389648,0.8463982343673706,0.0,0.0,0.011175137013196945,0.9888244271278381,8.098593711853027,0.8748565912246704,0.0,0.0
73.0,2.0,0.014157797209918499,0.9858405590057373,10.948232650756836,0.8587499856948853,0.0,0.0,0.0021591377444565296,0.9978410601615906,10.705788612365723,0.8342636227607727,0.0,0.0
73.0,3.0,0.009722939692437649,0.9902763962745667,10.89004898071289,0.852144181728363,0.0,0.0,0.0314788781106472,0.9685208797454834,11.088805198669434,0.877807080745697,0.0,0.0
73.0,4.0,0.014015866443514824,0.9859827756881714,10.72716999053955,0.8581994771957397,0.0,0.0,0.002782909432426095,0.9972168803215027,12.185550689697266,0.8372933864593506,0.0,0.0
74.0,0.0,0.011685125529766083,0.988314151763916,9.875462532043457,0.8609944581985474,0.0,0.0,0.014734293334186077,0.9852661490440369,13.495149612426758,0.8418589234352112,0.0,0.0
74.0,1.0,0.013212818652391434,0.9867861270904541,12.239208221435547,0.8463982343673706,0.0,0.0,0.011175141669809818,0.9888242483139038,8.098601341247559,0.8748570084571838,0.0,0.0
74.0,2.0,0.014157791621983051,0.9858410358428955,10.94823932647705,0.8587509989738464,0.0,0.0,0.002159136813133955,0.9978407621383667,10.705784797668457,0.8342638611793518,0.0,0.0
74.0,3.0,0.009722940623760223,0.9902764558792114,10.890034675598145,0.8521443605422974,0.0,0.0,0.0314788818359375,0.9685213565826416,11.0888032913208,0.8778071403503418,0.0,0.0
74.0,4.0,0.014015864580869675,0.985982358455658,10.727173805236816,0.8581991791725159,0.0,0.0,0.002782909432426095,0.9972171187400818,12.185552597045898,0.8372932076454163,0.0,0.0
75.0,0.0,0.011685122735798359,0.9883148074150085,9.875463485717773,0.8609938621520996,0.0,0.0,0.014734290540218353,0.9852661490440369,13.495145797729492,0.8418588042259216,0.0,0.0
75.0,1.0,0.013212829828262329,0.9867859482765198,12.239197731018066,0.8463991284370422,0.0,0.0,0.011175138875842094,0.9888244271278381,8.098596572875977,0.87485671043396,0.0,0.0
75.0,2.0,0.014157785102725029,0.9858419895172119,10.948238372802734,0.8587497472763062,0.0,0.0,0.0021591377444565296,0.997840940952301,10.705784797668457,0.8342634439468384,0.0,0.0
75.0,3.0,0.009722944349050522,0.9902769923210144,10.890053749084473,0.8521443009376526,0.0,0.0,0.0314788743853569,0.968521237373352,11.088805198669434,0.8778069615364075,0.0,0.0
75.0,4.0,0.014015848748385906,0.9859822988510132,10.727177619934082,0.8582000136375427,0.0,0.0,0.0027829089667648077,0.9972167015075684,12.185553550720215,0.8372935652732849,0.0,0.0
76.0,0.0,0.011685130186378956,0.988315761089325,9.875467300415039,0.8609932661056519,0.0,0.0,0.014734291471540928,0.9852659702301025,13.495149612426758,0.8418589234352112,0.0,0.0
76.0,1.0,0.013212824240326881,0.9867867827415466,12.239209175109863,0.8463982343673706,0.0,0.0,0.011175141669809818,0.9888241291046143,8.098594665527344,0.8748564124107361,0.0,0.0
76.0,2.0,0.0141577934846282,0.9858406186103821,10.948235511779785,0.858750581741333,0.0,0.0,0.0021591372787952423,0.9978406429290771,10.705785751342773,0.8342636227607727,0.0,0.0
76.0,3.0,0.009722949005663395,0.9902768135070801,10.890049934387207,0.852144718170166,0.0,0.0,0.0314788743853569,0.9685214757919312,11.088799476623535,0.8778071999549866,0.0,0.0
76.0,4.0,0.014015858992934227,0.9859827756881714,10.72718334197998,0.8581995368003845,0.0,0.0,0.0027829085011035204,0.9972167015075684,12.185551643371582,0.8372933864593506,0.0,0.0
77.0,0.0,0.011685133911669254,0.988313615322113,9.875460624694824,0.8609932661056519,0.0,0.0,0.014734293334186077,0.985266387462616,13.495142936706543,0.8418588042259216,0.0,0.0
77.0,1.0,0.01321282796561718,0.986788272857666,12.239198684692383,0.8463983535766602,0.0,0.0,0.011175143532454967,0.9888251423835754,8.098604202270508,0.8748568296432495,0.0,0.0
77.0,2.0,0.014157792553305626,0.9858411550521851,10.948234558105469,0.8587501049041748,0.0,0.0,0.002159138210117817,0.9978407621383667,10.70578670501709,0.8342635035514832,0.0,0.0
77.0,3.0,0.009722940623760223,0.9902763962745667,10.89004135131836,0.8521453142166138,0.0,0.0,0.031478870660066605,0.968520998954773,11.088805198669434,0.8778071999549866,0.0,0.0
77.0,4.0,0.01401586178690195,0.98598313331604,10.727181434631348,0.8582006692886353,0.0,0.0,0.002782908733934164,0.9972169399261475,12.185555458068848,0.8372934460639954,0.0,0.0
78.0,0.0,0.011685118079185486,0.9883139729499817,9.875466346740723,0.8609936237335205,0.0,0.0,0.014734290540218353,0.9852659702301025,13.495146751403809,0.8418582677841187,0.0,0.0
78.0,1.0,0.013212846592068672,0.9867868423461914,12.2391996383667,0.8463988900184631,0.0,0.0,0.011175141669809818,0.9888256192207336,8.098599433898926,0.8748565912246704,0.0,0.0
78.0,2.0,0.014157788828015327,0.9858413338661194,10.948222160339355,0.8587508201599121,0.0,0.0,0.002159137511625886,0.9978408813476562,10.705791473388672,0.8342635035514832,0.0,0.0
78.0,3.0,0.009722950868308544,0.9902761578559875,10.89004898071289,0.8521439433097839,0.0,0.0,0.031478870660066605,0.9685211777687073,11.088800430297852,0.8778073787689209,0.0,0.0
78.0,4.0,0.014015856198966503,0.9859825968742371,10.727190971374512,0.8581984043121338,0.0,0.0,0.0027829089667648077,0.9972166419029236,12.18554973602295,0.8372934460639954,0.0,0.0
79.0,0.0,0.01168513111770153,0.9883139133453369,9.875459671020508,0.8609938621520996,0.0,0.0,0.014734288677573204,0.9852668046951294,13.49514102935791,0.8418585062026978,0.0,0.0
79.0,1.0,0.0132128382101655,0.9867860674858093,12.239209175109863,0.8463991284370422,0.0,0.0,0.01117513794451952,0.988824725151062,8.09859561920166,0.8748564124107361,0.0,0.0
79.0,2.0,0.014157785102725029,0.9858402013778687,10.948229789733887,0.8587506413459778,0.0,0.0,0.0021591384429484606,0.9978408813476562,10.70578670501709,0.8342638611793518,0.0,0.0
79.0,3.0,0.009722939692437649,0.9902772903442383,10.890049934387207,0.8521447777748108,0.0,0.0,0.031478870660066605,0.9685212969779968,11.088802337646484,0.8778072595596313,0.0,0.0
79.0,4.0,0.014015843160450459,0.9859824776649475,10.727190017700195,0.8581992983818054,0.0,0.0,0.0027829091995954514,0.9972167015075684,12.185553550720215,0.8372936844825745,0.0,0.0
80.0,0.0,0.011685125529766083,0.9883127808570862,9.875463485717773,0.860994279384613,0.0,0.0,0.014734291471540928,0.9852662682533264,13.495149612426758,0.8418582081794739,0.0,0.0
80.0,1.0,0.013212824240326881,0.9867867827415466,12.239204406738281,0.8463984131813049,0.0,0.0,0.011175139807164669,0.988824725151062,8.098596572875977,0.8748571872711182,0.0,0.0
80.0,2.0,0.014157796278595924,0.9858408570289612,10.948235511779785,0.8587508797645569,0.0,0.0,0.0021591379772871733,0.997840940952301,10.70578384399414,0.8342635631561279,0.0,0.0
80.0,3.0,0.009722942486405373,0.9902762174606323,10.89004135131836,0.8521445989608765,0.0,0.0,0.0314788855612278,0.9685214757919312,11.088800430297852,0.8778071999549866,0.0,0.0
80.0,4.0,0.014015867374837399,0.9859819412231445,10.7271728515625,0.8581995964050293,0.0,0.0,0.0027829082682728767,0.9972168803215027,12.185550689697266,0.8372933864593506,0.0,0.0
81.0,0.0,0.011685119941830635,0.9883139729499817,9.875458717346191,0.8609940409660339,0.0,0.0,0.014734288677573204,0.9852659702301025,13.495142936706543,0.8418585062026978,0.0,0.0
81.0,1.0,0.013212824240326881,0.9867860674858093,12.239206314086914,0.8463979363441467,0.0,0.0,0.011175138875842094,0.9888253808021545,8.098594665527344,0.87485671043396,0.0,0.0
81.0,2.0,0.014157780446112156,0.9858404994010925,10.94823169708252,0.8587495684623718,0.0,0.0,0.0021591379772871733,0.997840940952301,10.705784797668457,0.8342639803886414,0.0,0.0
81.0,3.0,0.009722943417727947,0.9902775287628174,10.890031814575195,0.8521440625190735,0.0,0.0,0.0314788855612278,0.968521237373352,11.088801383972168,0.877807080745697,0.0,0.0
81.0,4.0,0.014015860855579376,0.9859834313392639,10.727182388305664,0.858199417591095,0.0,0.0,0.0027829089667648077,0.9972171187400818,12.185552597045898,0.8372935056686401,0.0,0.0
82.0,0.0,0.011685121804475784,0.9883139729499817,9.875465393066406,0.8609930276870728,0.0,0.0,0.014734297059476376,0.9852661490440369,13.495149612426758,0.8418591618537903,0.0,0.0
82.0,1.0,0.01321282796561718,0.9867874979972839,12.239211082458496,0.8463985919952393,0.0,0.0,0.011175140738487244,0.9888248443603516,8.098592758178711,0.87485671043396,0.0,0.0
82.0,2.0,0.014157792553305626,0.9858406186103821,10.94822883605957,0.8587499856948853,0.0,0.0,0.0021591377444565296,0.9978412985801697,10.705785751342773,0.834263801574707,0.0,0.0
82.0,3.0,0.0097229378297925,0.9902769327163696,10.89005184173584,0.8521448969841003,0.0,0.0,0.031478870660066605,0.9685212969779968,11.088804244995117,0.8778072595596313,0.0,0.0
82.0,4.0,0.014015843160450459,0.9859822392463684,10.727194786071777,0.8581997752189636,0.0,0.0,0.0027829082682728767,0.9972168803215027,12.185554504394531,0.8372933864593506,0.0,0.0
83.0,0.0,0.011685121804475784,0.9883146286010742,9.875454902648926,0.8609936237335205,0.0,0.0,0.014734290540218353,0.9852654337882996,13.495157241821289,0.8418585062026978,0.0,0.0
83.0,1.0,0.013212825171649456,0.9867866039276123,12.239204406738281,0.8463999032974243,0.0,0.0,0.011175142601132393,0.9888250231742859,8.098596572875977,0.8748568296432495,0.0,0.0
83.0,2.0,0.014157786965370178,0.9858418703079224,10.948232650756836,0.8587501645088196,0.0,0.0,0.0021591386757791042,0.9978408813476562,10.705784797668457,0.8342636227607727,0.0,0.0
83.0,3.0,0.009722943417727947,0.9902758598327637,10.890057563781738,0.8521445393562317,0.0,0.0,0.0314788818359375,0.9685214161872864,11.088804244995117,0.8778072595596313,0.0,0.0
83.0,4.0,0.014015856198966503,0.9859816431999207,10.727187156677246,0.85820072889328,0.0,0.0,0.0027829082682728767,0.9972168803215027,12.185553550720215,0.8372935652732849,0.0,0.0
84.0,0.0,0.01168511901050806,0.9883140921592712,9.875460624694824,0.8609938025474548,0.0,0.0,0.014734283089637756,0.985266387462616,13.495146751403809,0.8418582677841187,0.0,0.0
84.0,1.0,0.013212822377681732,0.986786425113678,12.23919677734375,0.8463987708091736,0.0,0.0,0.011175137013196945,0.9888253211975098,8.098597526550293,0.8748562932014465,0.0,0.0
84.0,2.0,0.014157796278595924,0.9858410358428955,10.948225975036621,0.8587498664855957,0.0,0.0,0.002159138210117817,0.9978407621383667,10.705785751342773,0.8342639803886414,0.0,0.0
84.0,3.0,0.009722944349050522,0.9902761578559875,10.890053749084473,0.8521454334259033,0.0,0.0,0.0314788743853569,0.9685213565826416,11.088805198669434,0.8778071403503418,0.0,0.0
84.0,4.0,0.01401585340499878,0.9859819412231445,10.727171897888184,0.8581998944282532,0.0,0.0,0.002782908733934164,0.9972171783447266,12.185559272766113,0.8372932076454163,0.0,0.0
85.0,0.0,0.011685121804475784,0.9883134961128235,9.875460624694824,0.8609930872917175,0.0,0.0,0.014734291471540928,0.9852660894393921,13.495150566101074,0.8418588042259216,0.0,0.0
85.0,1.0,0.013212829828262329,0.9867863059043884,12.239200592041016,0.8463985323905945,0.0,0.0,0.011175140738487244,0.9888250231742859,8.098600387573242,0.8748565912246704,0.0,0.0
85.0,2.0,0.014157799072563648,0.9858406782150269,10.94823932647705,0.8587505221366882,0.0,0.0,0.0021591377444565296,0.9978405237197876,10.705785751342773,0.8342639803886414,0.0,0.0
85.0,3.0,0.009722949005663395,0.9902763962745667,10.89003849029541,0.8521454930305481,0.0,0.0,0.0314788743853569,0.968521237373352,11.08880615234375,0.8778071999549866,0.0,0.0
85.0,4.0,0.014015870168805122,0.9859828352928162,10.727177619934082,0.8581998944282532,0.0,0.0,0.002782908035442233,0.9972169995307922,12.185553550720215,0.8372933268547058,0.0,0.0
86.0,0.0,0.011685116216540337,0.9883142709732056,9.875455856323242,0.8609931468963623,0.0,0.0,0.014734293334186077,0.9852665066719055,13.495149612426758,0.8418587446212769,0.0,0.0
86.0,1.0,0.013212819583714008,0.9867861270904541,12.239195823669434,0.8463993668556213,0.0,0.0,0.011175141669809818,0.9888252019882202,8.098605155944824,0.8748570084571838,0.0,0.0
86.0,2.0,0.014157790690660477,0.9858406186103821,10.948244094848633,0.8587506413459778,0.0,0.0,0.0021591379772871733,0.997840940952301,10.705787658691406,0.834263801574707,0.0,0.0
86.0,3.0,0.009722952730953693,0.9902769327163696,10.89005184173584,0.8521443009376526,0.0,0.0,0.0314788743853569,0.968521237373352,11.0888032913208,0.8778071999549866,0.0,0.0
86.0,4.0,0.0140158636495471,0.9859820008277893,10.727177619934082,0.858199417591095,0.0,0.0,0.002782908035442233,0.9972168207168579,12.185552597045898,0.8372936248779297,0.0,0.0
87.0,0.0,0.011685124598443508,0.9883148074150085,9.87546443939209,0.8609934449195862,0.0,0.0,0.014734291471540928,0.9852657318115234,13.495148658752441,0.8418585062026978,0.0,0.0
87.0,1.0,0.013212832622230053,0.9867864847183228,12.239201545715332,0.8463989496231079,0.0,0.0,0.01117513794451952,0.9888256788253784,8.098596572875977,0.8748571276664734,0.0,0.0
87.0,2.0,0.014157796278595924,0.9858415722846985,10.94824504852295,0.8587498664855957,0.0,0.0,0.0021591377444565296,0.9978405237197876,10.705789566040039,0.8342639207839966,0.0,0.0
87.0,3.0,0.009722949005663395,0.9902765154838562,10.890055656433105,0.8521435260772705,0.0,0.0,0.0314788781106472,0.9685210585594177,11.0888032913208,0.8778071999549866,0.0,0.0
87.0,4.0,0.01401586551219225,0.9859824776649475,10.727178573608398,0.8581995368003845,0.0,0.0,0.0027829078026115894,0.9972167611122131,12.185551643371582,0.8372935056686401,0.0,0.0
88.0,0.0,0.011685127392411232,0.9883144497871399,9.875452041625977,0.8609930276870728,0.0,0.0,0.014734297059476376,0.9852662682533264,13.495145797729492,0.8418585062026978,0.0,0.0
88.0,1.0,0.013212830759584904,0.9867870807647705,12.239202499389648,0.8463985323905945,0.0,0.0,0.011175140738487244,0.9888249039649963,8.098599433898926,0.8748562335968018,0.0,0.0
88.0,2.0,0.014157799072563648,0.9858412146568298,10.948232650756836,0.8587511777877808,0.0,0.0,0.002159138210117817,0.9978402853012085,10.70578670501709,0.8342635631561279,0.0,0.0
88.0,3.0,0.009722949005663395,0.9902758002281189,10.890049934387207,0.8521448969841003,0.0,0.0,0.031478866934776306,0.9685214757919312,11.088800430297852,0.8778072595596313,0.0,0.0
88.0,4.0,0.014015850611031055,0.9859831929206848,10.727181434631348,0.8581998944282532,0.0,0.0,0.0027829082682728767,0.997217059135437,12.185552597045898,0.8372933268547058,0.0,0.0
89.0,0.0,0.011685127392411232,0.9883139729499817,9.875452995300293,0.8609938621520996,0.0,0.0,0.014734291471540928,0.9852662682533264,13.495149612426758,0.8418582677841187,0.0,0.0
89.0,1.0,0.013212837278842926,0.9867863059043884,12.239203453063965,0.8463980555534363,0.0,0.0,0.011175143532454967,0.9888251423835754,8.098596572875977,0.8748568296432495,0.0,0.0
89.0,2.0,0.014157776720821857,0.9858407974243164,10.948243141174316,0.8587507009506226,0.0,0.0,0.002159137511625886,0.9978406429290771,10.705782890319824,0.8342637419700623,0.0,0.0
89.0,3.0,0.009722946211695671,0.990276038646698,10.890048027038574,0.8521446585655212,0.0,0.0,0.0314788781106472,0.9685214161872864,11.088804244995117,0.8778067827224731,0.0,0.0
89.0,4.0,0.014015850611031055,0.985982358455658,10.727189064025879,0.8581997752189636,0.0,0.0,0.0027829078026115894,0.9972169995307922,12.185552597045898,0.8372933864593506,0.0,0.0
90.0,0.0,0.011685119941830635,0.9883129596710205,9.875463485717773,0.8609936833381653,0.0,0.0,0.014734297059476376,0.9852657318115234,13.495150566101074,0.8418588638305664,0.0,0.0
90.0,1.0,0.0132128382101655,0.9867849349975586,12.239204406738281,0.8463987112045288,0.0,0.0,0.01117513794451952,0.9888253808021545,8.098597526550293,0.8748565912246704,0.0,0.0
90.0,2.0,0.01415778324007988,0.9858407974243164,10.948238372802734,0.8587502241134644,0.0,0.0,0.0021591379772871733,0.9978408813476562,10.705788612365723,0.8342636823654175,0.0,0.0
90.0,3.0,0.009722938761115074,0.9902756810188293,10.890042304992676,0.852144181728363,0.0,0.0,0.031478870660066605,0.9685215950012207,11.088801383972168,0.8778074383735657,0.0,0.0
90.0,4.0,0.014015869237482548,0.9859828352928162,10.727179527282715,0.8581995368003845,0.0,0.0,0.0027829082682728767,0.9972171187400818,12.185555458068848,0.8372934460639954,0.0,0.0
91.0,0.0,0.01168511901050806,0.988314151763916,9.875460624694824,0.8609930276870728,0.0,0.0,0.014734295196831226,0.9852659702301025,13.495141983032227,0.8418586254119873,0.0,0.0
91.0,1.0,0.013212834484875202,0.9867868423461914,12.2391996383667,0.8463985323905945,0.0,0.0,0.011175145395100117,0.9888246059417725,8.098592758178711,0.8748568296432495,0.0,0.0
91.0,2.0,0.014157801866531372,0.985840916633606,10.948229789733887,0.858750581741333,0.0,0.0,0.0021591370459645987,0.9978406429290771,10.70578670501709,0.8342636823654175,0.0,0.0
91.0,3.0,0.00972294993698597,0.9902766346931458,10.890047073364258,0.8521456718444824,0.0,0.0,0.031478866934776306,0.968521237373352,11.088800430297852,0.8778072595596313,0.0,0.0
91.0,4.0,0.014015845023095608,0.985982358455658,10.727184295654297,0.8582002520561218,0.0,0.0,0.0027829085011035204,0.9972171187400818,12.185552597045898,0.8372936844825745,0.0,0.0
92.0,0.0,0.011685121804475784,0.9883137941360474,9.875471115112305,0.8609938025474548,0.0,0.0,0.014734280295670033,0.985265851020813,13.495145797729492,0.8418585658073425,0.0,0.0
92.0,1.0,0.013212832622230053,0.9867861270904541,12.239200592041016,0.8463987708091736,0.0,0.0,0.011175140738487244,0.9888252019882202,8.098597526550293,0.8748561143875122,0.0,0.0
92.0,2.0,0.014157775789499283,0.9858406186103821,10.948229789733887,0.858750581741333,0.0,0.0,0.0021591372787952423,0.9978406429290771,10.70578670501709,0.834263801574707,0.0,0.0
92.0,3.0,0.00972294807434082,0.9902761578559875,10.890043258666992,0.8521453142166138,0.0,0.0,0.0314788781106472,0.9685212969779968,11.088804244995117,0.8778075575828552,0.0,0.0
92.0,4.0,0.0140158636495471,0.9859827756881714,10.727179527282715,0.8581990599632263,0.0,0.0,0.0027829089667648077,0.9972168803215027,12.185553550720215,0.8372933268547058,0.0,0.0
93.0,0.0,0.011685119941830635,0.988314151763916,9.875467300415039,0.8609931468963623,0.0,0.0,0.014734280295670033,0.985265851020813,13.495144844055176,0.8418585658073425,0.0,0.0
93.0,1.0,0.013212827034294605,0.986786961555481,12.239203453063965,0.8463983535766602,0.0,0.0,0.011175139807164669,0.9888253808021545,8.098593711853027,0.8748564124107361,0.0,0.0
93.0,2.0,0.014157786034047604,0.9858412146568298,10.948237419128418,0.858750581741333,0.0,0.0,0.002159138210117817,0.9978406429290771,10.70578384399414,0.8342637419700623,0.0,0.0
93.0,3.0,0.009722940623760223,0.9902762770652771,10.89004135131836,0.8521450161933899,0.0,0.0,0.0314788855612278,0.9685212969779968,11.0888032913208,0.8778071999549866,0.0,0.0
93.0,4.0,0.014015848748385906,0.9859821200370789,10.727189064025879,0.8582001328468323,0.0,0.0,0.002782908733934164,0.9972169995307922,12.185552597045898,0.8372933864593506,0.0,0.0
94.0,0.0,0.011685122735798359,0.9883137345314026,9.875465393066406,0.8609938025474548,0.0,0.0,0.014734295196831226,0.985265851020813,13.495145797729492,0.8418585658073425,0.0,0.0
94.0,1.0,0.01321282796561718,0.986785888671875,12.239205360412598,0.8463992476463318,0.0,0.0,0.011175137013196945,0.9888248443603516,8.098601341247559,0.8748565912246704,0.0,0.0
94.0,2.0,0.014157798141241074,0.9858409762382507,10.948237419128418,0.8587501645088196,0.0,0.0,0.0021591370459645987,0.9978407621383667,10.70578670501709,0.8342636227607727,0.0,0.0
94.0,3.0,0.009722933173179626,0.9902758598327637,10.890047073364258,0.8521442413330078,0.0,0.0,0.031478866934776306,0.9685212969779968,11.088808059692383,0.8778068423271179,0.0,0.0
94.0,4.0,0.01401584967970848,0.9859827756881714,10.727185249328613,0.8581991195678711,0.0,0.0,0.0027829078026115894,0.9972166419029236,12.185553550720215,0.8372933268547058,0.0,0.0
95.0,0.0,0.011685115285217762,0.9883133172988892,9.875471115112305,0.860993504524231,0.0,0.0,0.0147342998534441,0.9852660894393921,13.495147705078125,0.8418587446212769,0.0,0.0
95.0,1.0,0.013212837278842926,0.9867868423461914,12.239209175109863,0.8463987708091736,0.0,0.0,0.01117513794451952,0.9888252019882202,8.098593711853027,0.8748570084571838,0.0,0.0
95.0,2.0,0.014157786034047604,0.9858402609825134,10.948233604431152,0.8587496280670166,0.0,0.0,0.0021591384429484606,0.997840404510498,10.705784797668457,0.8342636227607727,0.0,0.0
95.0,3.0,0.00972294807434082,0.9902758002281189,10.89005184173584,0.8521440029144287,0.0,0.0,0.0314788743853569,0.9685211777687073,11.0888032913208,0.8778071999549866,0.0,0.0
95.0,4.0,0.014015855267643929,0.9859827160835266,10.727188110351562,0.8581995368003845,0.0,0.0,0.0027829078026115894,0.9972168803215027,12.185555458068848,0.8372935056686401,0.0,0.0
96.0,0.0,0.011685119941830635,0.9883135557174683,9.87546157836914,0.8609932661056519,0.0,0.0,0.014734297059476376,0.9852656126022339,13.495148658752441,0.8418588042259216,0.0,0.0
96.0,1.0,0.01321281585842371,0.9867861270904541,12.239206314086914,0.8463985323905945,0.0,0.0,0.01117513794451952,0.9888246059417725,8.09859561920166,0.87485671043396,0.0,0.0
96.0,2.0,0.014157791621983051,0.9858406186103821,10.948241233825684,0.8587511777877808,0.0,0.0,0.0021591377444565296,0.9978408813476562,10.705781936645508,0.8342637419700623,0.0,0.0
96.0,3.0,0.009722942486405373,0.9902762770652771,10.890044212341309,0.8521444201469421,0.0,0.0,0.0314788781106472,0.9685212969779968,11.0888032913208,0.8778071403503418,0.0,0.0
96.0,4.0,0.01401584967970848,0.9859818816184998,10.727177619934082,0.8581996560096741,0.0,0.0,0.0027829085011035204,0.9972171187400818,12.18554973602295,0.8372935056686401,0.0,0.0
97.0,0.0,0.011685119941830635,0.9883146286010742,9.87546157836914,0.8609934449195862,0.0,0.0,0.014734291471540928,0.9852661490440369,13.495150566101074,0.8418585658073425,0.0,0.0
97.0,1.0,0.013212822377681732,0.9867855906486511,12.239208221435547,0.8463991284370422,0.0,0.0,0.011175143532454967,0.9888245463371277,8.098594665527344,0.87485671043396,0.0,0.0
97.0,2.0,0.014157797209918499,0.9858412742614746,10.948235511779785,0.8587515354156494,0.0,0.0,0.002159137511625886,0.9978410601615906,10.705785751342773,0.8342637419700623,0.0,0.0
97.0,3.0,0.009722940623760223,0.9902762174606323,10.890054702758789,0.8521450161933899,0.0,0.0,0.0314788743853569,0.968521237373352,11.088799476623535,0.8778071403503418,0.0,0.0
97.0,4.0,0.01401585340499878,0.9859820008277893,10.727184295654297,0.8582002520561218,0.0,0.0,0.002782909432426095,0.9972167015075684,12.185553550720215,0.8372933864593506,0.0,0.0
98.0,0.0,0.011685130186378956,0.9883133172988892,9.87546157836914,0.8609930276870728,0.0,0.0,0.014734293334186077,0.9852662682533264,13.49514389038086,0.8418588042259216,0.0,0.0
98.0,1.0,0.013212830759584904,0.9867871403694153,12.23919677734375,0.8463990688323975,0.0,0.0,0.011175143532454967,0.9888245463371277,8.09859848022461,0.8748564124107361,0.0,0.0
98.0,2.0,0.01415778324007988,0.9858404397964478,10.948235511779785,0.8587502241134644,0.0,0.0,0.0021591377444565296,0.9978406429290771,10.705780982971191,0.8342640399932861,0.0,0.0
98.0,3.0,0.009722945280373096,0.9902761578559875,10.890047073364258,0.8521446585655212,0.0,0.0,0.0314788743853569,0.9685214757919312,11.088800430297852,0.8778072595596313,0.0,0.0
98.0,4.0,0.01401586551219225,0.9859817624092102,10.727171897888184,0.8582002520561218,0.0,0.0,0.0027829085011035204,0.9972169995307922,12.185547828674316,0.8372934460639954,0.0,0.0
99.0,0.0,0.011685124598443508,0.9883140921592712,9.875458717346191,0.8609930276870728,0.0,0.0,0.014734293334186077,0.985265851020813,13.495147705078125,0.8418586254119873,0.0,0.0
99.0,1.0,0.013212822377681732,0.9867866635322571,12.239209175109863,0.8463985323905945,0.0,0.0,0.011175141669809818,0.9888249039649963,8.098596572875977,0.8748570084571838,0.0,0.0
99.0,2.0,0.01415780745446682,0.9858411550521851,10.94822883605957,0.8587508201599121,0.0,0.0,0.002159138210117817,0.9978407621383667,10.705788612365723,0.8342635035514832,0.0,0.0
99.0,3.0,0.009722946211695671,0.9902767539024353,10.890047073364258,0.8521443009376526,0.0,0.0,0.03147886320948601,0.9685213565826416,11.088801383972168,0.8778072595596313,0.0,0.0
99.0,4.0,0.014015858992934227,0.9859833121299744,10.727184295654297,0.8582002520561218,0.0,0.0,0.0027829091995954514,0.9972167015075684,12.185552597045898,0.8372933864593506,0.0,0.0
100.0,0.0,0.01168511901050806,9.875468254089355,9.875468254089355,0.8609931468963623,0.0,0.0,0.014734291471540928,13.495146751403809,13.495146751403809,0.8418583869934082,0.0,0.0
100.0,1.0,0.013212818652391434,12.239198684692383,12.239198684692383,0.8463988900184631,0.0,0.0,0.011175142601132393,8.098594665527344,8.098594665527344,0.8748565912246704,0.0,0.0
100.0,2.0,0.014157786965370178,10.948227882385254,10.948227882385254,0.8587508797645569,0.0,0.0,0.002159139607101679,10.705782890319824,10.705782890319824,0.8342636227607727,0.0,0.0
100.0,3.0,0.009722949005663395,10.89004135131836,10.89004135131836,0.8521434664726257,0.0,0.0,0.031478870660066605,11.088802337646484,11.088802337646484,0.8778073787689209,0.0,0.0
100.0,4.0,0.014015858061611652,10.727177619934082,10.727177619934082,0.8581991195678711,0.0,0.0,0.002782909432426095,12.185554504394531,12.185554504394531,0.8372933268547058,0.0,0.0
101.0,0.0,0.011685116216540337,9.875467300415039,9.875467300415039,0.8609933257102966,0.0,0.0,0.014734286814928055,13.49514389038086,13.49514389038086,0.8418585062026978,0.0,0.0
101.0,1.0,0.013212827034294605,12.239212036132812,12.239212036132812,0.8463983535766602,0.0,0.0,0.011175139807164669,8.098597526550293,8.098597526550293,0.8748568892478943,0.0,0.0
101.0,2.0,0.0141577934846282,10.948235511779785,10.948235511779785,0.8587506413459778,0.0,0.0,0.0021591372787952423,10.705785751342773,10.705785751342773,0.8342637419700623,0.0,0.0
101.0,3.0,0.00972294993698597,10.890053749084473,10.890053749084473,0.8521450757980347,0.0,0.0,0.0314788818359375,11.088802337646484,11.088802337646484,0.8778072595596313,0.0,0.0
101.0,4.0,0.014015870168805122,10.727173805236816,10.727173805236816,0.858199954032898,0.0,0.0,0.0027829075697809458,12.185556411743164,12.185556411743164,0.8372935056686401,0.0,0.0
102.0,0.0,0.011685115285217762,9.875466346740723,9.875466346740723,0.8609939813613892,0.0,0.0,0.014734295196831226,13.495148658752441,13.495148658752441,0.8418582081794739,0.0,0.0
102.0,1.0,0.013212837278842926,12.239200592041016,12.239200592041016,0.8463984131813049,0.0,0.0,0.011175138875842094,8.098592758178711,8.098592758178711,0.8748568892478943,0.0,0.0
102.0,2.0,0.014157785102725029,10.948233604431152,10.948233604431152,0.8587509393692017,0.0,0.0,0.0021591377444565296,10.70578670501709,10.70578670501709,0.8342635631561279,0.0,0.0
102.0,3.0,0.009722939692437649,10.890049934387207,10.890049934387207,0.8521448969841003,0.0,0.0,0.031478870660066605,11.08880615234375,11.08880615234375,0.8778071999549866,0.0,0.0
102.0,4.0,0.014015852473676205,10.727177619934082,10.727177619934082,0.8581996560096741,0.0,0.0,0.0027829089667648077,12.185554504394531,12.185554504394531,0.8372936844825745,0.0,0.0
103.0,0.0,0.011685118079185486,9.87546443939209,9.87546443939209,0.8609930276870728,0.0,0.0,0.014734291471540928,13.495144844055176,13.495144844055176,0.8418588638305664,0.0,0.0
103.0,1.0,0.01321281399577856,12.2391996383667,12.2391996383667,0.8463992476463318,0.0,0.0,0.011175143532454967,8.098596572875977,8.098596572875977,0.87485671043396,0.0,0.0
103.0,2.0,0.014157794415950775,10.948235511779785,10.948235511779785,0.8587508797645569,0.0,0.0,0.0021591372787952423,10.705787658691406,10.705787658691406,0.834263801574707,0.0,0.0
103.0,3.0,0.009722946211695671,10.89004135131836,10.89004135131836,0.8521453142166138,0.0,0.0,0.031478866934776306,11.088802337646484,11.088802337646484,0.8778073787689209,0.0,0.0
103.0,4.0,0.01401585340499878,10.727173805236816,10.727173805236816,0.858199954032898,0.0,0.0,0.0027829089667648077,12.185553550720215,12.185553550720215,0.8372933864593506,0.0,0.0
104.0,0.0,0.011685121804475784,9.875467300415039,9.875467300415039,0.8609926700592041,0.0,0.0,0.014734291471540928,13.495141983032227,13.495141983032227,0.8418585062026978,0.0,0.0
104.0,1.0,0.01321284007281065,12.239209175109863,12.239209175109863,0.8463988900184631,0.0,0.0,0.011175144463777542,8.098596572875977,8.098596572875977,0.8748571872711182,0.0,0.0
104.0,2.0,0.0141577934846282,10.948237419128418,10.948237419128418,0.8587507009506226,0.0,0.0,0.002159137511625886,10.705787658691406,10.705787658691406,0.8342637419700623,0.0,0.0
104.0,3.0,0.009722944349050522,10.890057563781738,10.890057563781738,0.852145254611969,0.0,0.0,0.031478870660066605,11.088805198669434,11.088805198669434,0.8778071403503418,0.0,0.0
104.0,4.0,0.014015860855579376,10.72718334197998,10.72718334197998,0.8581991791725159,0.0,0.0,0.0027829082682728767,12.185555458068848,12.185555458068848,0.8372935056686401,0.0,0.0
105.0,0.0,0.011685121804475784,9.875462532043457,9.875462532043457,0.860994279384613,0.0,0.0,0.014734293334186077,13.495148658752441,13.495148658752441,0.8418588042259216,0.0,0.0
105.0,1.0,0.013212830759584904,12.239209175109863,12.239209175109863,0.8463992476463318,0.0,0.0,0.011175137013196945,8.098596572875977,8.098596572875977,0.87485671043396,0.0,0.0
105.0,2.0,0.014157796278595924,10.948233604431152,10.948233604431152,0.8587509393692017,0.0,0.0,0.002159136813133955,10.705785751342773,10.705785751342773,0.8342635631561279,0.0,0.0
105.0,3.0,0.009722953662276268,10.890040397644043,10.890040397644043,0.8521445989608765,0.0,0.0,0.031478866934776306,11.088800430297852,11.088800430297852,0.8778071403503418,0.0,0.0
105.0,4.0,0.014015847817063332,10.727173805236816,10.727173805236816,0.8582003116607666,0.0,0.0,0.0027829089667648077,12.185556411743164,12.185556411743164,0.8372933864593506,0.0,0.0
106.0,0.0,0.011685128323733807,9.875458717346191,9.875458717346191,0.8609930872917175,0.0,0.0,0.014734288677573204,13.495144844055176,13.495144844055176,0.841858446598053,0.0,0.0
106.0,1.0,0.013212821446359158,12.239205360412598,12.239205360412598,0.8463985323905945,0.0,0.0,0.011175138875842094,8.098594665527344,8.098594665527344,0.8748561143875122,0.0,0.0
106.0,2.0,0.014157796278595924,10.948234558105469,10.948234558105469,0.8587503433227539,0.0,0.0,0.0021591377444565296,10.705785751342773,10.705785751342773,0.8342636227607727,0.0,0.0
106.0,3.0,0.009722954593598843,10.890047073364258,10.890047073364258,0.8521449565887451,0.0,0.0,0.0314788781106472,11.088805198669434,11.088805198669434,0.8778071403503418,0.0,0.0
106.0,4.0,0.014015859924256802,10.727184295654297,10.727184295654297,0.8581992983818054,0.0,0.0,0.0027829082682728767,12.185556411743164,12.185556411743164,0.8372934460639954,0.0,0.0
107.0,0.0,0.01168511901050806,9.875467300415039,9.875467300415039,0.860993504524231,0.0,0.0,0.014734288677573204,13.495147705078125,13.495147705078125,0.8418588638305664,0.0,0.0
107.0,1.0,0.013212827034294605,12.239209175109863,12.239209175109863,0.8463985323905945,0.0,0.0,0.011175140738487244,8.098594665527344,8.098594665527344,0.8748564124107361,0.0,0.0
107.0,2.0,0.014157790690660477,10.948227882385254,10.948227882385254,0.8587502241134644,0.0,0.0,0.0021591379772871733,10.705781936645508,10.705781936645508,0.8342636823654175,0.0,0.0
107.0,3.0,0.009722945280373096,10.890046119689941,10.890046119689941,0.8521435260772705,0.0,0.0,0.0314788818359375,11.088805198669434,11.088805198669434,0.8778072595596313,0.0,0.0
107.0,4.0,0.014015859924256802,10.727181434631348,10.727181434631348,0.8581989407539368,0.0,0.0,0.002782908733934164,12.18556022644043,12.18556022644043,0.8372936844825745,0.0,0.0
108.0,0.0,0.011685118079185486,9.875465393066406,9.875465393066406,0.8609942197799683,0.0,0.0,0.014734297059476376,13.49515151977539,13.49515151977539,0.841858446598053,0.0,0.0
108.0,1.0,0.013212842866778374,12.23921012878418,12.23921012878418,0.8463987708091736,0.0,0.0,0.011175143532454967,8.098596572875977,8.098596572875977,0.8748568296432495,0.0,0.0
108.0,2.0,0.014157799072563648,10.94822883605957,10.94822883605957,0.8587502241134644,0.0,0.0,0.002159138210117817,10.70578670501709,10.70578670501709,0.834263801574707,0.0,0.0
108.0,3.0,0.009722944349050522,10.890054702758789,10.890054702758789,0.8521440625190735,0.0,0.0,0.031478870660066605,11.088798522949219,11.088798522949219,0.8778074979782104,0.0,0.0
108.0,4.0,0.01401586178690195,10.727181434631348,10.727181434631348,0.8581997752189636,0.0,0.0,0.002782908035442233,12.185554504394531,12.185554504394531,0.8372933864593506,0.0,0.0
109.0,0.0,0.011685125529766083,9.875463485717773,9.875463485717773,0.8609938621520996,0.0,0.0,0.014734295196831226,13.495148658752441,13.495148658752441,0.8418583869934082,0.0,0.0
109.0,1.0,0.013212830759584904,12.239205360412598,12.239205360412598,0.8463979363441467,0.0,0.0,0.011175138875842094,8.098597526550293,8.098597526550293,0.8748570084571838,0.0,0.0
109.0,2.0,0.014157790690660477,10.948237419128418,10.948237419128418,0.8587503433227539,0.0,0.0,0.0021591379772871733,10.70578670501709,10.70578670501709,0.8342638611793518,0.0,0.0
109.0,3.0,0.00972294993698597,10.890052795410156,10.890052795410156,0.8521438837051392,0.0,0.0,0.0314788818359375,11.088804244995117,11.088804244995117,0.8778073191642761,0.0,0.0
109.0,4.0,0.014015858992934227,10.727179527282715,10.727179527282715,0.8581998944282532,0.0,0.0,0.002782908035442233,12.185553550720215,12.185553550720215,0.837293267250061,0.0,0.0
110.0,0.0,0.01168511901050806,9.875457763671875,9.875457763671875,0.8609940409660339,0.0,0.0,0.014734288677573204,13.495148658752441,13.495148658752441,0.8418594598770142,0.0,0.0
110.0,1.0,0.01321281585842371,12.239212036132812,12.239212036132812,0.8463989496231079,0.0,0.0,0.011175139807164669,8.098593711853027,8.098593711853027,0.8748568892478943,0.0,0.0
110.0,2.0,0.01415780559182167,10.948225975036621,10.948225975036621,0.8587502241134644,0.0,0.0,0.0021591377444565296,10.705788612365723,10.705788612365723,0.8342636227607727,0.0,0.0
110.0,3.0,0.00972294807434082,10.890049934387207,10.890049934387207,0.8521446585655212,0.0,0.0,0.0314788818359375,11.088804244995117,11.088804244995117,0.8778071999549866,0.0,0.0
110.0,4.0,0.014015859924256802,10.727179527282715,10.727179527282715,0.8581995368003845,0.0,0.0,0.002782908035442233,12.18555736541748,12.18555736541748,0.8372933268547058,0.0,0.0
111.0,0.0,0.011685128323733807,9.875468254089355,9.875468254089355,0.8609938025474548,0.0,0.0,0.014734290540218353,13.495145797729492,13.495145797729492,0.8418588042259216,0.0,0.0
111.0,1.0,0.013212830759584904,12.239201545715332,12.239201545715332,0.8463996052742004,0.0,0.0,0.01117513794451952,8.098596572875977,8.098596572875977,0.8748564124107361,0.0,0.0
111.0,2.0,0.014157788828015327,10.948224067687988,10.948224067687988,0.8587499856948853,0.0,0.0,0.0021591384429484606,10.705784797668457,10.705784797668457,0.8342635631561279,0.0,0.0
111.0,3.0,0.009722946211695671,10.890046119689941,10.890046119689941,0.8521443605422974,0.0,0.0,0.0314788781106472,11.088805198669434,11.088805198669434,0.8778074383735657,0.0,0.0
111.0,4.0,0.014015856198966503,10.727185249328613,10.727185249328613,0.8581998348236084,0.0,0.0,0.002782909432426095,12.185554504394531,12.185554504394531,0.8372933268547058,0.0,0.0
112.0,0.0,0.011685119941830635,9.875455856323242,9.875455856323242,0.8609938621520996,0.0,0.0,0.014734291471540928,13.495146751403809,13.495146751403809,0.8418586850166321,0.0,0.0
112.0,1.0,0.01321284007281065,12.23919677734375,12.23919677734375,0.8463990688323975,0.0,0.0,0.011175143532454967,8.098594665527344,8.098594665527344,0.8748560547828674,0.0,0.0
112.0,2.0,0.014157796278595924,10.94823169708252,10.94823169708252,0.8587504625320435,0.0,0.0,0.0021591379772871733,10.705784797668457,10.705784797668457,0.8342637419700623,0.0,0.0
112.0,3.0,0.009722943417727947,10.890049934387207,10.890049934387207,0.8521435856819153,0.0,0.0,0.0314788743853569,11.088800430297852,11.088800430297852,0.8778069019317627,0.0,0.0
112.0,4.0,0.014015855267643929,10.72717571258545,10.72717571258545,0.8581996560096741,0.0,0.0,0.0027829089667648077,12.185554504394531,12.185554504394531,0.8372934460639954,0.0,0.0
113.0,0.0,0.011685112491250038,9.875465393066406,9.875465393066406,0.8609941601753235,0.0,0.0,0.014734295196831226,13.495150566101074,13.495150566101074,0.8418586254119873,0.0,0.0
113.0,1.0,0.013212821446359158,12.239206314086914,12.239206314086914,0.8463984131813049,0.0,0.0,0.011175142601132393,8.098597526550293,8.098597526550293,0.8748570084571838,0.0,0.0
113.0,2.0,0.014157787896692753,10.948243141174316,10.948243141174316,0.8587499260902405,0.0,0.0,0.0021591379772871733,10.705785751342773,10.705785751342773,0.8342636227607727,0.0,0.0
113.0,3.0,0.009722946211695671,10.890053749084473,10.890053749084473,0.8521435856819153,0.0,0.0,0.0314788781106472,11.088802337646484,11.088802337646484,0.8778071999549866,0.0,0.0
113.0,4.0,0.014015852473676205,10.727187156677246,10.727187156677246,0.8581998348236084,0.0,0.0,0.0027829085011035204,12.185555458068848,12.185555458068848,0.8372937440872192,0.0,0.0
114.0,0.0,0.011685122735798359,9.875458717346191,9.875458717346191,0.8609936237335205,0.0,0.0,0.014734298922121525,13.49515438079834,13.49515438079834,0.8418588638305664,0.0,0.0
114.0,1.0,0.013212818652391434,12.23920726776123,12.23920726776123,0.8463985919952393,0.0,0.0,0.011175143532454967,8.09859561920166,8.09859561920166,0.8748564124107361,0.0,0.0
114.0,2.0,0.014157801866531372,10.948232650756836,10.948232650756836,0.8587502837181091,0.0,0.0,0.002159138908609748,10.705785751342773,10.705785751342773,0.834263801574707,0.0,0.0
114.0,3.0,0.00972294993698597,10.890052795410156,10.890052795410156,0.852145254611969,0.0,0.0,0.031478870660066605,11.088801383972168,11.088801383972168,0.8778076171875,0.0,0.0
114.0,4.0,0.014015854336321354,10.727176666259766,10.727176666259766,0.8582000136375427,0.0,0.0,0.0027829091995954514,12.185554504394531,12.185554504394531,0.8372933864593506,0.0,0.0
115.0,0.0,0.011685122735798359,9.875455856323242,9.875455856323242,0.8609938025474548,0.0,0.0,0.014734297059476376,13.495149612426758,13.495149612426758,0.8418582677841187,0.0,0.0
115.0,1.0,0.013212829828262329,12.239197731018066,12.239197731018066,0.8463981747627258,0.0,0.0,0.011175137013196945,8.098596572875977,8.098596572875977,0.8748570084571838,0.0,0.0
115.0,2.0,0.014157801866531372,10.948221206665039,10.948221206665039,0.8587507009506226,0.0,0.0,0.002159138210117817,10.705785751342773,10.705785751342773,0.8342633843421936,0.0,0.0
115.0,3.0,0.009722936898469925,10.89004135131836,10.89004135131836,0.8521456718444824,0.0,0.0,0.0314788743853569,11.088802337646484,11.088802337646484,0.8778073787689209,0.0,0.0
115.0,4.0,0.014015847817063332,10.727176666259766,10.727176666259766,0.8581992983818054,0.0,0.0,0.0027829091995954514,12.18554973602295,12.18554973602295,0.8372935652732849,0.0,0.0
116.0,0.0,0.01168513298034668,9.875459671020508,9.875459671020508,0.8609939813613892,0.0,0.0,0.014734291471540928,13.495145797729492,13.495145797729492,0.8418586850166321,0.0,0.0
116.0,1.0,0.013212837278842926,12.239203453063965,12.239203453063965,0.8463982343673706,0.0,0.0,0.01117513608187437,8.098597526550293,8.098597526550293,0.8748561143875122,0.0,0.0
116.0,2.0,0.014157798141241074,10.948237419128418,10.948237419128418,0.858751654624939,0.0,0.0,0.0021591379772871733,10.705785751342773,10.705785751342773,0.8342638611793518,0.0,0.0
116.0,3.0,0.009722940623760223,10.890061378479004,10.890061378479004,0.8521449565887451,0.0,0.0,0.0314788855612278,11.088802337646484,11.088802337646484,0.8778071999549866,0.0,0.0
116.0,4.0,0.014015850611031055,10.727185249328613,10.727185249328613,0.8581997752189636,0.0,0.0,0.002782908733934164,12.185548782348633,12.185548782348633,0.8372933864593506,0.0,0.0
117.0,0.0,0.01168511901050806,9.875463485717773,9.875463485717773,0.8609930872917175,0.0,0.0,0.014734291471540928,13.495149612426758,13.495149612426758,0.8418586850166321,0.0,0.0
117.0,1.0,0.013212818652391434,12.239203453063965,12.239203453063965,0.8463984131813049,0.0,0.0,0.011175142601132393,8.098604202270508,8.098604202270508,0.8748565316200256,0.0,0.0
117.0,2.0,0.01415780745446682,10.94823932647705,10.94823932647705,0.8587494492530823,0.0,0.0,0.002159138210117817,10.705785751342773,10.705785751342773,0.834263801574707,0.0,0.0
117.0,3.0,0.009722942486405373,10.890054702758789,10.890054702758789,0.8521448969841003,0.0,0.0,0.03147886320948601,11.088804244995117,11.088804244995117,0.8778072595596313,0.0,0.0
117.0,4.0,0.01401584967970848,10.727179527282715,10.727179527282715,0.8582000136375427,0.0,0.0,0.0027829078026115894,12.185547828674316,12.185547828674316,0.837293267250061,0.0,0.0
118.0,0.0,0.011685118079185486,9.875466346740723,9.875466346740723,0.8609938025474548,0.0,0.0,0.014734288677573204,13.495150566101074,13.495150566101074,0.8418587446212769,0.0,0.0
118.0,1.0,0.013212821446359158,12.2391996383667,12.2391996383667,0.8463987708091736,0.0,0.0,0.011175138875842094,8.098596572875977,8.098596572875977,0.8748560547828674,0.0,0.0
118.0,2.0,0.0141577934846282,10.948243141174316,10.948243141174316,0.8587502837181091,0.0,0.0,0.0021591377444565296,10.70578670501709,10.70578670501709,0.8342642188072205,0.0,0.0
118.0,3.0,0.009722938761115074,10.890054702758789,10.890054702758789,0.8521446585655212,0.0,0.0,0.0314788781106472,11.088802337646484,11.088802337646484,0.8778074979782104,0.0,0.0
118.0,4.0,0.014015852473676205,10.727188110351562,10.727188110351562,0.858199417591095,0.0,0.0,0.0027829082682728767,12.185551643371582,12.185551643371582,0.8372933268547058,0.0,0.0
119.0,0.0,0.01168510690331459,9.875458717346191,9.875458717346191,0.8609943985939026,0.0,0.0,0.014734288677573204,13.495149612426758,13.495149612426758,0.8418583273887634,0.0,0.0
119.0,1.0,0.013212830759584904,12.239208221435547,12.239208221435547,0.8463981747627258,0.0,0.0,0.011175140738487244,8.098597526550293,8.098597526550293,0.8748565316200256,0.0,0.0
119.0,2.0,0.014157790690660477,10.94822883605957,10.94822883605957,0.8587507009506226,0.0,0.0,0.0021591377444565296,10.705784797668457,10.705784797668457,0.8342636823654175,0.0,0.0
119.0,3.0,0.009722946211695671,10.890046119689941,10.890046119689941,0.8521445989608765,0.0,0.0,0.031478866934776306,11.0888032913208,11.0888032913208,0.8778071999549866,0.0,0.0
119.0,4.0,0.014015866443514824,10.727178573608398,10.727178573608398,0.8581994771957397,0.0,0.0,0.002782908035442233,12.185556411743164,12.185556411743164,0.8372933268547058,0.0,0.0
120.0,0.0,0.011685127392411232,9.87546443939209,9.87546443939209,0.8609941601753235,0.0,0.0,0.014734297059476376,13.495148658752441,13.495148658752441,0.8418588042259216,0.0,0.0
120.0,1.0,0.013212834484875202,12.239201545715332,12.239201545715332,0.8463987708091736,0.0,0.0,0.011175137013196945,8.09859561920166,8.09859561920166,0.87485671043396,0.0,0.0
120.0,2.0,0.014157792553305626,10.948224067687988,10.948224067687988,0.8587508201599121,0.0,0.0,0.0021591386757791042,10.705785751342773,10.705785751342773,0.8342640399932861,0.0,0.0
120.0,3.0,0.009722952730953693,10.89003849029541,10.89003849029541,0.852144718170166,0.0,0.0,0.03147886320948601,11.088805198669434,11.088805198669434,0.8778070211410522,0.0,0.0
120.0,4.0,0.014015866443514824,10.727176666259766,10.727176666259766,0.8581994771957397,0.0,0.0,0.002782908733934164,12.185551643371582,12.185551643371582,0.8372933864593506,0.0,0.0
121.0,0.0,0.011685127392411232,9.875458717346191,9.875458717346191,0.8609936237335205,0.0,0.0,0.014734298922121525,13.495152473449707,13.495152473449707,0.8418585062026978,0.0,0.0
121.0,1.0,0.013212816789746284,12.239205360412598,12.239205360412598,0.8463984131813049,0.0,0.0,0.011175142601132393,8.09859561920166,8.09859561920166,0.8748565912246704,0.0,0.0
121.0,2.0,0.014157786965370178,10.948233604431152,10.948233604431152,0.8587502837181091,0.0,0.0,0.002159138210117817,10.705785751342773,10.705785751342773,0.8342634439468384,0.0,0.0
121.0,3.0,0.009722943417727947,10.89005184173584,10.89005184173584,0.8521445393562317,0.0,0.0,0.031478866934776306,11.088804244995117,11.088804244995117,0.8778073787689209,0.0,0.0
121.0,4.0,0.014015864580869675,10.727176666259766,10.727176666259766,0.8581991791725159,0.0,0.0,0.0027829085011035204,12.185551643371582,12.185551643371582,0.8372933864593506,0.0,0.0
122.0,0.0,0.011685133911669254,9.875463485717773,9.875463485717773,0.8609943985939026,0.0,0.0,0.014734286814928055,13.495148658752441,13.495148658752441,0.841858446598053,0.0,0.0
122.0,1.0,0.013212837278842926,12.239214897155762,12.239214897155762,0.8463988900184631,0.0,0.0,0.01117513608187437,8.09859561920166,8.09859561920166,0.8748565316200256,0.0,0.0
122.0,2.0,0.014157786965370178,10.948234558105469,10.948234558105469,0.8587501049041748,0.0,0.0,0.002159137511625886,10.705789566040039,10.705789566040039,0.8342633843421936,0.0,0.0
122.0,3.0,0.009722945280373096,10.890052795410156,10.890052795410156,0.8521450757980347,0.0,0.0,0.0314788743853569,11.088801383972168,11.088801383972168,0.8778073191642761,0.0,0.0
122.0,4.0,0.014015852473676205,10.727179527282715,10.727179527282715,0.8581995964050293,0.0,0.0,0.002782908035442233,12.185551643371582,12.185551643371582,0.8372930884361267,0.0,0.0
123.0,0.0,0.011685115285217762,9.875462532043457,9.875462532043457,0.8609930276870728,0.0,0.0,0.014734288677573204,13.495147705078125,13.495147705078125,0.8418583869934082,0.0,0.0
123.0,1.0,0.013212824240326881,12.239209175109863,12.239209175109863,0.8463984131813049,0.0,0.0,0.011175145395100117,8.098596572875977,8.098596572875977,0.8748562932014465,0.0,0.0
123.0,2.0,0.014157799072563648,10.94822883605957,10.94822883605957,0.8587509393692017,0.0,0.0,0.0021591384429484606,10.705785751342773,10.705785751342773,0.8342637419700623,0.0,0.0
123.0,3.0,0.009722940623760223,10.890047073364258,10.890047073364258,0.8521445989608765,0.0,0.0,0.0314788781106472,11.088804244995117,11.088804244995117,0.8778071999549866,0.0,0.0
123.0,4.0,0.01401584967970848,10.727177619934082,10.727177619934082,0.8581991791725159,0.0,0.0,0.0027829082682728767,12.185555458068848,12.185555458068848,0.8372935652732849,0.0,0.0
124.0,0.0,0.011685125529766083,9.875473022460938,9.875473022460938,0.8609938025474548,0.0,0.0,0.014734295196831226,13.49515151977539,13.49515151977539,0.8418582677841187,0.0,0.0
124.0,1.0,0.013212825171649456,12.239209175109863,12.239209175109863,0.8463985323905945,0.0,0.0,0.011175145395100117,8.098591804504395,8.098591804504395,0.8748565316200256,0.0,0.0
124.0,2.0,0.014157794415950775,10.948233604431152,10.948233604431152,0.8587503433227539,0.0,0.0,0.0021591377444565296,10.705785751342773,10.705785751342773,0.8342634439468384,0.0,0.0
124.0,3.0,0.009722945280373096,10.89004135131836,10.89004135131836,0.8521445393562317,0.0,0.0,0.0314788743853569,11.088804244995117,11.088804244995117,0.8778072595596313,0.0,0.0
124.0,4.0,0.014015860855579376,10.727177619934082,10.727177619934082,0.8582003712654114,0.0,0.0,0.002782908733934164,12.185555458068848,12.185555458068848,0.8372935652732849,0.0,0.0
125.0,0.0,0.011685130186378956,9.87546443939209,9.87546443939209,0.8609943985939026,0.0,0.0,0.014734283089637756,13.495149612426758,13.495149612426758,0.8418586850166321,0.0,0.0
125.0,1.0,0.013212816789746284,12.239205360412598,12.239205360412598,0.8463977575302124,0.0,0.0,0.011175141669809818,8.09859848022461,8.09859848022461,0.8748561143875122,0.0,0.0
125.0,2.0,0.014157787896692753,10.948237419128418,10.948237419128418,0.8587509989738464,0.0,0.0,0.002159138210117817,10.705785751342773,10.705785751342773,0.8342636227607727,0.0,0.0
125.0,3.0,0.009722946211695671,10.890048027038574,10.890048027038574,0.8521439433097839,0.0,0.0,0.031478870660066605,11.088807106018066,11.088807106018066,0.8778071403503418,0.0,0.0
125.0,4.0,0.014015852473676205,10.727179527282715,10.727179527282715,0.8581991195678711,0.0,0.0,0.002782908733934164,12.185552597045898,12.185552597045898,0.8372934460639954,0.0,0.0
126.0,0.0,0.011685121804475784,9.875463485717773,9.875463485717773,0.8609945774078369,0.0,0.0,0.014734290540218353,13.49515151977539,13.49515151977539,0.8418588042259216,0.0,0.0
126.0,1.0,0.013212824240326881,12.239203453063965,12.239203453063965,0.8463995456695557,0.0,0.0,0.011175144463777542,8.09859561920166,8.09859561920166,0.8748562932014465,0.0,0.0
126.0,2.0,0.014157792553305626,10.94822883605957,10.94822883605957,0.8587493896484375,0.0,0.0,0.002159137511625886,10.705782890319824,10.705782890319824,0.8342636823654175,0.0,0.0
126.0,3.0,0.009722954593598843,10.89005184173584,10.89005184173584,0.8521443605422974,0.0,0.0,0.0314788781106472,11.0888032913208,11.0888032913208,0.8778070211410522,0.0,0.0
126.0,4.0,0.014015858992934227,10.727176666259766,10.727176666259766,0.8582003712654114,0.0,0.0,0.0027829085011035204,12.185550689697266,12.185550689697266,0.8372929096221924,0.0,0.0
127.0,0.0,0.011685122735798359,9.875470161437988,9.875470161437988,0.8609929084777832,0.0,0.0,0.014734291471540928,13.495144844055176,13.495144844055176,0.8418588042259216,0.0,0.0
127.0,1.0,0.013212835416197777,12.2391996383667,12.2391996383667,0.8463977575302124,0.0,0.0,0.011175142601132393,8.098597526550293,8.098597526550293,0.8748568296432495,0.0,0.0
127.0,2.0,0.014157786965370178,10.948237419128418,10.948237419128418,0.8587512969970703,0.0,0.0,0.0021591377444565296,10.705785751342773,10.705785751342773,0.8342635631561279,0.0,0.0
127.0,3.0,0.00972294993698597,10.890042304992676,10.890042304992676,0.8521445393562317,0.0,0.0,0.0314788855612278,11.088804244995117,11.088804244995117,0.8778071403503418,0.0,0.0
127.0,4.0,0.01401584967970848,10.727179527282715,10.727179527282715,0.8582001328468323,0.0,0.0,0.0027829096652567387,12.185554504394531,12.185554504394531,0.8372934460639954,0.0,0.0
128.0,0.0,0.011685118079185486,9.875458717346191,9.875458717346191,0.860994279384613,0.0,0.0,0.014734291471540928,13.495149612426758,13.495149612426758,0.8418582081794739,0.0,0.0
128.0,1.0,0.01321282796561718,12.239204406738281,12.239204406738281,0.8463992476463318,0.0,0.0,0.011175141669809818,8.09859848022461,8.09859848022461,0.8748565316200256,0.0,0.0
128.0,2.0,0.014157791621983051,10.94823932647705,10.94823932647705,0.8587509989738464,0.0,0.0,0.0021591379772871733,10.70578384399414,10.70578384399414,0.8342636823654175,0.0,0.0
128.0,3.0,0.00972294807434082,10.890049934387207,10.890049934387207,0.8521456122398376,0.0,0.0,0.0314788781106472,11.088805198669434,11.088805198669434,0.8778071999549866,0.0,0.0
128.0,4.0,0.014015856198966503,10.72716999053955,10.72716999053955,0.858198881149292,0.0,0.0,0.002782908733934164,12.185553550720215,12.185553550720215,0.8372933864593506,0.0,0.0
129.0,0.0,0.011685121804475784,9.875463485717773,9.875463485717773,0.8609939813613892,0.0,0.0,0.014734293334186077,13.495142936706543,13.495142936706543,0.8418583869934082,0.0,0.0
129.0,1.0,0.013212818652391434,12.239205360412598,12.239205360412598,0.8463989496231079,0.0,0.0,0.011175145395100117,8.098597526550293,8.098597526550293,0.8748568296432495,0.0,0.0
129.0,2.0,0.014157801866531372,10.948226928710938,10.948226928710938,0.8587502241134644,0.0,0.0,0.002159137511625886,10.705787658691406,10.705787658691406,0.8342636227607727,0.0,0.0
129.0,3.0,0.009722944349050522,10.890042304992676,10.890042304992676,0.8521450161933899,0.0,0.0,0.0314788743853569,11.0888032913208,11.0888032913208,0.8778074979782104,0.0,0.0
129.0,4.0,0.01401584967970848,10.727190017700195,10.727190017700195,0.8581992983818054,0.0,0.0,0.0027829085011035204,12.185551643371582,12.185551643371582,0.8372935056686401,0.0,0.0
130.0,0.0,0.011685125529766083,9.875457763671875,9.875457763671875,0.8609929084777832,0.0,0.0,0.014734293334186077,13.495146751403809,13.495146751403809,0.8418580889701843,0.0,0.0
130.0,1.0,0.013212827034294605,12.239205360412598,12.239205360412598,0.8463993668556213,0.0,0.0,0.011175147257745266,8.098599433898926,8.098599433898926,0.8748565912246704,0.0,0.0
130.0,2.0,0.014157803729176521,10.948246002197266,10.948246002197266,0.8587499260902405,0.0,0.0,0.002159136813133955,10.70578384399414,10.70578384399414,0.8342637419700623,0.0,0.0
130.0,3.0,0.009722939692437649,10.890037536621094,10.890037536621094,0.8521446585655212,0.0,0.0,0.031478870660066605,11.088804244995117,11.088804244995117,0.877807080745697,0.0,0.0
130.0,4.0,0.014015867374837399,10.727181434631348,10.727181434631348,0.8582003712654114,0.0,0.0,0.0027829078026115894,12.185553550720215,12.185553550720215,0.8372931480407715,0.0,0.0
131.0,0.0,0.011685119941830635,9.875458717346191,9.875458717346191,0.8609947562217712,0.0,0.0,0.014734290540218353,13.495152473449707,13.495152473449707,0.8418588638305664,0.0,0.0
131.0,1.0,0.01321282796561718,12.239206314086914,12.239206314086914,0.8463981747627258,0.0,0.0,0.011175142601132393,8.098596572875977,8.098596572875977,0.8748573064804077,0.0,0.0
131.0,2.0,0.014157776720821857,10.948235511779785,10.948235511779785,0.8587502241134644,0.0,0.0,0.0021591384429484606,10.705782890319824,10.705782890319824,0.834263801574707,0.0,0.0
131.0,3.0,0.009722949005663395,10.890064239501953,10.890064239501953,0.852144181728363,0.0,0.0,0.0314788781106472,11.0888032913208,11.0888032913208,0.8778069019317627,0.0,0.0
131.0,4.0,0.014015858061611652,10.727188110351562,10.727188110351562,0.8581996560096741,0.0,0.0,0.0027829085011035204,12.185558319091797,12.185558319091797,0.8372934460639954,0.0,0.0
132.0,0.0,0.011685130186378956,9.875462532043457,9.875462532043457,0.8609932661056519,0.0,0.0,0.014734288677573204,13.495148658752441,13.495148658752441,0.8418585658073425,0.0,0.0
132.0,1.0,0.013212821446359158,12.239208221435547,12.239208221435547,0.8463979363441467,0.0,0.0,0.011175135150551796,8.09859561920166,8.09859561920166,0.8748564124107361,0.0,0.0
132.0,2.0,0.014157796278595924,10.948237419128418,10.948237419128418,0.8587494492530823,0.0,0.0,0.002159138210117817,10.705785751342773,10.705785751342773,0.8342636823654175,0.0,0.0
132.0,3.0,0.009722939692437649,10.890044212341309,10.890044212341309,0.8521443009376526,0.0,0.0,0.0314788743853569,11.08880615234375,11.08880615234375,0.8778074383735657,0.0,0.0
132.0,4.0,0.0140158636495471,10.727184295654297,10.727184295654297,0.8582002520561218,0.0,0.0,0.0027829085011035204,12.185554504394531,12.185554504394531,0.8372935056686401,0.0,0.0
133.0,0.0,0.011685118079185486,9.875450134277344,9.875450134277344,0.8609933257102966,0.0,0.0,0.014734295196831226,13.495146751403809,13.495146751403809,0.8418583869934082,0.0,0.0
133.0,1.0,0.013212829828262329,12.23920726776123,12.23920726776123,0.8463983535766602,0.0,0.0,0.011175138875842094,8.098601341247559,8.098601341247559,0.87485671043396,0.0,0.0
133.0,2.0,0.014157803729176521,10.948234558105469,10.948234558105469,0.8587505221366882,0.0,0.0,0.0021591372787952423,10.705781936645508,10.705781936645508,0.8342636227607727,0.0,0.0
133.0,3.0,0.009722943417727947,10.89004898071289,10.89004898071289,0.8521450161933899,0.0,0.0,0.0314788818359375,11.088808059692383,11.088808059692383,0.8778073191642761,0.0,0.0
133.0,4.0,0.01401586178690195,10.727184295654297,10.727184295654297,0.8581995368003845,0.0,0.0,0.002782907336950302,12.185558319091797,12.185558319091797,0.8372936844825745,0.0,0.0
134.0,0.0,0.011685124598443508,9.875468254089355,9.875468254089355,0.8609931468963623,0.0,0.0,0.014734282158315182,13.495142936706543,13.495142936706543,0.8418582677841187,0.0,0.0
134.0,1.0,0.013212824240326881,12.239203453063965,12.239203453063965,0.8463987112045288,0.0,0.0,0.011175139807164669,8.098596572875977,8.098596572875977,0.8748565316200256,0.0,0.0
134.0,2.0,0.014157785102725029,10.948225975036621,10.948225975036621,0.8587509989738464,0.0,0.0,0.0021591384429484606,10.70578384399414,10.70578384399414,0.8342636227607727,0.0,0.0
134.0,3.0,0.00972294993698597,10.89004898071289,10.89004898071289,0.8521453142166138,0.0,0.0,0.0314788743853569,11.088801383972168,11.088801383972168,0.8778069615364075,0.0,0.0
134.0,4.0,0.01401584967970848,10.727178573608398,10.727178573608398,0.8581998348236084,0.0,0.0,0.0027829089667648077,12.185556411743164,12.185556411743164,0.8372935056686401,0.0,0.0
135.0,0.0,0.011685122735798359,9.875457763671875,9.875457763671875,0.8609933257102966,0.0,0.0,0.014734298922121525,13.495144844055176,13.495144844055176,0.8418588042259216,0.0,0.0
135.0,1.0,0.013212821446359158,12.2391996383667,12.2391996383667,0.8463983535766602,0.0,0.0,0.011175135150551796,8.098596572875977,8.098596572875977,0.8748570084571838,0.0,0.0
135.0,2.0,0.014157791621983051,10.948237419128418,10.948237419128418,0.8587495684623718,0.0,0.0,0.002159138210117817,10.705787658691406,10.705787658691406,0.8342633843421936,0.0,0.0
135.0,3.0,0.00972294807434082,10.890036582946777,10.890036582946777,0.8521437048912048,0.0,0.0,0.03147886320948601,11.0888032913208,11.0888032913208,0.877807080745697,0.0,0.0
135.0,4.0,0.014015854336321354,10.72718334197998,10.72718334197998,0.8581990599632263,0.0,0.0,0.0027829096652567387,12.185555458068848,12.185555458068848,0.8372931480407715,0.0,0.0
136.0,0.0,0.011685122735798359,9.875467300415039,9.875467300415039,0.8609933257102966,0.0,0.0,0.014734293334186077,13.495146751403809,13.495146751403809,0.8418585062026978,0.0,0.0
136.0,1.0,0.013212824240326881,12.239197731018066,12.239197731018066,0.8463987112045288,0.0,0.0,0.011175135150551796,8.098601341247559,8.098601341247559,0.8748562932014465,0.0,0.0
136.0,2.0,0.014157803729176521,10.948235511779785,10.948235511779785,0.8587507009506226,0.0,0.0,0.0021591377444565296,10.705785751342773,10.705785751342773,0.8342636227607727,0.0,0.0
136.0,3.0,0.0097229378297925,10.890042304992676,10.890042304992676,0.8521448969841003,0.0,0.0,0.031478866934776306,11.088804244995117,11.088804244995117,0.8778073787689209,0.0,0.0
136.0,4.0,0.014015870168805122,10.727181434631348,10.727181434631348,0.8581992387771606,0.0,0.0,0.002782908035442233,12.185555458068848,12.185555458068848,0.8372936844825745,0.0,0.0
137.0,0.0,0.01168510690331459,9.875460624694824,9.875460624694824,0.8609932661056519,0.0,0.0,0.014734283089637756,13.495147705078125,13.495147705078125,0.841858983039856,0.0,0.0
137.0,1.0,0.013212825171649456,12.2391996383667,12.2391996383667,0.8463988900184631,0.0,0.0,0.011175142601132393,8.098592758178711,8.098592758178711,0.8748568296432495,0.0,0.0
137.0,2.0,0.014157809317111969,10.948238372802734,10.948238372802734,0.8587508797645569,0.0,0.0,0.0021591377444565296,10.705780029296875,10.705780029296875,0.834263801574707,0.0,0.0
137.0,3.0,0.0097229378297925,10.89005184173584,10.89005184173584,0.8521442413330078,0.0,0.0,0.0314788743853569,11.088802337646484,11.088802337646484,0.8778071403503418,0.0,0.0
137.0,4.0,0.014015850611031055,10.7271728515625,10.7271728515625,0.8581987619400024,0.0,0.0,0.002782907336950302,12.185556411743164,12.185556411743164,0.8372933864593506,0.0,0.0
138.0,0.0,0.011685127392411232,9.875459671020508,9.875459671020508,0.8609938621520996,0.0,0.0,0.014734297059476376,13.495153427124023,13.495153427124023,0.8418580293655396,0.0,0.0
138.0,1.0,0.01321282796561718,12.23920726776123,12.23920726776123,0.8463994264602661,0.0,0.0,0.011175137013196945,8.098602294921875,8.098602294921875,0.87485671043396,0.0,0.0
138.0,2.0,0.014157808385789394,10.948233604431152,10.948233604431152,0.8587508201599121,0.0,0.0,0.0021591372787952423,10.70578670501709,10.70578670501709,0.8342636227607727,0.0,0.0
138.0,3.0,0.009722945280373096,10.890058517456055,10.890058517456055,0.852145254611969,0.0,0.0,0.031478866934776306,11.088805198669434,11.088805198669434,0.877807080745697,0.0,0.0
138.0,4.0,0.01401586551219225,10.727194786071777,10.727194786071777,0.8581997752189636,0.0,0.0,0.0027829085011035204,12.185554504394531,12.185554504394531,0.8372935652732849,0.0,0.0
139.0,0.0,0.011685109697282314,9.875466346740723,9.875466346740723,0.8609929084777832,0.0,0.0,0.014734290540218353,13.495144844055176,13.495144844055176,0.8418585062026978,0.0,0.0
139.0,1.0,0.01321282796561718,12.239204406738281,12.239204406738281,0.8463985323905945,0.0,0.0,0.011175139807164669,8.09859848022461,8.09859848022461,0.8748564124107361,0.0,0.0
139.0,2.0,0.014157791621983051,10.948233604431152,10.948233604431152,0.858750581741333,0.0,0.0,0.0021591386757791042,10.70578670501709,10.70578670501709,0.8342636823654175,0.0,0.0
139.0,3.0,0.0097229378297925,10.890052795410156,10.890052795410156,0.8521447777748108,0.0,0.0,0.031478866934776306,11.088805198669434,11.088805198669434,0.8778071403503418,0.0,0.0
139.0,4.0,0.014015846885740757,10.727173805236816,10.727173805236816,0.8581991195678711,0.0,0.0,0.0027829085011035204,12.185550689697266,12.185550689697266,0.8372936248779297,0.0,0.0
140.0,0.0,0.011685112491250038,9.875468254089355,9.875468254089355,0.8609938025474548,0.0,0.0,0.014734298922121525,13.495152473449707,13.495152473449707,0.8418583869934082,0.0,0.0
140.0,1.0,0.013212821446359158,12.239211082458496,12.239211082458496,0.8463984131813049,0.0,0.0,0.01117513794451952,8.098596572875977,8.098596572875977,0.8748565912246704,0.0,0.0
140.0,2.0,0.01415778137743473,10.948225975036621,10.948225975036621,0.8587502241134644,0.0,0.0,0.0021591384429484606,10.705784797668457,10.705784797668457,0.8342636227607727,0.0,0.0
140.0,3.0,0.009722946211695671,10.890057563781738,10.890057563781738,0.8521447777748108,0.0,0.0,0.031478866934776306,11.088805198669434,11.088805198669434,0.8778073191642761,0.0,0.0
140.0,4.0,0.014015858061611652,10.727176666259766,10.727176666259766,0.8582001328468323,0.0,0.0,0.002782908035442233,12.185553550720215,12.185553550720215,0.8372933864593506,0.0,0.0
141.0,0.0,0.011685124598443508,9.875463485717773,9.875463485717773,0.8609938025474548,0.0,0.0,0.014734290540218353,13.495155334472656,13.495155334472656,0.8418583869934082,0.0,0.0
141.0,1.0,0.013212830759584904,12.239206314086914,12.239206314086914,0.8463985323905945,0.0,0.0,0.011175143532454967,8.098596572875977,8.098596572875977,0.8748564124107361,0.0,0.0
141.0,2.0,0.014157796278595924,10.948234558105469,10.948234558105469,0.8587503433227539,0.0,0.0,0.0021591384429484606,10.705785751342773,10.705785751342773,0.8342638611793518,0.0,0.0
141.0,3.0,0.009722949005663395,10.890046119689941,10.890046119689941,0.8521440625190735,0.0,0.0,0.0314788743853569,11.0888032913208,11.0888032913208,0.8778071403503418,0.0,0.0
141.0,4.0,0.014015872962772846,10.727179527282715,10.727179527282715,0.8581998348236084,0.0,0.0,0.002782908035442233,12.185555458068848,12.185555458068848,0.8372930884361267,0.0,0.0
142.0,0.0,0.011685122735798359,9.875472068786621,9.875472068786621,0.8609930872917175,0.0,0.0,0.014734290540218353,13.495145797729492,13.495145797729492,0.8418587446212769,0.0,0.0
142.0,1.0,0.013212819583714008,12.239208221435547,12.239208221435547,0.8463985919952393,0.0,0.0,0.011175139807164669,8.09859561920166,8.09859561920166,0.8748565912246704,0.0,0.0
142.0,2.0,0.014157791621983051,10.948240280151367,10.948240280151367,0.8587502837181091,0.0,0.0,0.0021591379772871733,10.705791473388672,10.705791473388672,0.8342635035514832,0.0,0.0
142.0,3.0,0.009722954593598843,10.890044212341309,10.890044212341309,0.852145254611969,0.0,0.0,0.0314788855612278,11.088801383972168,11.088801383972168,0.8778071403503418,0.0,0.0
142.0,4.0,0.014015858992934227,10.72718334197998,10.72718334197998,0.8581995964050293,0.0,0.0,0.0027829089667648077,12.185553550720215,12.185553550720215,0.8372934460639954,0.0,0.0
143.0,0.0,0.011685115285217762,9.875458717346191,9.875458717346191,0.8609933257102966,0.0,0.0,0.014734293334186077,13.49515151977539,13.49515151977539,0.8418588042259216,0.0,0.0
143.0,1.0,0.013212832622230053,12.23919677734375,12.23919677734375,0.8463985919952393,0.0,0.0,0.011175141669809818,8.098594665527344,8.098594665527344,0.8748571276664734,0.0,0.0
143.0,2.0,0.014157790690660477,10.948250770568848,10.948250770568848,0.8587519526481628,0.0,0.0,0.002159138210117817,10.705784797668457,10.705784797668457,0.8342635631561279,0.0,0.0
143.0,3.0,0.009722944349050522,10.890053749084473,10.890053749084473,0.8521448969841003,0.0,0.0,0.0314788818359375,11.088802337646484,11.088802337646484,0.8778069019317627,0.0,0.0
143.0,4.0,0.014015858992934227,10.727185249328613,10.727185249328613,0.8581995368003845,0.0,0.0,0.0027829089667648077,12.185552597045898,12.185552597045898,0.8372935652732849,0.0,0.0
144.0,0.0,0.011685127392411232,9.875463485717773,9.875463485717773,0.8609938621520996,0.0,0.0,0.014734293334186077,13.495148658752441,13.495148658752441,0.841858446598053,0.0,0.0
144.0,1.0,0.013212834484875202,12.239202499389648,12.239202499389648,0.8463987112045288,0.0,0.0,0.011175144463777542,8.098597526550293,8.098597526550293,0.8748565316200256,0.0,0.0
144.0,2.0,0.014157786034047604,10.948240280151367,10.948240280151367,0.8587515354156494,0.0,0.0,0.0021591377444565296,10.705788612365723,10.705788612365723,0.8342634439468384,0.0,0.0
144.0,3.0,0.009722949005663395,10.89005184173584,10.89005184173584,0.8521451354026794,0.0,0.0,0.0314788781106472,11.0888032913208,11.0888032913208,0.8778071403503418,0.0,0.0
144.0,4.0,0.014015850611031055,10.727185249328613,10.727185249328613,0.8581995368003845,0.0,0.0,0.0027829085011035204,12.185550689697266,12.185550689697266,0.8372935652732849,0.0,0.0
145.0,0.0,0.011685122735798359,9.875467300415039,9.875467300415039,0.8609929084777832,0.0,0.0,0.014734293334186077,13.495145797729492,13.495145797729492,0.8418585658073425,0.0,0.0
145.0,1.0,0.013212827034294605,12.239206314086914,12.239206314086914,0.8463987708091736,0.0,0.0,0.011175139807164669,8.098599433898926,8.098599433898926,0.8748568296432495,0.0,0.0
145.0,2.0,0.014157803729176521,10.948233604431152,10.948233604431152,0.8587503433227539,0.0,0.0,0.0021591379772871733,10.705784797668457,10.705784797668457,0.8342636227607727,0.0,0.0
145.0,3.0,0.009722938761115074,10.890048027038574,10.890048027038574,0.8521438837051392,0.0,0.0,0.031478870660066605,11.088807106018066,11.088807106018066,0.8778069615364075,0.0,0.0
145.0,4.0,0.014015872962772846,10.727177619934082,10.727177619934082,0.8582003712654114,0.0,0.0,0.002782908733934164,12.185558319091797,12.185558319091797,0.8372936248779297,0.0,0.0
146.0,0.0,0.011685127392411232,9.875462532043457,9.875462532043457,0.8609938025474548,0.0,0.0,0.014734290540218353,13.495153427124023,13.495153427124023,0.8418586254119873,0.0,0.0
146.0,1.0,0.01321281399577856,12.23920726776123,12.23920726776123,0.8463987112045288,0.0,0.0,0.011175146326422691,8.098599433898926,8.098599433898926,0.87485671043396,0.0,0.0
146.0,2.0,0.014157794415950775,10.94823169708252,10.94823169708252,0.8587508201599121,0.0,0.0,0.0021591379772871733,10.705785751342773,10.705785751342773,0.8342639207839966,0.0,0.0
146.0,3.0,0.009722946211695671,10.890048027038574,10.890048027038574,0.852144181728363,0.0,0.0,0.0314788781106472,11.088799476623535,11.088799476623535,0.8778069615364075,0.0,0.0
146.0,4.0,0.014015850611031055,10.727187156677246,10.727187156677246,0.8582010269165039,0.0,0.0,0.0027829096652567387,12.185551643371582,12.185551643371582,0.8372933268547058,0.0,0.0
147.0,0.0,0.011685119941830635,9.875467300415039,9.875467300415039,0.8609933257102966,0.0,0.0,0.014734290540218353,13.495145797729492,13.495145797729492,0.8418588042259216,0.0,0.0
147.0,1.0,0.013212821446359158,12.239201545715332,12.239201545715332,0.8463984131813049,0.0,0.0,0.011175140738487244,8.098596572875977,8.098596572875977,0.8748565316200256,0.0,0.0
147.0,2.0,0.014157797209918499,10.948225975036621,10.948225975036621,0.8587511777877808,0.0,0.0,0.0021591379772871733,10.705782890319824,10.705782890319824,0.8342636823654175,0.0,0.0
147.0,3.0,0.009722946211695671,10.89004898071289,10.89004898071289,0.8521444201469421,0.0,0.0,0.0314788855612278,11.088807106018066,11.088807106018066,0.8778074979782104,0.0,0.0
147.0,4.0,0.014015864580869675,10.727187156677246,10.727187156677246,0.8581998348236084,0.0,0.0,0.0027829082682728767,12.185553550720215,12.185553550720215,0.8372933864593506,0.0,0.0
148.0,0.0,0.011685115285217762,9.875465393066406,9.875465393066406,0.8609938025474548,0.0,0.0,0.014734295196831226,13.495152473449707,13.495152473449707,0.8418588042259216,0.0,0.0
148.0,1.0,0.01321282796561718,12.239209175109863,12.239209175109863,0.8463991284370422,0.0,0.0,0.011175138875842094,8.098596572875977,8.098596572875977,0.8748562335968018,0.0,0.0
148.0,2.0,0.014157801866531372,10.948234558105469,10.948234558105469,0.8587505221366882,0.0,0.0,0.0021591372787952423,10.705785751342773,10.705785751342773,0.8342637419700623,0.0,0.0
148.0,3.0,0.00972294807434082,10.890046119689941,10.890046119689941,0.8521443009376526,0.0,0.0,0.0314788818359375,11.088807106018066,11.088807106018066,0.8778069615364075,0.0,0.0
148.0,4.0,0.014015852473676205,10.727173805236816,10.727173805236816,0.8582001328468323,0.0,0.0,0.002782908035442233,12.185551643371582,12.185551643371582,0.8372937440872192,0.0,0.0
149.0,0.0,0.011685121804475784,9.875468254089355,9.875468254089355,0.8609933257102966,0.0,0.0,0.014734295196831226,13.495147705078125,13.495147705078125,0.8418585062026978,0.0,0.0
149.0,1.0,0.01321281585842371,12.239200592041016,12.239200592041016,0.8463987112045288,0.0,0.0,0.011175145395100117,8.09859561920166,8.09859561920166,0.8748565316200256,0.0,0.0
149.0,2.0,0.014157787896692753,10.948234558105469,10.948234558105469,0.8587503433227539,0.0,0.0,0.002159138210117817,10.70578670501709,10.70578670501709,0.8342635631561279,0.0,0.0
149.0,3.0,0.00972294807434082,10.89005184173584,10.89005184173584,0.8521440625190735,0.0,0.0,0.0314788818359375,11.088797569274902,11.088797569274902,0.8778073787689209,0.0,0.0
149.0,4.0,0.014015854336321354,10.727169036865234,10.727169036865234,0.858199954032898,0.0,0.0,0.0027829096652567387,12.185551643371582,12.185551643371582,0.8372934460639954,0.0,0.0
150.0,0.0,0.011685125529766083,9.875472068786621,9.875472068786621,0.8609926700592041,0.0,0.0,0.014734291471540928,13.495148658752441,13.495148658752441,0.841858446598053,0.0,0.0
150.0,1.0,0.013212818652391434,12.239200592041016,12.239200592041016,0.8463987708091736,0.0,0.0,0.011175140738487244,8.098592758178711,8.098592758178711,0.8748562335968018,0.0,0.0
150.0,2.0,0.014157794415950775,10.948233604431152,10.948233604431152,0.8587499856948853,0.0,0.0,0.002159137511625886,10.705785751342773,10.705785751342773,0.8342636227607727,0.0,0.0
150.0,3.0,0.00972294807434082,10.890055656433105,10.890055656433105,0.8521440625190735,0.0,0.0,0.031478870660066605,11.0888032913208,11.0888032913208,0.8778071999549866,0.0,0.0
150.0,4.0,0.014015864580869675,10.727177619934082,10.727177619934082,0.8582002520561218,0.0,0.0,0.0027829089667648077,12.185555458068848,12.185555458068848,0.837293267250061,0.0,0.0
151.0,0.0,0.01168511901050806,9.875463485717773,9.875463485717773,0.8609938621520996,0.0,0.0,0.014734286814928055,13.495142936706543,13.495142936706543,0.8418582081794739,0.0,0.0
151.0,1.0,0.01321282796561718,12.239195823669434,12.239195823669434,0.8463982343673706,0.0,0.0,0.011175146326422691,8.09859561920166,8.09859561920166,0.8748562932014465,0.0,0.0
151.0,2.0,0.014157792553305626,10.948232650756836,10.948232650756836,0.8587499260902405,0.0,0.0,0.0021591386757791042,10.705787658691406,10.705787658691406,0.834263801574707,0.0,0.0
151.0,3.0,0.009722940623760223,10.890047073364258,10.890047073364258,0.8521446585655212,0.0,0.0,0.031478866934776306,11.088801383972168,11.088801383972168,0.8778071999549866,0.0,0.0
151.0,4.0,0.014015856198966503,10.727184295654297,10.727184295654297,0.8581991195678711,0.0,0.0,0.0027829091995954514,12.185553550720215,12.185553550720215,0.8372934460639954,0.0,0.0
152.0,0.0,0.011685124598443508,9.875457763671875,9.875457763671875,0.8609928488731384,0.0,0.0,0.014734301716089249,13.495146751403809,13.495146751403809,0.8418583273887634,0.0,0.0
152.0,1.0,0.013212825171649456,12.239205360412598,12.239205360412598,0.8463985323905945,0.0,0.0,0.01117513608187437,8.09859848022461,8.09859848022461,0.87485671043396,0.0,0.0
152.0,2.0,0.014157790690660477,10.948227882385254,10.948227882385254,0.8587497472763062,0.0,0.0,0.0021591379772871733,10.705781936645508,10.705781936645508,0.8342638611793518,0.0,0.0
152.0,3.0,0.00972294993698597,10.89004135131836,10.89004135131836,0.8521445989608765,0.0,0.0,0.031478866934776306,11.088802337646484,11.088802337646484,0.8778075575828552,0.0,0.0
152.0,4.0,0.01401583943516016,10.727176666259766,10.727176666259766,0.8581997752189636,0.0,0.0,0.0027829082682728767,12.185551643371582,12.185551643371582,0.8372931480407715,0.0,0.0
153.0,0.0,0.011685118079185486,9.875458717346191,9.875458717346191,0.860994279384613,0.0,0.0,0.014734295196831226,13.495144844055176,13.495144844055176,0.8418582081794739,0.0,0.0
153.0,1.0,0.013212821446359158,12.239203453063965,12.239203453063965,0.8463985323905945,0.0,0.0,0.011175145395100117,8.09859848022461,8.09859848022461,0.8748568296432495,0.0,0.0
153.0,2.0,0.014157786965370178,10.948225975036621,10.948225975036621,0.8587501645088196,0.0,0.0,0.0021591379772871733,10.70578670501709,10.70578670501709,0.8342635631561279,0.0,0.0
153.0,3.0,0.00972294807434082,10.89004135131836,10.89004135131836,0.8521450161933899,0.0,0.0,0.031478870660066605,11.088799476623535,11.088799476623535,0.8778069615364075,0.0,0.0
153.0,4.0,0.014015852473676205,10.727173805236816,10.727173805236816,0.8581990599632263,0.0,0.0,0.002782908733934164,12.185552597045898,12.185552597045898,0.8372936248779297,0.0,0.0
154.0,0.0,0.01168513111770153,9.875471115112305,9.875471115112305,0.8609926700592041,0.0,0.0,0.014734286814928055,13.495150566101074,13.495150566101074,0.841858446598053,0.0,0.0
154.0,1.0,0.013212819583714008,12.239198684692383,12.239198684692383,0.8463985919952393,0.0,0.0,0.011175140738487244,8.098597526550293,8.098597526550293,0.8748562932014465,0.0,0.0
154.0,2.0,0.014157816767692566,10.948227882385254,10.948227882385254,0.8587502837181091,0.0,0.0,0.002159137511625886,10.705785751342773,10.705785751342773,0.8342637419700623,0.0,0.0
154.0,3.0,0.009722939692437649,10.890058517456055,10.890058517456055,0.8521440625190735,0.0,0.0,0.0314788781106472,11.088804244995117,11.088804244995117,0.8778073191642761,0.0,0.0
154.0,4.0,0.014015859924256802,10.727178573608398,10.727178573608398,0.8581998944282532,0.0,0.0,0.002782907336950302,12.185555458068848,12.185555458068848,0.8372933268547058,0.0,0.0
155.0,0.0,0.01168511901050806,9.875462532043457,9.875462532043457,0.8609938025474548,0.0,0.0,0.014734290540218353,13.495149612426758,13.495149612426758,0.8418582081794739,0.0,0.0
155.0,1.0,0.013212821446359158,12.23920726776123,12.23920726776123,0.8463988900184631,0.0,0.0,0.011175140738487244,8.098596572875977,8.098596572875977,0.8748571276664734,0.0,0.0
155.0,2.0,0.014157790690660477,10.948235511779785,10.948235511779785,0.858750581741333,0.0,0.0,0.0021591379772871733,10.705780982971191,10.705780982971191,0.8342636823654175,0.0,0.0
155.0,3.0,0.009722950868308544,10.890048027038574,10.890048027038574,0.8521446585655212,0.0,0.0,0.031478870660066605,11.088799476623535,11.088799476623535,0.8778073787689209,0.0,0.0
155.0,4.0,0.014015854336321354,10.7271728515625,10.7271728515625,0.8581992387771606,0.0,0.0,0.0027829085011035204,12.185552597045898,12.185552597045898,0.8372934460639954,0.0,0.0
156.0,0.0,0.011685128323733807,9.875463485717773,9.875463485717773,0.8609938025474548,0.0,0.0,0.014734290540218353,13.495149612426758,13.495149612426758,0.8418585658073425,0.0,0.0
156.0,1.0,0.013212822377681732,12.239198684692383,12.239198684692383,0.8463985919952393,0.0,0.0,0.011175138875842094,8.09859848022461,8.09859848022461,0.8748562335968018,0.0,0.0
156.0,2.0,0.014157794415950775,10.948246955871582,10.948246955871582,0.8587505221366882,0.0,0.0,0.0021591370459645987,10.705784797668457,10.705784797668457,0.8342635631561279,0.0,0.0
156.0,3.0,0.009722949005663395,10.890046119689941,10.890046119689941,0.8521454334259033,0.0,0.0,0.0314788743853569,11.088809967041016,11.088809967041016,0.8778070211410522,0.0,0.0
156.0,4.0,0.01401584967970848,10.727181434631348,10.727181434631348,0.8581992983818054,0.0,0.0,0.0027829082682728767,12.185552597045898,12.185552597045898,0.8372936248779297,0.0,0.0
157.0,0.0,0.011685121804475784,9.875460624694824,9.875460624694824,0.860994279384613,0.0,0.0,0.014734286814928055,13.495148658752441,13.495148658752441,0.8418587446212769,0.0,0.0
157.0,1.0,0.01321282796561718,12.23919677734375,12.23919677734375,0.8463992476463318,0.0,0.0,0.011175140738487244,8.098599433898926,8.098599433898926,0.8748565912246704,0.0,0.0
157.0,2.0,0.014157796278595924,10.948232650756836,10.948232650756836,0.8587512373924255,0.0,0.0,0.0021591379772871733,10.705784797668457,10.705784797668457,0.8342636227607727,0.0,0.0
157.0,3.0,0.009722938761115074,10.890048027038574,10.890048027038574,0.8521449565887451,0.0,0.0,0.03147886320948601,11.088808059692383,11.088808059692383,0.8778072595596313,0.0,0.0
157.0,4.0,0.014015852473676205,10.727176666259766,10.727176666259766,0.8581992387771606,0.0,0.0,0.002782908035442233,12.185547828674316,12.185547828674316,0.8372933864593506,0.0,0.0
158.0,0.0,0.01168511901050806,9.875460624694824,9.875460624694824,0.8609944581985474,0.0,0.0,0.014734291471540928,13.495147705078125,13.495147705078125,0.841858446598053,0.0,0.0
158.0,1.0,0.013212832622230053,12.239206314086914,12.239206314086914,0.8463982343673706,0.0,0.0,0.011175144463777542,8.098600387573242,8.098600387573242,0.8748562932014465,0.0,0.0
158.0,2.0,0.0141577934846282,10.948243141174316,10.948243141174316,0.8587502241134644,0.0,0.0,0.0021591377444565296,10.705784797668457,10.705784797668457,0.8342633247375488,0.0,0.0
158.0,3.0,0.009722945280373096,10.890046119689941,10.890046119689941,0.852145254611969,0.0,0.0,0.0314788743853569,11.088802337646484,11.088802337646484,0.8778071403503418,0.0,0.0
158.0,4.0,0.01401586178690195,10.727187156677246,10.727187156677246,0.8581996560096741,0.0,0.0,0.002782907336950302,12.185552597045898,12.185552597045898,0.8372935652732849,0.0,0.0
159.0,0.0,0.011685115285217762,9.875460624694824,9.875460624694824,0.8609941601753235,0.0,0.0,0.014734284952282906,13.495142936706543,13.495142936706543,0.8418583273887634,0.0,0.0
159.0,1.0,0.013212832622230053,12.2391939163208,12.2391939163208,0.8463989496231079,0.0,0.0,0.011175139807164669,8.098596572875977,8.098596572875977,0.8748565912246704,0.0,0.0
159.0,2.0,0.014157791621983051,10.948227882385254,10.948227882385254,0.8587521910667419,0.0,0.0,0.0021591377444565296,10.705780029296875,10.705780029296875,0.8342636823654175,0.0,0.0
159.0,3.0,0.009722943417727947,10.890052795410156,10.890052795410156,0.8521445393562317,0.0,0.0,0.0314788781106472,11.088805198669434,11.088805198669434,0.8778072595596313,0.0,0.0
159.0,4.0,0.014015860855579376,10.727173805236816,10.727173805236816,0.858199417591095,0.0,0.0,0.0027829082682728767,12.185550689697266,12.185550689697266,0.8372933268547058,0.0,0.0
160.0,0.0,0.011685125529766083,9.875454902648926,9.875454902648926,0.860994279384613,0.0,0.0,0.014734286814928055,13.495146751403809,13.495146751403809,0.8418583273887634,0.0,0.0
160.0,1.0,0.013212832622230053,12.239202499389648,12.239202499389648,0.8463993668556213,0.0,0.0,0.011175138875842094,8.098592758178711,8.098592758178711,0.8748564124107361,0.0,0.0
160.0,2.0,0.014157800003886223,10.948233604431152,10.948233604431152,0.8587499856948853,0.0,0.0,0.0021591377444565296,10.705787658691406,10.705787658691406,0.8342637419700623,0.0,0.0
160.0,3.0,0.00972294807434082,10.890042304992676,10.890042304992676,0.8521435260772705,0.0,0.0,0.031478866934776306,11.088802337646484,11.088802337646484,0.8778069615364075,0.0,0.0
160.0,4.0,0.01401585340499878,10.727179527282715,10.727179527282715,0.8581995368003845,0.0,0.0,0.0027829078026115894,12.185551643371582,12.185551643371582,0.8372936844825745,0.0,0.0
161.0,0.0,0.011685125529766083,9.875455856323242,9.875455856323242,0.8609936237335205,0.0,0.0,0.014734290540218353,13.495148658752441,13.495148658752441,0.8418585062026978,0.0,0.0
161.0,1.0,0.01321281399577856,12.239202499389648,12.239202499389648,0.8463987708091736,0.0,0.0,0.011175138875842094,8.098601341247559,8.098601341247559,0.8748565912246704,0.0,0.0
161.0,2.0,0.014157788828015327,10.948238372802734,10.948238372802734,0.858750581741333,0.0,0.0,0.0021591384429484606,10.705789566040039,10.705789566040039,0.8342636227607727,0.0,0.0
161.0,3.0,0.009722935035824776,10.89004135131836,10.89004135131836,0.852145254611969,0.0,0.0,0.031478870660066605,11.088799476623535,11.088799476623535,0.8778072595596313,0.0,0.0
161.0,4.0,0.014015860855579376,10.727187156677246,10.727187156677246,0.858200192451477,0.0,0.0,0.0027829082682728767,12.185552597045898,12.185552597045898,0.8372935056686401,0.0,0.0
162.0,0.0,0.011685116216540337,9.875469207763672,9.875469207763672,0.8609939813613892,0.0,0.0,0.014734288677573204,13.495147705078125,13.495147705078125,0.8418585062026978,0.0,0.0
162.0,1.0,0.01321282796561718,12.239200592041016,12.239200592041016,0.8463988900184631,0.0,0.0,0.011175140738487244,8.098596572875977,8.098596572875977,0.8748565316200256,0.0,0.0
162.0,2.0,0.014157790690660477,10.948237419128418,10.948237419128418,0.8587508201599121,0.0,0.0,0.0021591370459645987,10.705782890319824,10.705782890319824,0.8342637419700623,0.0,0.0
162.0,3.0,0.009722943417727947,10.890044212341309,10.890044212341309,0.8521438241004944,0.0,0.0,0.0314788818359375,11.088802337646484,11.088802337646484,0.8778071999549866,0.0,0.0
162.0,4.0,0.014015860855579376,10.727182388305664,10.727182388305664,0.8581991791725159,0.0,0.0,0.0027829085011035204,12.185553550720215,12.185553550720215,0.8372933864593506,0.0,0.0
163.0,0.0,0.011685116216540337,9.875460624694824,9.875460624694824,0.8609938025474548,0.0,0.0,0.014734297059476376,13.49514102935791,13.49514102935791,0.8418588042259216,0.0,0.0
163.0,1.0,0.013212827034294605,12.23920726776123,12.23920726776123,0.8463989496231079,0.0,0.0,0.011175146326422691,8.098597526550293,8.098597526550293,0.8748565912246704,0.0,0.0
163.0,2.0,0.01415780745446682,10.94824504852295,10.94824504852295,0.8587502241134644,0.0,0.0,0.0021591384429484606,10.705787658691406,10.705787658691406,0.8342635035514832,0.0,0.0
163.0,3.0,0.009722949005663395,10.890043258666992,10.890043258666992,0.8521447777748108,0.0,0.0,0.031478870660066605,11.088805198669434,11.088805198669434,0.8778072595596313,0.0,0.0
163.0,4.0,0.014015856198966503,10.727176666259766,10.727176666259766,0.8581996560096741,0.0,0.0,0.002782908733934164,12.185548782348633,12.185548782348633,0.8372931480407715,0.0,0.0
164.0,0.0,0.011685119941830635,9.875455856323242,9.875455856323242,0.8609936833381653,0.0,0.0,0.014734291471540928,13.495142936706543,13.495142936706543,0.8418585658073425,0.0,0.0
164.0,1.0,0.013212830759584904,12.239201545715332,12.239201545715332,0.8463984131813049,0.0,0.0,0.011175138875842094,8.09859848022461,8.09859848022461,0.8748564124107361,0.0,0.0
164.0,2.0,0.014157790690660477,10.948232650756836,10.948232650756836,0.8587502241134644,0.0,0.0,0.0021591386757791042,10.705784797668457,10.705784797668457,0.8342636823654175,0.0,0.0
164.0,3.0,0.009722945280373096,10.890052795410156,10.890052795410156,0.8521449565887451,0.0,0.0,0.03147886320948601,11.088808059692383,11.088808059692383,0.8778075575828552,0.0,0.0
164.0,4.0,0.014015854336321354,10.727182388305664,10.727182388305664,0.8581994771957397,0.0,0.0,0.0027829085011035204,12.185553550720215,12.185553550720215,0.8372934460639954,0.0,0.0
165.0,0.0,0.011685124598443508,9.875468254089355,9.875468254089355,0.8609934449195862,0.0,0.0,0.014734290540218353,13.495147705078125,13.495147705078125,0.8418585658073425,0.0,0.0
165.0,1.0,0.013212822377681732,12.239203453063965,12.239203453063965,0.8463981747627258,0.0,0.0,0.011175137013196945,8.09859561920166,8.09859561920166,0.8748561143875122,0.0,0.0
165.0,2.0,0.014157796278595924,10.948223114013672,10.948223114013672,0.8587508201599121,0.0,0.0,0.002159138210117817,10.705781936645508,10.705781936645508,0.8342636227607727,0.0,0.0
165.0,3.0,0.009722950868308544,10.890049934387207,10.890049934387207,0.8521451354026794,0.0,0.0,0.0314788818359375,11.088800430297852,11.088800430297852,0.8778069019317627,0.0,0.0
165.0,4.0,0.01401583943516016,10.727179527282715,10.727179527282715,0.8582000136375427,0.0,0.0,0.0027829089667648077,12.185550689697266,12.185550689697266,0.8372933864593506,0.0,0.0
166.0,0.0,0.011685115285217762,9.875465393066406,9.875465393066406,0.860993504524231,0.0,0.0,0.014734288677573204,13.495146751403809,13.495146751403809,0.8418582677841187,0.0,0.0
166.0,1.0,0.013212825171649456,12.2391996383667,12.2391996383667,0.8463990688323975,0.0,0.0,0.011175145395100117,8.098597526550293,8.098597526550293,0.8748564124107361,0.0,0.0
166.0,2.0,0.014157798141241074,10.948229789733887,10.948229789733887,0.8587498664855957,0.0,0.0,0.0021591377444565296,10.705782890319824,10.705782890319824,0.8342638611793518,0.0,0.0
166.0,3.0,0.0097229378297925,10.890049934387207,10.890049934387207,0.8521458506584167,0.0,0.0,0.031478866934776306,11.088800430297852,11.088800430297852,0.8778074979782104,0.0,0.0
166.0,4.0,0.014015867374837399,10.727178573608398,10.727178573608398,0.8581998944282532,0.0,0.0,0.0027829082682728767,12.185551643371582,12.185551643371582,0.8372934460639954,0.0,0.0
167.0,0.0,0.011685130186378956,9.875458717346191,9.875458717346191,0.8609939813613892,0.0,0.0,0.014734286814928055,13.495145797729492,13.495145797729492,0.841858446598053,0.0,0.0
167.0,1.0,0.013212824240326881,12.239201545715332,12.239201545715332,0.8463977575302124,0.0,0.0,0.011175140738487244,8.098601341247559,8.098601341247559,0.8748565316200256,0.0,0.0
167.0,2.0,0.014157800003886223,10.948237419128418,10.948237419128418,0.8587501049041748,0.0,0.0,0.0021591379772871733,10.705782890319824,10.705782890319824,0.8342635631561279,0.0,0.0
167.0,3.0,0.009722934104502201,10.890048027038574,10.890048027038574,0.8521439433097839,0.0,0.0,0.031478866934776306,11.088805198669434,11.088805198669434,0.8778071403503418,0.0,0.0
167.0,4.0,0.01401584967970848,10.727185249328613,10.727185249328613,0.8581992983818054,0.0,0.0,0.002782909432426095,12.185546875,12.185546875,0.8372934460639954,0.0,0.0
168.0,0.0,0.01168511901050806,9.87546157836914,9.87546157836914,0.8609930276870728,0.0,0.0,0.014734293334186077,13.495149612426758,13.495149612426758,0.841858446598053,0.0,0.0
168.0,1.0,0.013212830759584904,12.23921012878418,12.23921012878418,0.8463987708091736,0.0,0.0,0.011175137013196945,8.098596572875977,8.098596572875977,0.8748568892478943,0.0,0.0
168.0,2.0,0.014157800003886223,10.948226928710938,10.948226928710938,0.858750581741333,0.0,0.0,0.002159137511625886,10.705785751342773,10.705785751342773,0.8342638611793518,0.0,0.0
168.0,3.0,0.009722944349050522,10.890043258666992,10.890043258666992,0.8521443605422974,0.0,0.0,0.031478870660066605,11.0888032913208,11.0888032913208,0.8778072595596313,0.0,0.0
168.0,4.0,0.014015843160450459,10.727184295654297,10.727184295654297,0.8581998348236084,0.0,0.0,0.0027829091995954514,12.185553550720215,12.185553550720215,0.8372935652732849,0.0,0.0
169.0,0.0,0.011685125529766083,9.875468254089355,9.875468254089355,0.860993504524231,0.0,0.0,0.014734290540218353,13.495149612426758,13.495149612426758,0.8418582081794739,0.0,0.0
169.0,1.0,0.013212818652391434,12.23921012878418,12.23921012878418,0.8463980555534363,0.0,0.0,0.011175137013196945,8.098592758178711,8.098592758178711,0.8748568892478943,0.0,0.0
169.0,2.0,0.0141577934846282,10.948224067687988,10.948224067687988,0.8587493896484375,0.0,0.0,0.0021591377444565296,10.70578670501709,10.70578670501709,0.8342637419700623,0.0,0.0
169.0,3.0,0.009722946211695671,10.890042304992676,10.890042304992676,0.8521445393562317,0.0,0.0,0.0314788781106472,11.088804244995117,11.088804244995117,0.8778073191642761,0.0,0.0
169.0,4.0,0.014015860855579376,10.727181434631348,10.727181434631348,0.8581997752189636,0.0,0.0,0.0027829085011035204,12.185551643371582,12.185551643371582,0.8372933268547058,0.0,0.0
170.0,0.0,0.011685122735798359,9.875463485717773,9.875463485717773,0.8609941601753235,0.0,0.0,0.014734293334186077,13.495152473449707,13.495152473449707,0.8418583273887634,0.0,0.0
170.0,1.0,0.013212821446359158,12.2391996383667,12.2391996383667,0.8463985919952393,0.0,0.0,0.011175138875842094,8.098588943481445,8.098588943481445,0.8748568296432495,0.0,0.0
170.0,2.0,0.014157791621983051,10.948235511779785,10.948235511779785,0.8587509393692017,0.0,0.0,0.002159138210117817,10.70578384399414,10.70578384399414,0.8342636227607727,0.0,0.0
170.0,3.0,0.009722940623760223,10.89003849029541,10.89003849029541,0.8521450757980347,0.0,0.0,0.0314788781106472,11.08880615234375,11.08880615234375,0.877807080745697,0.0,0.0
170.0,4.0,0.01401583943516016,10.727179527282715,10.727179527282715,0.8582002520561218,0.0,0.0,0.0027829085011035204,12.185553550720215,12.185553550720215,0.8372933268547058,0.0,0.0
171.0,0.0,0.011685124598443508,9.87546443939209,9.87546443939209,0.8609932661056519,0.0,0.0,0.014734291471540928,13.49514102935791,13.49514102935791,0.8418586254119873,0.0,0.0
171.0,1.0,0.013212822377681732,12.23920726776123,12.23920726776123,0.8463982343673706,0.0,0.0,0.011175146326422691,8.098593711853027,8.098593711853027,0.87485671043396,0.0,0.0
171.0,2.0,0.014157804660499096,10.948234558105469,10.948234558105469,0.8587501645088196,0.0,0.0,0.0021591372787952423,10.705782890319824,10.705782890319824,0.8342636823654175,0.0,0.0
171.0,3.0,0.009722945280373096,10.89005184173584,10.89005184173584,0.852144718170166,0.0,0.0,0.0314788818359375,11.088801383972168,11.088801383972168,0.8778071403503418,0.0,0.0
171.0,4.0,0.01401586178690195,10.727176666259766,10.727176666259766,0.8581985831260681,0.0,0.0,0.0027829075697809458,12.185552597045898,12.185552597045898,0.8372930884361267,0.0,0.0
172.0,0.0,0.01168511901050806,9.875471115112305,9.875471115112305,0.8609934449195862,0.0,0.0,0.014734282158315182,13.495146751403809,13.495146751403809,0.8418587446212769,0.0,0.0
172.0,1.0,0.01321281399577856,12.239212036132812,12.239212036132812,0.8463983535766602,0.0,0.0,0.011175142601132393,8.098593711853027,8.098593711853027,0.8748568296432495,0.0,0.0
172.0,2.0,0.0141577934846282,10.948243141174316,10.948243141174316,0.8587504625320435,0.0,0.0,0.002159138210117817,10.705784797668457,10.705784797668457,0.8342636823654175,0.0,0.0
172.0,3.0,0.009722949005663395,10.89004898071289,10.89004898071289,0.8521450757980347,0.0,0.0,0.031478870660066605,11.088796615600586,11.088796615600586,0.8778072595596313,0.0,0.0
172.0,4.0,0.014015866443514824,10.727184295654297,10.727184295654297,0.8582003712654114,0.0,0.0,0.002782908035442233,12.185553550720215,12.185553550720215,0.8372934460639954,0.0,0.0
173.0,0.0,0.011685118079185486,9.87546443939209,9.87546443939209,0.8609931468963623,0.0,0.0,0.014734298922121525,13.49514389038086,13.49514389038086,0.8418587446212769,0.0,0.0
173.0,1.0,0.013212822377681732,12.239198684692383,12.239198684692383,0.8463985323905945,0.0,0.0,0.011175141669809818,8.098596572875977,8.098596572875977,0.87485671043396,0.0,0.0
173.0,2.0,0.014157790690660477,10.948224067687988,10.948224067687988,0.8587510585784912,0.0,0.0,0.0021591372787952423,10.70578670501709,10.70578670501709,0.8342638611793518,0.0,0.0
173.0,3.0,0.00972294807434082,10.890036582946777,10.890036582946777,0.8521440625190735,0.0,0.0,0.031478866934776306,11.088807106018066,11.088807106018066,0.8778072595596313,0.0,0.0
173.0,4.0,0.014015858061611652,10.727181434631348,10.727181434631348,0.858200192451477,0.0,0.0,0.0027829078026115894,12.18554973602295,12.18554973602295,0.8372932076454163,0.0,0.0
174.0,0.0,0.011685124598443508,9.875473976135254,9.875473976135254,0.8609932661056519,0.0,0.0,0.014734284952282906,13.495147705078125,13.495147705078125,0.8418588638305664,0.0,0.0
174.0,1.0,0.013212832622230053,12.239202499389648,12.239202499389648,0.8463983535766602,0.0,0.0,0.011175143532454967,8.098593711853027,8.098593711853027,0.8748568296432495,0.0,0.0
174.0,2.0,0.014157785102725029,10.948240280151367,10.948240280151367,0.8587496280670166,0.0,0.0,0.002159138210117817,10.705785751342773,10.705785751342773,0.8342639803886414,0.0,0.0
174.0,3.0,0.009722942486405373,10.890046119689941,10.890046119689941,0.8521444201469421,0.0,0.0,0.0314788781106472,11.088807106018066,11.088807106018066,0.877807080745697,0.0,0.0
174.0,4.0,0.01401586551219225,10.727188110351562,10.727188110351562,0.8581994771957397,0.0,0.0,0.0027829085011035204,12.18554973602295,12.18554973602295,0.8372935056686401,0.0,0.0
175.0,0.0,0.011685128323733807,9.875457763671875,9.875457763671875,0.8609938621520996,0.0,0.0,0.014734284952282906,13.495147705078125,13.495147705078125,0.8418588042259216,0.0,0.0
175.0,1.0,0.013212829828262329,12.239205360412598,12.239205360412598,0.8463984131813049,0.0,0.0,0.011175145395100117,8.098588943481445,8.098588943481445,0.8748564124107361,0.0,0.0
175.0,2.0,0.014157792553305626,10.94824504852295,10.94824504852295,0.8587504625320435,0.0,0.0,0.002159138210117817,10.705784797668457,10.705784797668457,0.8342637419700623,0.0,0.0
175.0,3.0,0.009722944349050522,10.89003849029541,10.89003849029541,0.8521445989608765,0.0,0.0,0.0314788743853569,11.088797569274902,11.088797569274902,0.8778073191642761,0.0,0.0
175.0,4.0,0.014015858061611652,10.727187156677246,10.727187156677246,0.8581997752189636,0.0,0.0,0.002782907336950302,12.185547828674316,12.185547828674316,0.8372935056686401,0.0,0.0
176.0,0.0,0.011685119941830635,9.875463485717773,9.875463485717773,0.8609938621520996,0.0,0.0,0.014734291471540928,13.495150566101074,13.495150566101074,0.8418581485748291,0.0,0.0
176.0,1.0,0.013212816789746284,12.2391939163208,12.2391939163208,0.8463987112045288,0.0,0.0,0.011175139807164669,8.098589897155762,8.098589897155762,0.87485671043396,0.0,0.0
176.0,2.0,0.01415780559182167,10.948241233825684,10.948241233825684,0.8587501645088196,0.0,0.0,0.002159137511625886,10.70578384399414,10.70578384399414,0.8342634439468384,0.0,0.0
176.0,3.0,0.00972294993698597,10.890042304992676,10.890042304992676,0.8521445393562317,0.0,0.0,0.031478870660066605,11.088802337646484,11.088802337646484,0.8778072595596313,0.0,0.0
176.0,4.0,0.01401586551219225,10.72717571258545,10.72717571258545,0.8581992387771606,0.0,0.0,0.002782910130918026,12.18554973602295,12.18554973602295,0.8372933864593506,0.0,0.0
177.0,0.0,0.011685122735798359,9.875468254089355,9.875468254089355,0.8609941601753235,0.0,0.0,0.014734288677573204,13.495146751403809,13.495146751403809,0.8418585658073425,0.0,0.0
177.0,1.0,0.01321282796561718,12.239194869995117,12.239194869995117,0.8463988900184631,0.0,0.0,0.011175135150551796,8.098599433898926,8.098599433898926,0.8748568296432495,0.0,0.0
177.0,2.0,0.014157788828015327,10.948233604431152,10.948233604431152,0.8587505221366882,0.0,0.0,0.0021591377444565296,10.705785751342773,10.705785751342773,0.8342636227607727,0.0,0.0
177.0,3.0,0.00972294993698597,10.890053749084473,10.890053749084473,0.8521446585655212,0.0,0.0,0.0314788781106472,11.0888032913208,11.0888032913208,0.8778071403503418,0.0,0.0
177.0,4.0,0.014015866443514824,10.72718334197998,10.72718334197998,0.8581992983818054,0.0,0.0,0.0027829082682728767,12.18554973602295,12.18554973602295,0.8372933268547058,0.0,0.0
178.0,0.0,0.011685128323733807,9.875462532043457,9.875462532043457,0.8609938621520996,0.0,0.0,0.014734297059476376,13.495149612426758,13.495149612426758,0.8418585062026978,0.0,0.0
178.0,1.0,0.013212825171649456,12.239200592041016,12.239200592041016,0.8463988900184631,0.0,0.0,0.011175144463777542,8.09859848022461,8.09859848022461,0.8748565316200256,0.0,0.0
178.0,2.0,0.014157796278595924,10.948241233825684,10.948241233825684,0.8587498068809509,0.0,0.0,0.002159137511625886,10.705785751342773,10.705785751342773,0.8342636227607727,0.0,0.0
178.0,3.0,0.009722949005663395,10.890058517456055,10.890058517456055,0.8521445989608765,0.0,0.0,0.0314788818359375,11.08880615234375,11.08880615234375,0.8778074383735657,0.0,0.0
178.0,4.0,0.014015854336321354,10.727188110351562,10.727188110351562,0.8581998348236084,0.0,0.0,0.002782907336950302,12.185554504394531,12.185554504394531,0.8372937440872192,0.0,0.0
179.0,0.0,0.011685124598443508,9.875462532043457,9.875462532043457,0.8609938621520996,0.0,0.0,0.014734280295670033,13.495147705078125,13.495147705078125,0.8418583273887634,0.0,0.0
179.0,1.0,0.013212835416197777,12.2391996383667,12.2391996383667,0.8463985323905945,0.0,0.0,0.011175145395100117,8.09859561920166,8.09859561920166,0.8748568892478943,0.0,0.0
179.0,2.0,0.014157792553305626,10.948237419128418,10.948237419128418,0.8587504625320435,0.0,0.0,0.0021591384429484606,10.705785751342773,10.705785751342773,0.8342636227607727,0.0,0.0
179.0,3.0,0.009722949005663395,10.89005184173584,10.89005184173584,0.8521444201469421,0.0,0.0,0.0314788818359375,11.0888032913208,11.0888032913208,0.8778071403503418,0.0,0.0
179.0,4.0,0.01401586551219225,10.727182388305664,10.727182388305664,0.8581992983818054,0.0,0.0,0.0027829096652567387,12.185550689697266,12.185550689697266,0.8372933864593506,0.0,0.0
180.0,0.0,0.011685119941830635,9.875460624694824,9.875460624694824,0.8609946370124817,0.0,0.0,0.014734284952282906,13.495153427124023,13.495153427124023,0.841858446598053,0.0,0.0
180.0,1.0,0.013212824240326881,12.239202499389648,12.239202499389648,0.8463992476463318,0.0,0.0,0.011175134219229221,8.098592758178711,8.098592758178711,0.8748565912246704,0.0,0.0
180.0,2.0,0.014157800003886223,10.948235511779785,10.948235511779785,0.8587508797645569,0.0,0.0,0.002159139374271035,10.705785751342773,10.705785751342773,0.8342638611793518,0.0,0.0
180.0,3.0,0.009722953662276268,10.89005184173584,10.89005184173584,0.8521447777748108,0.0,0.0,0.0314788743853569,11.088798522949219,11.088798522949219,0.877807080745697,0.0,0.0
180.0,4.0,0.014015856198966503,10.72718334197998,10.72718334197998,0.8581991195678711,0.0,0.0,0.0027829085011035204,12.185550689697266,12.185550689697266,0.8372936248779297,0.0,0.0
181.0,0.0,0.011685127392411232,9.87546157836914,9.87546157836914,0.8609936833381653,0.0,0.0,0.014734291471540928,13.495159149169922,13.495159149169922,0.8418585062026978,0.0,0.0
181.0,1.0,0.013212829828262329,12.239202499389648,12.239202499389648,0.8463985919952393,0.0,0.0,0.011175141669809818,8.098594665527344,8.098594665527344,0.8748562932014465,0.0,0.0
181.0,2.0,0.014157788828015327,10.948238372802734,10.948238372802734,0.8587504625320435,0.0,0.0,0.002159137511625886,10.705785751342773,10.705785751342773,0.8342636227607727,0.0,0.0
181.0,3.0,0.009722943417727947,10.890042304992676,10.890042304992676,0.8521439433097839,0.0,0.0,0.0314788781106472,11.088794708251953,11.088794708251953,0.8778074383735657,0.0,0.0
181.0,4.0,0.01401586178690195,10.72718334197998,10.72718334197998,0.8581995964050293,0.0,0.0,0.002782908035442233,12.185553550720215,12.185553550720215,0.8372933864593506,0.0,0.0
182.0,0.0,0.011685118079185486,9.87546443939209,9.87546443939209,0.8609938025474548,0.0,0.0,0.014734297059476376,13.49514102935791,13.49514102935791,0.8418587446212769,0.0,0.0
182.0,1.0,0.013212816789746284,12.239194869995117,12.239194869995117,0.8463987708091736,0.0,0.0,0.011175135150551796,8.098599433898926,8.098599433898926,0.8748562335968018,0.0,0.0
182.0,2.0,0.014157792553305626,10.948237419128418,10.948237419128418,0.8587499856948853,0.0,0.0,0.002159138908609748,10.705780029296875,10.705780029296875,0.8342636227607727,0.0,0.0
182.0,3.0,0.00972294807434082,10.89005184173584,10.89005184173584,0.8521437048912048,0.0,0.0,0.0314788855612278,11.088805198669434,11.088805198669434,0.8778074979782104,0.0,0.0
182.0,4.0,0.014015856198966503,10.727178573608398,10.727178573608398,0.8581996560096741,0.0,0.0,0.0027829082682728767,12.185559272766113,12.185559272766113,0.8372936248779297,0.0,0.0
183.0,0.0,0.011685121804475784,9.875457763671875,9.875457763671875,0.8609938621520996,0.0,0.0,0.014734297059476376,13.49515151977539,13.49515151977539,0.8418583869934082,0.0,0.0
183.0,1.0,0.013212832622230053,12.239209175109863,12.239209175109863,0.8463979363441467,0.0,0.0,0.011175141669809818,8.098599433898926,8.098599433898926,0.8748562335968018,0.0,0.0
183.0,2.0,0.014157788828015327,10.948221206665039,10.948221206665039,0.8587503433227539,0.0,0.0,0.002159137511625886,10.705787658691406,10.705787658691406,0.834263801574707,0.0,0.0
183.0,3.0,0.009722950868308544,10.890037536621094,10.890037536621094,0.8521448969841003,0.0,0.0,0.0314788781106472,11.088801383972168,11.088801383972168,0.8778073191642761,0.0,0.0
183.0,4.0,0.014015858992934227,10.727177619934082,10.727177619934082,0.8582005500793457,0.0,0.0,0.002782908035442233,12.185555458068848,12.185555458068848,0.8372932076454163,0.0,0.0
184.0,0.0,0.011685121804475784,9.875460624694824,9.875460624694824,0.8609934449195862,0.0,0.0,0.014734283089637756,13.495150566101074,13.495150566101074,0.841858446598053,0.0,0.0
184.0,1.0,0.013212824240326881,12.239205360412598,12.239205360412598,0.8463985919952393,0.0,0.0,0.011175142601132393,8.09859848022461,8.09859848022461,0.8748562335968018,0.0,0.0
184.0,2.0,0.014157804660499096,10.948235511779785,10.948235511779785,0.8587508201599121,0.0,0.0,0.002159138210117817,10.70578384399414,10.70578384399414,0.8342636823654175,0.0,0.0
184.0,3.0,0.009722945280373096,10.890049934387207,10.890049934387207,0.852144718170166,0.0,0.0,0.031478870660066605,11.088804244995117,11.088804244995117,0.8778070211410522,0.0,0.0
184.0,4.0,0.01401585340499878,10.72718334197998,10.72718334197998,0.8581994771957397,0.0,0.0,0.0027829091995954514,12.185552597045898,12.185552597045898,0.8372935056686401,0.0,0.0
185.0,0.0,0.011685118079185486,9.875466346740723,9.875466346740723,0.8609938621520996,0.0,0.0,0.014734297059476376,13.495148658752441,13.495148658752441,0.8418586254119873,0.0,0.0
185.0,1.0,0.013212822377681732,12.239208221435547,12.239208221435547,0.8463993668556213,0.0,0.0,0.011175142601132393,8.098596572875977,8.098596572875977,0.8748565912246704,0.0,0.0
185.0,2.0,0.014157786034047604,10.948226928710938,10.948226928710938,0.8587502837181091,0.0,0.0,0.0021591379772871733,10.70578384399414,10.70578384399414,0.8342636823654175,0.0,0.0
185.0,3.0,0.009722949005663395,10.89005184173584,10.89005184173584,0.8521443605422974,0.0,0.0,0.0314788781106472,11.088799476623535,11.088799476623535,0.8778071403503418,0.0,0.0
185.0,4.0,0.014015854336321354,10.727185249328613,10.727185249328613,0.8581992983818054,0.0,0.0,0.0027829082682728767,12.185554504394531,12.185554504394531,0.8372937440872192,0.0,0.0
186.0,0.0,0.011685118079185486,9.875468254089355,9.875468254089355,0.8609929084777832,0.0,0.0,0.014734288677573204,13.495145797729492,13.495145797729492,0.8418586254119873,0.0,0.0
186.0,1.0,0.013212829828262329,12.239206314086914,12.239206314086914,0.8463994264602661,0.0,0.0,0.011175143532454967,8.098599433898926,8.098599433898926,0.8748562932014465,0.0,0.0
186.0,2.0,0.014157804660499096,10.948234558105469,10.948234558105469,0.8587503433227539,0.0,0.0,0.0021591377444565296,10.705788612365723,10.705788612365723,0.8342635035514832,0.0,0.0
186.0,3.0,0.009722950868308544,10.890047073364258,10.890047073364258,0.8521450757980347,0.0,0.0,0.0314788781106472,11.088802337646484,11.088802337646484,0.8778074383735657,0.0,0.0
186.0,4.0,0.014015854336321354,10.727177619934082,10.727177619934082,0.858199417591095,0.0,0.0,0.0027829091995954514,12.185552597045898,12.185552597045898,0.8372933864593506,0.0,0.0
187.0,0.0,0.011685121804475784,9.875468254089355,9.875468254089355,0.8609940409660339,0.0,0.0,0.014734295196831226,13.495145797729492,13.495145797729492,0.8418586254119873,0.0,0.0
187.0,1.0,0.013212824240326881,12.23920726776123,12.23920726776123,0.8463989496231079,0.0,0.0,0.011175143532454967,8.098600387573242,8.098600387573242,0.8748565316200256,0.0,0.0
187.0,2.0,0.014157797209918499,10.948233604431152,10.948233604431152,0.8587507009506226,0.0,0.0,0.0021591379772871733,10.705785751342773,10.705785751342773,0.8342638611793518,0.0,0.0
187.0,3.0,0.009722943417727947,10.89004135131836,10.89004135131836,0.8521454334259033,0.0,0.0,0.03147886320948601,11.088805198669434,11.088805198669434,0.877807080745697,0.0,0.0
187.0,4.0,0.014015848748385906,10.727185249328613,10.727185249328613,0.8581991791725159,0.0,0.0,0.0027829082682728767,12.18554973602295,12.18554973602295,0.8372936248779297,0.0,0.0
188.0,0.0,0.01168511901050806,9.875458717346191,9.875458717346191,0.8609938025474548,0.0,0.0,0.014734297059476376,13.495141983032227,13.495141983032227,0.8418583869934082,0.0,0.0
188.0,1.0,0.013212819583714008,12.239206314086914,12.239206314086914,0.8463987708091736,0.0,0.0,0.011175140738487244,8.098597526550293,8.098597526550293,0.8748565316200256,0.0,0.0
188.0,2.0,0.014157809317111969,10.948232650756836,10.948232650756836,0.8587508201599121,0.0,0.0,0.0021591377444565296,10.705785751342773,10.705785751342773,0.8342635035514832,0.0,0.0
188.0,3.0,0.009722953662276268,10.890046119689941,10.890046119689941,0.8521450161933899,0.0,0.0,0.0314788743853569,11.0888032913208,11.0888032913208,0.8778071999549866,0.0,0.0
188.0,4.0,0.014015858992934227,10.727178573608398,10.727178573608398,0.8582000136375427,0.0,0.0,0.002782909432426095,12.185554504394531,12.185554504394531,0.8372933864593506,0.0,0.0
189.0,0.0,0.011685128323733807,9.875460624694824,9.875460624694824,0.8609939813613892,0.0,0.0,0.014734293334186077,13.495148658752441,13.495148658752441,0.8418586254119873,0.0,0.0
189.0,1.0,0.013212829828262329,12.239200592041016,12.239200592041016,0.8463990688323975,0.0,0.0,0.011175141669809818,8.098596572875977,8.098596572875977,0.8748564124107361,0.0,0.0
189.0,2.0,0.014157790690660477,10.948229789733887,10.948229789733887,0.8587506413459778,0.0,0.0,0.0021591370459645987,10.705785751342773,10.705785751342773,0.8342636227607727,0.0,0.0
189.0,3.0,0.009722946211695671,10.890058517456055,10.890058517456055,0.8521443009376526,0.0,0.0,0.0314788781106472,11.088799476623535,11.088799476623535,0.8778073787689209,0.0,0.0
189.0,4.0,0.014015848748385906,10.727177619934082,10.727177619934082,0.8581989407539368,0.0,0.0,0.002782908733934164,12.185548782348633,12.185548782348633,0.8372933268547058,0.0,0.0
190.0,0.0,0.011685107834637165,9.875459671020508,9.875459671020508,0.8609936237335205,0.0,0.0,0.014734293334186077,13.495150566101074,13.495150566101074,0.8418589234352112,0.0,0.0
190.0,1.0,0.013212830759584904,12.239200592041016,12.239200592041016,0.8463990688323975,0.0,0.0,0.011175145395100117,8.09859561920166,8.09859561920166,0.87485671043396,0.0,0.0
190.0,2.0,0.014157801866531372,10.94822883605957,10.94822883605957,0.8587509393692017,0.0,0.0,0.002159138210117817,10.705781936645508,10.705781936645508,0.8342636227607727,0.0,0.0
190.0,3.0,0.00972294807434082,10.890055656433105,10.890055656433105,0.8521442413330078,0.0,0.0,0.031478866934776306,11.088802337646484,11.088802337646484,0.8778070211410522,0.0,0.0
190.0,4.0,0.014015858992934227,10.727182388305664,10.727182388305664,0.8582002520561218,0.0,0.0,0.0027829085011035204,12.185551643371582,12.185551643371582,0.837293267250061,0.0,0.0
191.0,0.0,0.011685116216540337,9.875459671020508,9.875459671020508,0.8609933257102966,0.0,0.0,0.014734293334186077,13.495149612426758,13.495149612426758,0.8418586254119873,0.0,0.0
191.0,1.0,0.013212818652391434,12.239205360412598,12.239205360412598,0.8463985323905945,0.0,0.0,0.011175143532454967,8.098592758178711,8.098592758178711,0.8748565912246704,0.0,0.0
191.0,2.0,0.014157790690660477,10.948234558105469,10.948234558105469,0.8587499856948853,0.0,0.0,0.002159137511625886,10.70578670501709,10.70578670501709,0.8342637419700623,0.0,0.0
191.0,3.0,0.00972294993698597,10.890057563781738,10.890057563781738,0.8521447777748108,0.0,0.0,0.0314788892865181,11.088799476623535,11.088799476623535,0.8778073191642761,0.0,0.0
191.0,4.0,0.014015856198966503,10.727176666259766,10.727176666259766,0.8582004904747009,0.0,0.0,0.0027829085011035204,12.185553550720215,12.185553550720215,0.8372933864593506,0.0,0.0
192.0,0.0,0.011685119941830635,9.87546157836914,9.87546157836914,0.8609932661056519,0.0,0.0,0.014734293334186077,13.495149612426758,13.495149612426758,0.8418585062026978,0.0,0.0
192.0,1.0,0.013212827034294605,12.239206314086914,12.239206314086914,0.846397876739502,0.0,0.0,0.011175138875842094,8.09859561920166,8.09859561920166,0.87485671043396,0.0,0.0
192.0,2.0,0.014157780446112156,10.948237419128418,10.948237419128418,0.8587502241134644,0.0,0.0,0.002159138908609748,10.705781936645508,10.705781936645508,0.8342639207839966,0.0,0.0
192.0,3.0,0.00972294807434082,10.890048027038574,10.890048027038574,0.8521449565887451,0.0,0.0,0.0314788743853569,11.088807106018066,11.088807106018066,0.8778069019317627,0.0,0.0
192.0,4.0,0.014015867374837399,10.727188110351562,10.727188110351562,0.858199417591095,0.0,0.0,0.002782909432426095,12.185552597045898,12.185552597045898,0.8372930884361267,0.0,0.0
193.0,0.0,0.011685121804475784,9.875465393066406,9.875465393066406,0.8609938621520996,0.0,0.0,0.014734283089637756,13.49514389038086,13.49514389038086,0.8418585062026978,0.0,0.0
193.0,1.0,0.013212821446359158,12.239205360412598,12.239205360412598,0.8463982343673706,0.0,0.0,0.011175145395100117,8.098600387573242,8.098600387573242,0.8748564124107361,0.0,0.0
193.0,2.0,0.014157799072563648,10.948234558105469,10.948234558105469,0.8587507009506226,0.0,0.0,0.002159138210117817,10.705788612365723,10.705788612365723,0.8342636227607727,0.0,0.0
193.0,3.0,0.00972294807434082,10.890044212341309,10.890044212341309,0.8521446585655212,0.0,0.0,0.031478866934776306,11.0888032913208,11.0888032913208,0.8778071999549866,0.0,0.0
193.0,4.0,0.014015845023095608,10.727173805236816,10.727173805236816,0.8581998944282532,0.0,0.0,0.002782908733934164,12.185554504394531,12.185554504394531,0.8372933864593506,0.0,0.0
194.0,0.0,0.011685118079185486,9.87546443939209,9.87546443939209,0.8609933257102966,0.0,0.0,0.014734288677573204,13.495145797729492,13.495145797729492,0.8418585658073425,0.0,0.0
194.0,1.0,0.013212818652391434,12.239206314086914,12.239206314086914,0.8463984131813049,0.0,0.0,0.011175141669809818,8.098594665527344,8.098594665527344,0.8748568296432495,0.0,0.0
194.0,2.0,0.014157796278595924,10.948240280151367,10.948240280151367,0.8587510585784912,0.0,0.0,0.0021591377444565296,10.705785751342773,10.705785751342773,0.8342637419700623,0.0,0.0
194.0,3.0,0.009722942486405373,10.890052795410156,10.890052795410156,0.852144181728363,0.0,0.0,0.031478870660066605,11.088802337646484,11.088802337646484,0.8778071403503418,0.0,0.0
194.0,4.0,0.014015859924256802,10.727176666259766,10.727176666259766,0.8581984043121338,0.0,0.0,0.0027829089667648077,12.185551643371582,12.185551643371582,0.837293267250061,0.0,0.0
195.0,0.0,0.011685121804475784,9.875466346740723,9.875466346740723,0.8609940409660339,0.0,0.0,0.014734290540218353,13.495138168334961,13.495138168334961,0.841858446598053,0.0,0.0
195.0,1.0,0.01321282796561718,12.2391996383667,12.2391996383667,0.8463987708091736,0.0,0.0,0.011175137013196945,8.098599433898926,8.098599433898926,0.8748562335968018,0.0,0.0
195.0,2.0,0.014157788828015327,10.948238372802734,10.948238372802734,0.8587512373924255,0.0,0.0,0.0021591384429484606,10.705784797668457,10.705784797668457,0.8342636227607727,0.0,0.0
195.0,3.0,0.009722946211695671,10.890052795410156,10.890052795410156,0.8521450161933899,0.0,0.0,0.031478870660066605,11.088802337646484,11.088802337646484,0.8778071403503418,0.0,0.0
195.0,4.0,0.014015864580869675,10.727181434631348,10.727181434631348,0.8581988215446472,0.0,0.0,0.0027829082682728767,12.185553550720215,12.185553550720215,0.8372933268547058,0.0,0.0
196.0,0.0,0.011685113422572613,9.875466346740723,9.875466346740723,0.8609941601753235,0.0,0.0,0.014734288677573204,13.495150566101074,13.495150566101074,0.8418588638305664,0.0,0.0
196.0,1.0,0.013212827034294605,12.239212036132812,12.239212036132812,0.8463981747627258,0.0,0.0,0.011175142601132393,8.098601341247559,8.098601341247559,0.8748565316200256,0.0,0.0
196.0,2.0,0.014157792553305626,10.948223114013672,10.948223114013672,0.8587510585784912,0.0,0.0,0.0021591377444565296,10.70578384399414,10.70578384399414,0.8342635631561279,0.0,0.0
196.0,3.0,0.00972294993698597,10.890058517456055,10.890058517456055,0.8521456718444824,0.0,0.0,0.0314788818359375,11.0888032913208,11.0888032913208,0.877807080745697,0.0,0.0
196.0,4.0,0.01401584967970848,10.72718334197998,10.72718334197998,0.8582001328468323,0.0,0.0,0.0027829091995954514,12.185552597045898,12.185552597045898,0.8372935652732849,0.0,0.0
197.0,0.0,0.011685115285217762,9.875462532043457,9.875462532043457,0.8609928488731384,0.0,0.0,0.014734293334186077,13.49515151977539,13.49515151977539,0.8418582677841187,0.0,0.0
197.0,1.0,0.01321281585842371,12.239206314086914,12.239206314086914,0.8463985919952393,0.0,0.0,0.011175137013196945,8.09859561920166,8.09859561920166,0.8748562335968018,0.0,0.0
197.0,2.0,0.014157799072563648,10.948229789733887,10.948229789733887,0.8587497472763062,0.0,0.0,0.0021591377444565296,10.705784797668457,10.705784797668457,0.8342640399932861,0.0,0.0
197.0,3.0,0.009722945280373096,10.890037536621094,10.890037536621094,0.8521448969841003,0.0,0.0,0.031478866934776306,11.088802337646484,11.088802337646484,0.8778069615364075,0.0,0.0
197.0,4.0,0.014015859924256802,10.727177619934082,10.727177619934082,0.8581994771957397,0.0,0.0,0.0027829089667648077,12.185552597045898,12.185552597045898,0.8372936844825745,0.0,0.0
198.0,0.0,0.011685119941830635,9.875455856323242,9.875455856323242,0.8609934449195862,0.0,0.0,0.014734291471540928,13.495149612426758,13.495149612426758,0.8418586254119873,0.0,0.0
198.0,1.0,0.013212830759584904,12.239209175109863,12.239209175109863,0.8463985323905945,0.0,0.0,0.011175140738487244,8.098596572875977,8.098596572875977,0.8748565912246704,0.0,0.0
198.0,2.0,0.014157786034047604,10.94823932647705,10.94823932647705,0.8587499856948853,0.0,0.0,0.0021591386757791042,10.705784797668457,10.705784797668457,0.8342636227607727,0.0,0.0
198.0,3.0,0.009722945280373096,10.890052795410156,10.890052795410156,0.8521449565887451,0.0,0.0,0.031478870660066605,11.088804244995117,11.088804244995117,0.8778073191642761,0.0,0.0
198.0,4.0,0.01401585340499878,10.727187156677246,10.727187156677246,0.8581998348236084,0.0,0.0,0.002782908035442233,12.185552597045898,12.185552597045898,0.8372934460639954,0.0,0.0
199.0,0.0,0.011685122735798359,9.875467300415039,9.875467300415039,0.8609936833381653,0.0,0.0,0.014734293334186077,13.495147705078125,13.495147705078125,0.8418586254119873,0.0,0.0
199.0,1.0,0.013212824240326881,12.239212036132812,12.239212036132812,0.8463985919952393,0.0,0.0,0.011175138875842094,8.098594665527344,8.098594665527344,0.87485671043396,0.0,0.0
199.0,2.0,0.0141577934846282,10.94822883605957,10.94822883605957,0.8587508201599121,0.0,0.0,0.002159138210117817,10.70578670501709,10.70578670501709,0.8342635035514832,0.0,0.0
199.0,3.0,0.00972294807434082,10.89003849029541,10.89003849029541,0.8521443605422974,0.0,0.0,0.0314788781106472,11.088798522949219,11.088798522949219,0.877807080745697,0.0,0.0
199.0,4.0,0.014015855267643929,10.727185249328613,10.727185249328613,0.8581995964050293,0.0,0.0,0.002782909432426095,12.185550689697266,12.185550689697266,0.8372933864593506,0.0,0.0
