epoch,fold,dice_train,loss_train,bce_train,accuracy_train,precision_train,f1_train,dice_test,loss_test,bce_test,accuracy_test,precision_test,f1_test
0.0,0.0,0.5844088196754456,0.4155910611152649,0.4302593469619751,0.8873882293701172,0.5495030283927917,0.5155580043792725,0.39467665553092957,0.605323314666748,1.3949252367019653,0.9243155121803284,0.0,0.0
0.0,1.0,0.7610262632369995,0.23897351324558258,0.45583078265190125,0.971648633480072,0.6653162837028503,0.5909482836723328,0.1693257838487625,0.8306742310523987,1.1156855821609497,0.9058413505554199,0.15023474395275116,0.004125821869820356
0.0,2.0,0.7306550145149231,0.26934489607810974,0.7400807738304138,0.9641136527061462,0.6327804327011108,0.5773115158081055,0.6828223466873169,0.317177414894104,0.14000152051448822,0.9802204370498657,0.6022189259529114,0.5070091485977173
0.0,3.0,0.6996281147003174,0.3003723621368408,0.9608010649681091,0.9663503170013428,0.597518801689148,0.5245282053947449,0.8969433903694153,0.1030564233660698,0.6086017489433289,0.9771021008491516,0.7686492800712585,0.7357601523399353
0.0,4.0,0.739669680595398,0.2603304088115692,0.4829385578632355,0.9748432040214539,0.6345921158790588,0.5818426012992859,0.8463847637176514,0.153615802526474,1.3825587034225464,0.9720461964607239,0.7053424715995789,0.6835567355155945
1.0,0.0,0.7928379774093628,0.20716238021850586,0.8779699802398682,0.9736586809158325,0.6846627593040466,0.6352657079696655,0.6621997356414795,0.33780020475387573,0.4155210256576538,0.9754857420921326,0.4366639256477356,0.32413989305496216
1.0,1.0,0.8205754160881042,0.1794251799583435,0.5694312453269958,0.9788440465927124,0.6661809682846069,0.6293981671333313,0.1546059399843216,0.8453940749168396,4.501718044281006,0.9057275056838989,0.0,0.0
1.0,2.0,0.7726127505302429,0.22738716006278992,0.7925207018852234,0.9710412621498108,0.6394373178482056,0.5966576933860779,0.7446714639663696,0.2553286850452423,0.12071859836578369,0.9859523177146912,0.5874196887016296,0.5298371911048889
1.0,3.0,0.727060854434967,0.2729397714138031,1.1791974306106567,0.9690936803817749,0.5865296125411987,0.5373388528823853,0.9134118556976318,0.08658792823553085,0.3331916034221649,0.985036313533783,0.8067306280136108,0.7516154050827026
1.0,4.0,0.7869802117347717,0.21301959455013275,0.633650004863739,0.9778422117233276,0.6288448572158813,0.5868608355522156,0.8773143291473389,0.12268596142530441,1.048755168914795,0.978383481502533,0.7033090591430664,0.7116677761077881
2.0,0.0,0.8696198463439941,0.13037991523742676,0.5568353533744812,0.9838067889213562,0.7062771916389465,0.6952113509178162,0.711961030960083,0.28803911805152893,0.5322912931442261,0.9797499775886536,0.443657249212265,0.3308033347129822
2.0,1.0,0.8330745697021484,0.16692599654197693,0.9947201609611511,0.9783275127410889,0.6577855348587036,0.6251096129417419,0.15460586547851562,0.8453936576843262,7.98670768737793,0.9057272672653198,0.0,0.0
2.0,2.0,0.8063422441482544,0.1936577409505844,0.9841206073760986,0.973426878452301,0.6726826429367065,0.6348495483398438,0.7225407958030701,0.27745935320854187,0.5813837647438049,0.9848238229751587,0.5170356631278992,0.5447390675544739
2.0,3.0,0.836856484413147,0.1631445437669754,0.8010165095329285,0.981216311454773,0.6623644232749939,0.6247166395187378,0.9360530376434326,0.06394699215888977,0.2061680406332016,0.9894126653671265,0.8005619645118713,0.7752471566200256
2.0,4.0,0.868443489074707,0.13155753910541534,0.33591681718826294,0.9878292679786682,0.6751014590263367,0.6502014994621277,0.902177631855011,0.09782247990369797,0.6386750340461731,0.9836418628692627,0.7447521090507507,0.7346690893173218
3.0,0.0,0.8955597877502441,0.10444073379039764,0.4503859281539917,0.9862756133079529,0.7241765856742859,0.7115654945373535,0.7341604232788086,0.2658396065235138,0.6278895735740662,0.982772946357727,0.4515768885612488,0.3432413339614868
3.0,1.0,0.8622313141822815,0.13776928186416626,0.7163261771202087,0.9822977781295776,0.6825401782989502,0.6466653943061829,0.839038610458374,0.16096121072769165,0.6337546110153198,0.9762459993362427,0.8090448975563049,0.6859752535820007
3.0,2.0,0.8895043134689331,0.11049627512693405,0.4502619206905365,0.985685408115387,0.7314794659614563,0.7100750207901001,0.8452983498573303,0.1547010838985443,0.22363387048244476,0.9916118383407593,0.5387058854103088,0.5505547523498535
3.0,3.0,0.830842912197113,0.16915731132030487,0.7445886731147766,0.9803375601768494,0.6525976061820984,0.6125534176826477,0.9562407732009888,0.043759267777204514,0.1709437370300293,0.9917449355125427,0.7973293662071228,0.7960992455482483
3.0,4.0,0.8816717863082886,0.11832734942436218,0.3071674704551697,0.9884865283966064,0.6792171597480774,0.657863974571228,0.8933410048484802,0.10665945708751678,0.9739354252815247,0.979537308216095,0.711747944355011,0.7275469303131104
4.0,0.0,0.9022898077964783,0.09771065413951874,0.3614703118801117,0.987804114818573,0.7335695028305054,0.722525417804718,0.7841002941131592,0.21590028703212738,0.26721540093421936,0.9881227016448975,0.4673559069633484,0.3895701766014099
4.0,1.0,0.8870031833648682,0.11299678683280945,0.5046966671943665,0.9852431416511536,0.6965803503990173,0.6671158075332642,0.8769758939743042,0.12302438169717789,0.2033604234457016,0.990095853805542,0.7821906805038452,0.7264172434806824
4.0,2.0,0.8892753720283508,0.1107257828116417,0.3868701756000519,0.9860561490058899,0.7289689183235168,0.707558810710907,0.8693622350692749,0.13063766062259674,0.2961609661579132,0.9904571771621704,0.5514041781425476,0.5668142437934875
4.0,3.0,0.8753411769866943,0.12465827912092209,0.4920828640460968,0.9851141571998596,0.684941828250885,0.6539996266365051,0.956087589263916,0.04391239956021309,0.12553641200065613,0.99164879322052,0.8239065408706665,0.7973368763923645
4.0,4.0,0.9056326746940613,0.09436798840761185,0.17689752578735352,0.9917352795600891,0.6977649927139282,0.6821138858795166,0.9117314219474792,0.08826825767755508,0.5770418047904968,0.9847255349159241,0.7544447183609009,0.7471267580986023
5.0,0.0,0.9133076071739197,0.08669300377368927,0.3274657726287842,0.9877880811691284,0.7374057173728943,0.7214850783348083,0.8214737176895142,0.17852599918842316,0.15593896806240082,0.9892407655715942,0.4922434389591217,0.42726394534111023
5.0,1.0,0.9112147092819214,0.08878618478775024,0.34024977684020996,0.988961935043335,0.7075846195220947,0.689930260181427,0.9353194236755371,0.06468071788549423,0.08983416110277176,0.9928164482116699,0.8080826997756958,0.784236490726471
5.0,2.0,0.9146854877471924,0.0853147804737091,0.3247363865375519,0.9890491962432861,0.7507258057594299,0.7322607636451721,0.9104113578796387,0.08958833664655685,0.12455568462610245,0.9934691786766052,0.5738022327423096,0.5741201043128967
5.0,3.0,0.9031477570533752,0.09685330837965012,0.3102649748325348,0.9890344738960266,0.7028192281723022,0.6856818199157715,0.9685924053192139,0.03140760958194733,0.07369164377450943,0.9937891364097595,0.8193413019180298,0.8106368184089661
5.0,4.0,0.9350104928016663,0.06499093025922775,0.09540073573589325,0.9935898184776306,0.7146334052085876,0.7074835896492004,0.8933896422386169,0.10661036521196365,0.5371077656745911,0.9850499033927917,0.7566174268722534,0.7503431439399719
6.0,0.0,0.9252271056175232,0.07477413862943649,0.31395456194877625,0.9894504547119141,0.7498350143432617,0.7365169525146484,0.8331589102745056,0.16684123873710632,0.11953166872262955,0.9933483600616455,0.5000620484352112,0.4385570287704468
6.0,1.0,0.9214211106300354,0.07857903838157654,0.319830983877182,0.989891529083252,0.7140676379203796,0.699932336807251,0.9450187087059021,0.054981112480163574,0.06715475022792816,0.9946689605712891,0.8062509894371033,0.7941156029701233
6.0,2.0,0.9323971271514893,0.06760337948799133,0.27167436480522156,0.990392804145813,0.7627966403961182,0.7509041428565979,0.9194490313529968,0.08055078238248825,0.10676267743110657,0.9939413070678711,0.6020005941390991,0.6034262776374817
6.0,3.0,0.9125511050224304,0.087448850274086,0.3279067575931549,0.9895939826965332,0.7108192443847656,0.693963885307312,0.9744257926940918,0.025574320927262306,0.060736946761608124,0.994753360748291,0.8226315975189209,0.8161977529525757
6.0,4.0,0.9158616065979004,0.08413910865783691,0.13008491694927216,0.9920081496238708,0.713625431060791,0.703605055809021,0.8799930214881897,0.12000685930252075,0.6606296896934509,0.9841702580451965,0.7432762384414673,0.7486512660980225
7.0,0.0,0.9285459518432617,0.0714540109038353,0.2803511619567871,0.9904506802558899,0.7552647590637207,0.7461603879928589,0.782089114189148,0.2179105579853058,0.2905682325363159,0.9922361969947815,0.4504592716693878,0.3874749541282654
7.0,1.0,0.9181140065193176,0.08188608288764954,0.327985018491745,0.9898282289505005,0.7168886661529541,0.7006640434265137,0.9213598966598511,0.07863999903202057,0.07745032012462616,0.9918791651725769,0.8276534080505371,0.7697858214378357
7.0,2.0,0.9379091262817383,0.06209029629826546,0.261984646320343,0.9910305142402649,0.7638662457466125,0.755881667137146,0.8853548169136047,0.1146453246474266,0.09487979859113693,0.9938039779663086,0.5950763821601868,0.607318639755249
7.0,3.0,0.9275500774383545,0.07245009392499924,0.26944616436958313,0.9908309578895569,0.7140737771987915,0.70564866065979,0.9734218120574951,0.026578200981020927,0.05378219485282898,0.9951552748680115,0.8266217708587646,0.813986599445343
7.0,4.0,0.9458198547363281,0.05418156832456589,0.08483708649873734,0.9941179752349854,0.7282675504684448,0.7160953283309937,0.9213869571685791,0.0786127895116806,0.5602819919586182,0.9857317209243774,0.762578547000885,0.7572432160377502
8.0,0.0,0.9421669840812683,0.057833850383758545,0.25727543234825134,0.991407036781311,0.7585089802742004,0.7511982321739197,0.8907206654548645,0.10927951335906982,0.32477185130119324,0.9913815259933472,0.521393358707428,0.4969487190246582
8.0,1.0,0.9411134123802185,0.05888688936829567,0.2467484176158905,0.9916202425956726,0.726443886756897,0.7188916206359863,0.9567235708236694,0.04327591508626938,0.051514554768800735,0.9957903623580933,0.8204559683799744,0.8074232935905457
8.0,2.0,0.943405270576477,0.056595414876937866,0.2539628744125366,0.9915025234222412,0.7692062854766846,0.7619674801826477,0.9478769302368164,0.05212324485182762,0.04665013775229454,0.9951967000961304,0.6091263890266418,0.6172679662704468
8.0,3.0,0.9279317855834961,0.07206820696592331,0.30398261547088623,0.9904220700263977,0.7183913588523865,0.7069689631462097,0.9747878909111023,0.02521161548793316,0.079200878739357,0.9944124221801758,0.8260673880577087,0.8188605308532715
8.0,4.0,0.966261625289917,0.033738721162080765,0.0507805272936821,0.9957571029663086,0.7341316342353821,0.7333003878593445,0.9215674996376038,0.07843314111232758,0.5564162731170654,0.986177384853363,0.762395441532135,0.7576320171356201
9.0,0.0,0.93790602684021,0.06209408864378929,0.2787307798862457,0.9912609457969666,0.7586833238601685,0.747822642326355,0.9045215249061584,0.09547822922468185,0.06622180342674255,0.9960314631462097,0.5292424559593201,0.5103186964988708
9.0,1.0,0.9426626563072205,0.05733770132064819,0.2750259041786194,0.9915566444396973,0.7285647988319397,0.7190303802490234,0.921681821346283,0.07831810414791107,0.06773559749126434,0.9936717748641968,0.8219899535179138,0.7695183753967285
9.0,2.0,0.9466968178749084,0.0533035583794117,0.2475910186767578,0.9920156002044678,0.7704804539680481,0.7632411122322083,0.930127739906311,0.06987272948026657,0.0541667677462101,0.9954586625099182,0.6119110584259033,0.6085753440856934
9.0,3.0,0.9342040419578552,0.0657954216003418,0.2778320908546448,0.991327166557312,0.7174253463745117,0.7088756561279297,0.9794401526451111,0.02056010626256466,0.0524333156645298,0.9958858489990234,0.8246530890464783,0.8228071928024292
9.0,4.0,0.9656062126159668,0.034394070506095886,0.04855816438794136,0.9959437251091003,0.7352519631385803,0.7327203750610352,0.9156659841537476,0.08433428406715393,0.4890051484107971,0.985761284828186,0.77692711353302,0.7545114755630493
10.0,0.0,0.9458556175231934,0.05414556339383125,0.2542455494403839,0.9919295310974121,0.7626159191131592,0.7563496828079224,0.9311328530311584,0.06886696070432663,0.06262218952178955,0.9924830198287964,0.5880142450332642,0.5391491651535034
10.0,1.0,0.9508890509605408,0.049111515283584595,0.2543679177761078,0.9919716715812683,0.7352027297019958,0.727077066898346,0.9392948150634766,0.06070490553975105,0.044570017606019974,0.9954789280891418,0.8224784731864929,0.787057101726532
10.0,2.0,0.9466193914413452,0.05338096246123314,0.25141051411628723,0.9920653104782104,0.7719451189041138,0.7639548778533936,0.9650094509124756,0.0349905788898468,0.04424372315406799,0.995848536491394,0.6070854663848877,0.6176154613494873
10.0,3.0,0.9421740770339966,0.05782616510987282,0.26623788475990295,0.9918846487998962,0.7261908650398254,0.7167118191719055,0.9796253442764282,0.02037474885582924,0.04251156747341156,0.9962217807769775,0.8290794491767883,0.8208807110786438
10.0,4.0,0.9602545499801636,0.0397455170750618,0.1086750403046608,0.995315670967102,0.7375364899635315,0.7303317785263062,0.9223504662513733,0.07765009254217148,0.561616837978363,0.9866357445716858,0.7636127471923828,0.7590986490249634
11.0,0.0,0.9531508088111877,0.04684899374842644,0.25110960006713867,0.9925504922866821,0.7678764462471008,0.7609463930130005,0.9203962683677673,0.07960352301597595,0.036521293222904205,0.9969421029090881,0.5459420680999756,0.5271003246307373
11.0,1.0,0.9486681222915649,0.05133327469229698,0.28952690958976746,0.99205082654953,0.7349335551261902,0.7245471477508545,0.9460647106170654,0.05393511801958084,0.046936146914958954,0.995755672454834,0.8264079689979553,0.7942309379577637
11.0,2.0,0.9524348974227905,0.04756566137075424,0.2597145736217499,0.9925923943519592,0.7757632732391357,0.7689670920372009,0.9731827974319458,0.026817796751856804,0.03677613288164139,0.9965038299560547,0.619102954864502,0.6214458346366882
11.0,3.0,0.9420583844184875,0.05794290453195572,0.27585676312446594,0.9921778440475464,0.7288908362388611,0.7191013693809509,0.9482443928718567,0.051754988729953766,0.06900539994239807,0.9947324395179749,0.8212930560112,0.7871308922767639
11.0,4.0,0.9669061899185181,0.03309442847967148,0.05176777392625809,0.996336042881012,0.7391382455825806,0.7361459136009216,0.9258033037185669,0.07419661432504654,0.5819300413131714,0.9868630766868591,0.7691750526428223,0.7584879994392395
12.0,0.0,0.9519788026809692,0.048021383583545685,0.24345651268959045,0.9928172826766968,0.767474889755249,0.7597876787185669,0.9304119348526001,0.06958828866481781,0.04612935334444046,0.9947481155395508,0.5792502760887146,0.5374664664268494
12.0,1.0,0.9497012495994568,0.05029954016208649,0.26477521657943726,0.9925215840339661,0.735123872756958,0.7273775339126587,0.9507182836532593,0.04928203299641609,0.06194793060421944,0.9963069558143616,0.8163464069366455,0.7989693284034729
12.0,2.0,0.952324390411377,0.047676339745521545,0.25228264927864075,0.9928865432739258,0.7762596011161804,0.7697089910507202,0.9751681089401245,0.024831412360072136,0.033717039972543716,0.9967686533927917,0.6235020160675049,0.6275686025619507
12.0,3.0,0.9503771662712097,0.049624040722846985,0.26971518993377686,0.992719829082489,0.7313151359558105,0.7244464159011841,0.983462929725647,0.0165373757481575,0.04881012439727783,0.9965604543685913,0.8265120983123779,0.8252226114273071
12.0,4.0,0.9711004495620728,0.028899837285280228,0.04400883615016937,0.9965254664421082,0.7418093681335449,0.7394519448280334,0.9292314052581787,0.07076869159936905,0.5926564931869507,0.9873661398887634,0.7735663652420044,0.7633445262908936
13.0,0.0,0.9561614990234375,0.04383838549256325,0.2397424876689911,0.9933562278747559,0.7714248299598694,0.7645356059074402,0.9200665950775146,0.07993285357952118,0.0326165109872818,0.9957979917526245,0.5655044317245483,0.5264440178871155
13.0,1.0,0.9549788236618042,0.045021530240774155,0.26125311851501465,0.9930791258811951,0.7369177937507629,0.729996383190155,0.9587979912757874,0.041202250868082047,0.17843572795391083,0.9944100975990295,0.7908302545547485,0.8090112805366516
13.0,2.0,0.955388605594635,0.04461106285452843,0.2389312982559204,0.9933222532272339,0.7793897986412048,0.7738754749298096,0.976669192314148,0.023331573233008385,0.03375117853283882,0.997040867805481,0.624051034450531,0.6274054646492004
13.0,3.0,0.9510188102722168,0.048981923609972,0.24421392381191254,0.9932595491409302,0.729610800743103,0.7241191864013672,0.9848688840866089,0.01513094175606966,0.03627577796578407,0.996561586856842,0.8312190175056458,0.8287295699119568
13.0,4.0,0.9768099784851074,0.02319135144352913,0.03410773724317551,0.9970879554748535,0.7458634376525879,0.745442271232605,0.9323911070823669,0.06760922819375992,0.5150780081748962,0.9886907339096069,0.7686513066291809,0.7679868340492249
14.0,0.0,0.9611826539039612,0.0388181209564209,0.20167431235313416,0.994137704372406,0.7724263668060303,0.7693769931793213,0.9689543843269348,0.031045597046613693,0.0216255784034729,0.9972662329673767,0.5921767950057983,0.5809247493743896
14.0,1.0,0.9599524140357971,0.04004763811826706,0.21430695056915283,0.9940357208251953,0.7403984069824219,0.735858142375946,0.974830687046051,0.025169773027300835,0.03712703660130501,0.9972891807556152,0.8302950263023376,0.8272078037261963
14.0,2.0,0.9584857225418091,0.04151403531432152,0.20625533163547516,0.9940941333770752,0.7803470492362976,0.7751189470291138,0.9661458134651184,0.03385418280959129,0.03488343954086304,0.9971781969070435,0.6300095915794373,0.6287463307380676
14.0,3.0,0.9476879835128784,0.05231348052620888,0.3143157660961151,0.9925591945648193,0.7320275902748108,0.7224461436271667,0.9705938696861267,0.029406186193227768,0.3991367816925049,0.990899920463562,0.8300387263298035,0.813821017742157
14.0,4.0,0.9762680530548096,0.023732813075184822,0.03986796364188194,0.9969548583030701,0.7478476762771606,0.7452301383018494,0.9364295601844788,0.06357115507125854,0.4819387197494507,0.9894885420799255,0.7822179794311523,0.7706892490386963
15.0,0.0,0.9616552591323853,0.03834516555070877,0.1993459016084671,0.9944097995758057,0.7745518088340759,0.7699493169784546,0.969591498374939,0.030408497899770737,0.025678928941488266,0.9973621368408203,0.5896666049957275,0.5802549719810486
15.0,1.0,0.9633950591087341,0.036605264991521835,0.19480739533901215,0.9945166110992432,0.7411220669746399,0.7389812469482422,0.9679398536682129,0.032060250639915466,0.04038562998175621,0.9971877932548523,0.8204106688499451,0.8178766965866089
15.0,2.0,0.961956262588501,0.03804381191730499,0.18845564126968384,0.9945297241210938,0.7807754874229431,0.7783761620521545,0.9802966117858887,0.01970355398952961,0.034873463213443756,0.9974406957626343,0.6313559412956238,0.6275222301483154
15.0,3.0,0.957767128944397,0.04223337769508362,0.19611676037311554,0.9945940971374512,0.7314236164093018,0.7302294969558716,0.9794789552688599,0.02052147500216961,0.05685283616185188,0.99644535779953,0.8137357831001282,0.8234856724739075
15.0,4.0,0.9731056094169617,0.02689407393336296,0.05566555634140968,0.9966978430747986,0.7447038888931274,0.7407524585723877,0.9394727945327759,0.060527484863996506,0.4907449781894684,0.9901112914085388,0.768415629863739,0.7744916677474976
16.0,0.0,0.9655215740203857,0.0344780869781971,0.1653837263584137,0.9949728846549988,0.7737222909927368,0.7726852893829346,0.969831109046936,0.030168620869517326,0.022822754457592964,0.9974340796470642,0.5866068601608276,0.5821957588195801
16.0,1.0,0.9659823179244995,0.034017812460660934,0.16671007871627808,0.9951152205467224,0.7409192323684692,0.7410920858383179,0.9715006947517395,0.028498901054263115,0.07388682663440704,0.9965754151344299,0.8101544976234436,0.8234541416168213
16.0,2.0,0.962916374206543,0.037084002047777176,0.17108756303787231,0.9949667453765869,0.7798704504966736,0.7793576717376709,0.9813492894172668,0.018650921061635017,0.0374365858733654,0.9975178241729736,0.6269717812538147,0.6297091245651245
16.0,3.0,0.959585964679718,0.04041377082467079,0.17548984289169312,0.9950592517852783,0.7368338108062744,0.734904408454895,0.9849153757095337,0.015084264799952507,0.055418964475393295,0.9966743588447571,0.8318805694580078,0.8281885981559753
16.0,4.0,0.9781424403190613,0.021857798099517822,0.037031713873147964,0.9972628951072693,0.7468254566192627,0.7460359334945679,0.9469810724258423,0.05301843211054802,0.3658193349838257,0.991910457611084,0.7818754315376282,0.7808011770248413
17.0,0.0,0.9685558080673218,0.03144502639770508,0.14535851776599884,0.9955621957778931,0.7756214737892151,0.7760960459709167,0.9706742167472839,0.02932586520910263,0.022147955372929573,0.9975219368934631,0.5929473638534546,0.5804170966148376
17.0,1.0,0.9666657447814941,0.033334508538246155,0.1648433357477188,0.9952730536460876,0.7441275119781494,0.7434921264648438,0.9680835008621216,0.03191662207245827,0.05056236684322357,0.9967461824417114,0.8102359771728516,0.8251214027404785
17.0,2.0,0.9654140472412109,0.03458612412214279,0.148377925157547,0.9954797029495239,0.7808594703674316,0.7826964855194092,0.9818162322044373,0.018183918669819832,0.034731555730104446,0.997657060623169,0.6292517781257629,0.6317211389541626
17.0,3.0,0.9595806002616882,0.04041897505521774,0.17070068418979645,0.9952036738395691,0.7371358871459961,0.7353779673576355,0.9837640523910522,0.016235826537013054,0.08693455904722214,0.9960323572158813,0.827999472618103,0.8268118500709534
17.0,4.0,0.9776236414909363,0.022376131266355515,0.037103742361068726,0.9973678588867188,0.7475543022155762,0.7464764714241028,0.9473663568496704,0.0526331327855587,0.32498598098754883,0.9923622012138367,0.7795783281326294,0.7830844521522522
18.0,0.0,0.9708003997802734,0.029200144112110138,0.12590818107128143,0.9959205985069275,0.7781309485435486,0.7785835862159729,0.9757121205329895,0.0242879968136549,0.01592903956770897,0.9979067444801331,0.594092607498169,0.5890657305717468
18.0,1.0,0.9665064215660095,0.03349350765347481,0.1468808352947235,0.9955872893333435,0.7449990510940552,0.7432292103767395,0.9616174101829529,0.03838246315717697,0.04643861576914787,0.9972183704376221,0.8301462531089783,0.8109300136566162
18.0,2.0,0.9681161046028137,0.03188363090157509,0.13001707196235657,0.9958930015563965,0.7856363654136658,0.7846750020980835,0.9831708073616028,0.016829263418912888,0.027925586327910423,0.9978875517845154,0.6322278380393982,0.6322472095489502
18.0,3.0,0.9678729772567749,0.03212607279419899,0.12293750047683716,0.9961254000663757,0.7415187358856201,0.7419959306716919,0.9859129786491394,0.014086929149925709,0.0428021177649498,0.996934175491333,0.8315003514289856,0.8284977674484253
18.0,4.0,0.9775291085243225,0.022471822798252106,0.04226040467619896,0.9973580241203308,0.7468367218971252,0.7457700371742249,0.9515771865844727,0.04842333495616913,0.282235324382782,0.993078351020813,0.7870962023735046,0.7865316867828369
19.0,0.0,0.9693237543106079,0.03067591041326523,0.12406304478645325,0.9960002899169922,0.7773733139038086,0.7773767709732056,0.9699147343635559,0.030085435137152672,0.015233194455504417,0.9979937076568604,0.5816631317138672,0.5882208347320557
19.0,1.0,0.9712159633636475,0.028784262016415596,0.12353703379631042,0.9960927963256836,0.7470377683639526,0.7471839189529419,0.9666526913642883,0.033347032964229584,0.048146408051252365,0.9971624612808228,0.8103129863739014,0.8246085047721863
19.0,2.0,0.9705576300621033,0.02944260835647583,0.11752193421125412,0.9961128234863281,0.7866876125335693,0.787243664264679,0.9790789484977722,0.02092139795422554,0.028374414891004562,0.9977301359176636,0.6229223012924194,0.6281833648681641
19.0,3.0,0.9621743559837341,0.03782632201910019,0.14272961020469666,0.9955472350120544,0.7408110499382019,0.7378146648406982,0.9868819117546082,0.013118901289999485,0.055603016167879105,0.9970695376396179,0.8340211510658264,0.8300429582595825
19.0,4.0,0.9810495376586914,0.0189511775970459,0.035594187676906586,0.9975401759147644,0.7499307990074158,0.7493698596954346,0.9572057127952576,0.042794760316610336,0.2507004141807556,0.9939820766448975,0.7902594208717346,0.7917473316192627
20.0,0.0,0.9730325937271118,0.026967067271471024,0.09822206944227219,0.9964818358421326,0.7813420295715332,0.7803948521614075,0.9767065048217773,0.023293765261769295,0.013841425068676472,0.9980078339576721,0.5940954685211182,0.5909507274627686
20.0,1.0,0.9707617163658142,0.02923751436173916,0.11960678547620773,0.9962247610092163,0.7475396990776062,0.746812641620636,0.9492665529251099,0.05073373019695282,0.1164444163441658,0.9955819845199585,0.7827287912368774,0.8102790713310242
20.0,2.0,0.9690840244293213,0.03091704286634922,0.10708317160606384,0.9962233901023865,0.7877228856086731,0.786935567855835,0.983588695526123,0.01641157828271389,0.036340776830911636,0.9978698492050171,0.6332834959030151,0.6360762715339661
20.0,3.0,0.9661701321601868,0.03382926434278488,0.11564099788665771,0.9962079524993896,0.7436449527740479,0.7423310279846191,0.9854658842086792,0.014534052461385727,0.0503934770822525,0.9970386624336243,0.8338615894317627,0.8276392221450806
20.0,4.0,0.9806433320045471,0.01935661770403385,0.03772822022438049,0.9975104331970215,0.7509225010871887,0.7485246062278748,0.958343505859375,0.041655831038951874,0.2721424698829651,0.9942788481712341,0.7847004532814026,0.7929293513298035
21.0,0.0,0.9728826284408569,0.027117980644106865,0.10043395310640335,0.9965392351150513,0.78141850233078,0.7804868817329407,0.977629542350769,0.02237030677497387,0.016643580049276352,0.9980512857437134,0.5931992530822754,0.5917805433273315
21.0,1.0,0.9733853340148926,0.026615891605615616,0.10493876039981842,0.9965193867683411,0.749579906463623,0.749083399772644,0.9745664000511169,0.025433702394366264,0.038052044808864594,0.997664213180542,0.8342834711074829,0.8257638216018677
21.0,2.0,0.9716965556144714,0.02830337919294834,0.10019661486148834,0.9965120553970337,0.7906278967857361,0.7899373173713684,0.9829007387161255,0.01709957793354988,0.02434903010725975,0.9980288147926331,0.6344176530838013,0.6297324895858765
21.0,3.0,0.9659626483917236,0.03403707593679428,0.1217622384428978,0.9962700009346008,0.7415156960487366,0.7404985427856445,0.9503139853477478,0.04968588426709175,0.05572321638464928,0.9962721467018127,0.8223703503608704,0.8274036049842834
21.0,4.0,0.9787718057632446,0.021228594705462456,0.039358314126729965,0.997447669506073,0.7494857907295227,0.7469311356544495,0.9583860039710999,0.04161452874541283,0.25669237971305847,0.9942730665206909,0.7844896912574768,0.7919231653213501
22.0,0.0,0.9748928546905518,0.02510787546634674,0.09165959805250168,0.996715784072876,0.782774806022644,0.7827887535095215,0.9731990098953247,0.026800744235515594,0.017013918608427048,0.9977845549583435,0.6003362536430359,0.5858538746833801
22.0,1.0,0.9743015170097351,0.025698507204651833,0.09975005686283112,0.9966235160827637,0.7510465383529663,0.7508310675621033,0.9781674742698669,0.021833062171936035,0.03193529695272446,0.9973741769790649,0.8392767310142517,0.8311572670936584
22.0,2.0,0.9721217751502991,0.02787850797176361,0.10370255261659622,0.9964607357978821,0.7900782227516174,0.7899234294891357,0.9856093525886536,0.01439074706286192,0.028417125344276428,0.9980128407478333,0.6390149593353271,0.6390654444694519
22.0,3.0,0.9726636409759521,0.027337122708559036,0.09601552039384842,0.9967346787452698,0.7476827502250671,0.7472816705703735,0.9855276942253113,0.01447197888046503,0.06648069620132446,0.9969476461410522,0.8256826996803284,0.8284087777137756
22.0,4.0,0.9802838563919067,0.019716884940862656,0.03711358457803726,0.9975774884223938,0.7501391768455505,0.7499905228614807,0.9604682326316833,0.03953155130147934,0.29397374391555786,0.9940966963768005,0.7862013578414917,0.7952979207038879
23.0,0.0,0.9744770526885986,0.025522157549858093,0.10383054614067078,0.9965588450431824,0.7810901403427124,0.7818674445152283,0.9783979654312134,0.021602259948849678,0.01721545308828354,0.9977245330810547,0.6025121808052063,0.5955014824867249
23.0,1.0,0.9702931046485901,0.029707662761211395,0.10079360008239746,0.9966651797294617,0.750990629196167,0.7508077025413513,0.9793734550476074,0.020626846700906754,0.03550498187541962,0.9976852536201477,0.837289035320282,0.8315320611000061
23.0,2.0,0.9752398133277893,0.024761026725172997,0.08863011002540588,0.9968457221984863,0.7939949035644531,0.7931779026985168,0.9851119518280029,0.014887777157127857,0.024429194629192352,0.9980689287185669,0.6379912495613098,0.6333745718002319
23.0,3.0,0.9730387330055237,0.02696094661951065,0.09142890572547913,0.9968308806419373,0.748615562915802,0.7478312849998474,0.9865314364433289,0.013469213619828224,0.04841574653983116,0.9973656535148621,0.8303430676460266,0.8273559808731079
23.0,4.0,0.9754425883293152,0.02455710433423519,0.045701444149017334,0.9974283576011658,0.7489557266235352,0.7468481063842773,0.955034613609314,0.044965703040361404,0.32918161153793335,0.9934951663017273,0.7855947017669678,0.7879362106323242
24.0,0.0,0.9755924344062805,0.024407953023910522,0.0906173586845398,0.9968422055244446,0.7831034660339355,0.7833712100982666,0.9741038084030151,0.02589620277285576,0.01508378516882658,0.9980801343917847,0.5941763520240784,0.5838460922241211
24.0,1.0,0.9746553301811218,0.025344010442495346,0.10167986899614334,0.9966725707054138,0.7522364854812622,0.7527114152908325,0.981899082660675,0.018101023510098457,0.03554795682430267,0.9978528618812561,0.8307474255561829,0.8331156373023987
24.0,2.0,0.9745229482650757,0.02547704242169857,0.095822773873806,0.996731698513031,0.7931433916091919,0.792195200920105,0.9866377711296082,0.013362177647650242,0.028488196432590485,0.9981369376182556,0.637249767780304,0.6374061703681946
24.0,3.0,0.9724270105361938,0.02757296897470951,0.08968371152877808,0.9968947172164917,0.7486334443092346,0.7479365468025208,0.9882914423942566,0.011708705686032772,0.048990920186042786,0.9973569512367249,0.8298531770706177,0.8314180970191956
24.0,4.0,0.9837784767150879,0.016222119331359863,0.03179486095905304,0.9978463053703308,0.752013087272644,0.7518958449363708,0.9640443325042725,0.03595571219921112,0.19558091461658478,0.9953098893165588,0.7932133674621582,0.7994091510772705
25.0,0.0,0.9760839343070984,0.023915717378258705,0.0946320965886116,0.9968680143356323,0.7833207249641418,0.7839373350143433,0.9773075580596924,0.022692404687404633,0.012311503291130066,0.998268723487854,0.5941107273101807,0.595026433467865
25.0,1.0,0.9769500494003296,0.023050017654895782,0.09029626101255417,0.9969226121902466,0.7545858025550842,0.7537294030189514,0.9794855117797852,0.020514503121376038,0.02735307812690735,0.9974992275238037,0.8439831733703613,0.8327751159667969
25.0,2.0,0.973379909992218,0.02662051096558571,0.09426450729370117,0.9968136548995972,0.7926895022392273,0.7917908430099487,0.9824661612510681,0.017533620819449425,0.03625081479549408,0.9976646304130554,0.6351259350776672,0.6355470418930054
25.0,3.0,0.9724968671798706,0.02750260941684246,0.09519743174314499,0.9968945980072021,0.747157633304596,0.746107280254364,0.9881891012191772,0.0118106072768569,0.059315551072359085,0.9972454309463501,0.8272011280059814,0.8311663866043091
25.0,4.0,0.9839503169059753,0.016050053760409355,0.03408029302954674,0.9978806376457214,0.7527667880058289,0.7525056600570679,0.959455132484436,0.04054436460137367,0.23799780011177063,0.9949522614479065,0.7881923913955688,0.7949283123016357
26.0,0.0,0.9786961078643799,0.021303510293364525,0.08722333610057831,0.9970294833183289,0.7869836091995239,0.7863446474075317,0.9787187576293945,0.02128085307776928,0.02063426561653614,0.9979444146156311,0.5846803188323975,0.5934833884239197
26.0,1.0,0.9782707691192627,0.021728750318288803,0.0849498063325882,0.9971075057983398,0.753632664680481,0.7538403272628784,0.983491837978363,0.016508471220731735,0.027480361983180046,0.9980533123016357,0.8340832591056824,0.8352422118186951
26.0,2.0,0.9735324382781982,0.026467105373740196,0.09747089445590973,0.9967424869537354,0.7925227880477905,0.7902934551239014,0.9879538416862488,0.012046398594975471,0.029251446947455406,0.9981829524040222,0.638941764831543,0.6404169797897339
26.0,3.0,0.9743666648864746,0.02563302591443062,0.08968491852283478,0.9970522522926331,0.7508960962295532,0.7486987113952637,0.9897438287734985,0.010256126523017883,0.04462127387523651,0.9975950717926025,0.8316386342048645,0.8330166339874268
26.0,4.0,0.9752219319343567,0.024777937680482864,0.04957839101552963,0.9973794221878052,0.7470335960388184,0.7438797354698181,0.9557139277458191,0.044285617768764496,0.3342399001121521,0.9933132529258728,0.7856829166412354,0.7909052968025208
27.0,0.0,0.977753758430481,0.022246677428483963,0.08447235822677612,0.9970888495445251,0.7867898941040039,0.7859272360801697,0.9811645150184631,0.018835557624697685,0.015394256450235844,0.9981997609138489,0.5997670292854309,0.5975987911224365
27.0,1.0,0.9781576991081238,0.021841514855623245,0.09049516171216965,0.9970628619194031,0.7547013163566589,0.7547370195388794,0.9780890941619873,0.021910447627305984,0.06922608613967896,0.9971348643302917,0.8168534636497498,0.8296533823013306
27.0,2.0,0.9785499572753906,0.021450841799378395,0.07937048375606537,0.9971871972084045,0.7960872054100037,0.7961678504943848,0.9879635572433472,0.012036658823490143,0.03460076078772545,0.998131275177002,0.6369227766990662,0.6401909589767456
27.0,3.0,0.9769346117973328,0.023065516725182533,0.07699830085039139,0.9973240494728088,0.7508872747421265,0.7507447600364685,0.9902451038360596,0.009754880331456661,0.041603315621614456,0.99769526720047,0.8324894905090332,0.8334627151489258
27.0,4.0,0.9840465784072876,0.01595345139503479,0.03602905571460724,0.9978440999984741,0.752604603767395,0.7522093653678894,0.9578974843025208,0.04210233688354492,0.2386169284582138,0.9944931268692017,0.7880023121833801,0.7930880188941956
28.0,0.0,0.978164553642273,0.02183634042739868,0.08525364100933075,0.9971707463264465,0.7856521606445312,0.785873532295227,0.9800342321395874,0.019965890794992447,0.017079580575227737,0.9981387853622437,0.5944394469261169,0.5934568047523499
28.0,1.0,0.9775734543800354,0.022426391020417213,0.08576367050409317,0.9971238970756531,0.7548602819442749,0.7542521953582764,0.9764209389686584,0.02357899211347103,0.026696035638451576,0.9980695843696594,0.8343974947929382,0.8257255554199219
28.0,2.0,0.9771276116371155,0.02287192828953266,0.08457780629396439,0.9970788359642029,0.795242190361023,0.7954238653182983,0.9869868159294128,0.01301298476755619,0.03619853034615517,0.9981578588485718,0.6393193006515503,0.6397237777709961
28.0,3.0,0.9756038188934326,0.024396374821662903,0.0885079875588417,0.9971523284912109,0.7505696415901184,0.7507191300392151,0.9900312423706055,0.009968368336558342,0.04257628694176674,0.9976517558097839,0.8353009819984436,0.8331491351127625
28.0,4.0,0.9825308322906494,0.017469804733991623,0.03801531717181206,0.997810423374176,0.75166255235672,0.7514049410820007,0.9680986404418945,0.03190119192004204,0.15790729224681854,0.995938241481781,0.798650324344635,0.8027040958404541
29.0,0.0,0.9778591990470886,0.022140804678201675,0.09133875370025635,0.9970539808273315,0.7861273288726807,0.7857071161270142,0.9821795225143433,0.017820583656430244,0.014172052964568138,0.9983336925506592,0.5996811389923096,0.5988088846206665
29.0,1.0,0.9788968563079834,0.021103842183947563,0.08181514590978622,0.9972723126411438,0.7544165253639221,0.7548925876617432,0.9817564487457275,0.018243441358208656,0.03141176328063011,0.9980484247207642,0.8393521308898926,0.8335102200508118
29.0,2.0,0.975173830986023,0.02482602559030056,0.10376764833927155,0.9967767000198364,0.7960115075111389,0.7927336096763611,0.9863595366477966,0.013640781864523888,0.025790952146053314,0.9982895255088806,0.6376331448554993,0.635331392288208
29.0,3.0,0.9767031669616699,0.023297229781746864,0.07948160916566849,0.9973536729812622,0.7519603371620178,0.7513977885246277,0.9899015426635742,0.01009842474013567,0.048612382262945175,0.9975206255912781,0.8316423296928406,0.8330132365226746
29.0,4.0,0.9839889407157898,0.01601085253059864,0.03535972908139229,0.9979279041290283,0.753662109375,0.7518436312675476,0.9697015285491943,0.030298413708806038,0.14431801438331604,0.9961938858032227,0.8013541102409363,0.8043234348297119
30.0,0.0,0.9815513491630554,0.018448444083333015,0.06582470238208771,0.9975112676620483,0.7878585457801819,0.7884716391563416,0.973526656627655,0.026473095640540123,0.01669982075691223,0.9983130693435669,0.5815346837043762,0.5906464457511902
30.0,1.0,0.9819857478141785,0.01801331155002117,0.06672131270170212,0.997580885887146,0.7579384446144104,0.7582144737243652,0.9820127487182617,0.017987510189414024,0.026747828349471092,0.9980904459953308,0.8428634405136108,0.83322674036026
30.0,2.0,0.9824107885360718,0.017588332295417786,0.06660004705190659,0.997593104839325,0.7997146844863892,0.8000415563583374,0.9878673553466797,0.01213260367512703,0.026356704533100128,0.9984170198440552,0.6365460157394409,0.6367453932762146
30.0,3.0,0.9810796976089478,0.0189205352216959,0.061829306185245514,0.9977182149887085,0.7551307082176208,0.7552230954170227,0.991540253162384,0.008459655568003654,0.04201337322592735,0.9978549480438232,0.8361343741416931,0.8346928954124451
30.0,4.0,0.9882143139839172,0.011785258539021015,0.03020215779542923,0.9981841444969177,0.756838858127594,0.756180465221405,0.9747883081436157,0.02521110698580742,0.11854003369808197,0.9968999624252319,0.8070676326751709,0.8095598220825195
31.0,0.0,0.9837673902511597,0.016232764348387718,0.06152353063225746,0.997695803642273,0.7915139198303223,0.7911689281463623,0.9839537143707275,0.016046326607465744,0.014616661705076694,0.9984311461448669,0.6005101799964905,0.6003100275993347
31.0,1.0,0.983234703540802,0.01676516979932785,0.06338368356227875,0.9976755380630493,0.7597636580467224,0.7593191862106323,0.986650824546814,0.01334890816360712,0.026345929130911827,0.9982647895812988,0.8389122486114502,0.8394363522529602
31.0,2.0,0.983100950717926,0.01689906045794487,0.06412389874458313,0.9976505041122437,0.801264226436615,0.8008631467819214,0.9879599809646606,0.01203990075737238,0.02588733099400997,0.9984249472618103,0.6358513832092285,0.636848509311676
31.0,3.0,0.9817636013031006,0.018235530704259872,0.06031673774123192,0.9977742433547974,0.756393551826477,0.7561190128326416,0.9916669726371765,0.00833307858556509,0.04336190223693848,0.9978808164596558,0.8352698683738708,0.834847629070282
31.0,4.0,0.9884514212608337,0.011548513546586037,0.02987879328429699,0.9982059001922607,0.7568032145500183,0.7563456892967224,0.9757073521614075,0.024292564019560814,0.1058524027466774,0.9970023036003113,0.8117302656173706,0.8103248476982117
32.0,0.0,0.9839875102043152,0.01601227931678295,0.06124071776866913,0.9977304935455322,0.7914531230926514,0.7913604378700256,0.9840985536575317,0.015901321545243263,0.014216648414731026,0.998460054397583,0.6009386777877808,0.6004345417022705
32.0,1.0,0.9832046031951904,0.016794944182038307,0.06471803039312363,0.9976909756660461,0.7583602070808411,0.7591623663902283,0.9869476556777954,0.013052274473011494,0.02830689027905464,0.9982430338859558,0.840309739112854,0.8399554491043091
32.0,2.0,0.9834059476852417,0.01659383624792099,0.0628829374909401,0.9976935982704163,0.8007891774177551,0.8010255098342896,0.988167405128479,0.011832782998681068,0.025997810065746307,0.9984570145606995,0.63693767786026,0.6369946002960205
32.0,3.0,0.9817066192626953,0.01829342171549797,0.062035124748945236,0.9977781176567078,0.7562736868858337,0.7560418844223022,0.9918281435966492,0.008172198198735714,0.04212060943245888,0.9979017376899719,0.835773766040802,0.8350188136100769
32.0,4.0,0.9886044859886169,0.011395071633160114,0.029627876356244087,0.9982219338417053,0.7571853995323181,0.7568036317825317,0.9759754538536072,0.02402462810277939,0.10850924998521805,0.9970630407333374,0.80985027551651,0.8106698393821716
33.0,0.0,0.9843482971191406,0.015651891008019447,0.060456372797489166,0.9977615475654602,0.7922865748405457,0.7918497920036316,0.984674870967865,0.0153252137824893,0.013162907212972641,0.9984996318817139,0.6001476049423218,0.6009122729301453
33.0,1.0,0.9838513731956482,0.016148872673511505,0.0620645247399807,0.9977312684059143,0.7602958083152771,0.7599117755889893,0.9874008297920227,0.012599334120750427,0.026740096509456635,0.9982916116714478,0.8412755727767944,0.8407451510429382
33.0,2.0,0.9836648106575012,0.01633566990494728,0.061744093894958496,0.9977084994316101,0.8017287850379944,0.801362156867981,0.9882687926292419,0.011731503531336784,0.02570597268640995,0.9984712600708008,0.6366422772407532,0.6370680928230286
33.0,3.0,0.981990396976471,0.01800854317843914,0.05913829430937767,0.9978131651878357,0.7568819522857666,0.7563766241073608,0.9918159246444702,0.008184663951396942,0.04314015805721283,0.997904896736145,0.8357080221176147,0.83501797914505
33.0,4.0,0.9885862469673157,0.011414374224841595,0.02975957654416561,0.9982300400733948,0.7565620541572571,0.756342351436615,0.9759968519210815,0.02400316670536995,0.10626517236232758,0.997086226940155,0.8094944357872009,0.8106300830841064
34.0,0.0,0.9843640923500061,0.015635712072253227,0.06050589308142662,0.9977637529373169,0.7922194004058838,0.791824460029602,0.983687698841095,0.016312194988131523,0.013553561642765999,0.9983987808227539,0.6024690866470337,0.6002265214920044
34.0,1.0,0.9839185476303101,0.016081877052783966,0.06323553621768951,0.9977374076843262,0.7597223520278931,0.759926438331604,0.986316978931427,0.013683028519153595,0.026301095262169838,0.9982511401176453,0.8442461490631104,0.8386796116828918
34.0,2.0,0.9837499260902405,0.016249971464276314,0.06136122718453407,0.9977313280105591,0.8016826510429382,0.8014404773712158,0.9883663058280945,0.011634133756160736,0.02573700249195099,0.9984896779060364,0.636756181716919,0.6371643543243408
34.0,3.0,0.9823288917541504,0.0176713690161705,0.059802789241075516,0.9978273510932922,0.7567621469497681,0.7567001581192017,0.9919248223304749,0.008075307123363018,0.0417376384139061,0.9979109764099121,0.8358458876609802,0.8350753784179688
34.0,4.0,0.9887482523918152,0.011252018623054028,0.02973339520394802,0.9982474446296692,0.7572966814041138,0.7569901347160339,0.9765459895133972,0.023454193025827408,0.11003539711236954,0.9970917105674744,0.8101410865783691,0.8112605810165405
35.0,0.0,0.9845322966575623,0.015467658638954163,0.059576813131570816,0.9977936744689941,0.7923732399940491,0.7918950319290161,0.9849424362182617,0.01505761407315731,0.012675952166318893,0.9985097050666809,0.5995581150054932,0.6011343598365784
35.0,1.0,0.9839483499526978,0.016051778569817543,0.06289270520210266,0.9977514743804932,0.7598443031311035,0.7599751949310303,0.986272394657135,0.013727582059800625,0.02940479852259159,0.9982299208641052,0.837389349937439,0.8395361304283142
35.0,2.0,0.9840150475502014,0.015985270962119102,0.06162292882800102,0.9977375864982605,0.8018935918807983,0.8017198443412781,0.9884422421455383,0.011557874269783497,0.02477867342531681,0.9985011219978333,0.6371157765388489,0.6372065544128418
35.0,3.0,0.9827620387077332,0.017237341031432152,0.05969122052192688,0.9978466629981995,0.7574766874313354,0.7570585608482361,0.9919641613960266,0.008035741746425629,0.04164028912782669,0.9979256987571716,0.8356010913848877,0.8351430296897888
35.0,4.0,0.9889510869979858,0.011049100197851658,0.029680117964744568,0.9982542395591736,0.7574042677879333,0.7571923136711121,0.9771307110786438,0.022869540378451347,0.10370758175849915,0.9971525073051453,0.812533438205719,0.8118148446083069
36.0,0.0,0.9848517775535583,0.015147950500249863,0.059957873076200485,0.9978044629096985,0.7927771806716919,0.7923242449760437,0.9853385090827942,0.014661752618849277,0.012304916977882385,0.998537003993988,0.5998067855834961,0.601402223110199
36.0,1.0,0.9841924905776978,0.015807894989848137,0.06290050595998764,0.9977619051933289,0.7600454688072205,0.7602346539497375,0.9879608750343323,0.012038967572152615,0.026545239612460136,0.998329758644104,0.8426610827445984,0.8410586714744568
36.0,2.0,0.9839804172515869,0.01601950265467167,0.06164135783910751,0.9977453947067261,0.8022818565368652,0.801689624786377,0.9882993102073669,0.011700847186148167,0.027058163657784462,0.99847811460495,0.635596752166748,0.6371008157730103
36.0,3.0,0.9827786087989807,0.017220566049218178,0.05913827568292618,0.9978626370429993,0.757254958152771,0.757247269153595,0.9920186996459961,0.00798186007887125,0.041743382811546326,0.9979385137557983,0.8358504772186279,0.835164487361908
36.0,4.0,0.9889948964118958,0.011004552245140076,0.029461950063705444,0.9982640147209167,0.7572914958000183,0.7569501996040344,0.9769996404647827,0.02300107851624489,0.10400262475013733,0.9971529245376587,0.8123882412910461,0.8116515874862671
37.0,0.0,0.9846261143684387,0.015374007634818554,0.059146858751773834,0.9978184103965759,0.7921264171600342,0.7918760180473328,0.9853919744491577,0.014608046039938927,0.012110456824302673,0.998534619808197,0.6007575392723083,0.6017213463783264
37.0,1.0,0.9843559265136719,0.015643876045942307,0.06308092921972275,0.99777752161026,0.7601909041404724,0.7604398727416992,0.987974226474762,0.012026464566588402,0.02658393792808056,0.998327910900116,0.8432393670082092,0.8408909440040588
37.0,2.0,0.9840982556343079,0.015901753678917885,0.06110005080699921,0.9977594017982483,0.8019447326660156,0.8018041849136353,0.9885622262954712,0.011437367647886276,0.02535063959658146,0.998514711856842,0.6369462013244629,0.6372838020324707
37.0,3.0,0.9827883839607239,0.017211882397532463,0.05892089754343033,0.9978748559951782,0.7566375732421875,0.7571110725402832,0.9920395016670227,0.007960277609527111,0.042450252920389175,0.9979439973831177,0.8362531661987305,0.835198700428009
37.0,4.0,0.9890279173851013,0.010971393436193466,0.029591001570224762,0.9982733130455017,0.7573111653327942,0.757072389125824,0.9771779179573059,0.022821245715022087,0.1041969507932663,0.9971832036972046,0.8116937875747681,0.811886727809906
38.0,0.0,0.9850342273712158,0.01496560126543045,0.05941220000386238,0.9978328943252563,0.792888343334198,0.7924270033836365,0.9855448007583618,0.014455089345574379,0.012330225668847561,0.9985485672950745,0.6000232100486755,0.6018549203872681
38.0,1.0,0.9843060374259949,0.015693169087171555,0.06121738255023956,0.9978082180023193,0.7604213953018188,0.7603946328163147,0.9874199628829956,0.0125803854316473,0.026608595624566078,0.998320460319519,0.8437808156013489,0.8396607041358948
38.0,2.0,0.9844435453414917,0.015556424856185913,0.06050111725926399,0.9977903366088867,0.8020116686820984,0.8020054697990417,0.9885997772216797,0.011400037445127964,0.02603641338646412,0.9985093474388123,0.6364884972572327,0.6372613310813904
38.0,3.0,0.9829104542732239,0.017089558765292168,0.05929816886782646,0.9978897571563721,0.7567278742790222,0.7571521401405334,0.9920753836631775,0.007923958823084831,0.041241828352212906,0.9979562163352966,0.8359773755073547,0.8351917862892151
38.0,4.0,0.9892200827598572,0.010780601762235165,0.02960016019642353,0.9982866644859314,0.7575124502182007,0.7573807835578918,0.9776337146759033,0.0223665963858366,0.10305845737457275,0.9972043633460999,0.8119483590126038,0.8124295473098755
39.0,0.0,0.9852440357208252,0.014756415039300919,0.058984097093343735,0.9978419542312622,0.7929419875144958,0.7926925420761108,0.9855912327766418,0.014408465474843979,0.012517292983829975,0.9985310435295105,0.6008865237236023,0.6018412113189697
39.0,1.0,0.9844955205917358,0.01550447940826416,0.06147058308124542,0.997808039188385,0.7606565952301025,0.7605048418045044,0.9876163601875305,0.012383698485791683,0.027162296697497368,0.9983424544334412,0.8425754904747009,0.8400396108627319
39.0,2.0,0.9844128489494324,0.015587623231112957,0.06051069498062134,0.9977909922599792,0.8022860884666443,0.8020514249801636,0.9887310266494751,0.011268964037299156,0.02458677440881729,0.998537003993988,0.6373401284217834,0.6373735070228577
39.0,3.0,0.9834219217300415,0.01657738722860813,0.05845002084970474,0.9979116320610046,0.7581135034561157,0.7578407526016235,0.9920120239257812,0.007987731136381626,0.04213635250926018,0.9979562163352966,0.8355944752693176,0.83514803647995
39.0,4.0,0.9893031716346741,0.01069674827158451,0.029553759843111038,0.9982885718345642,0.7575620412826538,0.757462203502655,0.9766985177993774,0.023301253095269203,0.1045420840382576,0.9972086548805237,0.8110851645469666,0.8111961483955383
40.0,0.0,0.9850343465805054,0.014965471811592579,0.06001264229416847,0.9978427290916443,0.7931250333786011,0.7925657033920288,0.9858623147010803,0.014137797988951206,0.01349432859569788,0.998530387878418,0.5987717509269714,0.6019564867019653
40.0,1.0,0.9847315549850464,0.015268038958311081,0.0608503557741642,0.997830867767334,0.7603979110717773,0.7607355117797852,0.9883585572242737,0.011641759425401688,0.027383681386709213,0.9983578324317932,0.8425991535186768,0.8416977524757385
40.0,2.0,0.984807550907135,0.015192994847893715,0.060724254697561264,0.9978111982345581,0.8027620911598206,0.8025332689285278,0.9888293743133545,0.011170540004968643,0.024647178128361702,0.9985514879226685,0.6372173428535461,0.6375032067298889
40.0,3.0,0.9832475185394287,0.016752665862441063,0.05975016579031944,0.9979016184806824,0.7576607465744019,0.7576176524162292,0.9921598434448242,0.007840421982109547,0.04188625514507294,0.9979691505432129,0.8363218903541565,0.8353168368339539
40.0,4.0,0.9893003106117249,0.010700215585529804,0.02985679917037487,0.9982969760894775,0.7577356696128845,0.7574794292449951,0.9778307676315308,0.022169148549437523,0.10310953110456467,0.9972442388534546,0.8122313618659973,0.8125616908073425
41.0,0.0,0.9853807687759399,0.014618901535868645,0.05911090224981308,0.9978660345077515,0.7932443022727966,0.7927934527397156,0.9857954382896423,0.0142044173553586,0.0118638314306736,0.9985695481300354,0.5999292135238647,0.602222204208374
41.0,1.0,0.9844839572906494,0.01551725622266531,0.06106259301304817,0.9978426694869995,0.7602073550224304,0.7604762315750122,0.9877511262893677,0.012248611077666283,0.02645277790725231,0.9983670711517334,0.8407959342002869,0.8414441347122192
41.0,2.0,0.9847647547721863,0.015235255472362041,0.0605158731341362,0.99781334400177,0.8021738529205322,0.8024176359176636,0.9889093637466431,0.011090249754488468,0.025082560256123543,0.9985689520835876,0.6373988389968872,0.6376176476478577
41.0,3.0,0.9835701584815979,0.016429947689175606,0.05838647484779358,0.9979338645935059,0.7578223347663879,0.757912278175354,0.9922178983688354,0.007781888823956251,0.041247736662626266,0.9979780912399292,0.8362641930580139,0.8353588581085205
41.0,4.0,0.9891738891601562,0.010826400481164455,0.029583211988210678,0.9983028173446655,0.7576475739479065,0.7574878931045532,0.978212833404541,0.021786563098430634,0.10429862141609192,0.9972575902938843,0.8120081424713135,0.8129571080207825
42.0,0.0,0.9853915572166443,0.014608415775001049,0.059752870351076126,0.9978693127632141,0.7928761839866638,0.792645275592804,0.9859448075294495,0.014055137522518635,0.012173584662377834,0.9985814690589905,0.5986967086791992,0.6021460294723511
42.0,1.0,0.9849743247032166,0.015025339089334011,0.06084481254220009,0.9978557229042053,0.7607725262641907,0.7610731720924377,0.9880329370498657,0.011967052705585957,0.02638859674334526,0.9983747601509094,0.8415817022323608,0.8417799472808838
42.0,2.0,0.9849422574043274,0.015058083459734917,0.06055028736591339,0.9978209137916565,0.8029933571815491,0.8025991916656494,0.9889665246009827,0.01103356946259737,0.02465091459453106,0.9985700845718384,0.6374320983886719,0.6376246809959412
42.0,3.0,0.9834460616111755,0.016553489491343498,0.05840577557682991,0.997931718826294,0.7576935887336731,0.7577694654464722,0.992289662361145,0.007710456848144531,0.04201975837349892,0.9979982972145081,0.8359312415122986,0.8354811668395996
42.0,4.0,0.9895695447921753,0.01043118815869093,0.029597826302051544,0.9983149766921997,0.7575631141662598,0.7576075196266174,0.9783650040626526,0.02163431979715824,0.10041818022727966,0.9972811341285706,0.8152784705162048,0.8131103515625
43.0,0.0,0.9853227734565735,0.014677700586616993,0.059723056852817535,0.9978712797164917,0.7931259870529175,0.7929292917251587,0.9862171411514282,0.013783067464828491,0.012914925813674927,0.9985705614089966,0.6007430553436279,0.6023334264755249
43.0,1.0,0.9851773977279663,0.014822888188064098,0.06051459535956383,0.9978676438331604,0.7608854174613953,0.7612314820289612,0.9881654977798462,0.011834787204861641,0.026732187718153,0.9983841180801392,0.8433584570884705,0.8402213454246521
43.0,2.0,0.9849061965942383,0.015093746595084667,0.05943749099969864,0.9978375434875488,0.8034902811050415,0.8024570941925049,0.9890092611312866,0.010990690439939499,0.025267574936151505,0.9985740780830383,0.6372846961021423,0.6377081871032715
43.0,3.0,0.983636736869812,0.016363130882382393,0.05841812491416931,0.997950553894043,0.7579501271247864,0.7578680515289307,0.9921273589134216,0.007872178219258785,0.04286661371588707,0.997979462146759,0.8347612023353577,0.8352510333061218
43.0,4.0,0.9894468784332275,0.010553239844739437,0.029505543410778046,0.9983125925064087,0.757658064365387,0.7574910521507263,0.9781417846679688,0.0218588225543499,0.1020280122756958,0.9972774982452393,0.8138594031333923,0.8128334879875183
44.0,0.0,0.9853482246398926,0.014651541598141193,0.06029149889945984,0.9978722333908081,0.7927222847938538,0.7927236557006836,0.9863684773445129,0.013631745241582394,0.011947429738938808,0.9985777735710144,0.6003526449203491,0.6025573015213013
44.0,1.0,0.9849600791931152,0.015039867721498013,0.06092025712132454,0.997860312461853,0.7603040933609009,0.7609195709228516,0.9886901378631592,0.011310385540127754,0.026033658534288406,0.9983665347099304,0.8438062071800232,0.8417584896087646
44.0,2.0,0.9849927425384521,0.015006653033196926,0.060030050575733185,0.9978362917900085,0.8029628396034241,0.8026585578918457,0.9890466332435608,0.010953136719763279,0.02389761619269848,0.9985814094543457,0.6378495693206787,0.6377240419387817
44.0,3.0,0.9839293360710144,0.016070611774921417,0.05743996053934097,0.9979614019393921,0.7583397030830383,0.7582908868789673,0.9923338294029236,0.007666668388992548,0.04200717434287071,0.9980052709579468,0.836028516292572,0.8354610204696655
44.0,4.0,0.9896513819694519,0.010348579846322536,0.02961614727973938,0.9983269572257996,0.7578042149543762,0.7577214241027832,0.9786462783813477,0.02135346084833145,0.10244546830654144,0.9972983002662659,0.8135518431663513,0.8133725523948669
45.0,0.0,0.9857397675514221,0.0142603674903512,0.05940714105963707,0.9978943467140198,0.7934247255325317,0.7932590246200562,0.9854778051376343,0.014522150158882141,0.012361166998744011,0.9985203146934509,0.6024649143218994,0.6018682718276978
45.0,1.0,0.9851710200309753,0.01482854038476944,0.06148473545908928,0.9978681802749634,0.7605211138725281,0.7612428665161133,0.9888337850570679,0.011166133917868137,0.027416814118623734,0.9983877539634705,0.8427363038063049,0.8421157598495483
45.0,2.0,0.9849808812141418,0.015019352547824383,0.06033017486333847,0.9978470802307129,0.8026251196861267,0.8027514815330505,0.9891185760498047,0.010881337337195873,0.025101272389292717,0.9986009001731873,0.6376979947090149,0.6378851532936096
45.0,3.0,0.9839428067207336,0.016057636588811874,0.05885570868849754,0.9979626536369324,0.7578032612800598,0.7583780288696289,0.9922871589660645,0.007713254541158676,0.04104705899953842,0.9980011582374573,0.8362691402435303,0.8354502320289612
45.0,4.0,0.9895572662353516,0.01044364646077156,0.029459020122885704,0.9983355402946472,0.7579163908958435,0.7575404047966003,0.9785906076431274,0.0214095301926136,0.10384097695350647,0.9972921013832092,0.8118319511413574,0.813321590423584
46.0,0.0,0.9857797622680664,0.014220349490642548,0.05818532779812813,0.9979175329208374,0.7936353087425232,0.7933571338653564,0.9865975975990295,0.013402403332293034,0.012316521257162094,0.9986035227775574,0.6003260016441345,0.6029157042503357
46.0,1.0,0.9854867458343506,0.014513359405100346,0.06023859977722168,0.9978893399238586,0.7612292170524597,0.7615945935249329,0.9889074563980103,0.011092145927250385,0.028040319681167603,0.9983780384063721,0.8421499729156494,0.842140257358551
46.0,2.0,0.9852418899536133,0.014757693745195866,0.0602387934923172,0.9978564381599426,0.8030220866203308,0.8029139637947083,0.9891591668128967,0.010840699076652527,0.024781016632914543,0.9985995888710022,0.637747049331665,0.6378800868988037
46.0,3.0,0.9838472008705139,0.016152596101164818,0.05943869426846504,0.9979450702667236,0.7572048306465149,0.7581945657730103,0.9923438429832458,0.007656377740204334,0.042080074548721313,0.9980138540267944,0.8362843990325928,0.8355094790458679
46.0,4.0,0.9897999167442322,0.01019956637173891,0.029575657099485397,0.9983402490615845,0.7579852938652039,0.757893443107605,0.97877037525177,0.021228931844234467,0.1049240306019783,0.9973058104515076,0.8115333318710327,0.8136065602302551
47.0,0.0,0.9856604337692261,0.01433906052261591,0.058550406247377396,0.997909665107727,0.7936264872550964,0.7934076189994812,0.9861961603164673,0.01380398403853178,0.01207711175084114,0.9985694289207458,0.5983004570007324,0.6023588180541992
47.0,1.0,0.9853664636611938,0.014632823877036572,0.06018195301294327,0.997899055480957,0.761054515838623,0.7615112066268921,0.9890981912612915,0.010901795700192451,0.026709893718361855,0.9984042644500732,0.8431896567344666,0.8422731161117554
47.0,2.0,0.9856504797935486,0.014349691569805145,0.05938303843140602,0.9978726506233215,0.8032419085502625,0.8032329082489014,0.9892070293426514,0.010793081484735012,0.02478634938597679,0.9986046552658081,0.6376371383666992,0.6379070281982422
47.0,3.0,0.9840744137763977,0.015925433486700058,0.058471377938985825,0.997961699962616,0.7584508657455444,0.7585620880126953,0.9924404621124268,0.00755979074165225,0.041914716362953186,0.9980330467224121,0.8361810445785522,0.8356245160102844
47.0,4.0,0.9897415637969971,0.010258354246616364,0.029623664915561676,0.9983490705490112,0.7580645680427551,0.7578188180923462,0.9781491160392761,0.021850846707820892,0.10951203107833862,0.9972550272941589,0.8094186782836914,0.8126987814903259
48.0,0.0,0.985946774482727,0.014052744954824448,0.05872231721878052,0.9979269504547119,0.7933207750320435,0.7933252453804016,0.986503005027771,0.013496882282197475,0.012142172083258629,0.9985962510108948,0.6006501317024231,0.6027520298957825
48.0,1.0,0.9852178692817688,0.014782711863517761,0.06464390456676483,0.9978460073471069,0.7605178356170654,0.7612735033035278,0.9886423945426941,0.011357608251273632,0.026912687346339226,0.9983909726142883,0.8440298438072205,0.8413422107696533
48.0,2.0,0.9852203726768494,0.01477990485727787,0.06173347681760788,0.9978482127189636,0.8020474314689636,0.8028053641319275,0.9883518815040588,0.011648295447230339,0.025133708491921425,0.9985743165016174,0.6377096176147461,0.6375062465667725
48.0,3.0,0.9837838411331177,0.016216151416301727,0.059559229761362076,0.9979436993598938,0.7572983503341675,0.7583260536193848,0.9923411011695862,0.007658194750547409,0.042092349380254745,0.9980249404907227,0.8356170654296875,0.8354328870773315
48.0,4.0,0.9896876811981201,0.010311944410204887,0.02977008745074272,0.9983388781547546,0.7578755021095276,0.757554292678833,0.9789085984230042,0.021092083305120468,0.10129788517951965,0.9973205327987671,0.8117287158966064,0.8137363791465759
49.0,0.0,0.9859950542449951,0.014005529694259167,0.059058140963315964,0.9979223012924194,0.7932294011116028,0.7934769988059998,0.9866233468055725,0.013376706279814243,0.012479308992624283,0.998586893081665,0.5997052788734436,0.6027855277061462
49.0,1.0,0.9853952527046204,0.014604862779378891,0.06165749579668045,0.9978852868080139,0.7607563734054565,0.7613990902900696,0.9881765246391296,0.011823448352515697,0.02749369852244854,0.9983815550804138,0.8401764631271362,0.8411635756492615
49.0,2.0,0.9855722784996033,0.014427559450268745,0.05943259969353676,0.9978746175765991,0.802945077419281,0.8031752705574036,0.9892585277557373,0.010741564445197582,0.02554083801805973,0.9986055493354797,0.6375113129615784,0.6379724740982056
49.0,3.0,0.9838482737541199,0.01615123078227043,0.06043773517012596,0.997942328453064,0.7579484581947327,0.7581292986869812,0.9924560785293579,0.007543818559497595,0.04144507646560669,0.9980375170707703,0.8362742066383362,0.8355873227119446
49.0,4.0,0.9899474382400513,0.010051791556179523,0.02954232320189476,0.9983569979667664,0.7581186890602112,0.7580696940422058,0.9793468117713928,0.02065366692841053,0.100782111287117,0.9973323941230774,0.813936710357666,0.8140600323677063
50.0,0.0,0.9860966205596924,0.013903550803661346,0.058346547186374664,0.9979361295700073,0.7936843633651733,0.793675422668457,0.9866729378700256,0.013327246531844139,0.012126704677939415,0.9986110925674438,0.6012776494026184,0.6029180288314819
50.0,1.0,0.9855700731277466,0.014430574141442776,0.06199964880943298,0.9978926181793213,0.7610900402069092,0.7616316676139832,0.9888696074485779,0.011130382306873798,0.028073802590370178,0.998389720916748,0.8432677984237671,0.8417530059814453
50.0,2.0,0.9855406880378723,0.014459189027547836,0.059459079056978226,0.9978939890861511,0.8026121854782104,0.8032897114753723,0.989307701587677,0.010692224837839603,0.02503928355872631,0.9986225366592407,0.6381074786186218,0.6380370855331421
50.0,3.0,0.984512448310852,0.01548696681857109,0.05796898528933525,0.9980015158653259,0.7584037184715271,0.7589525580406189,0.9922739267349243,0.007726180832833052,0.04448394477367401,0.9979780912399292,0.8344396352767944,0.8353448510169983
50.0,4.0,0.9900144934654236,0.009985042735934258,0.029579512774944305,0.9983633160591125,0.7580749988555908,0.7580400109291077,0.9797938466072083,0.020206162706017494,0.10230349004268646,0.9973576664924622,0.8129683136940002,0.8145566582679749
51.0,0.0,0.9861435890197754,0.013856614008545876,0.05897499993443489,0.9979355335235596,0.7932310700416565,0.7936376929283142,0.9869179129600525,0.013082010671496391,0.01219149585813284,0.998616099357605,0.6007696390151978,0.603024423122406
51.0,1.0,0.9855921268463135,0.01440865732729435,0.06017719581723213,0.997920036315918,0.7610759139060974,0.761583685874939,0.9884873032569885,0.011512943543493748,0.027389617636799812,0.9984071850776672,0.8440064191818237,0.8406131863594055
51.0,2.0,0.9855580925941467,0.014441832900047302,0.05934268981218338,0.99790358543396,0.8031888604164124,0.8031097650527954,0.9893271327018738,0.01067269779741764,0.02417902648448944,0.998630702495575,0.6375137567520142,0.6380066871643066
51.0,3.0,0.9845409393310547,0.015459232032299042,0.0567641444504261,0.9980191588401794,0.7584882378578186,0.7589970231056213,0.9925331473350525,0.00746645824983716,0.041480034589767456,0.9980525970458984,0.8359751105308533,0.8356529474258423
51.0,4.0,0.9900252223014832,0.009974643588066101,0.02946941740810871,0.9983676075935364,0.7581755518913269,0.7580704092979431,0.9792282581329346,0.02077162079513073,0.10377612709999084,0.9973428845405579,0.8115325570106506,0.8138963580131531
52.0,0.0,0.9862670302391052,0.013732755556702614,0.05879022553563118,0.9979526996612549,0.7941614985466003,0.7937066555023193,0.9869479537010193,0.013051990419626236,0.012464432045817375,0.9986311793327332,0.6007027626037598,0.603186309337616
52.0,1.0,0.985849142074585,0.014151130802929401,0.06001320108771324,0.9979295134544373,0.761285126209259,0.7618318200111389,0.9889135360717773,0.011086582206189632,0.027697311714291573,0.998435378074646,0.8431069850921631,0.841408371925354
52.0,2.0,0.9854490756988525,0.014550852589309216,0.06032069772481918,0.997897207736969,0.8027085065841675,0.8030144572257996,0.9893167614936829,0.010683565400540829,0.026753438636660576,0.9985959529876709,0.6373400092124939,0.6379616260528564
52.0,3.0,0.9838123917579651,0.016187822446227074,0.05788182467222214,0.9980180263519287,0.7581441402435303,0.7582976222038269,0.9923951625823975,0.007604740094393492,0.04312603920698166,0.9980278015136719,0.8355655670166016,0.8355189561843872
52.0,4.0,0.9900397658348083,0.009960183873772621,0.029802924022078514,0.9983676671981812,0.7580873966217041,0.7581185698509216,0.9785237908363342,0.02147594839334488,0.1141665056347847,0.9972448348999023,0.8094871640205383,0.8133105635643005
53.0,0.0,0.9863426089286804,0.01365677360445261,0.058219946920871735,0.9979660511016846,0.7935107946395874,0.7937622666358948,0.9869869947433472,0.013012981973588467,0.01220792904496193,0.9986337423324585,0.6011849045753479,0.6031590104103088
53.0,1.0,0.985892653465271,0.014107276685535908,0.06048762425780296,0.9979298710823059,0.7616912126541138,0.7618911266326904,0.9890406727790833,0.010959340259432793,0.028224686160683632,0.9984256029129028,0.8432728052139282,0.8420193195343018
53.0,2.0,0.9855164885520935,0.014483213424682617,0.06185641884803772,0.9978786110877991,0.8027892708778381,0.803142249584198,0.9892626404762268,0.01073708850890398,0.027385493740439415,0.9985916614532471,0.6372037529945374,0.6379009485244751
53.0,3.0,0.9845987558364868,0.015400884672999382,0.05888715386390686,0.9980090260505676,0.7579730153083801,0.7591477036476135,0.9925495982170105,0.007450951263308525,0.041464295238256454,0.998060941696167,0.8361514210700989,0.8357086181640625
53.0,4.0,0.9901407957077026,0.009859134443104267,0.029670350253582,0.9983803629875183,0.7582547664642334,0.7581794261932373,0.9797552227973938,0.020244622603058815,0.10377822816371918,0.9973804950714111,0.8124784231185913,0.8145996928215027
54.0,0.0,0.9864312410354614,0.01356841716915369,0.058453552424907684,0.9979684948921204,0.7938248515129089,0.7937775254249573,0.9870055913925171,0.01299471314996481,0.011843382380902767,0.9986279606819153,0.6011176705360413,0.6031466722488403
54.0,1.0,0.9856950044631958,0.014305660501122475,0.06066502258181572,0.9979358911514282,0.7614720463752747,0.7616522908210754,0.9894484877586365,0.010551760904490948,0.027401411905884743,0.9984331727027893,0.8437751531600952,0.8425159454345703
54.0,2.0,0.9862053394317627,0.013794705271720886,0.0591571070253849,0.9979271292686462,0.8034844398498535,0.8037635684013367,0.9894970059394836,0.010502523742616177,0.025244703516364098,0.9986394047737122,0.6377814412117004,0.6381706595420837
54.0,3.0,0.9843617677688599,0.015638215467333794,0.058355752378702164,0.9980171918869019,0.7575189471244812,0.7583297491073608,0.9926291704177856,0.007370659615844488,0.04141070321202278,0.9980654120445251,0.836401641368866,0.8357587456703186
54.0,4.0,0.9900701642036438,0.009930095635354519,0.029728766530752182,0.9983857274055481,0.7583153247833252,0.7580820918083191,0.9799312949180603,0.020068850368261337,0.10087799280881882,0.9974123239517212,0.8124058842658997,0.814608633518219
55.0,0.0,0.9864465594291687,0.013554091565310955,0.058436617255210876,0.9979772567749023,0.7937532067298889,0.7938973307609558,0.9867823123931885,0.013217783533036709,0.013063465245068073,0.9986007213592529,0.6005967855453491,0.6029444336891174
55.0,1.0,0.9856985807418823,0.014301548711955547,0.06000571697950363,0.9979509115219116,0.7612345218658447,0.761620819568634,0.9893191456794739,0.010680986568331718,0.02872796542942524,0.9984172582626343,0.8429242372512817,0.842452883720398
55.0,2.0,0.9851189851760864,0.014880595728754997,0.06778258085250854,0.997829258441925,0.8019405007362366,0.8030692338943481,0.9888575673103333,0.011142400093376637,0.028698092326521873,0.9985683560371399,0.6373391151428223,0.6374406218528748
55.0,3.0,0.9836769104003906,0.016323216259479523,0.06313551217317581,0.9979532957077026,0.7569602131843567,0.7585185170173645,0.9924147129058838,0.007585056591778994,0.04154974967241287,0.9980536103248596,0.8359606266021729,0.8355441093444824
55.0,4.0,0.9901210069656372,0.009879609569907188,0.02971542626619339,0.9983807802200317,0.7580742239952087,0.7581840753555298,0.9787248969078064,0.021275263279676437,0.10241468250751495,0.997368335723877,0.8125090599060059,0.8144190311431885
56.0,0.0,0.9861321449279785,0.013867988251149654,0.06049557775259018,0.9979476928710938,0.7939020395278931,0.7938790917396545,0.987010657787323,0.012989167124032974,0.01291689369827509,0.9986348748207092,0.6002525091171265,0.6031584143638611
56.0,1.0,0.9862384796142578,0.013761904090642929,0.061243973672389984,0.9979358315467834,0.7618412375450134,0.7627133131027222,0.9894835352897644,0.010516347363591194,0.028577305376529694,0.9984315633773804,0.84256511926651,0.8425623774528503
56.0,2.0,0.986159086227417,0.013840959407389164,0.058736011385917664,0.9979361891746521,0.8040534257888794,0.8037649989128113,0.9895401000976562,0.010460023768246174,0.025347884744405746,0.9986456036567688,0.637743353843689,0.6381906270980835
56.0,3.0,0.9851580858230591,0.014841821976006031,0.05738990381360054,0.9980509877204895,0.7591244578361511,0.7595596313476562,0.9926074147224426,0.007392971310764551,0.04314611107110977,0.9980514645576477,0.835591197013855,0.8356841206550598
56.0,4.0,0.9901235103607178,0.009876778349280357,0.02976769022643566,0.9983896613121033,0.7581468224525452,0.7580873966217041,0.9801505208015442,0.019848773255944252,0.09729661792516708,0.9974094033241272,0.8158103823661804,0.8149332404136658
57.0,0.0,0.9862418174743652,0.013757510110735893,0.05834311619400978,0.9979847073554993,0.7938398122787476,0.7937875390052795,0.9872621893882751,0.01273763831704855,0.012120110914111137,0.9986661672592163,0.6010442972183228,0.6033978462219238
57.0,1.0,0.9860846996307373,0.013914651237428188,0.05966252088546753,0.9979727864265442,0.7613345384597778,0.762080192565918,0.989635705947876,0.010364316403865814,0.027663417160511017,0.9984526038169861,0.8436754941940308,0.8426134586334229
57.0,2.0,0.9861692190170288,0.0138312466442585,0.05922654643654823,0.9979490041732788,0.8035955429077148,0.8036816120147705,0.9894900918006897,0.010510132648050785,0.02494850754737854,0.9986266493797302,0.6372073292732239,0.638010561466217
57.0,3.0,0.9846680164337158,0.015332266688346863,0.058489296585321426,0.998026967048645,0.7582862973213196,0.7589194774627686,0.9927002191543579,0.007300088647753,0.04135657846927643,0.9980904459953308,0.8364801406860352,0.8358563184738159
57.0,4.0,0.9899315237998962,0.010068428702652454,0.02972598932683468,0.9983992576599121,0.757734477519989,0.7576965093612671,0.9804933071136475,0.019506148993968964,0.10123342275619507,0.9974299669265747,0.8131842017173767,0.8153271079063416
58.0,0.0,0.9865149855613708,0.013484570197761059,0.05926153436303139,0.9979794025421143,0.7934622168540955,0.7938252687454224,0.9872338175773621,0.012765849009156227,0.01218208484351635,0.9986686110496521,0.6010230183601379,0.6033293604850769
58.0,1.0,0.9862846732139587,0.013716048561036587,0.059615232050418854,0.9979773759841919,0.7618280053138733,0.7622981071472168,0.9893282055854797,0.010672126896679401,0.02789110131561756,0.9984561204910278,0.8431578278541565,0.8426965475082397
58.0,2.0,0.9861273765563965,0.013872322626411915,0.05925395339727402,0.9979470372200012,0.8038128018379211,0.8037125468254089,0.9896411299705505,0.010358456522226334,0.02501438558101654,0.9986617565155029,0.6379506587982178,0.6382626295089722
58.0,3.0,0.9849935173988342,0.015006461180746555,0.05706242099404335,0.9980691075325012,0.7589216232299805,0.759411096572876,0.9927492737770081,0.007250265218317509,0.0419330857694149,0.998088002204895,0.8363949060440063,0.8358404636383057
58.0,4.0,0.9903544783592224,0.009646086022257805,0.029805131256580353,0.9984087944030762,0.7585006356239319,0.7583635449409485,0.9801099896430969,0.019889656454324722,0.0989314615726471,0.9974316954612732,0.815612256526947,0.8145856857299805
59.0,0.0,0.9863418340682983,0.013658435083925724,0.058932818472385406,0.9979877471923828,0.7939285039901733,0.7934871912002563,0.9871088266372681,0.012891354039311409,0.012265006080269814,0.9986749887466431,0.6006000638008118,0.603401780128479
59.0,1.0,0.9857144355773926,0.014285767450928688,0.06284229457378387,0.997940182685852,0.760694146156311,0.7616307735443115,0.9895027875900269,0.01049699354916811,0.028707174584269524,0.9984498620033264,0.8431559205055237,0.8426550030708313
59.0,2.0,0.9864637851715088,0.013535922393202782,0.05960143730044365,0.997955858707428,0.8034945726394653,0.8040198087692261,0.9896378517150879,0.010361910797655582,0.024319594725966454,0.9986560344696045,0.6382452249526978,0.6382691860198975
59.0,3.0,0.984973669052124,0.015027429908514023,0.05729056894779205,0.9980524182319641,0.7589979767799377,0.7590152025222778,0.9927973747253418,0.007202525623142719,0.041570793837308884,0.9981082677841187,0.8363920450210571,0.8359173536300659
59.0,4.0,0.9903513193130493,0.009648465551435947,0.02985796146094799,0.9984167814254761,0.7583454847335815,0.7583385109901428,0.9803443551063538,0.019655289128422737,0.10101042687892914,0.9974562525749207,0.8135342597961426,0.8148755431175232
60.0,0.0,0.9871293306350708,0.012870530597865582,0.05671537667512894,0.9980494379997253,0.7944603562355042,0.7944650053977966,0.9874560236930847,0.012543786317110062,0.012154025956988335,0.9986861348152161,0.601275622844696,0.603537917137146
60.0,1.0,0.986595094203949,0.013404786586761475,0.05826367437839508,0.9980266690254211,0.7620986104011536,0.7625597715377808,0.9898440837860107,0.010155584663152695,0.027613602578639984,0.9984732866287231,0.8433535695075989,0.8428035378456116
60.0,2.0,0.9867327213287354,0.013268288224935532,0.05810077488422394,0.9980038404464722,0.8039436936378479,0.8042706251144409,0.989736795425415,0.010263053700327873,0.02481228858232498,0.998677670955658,0.6381053328514099,0.6383522748947144
60.0,3.0,0.9855524897575378,0.014447877183556557,0.05589019134640694,0.998116135597229,0.7593755125999451,0.7597888708114624,0.9928481578826904,0.00715212244540453,0.04191967099905014,0.9981162548065186,0.8363552689552307,0.8359717726707458
60.0,4.0,0.9905491471290588,0.009451582096517086,0.029720285907387733,0.9984295964241028,0.7584772706031799,0.758506715297699,0.9807013273239136,0.019298337399959564,0.09801609069108963,0.9974972605705261,0.8144425749778748,0.815284252166748
61.0,0.0,0.9872338175773621,0.012766584753990173,0.056327033787965775,0.9980618357658386,0.794579029083252,0.7945653796195984,0.9874883890151978,0.012511590495705605,0.012248555198311806,0.9986825585365295,0.6009036898612976,0.6035206913948059
61.0,1.0,0.9867071509361267,0.01329316571354866,0.05802122503519058,0.9980376958847046,0.7621881365776062,0.7626616954803467,0.9899124503135681,0.010087800212204456,0.027492869645357132,0.9984787702560425,0.8436935544013977,0.8428773880004883
61.0,2.0,0.9868595004081726,0.013140297494828701,0.057646580040454865,0.9980131387710571,0.8042119145393372,0.8044032454490662,0.9897475838661194,0.010252158157527447,0.024836095049977303,0.9986847043037415,0.6381857991218567,0.6384068727493286
61.0,3.0,0.9855919480323792,0.014407744631171227,0.05585107579827309,0.998116672039032,0.7594643235206604,0.7598386406898499,0.9928463101387024,0.007153445854783058,0.04156169667840004,0.9981186389923096,0.8365353345870972,0.8359965085983276
61.0,4.0,0.9905571341514587,0.009444239549338818,0.02969677373766899,0.9984298348426819,0.7585252523422241,0.7585285305976868,0.9807844758033752,0.019215445965528488,0.09832648932933807,0.9975014925003052,0.8145784735679626,0.815384566783905
62.0,0.0,0.9872483015060425,0.012751835398375988,0.056379012763500214,0.9980642795562744,0.794532060623169,0.7945731282234192,0.9874953627586365,0.01250434573739767,0.012297185137867928,0.9986894130706787,0.6009718179702759,0.6035254001617432
62.0,1.0,0.9867345690727234,0.013265267014503479,0.057869091629981995,0.998041570186615,0.7622491717338562,0.7626863718032837,0.9899289608001709,0.010070912539958954,0.027773447334766388,0.9984795451164246,0.8435993194580078,0.8428887128829956
62.0,2.0,0.9868254661560059,0.013173134997487068,0.05774545669555664,0.9980158805847168,0.8041952252388,0.8043575286865234,0.9897530674934387,0.010246786288917065,0.02477981522679329,0.9986834526062012,0.6381586790084839,0.6383687853813171
62.0,3.0,0.985680103302002,0.01432010903954506,0.05565526336431503,0.9981245398521423,0.7596092224121094,0.7599161863327026,0.9928545355796814,0.007146022282540798,0.04180983453989029,0.9981210827827454,0.836304247379303,0.835984468460083
62.0,4.0,0.99056476354599,0.009435216896235943,0.029725924134254456,0.998432457447052,0.7585389614105225,0.7585393786430359,0.9808546304702759,0.01914549060165882,0.09868964552879333,0.9975032806396484,0.8144151568412781,0.8154163956642151
63.0,0.0,0.9873088598251343,0.012691032141447067,0.056376274675130844,0.9980682134628296,0.7946339249610901,0.7946532964706421,0.9875047206878662,0.01249520480632782,0.012346044182777405,0.9986903071403503,0.6009240746498108,0.6035457253456116
63.0,1.0,0.9867793321609497,0.013220762833952904,0.058289602398872375,0.9980423450469971,0.7623246908187866,0.7627521753311157,0.9899381399154663,0.010061746463179588,0.027623042464256287,0.9984821677207947,0.8438242673873901,0.8429629802703857
63.0,2.0,0.9869099855422974,0.013089802116155624,0.05774550884962082,0.9980199337005615,0.8042594790458679,0.80445396900177,0.9897557497024536,0.010244326665997505,0.02453896589577198,0.9986803531646729,0.6383123993873596,0.6383585929870605
63.0,3.0,0.9856938123703003,0.01430636364966631,0.05581709370017052,0.9981266260147095,0.7595503330230713,0.7599462866783142,0.9928568005561829,0.007143304217606783,0.041818004101514816,0.9981235861778259,0.8362932205200195,0.8359869718551636
63.0,4.0,0.9905717372894287,0.009428862482309341,0.029753023758530617,0.9984339475631714,0.7584800720214844,0.7585335373878479,0.9809616804122925,0.01903761737048626,0.09748522937297821,0.9975141882896423,0.8152139782905579,0.8155503273010254
64.0,0.0,0.9873359799385071,0.012664588168263435,0.056293655186891556,0.9980683326721191,0.7947664260864258,0.7946807146072388,0.9875149130821228,0.012485123239457607,0.01221993938088417,0.9986927509307861,0.6013121604919434,0.6036036610603333
64.0,1.0,0.986718475818634,0.013282018713653088,0.05804334208369255,0.9980484247207642,0.7623574137687683,0.7626649141311646,0.9899450540542603,0.010054824873805046,0.027579262852668762,0.9984802603721619,0.8438771367073059,0.8429672718048096
64.0,2.0,0.9869016408920288,0.013099033385515213,0.057629335671663284,0.9980219602584839,0.8042829632759094,0.8044588565826416,0.9897658824920654,0.010233855806291103,0.024815991520881653,0.9986857175827026,0.6381992101669312,0.6383746862411499
64.0,3.0,0.9857547879219055,0.014245147816836834,0.05563275143504143,0.99813312292099,0.7596518397331238,0.7600002288818359,0.9928660988807678,0.0071337600238621235,0.041535913944244385,0.99812251329422,0.8364613652229309,0.8359957933425903
64.0,4.0,0.9905718564987183,0.009428883902728558,0.029775092378258705,0.9984357953071594,0.758552610874176,0.7585493326187134,0.9810736179351807,0.01892704889178276,0.09814033657312393,0.9975273609161377,0.8151478171348572,0.8156793117523193
65.0,0.0,0.987375795841217,0.012624843046069145,0.05647074431180954,0.9980736374855042,0.7947881817817688,0.7947289347648621,0.9875208139419556,0.012479261495172977,0.012169452384114265,0.9986940026283264,0.6013644933700562,0.6036571860313416
65.0,1.0,0.9868115186691284,0.013188361190259457,0.05802026763558388,0.9980500936508179,0.7624260187149048,0.7627759575843811,0.9899555444717407,0.010044503957033157,0.027843177318572998,0.9984840154647827,0.843827486038208,0.8429762721061707
65.0,2.0,0.986912727355957,0.013087351806461811,0.05790285766124725,0.9980209469795227,0.8043150901794434,0.8044584393501282,0.9897680878639221,0.01023196429014206,0.024433273822069168,0.9986842274665833,0.6383147239685059,0.6383703351020813
65.0,3.0,0.9857836961746216,0.01421619113534689,0.055684372782707214,0.998134195804596,0.7597655653953552,0.7600828409194946,0.992870569229126,0.007129601202905178,0.04178895428776741,0.9981235861778259,0.8363778591156006,0.8359971642494202
65.0,4.0,0.9905765652656555,0.009423811919987202,0.029773449525237083,0.9984368085861206,0.7585451006889343,0.7585717439651489,0.9810903668403625,0.018909940496087074,0.09821569919586182,0.9975221157073975,0.815019428730011,0.8156829476356506
66.0,0.0,0.9874039888381958,0.012595717795193195,0.05647488310933113,0.9980784058570862,0.794842541217804,0.7948092818260193,0.9875339269638062,0.012466230429708958,0.012259135954082012,0.9986947178840637,0.6012158393859863,0.6036058664321899
66.0,1.0,0.9868469834327698,0.013153373263776302,0.05813772231340408,0.9980514645576477,0.7624168992042542,0.7628148198127747,0.9899604916572571,0.01003972813487053,0.027859477326273918,0.998482882976532,0.843666672706604,0.8430138826370239
66.0,2.0,0.9869043231010437,0.013096373528242111,0.057980965822935104,0.9980250597000122,0.8042401671409607,0.8044630289077759,0.9897744059562683,0.010225093923509121,0.024641944095492363,0.9986834526062012,0.6383033990859985,0.6383717656135559
66.0,3.0,0.985802948474884,0.014197885990142822,0.05573621392250061,0.998138964176178,0.7597327828407288,0.7600696682929993,0.992877721786499,0.007122240960597992,0.0419311486184597,0.9981257319450378,0.8363806009292603,0.8360073566436768
66.0,4.0,0.9905893802642822,0.009410708211362362,0.029821602627635002,0.9984350204467773,0.7585631012916565,0.7585688829421997,0.9811534285545349,0.018846051767468452,0.09767194837331772,0.9975334405899048,0.8152957558631897,0.8157538175582886
67.0,0.0,0.9874227643013,0.012577301822602749,0.056378670036792755,0.9980778694152832,0.7948129177093506,0.7947697639465332,0.9875335693359375,0.01246642041951418,0.012470896355807781,0.9986886382102966,0.6009448170661926,0.6035336256027222
67.0,1.0,0.9868646264076233,0.013136187568306923,0.05797960236668587,0.9980552196502686,0.7624303698539734,0.762829601764679,0.9899789094924927,0.010021557100117207,0.027767879888415337,0.9984836578369141,0.8437695503234863,0.8430306315422058
67.0,2.0,0.9869809746742249,0.013019101694226265,0.05790431797504425,0.9980272054672241,0.8043164014816284,0.804533064365387,0.9897810220718384,0.010218978859484196,0.02494167909026146,0.9986871480941772,0.6381555795669556,0.6384283900260925
67.0,3.0,0.9858118891716003,0.014188435859978199,0.05573024973273277,0.9981386661529541,0.7596644759178162,0.7600588798522949,0.9928832054138184,0.007117191795259714,0.04180781915783882,0.9981271028518677,0.8364158272743225,0.8360118269920349
67.0,4.0,0.9905959963798523,0.009404863230884075,0.029800057411193848,0.9984375834465027,0.7585698962211609,0.7585980892181396,0.9810782074928284,0.018922023475170135,0.09799665212631226,0.9975342750549316,0.8151938915252686,0.8156391382217407
68.0,0.0,0.9874041080474854,0.012596562504768372,0.05642908811569214,0.9980806112289429,0.7948055267333984,0.7947642207145691,0.9875463247299194,0.01245379913598299,0.012418035417795181,0.9986931085586548,0.6009743213653564,0.6035452485084534
68.0,1.0,0.9868823289871216,0.013117625378072262,0.05804235860705376,0.9980567693710327,0.76241534948349,0.7628424167633057,0.9899888634681702,0.010011455975472927,0.028111683204770088,0.99848473072052,0.8439741730690002,0.8431540727615356
68.0,2.0,0.9869998097419739,0.013000799342989922,0.05786572024226189,0.9980306625366211,0.8043700456619263,0.8045599460601807,0.9897902011871338,0.010210146196186543,0.02483166940510273,0.9986890554428101,0.6383148431777954,0.638389527797699
68.0,3.0,0.9858359098434448,0.014164231717586517,0.05565299466252327,0.9981387257575989,0.7597367763519287,0.7601024508476257,0.9928876757621765,0.007112368941307068,0.041937455534935,0.9981297254562378,0.8363665342330933,0.836020290851593
68.0,4.0,0.9906042218208313,0.009396384470164776,0.02984987199306488,0.9984387159347534,0.7585523724555969,0.7585801482200623,0.9812101125717163,0.01878959685564041,0.09773323684930801,0.9975396990776062,0.8152907490730286,0.8157982230186462
69.0,0.0,0.987438976764679,0.01256072148680687,0.05646904185414314,0.9980812072753906,0.7948293089866638,0.7947961688041687,0.9875561594963074,0.012443737126886845,0.01243935152888298,0.9986935257911682,0.600999116897583,0.6035606265068054
69.0,1.0,0.9868825078010559,0.013117261230945587,0.0579988993704319,0.9980592727661133,0.76244056224823,0.7628427147865295,0.9899944067001343,0.010005411691963673,0.02819816581904888,0.9984865784645081,0.8436743021011353,0.8430498242378235
69.0,2.0,0.9870186448097229,0.012981112115085125,0.05793267488479614,0.9980324506759644,0.804381251335144,0.8045694828033447,0.989793598651886,0.010206427425146103,0.02492062933743,0.9986894726753235,0.6381836533546448,0.6384390592575073
69.0,3.0,0.9858477115631104,0.014152288436889648,0.05582504719495773,0.9981439709663391,0.7597192525863647,0.7601255178451538,0.9928931593894958,0.007106709759682417,0.041503552347421646,0.998127818107605,0.8364823460578918,0.8360077142715454
69.0,4.0,0.9906094670295715,0.009391007013618946,0.02979801967740059,0.998439371585846,0.7586539387702942,0.7586231827735901,0.9812318682670593,0.0187679473310709,0.0975876972079277,0.9975473880767822,0.8153359889984131,0.8158477544784546
70.0,0.0,0.9874427318572998,0.012558297254145145,0.056546688079833984,0.9980802536010742,0.7948440313339233,0.7948166131973267,0.9875687956809998,0.012431190349161625,0.012394508346915245,0.9986944794654846,0.6011945009231567,0.6036399602890015
70.0,1.0,0.9869093298912048,0.013091356493532658,0.05789532512426376,0.9980633854866028,0.7624983191490173,0.7628729343414307,0.9900086522102356,0.009991465136408806,0.028094537556171417,0.9984865784645081,0.8437442779541016,0.8430561423301697
70.0,2.0,0.9870080351829529,0.012991812080144882,0.05782156437635422,0.9980330467224121,0.8044108152389526,0.8045971393585205,0.9898015260696411,0.010198207572102547,0.024901412427425385,0.9986908435821533,0.6382024884223938,0.6384389400482178
70.0,3.0,0.9858782291412354,0.014123030938208103,0.055617555975914,0.9981443285942078,0.7597949504852295,0.7601383328437805,0.9928983449935913,0.007102146744728088,0.041860181838274,0.9981298446655273,0.8364237546920776,0.8360117077827454
70.0,4.0,0.990617573261261,0.009382522664964199,0.02996000647544861,0.9984406232833862,0.7586475014686584,0.7586478590965271,0.9812682867050171,0.018731551244854927,0.09728602319955826,0.9975490570068359,0.8155125975608826,0.8158838152885437
71.0,0.0,0.987474262714386,0.01252523809671402,0.056215010583400726,0.998083770275116,0.7949749827384949,0.7948458194732666,0.987574577331543,0.012425734661519527,0.012426454573869705,0.9986951351165771,0.6012478470802307,0.6036533117294312
71.0,1.0,0.9867441654205322,0.013255447149276733,0.05806500464677811,0.9980592131614685,0.7625101208686829,0.7626703381538391,0.9900161623954773,0.009983782656490803,0.027929341420531273,0.9984883069992065,0.8437801599502563,0.8430639505386353
71.0,2.0,0.9869853258132935,0.013015465810894966,0.05771880969405174,0.9980373978614807,0.8045194149017334,0.8045694828033447,0.989805281162262,0.010195240378379822,0.024511219933629036,0.9986881613731384,0.6383437514305115,0.6384357810020447
71.0,3.0,0.9857521057128906,0.014248105697333813,0.055672064423561096,0.9981426000595093,0.7597861289978027,0.759981632232666,0.9928992390632629,0.0071009686216712,0.04182108864188194,0.9981296062469482,0.8364193439483643,0.8360216021537781
71.0,4.0,0.9906274676322937,0.009373684413731098,0.029851771891117096,0.9984411597251892,0.7585970759391785,0.7586126923561096,0.9812744855880737,0.018725097179412842,0.0975799486041069,0.9975533485412598,0.8153975009918213,0.8158879280090332
72.0,0.0,0.9874905943870544,0.012508834712207317,0.05640232563018799,0.9980894327163696,0.794953465461731,0.7948859930038452,0.9875766038894653,0.012423370033502579,0.012427770532667637,0.9986971616744995,0.6010217070579529,0.603581964969635
72.0,1.0,0.986947238445282,0.013052881695330143,0.058031026273965836,0.9980658888816833,0.7625172734260559,0.7629161477088928,0.9900112748146057,0.009988293051719666,0.028263060376048088,0.998488187789917,0.8436342477798462,0.843048095703125
72.0,2.0,0.9870602488517761,0.012940111570060253,0.05781679227948189,0.9980368614196777,0.8045190572738647,0.8046485781669617,0.9898053407669067,0.01019446924328804,0.02498452179133892,0.9986898303031921,0.6381650567054749,0.6384427547454834
72.0,3.0,0.9856379628181458,0.014361932873725891,0.05581602826714516,0.9981467127799988,0.7598624229431152,0.7598618268966675,0.992904007434845,0.007095568813383579,0.0418030209839344,0.9981334209442139,0.8364750742912292,0.836025595664978
72.0,4.0,0.9906336665153503,0.009366407059133053,0.029852567240595818,0.9984425902366638,0.758608341217041,0.7586137652397156,0.9810703992843628,0.01893031783401966,0.09811034798622131,0.9975499510765076,0.8154407143592834,0.8156523704528809
73.0,0.0,0.9873354434967041,0.0126652792096138,0.05653787776827812,0.998088538646698,0.7948399782180786,0.794704258441925,0.9875900745391846,0.012409988790750504,0.01235500629991293,0.998699426651001,0.6013298630714417,0.6036527156829834
73.0,1.0,0.9869701862335205,0.013030322268605232,0.05794589966535568,0.9980693459510803,0.7626050710678101,0.7629438042640686,0.9900296330451965,0.009969981387257576,0.02803204022347927,0.998488187789917,0.8440251350402832,0.8431729078292847
73.0,2.0,0.9870657324790955,0.01293499581515789,0.057903461158275604,0.9980375170707703,0.804487407207489,0.8046467304229736,0.9898152947425842,0.010184801183640957,0.024938758462667465,0.9986925721168518,0.6382688283920288,0.638451337814331
73.0,3.0,0.9858487844467163,0.014151640236377716,0.055791884660720825,0.9981480836868286,0.7597908973693848,0.7601221799850464,0.9929081201553345,0.007091974373906851,0.041739147156476974,0.9981319308280945,0.8364538550376892,0.8360276222229004
73.0,4.0,0.9906361103057861,0.009363843128085136,0.029853111132979393,0.9984437227249146,0.7586785554885864,0.7586600184440613,0.9813222289085388,0.018678104504942894,0.09756553173065186,0.9975563883781433,0.8154109716415405,0.8159254193305969
74.0,0.0,0.9875118136405945,0.012487898580729961,0.0563339926302433,0.9980911612510681,0.7949714064598083,0.7949138283729553,0.987593412399292,0.012406472116708755,0.012460471130907536,0.9987016320228577,0.601030707359314,0.6035985946655273
74.0,1.0,0.9868963360786438,0.013102725148200989,0.05803186073899269,0.998068630695343,0.762531578540802,0.7628753185272217,0.9900262951850891,0.009973714128136635,0.02818310260772705,0.9984879493713379,0.8438735604286194,0.8431691527366638
74.0,2.0,0.9870859980583191,0.012914166785776615,0.05781214311718941,0.9980432987213135,0.8045188784599304,0.8046600818634033,0.989819347858429,0.010180678218603134,0.02490546740591526,0.9986937046051025,0.6382246613502502,0.6384567618370056
74.0,3.0,0.9859233498573303,0.014076492749154568,0.05569729954004288,0.9981527328491211,0.7598527073860168,0.7601979970932007,0.9929129481315613,0.007087408564984798,0.04173020273447037,0.9981321692466736,0.8364338874816895,0.8360322117805481
74.0,4.0,0.9906392097473145,0.009360737167298794,0.029905201867222786,0.9984434843063354,0.7586647868156433,0.7586628198623657,0.9813315868377686,0.018668506294488907,0.09761157631874084,0.9975617527961731,0.8153954148292542,0.8159400224685669
75.0,0.0,0.987513542175293,0.012486729770898819,0.05640105530619621,0.9980911612510681,0.7949932813644409,0.7949080467224121,0.9876028299331665,0.012397236190736294,0.012305115349590778,0.9986985325813293,0.6011490225791931,0.6036257147789001
75.0,1.0,0.986966073513031,0.013033361174166203,0.05792843550443649,0.9980692863464355,0.7625511288642883,0.7629290223121643,0.9900448322296143,0.009955106303095818,0.02823207899928093,0.9984903335571289,0.8439398407936096,0.8431808352470398
75.0,2.0,0.9870359301567078,0.012964460067451,0.05789433419704437,0.9980405569076538,0.8044781684875488,0.8045943975448608,0.9898167848587036,0.010183117352426052,0.024815022945404053,0.9986912608146667,0.6381944417953491,0.6384457945823669
75.0,3.0,0.9859411716461182,0.014059663750231266,0.055623315274715424,0.998151957988739,0.7599393129348755,0.7602277398109436,0.9929174184799194,0.007082788273692131,0.0418853797018528,0.9981346726417542,0.8364019393920898,0.8360270261764526
75.0,4.0,0.9906501173973083,0.009350533597171307,0.029895296320319176,0.9984439611434937,0.7585886716842651,0.7586306929588318,0.9813755750656128,0.018625017255544662,0.09663446247577667,0.9975574612617493,0.8158922791481018,0.8159967660903931
76.0,0.0,0.9875381588935852,0.012461290694773197,0.05644840747117996,0.9980940818786621,0.7950464487075806,0.7949215769767761,0.9876099228858948,0.012390082702040672,0.012372090481221676,0.9986988306045532,0.6013380289077759,0.6036885976791382
76.0,1.0,0.9869812726974487,0.013019203208386898,0.058044563978910446,0.9980714321136475,0.7625725865364075,0.7629489898681641,0.9900577068328857,0.009942620061337948,0.0282693263143301,0.9984914660453796,0.8439202904701233,0.8431874513626099
76.0,2.0,0.9870980381965637,0.01290211547166109,0.05776386335492134,0.9980421662330627,0.8045661449432373,0.8046804666519165,0.9898244738578796,0.010175228118896484,0.025003546848893166,0.9986899495124817,0.6382100582122803,0.638442873954773
76.0,3.0,0.9859514832496643,0.014048182405531406,0.05563398078083992,0.9981521964073181,0.7599489092826843,0.7602413892745972,0.9929211735725403,0.007079095114022493,0.04166223108768463,0.9981350898742676,0.8364915251731873,0.8360375165939331
76.0,4.0,0.9906530380249023,0.009347282350063324,0.029932063072919846,0.9984449148178101,0.7586875557899475,0.7586662173271179,0.9813985228538513,0.018601607531309128,0.09720239043235779,0.997559130191803,0.8156999349594116,0.8160159587860107
77.0,0.0,0.9875279664993286,0.012471874244511127,0.05642960965633392,0.998095691204071,0.7950144410133362,0.7949420809745789,0.9876173734664917,0.01238236390054226,0.012355398386716843,0.9987005591392517,0.6013464331626892,0.6036670207977295
77.0,1.0,0.9870089292526245,0.012991826049983501,0.05788423493504524,0.9980759620666504,0.7626295685768127,0.7629738450050354,0.9900650978088379,0.009935031644999981,0.028181398287415504,0.9984904527664185,0.8440386056900024,0.843191385269165
77.0,2.0,0.9871014356613159,0.012899595312774181,0.057856518775224686,0.9980449676513672,0.8045485615730286,0.8046685457229614,0.9898346066474915,0.010165181010961533,0.024787185713648796,0.9986962080001831,0.638250470161438,0.6384666562080383
77.0,3.0,0.9859684109687805,0.014032173901796341,0.055635467171669006,0.9981570839881897,0.7599756121635437,0.7602651119232178,0.9929239153862,0.007075696252286434,0.04171245917677879,0.9981358051300049,0.836453378200531,0.8360371589660645
77.0,4.0,0.9906539916992188,0.00934668816626072,0.02988923154771328,0.9984464049339294,0.7586703300476074,0.7586699724197388,0.9813586473464966,0.018641473725438118,0.09752292186021805,0.9975636601448059,0.8156985640525818,0.8159810900688171
78.0,0.0,0.9875456690788269,0.012455776333808899,0.0563969612121582,0.9980945587158203,0.7950335741043091,0.7949507236480713,0.9876195192337036,0.012380489148199558,0.012515106238424778,0.9987002611160278,0.6010268330574036,0.603601336479187
78.0,1.0,0.9870174527168274,0.012982789427042007,0.05803031101822853,0.9980758428573608,0.7625957727432251,0.7629745006561279,0.9900700449943542,0.009930524043738842,0.02799084223806858,0.9984928369522095,0.8441823124885559,0.8431920409202576
78.0,2.0,0.9871460199356079,0.01285463199019432,0.05779947713017464,0.9980466365814209,0.8045963644981384,0.8046998381614685,0.9898383021354675,0.010161799378693104,0.02490704134106636,0.9986959099769592,0.6382831931114197,0.6384655237197876
78.0,3.0,0.9859818816184998,0.014018283225595951,0.05573718249797821,0.9981588125228882,0.7600232362747192,0.7602773308753967,0.9929279088973999,0.00707269785925746,0.04183556139469147,0.9981401562690735,0.8364526033401489,0.836050271987915
78.0,4.0,0.990660548210144,0.009339877404272556,0.029942868277430534,0.9984474182128906,0.7586595416069031,0.7586727142333984,0.9814285635948181,0.018571533262729645,0.09709051251411438,0.9975683689117432,0.8159061074256897,0.8160318732261658
79.0,0.0,0.9875777959823608,0.012422286905348301,0.056488651782274246,0.9980977773666382,0.7950707077980042,0.7949686646461487,0.9876201152801514,0.012379850260913372,0.012383808381855488,0.9986998438835144,0.6014848947525024,0.6036942005157471
79.0,1.0,0.987030565738678,0.012969558127224445,0.05806439742445946,0.9980754256248474,0.7626966238021851,0.7630025744438171,0.9900809526443481,0.009919422678649426,0.028276417404413223,0.9984937310218811,0.8439807891845703,0.8431960344314575
79.0,2.0,0.9871377944946289,0.012862331233918667,0.057879045605659485,0.9980478286743164,0.8045740723609924,0.8047219514846802,0.9898441433906555,0.010155819356441498,0.024780556559562683,0.9986968040466309,0.6382903456687927,0.6384637355804443
79.0,3.0,0.986010730266571,0.01398820336908102,0.055706936866045,0.9981603622436523,0.7600118517875671,0.7602981925010681,0.992933988571167,0.007066249847412109,0.041722580790519714,0.9981368184089661,0.8364331126213074,0.8360452055931091
79.0,4.0,0.990668535232544,0.009331820532679558,0.02992836944758892,0.9984474182128906,0.7587074041366577,0.7586809396743774,0.9815068244934082,0.01849370263516903,0.09741537272930145,0.9975716471672058,0.8157814741134644,0.8161108493804932
80.0,0.0,0.9875901341438293,0.012409319169819355,0.05643792822957039,0.9981008172035217,0.7950801849365234,0.7949799299240112,0.9876349568367004,0.012365064583718777,0.012564707547426224,0.9986994862556458,0.6010746359825134,0.6036105751991272
80.0,1.0,0.9870424866676331,0.012957843020558357,0.05805191025137901,0.9980787038803101,0.7626709938049316,0.7630141973495483,0.9900893568992615,0.009910457767546177,0.02837318740785122,0.9984937310218811,0.8439304828643799,0.8431909680366516
80.0,2.0,0.9870761036872864,0.012924041599035263,0.0578618086874485,0.9980481863021851,0.8046732544898987,0.8046618103981018,0.9898378252983093,0.010162057355046272,0.0249329786747694,0.9986923933029175,0.6381478309631348,0.6384565234184265
80.0,3.0,0.986021101474762,0.01397877186536789,0.05568431690335274,0.9981595873832703,0.7600250840187073,0.7603080868721008,0.9929397106170654,0.007060153875499964,0.04185474291443825,0.998138427734375,0.8364580273628235,0.8360483646392822
80.0,4.0,0.9906817674636841,0.009318781085312366,0.02988615073263645,0.9984483122825623,0.758697509765625,0.7586802244186401,0.9815203547477722,0.018479980528354645,0.09713757783174515,0.9975767731666565,0.8159295320510864,0.8161529302597046
81.0,0.0,0.9876164197921753,0.012382982298731804,0.05652075260877609,0.9981006979942322,0.7951213717460632,0.7950020432472229,0.9876391887664795,0.012360678054392338,0.012569675222039223,0.9986997842788696,0.6010938286781311,0.6036142110824585
81.0,1.0,0.9870655536651611,0.012934524565935135,0.05807535722851753,0.9980782866477966,0.7627048492431641,0.763027548789978,0.9900726675987244,0.009927445091307163,0.028403546661138535,0.9984921216964722,0.8438315391540527,0.8431875705718994
81.0,2.0,0.9871728420257568,0.012826579622924328,0.05793093144893646,0.9980499148368835,0.804649293422699,0.8047342896461487,0.9898523688316345,0.01014723815023899,0.02507995441555977,0.9986948370933533,0.6382346153259277,0.6384589672088623
81.0,3.0,0.9860085248947144,0.013991447165608406,0.05583972856402397,0.9981610774993896,0.7599847316741943,0.7602906227111816,0.9929426908493042,0.007057168520987034,0.04185128211975098,0.9981396794319153,0.8365187644958496,0.8360700011253357
81.0,4.0,0.9906814098358154,0.009318992495536804,0.03000081330537796,0.9984492659568787,0.7587178349494934,0.7586918473243713,0.9815405011177063,0.018460335209965706,0.09795448184013367,0.9975763559341431,0.8158143758773804,0.8161649107933044
82.0,0.0,0.9876184463500977,0.012382418848574162,0.05657756328582764,0.9981014132499695,0.7951387166976929,0.795017659664154,0.9876425862312317,0.012357419356703758,0.012599746696650982,0.9987027645111084,0.601023256778717,0.6036126017570496
82.0,1.0,0.9870068430900574,0.012993700802326202,0.05819766968488693,0.9980787038803101,0.7626351714134216,0.7629321813583374,0.9900935888290405,0.00990713108330965,0.028306979686021805,0.9984952807426453,0.8439731597900391,0.8432039022445679
82.0,2.0,0.9871944189071655,0.012806035578250885,0.0577753521502018,0.9980535507202148,0.804652214050293,0.8047595024108887,0.9898607730865479,0.01013962086290121,0.02497878484427929,0.9986975193023682,0.6382828950881958,0.6384698748588562
82.0,3.0,0.9860455989837646,0.013954241760075092,0.05579103156924248,0.9981643557548523,0.7600600719451904,0.7603268623352051,0.9929476976394653,0.0070523452013731,0.04182799533009529,0.9981401562690735,0.8364943861961365,0.8360642194747925
82.0,4.0,0.9906868934631348,0.009313831105828285,0.029998455196619034,0.9984479546546936,0.7587054371833801,0.7586865425109863,0.9815523028373718,0.01844778098165989,0.09778348356485367,0.9975773692131042,0.815800666809082,0.8161604404449463
83.0,0.0,0.9876339435577393,0.012365587055683136,0.056603848934173584,0.9981017112731934,0.7951354384422302,0.7950229048728943,0.9876455664634705,0.012354597449302673,0.012423462234437466,0.9987025856971741,0.6015260815620422,0.6037020087242126
83.0,1.0,0.9870793223381042,0.012921351008117199,0.057980090379714966,0.9980790615081787,0.7627655267715454,0.7630408406257629,0.990110456943512,0.00988970696926117,0.028323177248239517,0.9984983205795288,0.8441023230552673,0.8432268500328064
83.0,2.0,0.9871569275856018,0.012843109667301178,0.058137744665145874,0.9980505108833313,0.8046354651451111,0.8047164082527161,0.9898647665977478,0.010134952142834663,0.02498624101281166,0.9986984729766846,0.6382720470428467,0.6384784579277039
83.0,3.0,0.9860633015632629,0.01393582858145237,0.05578159913420677,0.998166561126709,0.7600769400596619,0.760351836681366,0.9929520487785339,0.007047918625175953,0.04177112877368927,0.9981430172920227,0.8365192413330078,0.8360762000083923
83.0,4.0,0.9906919598579407,0.009308170527219772,0.03000129573047161,0.9984510540962219,0.7587209343910217,0.7586981058120728,0.9815871119499207,0.018413225188851357,0.09814570844173431,0.9975826144218445,0.8157997727394104,0.8162005543708801
84.0,0.0,0.9876426458358765,0.012357296422123909,0.05663798376917839,0.9981057047843933,0.7951415181159973,0.795033872127533,0.9876671433448792,0.012333007529377937,0.012508680112659931,0.9987052083015442,0.6014038920402527,0.6037102937698364
84.0,1.0,0.9870293140411377,0.012971440330147743,0.05813702195882797,0.9980804920196533,0.7626535892486572,0.7630022764205933,0.9901226162910461,0.009877460077404976,0.02831624634563923,0.9984959959983826,0.8440744280815125,0.8432241678237915
84.0,2.0,0.9872269034385681,0.012773207388818264,0.0578848235309124,0.9980583786964417,0.8047398924827576,0.8048114776611328,0.9898695349693298,0.010130620561540127,0.025046518072485924,0.9986975789070129,0.638222336769104,0.6384840607643127
84.0,3.0,0.9860743880271912,0.013926766812801361,0.05583612620830536,0.9981659650802612,0.7600914239883423,0.7603546977043152,0.9929531812667847,0.007047068793326616,0.04183381050825119,0.9981399178504944,0.836588978767395,0.836053729057312
84.0,4.0,0.9906967878341675,0.0093032605946064,0.030079199001193047,0.9984501004219055,0.7587247490882874,0.7586942911148071,0.9815647602081299,0.018435664474964142,0.09834204614162445,0.9975751042366028,0.8157137036323547,0.8161889910697937
85.0,0.0,0.9876469373703003,0.012353234924376011,0.05663081258535385,0.9981017112731934,0.7951672077178955,0.7950242757797241,0.9876680970191956,0.012331990525126457,0.01269612368196249,0.9987002611160278,0.6011139154434204,0.6036432981491089
85.0,1.0,0.9870998859405518,0.01290056761354208,0.0582113154232502,0.9980834722518921,0.7627201676368713,0.7630589604377747,0.9901271462440491,0.009873482398688793,0.028371842578053474,0.9984990358352661,0.8440660834312439,0.8432447910308838
85.0,2.0,0.9872079491615295,0.012792105786502361,0.05801166594028473,0.9980567693710327,0.8046765923500061,0.8047852516174316,0.9898757934570312,0.010124513879418373,0.02499009110033512,0.9987000226974487,0.6383061408996582,0.6384896636009216
85.0,3.0,0.9860807657241821,0.013919650577008724,0.0559273399412632,0.9981679320335388,0.7600892186164856,0.7603532671928406,0.9929601550102234,0.007039450574666262,0.04180429130792618,0.9981434345245361,0.8365415334701538,0.8360841274261475
85.0,4.0,0.9907021522521973,0.009297803044319153,0.030077476054430008,0.9984509944915771,0.7587249875068665,0.7587013244628906,0.9815933108329773,0.018407203257083893,0.0977577343583107,0.997584342956543,0.8158789873123169,0.8162046074867249
86.0,0.0,0.9876545071601868,0.012345073744654655,0.056564103811979294,0.9981071949005127,0.79515141248703,0.7950367331504822,0.9876819252967834,0.0123178381472826,0.012513811700046062,0.9987064003944397,0.6014594435691833,0.6037230491638184
86.0,1.0,0.9870752692222595,0.012924752198159695,0.058202359825372696,0.9980840682983398,0.7627201080322266,0.7630552649497986,0.9901412725448608,0.009858530014753342,0.028352104127407074,0.9984975457191467,0.8440924286842346,0.8432310819625854
86.0,2.0,0.9872532486915588,0.012746722437441349,0.058091577142477036,0.998062252998352,0.804743766784668,0.8048294186592102,0.9898804426193237,0.010119065642356873,0.024964895099401474,0.998698890209198,0.6382846832275391,0.638483464717865
86.0,3.0,0.9860947728157043,0.013905479572713375,0.055894315242767334,0.9981698393821716,0.7601487040519714,0.7603833675384521,0.9929648637771606,0.007034907117486,0.04189959913492203,0.9981446266174316,0.8364629149436951,0.8360792398452759
86.0,4.0,0.9907076358795166,0.009292266331613064,0.030066441744565964,0.9984531998634338,0.7587404847145081,0.7587205767631531,0.9816128015518188,0.018387548625469208,0.09764480590820312,0.9975857138633728,0.8159569501876831,0.816230833530426
87.0,0.0,0.987670361995697,0.012329318560659885,0.056566398590803146,0.9981086850166321,0.795196533203125,0.7950550317764282,0.9876871109008789,0.01231241412460804,0.012573709711432457,0.9987090229988098,0.6012518405914307,0.6036983728408813
87.0,1.0,0.9871180653572083,0.012882442213594913,0.05814525857567787,0.9980856776237488,0.7627684473991394,0.7630866169929504,0.9901403784751892,0.009860005229711533,0.028468266129493713,0.99849933385849,0.8440638184547424,0.843239426612854
87.0,2.0,0.9872528314590454,0.012747446075081825,0.05799322575330734,0.9980605840682983,0.8047521710395813,0.8048269748687744,0.9898846745491028,0.010115481913089752,0.02505999058485031,0.9987010359764099,0.6382446885108948,0.6385006904602051
87.0,3.0,0.9860650300979614,0.01393533032387495,0.05610712990164757,0.9981667399406433,0.7600409984588623,0.7603583931922913,0.9929661154747009,0.007033856585621834,0.04154251143336296,0.9981443881988525,0.83665531873703,0.836064875125885
87.0,4.0,0.9907195568084717,0.00928031001240015,0.03007598966360092,0.9984539747238159,0.7587751150131226,0.7587159872055054,0.9816086292266846,0.01839086413383484,0.09805715084075928,0.9975910186767578,0.8158536553382874,0.8162195086479187
88.0,0.0,0.9876852035522461,0.012315342202782631,0.05670933425426483,0.9981124997138977,0.7951766848564148,0.7950634956359863,0.9876705408096313,0.012329524382948875,0.012476850301027298,0.9987048506736755,0.6016006469726562,0.6037277579307556
88.0,1.0,0.987139105796814,0.012860850431025028,0.058208487927913666,0.9980899095535278,0.7628174424171448,0.7631052136421204,0.9901552200317383,0.00984481442719698,0.02842862904071808,0.9985018968582153,0.8441574573516846,0.8432773351669312
88.0,2.0,0.9872611165046692,0.012738984078168869,0.058155663311481476,0.9980625510215759,0.8047383427619934,0.8048290610313416,0.9898906350135803,0.010109590366482735,0.025018537417054176,0.9986997246742249,0.6382866501808167,0.6384943723678589
88.0,3.0,0.986106276512146,0.01389408577233553,0.05594189092516899,0.9981709122657776,0.7601262927055359,0.7603859901428223,0.9929739832878113,0.007026347331702709,0.04191502183675766,0.9981457591056824,0.8364793658256531,0.8360896706581116
88.0,4.0,0.9907190203666687,0.009281129576265812,0.030063757672905922,0.9984549283981323,0.7587482929229736,0.7587186694145203,0.9816117882728577,0.018388576805591583,0.09774646162986755,0.9975898265838623,0.8160293102264404,0.8162392973899841
89.0,0.0,0.9876752495765686,0.012324271723628044,0.056742772459983826,0.9981083273887634,0.7951857447624207,0.7950549125671387,0.9877049326896667,0.012294807471334934,0.012566068209707737,0.998711347579956,0.6014032959938049,0.6037490367889404
89.0,1.0,0.9871377348899841,0.012861701659858227,0.05822373926639557,0.998090386390686,0.7627939581871033,0.7631011009216309,0.9901676177978516,0.009832586161792278,0.028484070673584938,0.9985026121139526,0.8441672325134277,0.8432841300964355
89.0,2.0,0.9872694611549377,0.012730308808386326,0.05812358111143112,0.9980644583702087,0.8047792911529541,0.8048428893089294,0.989896833896637,0.010103381238877773,0.025058675557374954,0.9987051486968994,0.6383311152458191,0.6385107636451721
89.0,3.0,0.986085057258606,0.013914902694523335,0.05599980428814888,0.9981692433357239,0.7600964903831482,0.7603560090065002,0.9929763674736023,0.007022948935627937,0.04170680418610573,0.9981473684310913,0.8366404175758362,0.8360908031463623
89.0,4.0,0.9907287359237671,0.009270752780139446,0.030119339004158974,0.9984551668167114,0.7587632536888123,0.7587342262268066,0.9816255569458008,0.018373887985944748,0.09740757197141647,0.9975883960723877,0.8161075115203857,0.8162546157836914
90.0,0.0,0.9877188801765442,0.012281143106520176,0.05658318102359772,0.9981143474578857,0.7952823042869568,0.7950968742370605,0.9877175688743591,0.012282719835639,0.012618733569979668,0.9987102150917053,0.601381242275238,0.6037421226501465
90.0,1.0,0.9871724843978882,0.012827718630433083,0.05818493291735649,0.9980952739715576,0.7628358602523804,0.7631328105926514,0.9901769161224365,0.009823533706367016,0.02841169945895672,0.9985018372535706,0.8441324830055237,0.8432584404945374
90.0,2.0,0.9873050451278687,0.01269539911299944,0.05811173468828201,0.9980676174163818,0.8047850728034973,0.8048620223999023,0.9899014234542847,0.010098358616232872,0.02499536983668804,0.9987015128135681,0.638295590877533,0.6384956240653992
90.0,3.0,0.9861484169960022,0.013850901275873184,0.05603262409567833,0.9981772899627686,0.7601845860481262,0.760419487953186,0.9929841756820679,0.0070161111652851105,0.041802339255809784,0.9981508851051331,0.836514949798584,0.8361101746559143
90.0,4.0,0.99074786901474,0.009252232499420643,0.03009120561182499,0.9984566569328308,0.7587325572967529,0.7587306499481201,0.9816781282424927,0.018321974202990532,0.09808820486068726,0.9975996017456055,0.8159801363945007,0.8162940144538879
91.0,0.0,0.9877276420593262,0.012271801941096783,0.05669496953487396,0.9981175065040588,0.7952308058738708,0.7951030731201172,0.9877179265022278,0.012282073497772217,0.012648752890527248,0.9987097978591919,0.6013675928115845,0.6037439107894897
91.0,1.0,0.9871764183044434,0.012824020348489285,0.0582311786711216,0.9980954527854919,0.7628341913223267,0.7631404995918274,0.9901784062385559,0.009821427054703236,0.028424043208360672,0.9985018968582153,0.8441137075424194,0.8432567715644836
91.0,2.0,0.9873073697090149,0.012692185118794441,0.05809314176440239,0.9980688095092773,0.8047847747802734,0.8048644661903381,0.9899020195007324,0.010097755119204521,0.02501489222049713,0.9987017512321472,0.6382918357849121,0.6384982466697693
91.0,3.0,0.9861513376235962,0.01384852547198534,0.05602926388382912,0.9981769323348999,0.7601736783981323,0.7604236006736755,0.9929839372634888,0.007015745621174574,0.04177200049161911,0.9981493949890137,0.8365250825881958,0.8361018896102905
91.0,4.0,0.990748941898346,0.009250978007912636,0.030082808807492256,0.998456597328186,0.7587563395500183,0.7587318420410156,0.9816837310791016,0.01831565424799919,0.09812849014997482,0.9975999593734741,0.8160015344619751,0.8163058757781982
92.0,0.0,0.9877298474311829,0.012269924394786358,0.056677818298339844,0.9981176257133484,0.7952415347099304,0.7951061725616455,0.9877192974090576,0.01228083111345768,0.012648463249206543,0.9987103939056396,0.6013661623001099,0.6037459969520569
92.0,1.0,0.9871783256530762,0.012821506708860397,0.05823616683483124,0.998095691204071,0.7628303170204163,0.7631410360336304,0.9901800155639648,0.009820071049034595,0.028433458879590034,0.9985026121139526,0.8441082835197449,0.8432602286338806
92.0,2.0,0.9873097538948059,0.012689939700067043,0.05809389427304268,0.9980672001838684,0.8047922849655151,0.8048679232597351,0.989902913570404,0.010097120888531208,0.0250136386603117,0.9987028241157532,0.6383134126663208,0.6385049819946289
92.0,3.0,0.9861541390419006,0.01384618878364563,0.05602012947201729,0.9981783628463745,0.7601802349090576,0.7604278922080994,0.9929844737052917,0.007015153765678406,0.04175315424799919,0.9981493949890137,0.8365285992622375,0.8361073732376099
92.0,4.0,0.9907496571540833,0.009250382892787457,0.030076855793595314,0.9984574913978577,0.7587591409683228,0.7587336301803589,0.9816865921020508,0.018312804400920868,0.09800213575363159,0.9976016283035278,0.8160167336463928,0.8163081407546997
93.0,0.0,0.9877324104309082,0.01226794719696045,0.056714978069067,0.9981181025505066,0.7952245473861694,0.7951050996780396,0.9877195954322815,0.012280505150556564,0.012622903101146221,0.9987116456031799,0.6014111042022705,0.6037454605102539
93.0,1.0,0.9871797561645508,0.012819873169064522,0.058234553784132004,0.998096227645874,0.7628543972969055,0.7631447315216064,0.9901804327964783,0.009819304570555687,0.02845141850411892,0.9985018372535706,0.8440987467765808,0.8432560563087463
93.0,2.0,0.9873119592666626,0.01268832664936781,0.058105167001485825,0.9980688095092773,0.8048030138015747,0.804874062538147,0.9899033904075623,0.01009660866111517,0.025042207911610603,0.9987029433250427,0.6382962465286255,0.6385110020637512
93.0,3.0,0.9861553907394409,0.013844184577465057,0.05603817477822304,0.998177707195282,0.7601798176765442,0.7604290246963501,0.9929857850074768,0.007014636415988207,0.04178139939904213,0.9981510043144226,0.8365236520767212,0.8361103534698486
93.0,4.0,0.9907504916191101,0.009249625727534294,0.03006937727332115,0.9984579682350159,0.7587579488754272,0.7587398290634155,0.9816896915435791,0.018310248851776123,0.09814770519733429,0.9976013898849487,0.8159985542297363,0.8163094520568848
94.0,0.0,0.9877331256866455,0.012266669422388077,0.0566888190805912,0.9981177449226379,0.7952325344085693,0.795103907585144,0.9877209067344666,0.012279147282242775,0.01261935755610466,0.9987111687660217,0.6013898849487305,0.6037501096725464
94.0,1.0,0.9871820211410522,0.012818439863622189,0.05820678174495697,0.9980968236923218,0.7628392577171326,0.7631468772888184,0.990181565284729,0.009818530641496181,0.02844175510108471,0.9985028505325317,0.8441309928894043,0.8432637453079224
94.0,2.0,0.987312912940979,0.012686872854828835,0.05813072621822357,0.9980699419975281,0.8048099279403687,0.8048767447471619,0.9899038672447205,0.010095879435539246,0.025033440440893173,0.9987031817436218,0.6383123397827148,0.6385117173194885
94.0,3.0,0.9861575365066528,0.013842295855283737,0.05601124092936516,0.9981783032417297,0.7601970434188843,0.7604318857192993,0.9929859638214111,0.007014076225459576,0.04183709993958473,0.9981497526168823,0.8365134596824646,0.8361070156097412
94.0,4.0,0.9907516837120056,0.009248783811926842,0.03010561130940914,0.9984573125839233,0.7587457299232483,0.7587355971336365,0.9816925525665283,0.018307222053408623,0.09809371083974838,0.9976014494895935,0.8160057663917542,0.8163112998008728
95.0,0.0,0.987734854221344,0.012265138328075409,0.05673237890005112,0.9981192350387573,0.795222282409668,0.7951087355613708,0.98772132396698,0.012278729118406773,0.012623727321624756,0.9987121820449829,0.6014136075973511,0.6037484407424927
95.0,1.0,0.9871832728385925,0.012817214243113995,0.058194730430841446,0.9980976581573486,0.7628582715988159,0.7631486058235168,0.9901828765869141,0.009817035868763924,0.02844158187508583,0.9985025525093079,0.8441253900527954,0.8432646989822388
95.0,2.0,0.9873148202896118,0.012685379013419151,0.05809097737073898,0.998069703578949,0.8048195838928223,0.8048767447471619,0.989904522895813,0.01009537186473608,0.025037193670868874,0.9987022876739502,0.6382976174354553,0.6385084390640259
95.0,3.0,0.9861600995063782,0.013840634375810623,0.056023165583610535,0.9981794357299805,0.7601916193962097,0.76043301820755,0.9929865598678589,0.007013250607997179,0.041825227439403534,0.9981504082679749,0.8365153074264526,0.8361088633537292
95.0,4.0,0.990752637386322,0.009247884154319763,0.03011227399110794,0.9984570145606995,0.7587393522262573,0.7587364315986633,0.9816948175430298,0.018305202946066856,0.09803707897663116,0.9976018071174622,0.8160284757614136,0.8163151741027832
96.0,0.0,0.9877356886863708,0.012263464741408825,0.05669498071074486,0.9981187582015991,0.7952480316162109,0.7951133251190186,0.9877229332923889,0.012277279980480671,0.012652024626731873,0.9987120032310486,0.6013852953910828,0.603751540184021
96.0,1.0,0.9871839284896851,0.012815888971090317,0.058236025273799896,0.9980970621109009,0.7628408074378967,0.7631505131721497,0.9901828765869141,0.00981652457267046,0.02844197116792202,0.998502254486084,0.8441265821456909,0.8432645201683044
96.0,2.0,0.9873167872428894,0.012683317065238953,0.05809364095330238,0.9980695843696594,0.8048391342163086,0.8048801422119141,0.9899052977561951,0.010094983503222466,0.02504434995353222,0.9987027049064636,0.6382854580879211,0.6385089755058289
96.0,3.0,0.986160397529602,0.013839504681527615,0.05606373772025108,0.9981786012649536,0.760168194770813,0.7604306936264038,0.9929865598678589,0.007012855727225542,0.041761498898267746,0.9981505274772644,0.8365362286567688,0.8361101150512695
96.0,4.0,0.9907524585723877,0.00924751814454794,0.030074112117290497,0.9984573125839233,0.7587550282478333,0.7587392926216125,0.9816962480545044,0.01830313354730606,0.09802282601594925,0.9976032376289368,0.8160384297370911,0.8163187503814697
97.0,0.0,0.9877369403839111,0.012262305244803429,0.05672850087285042,0.9981189966201782,0.795240581035614,0.7951149344444275,0.9877238869667053,0.012276139110326767,0.012622390873730183,0.998713493347168,0.6014137268066406,0.6037601232528687
97.0,1.0,0.9871854186058044,0.012814384885132313,0.05821904167532921,0.9980984330177307,0.7628561854362488,0.7631503939628601,0.9901846647262573,0.009815379045903683,0.028445878997445107,0.9985024929046631,0.8441294431686401,0.8432644605636597
97.0,2.0,0.9873170852661133,0.012682562693953514,0.058127813041210175,0.9980698823928833,0.8048126101493835,0.804877758026123,0.9899055361747742,0.010094140656292439,0.02501848340034485,0.9987022280693054,0.6383059620857239,0.6385108828544617
97.0,3.0,0.9861614108085632,0.013838090933859348,0.05604151263833046,0.9981793165206909,0.7601862549781799,0.760435163974762,0.9929878115653992,0.0070120906457304955,0.04179120063781738,0.9981512427330017,0.8365349769592285,0.8361125588417053
97.0,4.0,0.9907526969909668,0.009246833622455597,0.030110400170087814,0.9984577894210815,0.7587524056434631,0.7587382793426514,0.9816997647285461,0.01830044575035572,0.09800694137811661,0.9976032972335815,0.8160343170166016,0.8163202404975891
98.0,0.0,0.9877383708953857,0.012260950170457363,0.056680839508771896,0.9981198310852051,0.7952587008476257,0.7951155304908752,0.9877241849899292,0.012275765649974346,0.01264684833586216,0.9987111687660217,0.6013666391372681,0.6037470102310181
98.0,1.0,0.9871865510940552,0.01281309686601162,0.05823224037885666,0.9980992674827576,0.7628425359725952,0.763152539730072,0.9901856184005737,0.009814164601266384,0.028455045074224472,0.9985029101371765,0.8441070914268494,0.8432601690292358
98.0,2.0,0.9873191118240356,0.012681013904511929,0.05813468620181084,0.9980708956718445,0.8048015832901001,0.8048798441886902,0.9899063110351562,0.01009338442236185,0.025033552199602127,0.9987033009529114,0.6383142471313477,0.6385147571563721
98.0,3.0,0.9861642718315125,0.013836554251611233,0.056026916950941086,0.998180627822876,0.7601879239082336,0.7604379653930664,0.9929885268211365,0.007011505775153637,0.041761528700590134,0.9981516003608704,0.8365415930747986,0.8361107707023621
98.0,4.0,0.9907547831535339,0.009245702996850014,0.03007875196635723,0.9984585642814636,0.7587711811065674,0.7587382793426514,0.9817019701004028,0.018298612907528877,0.09802721440792084,0.9976031184196472,0.8160315752029419,0.8163185119628906
99.0,0.0,0.9877399802207947,0.012259677052497864,0.056693460792303085,0.9981204271316528,0.7952485084533691,0.795116126537323,0.9877254962921143,0.012274544686079025,0.012653330340981483,0.998712956905365,0.6014000773429871,0.6037562489509583
99.0,1.0,0.9871878623962402,0.012812012806534767,0.05823291465640068,0.9980992674827576,0.7628519535064697,0.7631544470787048,0.9901867508888245,0.009813256561756134,0.028456110507249832,0.9985027313232422,0.8441189527511597,0.843264102935791
99.0,2.0,0.9873204827308655,0.012679548002779484,0.05812995508313179,0.9980702996253967,0.8048121929168701,0.8048809766769409,0.9899075627326965,0.010092640295624733,0.02504299208521843,0.9987038373947144,0.638303279876709,0.6385139226913452
99.0,3.0,0.9861646890640259,0.0138352420181036,0.05605190992355347,0.9981805682182312,0.7601999640464783,0.7604392170906067,0.9929894208908081,0.007010959554463625,0.04187946766614914,0.9981504082679749,0.8365150690078735,0.8361077308654785
99.0,4.0,0.9907545447349548,0.009244747459888458,0.030129101127386093,0.9984594583511353,0.7587650418281555,0.7587411999702454,0.9817026853561401,0.018297260627150536,0.09819342195987701,0.9976046681404114,0.8160129189491272,0.816326916217804
100.0,0.0,0.9877411127090454,0.012258690781891346,0.05669543892145157,0.9981207847595215,0.7952511310577393,0.7951181530952454,0.9877262115478516,0.012273836880922318,0.012650031596422195,0.9987134337425232,0.6013793349266052,0.6037555932998657
100.0,1.0,0.9871899485588074,0.01281028427183628,0.05821679159998894,0.9980992674827576,0.7628560066223145,0.7631585001945496,0.990186870098114,0.009813344106078148,0.028521651402115822,0.9985029697418213,0.844059407711029,0.8432495594024658
100.0,2.0,0.9873215556144714,0.01267867349088192,0.05812946334481239,0.998070240020752,0.8048059940338135,0.8048791289329529,0.9899082779884338,0.01009211502969265,0.02505103126168251,0.9987044930458069,0.6383061408996582,0.6385146379470825
100.0,3.0,0.9861653447151184,0.013834125362336636,0.05605800449848175,0.9981807470321655,0.7601889967918396,0.7604405283927917,0.9929900765419006,0.007010152563452721,0.0418395921587944,0.9981513619422913,0.8365288972854614,0.8361116051673889
100.0,4.0,0.9907563328742981,0.009244203567504883,0.03010389395058155,0.9984570741653442,0.7587608098983765,0.7587412595748901,0.9817052483558655,0.018294140696525574,0.09804799407720566,0.9976051449775696,0.8160361051559448,0.8163285851478577
101.0,0.0,0.9877433180809021,0.012256956659257412,0.05671262368559837,0.9981205463409424,0.7952474355697632,0.7951188087463379,0.9877275228500366,0.012272456660866737,0.012622697278857231,0.9987130761146545,0.601409375667572,0.6037586331367493
101.0,1.0,0.9871904850006104,0.012809530831873417,0.05822912976145744,0.9981000423431396,0.7628586292266846,0.7631595730781555,0.9901890158653259,0.0098111592233181,0.028457393869757652,0.9985025525093079,0.8441207408905029,0.8432639241218567
101.0,2.0,0.9873224496841431,0.012677440419793129,0.05813847482204437,0.9980719089508057,0.8048215508460999,0.8048840165138245,0.9899088740348816,0.010091355070471764,0.025051724165678024,0.9987044334411621,0.6383112072944641,0.6385160684585571
101.0,3.0,0.9861686825752258,0.013832323253154755,0.05603066831827164,0.9981802701950073,0.7602009177207947,0.7604399919509888,0.9929899573326111,0.007009611465036869,0.041874125599861145,0.998150646686554,0.8365299105644226,0.836111307144165
101.0,4.0,0.9907554984092712,0.00924364197999239,0.030121935531497,0.998457133769989,0.7587520480155945,0.7587380409240723,0.9817081689834595,0.018292048946022987,0.0980810821056366,0.9976054430007935,0.8160367012023926,0.8163303732872009
102.0,0.0,0.9877439141273499,0.012255963869392872,0.05671937018632889,0.9981210827827454,0.7952597141265869,0.7951217889785767,0.987727701663971,0.012271907180547714,0.01264956220984459,0.9987134337425232,0.601383626461029,0.6037557125091553
102.0,1.0,0.9871925711631775,0.012807898223400116,0.05823523551225662,0.9981006383895874,0.762852132320404,0.7631601095199585,0.9901893734931946,0.009810934774577618,0.028440240770578384,0.9985018968582153,0.8441217541694641,0.8432620167732239
102.0,2.0,0.9873242974281311,0.012676221318542957,0.05814577639102936,0.9980717897415161,0.8048109412193298,0.8048831820487976,0.9899089336395264,0.01009057555347681,0.025007257238030434,0.9987043738365173,0.6383217573165894,0.6385185122489929
102.0,3.0,0.9861693978309631,0.013831059448421001,0.056034497916698456,0.9981816411018372,0.7602139115333557,0.7604468464851379,0.9929909110069275,0.007008830085396767,0.04181874915957451,0.9981517791748047,0.8365398645401001,0.836114227771759
102.0,4.0,0.9907564520835876,0.009242587722837925,0.030099647119641304,0.9984570741653442,0.7587738037109375,0.758745014667511,0.9817094802856445,0.018290724605321884,0.09807160496711731,0.9976052641868591,0.8160431385040283,0.8163319230079651
103.0,0.0,0.9877445101737976,0.012254834175109863,0.05667652189731598,0.9981206655502319,0.7952654957771301,0.7951213121414185,0.9877294898033142,0.012270831502974033,0.012649256736040115,0.9987125992774963,0.60137939453125,0.6037536263465881
103.0,1.0,0.9871936440467834,0.012806912884116173,0.05825941637158394,0.9980993866920471,0.7628504037857056,0.7631572484970093,0.9901904463768005,0.00980957131832838,0.02847091294825077,0.9985023736953735,0.8441176414489746,0.8432621359825134
103.0,2.0,0.9873257875442505,0.012674430385231972,0.05811445787549019,0.9980719685554504,0.8048189282417297,0.8048838973045349,0.9899097681045532,0.010090110823512077,0.025019006803631783,0.9987040162086487,0.6383175253868103,0.6385176181793213
103.0,3.0,0.9861693978309631,0.013830000534653664,0.05598900094628334,0.9981826543807983,0.7602139115333557,0.7604448199272156,0.9929914474487305,0.007008204236626625,0.0418664813041687,0.9981505274772644,0.8365194201469421,0.8361104130744934
103.0,4.0,0.9907570481300354,0.009242115542292595,0.030122805386781693,0.9984580874443054,0.7587530016899109,0.758740246295929,0.9817122220993042,0.01828845590353012,0.09810613840818405,0.9976056814193726,0.816033124923706,0.8163344264030457
104.0,0.0,0.9877458810806274,0.012253494001924992,0.056690048426389694,0.9981209635734558,0.7952574491500854,0.7951217889785767,0.9877299666404724,0.01226975116878748,0.012652246281504631,0.998713493347168,0.6013939380645752,0.6037579774856567
104.0,1.0,0.9871948957443237,0.012805516831576824,0.058202747255563736,0.9980997443199158,0.7628563642501831,0.7631616592407227,0.9901911020278931,0.009809015318751335,0.02846122346818447,0.998502790927887,0.8441217541694641,0.8432649374008179
104.0,2.0,0.9873265027999878,0.01267328206449747,0.05812400206923485,0.998071551322937,0.8048149943351746,0.8048852682113647,0.9899107217788696,0.010089447721838951,0.025017019361257553,0.9987044930458069,0.6383131742477417,0.6385170221328735
104.0,3.0,0.9861717224121094,0.01382854301482439,0.05602909252047539,0.9981812238693237,0.7602065205574036,0.7604445815086365,0.9929927587509155,0.007007549982517958,0.041789013892412186,0.9981522560119629,0.8365418910980225,0.8361172676086426
104.0,4.0,0.9907585978507996,0.009241338819265366,0.030126089230179787,0.9984583258628845,0.7587571740150452,0.7587423920631409,0.9817134737968445,0.018286338075995445,0.09801614284515381,0.9976059794425964,0.8160480260848999,0.8163332343101501
105.0,0.0,0.9877482056617737,0.012252220883965492,0.056701116263866425,0.9981201887130737,0.7952558398246765,0.7951233386993408,0.9877315163612366,0.012268819846212864,0.01262430939823389,0.9987136125564575,0.6014088988304138,0.6037513017654419
105.0,1.0,0.9871951937675476,0.012804071418941021,0.05817743018269539,0.9981004595756531,0.762870192527771,0.7631610035896301,0.9901925921440125,0.00980768445879221,0.028445199131965637,0.9985018968582153,0.8441276550292969,0.8432639837265015
105.0,2.0,0.9873282313346863,0.012671835720539093,0.058101020753383636,0.998071551322937,0.8048174381256104,0.8048869371414185,0.9899107217788696,0.01008887030184269,0.025035148486495018,0.9987050890922546,0.6383161544799805,0.6385179162025452
105.0,3.0,0.986172616481781,0.013827177695930004,0.05600719153881073,0.9981822371482849,0.7601937055587769,0.7604442238807678,0.992993175983429,0.007006967440247536,0.0417381152510643,0.9981523752212524,0.8365464806556702,0.8361145853996277
105.0,4.0,0.990760087966919,0.009240302257239819,0.030077166855335236,0.9984591007232666,0.7587714791297913,0.7587445378303528,0.9817163348197937,0.018283693119883537,0.09798619896173477,0.9976053833961487,0.8160461187362671,0.8163312673568726
106.0,0.0,0.9877488017082214,0.012251244857907295,0.05669746547937393,0.9981217980384827,0.7952631115913391,0.7951239943504333,0.987732470035553,0.012267807498574257,0.012653953395783901,0.9987124800682068,0.6013956069946289,0.603753924369812
106.0,1.0,0.9871984124183655,0.012802796438336372,0.05821652337908745,0.9981005191802979,0.7628612518310547,0.7631610035896301,0.9901935458183289,0.009806409478187561,0.028448350727558136,0.9985011219978333,0.8441194891929626,0.8432577848434448
106.0,2.0,0.9873295426368713,0.012670572847127914,0.058112919330596924,0.998071551322937,0.8048038482666016,0.8048838376998901,0.9899120926856995,0.01008822675794363,0.025011472404003143,0.9987039566040039,0.6383090615272522,0.6385161280632019
106.0,3.0,0.9861743450164795,0.013825513422489166,0.05600429326295853,0.9981824159622192,0.7602254748344421,0.7604577541351318,0.9929934144020081,0.007006403524428606,0.041764840483665466,0.9981522560119629,0.8365352749824524,0.8361138105392456
106.0,4.0,0.9907602071762085,0.009239466860890388,0.030096739530563354,0.9984595775604248,0.7587824463844299,0.7587512731552124,0.981718122959137,0.01828179508447647,0.09809556603431702,0.9976065754890442,0.8160409331321716,0.8163464069366455
107.0,0.0,0.987751305103302,0.012249809689819813,0.056695837527513504,0.9981215596199036,0.7952642440795898,0.7951235175132751,0.9877328276634216,0.012267247773706913,0.012682734057307243,0.9987127780914307,0.6013734340667725,0.603751540184021
107.0,1.0,0.9871987104415894,0.012801616452634335,0.058230772614479065,0.9981010556221008,0.7628561854362488,0.7631629109382629,0.9901947379112244,0.009805569425225258,0.02848980948328972,0.9985018372535706,0.844113826751709,0.8432624340057373
107.0,2.0,0.9873303771018982,0.012669137679040432,0.0580863282084465,0.9980725049972534,0.8048251271247864,0.8048888444900513,0.9899120330810547,0.01008759718388319,0.02504541538655758,0.9987053275108337,0.6383092999458313,0.6385193467140198
107.0,3.0,0.9861751794815063,0.013824159279465675,0.05600786581635475,0.9981827139854431,0.7602052092552185,0.7604519128799438,0.9929944276809692,0.007005895022302866,0.041763339191675186,0.9981520175933838,0.8365360498428345,0.836115300655365
107.0,4.0,0.990760862827301,0.009238705039024353,0.0300916638225317,0.9984591007232666,0.7587769031524658,0.7587479948997498,0.9817206859588623,0.01827922835946083,0.09809260815382004,0.9976068139076233,0.8160441517829895,0.8163495063781738
108.0,0.0,0.9877517819404602,0.012248619459569454,0.05671229213476181,0.9981223940849304,0.7952480912208557,0.7951242327690125,0.9877338409423828,0.012265854515135288,0.012654668651521206,0.9987126588821411,0.6013914942741394,0.6037538051605225
108.0,1.0,0.9872010350227356,0.012800004333257675,0.058185212314128876,0.998101532459259,0.7628642916679382,0.7631661295890808,0.9901961088180542,0.009804308414459229,0.028465190902352333,0.9985028505325317,0.8441215753555298,0.8432623147964478
108.0,2.0,0.9873322248458862,0.012667926959693432,0.05807231739163399,0.9980716109275818,0.8048226237297058,0.8048895001411438,0.9899126887321472,0.010087191127240658,0.025045018643140793,0.9987055659294128,0.6383107304573059,0.6385216116905212
108.0,3.0,0.9861768484115601,0.013822661712765694,0.05601172149181366,0.9981825947761536,0.7602288126945496,0.7604588866233826,0.9929949045181274,0.0070051527582108974,0.04188651964068413,0.9981516599655151,0.8365271687507629,0.8361115455627441
108.0,4.0,0.9907619953155518,0.009238346479833126,0.030162593349814415,0.9984585642814636,0.7587527632713318,0.7587453126907349,0.981721818447113,0.0182783342897892,0.09800654649734497,0.9976078271865845,0.8160554766654968,0.8163500428199768
109.0,0.0,0.9877528548240662,0.012247087433934212,0.05670301988720894,0.99812251329422,0.7952685356140137,0.7951286435127258,0.9877350926399231,0.012264863587915897,0.012654772959649563,0.998713493347168,0.6014042496681213,0.6037498712539673
109.0,1.0,0.9872016906738281,0.012798789888620377,0.05819863826036453,0.9981003999710083,0.7628613710403442,0.7631661891937256,0.9901964664459229,0.009803715161979198,0.028440073132514954,0.9985034465789795,0.8441947102546692,0.8432902097702026
109.0,2.0,0.9873326420783997,0.012666348367929459,0.058073148131370544,0.9980742335319519,0.8048350811004639,0.8048930764198303,0.9899134635925293,0.010086198337376118,0.025023333728313446,0.9987053871154785,0.6383190155029297,0.6385196447372437
109.0,3.0,0.9861783385276794,0.013821928761899471,0.0560249499976635,0.9981822967529297,0.7602124810218811,0.760452151298523,0.9929955005645752,0.0070045338943600655,0.0417783223092556,0.9981520175933838,0.8365387916564941,0.8361137509346008
109.0,4.0,0.990763247013092,0.009237207472324371,0.030124031007289886,0.99845951795578,0.7587665915489197,0.7587459683418274,0.9817242622375488,0.018275713548064232,0.09804005175828934,0.9976069331169128,0.8160474896430969,0.8163491487503052
110.0,0.0,0.9877541065216064,0.012245860882103443,0.05668284371495247,0.9981212019920349,0.7952640056610107,0.7951306104660034,0.9877358078956604,0.012264084070920944,0.012686748057603836,0.9987131953239441,0.6013889312744141,0.6037544012069702
110.0,1.0,0.9872023463249207,0.012797992676496506,0.05820964649319649,0.9981009364128113,0.7628681063652039,0.7631696462631226,0.9901980757713318,0.00980194378644228,0.028493769466876984,0.9985041618347168,0.844130277633667,0.8432686924934387
110.0,2.0,0.9873350858688354,0.012665272690355778,0.058132756501436234,0.9980727434158325,0.8048179745674133,0.8048934936523438,0.9899141192436218,0.010085627436637878,0.024985775351524353,0.9987046718597412,0.6383135318756104,0.6385176777839661
110.0,3.0,0.9861789345741272,0.013820271007716656,0.05599379166960716,0.9981821775436401,0.7602156400680542,0.7604538798332214,0.9929959177970886,0.007003882434219122,0.04175534471869469,0.9981520175933838,0.8365404605865479,0.8361158967018127
110.0,4.0,0.9907637238502502,0.009236370213329792,0.030106903985142708,0.9984586834907532,0.7587609887123108,0.7587445378303528,0.9817259311676025,0.01827414706349373,0.09799849987030029,0.9976077675819397,0.8160558342933655,0.8163475394248962
111.0,0.0,0.9877544641494751,0.01224496215581894,0.05670067295432091,0.9981223940849304,0.79526686668396,0.7951332330703735,0.9877369403839111,0.012262895703315735,0.012688396498560905,0.9987130761146545,0.6013931632041931,0.6037546992301941
111.0,1.0,0.9872031807899475,0.012796631082892418,0.05818125978112221,0.9981017708778381,0.7628690600395203,0.7631673812866211,0.99019855260849,0.009801004081964493,0.028508421033620834,0.9985041618347168,0.8441557288169861,0.8432855606079102
111.0,2.0,0.9873365759849548,0.012664337642490864,0.058091435581445694,0.998073399066925,0.8048180937767029,0.804892897605896,0.9899145364761353,0.010085073299705982,0.025032108649611473,0.9987046122550964,0.6383134126663208,0.6385185718536377
111.0,3.0,0.9861812591552734,0.0138186514377594,0.05601706728339195,0.998183012008667,0.7602266669273376,0.7604590654373169,0.9929965138435364,0.007003214675933123,0.041799396276474,0.9981516003608704,0.8365325927734375,0.8361148834228516
111.0,4.0,0.9907642006874084,0.009235722944140434,0.03012564592063427,0.9984588027000427,0.7587581276893616,0.758745014667511,0.9817277193069458,0.018272433429956436,0.09806393086910248,0.9976088404655457,0.8160518407821655,0.816353440284729
112.0,0.0,0.9877561926841736,0.012243766337633133,0.05666765198111534,0.9981235265731812,0.7952831983566284,0.7951361536979675,0.9877380132675171,0.012262082658708096,0.01268315501511097,0.9987128973007202,0.601381242275238,0.6037546396255493
112.0,1.0,0.9872045516967773,0.01279568113386631,0.058219000697135925,0.9981021285057068,0.7628592252731323,0.763170599937439,0.9901999235153198,0.00980040617287159,0.02850271202623844,0.9985027313232422,0.8441826105117798,0.8432837724685669
112.0,2.0,0.9873368740081787,0.012662519700825214,0.0580868273973465,0.9980735182762146,0.8048558235168457,0.8049027323722839,0.9899155497550964,0.010084452107548714,0.02506483905017376,0.9987053871154785,0.6383067965507507,0.6385202407836914
112.0,3.0,0.9861833453178406,0.01381760835647583,0.05605001747608185,0.99818354845047,0.7601950168609619,0.7604525685310364,0.9929976463317871,0.0070025501772761345,0.041760679334402084,0.9981517791748047,0.836542010307312,0.8361148834228516
112.0,4.0,0.9907646775245667,0.009234797209501266,0.030077442526817322,0.9984592199325562,0.7587892413139343,0.7587510943412781,0.9817293286323547,0.01827089488506317,0.09808474779129028,0.9976085424423218,0.816045880317688,0.8163531422615051
113.0,0.0,0.9877578020095825,0.012242508120834827,0.056712061166763306,0.9981236457824707,0.795251727104187,0.7951328158378601,0.9877390265464783,0.01226096972823143,0.012688426300883293,0.9987143278121948,0.6013990044593811,0.6037492752075195
113.0,1.0,0.987205445766449,0.012794668786227703,0.058204930275678635,0.9981019496917725,0.7628671526908875,0.7631698846817017,0.9902006983757019,0.009799431078135967,0.028472818434238434,0.9985033273696899,0.8441999554634094,0.843291163444519
113.0,2.0,0.9873382449150085,0.012661713175475597,0.05809022858738899,0.9980736970901489,0.8048348426818848,0.8048961162567139,0.9899157881736755,0.010083915665745735,0.024988433346152306,0.9987056255340576,0.6383256316184998,0.6385230422019958
113.0,3.0,0.9861834049224854,0.013816561549901962,0.05602728947997093,0.9981834292411804,0.7602156400680542,0.7604550123214722,0.9929983019828796,0.007001779042184353,0.041757721453905106,0.9981522560119629,0.8365411162376404,0.8361135721206665
113.0,4.0,0.9907661080360413,0.009234247729182243,0.030118918046355247,0.9984586834907532,0.7587741613388062,0.7587487697601318,0.9817310571670532,0.018269116058945656,0.09807208925485611,0.9976097345352173,0.8160554766654968,0.8163560628890991
114.0,0.0,0.9877581596374512,0.012241581454873085,0.056678250432014465,0.9981223940849304,0.7952791452407837,0.7951369881629944,0.9877393245697021,0.012260639108717442,0.012686368077993393,0.9987125396728516,0.6013845205307007,0.6037440299987793
114.0,1.0,0.9872068166732788,0.012793430127203465,0.058215849101543427,0.9981034994125366,0.7628746628761292,0.763175368309021,0.9902018308639526,0.009798136539757252,0.028513209894299507,0.9985045194625854,0.8441476821899414,0.8432812094688416
114.0,2.0,0.9873399138450623,0.01266084611415863,0.058078281581401825,0.9980734586715698,0.8048325181007385,0.8048983812332153,0.9899175763130188,0.010083015076816082,0.02503291517496109,0.9987053871154785,0.6383121609687805,0.6385202407836914
114.0,3.0,0.9861854910850525,0.013815080747008324,0.05601492524147034,0.9981842041015625,0.7602394223213196,0.7604690790176392,0.9929988980293274,0.007001085206866264,0.041793182492256165,0.9981522560119629,0.836525559425354,0.8361155390739441
114.0,4.0,0.9907671213150024,0.00923311896622181,0.030124466866254807,0.9984590411186218,0.7587460875511169,0.7587474584579468,0.9817318320274353,0.01826845109462738,0.09794493764638901,0.9976093769073486,0.816064715385437,0.8163545727729797
115.0,0.0,0.9877588748931885,0.01224026083946228,0.05665173381567001,0.9981223940849304,0.7952706217765808,0.7951334714889526,0.9877404570579529,0.012259512208402157,0.012657461687922478,0.998714029788971,0.6014007329940796,0.6037482023239136
115.0,1.0,0.9872074723243713,0.012792374938726425,0.05820101872086525,0.998102068901062,0.7628759145736694,0.7631698250770569,0.9902034401893616,0.00979672372341156,0.028498638421297073,0.9985033273696899,0.8441652655601501,0.8432822823524475
115.0,2.0,0.9873404502868652,0.012659124098718166,0.05808613821864128,0.9980748891830444,0.804857611656189,0.8049049377441406,0.9899175763130188,0.010082431137561798,0.02501899190247059,0.9987059831619263,0.6383135914802551,0.6385232210159302
115.0,3.0,0.9861853718757629,0.013814455829560757,0.05603640154004097,0.9981842637062073,0.7602166533470154,0.7604623436927795,0.9930001497268677,0.007000340614467859,0.04177485778927803,0.9981517791748047,0.8365328907966614,0.8361155390739441
115.0,4.0,0.9907669425010681,0.009232254698872566,0.030122919008135796,0.99845951795578,0.7587597370147705,0.7587459683418274,0.9817341566085815,0.01826651021838188,0.09809502214193344,0.9976097941398621,0.8160585165023804,0.8163595795631409
116.0,0.0,0.9877610802650452,0.012239520438015461,0.05669567361474037,0.9981234073638916,0.795282244682312,0.7951401472091675,0.9877417683601379,0.012258424423635006,0.012689018622040749,0.9987145662307739,0.6014042496681213,0.603760302066803
116.0,1.0,0.9872084856033325,0.012791329994797707,0.05821124464273453,0.9981023669242859,0.7628660798072815,0.7631727457046509,0.9902035593986511,0.009795939549803734,0.02845906838774681,0.9985044002532959,0.8442158699035645,0.8432992100715637
116.0,2.0,0.987341582775116,0.012658162042498589,0.05809658765792847,0.9980735182762146,0.804843544960022,0.804900050163269,0.9899181127548218,0.010081753134727478,0.025023844093084335,0.9987064003944397,0.6383180022239685,0.63852459192276
116.0,3.0,0.986186683177948,0.01381291076540947,0.0560552217066288,0.9981834888458252,0.7602234482765198,0.7604638934135437,0.9930002689361572,0.006999691016972065,0.04177707061171532,0.9981523752212524,0.8365349173545837,0.8361154198646545
116.0,4.0,0.9907681345939636,0.009231719188392162,0.03011162579059601,0.9984596967697144,0.758743405342102,0.7587432861328125,0.9817352890968323,0.01826508902013302,0.0979703739285469,0.997610330581665,0.8160724639892578,0.816360592842102
117.0,0.0,0.9877619743347168,0.012238143011927605,0.05665213614702225,0.9981244802474976,0.7952892184257507,0.7951412796974182,0.9877427220344543,0.012257318943738937,0.01268535666167736,0.9987145662307739,0.6013890504837036,0.6037584543228149
117.0,1.0,0.9872094988822937,0.012790457345545292,0.058194223791360855,0.9981032609939575,0.7628670930862427,0.7631719708442688,0.9902059435844421,0.009794524870812893,0.02850053459405899,0.9985042214393616,0.8441576957702637,0.8432834148406982
117.0,2.0,0.9873425364494324,0.012657299637794495,0.05808578431606293,0.9980745911598206,0.8048493266105652,0.8049073815345764,0.9899187088012695,0.010081162676215172,0.025015665218234062,0.9987055659294128,0.638312041759491,0.6385217905044556
117.0,3.0,0.986188530921936,0.013812048360705376,0.0560222826898098,0.9981840252876282,0.7602229118347168,0.7604617476463318,0.9930007457733154,0.006998944561928511,0.04171786457300186,0.9981523752212524,0.8365382552146912,0.8361155986785889
117.0,4.0,0.9907690286636353,0.00923100858926773,0.03008744865655899,0.9984604120254517,0.7587723135948181,0.7587528824806213,0.9817366003990173,0.01826312020421028,0.09802822023630142,0.9976108074188232,0.8160635828971863,0.8163636326789856
118.0,0.0,0.9877622127532959,0.012237376533448696,0.05667798966169357,0.9981235265731812,0.7952807545661926,0.795142412185669,0.9877433180809021,0.01225639320909977,0.012687896378338337,0.9987135529518127,0.6013913750648499,0.6037557125091553
118.0,1.0,0.9872105121612549,0.012789119966328144,0.05817331373691559,0.9981022477149963,0.7628726959228516,0.7631741762161255,0.9902063012123108,0.009793940000236034,0.02851376123726368,0.998504638671875,0.8441885709762573,0.8432924747467041
118.0,2.0,0.987345278263092,0.012655919417738914,0.05811745300889015,0.9980750679969788,0.8048411011695862,0.8049027323722839,0.9899196624755859,0.010080462321639061,0.025017905980348587,0.9987064599990845,0.6383245587348938,0.6385252475738525
118.0,3.0,0.9861888885498047,0.013810653239488602,0.05604858696460724,0.9981845021247864,0.7602230310440063,0.7604612112045288,0.9930015206336975,0.006998388096690178,0.04178917407989502,0.9981526136398315,0.8365359902381897,0.8361165523529053
118.0,4.0,0.9907701015472412,0.009230068884789944,0.030113568529486656,0.9984606504440308,0.758792519569397,0.7587574124336243,0.9817386865615845,0.018261641263961792,0.09810779243707657,0.9976098537445068,0.8160489201545715,0.8163625597953796
119.0,0.0,0.9877630472183228,0.012236019596457481,0.05669843778014183,0.9981247186660767,0.7952759861946106,0.7951422333717346,0.9877443313598633,0.012255778536200523,0.01268911361694336,0.9987140893936157,0.6013907790184021,0.6037573218345642
119.0,1.0,0.9872117042541504,0.012788238003849983,0.058210622519254684,0.9981025457382202,0.7628750205039978,0.7631732821464539,0.9902074933052063,0.009792665019631386,0.028515003621578217,0.9985052943229675,0.8441731333732605,0.8432940244674683
119.0,2.0,0.9873438477516174,0.012654895894229412,0.05811285227537155,0.9980747699737549,0.8048378229141235,0.8049052953720093,0.9899205565452576,0.010079721920192242,0.02502177469432354,0.9987077116966248,0.6383287310600281,0.6385291814804077
119.0,3.0,0.9861898422241211,0.013809479773044586,0.05602649226784706,0.9981847405433655,0.7602347135543823,0.7604677081108093,0.9930022358894348,0.006997603923082352,0.04175233840942383,0.9981536269187927,0.8365389704704285,0.8361183404922485
119.0,4.0,0.9907716512680054,0.009229322895407677,0.03013991005718708,0.99845951795578,0.758755624294281,0.7587457895278931,0.9817401170730591,0.018260469660162926,0.09798210114240646,0.9976111650466919,0.8160741925239563,0.8163642287254333
120.0,0.0,0.9877674579620361,0.012231995351612568,0.05665013939142227,0.9981247186660767,0.7952945828437805,0.795143723487854,0.9877461194992065,0.012253995053470135,0.012687965296208858,0.9987148642539978,0.6014057397842407,0.6037517786026001
120.0,1.0,0.9872149229049683,0.012785106897354126,0.058165013790130615,0.9981032013893127,0.762880802154541,0.763176679611206,0.9902085661888123,0.009791339747607708,0.028493545949459076,0.9985042810440063,0.8442111015319824,0.8432982563972473
120.0,2.0,0.9873489737510681,0.012650740332901478,0.05806802213191986,0.9980757236480713,0.804855227470398,0.8049061894416809,0.989920973777771,0.010079193860292435,0.025023197755217552,0.9987066984176636,0.6383287906646729,0.6385260224342346
120.0,3.0,0.9861943125724792,0.013805707916617393,0.05600839480757713,0.9981847405433655,0.7602434158325195,0.7604688405990601,0.9930027723312378,0.006997165735810995,0.04174959659576416,0.9981541037559509,0.8365466594696045,0.8361194729804993
120.0,4.0,0.9907731413841248,0.009226555936038494,0.030111031606793404,0.998460054397583,0.7587912082672119,0.7587546706199646,0.9817402362823486,0.018259860575199127,0.09800278395414352,0.9976105093955994,0.8160690665245056,0.8163639903068542
121.0,0.0,0.9877684712409973,0.012231937609612942,0.05666505917906761,0.9981248378753662,0.7952960133552551,0.7951456308364868,0.987746000289917,0.012254024855792522,0.01268753781914711,0.9987135529518127,0.6013972163200378,0.603747546672821
121.0,1.0,0.9872146248817444,0.01278507336974144,0.0581749752163887,0.9981050491333008,0.7628795504570007,0.7631780505180359,0.9902079701423645,0.009791642427444458,0.028507277369499207,0.998504638671875,0.844211757183075,0.843300461769104
121.0,2.0,0.9873486161231995,0.012650690972805023,0.05807210132479668,0.9980762004852295,0.8048573732376099,0.8049097657203674,0.9899209141731262,0.010079236701130867,0.02502252906560898,0.9987059831619263,0.6383286714553833,0.6385251879692078
121.0,3.0,0.9861939549446106,0.013805550523102283,0.056004319339990616,0.9981846809387207,0.7602425813674927,0.7604684233665466,0.9930024743080139,0.006997158285230398,0.04174823313951492,0.9981542229652405,0.8365471363067627,0.8361201882362366
121.0,4.0,0.990773618221283,0.00922648049890995,0.03011087141931057,0.9984599947929382,0.7587924003601074,0.7587569952011108,0.9817408323287964,0.018259884789586067,0.09800972044467926,0.9976116418838501,0.8160695433616638,0.8163665533065796
122.0,0.0,0.9877680540084839,0.012231742031872272,0.05666879937052727,0.9981244802474976,0.7952914237976074,0.7951445579528809,0.9877461791038513,0.012253801338374615,0.012687520124018192,0.9987141489982605,0.6013973355293274,0.6037483215332031
122.0,1.0,0.9872140288352966,0.012784956954419613,0.05817732959985733,0.9981042146682739,0.7628775835037231,0.763177752494812,0.9902084469795227,0.009791593998670578,0.028507398441433907,0.9985045790672302,0.84421306848526,0.8433021306991577
122.0,2.0,0.9873486757278442,0.01265066210180521,0.05808001756668091,0.9980764389038086,0.8048579692840576,0.8049106597900391,0.9899210333824158,0.01007906999439001,0.025022856891155243,0.9987073540687561,0.6383298635482788,0.6385272741317749
122.0,3.0,0.9861942529678345,0.013805474154651165,0.056018609553575516,0.998185396194458,0.7602439522743225,0.7604697346687317,0.9930030107498169,0.006997112184762955,0.04174778237938881,0.9981541037559509,0.8365461826324463,0.836119532585144
122.0,4.0,0.9907737374305725,0.009226517751812935,0.030101511627435684,0.9984601736068726,0.7587904930114746,0.7587568759918213,0.9817401766777039,0.01825977861881256,0.09801677614450455,0.9976107478141785,0.8160688877105713,0.8163648843765259
123.0,0.0,0.9877668619155884,0.012231821194291115,0.05668115243315697,0.9981250166893005,0.7952949404716492,0.7951460480690002,0.9877461791038513,0.012254057452082634,0.012687891721725464,0.9987148642539978,0.6013990640640259,0.6037506461143494
123.0,1.0,0.9872143268585205,0.012784969992935658,0.05818004906177521,0.9981040358543396,0.7628782987594604,0.763177752494812,0.9902081489562988,0.009791649878025055,0.028507113456726074,0.9985049962997437,0.8442138433456421,0.8433018326759338
123.0,2.0,0.9873496890068054,0.012650590389966965,0.058082159608602524,0.9980757236480713,0.8048576712608337,0.8049097061157227,0.9899211525917053,0.01007918082177639,0.02502244897186756,0.9987062215805054,0.6383289098739624,0.6385265588760376
123.0,3.0,0.9861945509910583,0.013805502094328403,0.05601988732814789,0.998184859752655,0.7602419257164001,0.7604694962501526,0.9930026531219482,0.006997097749263048,0.04172142967581749,0.9981545209884644,0.8365470767021179,0.8361213207244873
123.0,4.0,0.9907734394073486,0.009226318448781967,0.030100664123892784,0.9984609484672546,0.758791983127594,0.7587569952011108,0.9817406535148621,0.018259655684232712,0.0980677530169487,0.9976112246513367,0.8160688281059265,0.816361129283905
124.0,0.0,0.9877685904502869,0.012231658212840557,0.056675300002098083,0.9981242418289185,0.7952943444252014,0.7951461672782898,0.9877457022666931,0.01225410308688879,0.012688113376498222,0.9987142086029053,0.6013990044593811,0.6037493348121643
124.0,1.0,0.9872149229049683,0.01278492622077465,0.05818479135632515,0.9981041550636292,0.7628790140151978,0.7631765604019165,0.9902083873748779,0.009791688993573189,0.028507070615887642,0.9985045790672302,0.844208836555481,0.8432994484901428
124.0,2.0,0.9873490929603577,0.012650599703192711,0.05808165669441223,0.9980760216712952,0.8048577904701233,0.8049090504646301,0.9899207353591919,0.010079081170260906,0.02502238191664219,0.9987066984176636,0.6383286118507385,0.6385266184806824
124.0,3.0,0.9861945509910583,0.013805515132844448,0.056016791611909866,0.998184859752655,0.7602402567863464,0.7604682445526123,0.9930028915405273,0.006997033022344112,0.04172077775001526,0.9981542229652405,0.8365462422370911,0.8361146450042725
124.0,4.0,0.9907727837562561,0.009226418100297451,0.030101219192147255,0.9984607100486755,0.7587900161743164,0.7587561011314392,0.9817403554916382,0.018259556964039803,0.09805736690759659,0.9976109266281128,0.8160670399665833,0.8163652420043945
125.0,0.0,0.9877683520317078,0.012231698259711266,0.056671448051929474,0.998123288154602,0.7952925562858582,0.7951450943946838,0.9877458810806274,0.012254132889211178,0.01268801186233759,0.9987140893936157,0.6013972759246826,0.6037484407424927
125.0,1.0,0.987214982509613,0.012784849852323532,0.058194682002067566,0.9981038570404053,0.7628775835037231,0.7631776332855225,0.9902085065841675,0.009791644290089607,0.028507225215435028,0.9985049962997437,0.8442116975784302,0.8433002829551697
125.0,2.0,0.9873499870300293,0.012650576420128345,0.05808575823903084,0.9980752468109131,0.8048555254936218,0.804909884929657,0.989920973777771,0.010079102590680122,0.025022000074386597,0.9987070560455322,0.6383286714553833,0.6385265588760376
125.0,3.0,0.9861944317817688,0.013805526308715343,0.056031353771686554,0.9981849193572998,0.7602401375770569,0.7604689002037048,0.9930030107498169,0.006997099611908197,0.041733209043741226,0.9981535077095032,0.8365433812141418,0.8361184597015381
125.0,4.0,0.990773618221283,0.009226378053426743,0.030105318874120712,0.998461127281189,0.758790910243988,0.7587571740150452,0.9817405939102173,0.018259640783071518,0.09806815534830093,0.9976112842559814,0.8160695433616638,0.8163641095161438
126.0,0.0,0.9877680540084839,0.012231665663421154,0.056672222912311554,0.9981251358985901,0.7952927350997925,0.7951458096504211,0.9877456426620483,0.012254249304533005,0.012687965296208858,0.9987137317657471,0.6013972759246826,0.6037485599517822
126.0,1.0,0.9872158169746399,0.012784823775291443,0.05819772556424141,0.9981032609939575,0.7628767490386963,0.7631750106811523,0.9902079701423645,0.00979153998196125,0.028507353737950325,0.9985052347183228,0.8442114591598511,0.8433002829551697
126.0,2.0,0.9873499870300293,0.01265048235654831,0.058090727776288986,0.9980759024620056,0.8048571348190308,0.8049107193946838,0.9899211525917053,0.010078978724777699,0.025022372603416443,0.9987073540687561,0.6383289098739624,0.6385284066200256
126.0,3.0,0.9861944317817688,0.01380551140755415,0.05602511018514633,0.9981849789619446,0.7602388262748718,0.7604702115058899,0.9930025339126587,0.006997032091021538,0.04173226282000542,0.998153030872345,0.8365437388420105,0.8361174464225769
126.0,4.0,0.9907732009887695,0.009226327762007713,0.03010016866028309,0.9984599351882935,0.7587881088256836,0.7587547898292542,0.9817406535148621,0.018259378150105476,0.09808209538459778,0.997611403465271,0.8160662651062012,0.8163663148880005
127.0,0.0,0.9877680540084839,0.01223168894648552,0.05669190734624863,0.9981251358985901,0.7952927947044373,0.7951449751853943,0.9877455830574036,0.012254179455339909,0.012687678448855877,0.9987143278121948,0.6013973951339722,0.6037493348121643
127.0,1.0,0.9872158169746399,0.012784863822162151,0.058200638741254807,0.9981034994125366,0.762876570224762,0.763175904750824,0.990208089351654,0.009791560471057892,0.028506038710474968,0.9985048770904541,0.844208836555481,0.8433007597923279
127.0,2.0,0.9873493909835815,0.01265041995793581,0.058094851672649384,0.9980758428573608,0.804850697517395,0.804909884929657,0.9899209141731262,0.010079015977680683,0.02502220869064331,0.9987067580223083,0.6383287310600281,0.6385264992713928
127.0,3.0,0.9861939549446106,0.013805353082716465,0.056039564311504364,0.9981843829154968,0.7602401971817017,0.7604696154594421,0.993003249168396,0.00699701439589262,0.0417322963476181,0.9981539845466614,0.8365437388420105,0.8361181020736694
127.0,4.0,0.9907748103141785,0.00922635942697525,0.030108561739325523,0.9984602332115173,0.7587890028953552,0.758756697177887,0.9817408323287964,0.018259365111589432,0.09807956218719482,0.9976112246513367,0.8160659670829773,0.8163626790046692
128.0,0.0,0.9877678155899048,0.012231552042067051,0.05669369548559189,0.9981248378753662,0.7952934503555298,0.795146644115448,0.9877457022666931,0.012254146859049797,0.012687614187598228,0.9987137913703918,0.6013954877853394,0.6037482619285583
128.0,1.0,0.9872152805328369,0.012784742750227451,0.058198485523462296,0.9981047511100769,0.762876033782959,0.7631775140762329,0.9902083277702332,0.009791466407477856,0.02850586734712124,0.9985048770904541,0.8442083597183228,0.8433011770248413
128.0,2.0,0.9873496890068054,0.012650431133806705,0.058095309883356094,0.9980753064155579,0.8048547506332397,0.8049089312553406,0.9899211525917053,0.010079018771648407,0.02502194419503212,0.9987072944641113,0.6383287906646729,0.6385278701782227
128.0,3.0,0.9861939549446106,0.013805319555103779,0.05603161081671715,0.9981846809387207,0.7602398991584778,0.7604691982269287,0.9930030107498169,0.006997072137892246,0.04174501821398735,0.998153030872345,0.836543083190918,0.8361117243766785
128.0,4.0,0.9907731413841248,0.009226354770362377,0.03009970672428608,0.9984598159790039,0.7587873339653015,0.7587553858757019,0.981740415096283,0.018259260803461075,0.0980885922908783,0.9976112246513367,0.8160651922225952,0.8163654804229736
129.0,0.0,0.987768828868866,0.01223151944577694,0.056687500327825546,0.9981252551078796,0.7952941060066223,0.7951451539993286,0.9877458810806274,0.01225389912724495,0.01268764678388834,0.9987142086029053,0.6013956665992737,0.603757917881012
129.0,1.0,0.9872149229049683,0.012784678488969803,0.05820620805025101,0.9981046319007874,0.7628771662712097,0.763176679611206,0.9902080297470093,0.00979179423302412,0.028505971655249596,0.9985050559043884,0.8442103266716003,0.8433008193969727
129.0,2.0,0.9873494505882263,0.012650311924517155,0.05808231234550476,0.9980759024620056,0.8048553466796875,0.8049115538597107,0.9899210333824158,0.010079024359583855,0.025021469220519066,0.9987066388130188,0.6383286714553833,0.6385262608528137
129.0,3.0,0.9861950874328613,0.013805133290588856,0.0560343861579895,0.9981845617294312,0.7602386474609375,0.760470449924469,0.9930030107498169,0.006997003220021725,0.0417318120598793,0.9981541037559509,0.8365447521209717,0.8361190557479858
129.0,4.0,0.9907739162445068,0.009226275607943535,0.0301080159842968,0.9984604120254517,0.7587870955467224,0.7587555050849915,0.9817406535148621,0.01825922727584839,0.09810644388198853,0.9976116418838501,0.8160651922225952,0.8163652420043945
130.0,0.0,0.9877689480781555,0.012231392785906792,0.05669671297073364,0.9981250166893005,0.795292854309082,0.7951447367668152,0.9877458214759827,0.012254048138856888,0.012687287293374538,0.998714029788971,0.6013931035995483,0.6037566661834717
130.0,1.0,0.987214982509613,0.012784495949745178,0.05819419026374817,0.9981046319007874,0.7628768682479858,0.7631776332855225,0.9902085065841675,0.0097913583740592,0.028504928573966026,0.9985051155090332,0.8442078232765198,0.84330153465271
130.0,2.0,0.9873496890068054,0.012650256976485252,0.058092206716537476,0.998075544834137,0.804855465888977,0.8049099445343018,0.9899212121963501,0.01007895078510046,0.02502191998064518,0.9987066984176636,0.6383288502693176,0.6385270953178406
130.0,3.0,0.9861943125724792,0.013805174268782139,0.05604148656129837,0.9981854557991028,0.7602392435073853,0.7604703903198242,0.9930027723312378,0.006996958516538143,0.0417315736413002,0.9981536269187927,0.8365435600280762,0.8361185193061829
130.0,4.0,0.9907739162445068,0.00922625046223402,0.030103398486971855,0.9984602332115173,0.7587878108024597,0.7587556838989258,0.9817409515380859,0.018258802592754364,0.0980810895562172,0.9976117014884949,0.8160664439201355,0.8163639903068542
131.0,0.0,0.9877685904502869,0.01223130151629448,0.056690629571676254,0.9981242418289185,0.7952942848205566,0.7951450943946838,0.9877459406852722,0.012253830209374428,0.012687545269727707,0.9987143874168396,0.6013956665992737,0.6037579774856567
131.0,1.0,0.9872150421142578,0.012784457765519619,0.05820588767528534,0.9981043934822083,0.7628775238990784,0.7631773352622986,0.9902088046073914,0.009791398420929909,0.02850518934428692,0.9985051155090332,0.8442098498344421,0.8433006405830383
131.0,2.0,0.9873496890068054,0.012650121934711933,0.05807856097817421,0.9980757832527161,0.8048558831214905,0.8049085736274719,0.9899213314056396,0.010079036466777325,0.025021808221936226,0.9987071752548218,0.638327419757843,0.6385270953178406
131.0,3.0,0.9861949682235718,0.013805080205202103,0.05602635443210602,0.9981856346130371,0.7602410912513733,0.7604708671569824,0.993003249168396,0.006996854208409786,0.04171881824731827,0.9981532692909241,0.8365440964698792,0.8361133337020874
131.0,4.0,0.9907742142677307,0.009226171299815178,0.030103718861937523,0.9984606504440308,0.7587885856628418,0.7587576508522034,0.9817414283752441,0.018258903175592422,0.09807632118463516,0.9976112246513367,0.8160667419433594,0.8163672685623169
132.0,0.0,0.987768828868866,0.012231312692165375,0.05667593702673912,0.9981244802474976,0.7952929735183716,0.7951468229293823,0.9877463579177856,0.01225363090634346,0.012687922455370426,0.9987148642539978,0.6013957262039185,0.6037588715553284
132.0,1.0,0.9872164726257324,0.012784497812390327,0.05819466710090637,0.9981046319007874,0.7628781199455261,0.7631800770759583,0.9902084469795227,0.009791289456188679,0.028505515307188034,0.998504638671875,0.8442074656486511,0.8433001637458801
132.0,2.0,0.9873492121696472,0.0126500790938735,0.058097634464502335,0.9980753064155579,0.804855227470398,0.8049085736274719,0.9899207949638367,0.010078975930809975,0.02502158097922802,0.9987065196037292,0.6383286714553833,0.638526439666748
132.0,3.0,0.986194372177124,0.013805126771330833,0.05602945759892464,0.9981856346130371,0.7602397203445435,0.7604714632034302,0.9930036067962646,0.006996860262006521,0.04173140600323677,0.9981531500816345,0.8365435004234314,0.8361116647720337
132.0,4.0,0.9907742142677307,0.009226192720234394,0.030094431713223457,0.9984606504440308,0.758786678314209,0.7587563991546631,0.9817413687705994,0.01825888454914093,0.09806974232196808,0.997612714767456,0.816068172454834,0.8163677453994751
133.0,0.0,0.987768292427063,0.012231175787746906,0.05668988823890686,0.9981251358985901,0.7952922582626343,0.7951479554176331,0.9877464771270752,0.012253707274794579,0.012687686830759048,0.9987144470214844,0.6013931632041931,0.6037575006484985
133.0,1.0,0.9872154593467712,0.01278436928987503,0.05820760875940323,0.9981034398078918,0.7628758549690247,0.7631774544715881,0.9902090430259705,0.009791379794478416,0.028504906222224236,0.9985048770904541,0.8442041873931885,0.8432996869087219
133.0,2.0,0.9873496890068054,0.012650089338421822,0.05809486657381058,0.998075008392334,0.804854154586792,0.8049086928367615,0.9899213314056396,0.010078980587422848,0.025021342560648918,0.9987067580223083,0.6383287906646729,0.6385272741317749
133.0,3.0,0.9861944317817688,0.013804947957396507,0.056029677391052246,0.9981856346130371,0.760240375995636,0.7604727149009705,0.993003249168396,0.006996821612119675,0.04170587286353111,0.9981533885002136,0.8365433216094971,0.8361184597015381
133.0,4.0,0.9907733798027039,0.009226186200976372,0.030103659257292747,0.9984606504440308,0.7587874531745911,0.7587583661079407,0.9817411303520203,0.018258605152368546,0.0980878621339798,0.9976125955581665,0.8160702586174011,0.8163717985153198
134.0,0.0,0.9877699017524719,0.01223111804574728,0.056693196296691895,0.9981247186660767,0.7952949404716492,0.7951478362083435,0.9877463579177856,0.012253769673407078,0.012687655165791512,0.998714029788971,0.6013929843902588,0.6037575006484985
134.0,1.0,0.9872154593467712,0.012784378603100777,0.05820751190185547,0.9981043934822083,0.7628756761550903,0.7631781101226807,0.9902088046073914,0.009791112504899502,0.02850513719022274,0.9985051155090332,0.8442062735557556,0.8433020710945129
134.0,2.0,0.9873499870300293,0.01265008095651865,0.05808534473180771,0.9980751276016235,0.8048544526100159,0.8049106001853943,0.9899213314056396,0.010079016909003258,0.02502145618200302,0.9987067580223083,0.6383287906646729,0.6385272741317749
134.0,3.0,0.9861945509910583,0.013804934918880463,0.05604516714811325,0.9981858730316162,0.760238766670227,0.7604711055755615,0.9930028915405273,0.00699684489518404,0.04173194244503975,0.9981533885002136,0.8365428447723389,0.8361184000968933
134.0,4.0,0.9907731413841248,0.009226116351783276,0.030103355646133423,0.998460054397583,0.7587859630584717,0.758756697177887,0.981742262840271,0.01825854741036892,0.09806874394416809,0.9976116418838501,0.8160668015480042,0.8163673877716064
135.0,0.0,0.9877687096595764,0.01223110780119896,0.05668998882174492,0.9981248378753662,0.7952937483787537,0.7951478362083435,0.9877462983131409,0.012253554537892342,0.012687639333307743,0.9987145066261292,0.6013933420181274,0.6037576794624329
135.0,1.0,0.9872153997421265,0.012784346006810665,0.05819094553589821,0.9981047511100769,0.7628769874572754,0.7631775736808777,0.9902082085609436,0.009791241958737373,0.028505457565188408,0.9985052347183228,0.844206690788269,0.843300461769104
135.0,2.0,0.9873495697975159,0.012649930082261562,0.058083426207304,0.9980756640434265,0.8048542141914368,0.8049113154411316,0.9899213910102844,0.010078955441713333,0.025021011009812355,0.9987075924873352,0.6383301019668579,0.6385287642478943
135.0,3.0,0.9861943125724792,0.013804720714688301,0.05602917820215225,0.9981850981712341,0.760237991809845,0.7604709267616272,0.9930031299591064,0.006996826268732548,0.04173095151782036,0.9981536269187927,0.8365432620048523,0.8361179232597351
135.0,4.0,0.990774393081665,0.00922607071697712,0.03010798618197441,0.9984599947929382,0.7587857246398926,0.758755624294281,0.9817416071891785,0.018258456140756607,0.09806503355503082,0.9976116418838501,0.8160645961761475,0.8163670301437378
136.0,0.0,0.9877687096595764,0.012230991385877132,0.056702107191085815,0.998124361038208,0.795290470123291,0.7951467633247375,0.98774653673172,0.012253538705408573,0.012687698937952518,0.9987140893936157,0.6013956665992737,0.603757917881012
136.0,1.0,0.9872154593467712,0.01278430875390768,0.05819079652428627,0.9981042146682739,0.7628775238990784,0.7631798386573792,0.99020916223526,0.009791083633899689,0.028505636379122734,0.9985049962997437,0.8442069888114929,0.8432992100715637
136.0,2.0,0.9873502254486084,0.012649819254875183,0.05809963122010231,0.9980760812759399,0.8048532605171204,0.8049109578132629,0.9899210333824158,0.010078886523842812,0.025020889937877655,0.9987069368362427,0.6383261680603027,0.6385271549224854
136.0,3.0,0.9861952066421509,0.013804753310978413,0.056041017174720764,0.9981855750083923,0.7602384686470032,0.7604712247848511,0.9930030107498169,0.006996817886829376,0.04171895980834961,0.9981529712677002,0.8365437984466553,0.8361186385154724
136.0,4.0,0.9907734394073486,0.009225987829267979,0.030090326443314552,0.9984601736068726,0.758787214756012,0.7587575912475586,0.9817417860031128,0.018258243799209595,0.09807582944631577,0.9976121187210083,0.8160659670829773,0.8163670301437378
137.0,0.0,0.9877684712409973,0.01223104540258646,0.05667944997549057,0.9981249570846558,0.7952919006347656,0.7951454520225525,0.9877465963363647,0.012253275141119957,0.01268729381263256,0.9987145066261292,0.6013931035995483,0.6037584543228149
137.0,1.0,0.9872144460678101,0.012784120626747608,0.058197230100631714,0.9981041550636292,0.7628749012947083,0.7631783485412598,0.9902090430259705,0.00979115255177021,0.028505388647317886,0.9985049962997437,0.8442080020904541,0.8433005213737488
137.0,2.0,0.9873499274253845,0.012649837881326675,0.05809049680829048,0.9980757832527161,0.8048532605171204,0.8049092292785645,0.9899215698242188,0.010078930296003819,0.025021102279424667,0.9987068772315979,0.6383276581764221,0.6385272741317749
137.0,3.0,0.9861956834793091,0.013804765418171883,0.056038130074739456,0.9981849789619446,0.7602402567863464,0.7604717016220093,0.9930034875869751,0.006996716372668743,0.04169334098696709,0.9981536269187927,0.836542010307312,0.8361178636550903
137.0,4.0,0.9907736778259277,0.009225877933204174,0.030090847983956337,0.9984608888626099,0.7587852478027344,0.7587566375732422,0.9817426204681396,0.01825813204050064,0.09808038175106049,0.997611403465271,0.8160645961761475,0.8163660764694214
138.0,0.0,0.987768828868866,0.012230903841555119,0.056690603494644165,0.9981244802474976,0.7952919006347656,0.7951455116271973,0.9877467751502991,0.012253271415829659,0.012687568552792072,0.9987145662307739,0.6013956665992737,0.6037589311599731
138.0,1.0,0.9872156977653503,0.012784089893102646,0.05820956081151962,0.9981037378311157,0.7628749012947083,0.7631759643554688,0.9902088642120361,0.009791278280317783,0.028505437076091766,0.9985046982765198,0.844205379486084,0.8432994484901428
138.0,2.0,0.9873502850532532,0.012649676762521267,0.05810539051890373,0.9980751276016235,0.8048526048660278,0.8049107193946838,0.9899215698242188,0.0100788539275527,0.025021476671099663,0.9987066984176636,0.6383274793624878,0.6385263800621033
138.0,3.0,0.9861950278282166,0.013804650865495205,0.05603284388780594,0.9981850981712341,0.7602379322052002,0.7604706287384033,0.9930034875869751,0.006996688898652792,0.04170602560043335,0.9981532692909241,0.8365424275398254,0.8361172080039978
138.0,4.0,0.9907742142677307,0.009225944057106972,0.03009972721338272,0.9984598159790039,0.7587875723838806,0.7587564587593079,0.9817416071891785,0.0182582288980484,0.09808749705553055,0.9976122379302979,0.8160643577575684,0.8163663148880005
139.0,0.0,0.9877690672874451,0.01223086565732956,0.056686051189899445,0.998124361038208,0.795290470123291,0.7951471209526062,0.98774653673172,0.012253092601895332,0.0126871969550848,0.9987141489982605,0.6013913154602051,0.6037576198577881
139.0,1.0,0.9872152209281921,0.012784046120941639,0.05819793418049812,0.9981037378311157,0.7628765106201172,0.7631790637969971,0.9902091026306152,0.00979101937264204,0.028504669666290283,0.9985057711601257,0.8442100286483765,0.843302845954895
139.0,2.0,0.987348735332489,0.012649678625166416,0.05808636546134949,0.9980756044387817,0.8048546314239502,0.8049113750457764,0.9899213314056396,0.010078944265842438,0.02502099797129631,0.9987066388130188,0.6383259892463684,0.6385252475738525
139.0,3.0,0.98619544506073,0.013804569840431213,0.056054312735795975,0.9981856346130371,0.7602367401123047,0.760470986366272,0.9930033683776855,0.00699661485850811,0.04170500859618187,0.9981532692909241,0.836542010307312,0.8361181616783142
139.0,4.0,0.9907736778259277,0.009225942194461823,0.030094865709543228,0.9984605312347412,0.7587863802909851,0.7587571740150452,0.981742262840271,0.01825793832540512,0.0980837270617485,0.997611403465271,0.8160662055015564,0.8163673877716064
140.0,0.0,0.9877684712409973,0.012230881489813328,0.05669167637825012,0.9981245994567871,0.7952904105186462,0.7951471209526062,0.9877466559410095,0.01225325372070074,0.012687419541180134,0.998714804649353,0.6013956069946289,0.6037588715553284
140.0,1.0,0.9872153997421265,0.012784001417458057,0.058203764259815216,0.9981034994125366,0.7628743052482605,0.7631783485412598,0.9902085661888123,0.009791078045964241,0.028505444526672363,0.9985055923461914,0.844204306602478,0.8433013558387756
140.0,2.0,0.9873498678207397,0.01264963485300541,0.05809596925973892,0.9980746507644653,0.8048521280288696,0.804908275604248,0.9899211525917053,0.01007882971316576,0.025020986795425415,0.9987073540687561,0.6383287906646729,0.63852858543396
140.0,3.0,0.9861955642700195,0.013804513029754162,0.05604088678956032,0.9981852173805237,0.7602384686470032,0.7604708075523376,0.993003249168396,0.006996626034379005,0.041731178760528564,0.9981527328491211,0.8365404605865479,0.8361168503761292
140.0,4.0,0.9907744526863098,0.009225853718817234,0.030103376135230064,0.9984596967697144,0.7587859034538269,0.7587568759918213,0.9817423224449158,0.018258020281791687,0.09810178726911545,0.997611939907074,0.8160642981529236,0.8163692951202393
141.0,0.0,0.9877681732177734,0.012230812571942806,0.0566752627491951,0.9981245994567871,0.7952908873558044,0.7951465845108032,0.9877465963363647,0.012253408320248127,0.012687508948147297,0.9987140893936157,0.6013931035995483,0.6037575602531433
141.0,1.0,0.9872157573699951,0.012783851474523544,0.05819054692983627,0.9981033205986023,0.7628753185272217,0.7631791830062866,0.9902085065841675,0.009791086427867413,0.028505884110927582,0.9985049366950989,0.8442078232765198,0.8433006405830383
141.0,2.0,0.9873501062393188,0.012649603188037872,0.05809951573610306,0.9980751276016235,0.8048516511917114,0.8049110174179077,0.9899213910102844,0.010078809224069118,0.025021279230713844,0.998707115650177,0.6383302211761475,0.6385272741317749
141.0,3.0,0.9861957430839539,0.01380446832627058,0.056035131216049194,0.998185396194458,0.760238766670227,0.7604706883430481,0.9930031299591064,0.006996573880314827,0.041731350123882294,0.9981532692909241,0.8365417122840881,0.8361176252365112
141.0,4.0,0.9907733798027039,0.009225888177752495,0.030099432915449142,0.9984599351882935,0.7587863802909851,0.758755624294281,0.9817415475845337,0.018257971853017807,0.09808571636676788,0.9976117014884949,0.8160638213157654,0.8163663744926453
142.0,0.0,0.9877693057060242,0.01223081536591053,0.05667531117796898,0.9981249570846558,0.7952904105186462,0.7951461672782898,0.98774653673172,0.012253371998667717,0.012688039802014828,0.9987143278121948,0.6013931632041931,0.6037575602531433
142.0,1.0,0.9872158765792847,0.012783893384039402,0.058199118822813034,0.9981043338775635,0.7628771662712097,0.7631784081459045,0.9902090430259705,0.009790919721126556,0.02850613184273243,0.9985048770904541,0.8442016839981079,0.8432981371879578
142.0,2.0,0.987350583076477,0.012649445794522762,0.058098699897527695,0.998075544834137,0.8048519492149353,0.8049110174179077,0.9899207949638367,0.010078910738229752,0.025021295994520187,0.9987066388130188,0.6383276581764221,0.6385266780853271
142.0,3.0,0.9861948490142822,0.013804479502141476,0.05603049695491791,0.9981856346130371,0.7602379322052002,0.7604714632034302,0.993003249168396,0.006996592041105032,0.041718509048223495,0.9981528520584106,0.8365407586097717,0.8361172080039978
142.0,4.0,0.9907737374305725,0.009225876070559025,0.030090568587183952,0.9984601736068726,0.758787214756012,0.7587571144104004,0.9817423820495605,0.018257811665534973,0.09806762635707855,0.9976114630699158,0.8160631060600281,0.8163648843765259
143.0,0.0,0.9877689480781555,0.012230727821588516,0.05669652298092842,0.9981242418289185,0.7952899932861328,0.7951459288597107,0.9877466559410095,0.012253315187990665,0.012687550857663155,0.9987137913703918,0.6013913154602051,0.6037566661834717
143.0,1.0,0.9872164726257324,0.012783889658749104,0.05818871408700943,0.9981043338775635,0.7628753185272217,0.7631790041923523,0.9902088642120361,0.0097909951582551,0.028505338355898857,0.9985043406486511,0.8442023396492004,0.8432977795600891
143.0,2.0,0.9873502254486084,0.01264948584139347,0.058088477700948715,0.9980751276016235,0.804853081703186,0.8049089312553406,0.9899218678474426,0.010078690014779568,0.0250213835388422,0.9987071752548218,0.6383314728736877,0.6385279297828674
143.0,3.0,0.9861955046653748,0.013804278336465359,0.05603834614157677,0.9981853365898132,0.7602395415306091,0.7604712247848511,0.9930034875869751,0.00699659576639533,0.04170621559023857,0.9981527328491211,0.8365412950515747,0.8361122012138367
143.0,4.0,0.9907750487327576,0.009225891903042793,0.03009970113635063,0.9984609484672546,0.7587884068489075,0.758756160736084,0.9817415475845337,0.01825777068734169,0.09805245697498322,0.9976115226745605,0.8160669803619385,0.8163679838180542
144.0,0.0,0.9877695441246033,0.01223069615662098,0.05668492242693901,0.9981245994567871,0.7952941656112671,0.7951452136039734,0.9877462983131409,0.01225339900702238,0.012687782756984234,0.9987150430679321,0.6014002561569214,0.6037602424621582
144.0,1.0,0.9872166514396667,0.012783749029040337,0.05819229781627655,0.9981046319007874,0.7628785371780396,0.7631798982620239,0.9902088642120361,0.009791085496544838,0.028506288304924965,0.998504638671875,0.8442023992538452,0.8432976603507996
144.0,2.0,0.9873499274253845,0.012649476528167725,0.05809991434216499,0.9980759620666504,0.8048508167266846,0.8049103617668152,0.9899213910102844,0.010078717954456806,0.025021664798259735,0.9987066388130188,0.6383286714553833,0.6385263800621033
144.0,3.0,0.9861952066421509,0.01380438357591629,0.056023843586444855,0.9981856346130371,0.7602389454841614,0.7604707479476929,0.9930037260055542,0.00699659576639533,0.04171876981854439,0.9981533885002136,0.8365427851676941,0.836118221282959
144.0,4.0,0.9907733798027039,0.009225914254784584,0.030095206573605537,0.998461127281189,0.758788526058197,0.7587583661079407,0.9817418456077576,0.018257712945342064,0.0980943888425827,0.9976112842559814,0.8160664439201355,0.81636643409729
145.0,0.0,0.9877687096595764,0.012230626307427883,0.05668967217206955,0.9981236457824707,0.7952909469604492,0.7951463460922241,0.9877467751502991,0.01225332822650671,0.012687687762081623,0.998714804649353,0.6013950109481812,0.6037583947181702
145.0,1.0,0.987214982509613,0.012783719226717949,0.058192335069179535,0.9981035590171814,0.7628745436668396,0.7631787061691284,0.9902092218399048,0.009791073389351368,0.02850598841905594,0.9985042810440063,0.8442007899284363,0.843296229839325
145.0,2.0,0.9873499274253845,0.012649355456233025,0.05809588357806206,0.9980761408805847,0.8048524856567383,0.8049103617668152,0.9899211525917053,0.010078685358166695,0.025021784007549286,0.9987073540687561,0.638331413269043,0.6385284662246704
145.0,3.0,0.9861956834793091,0.013804365880787373,0.05604146793484688,0.9981852769851685,0.7602384090423584,0.7604714035987854,0.9930033683776855,0.006996595300734043,0.041705138981342316,0.9981531500816345,0.8365424275398254,0.8361128568649292
145.0,4.0,0.9907738566398621,0.009225844405591488,0.030094383284449577,0.99845951795578,0.7587822675704956,0.7587530612945557,0.9817428588867188,0.018257668241858482,0.09809443354606628,0.9976122379302979,0.8160675168037415,0.8163689970970154
146.0,0.0,0.9877685904502869,0.01223061140626669,0.05669667571783066,0.9981245994567871,0.7952890396118164,0.7951443791389465,0.9877464771270752,0.012253348715603352,0.012687843292951584,0.9987137913703918,0.6013931035995483,0.6037566661834717
146.0,1.0,0.9872158765792847,0.012783769518136978,0.05819212645292282,0.9981047511100769,0.7628785967826843,0.7631784677505493,0.9902088642120361,0.00979099702090025,0.02850509062409401,0.9985045790672302,0.8442003726959229,0.8432972431182861
146.0,2.0,0.9873502254486084,0.012649365700781345,0.05809883773326874,0.9980742931365967,0.8048518300056458,0.8049094080924988,0.9899213314056396,0.010078619234263897,0.02502170391380787,0.9987074136734009,0.6383315920829773,0.6385285258293152
146.0,3.0,0.9861956834793091,0.013804172165691853,0.05603693425655365,0.9981856346130371,0.7602388858795166,0.7604706287384033,0.9930033683776855,0.006996518932282925,0.04170500487089157,0.9981528520584106,0.8365418314933777,0.8361179828643799
146.0,4.0,0.9907738566398621,0.009225836023688316,0.03010358288884163,0.9984601736068726,0.7587864398956299,0.758756697177887,0.9817423820495605,0.018257657065987587,0.0980628952383995,0.9976122379302979,0.816067636013031,0.8163677453994751
147.0,0.0,0.987768828868866,0.012230507098138332,0.05670301243662834,0.998124361038208,0.795289933681488,0.7951449751853943,0.9877462983131409,0.012253408320248127,0.012687946669757366,0.9987151622772217,0.6013977527618408,0.6037598848342896
147.0,1.0,0.9872157573699951,0.012783734127879143,0.058190200477838516,0.9981043338775635,0.7628763914108276,0.7631772756576538,0.9902090430259705,0.009791015647351742,0.028505468741059303,0.9985036849975586,0.8441987633705139,0.843296468257904
147.0,2.0,0.9873501062393188,0.01264934241771698,0.058100782334804535,0.9980758428573608,0.8048536777496338,0.8049114942550659,0.9899216294288635,0.010078626684844494,0.025021258741617203,0.9987069368362427,0.6383301019668579,0.6385271549224854
147.0,3.0,0.9861952662467957,0.0138041777536273,0.05604572594165802,0.9981855750083923,0.7602383494377136,0.7604711651802063,0.9930033683776855,0.006996427197009325,0.0417044498026371,0.9981528520584106,0.8365424275398254,0.8361182808876038
147.0,4.0,0.9907736778259277,0.009225796908140182,0.03010287694633007,0.9984592199325562,0.7587834596633911,0.7587554454803467,0.9817423820495605,0.018257619813084602,0.09808292984962463,0.9976117610931396,0.8160654902458191,0.8163684606552124
148.0,0.0,0.9877687096595764,0.012230506166815758,0.05668419599533081,0.9981247186660767,0.7952885031700134,0.7951459884643555,0.9877467751502991,0.01225342508405447,0.012687538750469685,0.9987143278121948,0.6013937592506409,0.6037577986717224
148.0,1.0,0.9872164726257324,0.012783662416040897,0.05820728838443756,0.9981042742729187,0.7628746628761292,0.7631799578666687,0.9902098774909973,0.009790470823645592,0.028504561632871628,0.998504638671875,0.8441968560218811,0.8432976603507996
148.0,2.0,0.9873504638671875,0.012649234384298325,0.05809187889099121,0.998076856136322,0.8048505783081055,0.8049118518829346,0.9899215698242188,0.010078652761876583,0.025020508095622063,0.9987064599990845,0.6383286118507385,0.6385265588760376
148.0,3.0,0.9861951470375061,0.013804160989820957,0.056034162640571594,0.9981857538223267,0.7602386474609375,0.7604712843894958,0.9930037260055542,0.006996494717895985,0.041730280965566635,0.9981531500816345,0.8365420699119568,0.8361179828643799
148.0,4.0,0.9907744526863098,0.009225700981914997,0.03010726533830166,0.9984602928161621,0.7587822079658508,0.7587549090385437,0.9817423224449158,0.018257370218634605,0.09810078889131546,0.997611939907074,0.8160675168037415,0.8163687586784363
149.0,0.0,0.987768828868866,0.012230298481881618,0.05670085549354553,0.9981250166893005,0.7952890396118164,0.7951467633247375,0.9877464771270752,0.012253418564796448,0.012687042355537415,0.9987139105796814,0.6013889908790588,0.6037564277648926
149.0,1.0,0.9872158765792847,0.012783629819750786,0.05820067971944809,0.9981045722961426,0.7628747820854187,0.7631788849830627,0.99020916223526,0.009790509939193726,0.028519393876194954,0.9985045194625854,0.8441943526268005,0.8432974815368652
149.0,2.0,0.9873511791229248,0.012649206444621086,0.058115169405937195,0.9980748295783997,0.8048487901687622,0.8049116134643555,0.9899215698242188,0.010078650899231434,0.025020843371748924,0.9987067580223083,0.6383287310600281,0.6385271549224854
149.0,3.0,0.9861953258514404,0.013804181478917599,0.05604853108525276,0.9981851577758789,0.7602338790893555,0.7604706287384033,0.9930033683776855,0.006996477488428354,0.04174263775348663,0.9981527328491211,0.8365389704704285,0.8361169695854187
149.0,4.0,0.9907746315002441,0.00922571774572134,0.0301069263368845,0.9984596967697144,0.7587810158729553,0.7587552666664124,0.9817430377006531,0.018257344141602516,0.09811584651470184,0.9976123571395874,0.8160656690597534,0.816368043422699
150.0,0.0,0.9877690672874451,0.012230174615979195,0.056706469506025314,0.9981244802474976,0.7952892780303955,0.7951469421386719,0.9877464771270752,0.012253522872924805,0.01268748752772808,0.998714029788971,0.6013919711112976,0.6037569642066956
150.0,1.0,0.9872164726257324,0.012783479876816273,0.05822067707777023,0.998104453086853,0.762874960899353,0.7631787061691284,0.9902099370956421,0.00979045033454895,0.028504030779004097,0.998504638671875,0.8441942930221558,0.8432968854904175
150.0,2.0,0.9873504638671875,0.01264903973788023,0.05811620503664017,0.9980759024620056,0.804848313331604,0.8049100637435913,0.9899207353591919,0.010078735649585724,0.02502073347568512,0.9987069368362427,0.6383286714553833,0.6385273337364197
150.0,3.0,0.9861966967582703,0.013803956098854542,0.056035615503787994,0.9981857538223267,0.7602353692054749,0.7604702711105347,0.9930034875869751,0.006996382959187031,0.04174228012561798,0.9981527328491211,0.8365414142608643,0.8361173868179321
150.0,4.0,0.9907740950584412,0.009225503541529179,0.030111266300082207,0.9984604716300964,0.7587835788726807,0.7587565183639526,0.9817425608634949,0.018257321789860725,0.09809847921133041,0.9976119995117188,0.8160660266876221,0.8163713812828064
151.0,0.0,0.9877694249153137,0.01223025843501091,0.05671575665473938,0.9981247186660767,0.7952883839607239,0.7951469421386719,0.9877462983131409,0.012253516353666782,0.01268718484789133,0.9987138509750366,0.6013918519020081,0.6037569046020508
151.0,1.0,0.9872162938117981,0.012783502228558064,0.05821266770362854,0.9981034994125366,0.7628751397132874,0.7631793022155762,0.9902098774909973,0.009790242649614811,0.028519826009869576,0.9985045194625854,0.844196081161499,0.8432974815368652
151.0,2.0,0.9873515367507935,0.012649008072912693,0.05809840187430382,0.9980757832527161,0.8048493266105652,0.8049101829528809,0.9899209141731262,0.01007870864123106,0.025020865723490715,0.9987066388130188,0.6383289098739624,0.6385264992713928
151.0,3.0,0.9861956834793091,0.01380387507379055,0.056050777435302734,0.998185932636261,0.7602360248565674,0.760470986366272,0.9930033683776855,0.0069963568821549416,0.04174270108342171,0.9981526136398315,0.8365375995635986,0.8361166715621948
151.0,4.0,0.9907741546630859,0.009225563146173954,0.03010687418282032,0.9984604716300964,0.7587819695472717,0.7587556838989258,0.9817425608634949,0.018257353454828262,0.09809110313653946,0.9976122379302979,0.8160653114318848,0.8163682818412781
152.0,0.0,0.9877691864967346,0.012230169959366322,0.05669941008090973,0.9981247186660767,0.7952888011932373,0.7951460480690002,0.9877466559410095,0.012253359891474247,0.012687142938375473,0.9987146854400635,0.6013936400413513,0.6037587523460388
152.0,1.0,0.9872156977653503,0.012783548794686794,0.05821670591831207,0.9981037378311157,0.7628743648529053,0.7631778120994568,0.9902099967002869,0.009790538810193539,0.02850380167365074,0.9985045790672302,0.8441942930221558,0.8432971835136414
152.0,2.0,0.9873508214950562,0.01264890655875206,0.05810873955488205,0.998076319694519,0.804848849773407,0.8049105405807495,0.9899212121963501,0.010078681632876396,0.025020843371748924,0.9987066388130188,0.6383286714553833,0.6385264992713928
152.0,3.0,0.986195981502533,0.013803858309984207,0.056051380932331085,0.9981861710548401,0.7602362036705017,0.7604712247848511,0.9930033683776855,0.006996456533670425,0.04174254089593887,0.9981522560119629,0.8365396857261658,0.8361169099807739
152.0,4.0,0.9907742142677307,0.009225568734109402,0.030111178755760193,0.9984607100486755,0.7587830424308777,0.7587562203407288,0.9817430973052979,0.01825740933418274,0.0981263816356659,0.9976124167442322,0.8160671591758728,0.8163689374923706
153.0,0.0,0.987768828868866,0.012230198830366135,0.05670585855841637,0.9981250166893005,0.7952880263328552,0.7951471209526062,0.9877468347549438,0.012253456749022007,0.01268714852631092,0.9987145066261292,0.6013936400413513,0.6037587523460388
153.0,1.0,0.9872164130210876,0.012783480808138847,0.05821739509701729,0.998103678226471,0.7628744840621948,0.7631790041923523,0.9902099967002869,0.009790223091840744,0.028503941372036934,0.9985049962997437,0.8441942930221558,0.8432976603507996
153.0,2.0,0.9873504042625427,0.012649044394493103,0.05811580643057823,0.9980759024620056,0.8048487305641174,0.8049104809761047,0.9899215698242188,0.010078703984618187,0.02502107433974743,0.9987066984176636,0.6383286714553833,0.6385273933410645
153.0,3.0,0.9861955642700195,0.013803865760564804,0.05604325979948044,0.9981856942176819,0.7602353692054749,0.7604702711105347,0.9930034875869751,0.0069963885471224785,0.041742440313100815,0.9981517791748047,0.8365374803543091,0.8361154198646545
153.0,4.0,0.9907734990119934,0.009225590154528618,0.030102450400590897,0.998460054397583,0.7587812542915344,0.7587552666664124,0.9817421436309814,0.018257400020956993,0.09814375638961792,0.9976122379302979,0.8160644769668579,0.816367506980896
154.0,0.0,0.9877702593803406,0.012230267748236656,0.05670870095491409,0.9981247186660767,0.7952884435653687,0.7951459288597107,0.9877468347549438,0.012253143824636936,0.012687569484114647,0.9987145066261292,0.6013936400413513,0.6037577390670776
154.0,1.0,0.9872164726257324,0.012783466838300228,0.05821320787072182,0.9981038570404053,0.7628744840621948,0.7631797790527344,0.99020916223526,0.009790532290935516,0.028504036366939545,0.9985045194625854,0.8441945314407349,0.8432967066764832
154.0,2.0,0.9873508810997009,0.012648978270590305,0.05810903012752533,0.998075544834137,0.804848849773407,0.8049103021621704,0.9899215698242188,0.010078651830554008,0.025020781904459,0.9987064003944397,0.6383287310600281,0.6385266780853271
154.0,3.0,0.98619544506073,0.013803912326693535,0.05603940412402153,0.9981858730316162,0.7602358460426331,0.760470986366272,0.9930037260055542,0.006996389478445053,0.04174214228987694,0.998152494430542,0.8365389704704285,0.836117148399353
154.0,4.0,0.9907739758491516,0.009225603193044662,0.030111292377114296,0.9984601736068726,0.7587818503379822,0.7587553858757019,0.9817426204681396,0.018257340416312218,0.09809869527816772,0.997612476348877,0.8160644769668579,0.8163685202598572
155.0,0.0,0.9877695441246033,0.012230157852172852,0.05670608952641487,0.9981236457824707,0.7952883243560791,0.7951458096504211,0.9877465963363647,0.01225318480283022,0.012687133625149727,0.9987146854400635,0.6013936400413513,0.6037588119506836
155.0,1.0,0.9872158169746399,0.012783527374267578,0.05821708217263222,0.9981047511100769,0.7628744840621948,0.7631788849830627,0.9902094006538391,0.009790620766580105,0.028519771993160248,0.9985048770904541,0.844194233417511,0.8432979583740234
155.0,2.0,0.987350583076477,0.012648975476622581,0.05811263993382454,0.9980754256248474,0.8048487901687622,0.8049095869064331,0.9899218082427979,0.010078701190650463,0.025021126493811607,0.9987070560455322,0.6383288502693176,0.6385272145271301
155.0,3.0,0.9861962199211121,0.013803851790726185,0.05605494603514671,0.9981849193572998,0.7602353096008301,0.7604705095291138,0.9930038452148438,0.006996445823460817,0.041742462664842606,0.9981528520584106,0.8365374803543091,0.8361163139343262
155.0,4.0,0.9907739162445068,0.00922561064362526,0.03011125512421131,0.9984604716300964,0.7587822675704956,0.7587557435035706,0.981742799282074,0.018257366493344307,0.09809882193803787,0.9976124167442322,0.8160662651062012,0.8163706660270691
156.0,0.0,0.9877699017524719,0.012230205349624157,0.056699298322200775,0.9981249570846558,0.7952877283096313,0.7951472401618958,0.9877468347549438,0.01225336268544197,0.012687167152762413,0.9987136125564575,0.6013911962509155,0.6037566065788269
156.0,1.0,0.9872164130210876,0.012783504091203213,0.05820971354842186,0.9981033205986023,0.7628750801086426,0.7631794810295105,0.9902095794677734,0.009790345095098019,0.028503894805908203,0.9985048770904541,0.8441944122314453,0.8432965874671936
156.0,2.0,0.9873513579368591,0.01264894101768732,0.05811917036771774,0.9980754852294922,0.8048498034477234,0.8049102425575256,0.9899213314056396,0.010078627616167068,0.025020914152264595,0.9987065196037292,0.6383288502693176,0.6385265588760376
156.0,3.0,0.986195981502533,0.013803898356854916,0.0560431033372879,0.9981854557991028,0.7602358460426331,0.7604702115058899,0.993003249168396,0.006996494717895985,0.04175529628992081,0.9981533885002136,0.8365393877029419,0.8361170291900635
156.0,4.0,0.9907732605934143,0.009225575253367424,0.030111519619822502,0.9984604120254517,0.7587823271751404,0.7587558627128601,0.9817430973052979,0.018257353454828262,0.09809385240077972,0.997611939907074,0.816065788269043,0.8163682818412781
157.0,0.0,0.9877699017524719,0.012230164371430874,0.05670587718486786,0.9981250166893005,0.7952882647514343,0.7951460480690002,0.9877467751502991,0.012253252789378166,0.01268741674721241,0.9987145066261292,0.6013919115066528,0.6037577390670776
157.0,1.0,0.9872157573699951,0.012783531099557877,0.05821727588772774,0.9981042742729187,0.7628745436668396,0.7631787657737732,0.9902099967002869,0.009790546260774136,0.02850394882261753,0.9985051155090332,0.8441956639289856,0.8432979583740234
157.0,2.0,0.9873506426811218,0.012649023905396461,0.0581127405166626,0.9980757236480713,0.8048486113548279,0.804909884929657,0.9899212121963501,0.010078651830554008,0.02502080239355564,0.9987068772315979,0.6383288502693176,0.6385265588760376
157.0,3.0,0.9861957430839539,0.013803807087242603,0.05603529140353203,0.9981852173805237,0.7602354884147644,0.760470449924469,0.993003249168396,0.006996462121605873,0.04174264147877693,0.9981527328491211,0.836538553237915,0.8361160159111023
157.0,4.0,0.9907739758491516,0.009225592017173767,0.030111292377114296,0.998460054397583,0.7587822675704956,0.7587559819221497,0.9817428588867188,0.01825731061398983,0.09810763597488403,0.9976118803024292,0.8160662651062012,0.8163687586784363
158.0,0.0,0.9877700209617615,0.012230167165398598,0.056699737906455994,0.9981248378753662,0.7952877283096313,0.7951459884643555,0.9877468943595886,0.01225333847105503,0.012687012553215027,0.9987137317657471,0.6013918519020081,0.6037569046020508
158.0,1.0,0.9872156977653503,0.012783532030880451,0.05821002274751663,0.9981045722961426,0.7628742456436157,0.7631788849830627,0.9902096390724182,0.009790429845452309,0.02852005884051323,0.998504638671875,0.8441943526268005,0.8432976007461548
158.0,2.0,0.9873505234718323,0.012648939155042171,0.05810971185564995,0.9980757236480713,0.8048496842384338,0.8049097061157227,0.9899212121963501,0.01007861364632845,0.025021212175488472,0.9987069368362427,0.6383287906646729,0.6385265588760376
158.0,3.0,0.9861955642700195,0.013803879730403423,0.05605174973607063,0.9981849193572998,0.7602358460426331,0.7604706287384033,0.9930034875869751,0.006996445823460817,0.0417296439409256,0.9981532692909241,0.8365401029586792,0.8361172080039978
158.0,4.0,0.9907737374305725,0.009225614368915558,0.030106892809271812,0.9984599351882935,0.7587823271751404,0.7587555050849915,0.9817423820495605,0.01825729012489319,0.09809984266757965,0.9976116418838501,0.8160642981529236,0.8163681030273438
159.0,0.0,0.9877696633338928,0.012230141088366508,0.056699540466070175,0.9981257319450378,0.7952874898910522,0.7951467633247375,0.9877465963363647,0.012253215536475182,0.012687033042311668,0.9987145066261292,0.6013936996459961,0.6037588119506836
159.0,1.0,0.9872162342071533,0.012783486396074295,0.058216627687215805,0.9981042742729187,0.7628750205039978,0.7631791830062866,0.9902094006538391,0.009790521115064621,0.028503721579909325,0.9985046982765198,0.8441938161849976,0.8432968258857727
159.0,2.0,0.9873508214950562,0.012648962438106537,0.05810575559735298,0.9980753660202026,0.8048495054244995,0.8049106001853943,0.9899213314056396,0.01007862202823162,0.025020863860845566,0.9987068772315979,0.6383287906646729,0.6385265588760376
159.0,3.0,0.9861951470375061,0.013803910464048386,0.05604657530784607,0.9981857538223267,0.7602365612983704,0.7604708075523376,0.9930031299591064,0.0069964611902832985,0.04174245521426201,0.9981527328491211,0.8365386724472046,0.8361158967018127
159.0,4.0,0.9907736778259277,0.009225577116012573,0.03010687604546547,0.9984597563743591,0.7587830424308777,0.758756160736084,0.9817432165145874,0.018257293850183487,0.09808360785245895,0.9976122379302979,0.8160637617111206,0.8163692951202393
160.0,0.0,0.9877693057060242,0.012230109423398972,0.05670037865638733,0.9981250166893005,0.7952893376350403,0.7951470017433167,0.9877465963363647,0.01225335244089365,0.01268705539405346,0.9987143874168396,0.6013907194137573,0.6037572026252747
160.0,1.0,0.9872162342071533,0.012783477082848549,0.05821416899561882,0.998104453086853,0.7628746628761292,0.7631793022155762,0.9902104735374451,0.009790259413421154,0.02851979434490204,0.9985045194625854,0.8441947102546692,0.8432965278625488
160.0,2.0,0.9873508810997009,0.012648981995880604,0.05810220539569855,0.9980754852294922,0.8048495054244995,0.8049104809761047,0.989920973777771,0.010078645311295986,0.025021018460392952,0.9987065196037292,0.6383286118507385,0.6385267972946167
160.0,3.0,0.9861965179443359,0.013803906738758087,0.0560510978102684,0.9981849789619446,0.7602360248565674,0.7604702711105347,0.9930033683776855,0.006996423937380314,0.0417424775660038,0.998153030872345,0.8365382552146912,0.8361164927482605
160.0,4.0,0.9907738566398621,0.009225497953593731,0.030115772038698196,0.9984606504440308,0.758783757686615,0.758756160736084,0.9817423224449158,0.01825733482837677,0.09811002761125565,0.9976117610931396,0.8160641193389893,0.8163678646087646
161.0,0.0,0.9877697825431824,0.012230169959366322,0.0566926933825016,0.9981244802474976,0.795287549495697,0.795147180557251,0.9877467751502991,0.012253399938344955,0.012687090784311295,0.9987135529518127,0.6013908386230469,0.6037564277648926
161.0,1.0,0.9872162342071533,0.012783513404428959,0.05820966884493828,0.9981037974357605,0.7628748416900635,0.7631797790527344,0.9902092218399048,0.009790496900677681,0.028519855812191963,0.9985047578811646,0.8441944122314453,0.8432968258857727
161.0,2.0,0.9873510003089905,0.01264894288033247,0.05810242518782616,0.998075544834137,0.8048495054244995,0.8049105405807495,0.9899216294288635,0.010078605264425278,0.025020889937877655,0.9987066984176636,0.6383286714553833,0.6385272741317749
161.0,3.0,0.9861965179443359,0.013803874142467976,0.056047286838293076,0.9981854557991028,0.7602366805076599,0.7604713439941406,0.9930037260055542,0.006996395997703075,0.04172961041331291,0.9981523752212524,0.8365388512611389,0.836117148399353
161.0,4.0,0.9907741546630859,0.009225587360560894,0.030111156404018402,0.9984604120254517,0.758783757686615,0.7587567567825317,0.9817429780960083,0.01825748383998871,0.0980917364358902,0.9976118803024292,0.8160643577575684,0.8163675665855408
162.0,0.0,0.9877696633338928,0.012230230495333672,0.05669932812452316,0.9981248378753662,0.7952887415885925,0.7951468825340271,0.9877464771270752,0.012253513559699059,0.012687117792665958,0.9987143278121948,0.6013918519020081,0.6037577390670776
162.0,1.0,0.9872157573699951,0.01278352178633213,0.05822749435901642,0.9981038570404053,0.7628752589225769,0.7631797790527344,0.9902099967002869,0.009790308773517609,0.028503766283392906,0.9985050559043884,0.8441941738128662,0.8432976603507996
162.0,2.0,0.9873502850532532,0.012649035081267357,0.05810548737645149,0.9980748295783997,0.8048503398895264,0.8049102425575256,0.9899211525917053,0.010078688152134418,0.02502100169658661,0.9987062811851501,0.6383259892463684,0.6385253667831421
162.0,3.0,0.9861958026885986,0.013803898356854916,0.05604751035571098,0.9981851577758789,0.7602358460426331,0.7604698538780212,0.9930036067962646,0.006996404845267534,0.04174261912703514,0.998153030872345,0.8365396857261658,0.8361175060272217
162.0,4.0,0.9907736778259277,0.009225526824593544,0.030106864869594574,0.9984597563743591,0.7587822079658508,0.758755624294281,0.9817423224449158,0.01825743541121483,0.09811771661043167,0.9976115226745605,0.8160650730133057,0.8163672685623169
163.0,0.0,0.9877689480781555,0.01223021000623703,0.05669955164194107,0.9981247186660767,0.7952876687049866,0.7951468229293823,0.9877465963363647,0.012253261171281338,0.012687403708696365,0.998714029788971,0.6013911962509155,0.6037575006484985
163.0,1.0,0.9872162342071533,0.012783465906977654,0.058228276669979095,0.998103678226471,0.7628750801086426,0.7631796002388,0.9902095198631287,0.009790436364710331,0.02850385196506977,0.9985044002532959,0.844194233417511,0.8432976603507996
163.0,2.0,0.9873502850532532,0.01264902576804161,0.058109384030103683,0.9980753064155579,0.8048500418663025,0.8049100637435913,0.9899214506149292,0.010078635066747665,0.02502090483903885,0.9987066984176636,0.6383299827575684,0.6385271549224854
163.0,3.0,0.9861955642700195,0.013803808018565178,0.056039709597826004,0.9981860518455505,0.7602354288101196,0.7604706883430481,0.9930038452148438,0.006996424403041601,0.04174245521426201,0.9981533885002136,0.8365391492843628,0.8361176252365112
163.0,4.0,0.9907741546630859,0.009225539863109589,0.03010697476565838,0.998460054397583,0.7587831020355225,0.7587562203407288,0.9817430973052979,0.01825733482837677,0.09810778498649597,0.9976116418838501,0.8160640597343445,0.8163690567016602
164.0,0.0,0.9877699017524719,0.012230136431753635,0.05670265108346939,0.9981250166893005,0.7952880859375,0.795146644115448,0.9877468347549438,0.012253368273377419,0.012687226757407188,0.9987145066261292,0.6013907790184021,0.6037572026252747
164.0,1.0,0.9872164726257324,0.012783480808138847,0.05821417272090912,0.9981033205986023,0.7628750205039978,0.7631805539131165,0.9902101159095764,0.00979027058929205,0.02851996012032032,0.9985052347183228,0.8441945910453796,0.8433001041412354
164.0,2.0,0.9873511791229248,0.012648925185203552,0.0581134632229805,0.9980760812759399,0.8048490285873413,0.8049108982086182,0.9899218678474426,0.010078663937747478,0.025020955130457878,0.9987065196037292,0.638326108455658,0.6385250687599182
164.0,3.0,0.9861960411071777,0.013803957961499691,0.05604695528745651,0.9981852173805237,0.7602357268333435,0.7604706883430481,0.9930038452148438,0.006996385753154755,0.04174249991774559,0.9981528520584106,0.8365398645401001,0.8361173272132874
164.0,4.0,0.9907746911048889,0.009225583635270596,0.030111443251371384,0.9984602332115173,0.7587833404541016,0.7587559223175049,0.9817429780960083,0.018257295712828636,0.09810202568769455,0.9976117610931396,0.8160643577575684,0.8163681030273438
165.0,0.0,0.9877702593803406,0.012230133637785912,0.05669669434428215,0.9981251358985901,0.795289158821106,0.7951471209526062,0.9877465963363647,0.0122533505782485,0.012687232345342636,0.9987140893936157,0.6013917326927185,0.6037578582763672
165.0,1.0,0.9872162342071533,0.012783505953848362,0.05820991098880768,0.9981043934822083,0.762875497341156,0.7631793022155762,0.9902089238166809,0.009790606796741486,0.02851983904838562,0.9985052347183228,0.844196081161499,0.8432981371879578
165.0,2.0,0.987350583076477,0.012648941949009895,0.05809834226965904,0.9980759620666504,0.8048504590988159,0.8049109578132629,0.9899212121963501,0.010078663937747478,0.025020843371748924,0.9987066388130188,0.6383289098739624,0.6385265588760376
165.0,3.0,0.9861961007118225,0.013803866691887379,0.056039709597826004,0.9981857538223267,0.7602365612983704,0.7604705095291138,0.9930036067962646,0.006996397860348225,0.04174232855439186,0.998152494430542,0.8365395069122314,0.836117148399353
165.0,4.0,0.9907741546630859,0.009225581772625446,0.030111247673630714,0.9984601736068726,0.7587818503379822,0.7587552666664124,0.9817428588867188,0.01825737953186035,0.0981089174747467,0.9976121783256531,0.8160650134086609,0.8163682222366333
166.0,0.0,0.9877699017524719,0.012230120599269867,0.05670271813869476,0.9981249570846558,0.7952892184257507,0.7951465249061584,0.9877466559410095,0.0122533505782485,0.012687129899859428,0.9987139105796814,0.6013911962509155,0.6037563681602478
166.0,1.0,0.9872161746025085,0.012783468700945377,0.05821739882230759,0.9981042146682739,0.762873649597168,0.763178288936615,0.9902095794677734,0.009790393523871899,0.0285038985311985,0.9985049366950989,0.8441939353942871,0.8432964086532593
166.0,2.0,0.9873508810997009,0.01264889631420374,0.05811328813433647,0.9980760812759399,0.80484938621521,0.8049102425575256,0.9899214506149292,0.010078588500618935,0.02502085082232952,0.9987071752548218,0.6383299827575684,0.6385272145271301
166.0,3.0,0.986195981502533,0.013803851790726185,0.05605557560920715,0.9981851577758789,0.7602357268333435,0.7604698538780212,0.9930038452148438,0.0069964672438800335,0.04174257442355156,0.9981527328491211,0.8365383744239807,0.8361169695854187
166.0,4.0,0.990773618221283,0.009225579909980297,0.030102508142590523,0.998460054397583,0.758781373500824,0.7587563395500183,0.9817428588867188,0.018257295712828636,0.09810110181570053,0.9976124167442322,0.8160650730133057,0.8163709044456482
167.0,0.0,0.9877694249153137,0.012230100110173225,0.05670586973428726,0.9981248378753662,0.7952883243560791,0.7951462268829346,0.9877468347549438,0.012253325432538986,0.012687073089182377,0.9987145662307739,0.6013925075531006,0.6037580966949463
167.0,1.0,0.9872162938117981,0.012783513404428959,0.05821048840880394,0.9981032609939575,0.7628750205039978,0.7631796002388,0.9902098774909973,0.00979018583893776,0.02851978689432144,0.9985048770904541,0.8441950678825378,0.8432984948158264
167.0,2.0,0.9873514771461487,0.012649012729525566,0.05810946971178055,0.9980758428573608,0.8048495054244995,0.8049112558364868,0.9899213314056396,0.010078657418489456,0.02502095326781273,0.9987066984176636,0.6383286118507385,0.6385266780853271
167.0,3.0,0.9861952066421509,0.013803921639919281,0.05605125427246094,0.9981857538223267,0.7602360248565674,0.7604711651802063,0.9930031299591064,0.006996420212090015,0.04174258932471275,0.998152494430542,0.8365397453308105,0.8361162543296814
167.0,4.0,0.9907748699188232,0.00922553800046444,0.030107000842690468,0.9984594583511353,0.7587828636169434,0.7587551474571228,0.9817423820495605,0.01825728453695774,0.09810878336429596,0.9976114630699158,0.8160647749900818,0.8163678050041199
168.0,0.0,0.9877702593803406,0.012230162508785725,0.05670309439301491,0.9981242418289185,0.7952882051467896,0.7951460480690002,0.9877464771270752,0.01225348748266697,0.01268716063350439,0.9987143874168396,0.6013936400413513,0.6037577986717224
168.0,1.0,0.9872158765792847,0.012783493846654892,0.05821707099676132,0.9981048107147217,0.7628759145736694,0.7631805539131165,0.9902098774909973,0.009790315292775631,0.028504159301519394,0.9985045194625854,0.8441944122314453,0.8432982563972473
168.0,2.0,0.9873505234718323,0.012649004347622395,0.0580986849963665,0.998076319694519,0.8048499226570129,0.8049101829528809,0.9899215698242188,0.010078657418489456,0.02502104453742504,0.9987066388130188,0.6383287906646729,0.6385265588760376
168.0,3.0,0.986195981502533,0.01380388904362917,0.05604425072669983,0.9981854557991028,0.7602370381355286,0.7604715824127197,0.9930037260055542,0.006996422540396452,0.04175558686256409,0.998152494430542,0.8365378975868225,0.8361166715621948
168.0,4.0,0.9907742142677307,0.009225589223206043,0.030106985941529274,0.9984608888626099,0.7587834596633911,0.7587559819221497,0.9817423224449158,0.018257230520248413,0.09809058159589767,0.9976121187210083,0.8160650730133057,0.8163683414459229
169.0,0.0,0.9877695441246033,0.012230169959366322,0.05670010671019554,0.9981249570846558,0.7952877283096313,0.7951468825340271,0.9877462983131409,0.012253474444150925,0.012687264010310173,0.9987138509750366,0.6013913154602051,0.6037567257881165
169.0,1.0,0.9872158169746399,0.012783474288880825,0.05821331962943077,0.9981040358543396,0.7628746628761292,0.7631787657737732,0.9902092814445496,0.009790514595806599,0.028503818437457085,0.9985045790672302,0.8441942930221558,0.8432964086532593
169.0,2.0,0.9873501658439636,0.01264900155365467,0.05811594799160957,0.9980758428573608,0.8048495054244995,0.8049107789993286,0.9899214506149292,0.010078669525682926,0.025021109730005264,0.9987065196037292,0.6383285522460938,0.6385263800621033
169.0,3.0,0.9861956834793091,0.01380382664501667,0.05604378134012222,0.9981851577758789,0.7602359056472778,0.7604714035987854,0.9930030107498169,0.006996420677751303,0.041742369532585144,0.9981529712677002,0.8365383744239807,0.8361168503761292
169.0,4.0,0.9907739758491516,0.009225502610206604,0.030106935650110245,0.9984602332115173,0.7587816119194031,0.7587556838989258,0.9817423820495605,0.018257373943924904,0.0980912372469902,0.9976117014884949,0.816064715385437,0.8163679838180542
170.0,0.0,0.9877699017524719,0.01223012339323759,0.05670003220438957,0.9981237649917603,0.7952884435653687,0.7951467037200928,0.9877464771270752,0.012253358960151672,0.012687483802437782,0.9987147450447083,0.6013935804367065,0.6037586331367493
170.0,1.0,0.9872162938117981,0.012783472426235676,0.05821380391716957,0.9981042742729187,0.7628748416900635,0.7631791830062866,0.9902095794677734,0.009790416806936264,0.028503982350230217,0.9985048770904541,0.8441939353942871,0.843298614025116
170.0,2.0,0.9873513579368591,0.012648995034396648,0.05811365321278572,0.9980753660202026,0.8048484921455383,0.8049095273017883,0.9899209141731262,0.010078632272779942,0.02502124011516571,0.9987068772315979,0.6383289098739624,0.638526439666748
170.0,3.0,0.986195981502533,0.013803914189338684,0.05603991821408272,0.9981853365898132,0.7602377533912659,0.7604718208312988,0.993003249168396,0.0069964127615094185,0.04174231365323067,0.9981529712677002,0.8365412354469299,0.8361180424690247
170.0,4.0,0.9907742142677307,0.009225549176335335,0.030107004567980766,0.9984599351882935,0.7587830424308777,0.7587547898292542,0.9817428588867188,0.01825730875134468,0.09811951965093613,0.9976118803024292,0.8160651922225952,0.8163681030273438
171.0,0.0,0.9877693057060242,0.01223021000623703,0.05670664459466934,0.9981244802474976,0.7952895164489746,0.7951459288597107,0.98774653673172,0.012253524735569954,0.012687252834439278,0.9987145662307739,0.6013936400413513,0.603758692741394
171.0,1.0,0.9872162342071533,0.0127834752202034,0.05821054056286812,0.9981045722961426,0.7628746628761292,0.7631788849830627,0.9902099967002869,0.009790454059839249,0.028504174202680588,0.998504638671875,0.8441944122314453,0.84329754114151
171.0,2.0,0.9873508810997009,0.012648992240428925,0.05812014639377594,0.9980757832527161,0.80484938621521,0.804911732673645,0.9899214506149292,0.010078701190650463,0.025021156296133995,0.9987066984176636,0.6383289098739624,0.6385265588760376
171.0,3.0,0.9861960411071777,0.013803865760564804,0.05604788661003113,0.9981858730316162,0.7602367401123047,0.7604712843894958,0.9930033683776855,0.0069963932037353516,0.041742291301488876,0.9981526136398315,0.8365374207496643,0.8361161351203918
171.0,4.0,0.9907748699188232,0.009225491434335709,0.03011140786111355,0.9984601736068726,0.7587831020355225,0.7587553858757019,0.981742799282074,0.018257297575473785,0.09808958321809769,0.9976114630699158,0.8160635828971863,0.8163677453994751
172.0,0.0,0.9877689480781555,0.012230121530592442,0.056696780025959015,0.9981252551078796,0.7952882051467896,0.7951460480690002,0.98774653673172,0.012253416702151299,0.012687127105891705,0.9987138509750366,0.601389467716217,0.6037566661834717
172.0,1.0,0.9872161149978638,0.012783420272171497,0.058210339397192,0.9981040358543396,0.762873649597168,0.7631787657737732,0.9902095794677734,0.009790410287678242,0.028504204005002975,0.9985050559043884,0.8441957831382751,0.8432978391647339
172.0,2.0,0.9873508810997009,0.01264895312488079,0.058099012821912766,0.9980751276016235,0.8048487901687622,0.80491042137146,0.989920973777771,0.01007872261106968,0.025039274245500565,0.9987071752548218,0.6383287310600281,0.638526439666748
172.0,3.0,0.9861955046653748,0.013803843408823013,0.056047774851322174,0.9981844425201416,0.7602367401123047,0.7604708671569824,0.9930036067962646,0.006996433716267347,0.04174257442355156,0.9981526136398315,0.8365398645401001,0.8361178636550903
172.0,4.0,0.9907734990119934,0.009225497953593731,0.030111543834209442,0.9984597563743591,0.758783757686615,0.7587556838989258,0.9817426204681396,0.01825738698244095,0.09810028225183487,0.9976117014884949,0.816064715385437,0.8163670301437378
173.0,0.0,0.9877699017524719,0.012230247259140015,0.056694019585847855,0.9981249570846558,0.7952889204025269,0.7951462268829346,0.9877466559410095,0.012253331020474434,0.01268733385950327,0.9987145066261292,0.6013937592506409,0.6037577986717224
173.0,1.0,0.9872164726257324,0.012783548794686794,0.058214254677295685,0.9981042742729187,0.7628758549690247,0.7631798982620239,0.9902092814445496,0.009790376760065556,0.028503824025392532,0.9985047578811646,0.8441954255104065,0.8432971835136414
173.0,2.0,0.9873505234718323,0.012649034149944782,0.05810961127281189,0.9980754852294922,0.8048486113548279,0.804911196231842,0.9899215698242188,0.010078687220811844,0.025039387866854668,0.9987066984176636,0.6383302211761475,0.6385271549224854
173.0,3.0,0.9861965179443359,0.013803928159177303,0.0560472272336483,0.9981852173805237,0.7602356672286987,0.7604708075523376,0.9930034875869751,0.006996355019509792,0.04174290597438812,0.9981529712677002,0.8365388512611389,0.8361170291900635
173.0,4.0,0.9907741546630859,0.009225486777722836,0.03011145442724228,0.9984605312347412,0.7587831020355225,0.7587562203407288,0.9817423820495605,0.01825742796063423,0.0980926901102066,0.9976117610931396,0.8160644769668579,0.8163667917251587
174.0,0.0,0.9877705574035645,0.012230103835463524,0.05670041963458061,0.9981250166893005,0.7952890992164612,0.7951464653015137,0.9877464771270752,0.012253377586603165,0.012687060981988907,0.9987144470214844,0.6013936400413513,0.6037577390670776
174.0,1.0,0.9872158765792847,0.012783464975655079,0.05822431296110153,0.9981045722961426,0.7628749012947083,0.7631781697273254,0.9902095794677734,0.009790385141968727,0.02850404754281044,0.9985050559043884,0.8441953659057617,0.8432978987693787
174.0,2.0,0.9873501658439636,0.01264900155365467,0.05810673534870148,0.9980760812759399,0.8048496246337891,0.804909884929657,0.989920973777771,0.010078558698296547,0.025039220228791237,0.9987064003944397,0.6383286714553833,0.6385265588760376
174.0,3.0,0.9861958026885986,0.01380389928817749,0.0560474619269371,0.9981845021247864,0.7602360248565674,0.7604709267616272,0.9930031299591064,0.006996360141783953,0.041742607951164246,0.9981527328491211,0.8365386724472046,0.8361170887947083
174.0,4.0,0.990774393081665,0.009225524961948395,0.030111564323306084,0.9984598159790039,0.7587828636169434,0.7587565183639526,0.9817429780960083,0.018257364630699158,0.09810152649879456,0.9976125955581665,0.8160661458969116,0.8163677453994751
175.0,0.0,0.9877691864967346,0.01223015133291483,0.056700337678194046,0.9981244802474976,0.7952885627746582,0.7951460480690002,0.9877467751502991,0.01225346326828003,0.01268721278756857,0.9987141489982605,0.6013931035995483,0.6037575006484985
175.0,1.0,0.9872162342071533,0.01278350967913866,0.058214522898197174,0.9981039762496948,0.76287442445755,0.7631789445877075,0.9902095794677734,0.009790368378162384,0.02852010354399681,0.9985045790672302,0.8441943526268005,0.843296468257904
175.0,2.0,0.9873512387275696,0.012649006210267544,0.05811355635523796,0.9980760216712952,0.8048495650291443,0.8049102425575256,0.9899213910102844,0.010078642517328262,0.025039352476596832,0.9987067580223083,0.6383287906646729,0.6385265588760376
175.0,3.0,0.9861955046653748,0.013803905807435513,0.056048404425382614,0.9981855750083923,0.7602366209030151,0.7604711651802063,0.9930038452148438,0.006996400188654661,0.041742853820323944,0.9981531500816345,0.8365392684936523,0.8361169099807739
175.0,4.0,0.9907746315002441,0.009225630201399326,0.03011149726808071,0.9984602928161621,0.7587828040122986,0.7587558627128601,0.9817428588867188,0.018257448449730873,0.09810208529233932,0.997611939907074,0.8160653114318848,0.816367506980896
176.0,0.0,0.9877694249153137,0.012230160646140575,0.05671634152531624,0.9981241226196289,0.7952887415885925,0.7951459884643555,0.9877463579177856,0.01225349772721529,0.01268724724650383,0.9987143278121948,0.6013936996459961,0.6037578582763672
176.0,1.0,0.9872162938117981,0.012783518992364407,0.058221396058797836,0.9981049299240112,0.7628743648529053,0.7631793022155762,0.9902095198631287,0.009790396317839622,0.02850421518087387,0.9985042810440063,0.8441943526268005,0.8432965278625488
176.0,2.0,0.9873504638671875,0.0126489931717515,0.05810682848095894,0.9980753064155579,0.8048475980758667,0.8049101829528809,0.9899216890335083,0.010078591294586658,0.025039294734597206,0.9987068772315979,0.6383286714553833,0.6385263800621033
176.0,3.0,0.9861958026885986,0.013803940266370773,0.056047435849905014,0.9981852173805237,0.7602350115776062,0.7604698538780212,0.9930037260055542,0.00699647469446063,0.041742898523807526,0.9981532692909241,0.8365399241447449,0.836117148399353
176.0,4.0,0.9907743334770203,0.00922556221485138,0.030111495405435562,0.9984602928161621,0.7587819695472717,0.7587557435035706,0.9817425012588501,0.01825733855366707,0.09813572466373444,0.9976121783256531,0.8160649538040161,0.81637042760849
177.0,0.0,0.9877696633338928,0.012230160646140575,0.05670987442135811,0.9981249570846558,0.7952883839607239,0.795147180557251,0.9877468347549438,0.012253204360604286,0.012687336653470993,0.9987138509750366,0.6013911366462708,0.6037565469741821
177.0,1.0,0.9872164726257324,0.012783516198396683,0.05822139233350754,0.9981042742729187,0.7628749012947083,0.7631783485412598,0.9902099370956421,0.00979024451225996,0.02852027304470539,0.9985047578811646,0.8441956043243408,0.8432976603507996
177.0,2.0,0.9873512387275696,0.012648955918848515,0.05810614675283432,0.9980753064155579,0.8048497438430786,0.8049104809761047,0.9899214506149292,0.01007863599807024,0.025020774453878403,0.9987066984176636,0.638326108455658,0.6385252475738525
177.0,3.0,0.9861951470375061,0.013803941197693348,0.05604798346757889,0.998185396194458,0.7602359056472778,0.7604703903198242,0.9930033683776855,0.006996443495154381,0.041742824018001556,0.9981531500816345,0.8365404605865479,0.8361174464225769
177.0,4.0,0.990774393081665,0.009225566871464252,0.03010699525475502,0.9984604120254517,0.7587834596633911,0.7587565183639526,0.9817423224449158,0.018257442861795425,0.09810047596693039,0.9976117014884949,0.8160631656646729,0.8163678050041199
178.0,0.0,0.9877691864967346,0.012230128049850464,0.056699980050325394,0.9981245994567871,0.7952886819839478,0.7951478362083435,0.9877465963363647,0.012253324501216412,0.01268733385950327,0.9987139105796814,0.6013907194137573,0.603756308555603
178.0,1.0,0.9872156381607056,0.012783526442945004,0.05821762979030609,0.9981039762496948,0.7628754377365112,0.7631795406341553,0.9902094006538391,0.00979042612016201,0.028504131361842155,0.9985046982765198,0.8441940546035767,0.8432967066764832
178.0,2.0,0.9873508214950562,0.01264895685017109,0.058099206537008286,0.9980753064155579,0.804848849773407,0.8049108982086182,0.989920973777771,0.010078663937747478,0.025020891800522804,0.9987067580223083,0.6383289098739624,0.6385272741317749
178.0,3.0,0.9861960411071777,0.013803932815790176,0.056036729365587234,0.9981858730316162,0.7602366209030151,0.7604711055755615,0.9930033683776855,0.006996414624154568,0.04174241051077843,0.9981526136398315,0.8365383744239807,0.836115837097168
178.0,4.0,0.9907746315002441,0.009225534275174141,0.03011160157620907,0.99845951795578,0.7587814927101135,0.7587547302246094,0.9817425608634949,0.018257416784763336,0.09809281677007675,0.997611939907074,0.8160659074783325,0.8163682222366333
179.0,0.0,0.9877696633338928,0.012230136431753635,0.056703392416238785,0.998124361038208,0.7952884435653687,0.795145571231842,0.98774653673172,0.012253309600055218,0.0126875638961792,0.9987142086029053,0.6013912558555603,0.6037574410438538
179.0,1.0,0.9872164726257324,0.012783486396074295,0.0582103505730629,0.9981039762496948,0.762874960899353,0.7631787657737732,0.9902095198631287,0.009790278039872646,0.02851991169154644,0.9985042810440063,0.8441941738128662,0.8432961106300354
179.0,2.0,0.987349808216095,0.012649073265492916,0.05810302868485451,0.9980754256248474,0.8048498630523682,0.8049108982086182,0.9899214506149292,0.010078663937747478,0.025020817294716835,0.9987064599990845,0.6383287310600281,0.6385265588760376
179.0,3.0,0.9861951470375061,0.013803902082145214,0.05604398250579834,0.998185396194458,0.7602367997169495,0.760470449924469,0.9930040240287781,0.006996344309300184,0.041742730885744095,0.9981528520584106,0.8365395665168762,0.83611661195755
179.0,4.0,0.990774929523468,0.0092255137860775,0.030111514031887054,0.9984599351882935,0.7587829828262329,0.758755624294281,0.9817423820495605,0.018257440999150276,0.0980830192565918,0.997611939907074,0.8160648345947266,0.8163682818412781
180.0,0.0,0.9877690672874451,0.012230261228978634,0.056696970015764236,0.9981249570846558,0.7952886819839478,0.7951465249061584,0.9877465963363647,0.012253285385668278,0.012687405571341515,0.998713493347168,0.6013889908790588,0.6037553548812866
180.0,1.0,0.9872164130210876,0.012783516198396683,0.058214396238327026,0.9981034994125366,0.7628759145736694,0.7631790041923523,0.9902095198631287,0.009790408425033092,0.028504105284810066,0.9985052943229675,0.844196617603302,0.8432983756065369
180.0,2.0,0.9873502850532532,0.012649032287299633,0.05810954049229622,0.9980759620666504,0.8048484325408936,0.8049089908599854,0.9899213314056396,0.01007872074842453,0.02502070926129818,0.9987066388130188,0.6383287906646729,0.6385266780853271
180.0,3.0,0.9861960411071777,0.013803928159177303,0.056040599942207336,0.9981849193572998,0.7602349519729614,0.7604700922966003,0.9930040240287781,0.006996373180299997,0.0417427197098732,0.9981526136398315,0.8365384936332703,0.8361164927482605
180.0,4.0,0.9907741546630859,0.009225585497915745,0.030106980353593826,0.9984595775604248,0.7587824463844299,0.7587550282478333,0.9817427396774292,0.0182575061917305,0.0981007069349289,0.9976125955581665,0.8160649538040161,0.8163686990737915
181.0,0.0,0.9877689480781555,0.012230112217366695,0.056697018444538116,0.9981248378753662,0.7952889204025269,0.7951468229293823,0.9877466559410095,0.01225329376757145,0.012687144801020622,0.998714029788971,0.6013937592506409,0.603757917881012
181.0,1.0,0.9872159957885742,0.012783505953848362,0.058214809745550156,0.998103678226471,0.7628746628761292,0.7631778120994568,0.9902097582817078,0.009790333919227123,0.028503887355327606,0.9985044002532959,0.8441942930221558,0.8432974815368652
181.0,2.0,0.9873514175415039,0.012648950330913067,0.05811695381999016,0.998075544834137,0.8048496246337891,0.8049110770225525,0.9899212121963501,0.010078695602715015,0.025020793080329895,0.9987067580223083,0.6383286714553833,0.6385267972946167
181.0,3.0,0.9861955046653748,0.01380397193133831,0.05605539306998253,0.9981845021247864,0.7602347731590271,0.7604705095291138,0.9930038452148438,0.006996369455009699,0.04174269735813141,0.9981531500816345,0.8365395665168762,0.8361175060272217
181.0,4.0,0.9907753467559814,0.009225498884916306,0.03010709397494793,0.9984599351882935,0.7587832808494568,0.7587557435035706,0.9817427396774292,0.018257439136505127,0.09809929877519608,0.997611939907074,0.8160669803619385,0.8163682222366333
182.0,0.0,0.9877695441246033,0.012230129912495613,0.05670002102851868,0.9981248378753662,0.7952885627746582,0.7951458692550659,0.9877462983131409,0.012253512628376484,0.012687568552792072,0.9987135529518127,0.6013889908790588,0.603755533695221
182.0,1.0,0.9872167110443115,0.0127835338935256,0.0582033209502697,0.9981032013893127,0.7628741264343262,0.7631795406341553,0.9902097582817078,0.009790453128516674,0.02850395441055298,0.9985043406486511,0.8441956043243408,0.8432957530021667
182.0,2.0,0.9873512983322144,0.012648931704461575,0.058102693408727646,0.9980760216712952,0.8048490881919861,0.80491042137146,0.9899216294288635,0.010078652761876583,0.025021113455295563,0.9987069368362427,0.6383287310600281,0.6385271549224854
182.0,3.0,0.9861957430839539,0.013803893700242043,0.05604436248540878,0.9981854557991028,0.7602357864379883,0.7604707479476929,0.9930036067962646,0.006996419280767441,0.04174269735813141,0.9981529712677002,0.8365415334701538,0.8361175656318665
182.0,4.0,0.9907753467559814,0.009225583635270596,0.030102554708719254,0.9984602332115173,0.7587819695472717,0.7587555050849915,0.9817421436309814,0.018257491290569305,0.0981004610657692,0.9976117610931396,0.816063404083252,0.8163677453994751
183.0,0.0,0.9877694249153137,0.012230180203914642,0.05669360235333443,0.9981241226196289,0.7952879667282104,0.7951456904411316,0.9877466559410095,0.01225336268544197,0.01268728170543909,0.998714029788971,0.6013907194137573,0.6037572622299194
183.0,1.0,0.9872162938117981,0.012783500365912914,0.05821779742836952,0.9981037378311157,0.7628735303878784,0.7631783485412598,0.9902097582817078,0.009790475480258465,0.028504161164164543,0.9985048770904541,0.8441967368125916,0.8432978987693787
183.0,2.0,0.987350583076477,0.012648983858525753,0.05810666084289551,0.9980754852294922,0.8048492670059204,0.8049110174179077,0.9899213910102844,0.01007863599807024,0.025020848959684372,0.9987062811851501,0.6383263468742371,0.6385252475738525
183.0,3.0,0.9861959218978882,0.013803904876112938,0.056059401482343674,0.9981849789619446,0.7602349519729614,0.7604707479476929,0.9930036067962646,0.006996427197009325,0.04174254834651947,0.998153030872345,0.8365399837493896,0.8361176252365112
183.0,4.0,0.9907737374305725,0.00922554824501276,0.030111348256468773,0.9984598159790039,0.7587818503379822,0.7587556838989258,0.9817425608634949,0.018257303163409233,0.09809223562479019,0.9976123571395874,0.8160667419433594,0.8163687586784363
184.0,0.0,0.9877694249153137,0.012230225838720798,0.05670658499002457,0.9981251358985901,0.7952877283096313,0.7951458692550659,0.9877464771270752,0.01225351169705391,0.012687012553215027,0.9987143874168396,0.6013936996459961,0.603757917881012
184.0,1.0,0.987216055393219,0.012783512473106384,0.058214228600263596,0.9981042742729187,0.7628738284111023,0.7631798982620239,0.9902096390724182,0.00979052484035492,0.02850397676229477,0.9985045790672302,0.8441945314407349,0.8432978391647339
184.0,2.0,0.9873509407043457,0.01264888048171997,0.05811651423573494,0.9980766177177429,0.8048503398895264,0.804911196231842,0.9899213314056396,0.010078655555844307,0.025021204724907875,0.9987066388130188,0.6383286714553833,0.6385266184806824
184.0,3.0,0.9861957430839539,0.013803969137370586,0.05604852735996246,0.9981850981712341,0.7602353096008301,0.7604712843894958,0.9930039048194885,0.006996407173573971,0.04174245148897171,0.9981531500816345,0.8365393877029419,0.8361175656318665
184.0,4.0,0.9907745718955994,0.009225542657077312,0.03010701946914196,0.9984607100486755,0.7587831020355225,0.758755624294281,0.9817430377006531,0.018257461488246918,0.09809064120054245,0.9976126551628113,0.8160661458969116,0.8163684606552124
185.0,0.0,0.9877699017524719,0.0122301634401083,0.05670945346355438,0.9981252551078796,0.7952883839607239,0.7951464653015137,0.9877468347549438,0.012253325432538986,0.012686964124441147,0.9987136125564575,0.6013889312744141,0.6037564277648926
185.0,1.0,0.9872149229049683,0.01278351154178381,0.05821414291858673,0.99810391664505,0.7628746628761292,0.7631787061691284,0.9902095198631287,0.009790447540581226,0.02852025255560875,0.9985051155090332,0.8441957235336304,0.8432976007461548
185.0,2.0,0.9873515367507935,0.012648951262235641,0.05810627341270447,0.9980747103691101,0.8048500418663025,0.8049101829528809,0.9899215698242188,0.010078594088554382,0.02502104453742504,0.9987066388130188,0.6383287906646729,0.6385270953178406
185.0,3.0,0.9861957430839539,0.013803905807435513,0.05604008957743645,0.998185932636261,0.7602358460426331,0.760470986366272,0.9930034875869751,0.006996427197009325,0.04174269363284111,0.9981528520584106,0.8365405797958374,0.836117148399353
185.0,4.0,0.990774393081665,0.009225542657077312,0.030111398547887802,0.9984598159790039,0.758783221244812,0.7587561011314392,0.9817423820495605,0.01825745776295662,0.09809202700853348,0.9976121187210083,0.8160657286643982,0.8163699507713318
186.0,0.0,0.9877695441246033,0.01223017554730177,0.05669987201690674,0.9981249570846558,0.7952888011932373,0.795146107673645,0.9877467751502991,0.012253234162926674,0.012687076814472675,0.9987141489982605,0.6013908982276917,0.6037573218345642
186.0,1.0,0.987216055393219,0.01278349943459034,0.058210574090480804,0.9981032013893127,0.762874186038971,0.7631785869598389,0.9902098774909973,0.009790333919227123,0.028504028916358948,0.9985050559043884,0.8441941738128662,0.8432978987693787
186.0,2.0,0.987350344657898,0.012648981995880604,0.05810624733567238,0.9980760812759399,0.8048495650291443,0.804909884929657,0.9899213910102844,0.010078619234263897,0.025020863860845566,0.998707115650177,0.6383286118507385,0.6385279297828674
186.0,3.0,0.9861959218978882,0.013803892768919468,0.056040048599243164,0.9981849193572998,0.7602354288101196,0.7604703903198242,0.9930038452148438,0.006996375508606434,0.041742898523807526,0.9981528520584106,0.8365383744239807,0.8361170887947083
186.0,4.0,0.9907737374305725,0.00922555010765791,0.030107051134109497,0.9984607100486755,0.7587825655937195,0.7587557435035706,0.981742799282074,0.01825735904276371,0.09810951352119446,0.9976116418838501,0.8160645961761475,0.816367506980896
187.0,0.0,0.9877697825431824,0.01223019976168871,0.0567033514380455,0.9981247186660767,0.795288622379303,0.7951467633247375,0.98774653673172,0.012253524735569954,0.012687265872955322,0.9987143874168396,0.6013908982276917,0.6037573218345642
187.0,1.0,0.987216055393219,0.012783522717654705,0.05821746587753296,0.9981038570404053,0.76287442445755,0.7631793022155762,0.9902101159095764,0.009790493175387383,0.028520315885543823,0.9985049366950989,0.8441957831382751,0.8432976007461548
187.0,2.0,0.9873517155647278,0.012648903764784336,0.058102551847696304,0.9980756044387817,0.8048494458198547,0.8049109578132629,0.9899212121963501,0.010078717954456806,0.02502102218568325,0.9987070560455322,0.6383286118507385,0.6385266184806824
187.0,3.0,0.9861956238746643,0.013803948648273945,0.056055378168821335,0.9981856942176819,0.7602354288101196,0.7604694962501526,0.9930036067962646,0.006996369455009699,0.04174244403839111,0.9981528520584106,0.8365374803543091,0.8361162543296814
187.0,4.0,0.9907739162445068,0.009225526824593544,0.030111460015177727,0.9984602928161621,0.7587817907333374,0.7587552070617676,0.9817427396774292,0.01825733110308647,0.09810949862003326,0.9976122379302979,0.8160664439201355,0.8163691759109497
188.0,0.0,0.9877691864967346,0.01223008893430233,0.05670681968331337,0.9981253743171692,0.7952895760536194,0.7951467633247375,0.9877468347549438,0.012253332883119583,0.012687116861343384,0.9987133741378784,0.6013889908790588,0.6037554740905762
188.0,1.0,0.987216591835022,0.01278347335755825,0.05821409821510315,0.9981043338775635,0.7628734111785889,0.7631798386573792,0.9902099370956421,0.009790427051484585,0.02852001041173935,0.9985046982765198,0.8441946506500244,0.8432972431182861
188.0,2.0,0.9873502254486084,0.012648995034396648,0.0581066757440567,0.9980756044387817,0.80484938621521,0.8049101233482361,0.989920973777771,0.010078657418489456,0.025021115317940712,0.9987065196037292,0.6383287310600281,0.6385272145271301
188.0,3.0,0.9861961007118225,0.013803892768919468,0.056040309369564056,0.9981861114501953,0.760236918926239,0.760469913482666,0.9930031299591064,0.006996415089815855,0.041742630302906036,0.9981527328491211,0.8365390300750732,0.8361167311668396
188.0,4.0,0.9907742142677307,0.00922559667378664,0.030107073485851288,0.9984598159790039,0.7587833404541016,0.7587565183639526,0.9817428588867188,0.01825752481818199,0.0980922058224678,0.997611939907074,0.8160685896873474,0.8163692355155945
189.0,0.0,0.9877699017524719,0.012230224907398224,0.056703608483076096,0.9981254935264587,0.7952896356582642,0.7951459884643555,0.98774653673172,0.012253408320248127,0.012687250040471554,0.9987136125564575,0.6013889908790588,0.6037554144859314
189.0,1.0,0.9872162938117981,0.012783492915332317,0.05820709839463234,0.998103678226471,0.7628751993179321,0.7631789445877075,0.9902098774909973,0.009790449403226376,0.028520239517092705,0.9985054135322571,0.8441940546035767,0.8432973027229309
189.0,2.0,0.9873508214950562,0.01264903787523508,0.05810263007879257,0.9980760812759399,0.8048482537269592,0.8049116134643555,0.9899213314056396,0.010078677907586098,0.025021158158779144,0.9987066984176636,0.6383287906646729,0.6385265588760376
189.0,3.0,0.9861956238746643,0.013803894631564617,0.056043416261672974,0.9981847405433655,0.7602362632751465,0.760469913482666,0.9930033683776855,0.006996374577283859,0.041742611676454544,0.9981531500816345,0.8365393280982971,0.8361165523529053
189.0,4.0,0.9907743334770203,0.009225470013916492,0.030102601274847984,0.9984604716300964,0.7587830424308777,0.7587556838989258,0.9817432165145874,0.01825723610818386,0.09810049831867218,0.9976116418838501,0.8160647749900818,0.816368579864502
190.0,0.0,0.9877691864967346,0.012230166234076023,0.05669356882572174,0.9981256127357483,0.7952885627746582,0.7951467037200928,0.9877464771270752,0.01225333008915186,0.012687291949987411,0.9987137913703918,0.6013908386230469,0.603756308555603
190.0,1.0,0.9872159957885742,0.012783496640622616,0.05820677801966667,0.998103678226471,0.7628754377365112,0.7631792426109314,0.9902095198631287,0.009790555573999882,0.02852007746696472,0.9985051155090332,0.844194233417511,0.8432973027229309
190.0,2.0,0.9873511791229248,0.01264884416013956,0.058099132031202316,0.9980751276016235,0.8048498630523682,0.8049099445343018,0.9899210333824158,0.010078690014779568,0.02502092905342579,0.9987066388130188,0.6383289098739624,0.6385266780853271
190.0,3.0,0.9861963987350464,0.013803916051983833,0.05605160817503929,0.9981852769851685,0.7602366805076599,0.7604709267616272,0.9930037260055542,0.006996404845267534,0.04174249619245529,0.9981522560119629,0.8365382552146912,0.8361163139343262
190.0,4.0,0.9907745718955994,0.009225576184689999,0.03010707162320614,0.9984592199325562,0.7587823271751404,0.7587561011314392,0.9817423820495605,0.01825740560889244,0.09809349477291107,0.997611939907074,0.8160655498504639,0.816368043422699
191.0,0.0,0.9877699017524719,0.012230200693011284,0.0567064993083477,0.9981249570846558,0.7952892780303955,0.7951469421386719,0.9877462983131409,0.012253493070602417,0.012687597423791885,0.9987139105796814,0.6013907194137573,0.6037562489509583
191.0,1.0,0.9872159957885742,0.012783522717654705,0.05821092426776886,0.9981043934822083,0.7628737092018127,0.7631798386573792,0.9902092814445496,0.009790572337806225,0.028519893065094948,0.9985045194625854,0.8441942930221558,0.8432967066764832
191.0,2.0,0.9873501658439636,0.012648957781493664,0.05810954421758652,0.9980752468109131,0.8048505783081055,0.8049102425575256,0.9899214506149292,0.010078683495521545,0.025020966306328773,0.9987065196037292,0.6383261680603027,0.638525128364563
191.0,3.0,0.98619544506073,0.013803836889564991,0.05603935569524765,0.9981856346130371,0.7602354288101196,0.7604706883430481,0.9930030107498169,0.006996422540396452,0.041742585599422455,0.9981527328491211,0.836539626121521,0.8361162543296814
191.0,4.0,0.9907736778259277,0.009225581772625446,0.030111409723758698,0.9984604716300964,0.7587818503379822,0.7587558627128601,0.9817430973052979,0.018257366493344307,0.09810125082731247,0.9976121187210083,0.8160654902458191,0.8163678646087646
192.0,0.0,0.987768828868866,0.012230178341269493,0.056703269481658936,0.9981252551078796,0.7952895760536194,0.7951470613479614,0.9877465963363647,0.012253353372216225,0.01268753968179226,0.998714029788971,0.6013907790184021,0.603757381439209
192.0,1.0,0.987216055393219,0.012783508747816086,0.05821409821510315,0.9981043934822083,0.7628754377365112,0.763178288936615,0.9902088046073914,0.00979058351367712,0.028504079207777977,0.9985050559043884,0.8441939949989319,0.84329754114151
192.0,2.0,0.9873505234718323,0.012649018317461014,0.05810573324561119,0.9980760812759399,0.8048495650291443,0.8049101829528809,0.9899215698242188,0.01007869839668274,0.025039423257112503,0.9987069368362427,0.6383287906646729,0.6385270953178406
192.0,3.0,0.9861952066421509,0.013803969137370586,0.05603991076350212,0.9981856942176819,0.7602354288101196,0.7604711651802063,0.9930039048194885,0.006996425334364176,0.04174255207180977,0.998153030872345,0.8365390300750732,0.8361167311668396
192.0,4.0,0.9907748103141785,0.00922558456659317,0.030106978490948677,0.9984597563743591,0.7587825655937195,0.7587554454803467,0.9817423820495605,0.018257353454828262,0.09810978174209595,0.9976123571395874,0.8160660266876221,0.8163682222366333
193.0,0.0,0.9877694249153137,0.012230176478624344,0.0566936619579792,0.9981254935264587,0.795288622379303,0.7951456904411316,0.9877464771270752,0.012253377586603165,0.012687171809375286,0.998714804649353,0.6013936400413513,0.6037587523460388
193.0,1.0,0.9872166514396667,0.012783462181687355,0.05821753665804863,0.9981039762496948,0.7628747820854187,0.7631779909133911,0.9902095794677734,0.009790544398128986,0.02851988933980465,0.9985051155090332,0.8441940546035767,0.8432977795600891
193.0,2.0,0.9873506426811218,0.01264898106455803,0.05810592696070671,0.9980750679969788,0.8048496246337891,0.8049108386039734,0.9899216890335083,0.010078621096909046,0.025039130821824074,0.9987064599990845,0.6383287310600281,0.6385264992713928
193.0,3.0,0.9861952662467957,0.013803943060338497,0.056051336228847504,0.9981861710548401,0.7602354884147644,0.760470449924469,0.9930037260055542,0.006996448617428541,0.04174269363284111,0.9981529712677002,0.8365399837493896,0.8361170291900635
193.0,4.0,0.9907737374305725,0.009225559420883656,0.030106959864497185,0.9984610080718994,0.7587833404541016,0.7587566375732422,0.9817423224449158,0.01825743168592453,0.09809194505214691,0.9976117014884949,0.8160647749900818,0.8163682222366333
194.0,0.0,0.9877691864967346,0.01223019976168871,0.05670043081045151,0.9981251358985901,0.7952883243560791,0.795146107673645,0.9877463579177856,0.012253563851118088,0.012687308713793755,0.9987139105796814,0.6013908982276917,0.6037563681602478
194.0,1.0,0.9872154593467712,0.012783478945493698,0.058210860937833786,0.9981043338775635,0.7628739476203918,0.7631793022155762,0.9902094006538391,0.009790387935936451,0.028520064428448677,0.9985055923461914,0.844194233417511,0.8432969450950623
194.0,2.0,0.9873504042625427,0.012648929841816425,0.05810985714197159,0.9980757236480713,0.8048498034477234,0.8049107193946838,0.9899215698242188,0.010078590363264084,0.025020934641361237,0.9987068772315979,0.6383288502693176,0.6385272741317749
194.0,3.0,0.986195981502533,0.01380388718098402,0.05605550482869148,0.9981856346130371,0.7602359056472778,0.7604709267616272,0.9930034875869751,0.006996411830186844,0.04174274578690529,0.9981526136398315,0.836537778377533,0.8361160755157471
194.0,4.0,0.9907739758491516,0.009225516580045223,0.030111415311694145,0.9984604716300964,0.7587828040122986,0.7587559223175049,0.9817432165145874,0.01825733296573162,0.09809225797653198,0.9976119995117188,0.8160654902458191,0.8163675665855408
195.0,0.0,0.9877693057060242,0.012230154126882553,0.056696824729442596,0.9981252551078796,0.7952895760536194,0.7951470613479614,0.9877465963363647,0.012253379449248314,0.0126871382817626,0.9987135529518127,0.6013911366462708,0.6037567853927612
195.0,1.0,0.9872159957885742,0.012783484533429146,0.05820691958069801,0.998103678226471,0.7628747820854187,0.7631790041923523,0.9902092218399048,0.009790642186999321,0.028504135087132454,0.998504638671875,0.8441944122314453,0.8432972431182861
195.0,2.0,0.9873507022857666,0.012649061158299446,0.05810275301337242,0.9980754852294922,0.8048500418663025,0.8049101233482361,0.9899218082427979,0.010078581050038338,0.025020910426974297,0.9987065196037292,0.6383286118507385,0.6385265588760376
195.0,3.0,0.9861958026885986,0.013803975656628609,0.05604757368564606,0.9981857538223267,0.7602351903915405,0.7604703903198242,0.9930039048194885,0.006996432319283485,0.04174244403839111,0.9981529712677002,0.8365401029586792,0.8361169695854187
195.0,4.0,0.9907739758491516,0.009225616231560707,0.030111631378531456,0.9984601736068726,0.7587807774543762,0.7587546706199646,0.9817420244216919,0.01825748383998871,0.0980822890996933,0.9976121187210083,0.8160688877105713,0.8163697719573975
196.0,0.0,0.9877696633338928,0.012230164371430874,0.0567002110183239,0.9981250166893005,0.7952879667282104,0.7951460480690002,0.9877467751502991,0.012253337539732456,0.01268717274069786,0.998713493347168,0.6013889908790588,0.603755533695221
196.0,1.0,0.9872161746025085,0.012783537618815899,0.05822141841053963,0.9981045126914978,0.7628756761550903,0.7631798386573792,0.9902099967002869,0.009790458716452122,0.0285040196031332,0.9985049366950989,0.8441940546035767,0.8432965874671936
196.0,2.0,0.9873500466346741,0.01264900155365467,0.05810600519180298,0.9980754852294922,0.8048484921455383,0.8049107193946838,0.9899212121963501,0.010078619234263897,0.025020873174071312,0.9987070560455322,0.6383287906646729,0.6385271549224854
196.0,3.0,0.9861961007118225,0.013803897425532341,0.056055326014757156,0.9981849193572998,0.7602362036705017,0.7604717016220093,0.9930034875869751,0.0069964234717190266,0.0417427234351635,0.9981522560119629,0.8365394473075867,0.8361167311668396
196.0,4.0,0.9907743334770203,0.009225547313690186,0.030102554708719254,0.9984597563743591,0.7587827444076538,0.7587556838989258,0.9817426204681396,0.01825733669102192,0.09810005128383636,0.997611939907074,0.8160641193389893,0.8163678050041199
197.0,0.0,0.9877693057060242,0.012230200693011284,0.05670352652668953,0.9981249570846558,0.7952889204025269,0.7951457500457764,0.9877468943595886,0.01225325558334589,0.012687676586210728,0.9987143874168396,0.6013907790184021,0.6037572026252747
197.0,1.0,0.9872158169746399,0.012783510610461235,0.058214232325553894,0.9981038570404053,0.7628751993179321,0.7631778717041016,0.9902101159095764,0.00979035533964634,0.0285040270537138,0.9985049962997437,0.8441954255104065,0.8432976603507996
197.0,2.0,0.9873510599136353,0.012648976407945156,0.0580989308655262,0.9980759620666504,0.8048503994941711,0.804909884929657,0.9899213314056396,0.010078679770231247,0.02502097375690937,0.9987069368362427,0.6383286714553833,0.6385271549224854
197.0,3.0,0.9861961007118225,0.013803916051983833,0.05605494603514671,0.9981850981712341,0.7602360248565674,0.7604707479476929,0.9930034875869751,0.006996435113251209,0.04174278303980827,0.998153030872345,0.8365392684936523,0.8361169099807739
197.0,4.0,0.9907743334770203,0.009225517511367798,0.03011135384440422,0.998460054397583,0.7587817907333374,0.758755624294281,0.9817423820495605,0.018257368355989456,0.09808270633220673,0.9976114630699158,0.8160654902458191,0.8163677453994751
198.0,0.0,0.9877687096595764,0.0122301634401083,0.05669698864221573,0.9981249570846558,0.7952883839607239,0.7951458096504211,0.9877467751502991,0.012253424152731895,0.012687057256698608,0.9987138509750366,0.6013919115066528,0.6037567853927612
198.0,1.0,0.9872166514396667,0.012783556245267391,0.058214347809553146,0.9981037974357605,0.7628757357597351,0.7631791830062866,0.9902098774909973,0.009790491312742233,0.02852005511522293,0.9985060691833496,0.8441968560218811,0.843299925327301
198.0,2.0,0.9873508214950562,0.012649055570363998,0.05811707302927971,0.9980766773223877,0.8048489093780518,0.8049103617668152,0.9899213314056396,0.010078615508973598,0.025020848959684372,0.9987068772315979,0.6383286714553833,0.6385267376899719
198.0,3.0,0.9861962199211121,0.013803907670080662,0.056036416441202164,0.998185396194458,0.7602354288101196,0.7604706287384033,0.9930036067962646,0.0069964309222996235,0.04174279794096947,0.9981528520584106,0.8365376591682434,0.8361163139343262
198.0,4.0,0.9907738566398621,0.009225551038980484,0.03011147491633892,0.9984602928161621,0.7587822675704956,0.7587549686431885,0.981742262840271,0.018257467076182365,0.0980917289853096,0.9976115226745605,0.8160663843154907,0.816368043422699
199.0,0.0,0.9877702593803406,0.012230201624333858,0.056700024753808975,0.9981245994567871,0.7952885031700134,0.7951461672782898,0.9877466559410095,0.012253458611667156,0.012687280774116516,0.998714029788971,0.6013918519020081,0.603756844997406
199.0,1.0,0.9872159361839294,0.01278349757194519,0.05821818485856056,0.9981043934822083,0.7628743052482605,0.7631800174713135,0.9902095198631287,0.009790286421775818,0.028503872454166412,0.9985051155090332,0.8441956639289856,0.8432990312576294
199.0,2.0,0.9873504638671875,0.012648978270590305,0.05811326205730438,0.998075544834137,0.8048492670059204,0.804909884929657,0.9899215698242188,0.01007863599807024,0.025021245703101158,0.9987062811851501,0.6383267045021057,0.6385252475738525
199.0,3.0,0.9861963391304016,0.013803891837596893,0.056040193885564804,0.9981860518455505,0.7602362632751465,0.7604707479476929,0.9930034875869751,0.006996381562203169,0.04174288734793663,0.9981535077095032,0.8365407586097717,0.8361180424690247
199.0,4.0,0.9907750487327576,0.009225519374012947,0.03010701574385166,0.9984591007232666,0.7587823271751404,0.7587555050849915,0.981742799282074,0.018257420510053635,0.09811819344758987,0.9976117610931396,0.8160665035247803,0.8163690567016602
