epoch,fold,dice_train,loss_train,bce_train,accuracy_train,precision_train,f1_train,dice_test,loss_test,bce_test,accuracy_test,precision_test,f1_test
0.0,0.0,0.6470693349838257,0.35293033719062805,0.6757804155349731,0.9328591227531433,0.6414027810096741,0.6187115907669067,0.43444913625717163,0.5655508041381836,0.3433865010738373,0.9163820147514343,0.6790510416030884,0.3291313946247101
0.0,1.0,0.6988765001296997,0.30112308263778687,0.830568253993988,0.9604489207267761,0.6540170311927795,0.5829750299453735,0.4894104599952698,0.5105895400047302,3.1691839694976807,0.9234040379524231,0.8841337561607361,0.47860005497932434
0.0,2.0,0.7133150696754456,0.2866857349872589,0.8641564846038818,0.9605969190597534,0.6752611994743347,0.6211651563644409,0.7817437052726746,0.21825623512268066,0.8818902969360352,0.9727137684822083,0.6558756232261658,0.6300649642944336
0.0,3.0,0.8247405886650085,0.17525850236415863,0.535906970500946,0.9772641062736511,0.75634765625,0.7114815711975098,0.8818026185035706,0.11819764971733093,0.08469454944133759,0.990134596824646,0.7803545594215393,0.8069272637367249
0.0,4.0,0.8849012851715088,0.11509906500577927,0.28103941679000854,0.9843021035194397,0.7926865220069885,0.7708147764205933,0.1597445160150528,0.8402553796768188,1.8803908824920654,0.9061076641082764,0.12206573039293289,0.004244234878569841
1.0,0.0,0.8573086857795715,0.1426907330751419,0.4248928129673004,0.9827041029930115,0.7871242165565491,0.7561464309692383,0.2625146806240082,0.7374858260154724,1.5554479360580444,0.8817902207374573,0.11713665723800659,0.026842251420021057
1.0,1.0,0.834284782409668,0.16571547091007233,0.6018496155738831,0.9789457321166992,0.7088539004325867,0.6661180853843689,0.9403277039527893,0.05967264994978905,0.07647942006587982,0.993817925453186,0.9325741529464722,0.930980384349823
1.0,2.0,0.8776645660400391,0.12233541160821915,0.22242090106010437,0.9872025847434998,0.8042998909950256,0.7782690525054932,0.8071452975273132,0.19285482168197632,0.9524112343788147,0.974772036075592,0.6585646867752075,0.6427761912345886
1.0,3.0,0.9040343165397644,0.09596481174230576,0.2476678043603897,0.988767147064209,0.7931577563285828,0.7791793346405029,0.9459476470947266,0.05405231565237045,0.12259285897016525,0.9919263124465942,0.8091650605201721,0.8283553719520569
1.0,4.0,0.9264246821403503,0.0735754668712616,0.23119956254959106,0.9896935224533081,0.812558114528656,0.8032087683677673,0.7922190427780151,0.2077806293964386,0.07094737142324448,0.9912431240081787,0.7316026091575623,0.7120236754417419
2.0,0.0,0.8904415965080261,0.10955867171287537,0.4077889621257782,0.9867317080497742,0.8164874911308289,0.7908040881156921,0.8254073858261108,0.17459392547607422,0.25603196024894714,0.9708487391471863,0.7290512919425964,0.6091256141662598
2.0,1.0,0.8865197896957397,0.1134796068072319,0.3595110774040222,0.9850970506668091,0.7336596846580505,0.7110772728919983,0.9506722688674927,0.04932798817753792,0.07274766266345978,0.9942084550857544,0.949882447719574,0.9446287751197815
2.0,2.0,0.946624219417572,0.05337623879313469,0.07134345918893814,0.9937906861305237,0.8373152613639832,0.8323277235031128,0.8399016261100769,0.16009825468063354,1.0522633790969849,0.9755954146385193,0.6596355438232422,0.620965838432312
2.0,3.0,0.8626861572265625,0.137313574552536,0.6065077781677246,0.9843690991401672,0.7614777684211731,0.7381824254989624,0.9598268270492554,0.040173280984163284,0.0849270299077034,0.9937957525253296,0.8505508899688721,0.8446474671363831
2.0,4.0,0.9287168979644775,0.07128360867500305,0.30760908126831055,0.9900178909301758,0.8139933347702026,0.8006159663200378,0.8877681493759155,0.11223194003105164,0.07264094054698944,0.9944959282875061,0.7694565057754517,0.7343754172325134
3.0,0.0,0.9247184991836548,0.07528213411569595,0.29453620314598083,0.9899978041648865,0.8310931324958801,0.81955486536026,0.9051610827445984,0.09483911097049713,0.11323025822639465,0.9924073219299316,0.7062738537788391,0.6745080947875977
3.0,1.0,0.9252358675003052,0.07476408779621124,0.2582777440547943,0.9902163147926331,0.7654628753662109,0.7524397969245911,0.9613916277885437,0.03860814496874809,0.05186137184500694,0.99556565284729,0.9624199867248535,0.9552708864212036
3.0,2.0,0.9472925066947937,0.05270756781101227,0.075526162981987,0.9944669604301453,0.8431259393692017,0.8363887667655945,0.8626506924629211,0.13734930753707886,1.002320408821106,0.9764602184295654,0.6754986047744751,0.6445677280426025
3.0,3.0,0.9221038222312927,0.07789577543735504,0.2588503062725067,0.9908521175384521,0.8079907894134521,0.7953603863716125,0.9516368508338928,0.048363395035266876,0.07991015911102295,0.993716835975647,0.8211302757263184,0.8378925323486328
3.0,4.0,0.933454155921936,0.06654638797044754,0.23992560803890228,0.9913080334663391,0.8208632469177246,0.814494252204895,0.9439190626144409,0.056081000715494156,0.0317683145403862,0.9960964918136597,0.8108733892440796,0.7929303050041199
4.0,0.0,0.9350625872612,0.06493740528821945,0.24678653478622437,0.9915053248405457,0.839096188545227,0.8316279649734497,0.9624125957489014,0.03758756443858147,0.029945826157927513,0.9955767393112183,0.7493178248405457,0.7436038255691528
4.0,1.0,0.93455570936203,0.06544487923383713,0.24810665845870972,0.9910662770271301,0.7726855278015137,0.7620278596878052,0.9621957540512085,0.037804216146469116,0.052708908915519714,0.9958499073982239,0.9656162858009338,0.9549195170402527
4.0,2.0,0.920090913772583,0.07990965247154236,0.6149488687515259,0.9890756607055664,0.8299861550331116,0.8104274868965149,0.8415926098823547,0.15840737521648407,1.0135059356689453,0.9746882319450378,0.658958375453949,0.6383183598518372
4.0,3.0,0.9410026669502258,0.05899735912680626,0.2583838701248169,0.991844892501831,0.818141758441925,0.8081827163696289,0.9702048897743225,0.029795300215482712,0.07256235927343369,0.9945091009140015,0.8359776735305786,0.8517690896987915
4.0,4.0,0.9311375021934509,0.06886265426874161,0.4851130545139313,0.9889518618583679,0.8246315717697144,0.8054283261299133,0.956287145614624,0.043713007122278214,0.025422964245080948,0.9962253570556641,0.8234826922416687,0.805961012840271
5.0,0.0,0.9428569078445435,0.05714206025004387,0.2500726282596588,0.9918089509010315,0.845657229423523,0.8381054997444153,0.9723359942436218,0.02766425535082817,0.03038824163377285,0.9960104823112488,0.7521160244941711,0.7471539974212646
5.0,1.0,0.9468674659729004,0.05313309654593468,0.25142428278923035,0.9918258786201477,0.7773650288581848,0.7685868144035339,0.9653086066246033,0.03469127416610718,0.049710895866155624,0.9962076544761658,0.9585813283920288,0.9593323469161987
5.0,2.0,0.9575661420822144,0.042433496564626694,0.05345910042524338,0.9954716563224792,0.8500474095344543,0.8433051705360413,0.865865170955658,0.1341346949338913,1.0949079990386963,0.9770539402961731,0.6856355667114258,0.6465248465538025
5.0,3.0,0.940817654132843,0.05918201804161072,0.2557224631309509,0.9921512007713318,0.8193221092224121,0.8100498914718628,0.9686133861541748,0.03138637915253639,0.04305047541856766,0.9952283501625061,0.8514323234558105,0.8537901639938354
5.0,4.0,0.9441331028938293,0.05586780980229378,0.2541316747665405,0.9922531247138977,0.82874596118927,0.819083034992218,0.9453047513961792,0.0546954981982708,0.025574319064617157,0.9967116117477417,0.8088659644126892,0.7934826612472534
6.0,0.0,0.9357663989067078,0.06423451751470566,0.2814933955669403,0.991942286491394,0.8419103026390076,0.8295602798461914,0.9353646039962769,0.06463541835546494,0.03935586288571358,0.9951159954071045,0.7512953281402588,0.7465603947639465
6.0,1.0,0.941189169883728,0.05881177634000778,0.2646171748638153,0.9919036626815796,0.7776554226875305,0.7686479091644287,0.9670484662055969,0.03295114263892174,0.03504303842782974,0.9964473247528076,0.9696305990219116,0.9609135985374451
6.0,2.0,0.9718382358551025,0.028163082897663116,0.03021356649696827,0.9965892434120178,0.8600033521652222,0.8567856550216675,0.8677488565444946,0.1322513371706009,1.168189525604248,0.9774956703186035,0.6897408962249756,0.6482337713241577
6.0,3.0,0.949704110622406,0.05029536783695221,0.2444460242986679,0.9930977821350098,0.825188934803009,0.8156039714813232,0.9699269533157349,0.030073566362261772,0.04249358922243118,0.9958612322807312,0.8464804887771606,0.8535217046737671
6.0,4.0,0.9528675079345703,0.04713240638375282,0.24600036442279816,0.992979109287262,0.8343901038169861,0.8259069919586182,0.9572456479072571,0.042754869908094406,0.021336862817406654,0.9971416592597961,0.8278840780258179,0.8125661015510559
7.0,0.0,0.9419173002243042,0.05808272212743759,0.2697618007659912,0.9927882552146912,0.8492141962051392,0.8371325135231018,0.968497633934021,0.031502414494752884,0.03164612129330635,0.9968124032020569,0.7488912343978882,0.7404022812843323
7.0,1.0,0.9426789879798889,0.0573209710419178,0.31531307101249695,0.9917173981666565,0.782410204410553,0.7701435685157776,0.971245288848877,0.02875502221286297,0.04145427420735359,0.9967538714408875,0.9744531512260437,0.9668505191802979
7.0,2.0,0.9747390747070312,0.025261763483285904,0.02870982326567173,0.9969117045402527,0.86197829246521,0.8599919080734253,0.8705986142158508,0.12940168380737305,1.1937369108200073,0.9778612852096558,0.6798473000526428,0.6530792117118835
7.0,3.0,0.9547076225280762,0.045292627066373825,0.24158814549446106,0.9936038851737976,0.8282642364501953,0.8212584257125854,0.9690621495246887,0.030938375741243362,0.04855853691697121,0.9955598711967468,0.8401815891265869,0.8522628545761108
7.0,4.0,0.9586776494979858,0.041322819888591766,0.23073536157608032,0.9938485026359558,0.8367561101913452,0.8312858939170837,0.9614371061325073,0.038562923669815063,0.019484804943203926,0.9976899027824402,0.8232141733169556,0.81035977602005
8.0,0.0,0.950040340423584,0.049959491938352585,0.23638631403446198,0.9937572479248047,0.8519272208213806,0.845353901386261,0.9779835939407349,0.022016800940036774,0.016659855842590332,0.9969016313552856,0.7637094259262085,0.7518673539161682
8.0,1.0,0.9552170634269714,0.044783491641283035,0.229135200381279,0.993837833404541,0.7818079590797424,0.7774661183357239,0.9728600382804871,0.027139876037836075,0.037990275770425797,0.9970725774765015,0.9790170788764954,0.9671082496643066
8.0,2.0,0.9724780917167664,0.02752065472304821,0.030648622661828995,0.996911883354187,0.8632935881614685,0.8597813844680786,0.8804750442504883,0.1195245236158371,1.0928446054458618,0.9800512790679932,0.6848055720329285,0.6621630787849426
8.0,3.0,0.9554725289344788,0.04452696070075035,0.21905989944934845,0.9943046569824219,0.8272717595100403,0.8216952681541443,0.9784515500068665,0.021548449993133545,0.037361472845077515,0.9963274002075195,0.8567295074462891,0.857102632522583
8.0,4.0,0.9598397016525269,0.04015932232141495,0.22105756402015686,0.994296133518219,0.8361563086509705,0.8321253061294556,0.9679467082023621,0.032053474336862564,0.030036263167858124,0.9970979690551758,0.8068366050720215,0.8236749768257141
9.0,0.0,0.9589411616325378,0.041059382259845734,0.21806946396827698,0.9944765567779541,0.8566057682037354,0.8522723317146301,0.9786756038665771,0.021324265748262405,0.01989516243338585,0.9970692992210388,0.7588123679161072,0.75458163022995
9.0,1.0,0.9571458101272583,0.0428546741604805,0.22654765844345093,0.9942643642425537,0.7861056327819824,0.78125,0.9752885103225708,0.024711407721042633,0.036741703748703,0.9972963333129883,0.9794306755065918,0.9695202708244324
9.0,2.0,0.9735549092292786,0.02644490636885166,0.03237726911902428,0.9971024990081787,0.8621999621391296,0.858973503112793,0.8846590518951416,0.11534123867750168,1.0785191059112549,0.9806014895439148,0.6896838545799255,0.6662010550498962
9.0,3.0,0.9593583345413208,0.04064132645726204,0.21051672101020813,0.9947395920753479,0.8313042521476746,0.8265154361724854,0.9813134074211121,0.01868678443133831,0.03988897055387497,0.9964665770530701,0.8566380739212036,0.8610199093818665
9.0,4.0,0.9542720317840576,0.04572758451104164,0.22435405850410461,0.9939936399459839,0.8345769047737122,0.8282546997070312,0.96736741065979,0.032633133232593536,0.014919410459697247,0.9978055953979492,0.8291430473327637,0.816778838634491
10.0,0.0,0.959532618522644,0.040467847138643265,0.2057134509086609,0.9946460723876953,0.8585476279258728,0.854629397392273,0.9761682748794556,0.02383173070847988,0.015741756185889244,0.9975045919418335,0.7489593029022217,0.7515172362327576
10.0,1.0,0.9592635631561279,0.04073701053857803,0.23603974282741547,0.9941389560699463,0.787157416343689,0.7828051447868347,0.9749406576156616,0.02505926415324211,0.0522928461432457,0.9972395896911621,0.9802266955375671,0.9692115187644958
10.0,2.0,0.9793523550033569,0.02064782939851284,0.02972593531012535,0.9974161386489868,0.8673811554908752,0.8656291365623474,0.9029877185821533,0.09701277315616608,0.9315651655197144,0.9845725297927856,0.7015324234962463,0.6854107975959778
10.0,3.0,0.9633280634880066,0.03667227551341057,0.20062661170959473,0.9950422048568726,0.8343954086303711,0.8301376104354858,0.981974720954895,0.018025174736976624,0.03406933322548866,0.9967290163040161,0.8615652322769165,0.8635172843933105
10.0,4.0,0.9602232575416565,0.03977670520544052,0.22578884661197662,0.9944458603858948,0.8384830951690674,0.8331878781318665,0.9722880125045776,0.027711981907486916,0.023976922035217285,0.9976906180381775,0.8255484700202942,0.8259070515632629
11.0,0.0,0.9587405920028687,0.0412587970495224,0.22842825949192047,0.9946800470352173,0.8571364283561707,0.8514048457145691,0.9800829887390137,0.01991686411201954,0.01676676608622074,0.9975336194038391,0.7566367387771606,0.7521366477012634
11.0,1.0,0.9586393237113953,0.04136022925376892,0.21899056434631348,0.9945467114448547,0.7864112257957458,0.7811793684959412,0.9744095206260681,0.02559017390012741,0.0410006120800972,0.997202455997467,0.981423020362854,0.9679515361785889
11.0,2.0,0.9740781188011169,0.02592121809720993,0.039262015372514725,0.9970800280570984,0.8644416928291321,0.8616828322410583,0.8844460844993591,0.11555390805006027,0.9923706650733948,0.9818227887153625,0.6845537424087524,0.6722785830497742
11.0,3.0,0.964237630367279,0.035762496292591095,0.19528813660144806,0.9951169490814209,0.8360176086425781,0.8310741782188416,0.9750349521636963,0.02496546320617199,0.1220320612192154,0.9946884512901306,0.8391316533088684,0.8561667799949646
11.0,4.0,0.9669116139411926,0.033088769763708115,0.14319516718387604,0.9955524206161499,0.841859757900238,0.8407065868377686,0.97835373878479,0.021646175533533096,0.017449287697672844,0.9980867505073547,0.8308809399604797,0.8301624655723572
12.0,0.0,0.9631088376045227,0.03689153119921684,0.1387968808412552,0.9957171678543091,0.8593916893005371,0.8566632866859436,0.9826805591583252,0.017319578677415848,0.02560565620660782,0.9966703653335571,0.7649050951004028,0.757575273513794
12.0,1.0,0.9606845378875732,0.03931484371423721,0.15599530935287476,0.9951125383377075,0.7864391803741455,0.7827407717704773,0.9779043793678284,0.022096024826169014,0.03887827321887016,0.9974192976951599,0.9828059077262878,0.9735655188560486
12.0,2.0,0.9808380007743835,0.019162220880389214,0.028429552912712097,0.9975506067276001,0.867359459400177,0.8656764626502991,0.9096400141716003,0.09036034345626831,0.6494898200035095,0.9864652156829834,0.6887578368186951,0.6925532817840576
12.0,3.0,0.9674592018127441,0.03254090994596481,0.11200106143951416,0.9962130188941956,0.8350993990898132,0.833709716796875,0.9786322712898254,0.0213677529245615,0.04821672663092613,0.9966045618057251,0.8541101813316345,0.8612005114555359
12.0,4.0,0.9681463241577148,0.03185351565480232,0.136661559343338,0.995814859867096,0.8434079885482788,0.8412459492683411,0.971401035785675,0.02859904058277607,0.01766929402947426,0.9980744123458862,0.8298962116241455,0.8210455179214478
13.0,0.0,0.9679365158081055,0.03206254169344902,0.10859239846467972,0.9961050152778625,0.8630756139755249,0.8620334267616272,0.9797725677490234,0.020227400586009026,0.014902771450579166,0.9975596070289612,0.7618362903594971,0.7518066167831421
13.0,1.0,0.9695602059364319,0.030440131202340126,0.09737734496593475,0.9962663054466248,0.7926788330078125,0.7924589514732361,0.9777612090110779,0.022238904610276222,0.04411022365093231,0.9975683689117432,0.9751871824264526,0.9736218452453613
13.0,2.0,0.9790388345718384,0.020962195470929146,0.02909003756940365,0.9974241852760315,0.8662735223770142,0.8638883233070374,0.8487427830696106,0.15125736594200134,0.622164249420166,0.9855906963348389,0.6941015124320984,0.6917580366134644
13.0,3.0,0.9662542939186096,0.033745177090168,0.12616167962551117,0.9959937334060669,0.8363613486289978,0.8336573839187622,0.9830384850502014,0.01696145348250866,0.03280434384942055,0.9968994855880737,0.8623181581497192,0.8646834492683411
13.0,4.0,0.9695755839347839,0.030424263328313828,0.1109904795885086,0.9961228966712952,0.8454165458679199,0.8427852988243103,0.9796867370605469,0.02031325362622738,0.016299128532409668,0.9982008934020996,0.8309711813926697,0.8349324464797974
14.0,0.0,0.9704608917236328,0.029539689421653748,0.09657780081033707,0.9964911937713623,0.8662869334220886,0.8651041388511658,0.9791157841682434,0.020884381607174873,0.020764712244272232,0.9973472952842712,0.7550379037857056,0.7518346905708313
14.0,1.0,0.9686415791511536,0.031358156353235245,0.09355361759662628,0.9962471127510071,0.7928280234336853,0.792011022567749,0.9777377247810364,0.02226267196238041,0.04845508188009262,0.9974068403244019,0.9787954092025757,0.9732062816619873
14.0,2.0,0.9780188798904419,0.02198190428316593,0.03182825818657875,0.9975240230560303,0.8663674592971802,0.8631901144981384,0.9326103329658508,0.06738945096731186,0.4066077470779419,0.9911593794822693,0.7090010046958923,0.7141225934028625
14.0,3.0,0.9706207513809204,0.02937999926507473,0.0847397893667221,0.9966815710067749,0.8395161628723145,0.8376474976539612,0.9857067465782166,0.014293316751718521,0.02995353564620018,0.9972521066665649,0.866236686706543,0.8666180372238159
14.0,4.0,0.9732439517974854,0.026755858212709427,0.07673609256744385,0.9966234564781189,0.8471751809120178,0.8462836146354675,0.9323706030845642,0.06762946397066116,0.01808774843811989,0.997929036617279,0.8246522545814514,0.8316356539726257
15.0,0.0,0.9718104004859924,0.02819024585187435,0.09033958613872528,0.9964094758033752,0.8674657344818115,0.8653901219367981,0.9857632517814636,0.014236734248697758,0.014525600709021091,0.9977133274078369,0.7662436962127686,0.7610594034194946
15.0,1.0,0.9745165705680847,0.02548370137810707,0.07208792865276337,0.9966754913330078,0.7986121773719788,0.7973218560218811,0.9802560806274414,0.01974407583475113,0.04184391349554062,0.9976667165756226,0.9794001579284668,0.9750670790672302
15.0,2.0,0.9806085824966431,0.019391661509871483,0.03144711256027222,0.997581958770752,0.8669523000717163,0.8654613494873047,0.9074932932853699,0.09250684827566147,0.5924001932144165,0.9874551892280579,0.7232118248939514,0.6877260208129883
15.0,3.0,0.9668219089508057,0.03317831829190254,0.1470184028148651,0.9958235621452332,0.8389922380447388,0.8349748253822327,0.9791531562805176,0.020846854895353317,0.04166768863797188,0.9968461990356445,0.8630768060684204,0.8566669225692749
15.0,4.0,0.9720035791397095,0.02799641340970993,0.08649954199790955,0.9964501261711121,0.8464046120643616,0.845359206199646,0.9829496741294861,0.01705005392432213,0.017758050933480263,0.9981358647346497,0.8385536074638367,0.8374931812286377
16.0,0.0,0.9739097356796265,0.026090772822499275,0.07490437477827072,0.9968318343162537,0.8676842451095581,0.86737459897995,0.9819676280021667,0.018032178282737732,0.017783841118216515,0.9972401857376099,0.7587029337882996,0.7553183436393738
16.0,1.0,0.9697450995445251,0.03025476075708866,0.10030980408191681,0.9961792826652527,0.795625627040863,0.792911946773529,0.9838998913764954,0.016099536791443825,0.040742427110672,0.9977660775184631,0.9787712097167969,0.9801240563392639
16.0,2.0,0.9831019043922424,0.01689760573208332,0.027700748294591904,0.9977432489395142,0.8703437447547913,0.8694637417793274,0.9379151463508606,0.062084827572107315,0.4145767092704773,0.9918782711029053,0.6974208950996399,0.720066487789154
16.0,3.0,0.9701865315437317,0.029813535511493683,0.07216966897249222,0.9967772364616394,0.8377045392990112,0.836920976638794,0.9818376898765564,0.018162470310926437,0.04266589507460594,0.9970280528068542,0.8641753792762756,0.8615530133247375
16.0,4.0,0.9740117192268372,0.02598787099123001,0.059973809868097305,0.9970607161521912,0.8465166687965393,0.8452005982398987,0.9562559723854065,0.04374433308839798,0.1052866280078888,0.9965525269508362,0.7976517081260681,0.8117036819458008
17.0,0.0,0.9682561159133911,0.03174404799938202,0.08806025236845016,0.9965015053749084,0.8679001927375793,0.8662950992584229,0.9863075613975525,0.013692331500351429,0.012527268379926682,0.9978212714195251,0.7646850943565369,0.761345624923706
17.0,1.0,0.9761732220649719,0.02382608875632286,0.061803534626960754,0.996924102306366,0.8000338673591614,0.7992759346961975,0.9836697578430176,0.016330132260918617,0.0349201001226902,0.997820258140564,0.9817702174186707,0.9788556694984436
17.0,2.0,0.9821081161499023,0.017891783267259598,0.027412422001361847,0.9976757764816284,0.8700187802314758,0.8680087327957153,0.9455029368400574,0.05449729785323143,0.293081134557724,0.9930915236473083,0.711931586265564,0.7268210649490356
17.0,3.0,0.975786566734314,0.0242131520062685,0.0771121010184288,0.9969102144241333,0.843235194683075,0.8429428935050964,0.9811017513275146,0.018898671492934227,0.03256359323859215,0.9971534013748169,0.8578073382377625,0.8624417781829834
17.0,4.0,0.9768788814544678,0.02312101051211357,0.06427612900733948,0.9968842267990112,0.8493760824203491,0.8498796820640564,0.9808675050735474,0.01913205161690712,0.01892092078924179,0.9981624484062195,0.8365836143493652,0.8318570256233215
18.0,0.0,0.9770034551620483,0.022997459396719933,0.06159645691514015,0.9970851540565491,0.8709667921066284,0.8706487417221069,0.9837141633033752,0.016286198049783707,0.011936281807720661,0.9978948831558228,0.7617024183273315,0.761403501033783
18.0,1.0,0.9768786430358887,0.023121492937207222,0.05528218299150467,0.9971451759338379,0.7996524572372437,0.7993339896202087,0.9855367541313171,0.014462723396718502,0.04809771478176117,0.9976959228515625,0.9788550734519958,0.9826732873916626
18.0,2.0,0.9834024310112,0.016598369926214218,0.026757800951600075,0.9978111386299133,0.8714212775230408,0.8700385689735413,0.9489418864250183,0.051057927310466766,0.24353823065757751,0.9937276244163513,0.7208954691886902,0.7320000529289246
18.0,3.0,0.9752785563468933,0.02472241409122944,0.06451588869094849,0.9971188902854919,0.8434266448020935,0.8429171442985535,0.9855586290359497,0.014441926963627338,0.03749173507094383,0.9972037672996521,0.8601354360580444,0.8656948804855347
18.0,4.0,0.9792057871818542,0.020795052871108055,0.05461925268173218,0.9972325563430786,0.8538345098495483,0.8525458574295044,0.9836910963058472,0.016308974474668503,0.014960027299821377,0.9983806610107422,0.8386222124099731,0.836162805557251
19.0,0.0,0.9749748706817627,0.025025613605976105,0.060821715742349625,0.9971926808357239,0.8695942163467407,0.8685229420661926,0.9861153364181519,0.013884270563721657,0.012635315768420696,0.9978840947151184,0.7613253593444824,0.7611628770828247
19.0,1.0,0.9729642868041992,0.027036545798182487,0.05954328551888466,0.9970616102218628,0.7971095442771912,0.7970118522644043,0.9766144752502441,0.023385532200336456,0.05163713917136192,0.9974848031997681,0.9848583936691284,0.9704594016075134
19.0,2.0,0.9837400913238525,0.01625971496105194,0.028492001816630363,0.9977882504463196,0.8714087009429932,0.8696033358573914,0.9481755495071411,0.05182504653930664,0.24611343443393707,0.9935421347618103,0.7149443030357361,0.7311303615570068
19.0,3.0,0.9777060151100159,0.022294064983725548,0.05299155041575432,0.9973857998847961,0.8449572920799255,0.844797670841217,0.9853230118751526,0.01467670314013958,0.030804134905338287,0.9972532987594604,0.8725557923316956,0.8654864430427551
19.0,4.0,0.9751019477844238,0.02489783987402916,0.06102064996957779,0.9971186518669128,0.8490073680877686,0.8492298126220703,0.965175211429596,0.034824270755052567,0.02125738188624382,0.9979119896888733,0.8303858637809753,0.8247193098068237
20.0,0.0,0.9763167500495911,0.023683669045567513,0.057802315801382065,0.9971889853477478,0.8714690208435059,0.871437668800354,0.9851487874984741,0.014851301908493042,0.013210981152951717,0.9977933168411255,0.7653552293777466,0.7605800032615662
20.0,1.0,0.9786099195480347,0.021390315145254135,0.04870252683758736,0.9973345398902893,0.802630603313446,0.8018583059310913,0.9839569330215454,0.016043148934841156,0.036056339740753174,0.9978852868080139,0.9812873005867004,0.979282796382904
20.0,2.0,0.9849438071250916,0.015055608935654163,0.025007784366607666,0.9979414939880371,0.8710280656814575,0.8703950643539429,0.957175076007843,0.04282495751976967,0.1493804007768631,0.9948278069496155,0.7473434209823608,0.742534875869751
20.0,3.0,0.9779831767082214,0.022018080577254295,0.05843965336680412,0.9972591996192932,0.8457347750663757,0.8454332947731018,0.9861906170845032,0.01380964182317257,0.031592804938554764,0.997414767742157,0.8683667778968811,0.8645386695861816
20.0,4.0,0.9795914888381958,0.02040880359709263,0.051693372428417206,0.9973499178886414,0.8511516451835632,0.8522570729255676,0.9816783666610718,0.018321270123124123,0.020005302503705025,0.9983683228492737,0.8316574692726135,0.8374811410903931
21.0,0.0,0.9777048826217651,0.022295191884040833,0.07331688702106476,0.9971179366111755,0.8723487854003906,0.8714075684547424,0.987152099609375,0.012847806327044964,0.01603878103196621,0.9978721737861633,0.7653489112854004,0.7619699239730835
21.0,1.0,0.9775658845901489,0.022434839978814125,0.047832388430833817,0.9973770976066589,0.7996760606765747,0.7999045848846436,0.9869951009750366,0.01300458237528801,0.040453869849443436,0.9979255199432373,0.9820951223373413,0.9835334420204163
21.0,2.0,0.9859704971313477,0.014030230231583118,0.02396668866276741,0.9980124235153198,0.8731020092964172,0.872029185295105,0.958988606929779,0.041011445224285126,0.18312010169029236,0.9952706098556519,0.7238790392875671,0.7416806221008301
21.0,3.0,0.979022204875946,0.020977627485990524,0.048277802765369415,0.9975560307502747,0.8458579778671265,0.8460086584091187,0.9893411993980408,0.010658874176442623,0.032909125089645386,0.9975720643997192,0.8708643913269043,0.8695076704025269
21.0,4.0,0.9764699339866638,0.0235288068652153,0.06240366771817207,0.9972315430641174,0.853060781955719,0.8501648306846619,0.9837181568145752,0.016282251104712486,0.01902395859360695,0.9984201192855835,0.8383170962333679,0.8353629112243652
22.0,0.0,0.9793888330459595,0.020611288025975227,0.05263411998748779,0.9975233674049377,0.8724310994148254,0.8727685213088989,0.9898087978363037,0.010190889239311218,0.011399730108678341,0.9982231855392456,0.7653551697731018,0.7654037475585938
22.0,1.0,0.9799091815948486,0.02009178325533867,0.04705609008669853,0.9975267648696899,0.8028974533081055,0.8025045990943909,0.9872598648071289,0.0127396946772933,0.03385204076766968,0.9980118274688721,0.9818299412727356,0.9835898280143738
22.0,2.0,0.9851378202438354,0.014861900359392166,0.02505522593855858,0.9980398416519165,0.871260404586792,0.8701145052909851,0.9576739072799683,0.04232652857899666,0.14379668235778809,0.9954729080200195,0.7346360683441162,0.7388103604316711
22.0,3.0,0.979767382144928,0.020232997834682465,0.04866599664092064,0.9976166486740112,0.8465605974197388,0.846225380897522,0.9850824475288391,0.014917590655386448,0.029879216104745865,0.9975207448005676,0.8670452833175659,0.8666696548461914
22.0,4.0,0.9813500046730042,0.0186506025493145,0.04632703214883804,0.9975515007972717,0.8546666502952576,0.8546657562255859,0.9826565384864807,0.017343346029520035,0.025721635669469833,0.9982807040214539,0.8332028985023499,0.8326326012611389
23.0,0.0,0.9810700416564941,0.01893024705350399,0.047675423324108124,0.9975958466529846,0.8753204345703125,0.8748462200164795,0.989984929561615,0.010014891624450684,0.010119183920323849,0.9982768893241882,0.7658596038818359,0.765282392501831
23.0,1.0,0.9792768955230713,0.02072257734835148,0.04863552376627922,0.9975610375404358,0.8021690845489502,0.8021178245544434,0.9824824333190918,0.017518268898129463,0.03362017497420311,0.9974481463432312,0.973974347114563,0.979353666305542
23.0,2.0,0.9851919412612915,0.014807702973484993,0.025316650047898293,0.9980153441429138,0.8720038533210754,0.8712902069091797,0.9423806667327881,0.05761977285146713,0.22445222735404968,0.9930480718612671,0.7255753874778748,0.7251651287078857
23.0,3.0,0.9786758422851562,0.021323690190911293,0.053703464567661285,0.9976005554199219,0.8471342325210571,0.8458690643310547,0.9868970513343811,0.013103432953357697,0.029386872425675392,0.997592568397522,0.8699142932891846,0.8677842617034912
23.0,4.0,0.9820659160614014,0.01793443225324154,0.04623667523264885,0.9976256489753723,0.8565638661384583,0.8557680249214172,0.9659883975982666,0.03401144593954086,0.026357708498835564,0.9976824522018433,0.8319013118743896,0.8147450685501099
24.0,0.0,0.9778078198432922,0.022191915661096573,0.056420743465423584,0.9974840879440308,0.8718694448471069,0.8717606663703918,0.9885297417640686,0.011469840072095394,0.012319931760430336,0.9981365203857422,0.7587377429008484,0.7619620561599731
24.0,1.0,0.9807012677192688,0.019299175590276718,0.04140665382146835,0.9977169036865234,0.8028209805488586,0.8033991456031799,0.9886146783828735,0.011385430581867695,0.030532924458384514,0.9982092976570129,0.9854451417922974,0.9865198731422424
24.0,2.0,0.9869396090507507,0.01306059304624796,0.023966671898961067,0.9980670213699341,0.8733882308006287,0.8726426959037781,0.9577329754829407,0.042266786098480225,0.17458896338939667,0.9951981902122498,0.7335593700408936,0.7390768527984619
24.0,3.0,0.9802803993225098,0.019718708470463753,0.044723059982061386,0.9977607131004333,0.8488336801528931,0.8484530448913574,0.988077700138092,0.011922569945454597,0.029995566233992577,0.9976633191108704,0.8659822940826416,0.8675125241279602
24.0,4.0,0.9831807017326355,0.016819268465042114,0.04436501860618591,0.9977361559867859,0.8585054278373718,0.8572564721107483,0.975131630897522,0.024867843836545944,0.023393139243125916,0.997898280620575,0.8361462354660034,0.8243375420570374
25.0,0.0,0.9813404083251953,0.018658814951777458,0.04906105995178223,0.9976712465286255,0.8755732178688049,0.8752528429031372,0.9906556606292725,0.009343987330794334,0.009645474143326283,0.9983510375022888,0.7663149237632751,0.7656278014183044
25.0,1.0,0.9744020104408264,0.025598200038075447,0.07667560130357742,0.9971144199371338,0.802039623260498,0.7999749183654785,0.9882948994636536,0.011705011129379272,0.037788957357406616,0.9980230927467346,0.9866899251937866,0.9866073131561279
25.0,2.0,0.9853066802024841,0.014692899771034718,0.030177002772688866,0.997927188873291,0.8733528852462769,0.871506929397583,0.9536498785018921,0.04635006561875343,0.1803569495677948,0.9947301745414734,0.7352460622787476,0.7351446151733398
25.0,3.0,0.9836035966873169,0.016396405175328255,0.04328974336385727,0.9978374242782593,0.8520640134811401,0.8513303399085999,0.9816136360168457,0.018386276438832283,0.03077726997435093,0.9974971413612366,0.860486626625061,0.8642219305038452
25.0,4.0,0.9827473163604736,0.017252599820494652,0.04367730766534805,0.9976992011070251,0.8577186465263367,0.8575987815856934,0.9863065481185913,0.013693409040570259,0.025324614718556404,0.9983431696891785,0.8416620492935181,0.840168833732605
26.0,0.0,0.9834116697311401,0.016588248312473297,0.04533354938030243,0.9977954030036926,0.8774930238723755,0.8778027296066284,0.9893423914909363,0.010657405480742455,0.01074511744081974,0.9982352256774902,0.7679060101509094,0.7634730935096741
26.0,1.0,0.9809914827346802,0.019007645547389984,0.046119868755340576,0.9976378679275513,0.8041523098945618,0.8040983080863953,0.9859610199928284,0.014039190486073494,0.03126099705696106,0.9978219270706177,0.9925106763839722,0.9837318062782288
26.0,2.0,0.9866818189620972,0.013317988254129887,0.024505069479346275,0.9981551170349121,0.8732393980026245,0.8719542622566223,0.9460589289665222,0.05394132807850838,0.22124426066875458,0.9946310520172119,0.7244314551353455,0.7318907976150513
26.0,3.0,0.9799131751060486,0.02008667029440403,0.050736065953969955,0.9977013468742371,0.848182201385498,0.8481690287590027,0.9868875741958618,0.013112991116940975,0.037051599472761154,0.9972233176231384,0.8714677691459656,0.8667348623275757
26.0,4.0,0.9826071262359619,0.017391951754689217,0.05019371211528778,0.9976575374603271,0.8571264743804932,0.8570316433906555,0.9845867156982422,0.015413140878081322,0.020144661888480186,0.9984493851661682,0.8346863389015198,0.8389843106269836
27.0,0.0,0.9827539920806885,0.017245858907699585,0.04775455966591835,0.9977492094039917,0.8779153823852539,0.8779484033584595,0.990443766117096,0.009555909782648087,0.010043937712907791,0.9983473420143127,0.7689294815063477,0.7655203938484192
27.0,1.0,0.9817480444908142,0.018251070752739906,0.044687457382678986,0.9977421164512634,0.8067769408226013,0.8042254447937012,0.9830945730209351,0.016905242577195168,0.05235181003808975,0.9973848462104797,0.9798153638839722,0.9783193469047546
27.0,2.0,0.9872870445251465,0.012713306583464146,0.023959781974554062,0.9981752038002014,0.8752699494361877,0.8738484978675842,0.9501724243164062,0.049827370792627335,0.24322843551635742,0.9947673082351685,0.7263614535331726,0.731516420841217
27.0,3.0,0.9830864667892456,0.016912907361984253,0.046580687165260315,0.997873842716217,0.850933313369751,0.8507174849510193,0.9889172911643982,0.0110827861353755,0.027640972286462784,0.9978050589561462,0.8690046072006226,0.8688818216323853
27.0,4.0,0.9848073720932007,0.01519268099218607,0.04303867369890213,0.9978336095809937,0.8580053448677063,0.8581192493438721,0.9886301755905151,0.01137059647589922,0.020157529041171074,0.9985662698745728,0.8458508253097534,0.8404217958450317
28.0,0.0,0.9820011258125305,0.01799965836107731,0.04959826543927193,0.9976708292961121,0.8772872686386108,0.8771296739578247,0.990207314491272,0.009793264791369438,0.010658345185220242,0.998308539390564,0.7662184238433838,0.7639228105545044
28.0,1.0,0.9824846386909485,0.017515333369374275,0.04113991931080818,0.9978238940238953,0.805892288684845,0.8057727217674255,0.98703533411026,0.012964590452611446,0.04165505990386009,0.9981298446655273,0.9825241565704346,0.9818240404129028
28.0,2.0,0.9877186417579651,0.012281950563192368,0.02444470487535,0.9982233047485352,0.8729088306427002,0.872852087020874,0.9637727737426758,0.03622708469629288,0.17418676614761353,0.9955771565437317,0.7360701560974121,0.7459938526153564
28.0,3.0,0.9829201698303223,0.01708124205470085,0.04762817919254303,0.9978663921356201,0.8504582643508911,0.8508445620536804,0.9855205416679382,0.014479430392384529,0.033261511474847794,0.997509241104126,0.8678410053253174,0.8664500713348389
28.0,4.0,0.9838424921035767,0.016158554702997208,0.043728768825531006,0.9978227019309998,0.8572561144828796,0.8573216795921326,0.9833804368972778,0.016619274392724037,0.01922778971493244,0.9985135197639465,0.8392783999443054,0.8344280123710632
29.0,0.0,0.9825223088264465,0.017477158457040787,0.048856720328330994,0.9977975487709045,0.8769888877868652,0.8765038847923279,0.9914525151252747,0.008547243662178516,0.010742953047156334,0.9983940720558167,0.767659604549408,0.766562283039093
29.0,1.0,0.9834722280502319,0.016528373584151268,0.04361730441451073,0.9978284239768982,0.8074528574943542,0.8066619634628296,0.990666925907135,0.009332441724836826,0.03082442097365856,0.9982901215553284,0.9907026290893555,0.9879676103591919
29.0,2.0,0.9878994822502136,0.012100626714527607,0.02470102161169052,0.998257040977478,0.8751164674758911,0.8739684820175171,0.9641777873039246,0.03582228720188141,0.1755848377943039,0.9956031441688538,0.7404308319091797,0.7469995021820068
29.0,3.0,0.9840689897537231,0.01593085192143917,0.04067203402519226,0.9980010986328125,0.8525533676147461,0.8522299528121948,0.9906284809112549,0.009371514432132244,0.03152357041835785,0.9979379773139954,0.8714519739151001,0.8705288171768188
29.0,4.0,0.9849258661270142,0.015075065195560455,0.04470407962799072,0.9978669881820679,0.857678234577179,0.8581429719924927,0.9857862591743469,0.014213708229362965,0.018383080139756203,0.9985553622245789,0.8377764225006104,0.8403661251068115
30.0,0.0,0.9852543473243713,0.0147450752556324,0.041762251406908035,0.9980664849281311,0.8797653317451477,0.8802576661109924,0.9915695190429688,0.008430239744484425,0.008851595222949982,0.9985530376434326,0.7680054903030396,0.7671181559562683
30.0,1.0,0.9868033528327942,0.013197007589042187,0.034902796149253845,0.998155951499939,0.8094818592071533,0.8096990585327148,0.9913102984428406,0.008689984679222107,0.03096681274473667,0.9984232187271118,0.9892496466636658,0.9888479113578796
30.0,2.0,0.9911722540855408,0.008826964534819126,0.022542890161275864,0.9984391331672668,0.8779543042182922,0.8776823878288269,0.9746474623680115,0.02535262331366539,0.09161624312400818,0.9972257614135742,0.75618976354599,0.7567675113677979
30.0,3.0,0.9883621335029602,0.011637616902589798,0.03450213000178337,0.9983043670654297,0.856404721736908,0.8562134504318237,0.9921558499336243,0.007843711413443089,0.02813665382564068,0.998080313205719,0.8720967173576355,0.8719877600669861
30.0,4.0,0.9891315698623657,0.0108686788007617,0.03647445887327194,0.9981808662414551,0.8628906011581421,0.8628928065299988,0.9898916482925415,0.010108089074492455,0.019952062517404556,0.9986827373504639,0.8437784314155579,0.8429921269416809
31.0,0.0,0.9881069660186768,0.011891954578459263,0.03978640213608742,0.9981765747070312,0.8819915652275085,0.8825174570083618,0.9927350282669067,0.007265246938914061,0.008651130832731724,0.9986077547073364,0.7683756947517395,0.7676257491111755
31.0,1.0,0.9885329604148865,0.01146719604730606,0.033531755208969116,0.9982253909111023,0.8112910389900208,0.8118313550949097,0.9924928545951843,0.0075067984871566296,0.031300149857997894,0.9984477162361145,0.9892023801803589,0.9896665215492249
31.0,2.0,0.9920891523361206,0.007909431122243404,0.022366268560290337,0.998478353023529,0.8786062598228455,0.8784791231155396,0.9774320125579834,0.022567663341760635,0.09079103171825409,0.9973430633544922,0.7563358545303345,0.7604272961616516
31.0,3.0,0.9893467426300049,0.010652554221451283,0.03374739736318588,0.998345136642456,0.8572338223457336,0.857430100440979,0.9924390912055969,0.007560718338936567,0.029000097885727882,0.9981058239936829,0.8722726702690125,0.8722398281097412
31.0,4.0,0.9898890852928162,0.010111388750374317,0.03527052700519562,0.9982215166091919,0.8638214468955994,0.8638471364974976,0.9907011389732361,0.009298627264797688,0.019994117319583893,0.9987163543701172,0.8442485928535461,0.8448765277862549
32.0,0.0,0.9891713261604309,0.010828610509634018,0.03881024569272995,0.9982380867004395,0.8834121823310852,0.883746325969696,0.9932500123977661,0.006749988067895174,0.008682658895850182,0.9986355900764465,0.7690747976303101,0.7682488560676575
32.0,1.0,0.9888192415237427,0.011180794797837734,0.03337886184453964,0.9982714056968689,0.8122096061706543,0.8125085234642029,0.9929212927818298,0.007078626658767462,0.03001500852406025,0.9984909296035767,0.990268349647522,0.9900137186050415
32.0,2.0,0.9924456477165222,0.007554735988378525,0.022296344861388206,0.9985052347183228,0.8791205286979675,0.8789396286010742,0.9786998629570007,0.021300261840224266,0.08654235303401947,0.9974608421325684,0.7607954740524292,0.7619650363922119
32.0,3.0,0.9896682500839233,0.010331067256629467,0.03387974947690964,0.9983770847320557,0.8575930595397949,0.8577303290367126,0.9926685690879822,0.007331883069127798,0.0284838005900383,0.9981416463851929,0.8724415302276611,0.872499406337738
32.0,4.0,0.9901220202445984,0.00987743865698576,0.035486310720443726,0.9982505440711975,0.8640241026878357,0.8640835285186768,0.9899413585662842,0.01005853433161974,0.019797837361693382,0.9987403750419617,0.8431000113487244,0.844153881072998
33.0,0.0,0.9895228743553162,0.010477033443748951,0.038723643869161606,0.9982669353485107,0.8835560083389282,0.884089469909668,0.9934341907501221,0.006565772462636232,0.00859406404197216,0.9986610412597656,0.7690160274505615,0.7684443593025208
33.0,1.0,0.9893758893013,0.010623450390994549,0.03329132869839668,0.9982999563217163,0.8125787973403931,0.8127750158309937,0.9930844306945801,0.006915568374097347,0.030219972133636475,0.9985124468803406,0.9906308650970459,0.9902024269104004
33.0,2.0,0.9926166534423828,0.007383392658084631,0.02225629985332489,0.9985207915306091,0.8792513012886047,0.8790677785873413,0.9792596697807312,0.020740529522299767,0.08719217777252197,0.9975119233131409,0.7598145604133606,0.7623856067657471
33.0,3.0,0.9898127317428589,0.010187515057623386,0.03377312794327736,0.9984076619148254,0.8577021360397339,0.8578068017959595,0.9929172992706299,0.00708284555003047,0.027560342103242874,0.9981749057769775,0.872668445110321,0.8727661967277527
33.0,4.0,0.9904325604438782,0.009566448628902435,0.03517274186015129,0.9982830882072449,0.8644773960113525,0.8644829392433167,0.9911691546440125,0.008831375278532505,0.019661402329802513,0.9987597465515137,0.8455125689506531,0.8454813361167908
34.0,0.0,0.9897861480712891,0.010213766247034073,0.03897959366440773,0.9982941150665283,0.8839522004127502,0.8843196034431458,0.9935504198074341,0.006449303589761257,0.008710027672350407,0.9986720085144043,0.7687966823577881,0.7684977054595947
34.0,1.0,0.9896632432937622,0.010336536914110184,0.03326275572180748,0.9983218312263489,0.8128842711448669,0.812829315662384,0.9931808710098267,0.006818460766226053,0.030336232855916023,0.9985266923904419,0.9906284809112549,0.9902999997138977
34.0,2.0,0.992774486541748,0.007225321140140295,0.02234063856303692,0.9985439777374268,0.8794198036193848,0.87922602891922,0.9798697233200073,0.020130405202507973,0.08642373979091644,0.9975409507751465,0.7620130181312561,0.7630491256713867
34.0,3.0,0.9901564717292786,0.009844000451266766,0.03399228677153587,0.9984205365180969,0.8582011461257935,0.8583328723907471,0.9930384755134583,0.006961336359381676,0.02780577912926674,0.9981991648674011,0.8730229139328003,0.8729629516601562
34.0,4.0,0.9906644821166992,0.009335084818303585,0.035859912633895874,0.9982961416244507,0.8645097613334656,0.8646577596664429,0.9912602305412292,0.008740185759961605,0.01975085400044918,0.9987789392471313,0.8454118967056274,0.8453293442726135
35.0,0.0,0.9899823665618896,0.010017246007919312,0.0386199876666069,0.9983145594596863,0.8843294978141785,0.8846067190170288,0.9936718940734863,0.006328175310045481,0.008847749792039394,0.9986809492111206,0.7696971297264099,0.7685943245887756
35.0,1.0,0.9898244738578796,0.01017515454441309,0.0336202010512352,0.9983365535736084,0.8129763007164001,0.8130439519882202,0.9933158159255981,0.006684687454253435,0.03070865571498871,0.9985516667366028,0.9906154274940491,0.9904250502586365
35.0,2.0,0.9932497143745422,0.006749898660928011,0.022315196692943573,0.9985589385032654,0.8796645402908325,0.879403829574585,0.9801663160324097,0.019833417609333992,0.0877513438463211,0.9975765347480774,0.761592447757721,0.763372004032135
35.0,3.0,0.9905321598052979,0.009467890486121178,0.033913303166627884,0.9984423518180847,0.8583757877349854,0.8583617210388184,0.9930436611175537,0.006956193596124649,0.026863453909754753,0.998189389705658,0.8733747005462646,0.8729310631752014
35.0,4.0,0.9907149076461792,0.009285243228077888,0.03556239232420921,0.9983226656913757,0.8646766543388367,0.8647412061691284,0.9929018616676331,0.007098381407558918,0.020406123250722885,0.998789370059967,0.8454189300537109,0.8458694815635681
36.0,0.0,0.9905535578727722,0.009446102194488049,0.038800645619630814,0.9983408451080322,0.8845812678337097,0.8848556280136108,0.9937784671783447,0.006221688352525234,0.008876408450305462,0.9986827373504639,0.7700275182723999,0.7686983346939087
36.0,1.0,0.9903343915939331,0.009665612131357193,0.033507078886032104,0.9983553886413574,0.8134032487869263,0.8134543895721436,0.9933905005455017,0.006609023083001375,0.031149545684456825,0.9985605478286743,0.9905412197113037,0.9905514717102051
36.0,2.0,0.9933745265007019,0.006625826004892588,0.022579120472073555,0.9985740184783936,0.8797181248664856,0.8795057535171509,0.9803282022476196,0.019671756774187088,0.08607824891805649,0.9976028800010681,0.7628084421157837,0.7635758519172668
36.0,3.0,0.9908676743507385,0.009132233448326588,0.03395574167370796,0.9984596371650696,0.8585425615310669,0.8586735725402832,0.9932659864425659,0.00673398282378912,0.027744105085730553,0.998238742351532,0.8730494379997253,0.8731566667556763
36.0,4.0,0.9909361004829407,0.009063039906322956,0.03558512032032013,0.9983438849449158,0.8648396134376526,0.8649492859840393,0.9933971762657166,0.006603325251489878,0.020545320585370064,0.99880450963974,0.8465220332145691,0.8462495803833008
37.0,0.0,0.9906878471374512,0.009311729110777378,0.03890463709831238,0.9983534216880798,0.8846720457077026,0.8849480152130127,0.9939029216766357,0.006097143050283194,0.008903027512133121,0.9986977577209473,0.7698565721511841,0.7687830924987793
37.0,1.0,0.9906021952629089,0.009397990070283413,0.03371158987283707,0.998368501663208,0.8135785460472107,0.8136596083641052,0.99346524477005,0.00653507886454463,0.031026914715766907,0.9985715746879578,0.9904669523239136,0.9905775785446167
37.0,2.0,0.9935232996940613,0.006476948037743568,0.022768298164010048,0.9985868334770203,0.8798608779907227,0.8796294331550598,0.980767548084259,0.019232118502259254,0.08575072884559631,0.9976338744163513,0.7632200717926025,0.7638922929763794
37.0,3.0,0.990979015827179,0.009021666832268238,0.03394024819135666,0.9984756708145142,0.8588560819625854,0.8588781356811523,0.9933801889419556,0.006619810592383146,0.028194721788167953,0.9982574582099915,0.8733298182487488,0.8732670545578003
37.0,4.0,0.9910274744033813,0.008971944451332092,0.03581145405769348,0.9983538389205933,0.8649097084999084,0.8649915456771851,0.9932931065559387,0.006707380060106516,0.021666817367076874,0.9988136887550354,0.8461865186691284,0.846133291721344
38.0,0.0,0.990971028804779,0.009029986336827278,0.038839615881443024,0.9983843564987183,0.8850586414337158,0.8852424621582031,0.9939513206481934,0.006048899609595537,0.009249110706150532,0.998697817325592,0.7690743207931519,0.7688342928886414
38.0,1.0,0.9907208681106567,0.009279316291213036,0.033532775938510895,0.9983973503112793,0.813546895980835,0.8136836290359497,0.9935844540596008,0.006415132898837328,0.03148799017071724,0.9985923171043396,0.9908133745193481,0.990699827671051
38.0,2.0,0.9935095310211182,0.006490508560091257,0.02280471660196781,0.9985988736152649,0.8799819946289062,0.8796892166137695,0.9812194108963013,0.018780361860990524,0.08687020093202591,0.9977000951766968,0.7630577683448792,0.7643990516662598
38.0,3.0,0.9911370277404785,0.00886254571378231,0.034122925251722336,0.9984986186027527,0.8589214086532593,0.8590128421783447,0.9934715032577515,0.006528180558234453,0.02827710472047329,0.9982717633247375,0.8733226656913757,0.873334527015686
38.0,4.0,0.9911764860153198,0.008822883479297161,0.03578493371605873,0.9983790516853333,0.8651695847511292,0.8651503324508667,0.9936459064483643,0.006354151759296656,0.02048291265964508,0.9988337159156799,0.8466141223907471,0.8464652299880981
39.0,0.0,0.9910680055618286,0.00893140584230423,0.03890463337302208,0.9983953237533569,0.8851454854011536,0.8853092789649963,0.9941009879112244,0.005898737348616123,0.008965947665274143,0.9987357258796692,0.7697160840034485,0.768969714641571
39.0,1.0,0.9909777045249939,0.009023018181324005,0.03369278460741043,0.9984198808670044,0.8137949109077454,0.8139442801475525,0.9935142397880554,0.006485948339104652,0.03201857581734657,0.9985935091972351,0.990236759185791,0.9906492829322815
39.0,2.0,0.9936988353729248,0.006300587207078934,0.02297755517065525,0.9986146688461304,0.8800286054611206,0.8797786831855774,0.9803771376609802,0.019623247906565666,0.0909111350774765,0.9976530075073242,0.760314404964447,0.7634878158569336
39.0,3.0,0.9912344813346863,0.008765305392444134,0.0342836007475853,0.9985092878341675,0.8588961958885193,0.8589820265769958,0.9935638904571533,0.006435857154428959,0.028037799522280693,0.9982900619506836,0.873351514339447,0.8734405040740967
39.0,4.0,0.9913423657417297,0.008658722043037415,0.036106910556554794,0.9983944296836853,0.8652541041374207,0.8653295040130615,0.9938367605209351,0.006163364741951227,0.020800424739718437,0.9988440275192261,0.8466249704360962,0.8465490937232971
40.0,0.0,0.991201639175415,0.008798625320196152,0.039389126002788544,0.9984146952629089,0.8852205276489258,0.8854739665985107,0.9941668510437012,0.005833312403410673,0.009323174133896828,0.9987391829490662,0.7698483467102051,0.7690372467041016
40.0,1.0,0.9909915328025818,0.009007686749100685,0.03365479037165642,0.9984301328659058,0.8139102458953857,0.8139629364013672,0.993756890296936,0.006242991890758276,0.031500041484832764,0.9986225962638855,0.9909260869026184,0.9908756017684937
40.0,2.0,0.9937983751296997,0.006200915202498436,0.02306528575718403,0.9986289739608765,0.8801658153533936,0.8798949122428894,0.9811738133430481,0.01882607489824295,0.08841292560100555,0.9977260828018188,0.7629590630531311,0.7644748091697693
40.0,3.0,0.991388738155365,0.008611724711954594,0.034389421343803406,0.9985270500183105,0.8591762185096741,0.8591676354408264,0.9936586618423462,0.006341396365314722,0.028203623369336128,0.9983131289482117,0.8735376000404358,0.8735441565513611
40.0,4.0,0.9914109706878662,0.00858952198177576,0.03612179309129715,0.9984075427055359,0.8653568029403687,0.8653856515884399,0.9939113855361938,0.0060888840816915035,0.02075190842151642,0.9988500475883484,0.8466023802757263,0.8466100692749023
41.0,0.0,0.9912487864494324,0.008751064538955688,0.039472613483667374,0.9984294772148132,0.885310709476471,0.8855087757110596,0.9942610263824463,0.005739160347729921,0.009271947667002678,0.9987557530403137,0.7699674367904663,0.7691010236740112
41.0,1.0,0.9911700487136841,0.008829677477478981,0.033680252730846405,0.9984574317932129,0.8140310645103455,0.81414395570755,0.9938246011734009,0.006175232585519552,0.031588319689035416,0.9986337423324585,0.9912290573120117,0.9909455180168152
41.0,2.0,0.9938793778419495,0.0061206212267279625,0.023165114223957062,0.9986430406570435,0.8802487850189209,0.8799299001693726,0.9817236065864563,0.018276343122124672,0.08626916259527206,0.9977673292160034,0.7641043663024902,0.7649390697479248
41.0,3.0,0.9915245175361633,0.008475334383547306,0.03440568223595619,0.9985392093658447,0.8593288660049438,0.8593096733093262,0.9937114119529724,0.006289003416895866,0.02785467728972435,0.9983211755752563,0.8737953305244446,0.8735549449920654
41.0,4.0,0.9915534257888794,0.008446462452411652,0.036183204501867294,0.9984307885169983,0.8654831051826477,0.8655301332473755,0.9939531683921814,0.006046733353286982,0.02021576277911663,0.9988665580749512,0.8471077680587769,0.8465995192527771
42.0,0.0,0.9913798570632935,0.008620038628578186,0.03924545273184776,0.9984474778175354,0.8854147791862488,0.8856031894683838,0.994328498840332,0.005671350285410881,0.009204109199345112,0.9987697601318359,0.7699011564254761,0.7691686749458313
42.0,1.0,0.9912161231040955,0.008784154430031776,0.033831167966127396,0.9984659552574158,0.8141071200370789,0.8141659498214722,0.9938550591468811,0.006144508719444275,0.03147992864251137,0.9986404180526733,0.9912636280059814,0.9909639358520508
42.0,2.0,0.993638277053833,0.006361644249409437,0.023285802453756332,0.9986556172370911,0.8797910213470459,0.8794872164726257,0.979947030544281,0.02005317248404026,0.08954598754644394,0.9976305365562439,0.7632149457931519,0.7630115747451782
42.0,3.0,0.9915869832038879,0.008413266390562057,0.034466590732336044,0.9985655546188354,0.85936039686203,0.8594078421592712,0.9937630891799927,0.0062366365455091,0.029211577028036118,0.9983312487602234,0.8732956647872925,0.8736105561256409
42.0,4.0,0.9916662573814392,0.008334744721651077,0.03610098361968994,0.9984521865844727,0.8656132817268372,0.8656288385391235,0.9941930174827576,0.005807058420032263,0.02068859338760376,0.9988812208175659,0.8471353054046631,0.8468749523162842
43.0,0.0,0.9914729595184326,0.008527090772986412,0.039495375007390976,0.9984619617462158,0.8854674696922302,0.8856689929962158,0.9943780899047852,0.005621813237667084,0.009423847310245037,0.9987769722938538,0.7701147198677063,0.7692121267318726
43.0,1.0,0.9913186430931091,0.008681118488311768,0.03383534029126167,0.9984801411628723,0.8142940998077393,0.8142593502998352,0.9939978718757629,0.006001925095915794,0.031976860016584396,0.9986661672592163,0.991208553314209,0.9911230206489563
43.0,2.0,0.9940228462219238,0.00597727857530117,0.0231795534491539,0.9986668229103088,0.8804174065589905,0.8801171779632568,0.9821186065673828,0.017881294712424278,0.08850377053022385,0.9978365898132324,0.7633830308914185,0.7653254270553589
43.0,3.0,0.9917653799057007,0.00823392253369093,0.03437858447432518,0.9985729455947876,0.8595067262649536,0.8595449924468994,0.99383944272995,0.006161122117191553,0.028945090249180794,0.9983462691307068,0.8734326362609863,0.8736669421195984
43.0,4.0,0.9916926026344299,0.008308435790240765,0.03620309755206108,0.9984551072120667,0.8656468391418457,0.8656418323516846,0.99422687292099,0.005773083306849003,0.020306158810853958,0.9988840222358704,0.847320556640625,0.8469095826148987
44.0,0.0,0.9914781451225281,0.008521752431988716,0.03957336023449898,0.9984719157218933,0.8856148719787598,0.8857512474060059,0.9944186210632324,0.005581305827945471,0.009588252753019333,0.998788058757782,0.769892156124115,0.7692506313323975
44.0,1.0,0.9914447069168091,0.008555536158382893,0.034049127250909805,0.9984935522079468,0.8142950534820557,0.8144025206565857,0.994043231010437,0.005957207642495632,0.03201362118124962,0.9986761212348938,0.9912413954734802,0.9911503195762634
44.0,2.0,0.9940069913864136,0.005992983002215624,0.023274729028344154,0.9986794590950012,0.8804635405540466,0.8801262378692627,0.9821007251739502,0.017899278551340103,0.08638651669025421,0.9978317618370056,0.7643303871154785,0.765213668346405
44.0,3.0,0.9918875694274902,0.008113665506243706,0.034613776952028275,0.9985907673835754,0.859592616558075,0.8596208095550537,0.9939315319061279,0.006068867165595293,0.02848917990922928,0.9983649253845215,0.8736783862113953,0.8737421631813049
44.0,4.0,0.9917933344841003,0.008207308128476143,0.03636256605386734,0.9984757304191589,0.865720272064209,0.8657590746879578,0.9942231774330139,0.005776973441243172,0.021314004436135292,0.998893141746521,0.8467041254043579,0.8469412922859192
45.0,0.0,0.9915979504585266,0.00840236060321331,0.039734162390232086,0.9984846711158752,0.8855719566345215,0.8858324289321899,0.99449622631073,0.0055038887076079845,0.009497696533799171,0.9988033175468445,0.7703348994255066,0.7693546414375305
45.0,1.0,0.9915533661842346,0.00844669435173273,0.03390728309750557,0.9985097646713257,0.814435601234436,0.814511239528656,0.9940735101699829,0.005926163867115974,0.0325593501329422,0.9986762404441833,0.9910637736320496,0.9911892414093018
45.0,2.0,0.9940041899681091,0.005995246581733227,0.023523351177573204,0.9986876845359802,0.8804574012756348,0.8800495862960815,0.9821184873580933,0.017881574109196663,0.08608073741197586,0.9978573322296143,0.764474093914032,0.7653169631958008
45.0,3.0,0.9919252395629883,0.008074515499174595,0.034590378403663635,0.9985986351966858,0.8596587181091309,0.8596698045730591,0.9939619302749634,0.006037864368408918,0.02958058752119541,0.9983757734298706,0.8734328746795654,0.8737896084785461
45.0,4.0,0.9918703436851501,0.008130085654556751,0.03635040298104286,0.9984872341156006,0.8657954931259155,0.8658256530761719,0.9943912029266357,0.005608841776847839,0.02064594253897667,0.9989098906517029,0.8473102450370789,0.8469588756561279
46.0,0.0,0.9917311072349548,0.008267311379313469,0.0395723320543766,0.9985026121139526,0.8857418894767761,0.8859224319458008,0.994530439376831,0.005469264462590218,0.009619167074561119,0.9988058805465698,0.7701613903045654,0.7693371772766113
46.0,1.0,0.9916378259658813,0.008362912572920322,0.033912040293216705,0.9985211491584778,0.8145645260810852,0.8145962357521057,0.9941437244415283,0.005856423173099756,0.03147117793560028,0.9986897110939026,0.991562008857727,0.9912253618240356
46.0,2.0,0.9942498803138733,0.005750622134655714,0.023571453988552094,0.9987025260925293,0.8805842995643616,0.8802937269210815,0.9823211431503296,0.017679255455732346,0.08626092225313187,0.9978777170181274,0.7645444273948669,0.7654821872711182
46.0,3.0,0.9919742941856384,0.008026211522519588,0.034748051315546036,0.9986083507537842,0.8597207069396973,0.8597028851509094,0.9940392971038818,0.005961248185485601,0.028717264533042908,0.998400092124939,0.8738385438919067,0.8738569021224976
46.0,4.0,0.9919157028198242,0.008084969595074654,0.03680514916777611,0.9984954595565796,0.8658215999603271,0.8658544421195984,0.9944674968719482,0.005531881935894489,0.02100227028131485,0.9989185333251953,0.8471986055374146,0.8470988869667053
47.0,0.0,0.9917835593223572,0.008216624148190022,0.039807334542274475,0.9985102415084839,0.8857258558273315,0.8859606385231018,0.994579017162323,0.005421487148851156,0.00964606273919344,0.9988135099411011,0.7705762386322021,0.7693954110145569
47.0,1.0,0.9914853572845459,0.00851430743932724,0.034409619867801666,0.9985318183898926,0.8142467737197876,0.814350962638855,0.9942196607589722,0.005779461935162544,0.032137446105480194,0.998704195022583,0.9915061593055725,0.9912915825843811
47.0,2.0,0.9943345189094543,0.0056656780652701855,0.023732872679829597,0.9987160563468933,0.8806484937667847,0.8803645968437195,0.9825730919837952,0.01742725446820259,0.08657080680131912,0.9979107975959778,0.7643714547157288,0.7657060623168945
47.0,3.0,0.9920658469200134,0.007934479974210262,0.03499113395810127,0.9986197352409363,0.8598085045814514,0.8598006963729858,0.9940832853317261,0.005916374269872904,0.029984811320900917,0.9984021186828613,0.8735502362251282,0.8738831877708435
47.0,4.0,0.9919986128807068,0.008002345450222492,0.0366862528026104,0.9985121488571167,0.8658987283706665,0.8659337759017944,0.9945177435874939,0.005482560023665428,0.02150816284120083,0.9989285469055176,0.8470185995101929,0.8471203446388245
48.0,0.0,0.9918555617332458,0.008144532330334187,0.04004129022359848,0.9985263347625732,0.8858760595321655,0.8860430717468262,0.9946470260620117,0.005353226792067289,0.00980012770742178,0.9988240599632263,0.7700276970863342,0.7694679498672485
48.0,1.0,0.9916801452636719,0.008319101296365261,0.03433133289217949,0.9985498189926147,0.814677894115448,0.8146288394927979,0.99422287940979,0.005777596030384302,0.03162321820855141,0.9987078905105591,0.9918020963668823,0.9912942051887512
48.0,2.0,0.9943066239356995,0.005692367907613516,0.02372170053422451,0.9987275004386902,0.880689799785614,0.8804009556770325,0.9825352430343628,0.01746457815170288,0.08756314963102341,0.997924268245697,0.7642109394073486,0.7657766342163086
48.0,3.0,0.9921107888221741,0.007888896390795708,0.03469746559858322,0.9986381530761719,0.859898567199707,0.8598962426185608,0.9941577315330505,0.005842526443302631,0.02896103635430336,0.9984285831451416,0.8739997148513794,0.8739815950393677
48.0,4.0,0.9920756220817566,0.007924019359052181,0.036575205624103546,0.9985266923904419,0.8659446239471436,0.8659887909889221,0.9945914149284363,0.00540886027738452,0.02104884199798107,0.9989324808120728,0.8472338914871216,0.8471667766571045
49.0,0.0,0.9919663667678833,0.008033635094761848,0.03998744860291481,0.9985436201095581,0.8859168291091919,0.8861539363861084,0.9946733713150024,0.005326855927705765,0.010136949829757214,0.9988307952880859,0.7702900171279907,0.7694467306137085
49.0,1.0,0.9919341802597046,0.008065614849328995,0.034251656383275986,0.9985657930374146,0.8148000240325928,0.8148283362388611,0.994194507598877,0.005805600434541702,0.03350728377699852,0.9986918568611145,0.9910615086555481,0.9912542700767517
49.0,2.0,0.9944177865982056,0.005582704674452543,0.023784849792718887,0.9987329840660095,0.8807165026664734,0.8804288506507874,0.9826036691665649,0.017395880073308945,0.08693799376487732,0.9979509115219116,0.7647994756698608,0.7657198309898376
49.0,3.0,0.9921387434005737,0.00786101259291172,0.035183824598789215,0.9986449480056763,0.8598164319992065,0.8598411679267883,0.9941490292549133,0.005851603113114834,0.028054460883140564,0.9984244704246521,0.8743417263031006,0.8739182353019714
49.0,4.0,0.992116391658783,0.007882755249738693,0.036729052662849426,0.9985371828079224,0.8660137057304382,0.8660366535186768,0.9947289228439331,0.0052711330354213715,0.021547680720686913,0.9989489316940308,0.8473131060600281,0.8473080396652222
50.0,0.0,0.9920487999916077,0.0079512232914567,0.03997445106506348,0.9985560774803162,0.886029839515686,0.8862280249595642,0.9947140216827393,0.00528583861887455,0.010273762978613377,0.9988281726837158,0.7697994112968445,0.769485592842102
50.0,1.0,0.9918862581253052,0.00811417493969202,0.03447219356894493,0.9985710382461548,0.8146530389785767,0.8147593140602112,0.9943056106567383,0.005694521125406027,0.03209451958537102,0.9987225532531738,0.9918907880783081,0.9913564324378967
50.0,2.0,0.9944884777069092,0.005511890165507793,0.02377997897565365,0.9987472295761108,0.8807931542396545,0.8804875612258911,0.9822005033493042,0.017799457535147667,0.08521918952465057,0.9979316592216492,0.7653258442878723,0.7654293179512024
50.0,3.0,0.9922275543212891,0.007772420067340136,0.03491360694169998,0.9986564517021179,0.8599534630775452,0.8599693179130554,0.9942673444747925,0.005732759367674589,0.029884222894906998,0.9984641075134277,0.8738690614700317,0.8740770220756531
50.0,4.0,0.9922047257423401,0.007795273791998625,0.03693573176860809,0.9985474944114685,0.8661068081855774,0.8661179542541504,0.9947956204414368,0.005204342771321535,0.021219128742814064,0.9989618062973022,0.8478277325630188,0.8474141359329224
51.0,0.0,0.9921314716339111,0.007867682725191116,0.040300652384757996,0.9985689520835876,0.8861193060874939,0.8862812519073486,0.9947954416275024,0.005204468034207821,0.010220052674412727,0.998849093914032,0.7704706788063049,0.7695500254631042
51.0,1.0,0.9918891191482544,0.008110818453133106,0.03472963348031044,0.998586893081665,0.8148707747459412,0.8147512674331665,0.9944275617599487,0.005572287831455469,0.03281528875231743,0.9987510442733765,0.9916961193084717,0.9914848208427429
51.0,2.0,0.9945381283760071,0.005461477674543858,0.02411087229847908,0.9987574815750122,0.8808296918869019,0.8805431127548218,0.9828704595565796,0.017129696905612946,0.08738458901643753,0.9979572296142578,0.7645845413208008,0.7659382820129395
51.0,3.0,0.9922817945480347,0.007718519773334265,0.03524329885840416,0.9986602067947388,0.8600203394889832,0.8599725961685181,0.9942807555198669,0.005718956235796213,0.030324559658765793,0.9984652996063232,0.8738328814506531,0.8740952014923096
51.0,4.0,0.9922798275947571,0.007719994988292456,0.03699392452836037,0.9985650181770325,0.866174042224884,0.8661946654319763,0.9948362112045288,0.005164307542145252,0.020798875018954277,0.9989646077156067,0.8479029536247253,0.8474041819572449
52.0,0.0,0.9921798706054688,0.007819414138793945,0.04031197726726532,0.9985769987106323,0.8861967921257019,0.8863596320152283,0.9948683381080627,0.005131617188453674,0.009930784814059734,0.9988670945167542,0.7702452540397644,0.7696400880813599
52.0,1.0,0.9921003580093384,0.007900199852883816,0.03447200357913971,0.998596727848053,0.8149476647377014,0.8149865865707397,0.994446873664856,0.005553371738642454,0.0323275662958622,0.9987552165985107,0.9918881058692932,0.9915039539337158
52.0,2.0,0.9945802092552185,0.005419895984232426,0.024057811126112938,0.9987654685974121,0.8808689713478088,0.8805807828903198,0.9830689430236816,0.016930919140577316,0.08678624033927917,0.9979963302612305,0.7652105689048767,0.7661747336387634
52.0,3.0,0.9923890829086304,0.007610821630805731,0.03521551936864853,0.9986791014671326,0.8600967526435852,0.8600950241088867,0.9943433403968811,0.005656628403812647,0.02947918511927128,0.9984782338142395,0.8740096092224121,0.874122142791748
52.0,4.0,0.9922982454299927,0.007700813468545675,0.03717811405658722,0.9985778331756592,0.8661648035049438,0.8662139177322388,0.9948914647102356,0.005108705721795559,0.021685972809791565,0.9989801049232483,0.8477314710617065,0.8474892377853394
53.0,0.0,0.9922387003898621,0.007761363405734301,0.04053282365202904,0.9985888600349426,0.8861964344978333,0.8863672018051147,0.9949356317520142,0.005064056254923344,0.010190233588218689,0.9988828301429749,0.7705305814743042,0.7697017788887024
53.0,1.0,0.992203414440155,0.007795949000865221,0.03467781841754913,0.9986128807067871,0.8149973750114441,0.815044641494751,0.9945659041404724,0.005434107035398483,0.03284630924463272,0.998776912689209,0.9918476939201355,0.9916307926177979
53.0,2.0,0.9946377873420715,0.005362352821975946,0.024354111403226852,0.9987818598747253,0.8809123039245605,0.8806414604187012,0.9832100868225098,0.016790015622973442,0.08647122979164124,0.9980122447013855,0.7653186321258545,0.7662978768348694
53.0,3.0,0.9924421310424805,0.007558746729046106,0.03551909700036049,0.9986842274665833,0.8601054549217224,0.8601275086402893,0.9943554401397705,0.005644749850034714,0.030668899416923523,0.9984773397445679,0.8737672567367554,0.8741121292114258
53.0,4.0,0.9922214150428772,0.007778631988912821,0.03740210831165314,0.9985763430595398,0.8662269115447998,0.8661535978317261,0.9949594140052795,0.0050406744703650475,0.02117118053138256,0.9989897012710571,0.8480242490768433,0.8475284576416016
54.0,0.0,0.9922574758529663,0.007742894347757101,0.04063652455806732,0.9986066818237305,0.8861493468284607,0.8864229917526245,0.9949635863304138,0.005036820657551289,0.009995865635573864,0.9988737106323242,0.7707642912864685,0.7696712017059326
54.0,1.0,0.9922449588775635,0.007754764053970575,0.03474824130535126,0.9986312389373779,0.8151092529296875,0.8151305913925171,0.9945411682128906,0.005458771716803312,0.03239575773477554,0.9987630844116211,0.9920918345451355,0.9916056990623474
54.0,2.0,0.9946941137313843,0.005305943079292774,0.024457508698105812,0.9987903237342834,0.8809635043144226,0.8806607127189636,0.9821853041648865,0.017814135178923607,0.08549565821886063,0.9978567361831665,0.7660162448883057,0.76524418592453
54.0,3.0,0.9925387501716614,0.007462471257895231,0.03550773859024048,0.998698890209198,0.860211193561554,0.8602173924446106,0.9944618940353394,0.005537939723581076,0.030278654769062996,0.9985100030899048,0.8741416335105896,0.8742368221282959
54.0,4.0,0.9924227595329285,0.007577765267342329,0.037373147904872894,0.9985950589179993,0.8662768006324768,0.8663192391395569,0.9950183033943176,0.004981562029570341,0.02164541371166706,0.9990015625953674,0.8479291200637817,0.8475750684738159
55.0,0.0,0.9923659563064575,0.007634047884494066,0.04071274399757385,0.9986129999160767,0.8863317370414734,0.8865073323249817,0.9950312376022339,0.00496908463537693,0.010082674212753773,0.9988952279090881,0.7707028985023499,0.7697598338127136
55.0,1.0,0.9922938346862793,0.0077066547237336636,0.035018350929021835,0.9986328482627869,0.8151118755340576,0.8151202201843262,0.9946430325508118,0.005356658715754747,0.033183563500642776,0.9987906217575073,0.9917589426040649,0.9916874766349792
55.0,2.0,0.9947287440299988,0.005271728150546551,0.024364614859223366,0.9987998604774475,0.8810274004936218,0.8807033896446228,0.9833852052688599,0.016615021973848343,0.08870615810155869,0.9980614185333252,0.7649341821670532,0.7665172219276428
55.0,3.0,0.9925580024719238,0.007443186827003956,0.035674139857292175,0.998708188533783,0.860235869884491,0.8602291345596313,0.9945432543754578,0.005456810817122459,0.030309950932860374,0.9985360503196716,0.8743009567260742,0.8743183016777039
55.0,4.0,0.9924699068069458,0.007530830334872007,0.03760442137718201,0.9986064434051514,0.8662986755371094,0.8663396239280701,0.9950152635574341,0.004984931088984013,0.021053466945886612,0.9990053176879883,0.8481493592262268,0.8476096987724304
56.0,0.0,0.9924091696739197,0.007590941619127989,0.040573738515377045,0.9986230731010437,0.8864336609840393,0.8865414261817932,0.9950734972953796,0.004926756024360657,0.010219098068773746,0.9989104866981506,0.7705852389335632,0.7697946429252625
56.0,1.0,0.992307186126709,0.007692280225455761,0.034996114671230316,0.9986434578895569,0.8150883913040161,0.8151540160179138,0.994698703289032,0.0053008683025836945,0.03317704796791077,0.9987983107566833,0.9918482899665833,0.9917150735855103
56.0,2.0,0.9948126673698425,0.0051879133097827435,0.02456451766192913,0.9988112449645996,0.881072998046875,0.8807713985443115,0.9832931160926819,0.01670713536441326,0.08866777271032333,0.9980594515800476,0.7650488615036011,0.7665281295776367
56.0,3.0,0.9925196170806885,0.007480535190552473,0.03550126776099205,0.9987179040908813,0.8603621125221252,0.8601745963096619,0.9945687055587769,0.005431554280221462,0.030270203948020935,0.99853515625,0.8742457628250122,0.8743260502815247
56.0,4.0,0.9925554394721985,0.007444279734045267,0.03758503869175911,0.998621940612793,0.8664276599884033,0.8664280772209167,0.9951485395431519,0.004851597361266613,0.02151446044445038,0.9990164637565613,0.8480056524276733,0.8476722836494446
57.0,0.0,0.992479681968689,0.007519588805735111,0.0408671498298645,0.9986372590065002,0.8864410519599915,0.8866035342216492,0.9951074719429016,0.0048924838192760944,0.010565553791821003,0.9989219307899475,0.7704896330833435,0.7698403596878052
57.0,1.0,0.9924088716506958,0.007590800989419222,0.035012975335121155,0.9986596703529358,0.8152426481246948,0.8152533173561096,0.9947220087051392,0.005278205033391714,0.03318258747458458,0.9988002777099609,0.9919425845146179,0.991719126701355
57.0,2.0,0.9948455691337585,0.005154115613549948,0.024640049785375595,0.9988176822662354,0.8811066746711731,0.8808043003082275,0.9836048483848572,0.016395002603530884,0.08901641517877579,0.998089611530304,0.7649837732315063,0.7666573524475098
57.0,3.0,0.9926186800003052,0.007381262723356485,0.03597482293844223,0.9987301230430603,0.8603397011756897,0.8602749705314636,0.9945761561393738,0.005423929542303085,0.03160513937473297,0.9985340237617493,0.8741933703422546,0.8743451833724976
57.0,4.0,0.992607057094574,0.00739283487200737,0.037816956639289856,0.9986336827278137,0.8664470911026001,0.8664863109588623,0.9951845407485962,0.00481537776067853,0.021593725308775902,0.9990265369415283,0.8480861186981201,0.8477171659469604
58.0,0.0,0.9925346970558167,0.0074644917622208595,0.04107358679175377,0.9986446499824524,0.8864919543266296,0.8866579532623291,0.9951780438423157,0.0048219566233456135,0.010490207932889462,0.9989349842071533,0.7705754637718201,0.7698875069618225
58.0,1.0,0.9924554824829102,0.00754324346780777,0.035303857177495956,0.9986706376075745,0.8152397871017456,0.8152951598167419,0.9947481751441956,0.005252058617770672,0.034659892320632935,0.9988090395927429,0.991706907749176,0.9917508959770203
58.0,2.0,0.994892954826355,0.005107785575091839,0.024806909263134003,0.9988287091255188,0.8811355233192444,0.8808419704437256,0.9836874604225159,0.016312718391418457,0.08801856637001038,0.9980974197387695,0.7654677033424377,0.7667282819747925
58.0,3.0,0.9926934242248535,0.007307044696062803,0.035909805446863174,0.9987354278564453,0.8603547811508179,0.8603389859199524,0.9946404695510864,0.005359272006899118,0.03046083264052868,0.9985561370849609,0.8745231032371521,0.8744106888771057
58.0,4.0,0.9926127791404724,0.007387298624962568,0.038092177361249924,0.9986392855644226,0.8664105534553528,0.8664857745170593,0.9951931238174438,0.004806761629879475,0.021761981770396233,0.9990261793136597,0.8481089472770691,0.8477165699005127
59.0,0.0,0.9926161766052246,0.007383347488939762,0.041031528264284134,0.9986557960510254,0.8865681290626526,0.8867149949073792,0.9951837658882141,0.004816566128283739,0.010952548123896122,0.9989300966262817,0.7704391479492188,0.7698735594749451
59.0,1.0,0.9925053119659424,0.007495746482163668,0.03526836261153221,0.9986744523048401,0.8153521418571472,0.8153439164161682,0.9947786331176758,0.005221344996243715,0.034699659794569016,0.9988100528717041,0.9917746186256409,0.9917798638343811
59.0,2.0,0.9949356913566589,0.005063926801085472,0.025042157620191574,0.9988372921943665,0.8811637759208679,0.8808608055114746,0.9833935499191284,0.01660587079823017,0.09316615760326385,0.9980428218841553,0.7640880942344666,0.7664873003959656
59.0,3.0,0.9927859306335449,0.007214315701276064,0.036070600152015686,0.998749315738678,0.8604700565338135,0.8604283332824707,0.9947087168693542,0.0052915350534021854,0.030822107568383217,0.9985657930374146,0.8744135499000549,0.8744770288467407
59.0,4.0,0.9926928877830505,0.007308297324925661,0.037978652864694595,0.9986525774002075,0.8665267825126648,0.8665582537651062,0.995207667350769,0.004792212508618832,0.021671295166015625,0.9990200996398926,0.8483298420906067,0.8477076292037964
60.0,0.0,0.9927914142608643,0.007208497729152441,0.041040368378162384,0.9986934661865234,0.8867520093917847,0.8868810534477234,0.9952945113182068,0.004705732688307762,0.010548911057412624,0.9989686012268066,0.7707218527793884,0.7700185179710388
60.0,1.0,0.9927398562431335,0.0072603668086230755,0.03522602841258049,0.998719334602356,0.8155389428138733,0.8155475854873657,0.9948983192443848,0.005101010203361511,0.03358694911003113,0.9988470077514648,0.9920656085014343,0.9918888807296753
60.0,2.0,0.9950684309005737,0.004932017531245947,0.024857107549905777,0.9988674521446228,0.8812983632087708,0.8809986114501953,0.9839697480201721,0.01603027619421482,0.088140569627285,0.9981599450111389,0.7657539248466492,0.7670332193374634
60.0,3.0,0.9930035471916199,0.006996439769864082,0.03567476570606232,0.998791515827179,0.8606743812561035,0.8606293797492981,0.9948066473007202,0.005193034652620554,0.030782103538513184,0.9985953569412231,0.874599814414978,0.8745532631874084
60.0,4.0,0.9928751587867737,0.007124203257262707,0.037808507680892944,0.998689591884613,0.8667237758636475,0.8667327761650085,0.9953556656837463,0.004644274711608887,0.021908782422542572,0.999057948589325,0.8481143712997437,0.8478409051895142
61.0,0.0,0.9928404688835144,0.007159653585404158,0.04101373255252838,0.9987046122550964,0.8867804408073425,0.8869238495826721,0.995313286781311,0.004686783999204636,0.010558520443737507,0.9989705681800842,0.7707799673080444,0.7700244188308716
61.0,1.0,0.9927694797515869,0.007230937015265226,0.035252805799245834,0.9987267851829529,0.8155815005302429,0.8155785799026489,0.9949100017547607,0.005090157967060804,0.033567845821380615,0.9988508820533752,0.9920669198036194,0.991909384727478
61.0,2.0,0.9950793981552124,0.0049196043983101845,0.024844033643603325,0.9988690614700317,0.8813140392303467,0.8810070157051086,0.9840311408042908,0.01596885174512863,0.08852870762348175,0.9981759190559387,0.765727698802948,0.7671111822128296
61.0,3.0,0.9930202960968018,0.006979890167713165,0.035706184804439545,0.9987965822219849,0.8606982231140137,0.8606491088867188,0.9948188662528992,0.005181113723665476,0.030936095863580704,0.9985967874526978,0.8746011853218079,0.8745680451393127
61.0,4.0,0.9928919076919556,0.007108232006430626,0.03781531751155853,0.9986937046051025,0.8667362928390503,0.8667454719543457,0.9953624606132507,0.004637668840587139,0.021835559979081154,0.9990617036819458,0.8481988906860352,0.8478540182113647
62.0,0.0,0.9928575158119202,0.007142995484173298,0.04105794057250023,0.9987097382545471,0.8868159055709839,0.8869537711143494,0.9953214526176453,0.004678637254983187,0.010618545114994049,0.9989727735519409,0.7707977890968323,0.770017683506012
62.0,1.0,0.9927826523780823,0.0072180298157036304,0.03527684509754181,0.9987308979034424,0.8155879974365234,0.815583348274231,0.9949212670326233,0.005078496411442757,0.03377654403448105,0.9988541603088379,0.9920846223831177,0.991920530796051
62.0,2.0,0.9950882196426392,0.0049111503176391125,0.02489141747355461,0.9988730549812317,0.8813310265541077,0.881023645401001,0.9840626120567322,0.015937404707074165,0.08834013342857361,0.9981834888458252,0.7658407688140869,0.7671472430229187
62.0,3.0,0.9930352568626404,0.006965276785194874,0.035831380635499954,0.998802125453949,0.8607114553451538,0.8606696128845215,0.9948264360427856,0.005173679906874895,0.03082970529794693,0.9986015558242798,0.8746514320373535,0.8745871186256409
62.0,4.0,0.9929018020629883,0.007098135072737932,0.03787223622202873,0.9986968636512756,0.866753876209259,0.8667624592781067,0.9953780770301819,0.004621492233127356,0.021957609802484512,0.9990628361701965,0.84815514087677,0.8478606343269348
63.0,0.0,0.9928675293922424,0.007131794933229685,0.04106094315648079,0.9987133145332336,0.8868387937545776,0.8869642019271851,0.9953287839889526,0.00467164721339941,0.010600438341498375,0.9989749193191528,0.7707700133323669,0.7700309157371521
63.0,1.0,0.9927948117256165,0.007205119822174311,0.03528701514005661,0.9987332820892334,0.8156064748764038,0.8156025409698486,0.994928777217865,0.005071190185844898,0.033667657524347305,0.9988558888435364,0.9921035766601562,0.9919257164001465
63.0,2.0,0.9950962662696838,0.004904149100184441,0.024938402697443962,0.9988734722137451,0.8813377022743225,0.8810263276100159,0.9840838313102722,0.015916096046566963,0.08830714970827103,0.9981907606124878,0.7658477425575256,0.7671761512756348
63.0,3.0,0.9930456280708313,0.00695443619042635,0.03576945140957832,0.9988038539886475,0.8607189059257507,0.8606771230697632,0.9948348999023438,0.0051646106876432896,0.031039737164974213,0.9986061453819275,0.8746538162231445,0.8745987415313721
63.0,4.0,0.9929146766662598,0.007085187826305628,0.037889912724494934,0.9987007975578308,0.8667764067649841,0.8667812943458557,0.9953892827033997,0.004610562697052956,0.022017035633325577,0.9990642666816711,0.8481408953666687,0.8478636145591736
64.0,0.0,0.992880642414093,0.0071194227784872055,0.041085273027420044,0.9987166523933411,0.8868493437767029,0.8869767785072327,0.995334804058075,0.004665743093937635,0.01060083694756031,0.9989748001098633,0.7707656621932983,0.7700248956680298
64.0,1.0,0.9928076267242432,0.007192128337919712,0.03540640324354172,0.9987359046936035,0.8156280517578125,0.8156276941299438,0.9949382543563843,0.005062721204012632,0.03375575691461563,0.9988584518432617,0.9921417832374573,0.9919418692588806
64.0,2.0,0.9951034784317017,0.004895701073110104,0.024988427758216858,0.9988769292831421,0.8813461661338806,0.8810393214225769,0.9841160774230957,0.015883443877100945,0.08879824727773666,0.9981968998908997,0.7658469676971436,0.7672260999679565
64.0,3.0,0.9930580258369446,0.006942341104149818,0.035777803510427475,0.9988065361976624,0.8607457876205444,0.8606979250907898,0.9948438405990601,0.0051557752303779125,0.030892541632056236,0.9986083507537842,0.8746365904808044,0.8746033310890198
64.0,4.0,0.9929242730140686,0.007075630594044924,0.03796660155057907,0.998702347278595,0.8667953014373779,0.8667921423912048,0.9953951835632324,0.00460472796112299,0.021998682990670204,0.9990671277046204,0.8482016324996948,0.847879946231842
65.0,0.0,0.9928929209709167,0.007107471581548452,0.04117819294333458,0.9987195730209351,0.8868700265884399,0.8869959712028503,0.9953411817550659,0.0046588825061917305,0.010617561638355255,0.9989743828773499,0.770806610584259,0.7700316309928894
65.0,1.0,0.9928181767463684,0.007181684486567974,0.03540267422795296,0.9987394213676453,0.8156400322914124,0.8156307339668274,0.9949435591697693,0.005056457594037056,0.03376494348049164,0.9988605380058289,0.992120087146759,0.9919520020484924
65.0,2.0,0.9951120018959045,0.004888108931481838,0.024949854239821434,0.9988780617713928,0.8813565373420715,0.8810471296310425,0.9841267466545105,0.015873044729232788,0.08836934715509415,0.9981983304023743,0.7659450769424438,0.7672255039215088
65.0,3.0,0.9930679202079773,0.006932513322681189,0.03587739169597626,0.998809814453125,0.8607544898986816,0.860708475112915,0.9948493838310242,0.005150584038347006,0.030831599608063698,0.9986119270324707,0.8746716380119324,0.8746176958084106
65.0,4.0,0.9929342865943909,0.007065065670758486,0.03800152242183685,0.9987056255340576,0.866792619228363,0.8667985200881958,0.9954071640968323,0.004592727404087782,0.02203381434082985,0.99906986951828,0.8481821417808533,0.8478965163230896
66.0,0.0,0.9929035902023315,0.007097344845533371,0.041175588965415955,0.998722493648529,0.8868848085403442,0.8870129585266113,0.9953455924987793,0.00465384591370821,0.010695595294237137,0.9989783763885498,0.770751416683197,0.7700385451316833
66.0,1.0,0.9928296208381653,0.007170708850026131,0.03541984781622887,0.998742401599884,0.8156440854072571,0.8156414031982422,0.9949468374252319,0.005053080152720213,0.03370748832821846,0.998858630657196,0.9921624064445496,0.9919421672821045
66.0,2.0,0.9951184391975403,0.00488154124468565,0.025004517287015915,0.9988784790039062,0.8813661932945251,0.8810520172119141,0.9841532707214355,0.015846870839595795,0.08906039595603943,0.9982075691223145,0.7658997178077698,0.7672669291496277
66.0,3.0,0.9930768609046936,0.006922850850969553,0.03588874638080597,0.9988108277320862,0.8607678413391113,0.8607162237167358,0.9948586821556091,0.005141349043697119,0.03083871118724346,0.998612642288208,0.8746844530105591,0.8746179938316345
66.0,4.0,0.9929425120353699,0.007057237904518843,0.03804830461740494,0.9987080693244934,0.8668039441108704,0.8668099641799927,0.9954156875610352,0.004584152717143297,0.022030295804142952,0.9990726709365845,0.8481917977333069,0.8479096293449402
67.0,0.0,0.9929109215736389,0.0070889052003622055,0.04125325009226799,0.998724102973938,0.8868862390518188,0.8870171904563904,0.9953523874282837,0.004647504538297653,0.010640989989042282,0.9989792108535767,0.7708428502082825,0.770045280456543
67.0,1.0,0.9928363561630249,0.0071633304469287395,0.03550443425774574,0.9987433552742004,0.8156485557556152,0.8156467080116272,0.9949575662612915,0.005042362492531538,0.03382591903209686,0.9988641142845154,0.9921360015869141,0.9919663667678833
67.0,2.0,0.9951263070106506,0.004873654339462519,0.02504841610789299,0.9988812804222107,0.8813610672950745,0.8810566663742065,0.9841724038124084,0.015827612951397896,0.08902119100093842,0.9982103109359741,0.7659271955490112,0.7672740817070007
67.0,3.0,0.9930858612060547,0.006914095021784306,0.03594209998846054,0.9988120198249817,0.8607717752456665,0.8607233762741089,0.9948672652244568,0.0051328144036233425,0.031024135649204254,0.9986176490783691,0.8746886253356934,0.8746297359466553
67.0,4.0,0.9929524064064026,0.007048598024994135,0.038132328540086746,0.9987102150917053,0.8668069839477539,0.8668184876441956,0.9954239130020142,0.004575816448777914,0.021866880357265472,0.9990715980529785,0.8482154607772827,0.8479049801826477
68.0,0.0,0.9929208755493164,0.0070794071070849895,0.04129603132605553,0.9987254738807678,0.8868932723999023,0.8870242238044739,0.9953582286834717,0.004641872365027666,0.010677116923034191,0.9989816546440125,0.7708269953727722,0.770057201385498
68.0,1.0,0.9928467869758606,0.0071539799682796,0.03549477830529213,0.9987456202507019,0.81566321849823,0.8156548738479614,0.9949631690979004,0.005036603659391403,0.03390364348888397,0.9988647103309631,0.992124080657959,0.991968035697937
68.0,2.0,0.9951328635215759,0.004866701550781727,0.02507181279361248,0.9988835453987122,0.8813737630844116,0.8810650110244751,0.9841722249984741,0.015827743336558342,0.08920995891094208,0.9982095956802368,0.7658936381340027,0.7672755122184753
68.0,3.0,0.9930949211120605,0.006905124057084322,0.03599153831601143,0.9988163709640503,0.8607780337333679,0.8607316017150879,0.9948669672012329,0.0051330639980733395,0.0315401591360569,0.9986174702644348,0.8746306896209717,0.8746365904808044
68.0,4.0,0.9929590225219727,0.0070400480180978775,0.0381632000207901,0.9987121224403381,0.8668169379234314,0.8668248057365417,0.995430588722229,0.004569671582430601,0.02231040969491005,0.9990741014480591,0.8481605052947998,0.8479229807853699
69.0,0.0,0.9929280281066895,0.007071772124618292,0.041353508830070496,0.9987297654151917,0.8868988752365112,0.8870323300361633,0.9953639507293701,0.0046355631202459335,0.010735864751040936,0.998981773853302,0.770793616771698,0.7700506448745728
69.0,1.0,0.9928556084632874,0.007144346833229065,0.035547975450754166,0.9987474083900452,0.8156603574752808,0.8156629800796509,0.9949677586555481,0.005032968241721392,0.033969782292842865,0.9988646507263184,0.99216628074646,0.9919677376747131
69.0,2.0,0.9951404333114624,0.004859661217778921,0.025120610371232033,0.9988855719566345,0.8813847303390503,0.8810740113258362,0.9841957688331604,0.015804201364517212,0.08896888792514801,0.9982159733772278,0.7659696936607361,0.767300546169281
69.0,3.0,0.9931033253669739,0.006897490005940199,0.036049555987119675,0.9988162517547607,0.8607795834541321,0.860736608505249,0.994879424571991,0.00512034771963954,0.031163787469267845,0.9986194968223572,0.8746766448020935,0.8746439218521118
69.0,4.0,0.9929678440093994,0.007031651213765144,0.0381588488817215,0.9987138509750366,0.8668268322944641,0.8668285608291626,0.9954397678375244,0.004560156725347042,0.02221967838704586,0.9990735650062561,0.8482013940811157,0.8479186296463013
70.0,0.0,0.9929372668266296,0.007062540389597416,0.04134572297334671,0.9987298846244812,0.8869128227233887,0.8870416879653931,0.9953727126121521,0.00462721660733223,0.010751093737781048,0.9989843964576721,0.7707694172859192,0.770055890083313
70.0,1.0,0.9928641319274902,0.007135552819818258,0.03555240482091904,0.9987515807151794,0.8156906366348267,0.8156835436820984,0.9949746131896973,0.005025451071560383,0.033897850662469864,0.9988676905632019,0.9921689033508301,0.99197918176651
70.0,2.0,0.9951480031013489,0.004851947538554668,0.02513718605041504,0.9988872408866882,0.8813872337341309,0.8810749650001526,0.9842089414596558,0.015791092067956924,0.08896221220493317,0.9982209801673889,0.7659969925880432,0.7673299312591553
70.0,3.0,0.9931104183197021,0.00688877422362566,0.0360693596303463,0.9988178610801697,0.8607938289642334,0.8607458472251892,0.9948843717575073,0.0051152873784303665,0.03141631931066513,0.9986203908920288,0.8746642470359802,0.8746456503868103
70.0,4.0,0.9929761290550232,0.007024540565907955,0.03817897289991379,0.9987170696258545,0.8668367862701416,0.8668444156646729,0.9954479932785034,0.004551875405013561,0.022208034992218018,0.9990760087966919,0.8482155799865723,0.8479269742965698
71.0,0.0,0.9929463863372803,0.00705399876460433,0.041369542479515076,0.9987326264381409,0.8869239687919617,0.8870508670806885,0.9953774213790894,0.004622697830200195,0.010754127986729145,0.9989871382713318,0.7708573937416077,0.7700702548027039
71.0,1.0,0.9928739666938782,0.007126405369490385,0.03559870272874832,0.9987531304359436,0.8156896829605103,0.815684974193573,0.9949804544448853,0.0050191329792141914,0.03397553414106369,0.9988685250282288,0.9921269416809082,0.9919822812080383
71.0,2.0,0.9951545000076294,0.004846191965043545,0.025187116116285324,0.9988895058631897,0.8813870549201965,0.8810845613479614,0.9842146635055542,0.01578538864850998,0.0889824703335762,0.9982190728187561,0.7660335898399353,0.7673231363296509
71.0,3.0,0.9931197762489319,0.006880525033921003,0.036083392798900604,0.9988213181495667,0.86080002784729,0.8607549071311951,0.9948985576629639,0.005101307760924101,0.031202686950564384,0.9986242055892944,0.8747565150260925,0.8746662735939026
71.0,4.0,0.9929827451705933,0.007016826421022415,0.0382765494287014,0.9987182021141052,0.8668503761291504,0.8668516874313354,0.9954575300216675,0.004542642738670111,0.02205900475382805,0.9990795254707336,0.8482471108436584,0.8479337096214294
72.0,0.0,0.992954671382904,0.007045237347483635,0.04146955534815788,0.9987339973449707,0.8869308829307556,0.8870586156845093,0.9953848719596863,0.00461519043892622,0.010812381282448769,0.9989871382713318,0.7708249092102051,0.7700712084770203
72.0,1.0,0.9928836822509766,0.007116698659956455,0.035717178136110306,0.9987554550170898,0.8157031536102295,0.8156965374946594,0.9949848651885986,0.00501521211117506,0.03389780968427658,0.9988695979118347,0.9921708703041077,0.9919857978820801
72.0,2.0,0.9951627850532532,0.004838122986257076,0.025213168933987617,0.9988895654678345,0.8814066052436829,0.8810952305793762,0.9842379689216614,0.015762288123369217,0.08961433172225952,0.9982260465621948,0.7659737467765808,0.7673456072807312
72.0,3.0,0.993127167224884,0.006873654667288065,0.03610452264547348,0.9988222718238831,0.8608022928237915,0.8607581257820129,0.9949069619178772,0.005093179177492857,0.031437136232852936,0.9986279010772705,0.8747403621673584,0.8746752142906189
72.0,4.0,0.9929922819137573,0.007008454296737909,0.03833054006099701,0.9987201690673828,0.8668563961982727,0.8668553829193115,0.9954662919044495,0.004534211941063404,0.02204946056008339,0.9990823268890381,0.8482345342636108,0.8479465246200562
73.0,0.0,0.9929638504981995,0.00703654158860445,0.04156991094350815,0.9987357258796692,0.8869383335113525,0.8870635032653809,0.995388925075531,0.004610985983163118,0.010775603353977203,0.9989904761314392,0.7708865404129028,0.7700841426849365
73.0,1.0,0.9928914904594421,0.0071080452762544155,0.035731468349695206,0.9987596273422241,0.8157224655151367,0.8157075643539429,0.9949924349784851,0.00500757060945034,0.034137848764657974,0.9988700151443481,0.9921386241912842,0.9919871687889099
73.0,2.0,0.9951673746109009,0.004832312930375338,0.025235246866941452,0.9988909959793091,0.8814009428024292,0.881094217300415,0.9842570424079895,0.015742573887109756,0.08941876143217087,0.9982319474220276,0.766024112701416,0.7673665881156921
73.0,3.0,0.9931350350379944,0.00686542596668005,0.03615909069776535,0.9988248944282532,0.860810399055481,0.8607669472694397,0.9949137568473816,0.00508600240573287,0.03153884410858154,0.9986280202865601,0.8747296333312988,0.8746752738952637
73.0,4.0,0.993000864982605,0.007000073790550232,0.03831995651125908,0.9987229704856873,0.8668645620346069,0.8668667078018188,0.9954720139503479,0.0045282053761184216,0.022291753441095352,0.999083399772644,0.84822016954422,0.8479518890380859
74.0,0.0,0.9929715394973755,0.007029065862298012,0.041600313037633896,0.9987369775772095,0.8869466185569763,0.8870726823806763,0.9953972101211548,0.00460274750366807,0.010889864526689053,0.9989902973175049,0.7707729935646057,0.7700855731964111
74.0,1.0,0.9929006695747375,0.007100165821611881,0.035779085010290146,0.9987602233886719,0.8157250285148621,0.8157138824462891,0.9949973821640015,0.0050026667304337025,0.03407854959368706,0.9988721013069153,0.9921528697013855,0.9919927716255188
74.0,2.0,0.9951744675636292,0.0048252190463244915,0.025267580524086952,0.998892605304718,0.8814111948013306,0.8811002373695374,0.9842578172683716,0.015742233023047447,0.08986010402441025,0.998232364654541,0.7659608721733093,0.7673690319061279
74.0,3.0,0.9931420683860779,0.006858350243419409,0.03622213378548622,0.998824954032898,0.860813558101654,0.8607701063156128,0.9949196577072144,0.005080689676105976,0.03170204535126686,0.9986310005187988,0.8747197985649109,0.874682605266571
74.0,4.0,0.9930075407028198,0.006992873270064592,0.03834939002990723,0.9987229108810425,0.8668587803840637,0.8668667674064636,0.9954802393913269,0.004519524052739143,0.022056404501199722,0.9990847706794739,0.8482627272605896,0.8479521870613098
75.0,0.0,0.9929787516593933,0.007021233439445496,0.041578225791454315,0.9987399578094482,0.8869574666023254,0.8870784640312195,0.995402455329895,0.004597537685185671,0.010992302559316158,0.9989901185035706,0.7707571983337402,0.7700733542442322
75.0,1.0,0.9929092526435852,0.007090616971254349,0.03578854724764824,0.9987612366676331,0.8157290816307068,0.8157182335853577,0.9950011968612671,0.00499886367470026,0.03419170901179314,0.9988734126091003,0.9921913743019104,0.9920014142990112
75.0,2.0,0.9951812028884888,0.004818476736545563,0.025330500677227974,0.998894989490509,0.8814209699630737,0.8811088800430298,0.9842756390571594,0.01572418212890625,0.08974406123161316,0.998237133026123,0.7660366892814636,0.7673841118812561
75.0,3.0,0.9931510090827942,0.006849298719316721,0.036234766244888306,0.9988288879394531,0.8608169555664062,0.8607786297798157,0.9949237108230591,0.005076573230326176,0.03133596107363701,0.9986308217048645,0.8748086094856262,0.8746848106384277
75.0,4.0,0.9930152297019958,0.006985287647694349,0.03842773661017418,0.9987249374389648,0.8668703436851501,0.8668718934059143,0.9954888224601746,0.004511178471148014,0.022230705246329308,0.9990865588188171,0.8482532501220703,0.8479636907577515
76.0,0.0,0.9929865002632141,0.007013639435172081,0.041673582047224045,0.9987413287162781,0.886960506439209,0.887085497379303,0.9954091310501099,0.004591204226016998,0.010889829136431217,0.9989926815032959,0.7708759307861328,0.7700911164283752
76.0,1.0,0.9929170608520508,0.007083226460963488,0.0358496755361557,0.9987621903419495,0.8157299757003784,0.8157200217247009,0.995008647441864,0.004991225898265839,0.034264542162418365,0.9988747835159302,0.9921609163284302,0.9920080900192261
76.0,2.0,0.9951876997947693,0.0048118652775883675,0.025370022282004356,0.9988958835601807,0.8814228177070618,0.8811134696006775,0.9842900633811951,0.01570996083319187,0.0897008627653122,0.9982383251190186,0.7660654783248901,0.7673932909965515
76.0,3.0,0.9931578040122986,0.006842162925750017,0.036260925233364105,0.9988306164741516,0.8608352541923523,0.8607879281044006,0.9949321746826172,0.005067908205091953,0.03171418607234955,0.9986355900764465,0.8747439980506897,0.8746967315673828
76.0,4.0,0.9930232763290405,0.006977474316954613,0.038487400859594345,0.9987264275550842,0.8668741583824158,0.8668803572654724,0.9954885840415955,0.004510991275310516,0.022125719115138054,0.9990869760513306,0.8483070731163025,0.847963273525238
77.0,0.0,0.9929941296577454,0.007006088271737099,0.04170360416173935,0.9987438321113586,0.8869709372520447,0.8870924711227417,0.9954157471656799,0.004583981353789568,0.010993095114827156,0.9989963173866272,0.7708549499511719,0.7701005339622498
77.0,1.0,0.9929224252700806,0.007077128626406193,0.035978227853775024,0.9987643361091614,0.815737247467041,0.815730094909668,0.9950160980224609,0.004983978345990181,0.03414926305413246,0.9988770484924316,0.9921812415122986,0.9920137524604797
77.0,2.0,0.9951951503753662,0.004804802127182484,0.025394318625330925,0.9988980889320374,0.8814267516136169,0.8811188340187073,0.9842813014984131,0.01571839116513729,0.09027593582868576,0.9982373714447021,0.7659935355186462,0.7673925161361694
77.0,3.0,0.9931648969650269,0.006834052037447691,0.03629862889647484,0.9988312125205994,0.8608447909355164,0.8607953190803528,0.9949382543563843,0.005061167757958174,0.03189712017774582,0.9986365437507629,0.874731719493866,0.8746992945671082
77.0,4.0,0.9930299520492554,0.0069696540012955666,0.03852516785264015,0.9987283945083618,0.8668888807296753,0.8668903708457947,0.9955017566680908,0.004498174414038658,0.0224098339676857,0.9990881681442261,0.8482435345649719,0.8479723334312439
78.0,0.0,0.9930019974708557,0.0069975177757442,0.0417809821665287,0.9987465143203735,0.8869791626930237,0.8871018290519714,0.9954215288162231,0.004578206222504377,0.010924218222498894,0.9989983439445496,0.77085942029953,0.770107626914978
78.0,1.0,0.9929308295249939,0.00706822844222188,0.03594048321247101,0.9987671971321106,0.8157421350479126,0.8157376050949097,0.9950208067893982,0.004980005789548159,0.0343380905687809,0.9988762736320496,0.9921597242355347,0.9920130372047424
78.0,2.0,0.9952000975608826,0.00479928869754076,0.025409160181879997,0.998899519443512,0.8814349174499512,0.8811236023902893,0.9843133687973022,0.01568647101521492,0.089696504175663,0.998245894908905,0.7661192417144775,0.7674290537834167
78.0,3.0,0.9931726455688477,0.006827360484749079,0.036338046193122864,0.9988329410552979,0.8608449101448059,0.8607995510101318,0.994942843914032,0.005057374946773052,0.031881775707006454,0.9986394047737122,0.8747550249099731,0.8747060894966125
78.0,4.0,0.9930358529090881,0.006964628119021654,0.03859419375658035,0.9987304210662842,0.8668949604034424,0.8668959140777588,0.9955090284347534,0.004490661900490522,0.02210797555744648,0.999090850353241,0.8482959270477295,0.8479813933372498
79.0,0.0,0.9930087924003601,0.006990487687289715,0.04177360609173775,0.9987474679946899,0.8869866728782654,0.8871086239814758,0.9954274892807007,0.004572222009301186,0.0110460314899683,0.998996913433075,0.7708075642585754,0.7701018452644348
79.0,1.0,0.9929386377334595,0.007061400450766087,0.03604918718338013,0.9987691044807434,0.8157559633255005,0.8157469630241394,0.9950281977653503,0.004971514921635389,0.03433647379279137,0.9988787770271301,0.9921939969062805,0.9920244812965393
79.0,2.0,0.9952073097229004,0.004793161526322365,0.02545981854200363,0.9989003539085388,0.8814345598220825,0.8811262845993042,0.984326183795929,0.01567428931593895,0.08984687924385071,0.9982485771179199,0.7661298513412476,0.76744145154953
79.0,3.0,0.9931803345680237,0.006819556467235088,0.036394305527210236,0.9988330602645874,0.8608449101448059,0.8608068227767944,0.994950532913208,0.005049198400229216,0.031970273703336716,0.9986401200294495,0.874760627746582,0.8747108578681946
79.0,4.0,0.9930435419082642,0.006956866476684809,0.03862292319536209,0.9987319111824036,0.8668976426124573,0.8669028878211975,0.9955167770385742,0.004483286291360855,0.022323019802570343,0.9990914463996887,0.8482975363731384,0.847984790802002
80.0,0.0,0.9930163621902466,0.0069829123094677925,0.04183986037969589,0.9987466335296631,0.88698810338974,0.8871102929115295,0.9954319596290588,0.004567564465105534,0.011045617051422596,0.9989981651306152,0.7707798480987549,0.770103931427002
80.0,1.0,0.9929491877555847,0.007052058354020119,0.03609391301870346,0.998770534992218,0.8157537579536438,0.8157497644424438,0.995029091835022,0.00497106509283185,0.03403182700276375,0.9988792538642883,0.9922382831573486,0.9920266270637512
80.0,2.0,0.9952132701873779,0.004786231555044651,0.02542813867330551,0.9989020824432373,0.8814471960067749,0.881135106086731,0.984335720539093,0.015664204955101013,0.09006097167730331,0.9982491731643677,0.7661086320877075,0.7674427032470703
80.0,3.0,0.9931879639625549,0.006811982486397028,0.03647148236632347,0.9988362193107605,0.8608599305152893,0.8608143925666809,0.9949619770050049,0.005038089584559202,0.03165730461478233,0.9986417293548584,0.874830961227417,0.8747223019599915
80.0,4.0,0.9930527806282043,0.006947481073439121,0.03866137936711311,0.9987328052520752,0.8669044375419617,0.8669087290763855,0.9955250024795532,0.004474697634577751,0.02238619700074196,0.9990932941436768,0.8482851982116699,0.8479903936386108
81.0,0.0,0.993026852607727,0.006973314564675093,0.04189085587859154,0.9987483620643616,0.8869975209236145,0.8871198296546936,0.9954363703727722,0.0045635332353413105,0.0109530258923769,0.9990042448043823,0.7708938121795654,0.7701252698898315
81.0,1.0,0.992956817150116,0.007043574936687946,0.03609016165137291,0.9987742900848389,0.8157766461372375,0.8157643675804138,0.9950389266014099,0.004960760474205017,0.03439340367913246,0.9988818764686584,0.9921941757202148,0.992033064365387
81.0,2.0,0.9952219128608704,0.004778112284839153,0.02555760182440281,0.9989049434661865,0.8814516067504883,0.8811447024345398,0.9843209981918335,0.015678582713007927,0.08945238590240479,0.9982423782348633,0.7661688923835754,0.767423152923584
81.0,3.0,0.9931938648223877,0.006805915851145983,0.03646166995167732,0.998837411403656,0.8608707189559937,0.8608196973800659,0.9949711561203003,0.005028731655329466,0.03185711428523064,0.9986453652381897,0.8747982978820801,0.8747344613075256
81.0,4.0,0.9930616021156311,0.006937926635146141,0.03866583853960037,0.9987369179725647,0.8669112324714661,0.8669165372848511,0.9955331683158875,0.004467093851417303,0.02240792289376259,0.9990947246551514,0.8482740521430969,0.8479965925216675
82.0,0.0,0.9930439591407776,0.006956830155104399,0.04189619794487953,0.9987515807151794,0.8870434165000916,0.8871517181396484,0.9954456686973572,0.004554729908704758,0.011051394045352936,0.9990012645721436,0.770797610282898,0.7701246738433838
82.0,1.0,0.9929808974266052,0.0070189218968153,0.036110103130340576,0.9987742304801941,0.8158034086227417,0.8157877326011658,0.9950456023216248,0.004954580217599869,0.034404363483190536,0.9988824725151062,0.9921910762786865,0.9920357465744019
82.0,2.0,0.9952266812324524,0.004772853571921587,0.025548985227942467,0.9989058375358582,0.8814598917961121,0.8811485767364502,0.984444797039032,0.015555484220385551,0.08995292335748672,0.9982527494430542,0.7662821412086487,0.7675689458847046
82.0,3.0,0.9932180643081665,0.006781883537769318,0.03642525523900986,0.9988393783569336,0.860896110534668,0.8608482480049133,0.9949758648872375,0.005024401471018791,0.03200598433613777,0.9986433982849121,0.8747778534889221,0.8747290968894958
82.0,4.0,0.9930833578109741,0.006916005164384842,0.03867022693157196,0.9987373352050781,0.8669537901878357,0.8669441342353821,0.9955387115478516,0.004460666328668594,0.02243741601705551,0.9990952610969543,0.8482905030250549,0.8479975461959839
83.0,0.0,0.9930576086044312,0.006941986735910177,0.04192706570029259,0.9987539052963257,0.8870438933372498,0.8871549367904663,0.9954522848129272,0.0045480625703930855,0.011119830422103405,0.9990020394325256,0.7708367109298706,0.7701256275177002
83.0,1.0,0.9929908514022827,0.0070089371874928474,0.036161258816719055,0.9987758994102478,0.8158134818077087,0.8157946467399597,0.9950509667396545,0.004948645364493132,0.03435547649860382,0.9988834261894226,0.9922055006027222,0.9920404553413391
83.0,2.0,0.9952337741851807,0.004766562022268772,0.025544963777065277,0.9989057183265686,0.8814613223075867,0.8811522722244263,0.9844675064086914,0.015532727353274822,0.0901581272482872,0.9982557892799377,0.7662756443023682,0.7675814032554626
83.0,3.0,0.9932281970977783,0.00677267974242568,0.036532431840896606,0.9988393783569336,0.8609028458595276,0.8608514666557312,0.9949831962585449,0.005016975104808807,0.032054901123046875,0.9986456632614136,0.8748166561126709,0.8747345209121704
83.0,4.0,0.9930924773216248,0.006908768322318792,0.03876890242099762,0.9987379908561707,0.8669516444206238,0.8669469952583313,0.9955433011054993,0.004456871654838324,0.022294165566563606,0.99909907579422,0.8483413457870483,0.8480091094970703
84.0,0.0,0.9930675029754639,0.006934165023267269,0.042015623301267624,0.998755156993866,0.8870530724525452,0.8871608972549438,0.9954590797424316,0.00454071257263422,0.01107561681419611,0.9990054965019226,0.7708538174629211,0.770139217376709
84.0,1.0,0.9929991960525513,0.007000189274549484,0.03621916100382805,0.998777449131012,0.815817654132843,0.8158018589019775,0.9950560331344604,0.00494363671168685,0.03453212231397629,0.9988845586776733,0.9921956658363342,0.9920462965965271
84.0,2.0,0.9952399730682373,0.004760736133903265,0.025596484541893005,0.998908281326294,0.8814690113067627,0.8811582922935486,0.9844746589660645,0.01552522648125887,0.09039107710123062,0.9982579946517944,0.7662756443023682,0.7675960659980774
84.0,3.0,0.9932342767715454,0.006765259895473719,0.03656218573451042,0.9988425970077515,0.8609111905097961,0.8608649373054504,0.9949885606765747,0.005011708941310644,0.03180385380983353,0.9986491203308105,0.8748480081558228,0.8747437000274658
84.0,4.0,0.9930996298789978,0.006901381071656942,0.038832809776067734,0.9987380504608154,0.8669577240943909,0.8669520020484924,0.9955528974533081,0.004447042476385832,0.022409308701753616,0.9990977048873901,0.8483180403709412,0.8480083346366882
85.0,0.0,0.9930741786956787,0.006925969384610653,0.04205310717225075,0.9987584948539734,0.8870625495910645,0.8871711492538452,0.9954645037651062,0.004535961430519819,0.01107620820403099,0.9990050792694092,0.7708734273910522,0.770136296749115
85.0,1.0,0.9930058717727661,0.006993310526013374,0.03624741733074188,0.9987778067588806,0.8158193230628967,0.8158084154129028,0.9950607419013977,0.004939096514135599,0.03447430580854416,0.9988875389099121,0.9922265410423279,0.9920524954795837
85.0,2.0,0.995245635509491,0.004754242952913046,0.025649506598711014,0.9989097118377686,0.8814798593521118,0.8811628818511963,0.984492838382721,0.015507785603404045,0.0906265377998352,0.9982622861862183,0.7662971019744873,0.7676078081130981
85.0,3.0,0.9932429194450378,0.006757532712072134,0.03659552335739136,0.998842179775238,0.8609111309051514,0.8608629703521729,0.9949918985366821,0.005008040927350521,0.03172967582941055,0.9986482262611389,0.8748756051063538,0.8747413158416748
85.0,4.0,0.9931063652038574,0.006893984042108059,0.03886771574616432,0.9987425804138184,0.8669701218605042,0.8669654130935669,0.9955596327781677,0.00443983543664217,0.02236901968717575,0.9991011023521423,0.8483788371086121,0.8480340242385864
86.0,0.0,0.9930816292762756,0.006918029394000769,0.04203172028064728,0.9987595677375793,0.8870705366134644,0.8871784210205078,0.9954691529273987,0.004530433099716902,0.011154292151331902,0.9990067481994629,0.7708756327629089,0.7701398730278015
86.0,1.0,0.9930145144462585,0.006985530257225037,0.03626856580376625,0.9987799525260925,0.8158373236656189,0.8158180117607117,0.9950678944587708,0.00493161054328084,0.034391798079013824,0.998887836933136,0.9922307133674622,0.9920544624328613
86.0,2.0,0.9952518939971924,0.004748464096337557,0.025654129683971405,0.9989109039306641,0.8814794421195984,0.8811692595481873,0.9844959378242493,0.015503691509366035,0.09090331196784973,0.9982616901397705,0.7663004398345947,0.7676182985305786
86.0,3.0,0.9932499527931213,0.006749589461833239,0.03666369244456291,0.9988451600074768,0.8609294891357422,0.8608759045600891,0.9950007200241089,0.0049996948800981045,0.03221055865287781,0.9986515045166016,0.874825656414032,0.8747514486312866
86.0,4.0,0.9931128621101379,0.006887263152748346,0.03891325742006302,0.9987427592277527,0.8669720888137817,0.8669671416282654,0.9955671429634094,0.004432434681802988,0.022380072623491287,0.9991018772125244,0.8483529090881348,0.8480413556098938
87.0,0.0,0.993088960647583,0.006910824216902256,0.04212911054491997,0.9987604022026062,0.8870722055435181,0.8871813416481018,0.995476484298706,0.0045232148841023445,0.011154061183333397,0.99900883436203,0.7708624601364136,0.7701455354690552
87.0,1.0,0.9930223822593689,0.00697760796174407,0.03632102534174919,0.9987813830375671,0.8158427476882935,0.8158239126205444,0.9950723648071289,0.004927590023726225,0.03454986959695816,0.9988881945610046,0.992207407951355,0.9920588731765747
87.0,2.0,0.9952571988105774,0.004742847755551338,0.025686094537377357,0.9989125728607178,0.8814787268638611,0.8811736702919006,0.9845085740089417,0.015491449274122715,0.09094087034463882,0.9982633590698242,0.7663016319274902,0.7676331400871277
87.0,3.0,0.9932578802108765,0.006741965655237436,0.03669395297765732,0.9988470077514648,0.8609305620193481,0.8608813285827637,0.9950056076049805,0.004994052462279797,0.03206673264503479,0.9986551403999329,0.8748546838760376,0.8747594356536865
87.0,4.0,0.9931207895278931,0.006879805121570826,0.038962509483098984,0.998744785785675,0.8669829964637756,0.8669748902320862,0.9955754280090332,0.004424907732754946,0.02246965654194355,0.9991046786308289,0.848361611366272,0.8480526804924011
88.0,0.0,0.9930955767631531,0.00690414197742939,0.04216555133461952,0.9987608194351196,0.8870735764503479,0.8871856927871704,0.9954822659492493,0.0045178551226854324,0.011128236539661884,0.9990110397338867,0.7709038257598877,0.770152747631073
88.0,1.0,0.9930288791656494,0.006971416994929314,0.03643146529793739,0.9987861514091492,0.8158549666404724,0.8158339262008667,0.9950777292251587,0.004921877756714821,0.03457994759082794,0.9988893270492554,0.9922156929969788,0.9920635223388672
88.0,2.0,0.9952648878097534,0.004735811147838831,0.025757616385817528,0.9989157915115356,0.8814895153045654,0.8811777234077454,0.9845260381698608,0.015473744831979275,0.0907573327422142,0.9982677102088928,0.766360342502594,0.7676460146903992
88.0,3.0,0.993263304233551,0.006736645475029945,0.0367375873029232,0.9988483786582947,0.860939085483551,0.8608870506286621,0.9950112104415894,0.0049884989857673645,0.032100316137075424,0.998655378818512,0.8748721480369568,0.8747606873512268
88.0,4.0,0.9931271076202393,0.006873274687677622,0.03899267688393593,0.9987462759017944,0.866988480091095,0.866979718208313,0.9955799579620361,0.0044199503026902676,0.022608309984207153,0.9991043210029602,0.8483319878578186,0.8480370044708252
89.0,0.0,0.9931008219718933,0.006898370571434498,0.042256202548742294,0.9987635016441345,0.8870829343795776,0.8871945738792419,0.9954883456230164,0.004511948674917221,0.011219753883779049,0.9990116357803345,0.7708789110183716,0.77015620470047
89.0,1.0,0.9930366277694702,0.006962970364838839,0.0364324152469635,0.9987855553627014,0.8158599734306335,0.8158370852470398,0.9950825572013855,0.004916926845908165,0.03457149490714073,0.998890221118927,0.9922476410865784,0.9920657277107239
89.0,2.0,0.9952688217163086,0.004731277469545603,0.0257479976862669,0.9989150166511536,0.8814865946769714,0.8811781406402588,0.9845399856567383,0.015459987334907055,0.09067525714635849,0.9982702732086182,0.7663717865943909,0.767654299736023
89.0,3.0,0.993269681930542,0.0067304326221346855,0.036777570843696594,0.9988494515419006,0.8609399795532227,0.860888659954071,0.9950184226036072,0.004982009530067444,0.032238785177469254,0.9986587166786194,0.8748546838760376,0.8747683763504028
89.0,4.0,0.9931329488754272,0.0068668765015900135,0.03904576599597931,0.998749315738678,0.8669944405555725,0.8669844269752502,0.9955874085426331,0.004412777256220579,0.02254473604261875,0.9991068840026855,0.8483744263648987,0.8480591177940369
90.0,0.0,0.9931216239929199,0.00687851058319211,0.04225426912307739,0.9987669587135315,0.8871046900749207,0.887209415435791,0.9954979419708252,0.004502218682318926,0.011208207346498966,0.9990141987800598,0.7708762288093567,0.7701625823974609
90.0,1.0,0.9930558204650879,0.006944675464183092,0.03647143766283989,0.9987893104553223,0.8158755898475647,0.8158524632453918,0.9950922131538391,0.0049084629863500595,0.03461823612451553,0.9988920092582703,0.9922274351119995,0.9920728802680969
90.0,2.0,0.9952846169471741,0.004715424496680498,0.025787627324461937,0.9989187121391296,0.8815062046051025,0.8811941742897034,0.9845497608184814,0.015450377017259598,0.09085752815008163,0.9982723593711853,0.766365647315979,0.7676612734794617
90.0,3.0,0.9932887554168701,0.006711406633257866,0.03676949813961983,0.9988532662391663,0.8609607219696045,0.8609046339988708,0.9950231313705444,0.004976936616003513,0.0322316512465477,0.9986609816551208,0.8748633861541748,0.8747732043266296
90.0,4.0,0.9931473135948181,0.006852596998214722,0.03903650492429733,0.9987511038780212,0.8669978380203247,0.8669939637184143,0.9955917000770569,0.004408264998346567,0.022565649822354317,0.999107301235199,0.8483782410621643,0.8480628132820129
91.0,0.0,0.9931243658065796,0.0068761506117880344,0.042275093495845795,0.9987677335739136,0.8871053457260132,0.8872114419937134,0.9954983592033386,0.004501502029597759,0.011200939305126667,0.9990139603614807,0.7708864808082581,0.7701609134674072
91.0,1.0,0.9930567741394043,0.006943319924175739,0.036509737372398376,0.9987895488739014,0.8158748149871826,0.8158515095710754,0.9950929880142212,0.004907202906906605,0.03455911949276924,0.9988940954208374,0.9922411441802979,0.9920755624771118
91.0,2.0,0.9952855706214905,0.0047144815325737,0.025784887373447418,0.9989204406738281,0.8815134763717651,0.8811978697776794,0.9845508933067322,0.015448767691850662,0.09091856330633163,0.9982722997665405,0.7663609385490417,0.7676600217819214
91.0,3.0,0.9932897090911865,0.0067105526104569435,0.0368197001516819,0.9988528490066528,0.8609597682952881,0.860906720161438,0.9950238466262817,0.004976144526153803,0.03230989724397659,0.9986610412597656,0.8748611807823181,0.874773383140564
91.0,4.0,0.9931469559669495,0.006851932033896446,0.03907129913568497,0.9987514019012451,0.8669988512992859,0.8669936656951904,0.9955930113792419,0.0044069369323551655,0.02259046770632267,0.9991081953048706,0.8483780026435852,0.8480654954910278
92.0,0.0,0.9931246638298035,0.0068752882070839405,0.04230847209692001,0.9987686276435852,0.8871044516563416,0.8872120380401611,0.9954991340637207,0.004500975366681814,0.011191366240382195,0.9990154504776001,0.7708917856216431,0.7701636552810669
92.0,1.0,0.993058443069458,0.006942507345229387,0.03645852208137512,0.9987906217575073,0.8158820271492004,0.8158552050590515,0.9950926899909973,0.004906714893877506,0.03462456166744232,0.998892605304718,0.992233395576477,0.9920740127563477
92.0,2.0,0.995286226272583,0.004713896196335554,0.025807900354266167,0.9989184141159058,0.8815051913261414,0.8811942934989929,0.984552264213562,0.015447849407792091,0.09092184901237488,0.9982723593711853,0.7663620710372925,0.7676597833633423
92.0,3.0,0.9932907223701477,0.006709636189043522,0.036825183779001236,0.998853325843811,0.8609607219696045,0.8609050512313843,0.9950242638587952,0.004975817631930113,0.032253850251436234,0.9986606240272522,0.8748583197593689,0.8747724890708923
92.0,4.0,0.99314945936203,0.006851192098110914,0.03903529793024063,0.9987508058547974,0.8669984340667725,0.86699378490448,0.9955944418907166,0.004405753221362829,0.022663837298750877,0.9991085529327393,0.8483695983886719,0.8480640053749084
93.0,0.0,0.993125855922699,0.006874374113976955,0.042321961373090744,0.9987685680389404,0.8871026635169983,0.8872112035751343,0.9954996705055237,0.0045005339197814465,0.011215831153094769,0.9990156292915344,0.7708841562271118,0.7701625227928162
93.0,1.0,0.9930593967437744,0.006941500119864941,0.036494821310043335,0.9987909197807312,0.8158782720565796,0.8158558011054993,0.9950937032699585,0.004906172398477793,0.03460099548101425,0.9988933205604553,0.992238461971283,0.9920749664306641
93.0,2.0,0.9952873587608337,0.00471322750672698,0.025809185579419136,0.9989195466041565,0.881511390209198,0.8811965584754944,0.9845532178878784,0.01544708851724863,0.09098667651414871,0.9982731938362122,0.7663596272468567,0.7676627039909363
93.0,3.0,0.9932920932769775,0.006708901841193438,0.03681078925728798,0.9988535642623901,0.860964834690094,0.8609071373939514,0.9950248003005981,0.004975227173417807,0.032282017171382904,0.9986612200737,0.8748536705970764,0.8747767210006714
93.0,4.0,0.993148684501648,0.006850547157227993,0.03908688575029373,0.9987514019012451,0.8669974207878113,0.8669944405555725,0.9955951571464539,0.004405065905302763,0.02261345647275448,0.9991084933280945,0.8483752012252808,0.8480648994445801
94.0,0.0,0.9931257963180542,0.006873637437820435,0.0423024483025074,0.9987685084342957,0.8871049880981445,0.8872117400169373,0.995500385761261,0.004499884322285652,0.011220725253224373,0.9990140199661255,0.7708874344825745,0.7701621055603027
94.0,1.0,0.9930601119995117,0.006940936669707298,0.0364980548620224,0.9987925291061401,0.8158791661262512,0.8158549666404724,0.9950945973396301,0.004905625246465206,0.03464832901954651,0.9988933205604553,0.992235004901886,0.992074191570282
94.0,2.0,0.9952877759933472,0.004712591413408518,0.025816047564148903,0.9989197850227356,0.8815087676048279,0.8811966180801392,0.9845541715621948,0.01544577069580555,0.09094797074794769,0.9982731342315674,0.7663609385490417,0.7676630616188049
94.0,3.0,0.993291974067688,0.0067082177847623825,0.036845024675130844,0.9988542795181274,0.8609618544578552,0.8609079122543335,0.9950257539749146,0.00497423205524683,0.03223864734172821,0.9986618757247925,0.8748685717582703,0.8747764229774475
94.0,4.0,0.9931491017341614,0.006849920842796564,0.039072874933481216,0.9987512826919556,0.8669986128807068,0.8669947981834412,0.9955955147743225,0.00440454576164484,0.02255423367023468,0.9991080164909363,0.8483812212944031,0.8480658531188965
95.0,0.0,0.9931272864341736,0.006873054429888725,0.04229802265763283,0.9987687468528748,0.8871090412139893,0.8872159123420715,0.9955005645751953,0.004499444272369146,0.01123476680368185,0.9990151524543762,0.7708871960639954,0.7701641917228699
95.0,1.0,0.9930599927902222,0.006940160412341356,0.036505669355392456,0.9987907409667969,0.8158808946609497,0.815856397151947,0.9950951933860779,0.0049049886874854565,0.03465011343359947,0.9988936185836792,0.9922389984130859,0.9920763969421387
95.0,2.0,0.9952869415283203,0.004712074063718319,0.025811761617660522,0.9989191889762878,0.8815115690231323,0.8811978697776794,0.984555184841156,0.015444766730070114,0.09094545245170593,0.9982735514640808,0.7663663625717163,0.7676646113395691
95.0,3.0,0.9932936429977417,0.006707606837153435,0.03682543337345123,0.9988541007041931,0.8609633445739746,0.8609075546264648,0.9950267672538757,0.00497360248118639,0.03226075321435928,0.9986616969108582,0.8748711347579956,0.8747767210006714
95.0,4.0,0.9931508898735046,0.006849262863397598,0.03908829763531685,0.9987521767616272,0.8670032024383545,0.8669967651367188,0.9955973625183105,0.004403348080813885,0.022598134353756905,0.9991075992584229,0.8483765125274658,0.8480654954910278
96.0,0.0,0.99312824010849,0.006872164085507393,0.042339224368333817,0.9987689256668091,0.8871067762374878,0.8872143030166626,0.9955014586448669,0.004498894326388836,0.011210654862225056,0.9990158081054688,0.7708970308303833,0.7701660990715027
96.0,1.0,0.993060827255249,0.006939366459846497,0.03650404140353203,0.9987919926643372,0.8158798217773438,0.8158565163612366,0.9950962662696838,0.00490440521389246,0.03460003435611725,0.9988939166069031,0.9922449588775635,0.9920770525932312
96.0,2.0,0.9952888488769531,0.004711320158094168,0.02578439563512802,0.9989205002784729,0.8815165758132935,0.8812002539634705,0.9845564961433411,0.015443772077560425,0.09096995741128922,0.9982739686965942,0.7663735151290894,0.7676689624786377
96.0,3.0,0.9932941198348999,0.006706835236400366,0.03684807941317558,0.9988532662391663,0.8609593510627747,0.8609079122543335,0.9950268864631653,0.004972833674401045,0.03226378187537193,0.9986631870269775,0.8748767971992493,0.8747783899307251
96.0,4.0,0.9931515455245972,0.006848553195595741,0.039090827107429504,0.9987521171569824,0.8670027852058411,0.8669977188110352,0.9955968260765076,0.004403288476169109,0.022570356726646423,0.9991080164909363,0.8483860492706299,0.8480668067932129
97.0,0.0,0.9931285977363586,0.006871690042316914,0.04231690615415573,0.9987680315971375,0.8871087431907654,0.8872144818305969,0.995501697063446,0.004498212598264217,0.011221671476960182,0.9990154504776001,0.7708876729011536,0.7701634764671326
97.0,1.0,0.993060827255249,0.006938834674656391,0.03651437535881996,0.9987909197807312,0.8158799409866333,0.8158560991287231,0.9950966835021973,0.004903940949589014,0.03460542857646942,0.998894214630127,0.9922466278076172,0.9920769929885864
97.0,2.0,0.9952899217605591,0.004710668697953224,0.025797156617045403,0.998920738697052,0.8815159201622009,0.8811997771263123,0.9845569729804993,0.015442896634340286,0.0909668579697609,0.9982739090919495,0.7663694620132446,0.7676687240600586
97.0,3.0,0.993294358253479,0.006706275511533022,0.03684317320585251,0.9988540410995483,0.8609619140625,0.8609082698822021,0.995027482509613,0.004972278140485287,0.032256290316581726,0.9986616373062134,0.8748687505722046,0.8747768402099609
97.0,4.0,0.9931519627571106,0.0068478332832455635,0.03907221555709839,0.9987542033195496,0.867006242275238,0.867000162601471,0.9955982565879822,0.004401675891131163,0.02270696312189102,0.9991089105606079,0.8483638763427734,0.8480671644210815
98.0,0.0,0.9931290149688721,0.006870681885629892,0.04233792424201965,0.9987691044807434,0.8871073722839355,0.8872163891792297,0.9955019950866699,0.004497887101024389,0.011228587478399277,0.9990167617797852,0.7708997130393982,0.7701678276062012
98.0,1.0,0.9930616021156311,0.006938016973435879,0.03651692718267441,0.9987918734550476,0.8158826231956482,0.8158583045005798,0.9950965046882629,0.004903300199657679,0.03460533544421196,0.9988937973976135,0.9922458529472351,0.9920762777328491
98.0,2.0,0.9952903389930725,0.004710025619715452,0.02578270435333252,0.9989206194877625,0.881516695022583,0.8812000751495361,0.9845573306083679,0.015442618168890476,0.09110627323389053,0.9982752799987793,0.7663733959197998,0.7676723599433899
98.0,3.0,0.9932941198348999,0.0067055984400212765,0.03687981888651848,0.9988541007041931,0.8609640002250671,0.8609095215797424,0.9950281381607056,0.0049717542715370655,0.03225729241967201,0.9986618757247925,0.8748690485954285,0.8747773766517639
98.0,4.0,0.9931526780128479,0.006847215350717306,0.03911501169204712,0.9987521767616272,0.8670065402984619,0.8669983744621277,0.9955986738204956,0.00440141512081027,0.02262907288968563,0.9991096258163452,0.8483823537826538,0.8480710983276367
99.0,0.0,0.9931302070617676,0.00687016174197197,0.04232310131192207,0.9987692832946777,0.8871124386787415,0.887217104434967,0.9955027103424072,0.004497199784964323,0.011226791888475418,0.9990162253379822,0.7708919048309326,0.77016681432724
99.0,1.0,0.9930628538131714,0.0069374460726976395,0.03651627525687218,0.9987921118736267,0.8158829212188721,0.8158597946166992,0.9950981736183167,0.004902569577097893,0.03462842479348183,0.9988943934440613,0.9922436475753784,0.9920769929885864
99.0,2.0,0.99528968334198,0.004709404427558184,0.025819001719355583,0.9989200830459595,0.881515383720398,0.8812025189399719,0.9845589399337769,0.015441125258803368,0.09104962646961212,0.9982749223709106,0.7663729190826416,0.7676708698272705
99.0,3.0,0.9932957291603088,0.0067046876065433025,0.03686220571398735,0.998854398727417,0.8609654903411865,0.860910177230835,0.9950284957885742,0.004971242044121027,0.03228868171572685,0.9986622929573059,0.8748686909675598,0.8747772574424744
99.0,4.0,0.993153989315033,0.006846382282674313,0.0390944667160511,0.9987528324127197,0.8670059442520142,0.8669980764389038,0.995600163936615,0.004400121979415417,0.022648891434073448,0.9991103410720825,0.8483738899230957,0.8480718731880188
100.0,0.0,0.9931312203407288,0.0068694837391376495,0.042330436408519745,0.998769998550415,0.8871137499809265,0.8872175812721252,0.9955034852027893,0.004496621899306774,0.011234641075134277,0.9990164637565613,0.7708818316459656,0.770167350769043
100.0,1.0,0.9930636286735535,0.0069366684183478355,0.0365435965359211,0.9987916946411133,0.8158789873123169,0.815861165523529,0.9950975775718689,0.004902445245534182,0.03456387668848038,0.9988951086997986,0.9922540187835693,0.9920789003372192
100.0,2.0,0.9952908158302307,0.004708882886916399,0.025814734399318695,0.998920738697052,0.881518542766571,0.8812018036842346,0.9845604300498962,0.015439750626683235,0.09104523807764053,0.9982747435569763,0.7663784027099609,0.7676723599433899
100.0,3.0,0.9932969808578491,0.006704154424369335,0.03687722608447075,0.9988546967506409,0.8609668016433716,0.8609123229980469,0.995029628276825,0.004970597103238106,0.03227326646447182,0.9986624717712402,0.8748690485954285,0.8747782111167908
100.0,4.0,0.9931548833847046,0.00684595201164484,0.039130281656980515,0.9987531304359436,0.8670048117637634,0.8669992089271545,0.9956004023551941,0.004399508237838745,0.022626079618930817,0.9991096258163452,0.848379909992218,0.84806889295578
101.0,0.0,0.9931313395500183,0.00686869490891695,0.04233414679765701,0.9987708330154419,0.887112557888031,0.8872188925743103,0.9955041408538818,0.004495895002037287,0.01122203003615141,0.9990147948265076,0.770882785320282,0.7701643109321594
101.0,1.0,0.9930638074874878,0.00693601556122303,0.03652850165963173,0.9987927079200745,0.8158861994743347,0.8158617615699768,0.9950980544090271,0.00490160845220089,0.034691642969846725,0.9988945126533508,0.9922370910644531,0.992077648639679
101.0,2.0,0.9952930808067322,0.004708261229097843,0.02581821195781231,0.9989209175109863,0.8815141916275024,0.8812013268470764,0.9845610857009888,0.015438984148204327,0.09099502861499786,0.9982756972312927,0.7663856148719788,0.7676746845245361
101.0,3.0,0.9932969212532043,0.006703486666083336,0.03684147074818611,0.9988559484481812,0.8609701991081238,0.8609152436256409,0.9950301051139832,0.004969906993210316,0.03226238861680031,0.9986615180969238,0.8748684525489807,0.8747760057449341
101.0,4.0,0.9931554198265076,0.006845218129456043,0.039112817496061325,0.9987531900405884,0.8670044541358948,0.8670007586479187,0.9956007599830627,0.004399352706968784,0.022592613473534584,0.9991089105606079,0.8483836054801941,0.848068356513977
102.0,0.0,0.9931313991546631,0.006868149619549513,0.042329248040914536,0.9987689852714539,0.887114942073822,0.8872199654579163,0.9955049753189087,0.004495273344218731,0.011227043345570564,0.9990161657333374,0.7708925604820251,0.7701671123504639
102.0,1.0,0.993065595626831,0.006935221143066883,0.036533985286951065,0.9987921714782715,0.8158884048461914,0.8158613443374634,0.9950982928276062,0.004900910891592503,0.034661442041397095,0.9988945126533508,0.9922420382499695,0.992080569267273
102.0,2.0,0.9952932596206665,0.00470751104876399,0.025822805240750313,0.9989209175109863,0.8815158605575562,0.8812031745910645,0.9845612049102783,0.015438398346304893,0.09109258651733398,0.9982752799987793,0.7663782835006714,0.7676730155944824
102.0,3.0,0.9932979941368103,0.006702837068587542,0.036849476397037506,0.9988552331924438,0.8609660863876343,0.8609120845794678,0.9950301647186279,0.004969451110810041,0.03230811282992363,0.9986633062362671,0.8748692274093628,0.8747854828834534
102.0,4.0,0.993155837059021,0.00684465654194355,0.03911944851279259,0.9987541437149048,0.8670063018798828,0.867000937461853,0.9956016540527344,0.004398152232170105,0.022583061829209328,0.9991099238395691,0.8483806252479553,0.8480703234672546
103.0,0.0,0.9931328892707825,0.006867327727377415,0.04235769063234329,0.9987702965736389,0.8871110081672668,0.8872184157371521,0.9955049753189087,0.004494677763432264,0.011240942403674126,0.9990164041519165,0.7708883881568909,0.7701675891876221
103.0,1.0,0.9930654764175415,0.006934701930731535,0.03652697056531906,0.9987924098968506,0.8158882856369019,0.8158632516860962,0.9950994849205017,0.004900278057903051,0.03466620668768883,0.9988942742347717,0.9922403693199158,0.9920796751976013
103.0,2.0,0.9952932000160217,0.004706898704171181,0.02583235315978527,0.9989211559295654,0.88151615858078,0.8812025189399719,0.9845627546310425,0.015437424182891846,0.09112067520618439,0.9982755184173584,0.7663744688034058,0.7676736116409302
103.0,3.0,0.9932977557182312,0.006702141836285591,0.03688608109951019,0.9988563060760498,0.8609669804573059,0.8609138131141663,0.9950311779975891,0.004968693945556879,0.03230173885822296,0.9986628890037537,0.8748722076416016,0.8747782111167908
103.0,4.0,0.9931563138961792,0.006843926850706339,0.03910168260335922,0.998752236366272,0.8670114874839783,0.8670006394386292,0.9956028461456299,0.004397349897772074,0.02261083945631981,0.9991101622581482,0.8483753204345703,0.8480740189552307
104.0,0.0,0.9931338429450989,0.006866724696010351,0.042325425893068314,0.998770534992218,0.8871169686317444,0.8872219920158386,0.9955062866210938,0.004494107328355312,0.011226014234125614,0.999016284942627,0.7708895206451416,0.7701684236526489
104.0,1.0,0.9930663704872131,0.006933969911187887,0.0365314744412899,0.9987925291061401,0.8158864378929138,0.815863847732544,0.9951002597808838,0.004899667110294104,0.03468427434563637,0.9988939762115479,0.9922387599945068,0.9920793771743774
104.0,2.0,0.9952936768531799,0.004706351552158594,0.02583720162510872,0.9989215731620789,0.881517231464386,0.8812045454978943,0.984563946723938,0.015436309389770031,0.09106510877609253,0.99827641248703,0.7663843035697937,0.7676757574081421
104.0,3.0,0.9932990074157715,0.0067014191299676895,0.03685717284679413,0.998855710029602,0.860970675945282,0.8609150648117065,0.995032012462616,0.004968180321156979,0.03229568898677826,0.9986628890037537,0.8748735785484314,0.8747850656509399
104.0,4.0,0.993157148361206,0.006843365728855133,0.039140600711107254,0.9987537264823914,0.8670081496238708,0.8670027852058411,0.9956033229827881,0.004396730102598667,0.022618615999817848,0.9991095662117004,0.8483789563179016,0.8480708003044128
105.0,0.0,0.9931350946426392,0.006865968927741051,0.04233410581946373,0.9987704157829285,0.887115478515625,0.887222409248352,0.9955067038536072,0.0044935219921171665,0.011240591295063496,0.9990164041519165,0.7708861827850342,0.7701683640480042
105.0,1.0,0.9930676221847534,0.00693318247795105,0.0365268848836422,0.9987937211990356,0.8158890008926392,0.8158640265464783,0.9951009750366211,0.004899140913039446,0.03468749672174454,0.9988948702812195,0.9922376871109009,0.9920795559883118
105.0,2.0,0.9952951073646545,0.004705662839114666,0.025847848504781723,0.9989206194877625,0.8815150260925293,0.8812046647071838,0.984564483165741,0.015435609966516495,0.09101782739162445,0.998275876045227,0.7663826942443848,0.7676756978034973
105.0,3.0,0.9932994246482849,0.00670069782063365,0.03687065839767456,0.998855710029602,0.8609669804573059,0.8609161972999573,0.9950324296951294,0.004967523273080587,0.032266102731227875,0.9986644387245178,0.8748857975006104,0.874784529209137
105.0,4.0,0.9931579232215881,0.006842632312327623,0.03911447897553444,0.9987542629241943,0.8670111298561096,0.8670044541358948,0.9956037402153015,0.0043961890041828156,0.022617774084210396,0.9991099834442139,0.8483847379684448,0.8480727672576904
106.0,0.0,0.9931353330612183,0.006865371018648148,0.04233577474951744,0.998771071434021,0.8871186375617981,0.8872232437133789,0.995507001876831,0.004493103828281164,0.01123342476785183,0.9990170001983643,0.7708754539489746,0.7701720595359802
106.0,1.0,0.9930681586265564,0.006932501681149006,0.036555808037519455,0.9987933039665222,0.8158848881721497,0.8158646821975708,0.9951015710830688,0.004898452665656805,0.03466247394680977,0.9988952875137329,0.9922480583190918,0.9920847415924072
106.0,2.0,0.9952956438064575,0.004705230705440044,0.025831589475274086,0.9989209771156311,0.8815165162086487,0.881206214427948,0.9845655560493469,0.015434782020747662,0.09104544669389725,0.9982753992080688,0.7663875222206116,0.7676743268966675
106.0,3.0,0.9933000802993774,0.006700149271637201,0.03687919303774834,0.9988554120063782,0.8609689474105835,0.860914409160614,0.9950329065322876,0.004967121407389641,0.03230026736855507,0.9986634254455566,0.8748753666877747,0.8747870922088623
106.0,4.0,0.9931579828262329,0.006842000409960747,0.039121054112911224,0.9987545013427734,0.8670114278793335,0.867004930973053,0.9956048727035522,0.004395242314785719,0.02270764298737049,0.9991095662117004,0.84837406873703,0.8480710983276367
107.0,0.0,0.9931361079216003,0.006864628288894892,0.04238541051745415,0.9987702965736389,0.8871148824691772,0.8872239589691162,0.9955077767372131,0.004492197185754776,0.011230680160224438,0.999017059803009,0.7708954811096191,0.7701711058616638
107.0,1.0,0.9930687546730042,0.0069319200702011585,0.03652193769812584,0.9987941980361938,0.8158928751945496,0.8158653974533081,0.9951019287109375,0.004897920414805412,0.03469109535217285,0.9988961815834045,0.9922472238540649,0.9920859336853027
107.0,2.0,0.9952955842018127,0.004704507999122143,0.025848710909485817,0.9989214539527893,0.8815180659294128,0.8812084794044495,0.9845658540725708,0.01543407142162323,0.09098111838102341,0.9982771873474121,0.7663898468017578,0.7676794528961182
107.0,3.0,0.9933010339736938,0.006699508521705866,0.03686132654547691,0.9988563060760498,0.8609693050384521,0.8609158396720886,0.9950337409973145,0.004966345615684986,0.03227581828832626,0.998663604259491,0.8748884201049805,0.8747857213020325
107.0,4.0,0.9931581616401672,0.006841291207820177,0.03914088010787964,0.9987539649009705,0.8670110702514648,0.8670070171356201,0.9956040978431702,0.004395616240799427,0.02256622537970543,0.9991098046302795,0.8483903408050537,0.8480711579322815
108.0,0.0,0.9931361079216003,0.006864041555672884,0.04236312210559845,0.9987701773643494,0.8871212005615234,0.8872233033180237,0.9955083131790161,0.004491766914725304,0.011240190826356411,0.9990173578262329,0.7708859443664551,0.7701699733734131
108.0,1.0,0.993069052696228,0.006931094918400049,0.03654142841696739,0.9987930655479431,0.8158875703811646,0.815863847732544,0.9951025247573853,0.004897499922662973,0.034597501158714294,0.9988957643508911,0.9922550320625305,0.99208664894104
108.0,2.0,0.9952968955039978,0.004704025108367205,0.02584124729037285,0.9989214539527893,0.8815200328826904,0.8812060356140137,0.9845672249794006,0.015432637184858322,0.09110531955957413,0.9982766509056091,0.7663830518722534,0.7676857709884644
108.0,3.0,0.9933021664619446,0.006698609329760075,0.03689270094037056,0.9988555908203125,0.8609713315963745,0.8609185218811035,0.995034396648407,0.004965916741639376,0.0322977639734745,0.9986642599105835,0.8748802542686462,0.8747925758361816
108.0,4.0,0.9931604862213135,0.0068406593054533005,0.039121899753808975,0.9987536668777466,0.867007851600647,0.8670067191123962,0.9956057071685791,0.0043941158801317215,0.022617284208536148,0.9991100430488586,0.848380982875824,0.8480725884437561
109.0,0.0,0.993137538433075,0.006863266695290804,0.04236150532960892,0.9987720251083374,0.8871241211891174,0.8872286677360535,0.9955086708068848,0.004491341300308704,0.011238973587751389,0.9990174174308777,0.7708815336227417,0.7701725363731384
109.0,1.0,0.9930704832077026,0.006930445786565542,0.036545250564813614,0.9987935423851013,0.8158904314041138,0.8158679008483887,0.9951026439666748,0.004896766971796751,0.034685760736465454,0.9988946914672852,0.9922398924827576,0.9920825362205505
109.0,2.0,0.9952974319458008,0.004703297279775143,0.025823920965194702,0.9989222288131714,0.8815218806266785,0.8812092542648315,0.9845682382583618,0.015432027168571949,0.09112486243247986,0.9982770681381226,0.7663873434066772,0.7676866054534912
109.0,3.0,0.9933030605316162,0.0066980402916669846,0.03689364343881607,0.9988566040992737,0.8609694242477417,0.860919177532196,0.9950348138809204,0.0049651251174509525,0.03228200227022171,0.998664379119873,0.8748908042907715,0.8747921586036682
109.0,4.0,0.9931602478027344,0.006840015295892954,0.03914175555109978,0.9987542629241943,0.867012619972229,0.8670086860656738,0.9956062436103821,0.0043937209993600845,0.02256631664931774,0.99910968542099,0.848386824131012,0.8480718731880188
110.0,0.0,0.9931383728981018,0.006862645968794823,0.042340237647295,0.9987720251083374,0.8871244788169861,0.8872288465499878,0.9955092668533325,0.0044906553812325,0.01124067697674036,0.9990166425704956,0.770879864692688,0.7701701521873474
110.0,1.0,0.993070662021637,0.006929783616214991,0.03657282516360283,0.9987933039665222,0.8158904910087585,0.8158713579177856,0.9951034188270569,0.004896173253655434,0.034659549593925476,0.9988957643508911,0.9922507405281067,0.9920855164527893
110.0,2.0,0.9952974915504456,0.0047026569955050945,0.025831447914242744,0.9989224076271057,0.8815247416496277,0.8812081217765808,0.984569787979126,0.015430762432515621,0.09111364930868149,0.9982771873474121,0.7663846611976624,0.7676873207092285
110.0,3.0,0.9933030009269714,0.006697385106235743,0.036908987909555435,0.9988559484481812,0.8609696626663208,0.8609193563461304,0.9950351715087891,0.004964723251760006,0.03231814131140709,0.9986644387245178,0.8748802542686462,0.87479168176651
110.0,4.0,0.9931604862213135,0.006839246954768896,0.03915403038263321,0.9987545013427734,0.8670109510421753,0.8670081496238708,0.9956068992614746,0.004393025301396847,0.022601673379540443,0.9991106986999512,0.8483880162239075,0.8480745553970337
111.0,0.0,0.9931387305259705,0.006862006150186062,0.04236244410276413,0.998771071434021,0.8871230483055115,0.8872278332710266,0.9955101013183594,0.004490024875849485,0.011241072788834572,0.9990175366401672,0.7708829641342163,0.7701715230941772
111.0,1.0,0.9930711388587952,0.006929103285074234,0.03654898703098297,0.9987933039665222,0.8158904314041138,0.8158679604530334,0.9951045513153076,0.00489555299282074,0.03467956930398941,0.998896598815918,0.9922477602958679,0.9920860528945923
111.0,2.0,0.9952978491783142,0.004702137317508459,0.02584913559257984,0.9989211559295654,0.8815221786499023,0.8812093138694763,0.9845702052116394,0.015429740771651268,0.09109128266572952,0.9982778429985046,0.7663859724998474,0.7676882743835449
111.0,3.0,0.9933034181594849,0.006696557160466909,0.03689121454954147,0.9988561868667603,0.8609707951545715,0.8609189987182617,0.9950348734855652,0.00496458075940609,0.03234924003481865,0.9986650347709656,0.8748747706413269,0.8747926950454712
111.0,4.0,0.9931612014770508,0.006838830187916756,0.03916206583380699,0.9987542629241943,0.8670093417167664,0.8670077323913574,0.9956084489822388,0.004391644615679979,0.022650929167866707,0.9991117715835571,0.8483836054801941,0.8480812311172485
112.0,0.0,0.9931391477584839,0.006861276924610138,0.04238026216626167,0.9987717866897583,0.8871207237243652,0.8872286677360535,0.995510458946228,0.0044893501326441765,0.011244945228099823,0.9990170001983643,0.7708902955055237,0.7701703310012817
112.0,1.0,0.9930726289749146,0.006928369868546724,0.0365566648542881,0.9987946152687073,0.815896213054657,0.8158716559410095,0.9951051473617554,0.00489502027630806,0.03469913452863693,0.9988954663276672,0.9922438263893127,0.9920845627784729
112.0,2.0,0.9953004121780396,0.004701507743448019,0.02585751935839653,0.9989214539527893,0.8815234899520874,0.8812097311019897,0.9845709800720215,0.015429054386913776,0.09121621400117874,0.9982772469520569,0.7663862109184265,0.7676873207092285
112.0,3.0,0.9933042526245117,0.006695958785712719,0.03690492361783981,0.9988566637039185,0.8609703779220581,0.8609200119972229,0.9950366616249084,0.004963437095284462,0.03233592212200165,0.998664140701294,0.8748842477798462,0.8747926354408264
112.0,4.0,0.9931623339653015,0.0068381167948246,0.03914549946784973,0.9987550973892212,0.8670156598091125,0.8670104146003723,0.9956088066101074,0.004391097463667393,0.022636454552412033,0.9991104602813721,0.8483824133872986,0.8480764627456665
113.0,0.0,0.9931401014328003,0.006860584020614624,0.04238751903176308,0.9987702965736389,0.8871216177940369,0.8872284293174744,0.995510995388031,0.004488701932132244,0.01124634314328432,0.999017059803009,0.7708950042724609,0.7701708674430847
113.0,1.0,0.9930722713470459,0.006927832029759884,0.036577049642801285,0.9987943768501282,0.8158954977989197,0.8158693909645081,0.9951064586639404,0.0048943557776510715,0.034681882709264755,0.9988957047462463,0.9922465682029724,0.9920850396156311
113.0,2.0,0.9952998757362366,0.004700817167758942,0.025863373652100563,0.9989219307899475,0.881519615650177,0.8812106251716614,0.9845715165138245,0.015428907237946987,0.09106431156396866,0.9982781410217285,0.7663990259170532,0.7676905393600464
113.0,3.0,0.9933050870895386,0.006695367395877838,0.03689512237906456,0.9988566637039185,0.860975444316864,0.8609216809272766,0.9950366616249084,0.004963177256286144,0.03234504535794258,0.9986647367477417,0.8748801350593567,0.8747926354408264
113.0,4.0,0.9931632280349731,0.006837369874119759,0.03916545584797859,0.9987545013427734,0.8670126795768738,0.867009699344635,0.9956099390983582,0.004390408750623465,0.02268028073012829,0.9991118907928467,0.8483797907829285,0.848080575466156
114.0,0.0,0.9931407570838928,0.006859977729618549,0.042373109608888626,0.9987729787826538,0.887121856212616,0.8872306942939758,0.9955117702484131,0.004488230217248201,0.011240788735449314,0.9990174770355225,0.7708848118782043,0.7701731324195862
114.0,1.0,0.9930725693702698,0.006927090231329203,0.03657227382063866,0.998795211315155,0.8158922791481018,0.8158721923828125,0.9951066374778748,0.004893894772976637,0.034656818956136703,0.9988955855369568,0.9922488331794739,0.9920847415924072
114.0,2.0,0.9952996373176575,0.004700200166553259,0.025851914659142494,0.9989232420921326,0.881521463394165,0.8812124729156494,0.9845726490020752,0.015427368693053722,0.09105119109153748,0.9982781410217285,0.7663947343826294,0.7676897644996643
114.0,3.0,0.9933053255081177,0.006694887299090624,0.03691096231341362,0.9988558888435364,0.8609704971313477,0.860920786857605,0.9950382709503174,0.004962121602147818,0.03233425319194794,0.9986644983291626,0.8748931288719177,0.8747926950454712
114.0,4.0,0.9931626319885254,0.006836838088929653,0.03914230689406395,0.9987561702728271,0.867017924785614,0.8670104742050171,0.9956105351448059,0.00438967440277338,0.02267630584537983,0.9991117715835571,0.8483775854110718,0.8480803370475769
115.0,0.0,0.9931412935256958,0.006859224289655685,0.04238509014248848,0.9987714290618896,0.8871220350265503,0.8872290849685669,0.9955119490623474,0.00448767701163888,0.011242793872952461,0.9990176558494568,0.7708825469017029,0.7701737880706787
115.0,1.0,0.9930744767189026,0.006926220376044512,0.036563411355018616,0.9987951517105103,0.8158910870552063,0.8158730268478394,0.9951059222221375,0.00489342724904418,0.03463594615459442,0.9988961815834045,0.9922565221786499,0.9920863509178162
115.0,2.0,0.995300829410553,0.004699644632637501,0.025849567726254463,0.9989228844642639,0.881524920463562,0.8812106251716614,0.9845734238624573,0.015426484867930412,0.09110184013843536,0.9982776641845703,0.7663944959640503,0.7676892876625061
115.0,3.0,0.9933053255081177,0.006694126408547163,0.03691745921969414,0.9988565444946289,0.8609752058982849,0.8609233498573303,0.9950382113456726,0.004961793776601553,0.0323600210249424,0.9986644983291626,0.8748891353607178,0.8747923970222473
115.0,4.0,0.9931634664535522,0.00683608977124095,0.039164911955595016,0.9987561106681824,0.8670163154602051,0.8670139312744141,0.9956107139587402,0.004389416426420212,0.02265404351055622,0.9991114735603333,0.848384439945221,0.8480775356292725
116.0,0.0,0.9931414723396301,0.006858649663627148,0.04238995909690857,0.9987712502479553,0.8871234059333801,0.8872292041778564,0.9955126643180847,0.004486935678869486,0.011246588081121445,0.9990182518959045,0.7708925604820251,0.7701746225357056
116.0,1.0,0.9930753111839294,0.006925681140273809,0.0365847647190094,0.9987952709197998,0.8158982992172241,0.8158729076385498,0.9951072335243225,0.004892694763839245,0.034730616956949234,0.9988960027694702,0.9922412633895874,0.9920857548713684
116.0,2.0,0.995301365852356,0.004699000157415867,0.025853363797068596,0.9989221692085266,0.8815202713012695,0.8812089562416077,0.9845742583274841,0.015425438992679119,0.09114895761013031,0.9982776045799255,0.7663910388946533,0.7676892876625061
116.0,3.0,0.9933070540428162,0.006693360395729542,0.03691026568412781,0.9988567233085632,0.8609740734100342,0.8609240651130676,0.995038628578186,0.004961255472153425,0.032356858253479004,0.9986646771430969,0.8748831748962402,0.8747935891151428
116.0,4.0,0.9931648373603821,0.006835529580712318,0.039173636585474014,0.9987557530403137,0.8670141100883484,0.867010235786438,0.9956114888191223,0.004388302098959684,0.022652912884950638,0.9991114735603333,0.8483784794807434,0.8480796217918396
117.0,0.0,0.9931424260139465,0.006857805885374546,0.04240448400378227,0.9987730383872986,0.8871217966079712,0.887230396270752,0.9955135583877563,0.004486438352614641,0.011246168985962868,0.9990192651748657,0.7708901762962341,0.7701771259307861
117.0,1.0,0.9930754899978638,0.006925066001713276,0.036577172577381134,0.9987953305244446,0.8158972859382629,0.8158736228942871,0.9951077103614807,0.0048920572735369205,0.03471900150179863,0.998896598815918,0.9922477602958679,0.99208664894104
117.0,2.0,0.9953024387359619,0.004698444623500109,0.025867020711302757,0.9989232420921326,0.8815226554870605,0.8812124133110046,0.9845752716064453,0.015424842946231365,0.09111375361680984,0.9982783198356628,0.7663944959640503,0.7676903009414673
117.0,3.0,0.993307888507843,0.006692721974104643,0.03690304979681969,0.9988572597503662,0.8609752655029297,0.8609233498573303,0.995039701461792,0.004960563033819199,0.032373420894145966,0.9986650943756104,0.8748869299888611,0.8747951984405518
117.0,4.0,0.9931652545928955,0.006834866479039192,0.0391860194504261,0.9987555146217346,0.8670179843902588,0.867013156414032,0.9956125020980835,0.004387745168060064,0.022679058834910393,0.9991123676300049,0.848380982875824,0.8480812907218933
118.0,0.0,0.9931426644325256,0.006857245694845915,0.04236787557601929,0.998771607875824,0.8871231079101562,0.8872299194335938,0.995513379573822,0.004485917277634144,0.011239641346037388,0.999018132686615,0.7708799242973328,0.7701754570007324
118.0,1.0,0.9930760860443115,0.006924416869878769,0.03659471124410629,0.9987949728965759,0.8158957362174988,0.815874457359314,0.995109498500824,0.004891460295766592,0.034678034484386444,0.9988966584205627,0.992247462272644,0.9920873641967773
118.0,2.0,0.9953033924102783,0.0046977754682302475,0.02587641403079033,0.9989222288131714,0.8815250396728516,0.8812112808227539,0.9845765233039856,0.015423775650560856,0.09115175902843475,0.9982783794403076,0.7663887739181519,0.7676894664764404
118.0,3.0,0.9933083057403564,0.006691978313028812,0.036925286054611206,0.9988567233085632,0.8609715700149536,0.8609219789505005,0.9950400590896606,0.004959835670888424,0.03235429897904396,0.9986662864685059,0.8748934268951416,0.8747977614402771
118.0,4.0,0.9931654334068298,0.006834227591753006,0.03918176516890526,0.9987543821334839,0.8670182228088379,0.8670121431350708,0.9956128597259521,0.004387038294225931,0.022649141028523445,0.9991127252578735,0.848382294178009,0.8480830788612366
119.0,0.0,0.9931447505950928,0.006856549996882677,0.042400043457746506,0.9987729787826538,0.8871244192123413,0.8872309923171997,0.9955141544342041,0.004485293757170439,0.011241317726671696,0.9990181922912598,0.7708783149719238,0.7701744437217712
119.0,1.0,0.993075966835022,0.006923651322722435,0.0365716926753521,0.9987955689430237,0.8158977031707764,0.815873384475708,0.995109498500824,0.004891207907348871,0.03472940996289253,0.9988974928855896,0.9922370910644531,0.9920899271965027
119.0,2.0,0.9953035712242126,0.004697232972830534,0.025877438485622406,0.9989227652549744,0.8815222382545471,0.8812140226364136,0.9845768213272095,0.015423139557242393,0.09129124879837036,0.9982799291610718,0.7663919925689697,0.7676934003829956
119.0,3.0,0.9933097958564758,0.006691295187920332,0.03689875826239586,0.9988579750061035,0.8609752655029297,0.8609241843223572,0.9950408339500427,0.004959289915859699,0.03232147917151451,0.9986670613288879,0.8749082088470459,0.8747970461845398
119.0,4.0,0.9931666254997253,0.006833547726273537,0.0391741581261158,0.9987565279006958,0.8670186996459961,0.8670128583908081,0.9956135153770447,0.00438688974827528,0.02263260819017887,0.9991116523742676,0.8483904600143433,0.8480803370475769
120.0,0.0,0.9931455254554749,0.006854404229670763,0.042391374707221985,0.9987724423408508,0.8871315121650696,0.8872331976890564,0.9955155849456787,0.0044843535870313644,0.011252679862082005,0.9990200996398926,0.770911693572998,0.770180344581604
120.0,1.0,0.9930787682533264,0.006921627093106508,0.03659370541572571,0.9987952709197998,0.8159054517745972,0.815875232219696,0.9951102137565613,0.004890182986855507,0.03466173633933067,0.9988963603973389,0.9922541379928589,0.9920885562896729
120.0,2.0,0.9953054785728455,0.004695420153439045,0.025857489556074142,0.9989243745803833,0.8815322518348694,0.88121497631073,0.9845778942108154,0.015422364696860313,0.09118601679801941,0.9982791543006897,0.7663945555686951,0.7676922082901001
120.0,3.0,0.9933103322982788,0.006689378991723061,0.0368959940969944,0.9988588690757751,0.8609820604324341,0.8609256744384766,0.995040774345398,0.004958905279636383,0.032357677817344666,0.998665988445282,0.8748965859413147,0.8747962117195129
120.0,4.0,0.9931681752204895,0.00683184526860714,0.03917783871293068,0.9987557530403137,0.8670212626457214,0.8670134544372559,0.9956136345863342,0.004386502783745527,0.02264251559972763,0.9991129040718079,0.8483881950378418,0.8480821251869202
121.0,0.0,0.9931463599205017,0.006854257546365261,0.04239342734217644,0.9987720251083374,0.8871267437934875,0.8872321248054504,0.9955156445503235,0.004484215751290321,0.011249442584812641,0.9990193843841553,0.770903468132019,0.7701778411865234
121.0,1.0,0.9930778741836548,0.0069214897230267525,0.03659456968307495,0.9987964630126953,0.8159016966819763,0.8158759474754333,0.9951093196868896,0.00489010801538825,0.03466804325580597,0.998896598815918,0.9922467470169067,0.9920863509178162
121.0,2.0,0.995305061340332,0.004695312585681677,0.025853442028164864,0.9989243149757385,0.8815277218818665,0.881214439868927,0.9845775961875916,0.015422232449054718,0.09120381623506546,0.998278796672821,0.7663930058479309,0.7676916718482971
121.0,3.0,0.9933114647865295,0.006689233705401421,0.036911118775606155,0.9988577365875244,0.8609757423400879,0.8609240055084229,0.9950405359268188,0.00495892995968461,0.0323539637029171,0.9986655116081238,0.874895453453064,0.8747956156730652
121.0,4.0,0.9931684732437134,0.006831807550042868,0.039173297584056854,0.998756468296051,0.8670187592506409,0.8670129776000977,0.9956136345863342,0.004386276938021183,0.02263989858329296,0.999112069606781,0.8483834862709045,0.8480814695358276
122.0,0.0,0.9931461811065674,0.006854166742414236,0.04240287095308304,0.9987729787826538,0.8871241211891174,0.8872321844100952,0.9955156445503235,0.004484265577048063,0.011248445138335228,0.9990190863609314,0.7708980441093445,0.770176351070404
122.0,1.0,0.9930782914161682,0.006921430118381977,0.03659994900226593,0.9987958669662476,0.8158988952636719,0.8158763647079468,0.9951100945472717,0.004890060052275658,0.0346776619553566,0.9988963603973389,0.9922459721565247,0.9920865297317505
122.0,2.0,0.9953055381774902,0.004695291630923748,0.02585604414343834,0.9989231824874878,0.8815253973007202,0.8812124133110046,0.9845778942108154,0.015422123484313488,0.09120427817106247,0.9982783198356628,0.7663934230804443,0.7676908373832703
122.0,3.0,0.9933115839958191,0.006689211819320917,0.036907345056533813,0.9988582730293274,0.8609760403633118,0.8609240651130676,0.9950407147407532,0.004958941135555506,0.03235376626253128,0.9986661076545715,0.8748949766159058,0.8747963905334473
122.0,4.0,0.9931684136390686,0.006831752136349678,0.039187345653772354,0.9987560510635376,0.8670171499252319,0.867012619972229,0.9956133961677551,0.004386334680020809,0.02263970486819744,0.9991123676300049,0.848383367061615,0.8480818271636963
123.0,0.0,0.9931468367576599,0.006854151841253042,0.04240688309073448,0.9987733364105225,0.8871250152587891,0.8872324824333191,0.9955152273178101,0.004484189208596945,0.011248370632529259,0.9990187287330627,0.7708970308303833,0.7701766490936279
123.0,1.0,0.9930793642997742,0.006921341177076101,0.0365893691778183,0.9987963438034058,0.8158999085426331,0.8158754706382751,0.9951106905937195,0.004889949224889278,0.03468785807490349,0.9988969564437866,0.9922454357147217,0.9920868277549744
123.0,2.0,0.9953044056892395,0.00469528092071414,0.025854982435703278,0.9989240765571594,0.8815253973007202,0.881212592124939,0.9845781922340393,0.015422075986862183,0.09120585769414902,0.9982783794403076,0.7663931846618652,0.7676908373832703
123.0,3.0,0.9933106303215027,0.006689127534627914,0.03692230209708214,0.9988577365875244,0.860975444316864,0.8609241247177124,0.9950413107872009,0.004958902020007372,0.032353486865758896,0.9986657500267029,0.8748968243598938,0.8747979402542114
123.0,4.0,0.9931681156158447,0.00683172419667244,0.03918737173080444,0.9987555146217346,0.8670169115066528,0.8670134544372559,0.9956139326095581,0.004386207088828087,0.022639384493231773,0.9991122484207153,0.8483840227127075,0.8480819463729858
124.0,0.0,0.9931463599205017,0.0068541159853339195,0.042409028857946396,0.9987733364105225,0.8871250152587891,0.8872334957122803,0.9955156445503235,0.004484193399548531,0.011247996240854263,0.9990182518959045,0.7708951830863953,0.7701750993728638
124.0,1.0,0.993078887462616,0.006921328604221344,0.036597345024347305,0.9987959265708923,0.8158981800079346,0.8158737421035767,0.9951103329658508,0.004889949690550566,0.034687433391809464,0.9988964796066284,0.9922451376914978,0.99208664894104
124.0,2.0,0.9953044056892395,0.004695235751569271,0.025862080976366997,0.9989231824874878,0.8815247416496277,0.881213903427124,0.9845780730247498,0.01542192604392767,0.09120707958936691,0.9982782006263733,0.7663918137550354,0.7676908373832703
124.0,3.0,0.9933112263679504,0.006689087953418493,0.03691316768527031,0.9988576173782349,0.8609746694564819,0.860923707485199,0.9950414896011353,0.004958864767104387,0.032352887094020844,0.998665988445282,0.8748965263366699,0.874798595905304
124.0,4.0,0.9931691884994507,0.006831698585301638,0.03917728364467621,0.9987555742263794,0.8670175671577454,0.8670128583908081,0.9956138730049133,0.0043861777521669865,0.022638436406850815,0.9991121292114258,0.8483836650848389,0.8480825424194336
125.0,0.0,0.9931458830833435,0.0068540736101567745,0.04241327568888664,0.9987725019454956,0.8871247172355652,0.8872326016426086,0.9955152869224548,0.0044842371717095375,0.011247738264501095,0.9990181922912598,0.7708936333656311,0.770175039768219
125.0,1.0,0.9930789470672607,0.006921244319528341,0.03660065308213234,0.9987959265708923,0.8158978819847107,0.8158754706382751,0.9951099157333374,0.004889944568276405,0.03468799963593483,0.9988969564437866,0.9922471642494202,0.9920875430107117
125.0,2.0,0.9953045845031738,0.004695198033004999,0.02585868537425995,0.9989241361618042,0.8815255165100098,0.8812140226364136,0.9845784902572632,0.015421903692185879,0.09120940417051315,0.9982786178588867,0.7663918137550354,0.767690122127533
125.0,3.0,0.99331134557724,0.006689100060611963,0.036902014166116714,0.9988582730293274,0.8609743714332581,0.8609241843223572,0.995041012763977,0.004958842881023884,0.03235313296318054,0.9986656904220581,0.8748937845230103,0.8747971653938293
125.0,4.0,0.9931693077087402,0.006831659935414791,0.03919447585940361,0.9987548589706421,0.8670168519020081,0.8670127987861633,0.995613694190979,0.004386052489280701,0.022654810920357704,0.9991127848625183,0.8483834862709045,0.8480833768844604
126.0,0.0,0.9931467175483704,0.00685401726514101,0.04240280017256737,0.9987733364105225,0.8871243596076965,0.8872332572937012,0.9955153465270996,0.004484069999307394,0.011247414164245129,0.9990184903144836,0.7708926200866699,0.7701746225357056
126.0,1.0,0.9930801391601562,0.006921280641108751,0.03660540282726288,0.9987961649894714,0.8158994913101196,0.815875232219696,0.9951096177101135,0.004889966454356909,0.03468748927116394,0.9988963603973389,0.9922452569007874,0.9920869469642639
126.0,2.0,0.9953061938285828,0.004695188254117966,0.02586614340543747,0.9989235401153564,0.8815256953239441,0.8812136054039001,0.9845783710479736,0.01542194839566946,0.09120494872331619,0.9982787370681763,0.7663918137550354,0.7676908373832703
126.0,3.0,0.9933111667633057,0.006689089350402355,0.03691397234797478,0.9988580942153931,0.8609746694564819,0.8609240651130676,0.9950411319732666,0.004958773963153362,0.032352838665246964,0.9986664056777954,0.874896764755249,0.8747987151145935
126.0,4.0,0.993168830871582,0.00683163246139884,0.03918248787522316,0.9987558722496033,0.8670167922973633,0.8670132160186768,0.9956139326095581,0.004385965410619974,0.022670652717351913,0.9991124868392944,0.848383367061615,0.8480827808380127
127.0,0.0,0.9931457042694092,0.006853974424302578,0.042420919984579086,0.9987729787826538,0.8871257901191711,0.8872342109680176,0.9955155849456787,0.004484118893742561,0.011247416026890278,0.999018669128418,0.7708935141563416,0.7701752781867981
127.0,1.0,0.9930784702301025,0.00692118750885129,0.03660115599632263,0.9987954497337341,0.815898597240448,0.8158752918243408,0.9951105117797852,0.004889938049018383,0.03469901159405708,0.998896062374115,0.9922451376914978,0.9920871257781982
127.0,2.0,0.9953052401542664,0.00469512352719903,0.025869129225611687,0.9989232420921326,0.881525456905365,0.8812140226364136,0.984578549861908,0.015421806834638119,0.09116547554731369,0.9982787370681763,0.7663918733596802,0.7676906585693359
127.0,3.0,0.9933120012283325,0.006689005997031927,0.03692326322197914,0.998857319355011,0.8609759211540222,0.8609245419502258,0.9950414299964905,0.004958741832524538,0.03235263749957085,0.9986664652824402,0.8748968243598938,0.8747984170913696
127.0,4.0,0.9931693077087402,0.006831655744463205,0.039185862988233566,0.9987553358078003,0.8670170903205872,0.8670137524604797,0.9956135749816895,0.004385908599942923,0.02265417017042637,0.9991129636764526,0.8483831286430359,0.8480827808380127
128.0,0.0,0.9931455850601196,0.006853923201560974,0.04241296648979187,0.9987729787826538,0.8871248364448547,0.8872333765029907,0.9955156445503235,0.004484103061258793,0.01124744862318039,0.9990186095237732,0.7708913683891296,0.7701745629310608
128.0,1.0,0.993079662322998,0.006921216379851103,0.03659649193286896,0.9987951517105103,0.8158981800079346,0.8158751726150513,0.9951099157333374,0.004889920819550753,0.0346994586288929,0.9988964796066284,0.9922465682029724,0.9920874238014221
128.0,2.0,0.9953052401542664,0.004695105366408825,0.025862816721200943,0.9989239573478699,0.8815257549285889,0.8812140822410583,0.9845778942108154,0.015421858057379723,0.09122489392757416,0.9982786178588867,0.7663945555686951,0.7676908373832703
128.0,3.0,0.9933118224143982,0.006688952445983887,0.03691884130239487,0.9988583922386169,0.8609744310379028,0.8609239459037781,0.9950413107872009,0.004958704113960266,0.03235333040356636,0.9986659288406372,0.874894917011261,0.8747978210449219
128.0,4.0,0.9931687116622925,0.006831603590399027,0.03919041529297829,0.9987552762031555,0.8670165538787842,0.8670129179954529,0.9956138730049133,0.004385995212942362,0.022654766216874123,0.9991127848625183,0.8483834266662598,0.8480837941169739
129.0,0.0,0.9931463599205017,0.006853930186480284,0.04241320863366127,0.9987731575965881,0.8871241211891174,0.8872323632240295,0.995515763759613,0.0044840858317911625,0.011247447691857815,0.9990181922912598,0.7708919644355774,0.7701752781867981
129.0,1.0,0.9930787086486816,0.006921109743416309,0.036595989018678665,0.9987963438034058,0.8158983588218689,0.8158752918243408,0.9951102137565613,0.004889901261776686,0.034688033163547516,0.9988967776298523,0.9922452569007874,0.9920870065689087
129.0,2.0,0.9953051805496216,0.004695118870586157,0.025869591161608696,0.9989230036735535,0.8815258145332336,0.8812142610549927,0.9845784902572632,0.015421809628605843,0.09118703007698059,0.9982781410217285,0.7663918137550354,0.7676894664764404
129.0,3.0,0.9933106303215027,0.006688953842967749,0.03692430257797241,0.9988577365875244,0.8609739542007446,0.8609243631362915,0.9950412511825562,0.004958716221153736,0.03235277906060219,0.9986665844917297,0.8748967051506042,0.8747981190681458
129.0,4.0,0.9931690692901611,0.006831555161625147,0.03918657451868057,0.9987547397613525,0.8670167326927185,0.8670132756233215,0.9956143498420715,0.00438592117279768,0.022654885426163673,0.9991129636764526,0.848383367061615,0.8480834364891052
130.0,0.0,0.9931468367576599,0.006853878498077393,0.04241130128502846,0.9987729787826538,0.8871249556541443,0.8872332572937012,0.9955155849456787,0.004484081640839577,0.01124759204685688,0.9990188479423523,0.7708921432495117,0.7701741456985474
130.0,1.0,0.9930789470672607,0.006921134889125824,0.03660128638148308,0.998795211315155,0.8158980011940002,0.8158749938011169,0.9951097369194031,0.004889816511422396,0.0346883162856102,0.998896598815918,0.9922456741333008,0.9920874238014221
130.0,2.0,0.9953054189682007,0.004695053678005934,0.0258658304810524,0.9989235401153564,0.8815249800682068,0.8812143802642822,0.9845783114433289,0.015421825461089611,0.09116699546575546,0.9982785582542419,0.7663933634757996,0.7676907181739807
130.0,3.0,0.9933105707168579,0.006688912399113178,0.03692152351140976,0.9988582730293274,0.8609746098518372,0.8609250783920288,0.9950412511825562,0.004958761855959892,0.03235297277569771,0.9986659288406372,0.874895453453064,0.8747979402542114
130.0,4.0,0.9931689500808716,0.006831510923802853,0.039190009236335754,0.998755693435669,0.8670168519020081,0.8670135736465454,0.995614230632782,0.004385768435895443,0.02267001010477543,0.9991127252578735,0.8483832478523254,0.8480823040008545
131.0,0.0,0.9931454658508301,0.006853868253529072,0.04240940138697624,0.9987735748291016,0.8871252536773682,0.8872334957122803,0.9955158829689026,0.004483995493501425,0.011247406713664532,0.9990189075469971,0.7708927392959595,0.7701751589775085
131.0,1.0,0.9930793642997742,0.006921071093529463,0.03660820797085762,0.9987949728965759,0.815898597240448,0.8158754110336304,0.9951106905937195,0.004889793694019318,0.03469919413328171,0.9988968968391418,0.9922454357147217,0.9920868277549744
131.0,2.0,0.9953058362007141,0.00469502666965127,0.025866422802209854,0.9989244341850281,0.8815251588821411,0.8812140226364136,0.9845784902572632,0.015421617776155472,0.09120460599660873,0.9982789158821106,0.7663935422897339,0.7676914930343628
131.0,3.0,0.9933103322982788,0.006688879802823067,0.036915525794029236,0.9988572597503662,0.8609749674797058,0.8609241247177124,0.9950414896011353,0.004958654288202524,0.03235303983092308,0.998665988445282,0.8748937845230103,0.8747970461845398
131.0,4.0,0.9931686520576477,0.006831524893641472,0.03918268904089928,0.998755693435669,0.867017388343811,0.8670138716697693,0.9956143498420715,0.004385818727314472,0.022637847810983658,0.9991130828857422,0.8483830690383911,0.8480836153030396
132.0,0.0,0.993146538734436,0.006853785831481218,0.042409345507621765,0.9987732172012329,0.8871241807937622,0.8872340321540833,0.9955158829689026,0.00448395824059844,0.011247419752180576,0.9990187287330627,0.7708930373191833,0.7701754570007324
132.0,1.0,0.9930798411369324,0.006921036168932915,0.03660038486123085,0.9987962245941162,0.8158989548683167,0.8158755302429199,0.9951100945472717,0.004889849107712507,0.03467697277665138,0.9988974928855896,0.9922467470169067,0.9920879602432251
132.0,2.0,0.9953052997589111,0.004695049487054348,0.02586568333208561,0.9989238977432251,0.8815258145332336,0.8812138438224792,0.9845786690711975,0.015421601012349129,0.09118448942899704,0.9982783198356628,0.7663918137550354,0.7676904201507568
132.0,3.0,0.9933111667633057,0.006688813213258982,0.036912381649017334,0.998857855796814,0.8609756231307983,0.8609233498573303,0.9950410723686218,0.004958705510944128,0.0323529951274395,0.9986656308174133,0.8748950362205505,0.8747974634170532
132.0,4.0,0.9931686520576477,0.00683149928227067,0.03917185962200165,0.9987562894821167,0.8670151233673096,0.8670132756233215,0.9956137537956238,0.004385755863040686,0.0226701982319355,0.9991127252578735,0.8483831286430359,0.8480835556983948
133.0,0.0,0.9931463599205017,0.006853783503174782,0.04241020977497101,0.9987735748291016,0.8871256709098816,0.8872334361076355,0.9955152869224548,0.004484046250581741,0.011247062124311924,0.9990181922912598,0.7708914875984192,0.7701745629310608
133.0,1.0,0.9930797219276428,0.0069209798239171505,0.036600835621356964,0.9987956285476685,0.8158985376358032,0.8158754706382751,0.995110034942627,0.0048897843807935715,0.03467659652233124,0.9988970756530762,0.992246150970459,0.992087721824646
133.0,2.0,0.9953060746192932,0.004695017356425524,0.02587251178920269,0.9989235401153564,0.8815247416496277,0.8812145590782166,0.9845786690711975,0.01542153675109148,0.0911661833524704,0.998278796672821,0.7663930058479309,0.7676913142204285
133.0,3.0,0.9933118224143982,0.0066888355650007725,0.036915916949510574,0.9988575577735901,0.8609750270843506,0.8609251379966736,0.9950413703918457,0.0049586244858801365,0.03235238790512085,0.9986667037010193,0.8748968243598938,0.8747987151145935
133.0,4.0,0.993168830871582,0.006831462495028973,0.039183154702186584,0.9987553954124451,0.8670153617858887,0.8670128583908081,0.9956138730049133,0.004385682288557291,0.02268555387854576,0.9991125464439392,0.8483833074569702,0.8480832576751709
134.0,0.0,0.9931467771530151,0.00685376999899745,0.042401645332574844,0.9987720847129822,0.8871243000030518,0.8872328996658325,0.9955158233642578,0.004483959637582302,0.011247101239860058,0.9990179538726807,0.770892322063446,0.7701742649078369
134.0,1.0,0.9930804371833801,0.006920996587723494,0.036599889397621155,0.9987954497337341,0.8158981800079346,0.8158757090568542,0.9951093196868896,0.004889761097729206,0.03469868376851082,0.9988968968391418,0.9922463297843933,0.992087721824646
134.0,2.0,0.9953060150146484,0.004694937262684107,0.025858432054519653,0.998923659324646,0.8815256357192993,0.8812143206596375,0.9845783114433289,0.015421554446220398,0.09116555750370026,0.9982776641845703,0.7663916349411011,0.7676897048950195
134.0,3.0,0.9933112263679504,0.0066887931898236275,0.036912038922309875,0.9988583326339722,0.8609745502471924,0.8609243631362915,0.9950412511825562,0.00495861005038023,0.03235193341970444,0.9986658096313477,0.8748946785926819,0.8747974634170532
134.0,4.0,0.9931684136390686,0.006831420585513115,0.039175309240818024,0.9987561702728271,0.8670164942741394,0.867012619972229,0.9956147074699402,0.0043856799602508545,0.02266966924071312,0.9991127848625183,0.848383367061615,0.8480837345123291
135.0,0.0,0.9931460618972778,0.006853700615465641,0.042405128479003906,0.9987724423408508,0.8871243596076965,0.8872337937355042,0.995515763759613,0.004483910743147135,0.011246693320572376,0.9990182518959045,0.7708926796913147,0.7701751589775085
135.0,1.0,0.9930797219276428,0.00692098680883646,0.036596596240997314,0.9987947940826416,0.8158987164497375,0.815875768661499,0.995110034942627,0.004889698699116707,0.03468812629580498,0.9988973140716553,0.99224454164505,0.9920875430107117
135.0,2.0,0.9953060746192932,0.0046949004754424095,0.0258658267557621,0.9989233613014221,0.8815253376960754,0.8812134861946106,0.9845784902572632,0.015421614982187748,0.09118644893169403,0.9982783794403076,0.7663914561271667,0.7676907181739807
135.0,3.0,0.9933116436004639,0.006688736379146576,0.036914460361003876,0.9988583326339722,0.8609756827354431,0.8609243631362915,0.9950412511825562,0.004958548117429018,0.032352130860090256,0.9986664056777954,0.874894380569458,0.8747977614402771
135.0,4.0,0.9931695461273193,0.006831385660916567,0.03917893394827843,0.9987552762031555,0.8670160174369812,0.8670133352279663,0.995614767074585,0.004385572858154774,0.022669289261102676,0.9991127848625183,0.8483830690383911,0.84808349609375
136.0,0.0,0.9931471943855286,0.006853701546788216,0.04240551218390465,0.9987726211547852,0.8871256113052368,0.8872334361076355,0.9955155253410339,0.004483894445002079,0.011246844194829464,0.9990184903144836,0.7708926200866699,0.7701751589775085
136.0,1.0,0.9930792450904846,0.0069209374487400055,0.03659626841545105,0.9987955093383789,0.8158977031707764,0.8158751130104065,0.9951106905937195,0.004889725241810083,0.034687887877225876,0.9988973140716553,0.9922476410865784,0.9920886158943176
136.0,2.0,0.9953058362007141,0.004694915376603603,0.025858445093035698,0.9989240169525146,0.8815249800682068,0.8812143802642822,0.9845783114433289,0.01542147807776928,0.09116966277360916,0.9982782006263733,0.7663918137550354,0.767690122127533
136.0,3.0,0.9933112263679504,0.006688691675662994,0.03692137077450752,0.9988585114479065,0.8609752058982849,0.8609239459037781,0.9950416684150696,0.004958606790751219,0.03235267847776413,0.9986662864685059,0.8748968243598938,0.8747987151145935
136.0,4.0,0.9931680560112,0.006831364706158638,0.0391724593937397,0.9987547397613525,0.8670163154602051,0.8670130372047424,0.9956139922142029,0.004385638050734997,0.022669591009616852,0.9991127252578735,0.8483834266662598,0.84808349609375
137.0,0.0,0.9931468963623047,0.006853647064417601,0.042398400604724884,0.9987735748291016,0.8871253132820129,0.8872336149215698,0.9955156445503235,0.004483872093260288,0.011246586218476295,0.9990180134773254,0.770891547203064,0.7701744437217712
137.0,1.0,0.9930797219276428,0.0069208829663693905,0.036599185317754745,0.9987959265708923,0.8158977627754211,0.8158754706382751,0.9951106309890747,0.004889660514891148,0.0346994586288929,0.9988966584205627,0.9922471642494202,0.992088258266449
137.0,2.0,0.9953049421310425,0.004694865085184574,0.0258651040494442,0.9989238977432251,0.8815253376960754,0.881214439868927,0.984578549861908,0.015421397052705288,0.09115156531333923,0.9982787370681763,0.7663919925689697,0.767690896987915
137.0,3.0,0.9933117032051086,0.006688680499792099,0.036918602883815765,0.9988576173782349,0.8609746098518372,0.8609247207641602,0.9950413107872009,0.0049585336819291115,0.03235325962305069,0.9986655116081238,0.8748964071273804,0.8747982978820801
137.0,4.0,0.993169903755188,0.006831340026110411,0.0391729474067688,0.9987561106681824,0.8670174479484558,0.8670138120651245,0.995614767074585,0.004385566338896751,0.02265356108546257,0.9991129040718079,0.8483833074569702,0.8480842709541321
138.0,0.0,0.9931464791297913,0.006853580009192228,0.04240695387125015,0.9987730383872986,0.8871248960494995,0.8872328996658325,0.9955161809921265,0.004483872093260288,0.011246955953538418,0.999018669128418,0.7708947062492371,0.7701759338378906
138.0,1.0,0.9930788278579712,0.006920837331563234,0.03659217432141304,0.9987947940826416,0.8158982396125793,0.8158761858940125,0.9951103925704956,0.004889666568487883,0.034688662737607956,0.9988967776298523,0.9922452569007874,0.9920875430107117
138.0,2.0,0.9953054189682007,0.004694835748523474,0.025875858962535858,0.998924195766449,0.8815251588821411,0.8812143802642822,0.9845783710479736,0.015421375632286072,0.09114817529916763,0.998278796672821,0.7663916945457458,0.767690896987915
138.0,3.0,0.9933118224143982,0.006688638590276241,0.03691226616501808,0.9988577365875244,0.8609749674797058,0.8609241843223572,0.9950416088104248,0.004958518780767918,0.03235297650098801,0.9986656904220581,0.8748940825462341,0.8747971653938293
138.0,4.0,0.9931692481040955,0.006831308826804161,0.039179250597953796,0.9987558722496033,0.8670174479484558,0.8670135736465454,0.9956138730049133,0.004385491833090782,0.022669360041618347,0.9991129040718079,0.8483836054801941,0.8480837941169739
139.0,0.0,0.9931461215019226,0.006853604689240456,0.04240299388766289,0.9987738132476807,0.8871253728866577,0.8872345685958862,0.9955157041549683,0.004483900498598814,0.011246678419411182,0.9990184307098389,0.7708927392959595,0.770175039768219
139.0,1.0,0.9930800795555115,0.006920829880982637,0.03659573569893837,0.9987959265708923,0.8158977627754211,0.8158752918243408,0.9951106309890747,0.004889563657343388,0.03469940274953842,0.9988969564437866,0.9922467470169067,0.9920881390571594
139.0,2.0,0.9953052997589111,0.004694799892604351,0.025869179517030716,0.9989237785339355,0.8815250992774963,0.8812138438224792,0.9845788478851318,0.015421249903738499,0.09116751700639725,0.998278021812439,0.7663915753364563,0.7676893472671509
139.0,3.0,0.9933112263679504,0.006688667461276054,0.03691481426358223,0.9988579154014587,0.8609743714332581,0.8609241247177124,0.9950416088104248,0.004958527162671089,0.03235296532511711,0.9986658096313477,0.8748947978019714,0.8747968077659607
139.0,4.0,0.9931692481040955,0.006831277161836624,0.03917910158634186,0.9987553954124451,0.8670176863670349,0.8670146465301514,0.9956141114234924,0.004385603591799736,0.022669285535812378,0.9991128444671631,0.8483837246894836,0.8480837941169739
140.0,0.0,0.9931462407112122,0.006853547412902117,0.042410966008901596,0.9987732172012329,0.8871254324913025,0.8872334957122803,0.9955155849456787,0.004483911208808422,0.0112465750426054,0.9990184307098389,0.770892322063446,0.7701746821403503
140.0,1.0,0.9930791854858398,0.006920820102095604,0.03659548610448837,0.9987960457801819,0.8158978819847107,0.8158751726150513,0.9951102137565613,0.004889593925327063,0.03468872234225273,0.9988970756530762,0.9922475218772888,0.9920883178710938
140.0,2.0,0.9953058362007141,0.004694831557571888,0.02586580254137516,0.9989231824874878,0.8815258741378784,0.88121497631073,0.9845786690711975,0.015421259216964245,0.09118654578924179,0.9982783198356628,0.7663915753364563,0.767690122127533
140.0,3.0,0.9933117032051086,0.006688609253615141,0.0369117371737957,0.9988573789596558,0.8609746098518372,0.8609243631362915,0.9950414299964905,0.004958507139235735,0.03235287591814995,0.9986659288406372,0.8748937249183655,0.874796986579895
140.0,4.0,0.9931690692901611,0.006831223610788584,0.03917520493268967,0.9987553358078003,0.8670165538787842,0.8670138120651245,0.9956147074699402,0.004385534208267927,0.02266932837665081,0.9991129636764526,0.8483833074569702,0.8480842709541321
141.0,0.0,0.9931467175483704,0.006853561848402023,0.04240541532635689,0.9987727999687195,0.8871248364448547,0.887233555316925,0.9955158829689026,0.0044838497415184975,0.011246432550251484,0.9990186095237732,0.7708925008773804,0.7701754570007324
141.0,1.0,0.9930799603462219,0.00692077586427331,0.03659127652645111,0.9987961053848267,0.815898060798645,0.815875232219696,0.9951100945472717,0.004889583680778742,0.03468844294548035,0.9988970756530762,0.9922489523887634,0.9920891523361206
141.0,2.0,0.995306134223938,0.004694761708378792,0.025872258469462395,0.9989249110221863,0.8815255165100098,0.8812148571014404,0.9845789670944214,0.015421204268932343,0.09118745476007462,0.998278021812439,0.7663915753364563,0.7676896452903748
141.0,3.0,0.9933122992515564,0.00668857479467988,0.03690773993730545,0.9988579154014587,0.8609762191772461,0.8609244227409363,0.9950416684150696,0.004958376754075289,0.032352764159440994,0.9986662864685059,0.8748958110809326,0.8747977018356323
141.0,4.0,0.9931691884994507,0.006831252481788397,0.03917555510997772,0.9987558722496033,0.8670159578323364,0.8670117259025574,0.9956140518188477,0.004385495558381081,0.022669540718197823,0.9991127848625183,0.8483834266662598,0.8480840921401978
142.0,0.0,0.9931464791297913,0.006853519007563591,0.042413219809532166,0.9987738728523254,0.8871246576309204,0.8872336149215698,0.995515763759613,0.004483833443373442,0.011246849782764912,0.9990184903144836,0.770891547203064,0.770174503326416
142.0,1.0,0.9930797815322876,0.006920761428773403,0.03660053387284279,0.9987956285476685,0.8158981800079346,0.8158759474754333,0.995109498500824,0.004889639560133219,0.034699808806180954,0.9988976120948792,0.9922469258308411,0.9920885562896729
142.0,2.0,0.9953057169914246,0.004694760777056217,0.02586630918085575,0.998924195766449,0.8815262317657471,0.8812143206596375,0.9845789074897766,0.015421146526932716,0.09118743985891342,0.9982781410217285,0.7663916349411011,0.7676896452903748
142.0,3.0,0.993312656879425,0.006688554305583239,0.03691882640123367,0.9988572597503662,0.8609747886657715,0.8609254360198975,0.9950416088104248,0.004958432167768478,0.03235269710421562,0.9986661076545715,0.8748957514762878,0.8747981190681458
142.0,4.0,0.993169903755188,0.006831175647675991,0.039178889244794846,0.9987570643424988,0.8670163750648499,0.8670144081115723,0.9956143498420715,0.004385557025671005,0.022669373080134392,0.9991133213043213,0.8483833074569702,0.8480848073959351
143.0,0.0,0.9931466579437256,0.0068534673191607,0.04239829257130623,0.998772144317627,0.8871257901191711,0.8872342109680176,0.9955158829689026,0.004483768250793219,0.01124676875770092,0.9990187883377075,0.7708937525749207,0.7701757550239563
143.0,1.0,0.9930791854858398,0.0069207120686769485,0.036597300320863724,0.9987956285476685,0.8158975839614868,0.8158755898475647,0.9951106309890747,0.004889511037617922,0.03468892350792885,0.9988969564437866,0.9922468662261963,0.9920885562896729
143.0,2.0,0.9953058362007141,0.0046947430819272995,0.0258653461933136,0.9989237785339355,0.8815255761146545,0.8812145590782166,0.9845789670944214,0.015421059913933277,0.0911715030670166,0.9982783198356628,0.7663919925689697,0.767690896987915
143.0,3.0,0.9933120608329773,0.0066885328851640224,0.03691820800304413,0.9988580942153931,0.8609753847122192,0.8609237670898438,0.9950416684150696,0.004958373494446278,0.03235311061143875,0.998665988445282,0.8748935461044312,0.874796986579895
143.0,4.0,0.9931699633598328,0.006831159815192223,0.039172276854515076,0.9987553954124451,0.867016613483429,0.8670132756233215,0.995614230632782,0.004385372623801231,0.022669922560453415,0.9991136193275452,0.8483836054801941,0.8480845093727112
144.0,0.0,0.9931467175483704,0.006853445898741484,0.04240576922893524,0.9987732768058777,0.8871253132820129,0.8872331380844116,0.9955162405967712,0.004483737051486969,0.011246806010603905,0.9990183115005493,0.7708925604820251,0.7701752781867981
144.0,1.0,0.993079662322998,0.006920656189322472,0.03659731149673462,0.9987958669662476,0.8158990144729614,0.8158761262893677,0.9951103925704956,0.004889479838311672,0.03467768803238869,0.9988977909088135,0.9922488331794739,0.9920892119407654
144.0,2.0,0.9953052997589111,0.004694735631346703,0.02585882879793644,0.998924195766449,0.8815252184867859,0.8812153935432434,0.9845789074897766,0.015421077609062195,0.09118642657995224,0.9982791543006897,0.7663933634757996,0.7676911950111389
144.0,3.0,0.9933112263679504,0.006688556633889675,0.036914922297000885,0.9988585114479065,0.860975980758667,0.8609251379966736,0.9950413703918457,0.004958342295140028,0.03235352411866188,0.9986662268638611,0.8748949766159058,0.8747979998588562
144.0,4.0,0.9931687116622925,0.0068311565555632114,0.039182521402835846,0.9987557530403137,0.8670169711112976,0.8670138120651245,0.995614230632782,0.004385541193187237,0.022653793916106224,0.9991128444671631,0.8483832478523254,0.84808349609375
145.0,0.0,0.9931470155715942,0.006853414233773947,0.04241042211651802,0.9987732172012329,0.8871253132820129,0.8872345089912415,0.9955161213874817,0.004483755677938461,0.011246677488088608,0.9990185499191284,0.7708932757377625,0.7701753377914429
145.0,1.0,0.9930792450904846,0.006920685060322285,0.036592163145542145,0.9987958669662476,0.8158982992172241,0.8158764243125916,0.9951106905937195,0.004889496602118015,0.03470010310411453,0.9988964796066284,0.9922467470169067,0.9920880198478699
145.0,2.0,0.9953057169914246,0.004694697912782431,0.025865428149700165,0.9989249110221863,0.8815253376960754,0.8812145590782166,0.9845791459083557,0.015421038493514061,0.0911484956741333,0.9982790946960449,0.7663934230804443,0.7676916718482971
145.0,3.0,0.9933115839958191,0.006688415072858334,0.03691470995545387,0.9988575577735901,0.8609752058982849,0.8609241843223572,0.9950419068336487,0.004958354867994785,0.03235345333814621,0.998665988445282,0.8748939633369446,0.8747972846031189
145.0,4.0,0.9931689500808716,0.006831147242337465,0.039179135113954544,0.9987557530403137,0.8670181632041931,0.867013156414032,0.9956145882606506,0.004385358653962612,0.022653616964817047,0.9991127252578735,0.848383367061615,0.8480835556983948
146.0,0.0,0.9931470155715942,0.006853367201983929,0.04240645095705986,0.9987732172012329,0.8871243596076965,0.887233555316925,0.9955158233642578,0.004483715631067753,0.01124674454331398,0.999018669128418,0.7708931565284729,0.7701753377914429
146.0,1.0,0.9930803179740906,0.006920625921338797,0.036582570523023605,0.9987955689430237,0.8158974051475525,0.8158755898475647,0.9951103925704956,0.004889435600489378,0.03467763587832451,0.9988973140716553,0.9922473430633545,0.992088258266449
146.0,2.0,0.995306134223938,0.004694641567766666,0.02586943283677101,0.9989234209060669,0.8815255165100098,0.8812152743339539,0.9845789670944214,0.01542095560580492,0.091206856071949,0.9982787370681763,0.7663931250572205,0.7676923871040344
146.0,3.0,0.9933120012283325,0.006688409484922886,0.036901284009218216,0.9988579154014587,0.8609763979911804,0.8609249591827393,0.9950414299964905,0.004958278965204954,0.032353054732084274,0.9986661076545715,0.8748955130577087,0.8747976422309875
146.0,4.0,0.9931690096855164,0.006831055972725153,0.03918043151497841,0.998756468296051,0.8670168519020081,0.8670136332511902,0.9956146478652954,0.004385318141430616,0.022653328254818916,0.9991132020950317,0.8483836054801941,0.8480848073959351
147.0,0.0,0.9931461811065674,0.006853330880403519,0.04241035878658295,0.9987740516662598,0.8871249556541443,0.8872349262237549,0.9955163598060608,0.004483700729906559,0.01124656107276678,0.9990189075469971,0.7708942890167236,0.7701761722564697
147.0,1.0,0.993079423904419,0.006920629646629095,0.03659237548708916,0.9987959265708923,0.8158974051475525,0.8158758282661438,0.9951106309890747,0.004889406729489565,0.034677084535360336,0.9988976120948792,0.9922466278076172,0.9920879602432251
147.0,2.0,0.9953055381774902,0.004694636445492506,0.02586185745894909,0.9989240765571594,0.8815249800682068,0.8812148571014404,0.9845789670944214,0.015421020798385143,0.09118549525737762,0.9982790946960449,0.7663931250572205,0.7676916122436523
147.0,3.0,0.9933119416236877,0.006688440218567848,0.036910999566316605,0.9988580942153931,0.860975444316864,0.8609254956245422,0.9950416088104248,0.004958276636898518,0.032369986176490784,0.9986656904220581,0.874893307685852,0.874796986579895
147.0,4.0,0.9931687712669373,0.006831084378063679,0.03918316215276718,0.9987553358078003,0.867017388343811,0.8670138120651245,0.9956147074699402,0.0043852622620761395,0.02265337109565735,0.9991128444671631,0.8483830690383911,0.8480848670005798
148.0,0.0,0.993146538734436,0.006853308528661728,0.042413804680109024,0.998774528503418,0.8871247172355652,0.8872345685958862,0.995515763759613,0.004483699332922697,0.011246790178120136,0.9990184307098389,0.7708942890167236,0.770175576210022
148.0,1.0,0.9930800199508667,0.0069205681793391705,0.03659674525260925,0.9987960457801819,0.8158987164497375,0.8158770203590393,0.9951100945472717,0.004889390431344509,0.03467701002955437,0.9988976716995239,0.9922482371330261,0.9920889139175415
148.0,2.0,0.9953053593635559,0.004694607574492693,0.02586582489311695,0.9989232420921326,0.8815250396728516,0.8812147378921509,0.9845791459083557,0.01542089506983757,0.09118678420782089,0.9982784390449524,0.7663918137550354,0.7676907181739807
148.0,3.0,0.9933124780654907,0.006688369903713465,0.036919042468070984,0.9988585710525513,0.8609760403633118,0.8609247207641602,0.9950414299964905,0.004958213772624731,0.03235389664769173,0.9986662864685059,0.8748955726623535,0.8747977018356323
148.0,4.0,0.9931694269180298,0.0068310028873384,0.039180610328912735,0.9987555742263794,0.8670181035995483,0.8670141100883484,0.9956142902374268,0.0043853335082530975,0.02265382744371891,0.9991133213043213,0.8483833074569702,0.848084568977356
149.0,0.0,0.9931467771530151,0.006853260099887848,0.042409975081682205,0.9987730979919434,0.8871256709098816,0.887233555316925,0.9955160617828369,0.004483681637793779,0.011246846988797188,0.9990190267562866,0.7708937525749207,0.7701760530471802
149.0,1.0,0.9930793642997742,0.006920519284904003,0.03659248724579811,0.9987952709197998,0.8158991932868958,0.8158755898475647,0.9951102137565613,0.004889366682618856,0.034688547253608704,0.9988974928855896,0.9922479391098022,0.9920887351036072
149.0,2.0,0.9953058362007141,0.004694585222750902,0.025865621864795685,0.9989237785339355,0.8815253376960754,0.8812149167060852,0.984578549861908,0.01542094349861145,0.09117181599140167,0.9982789754867554,0.76639324426651,0.7676916122436523
149.0,3.0,0.9933114647865295,0.00668833963572979,0.03691323101520538,0.9988581538200378,0.86097651720047,0.8609249591827393,0.9950419068336487,0.004958184435963631,0.032353103160858154,0.9986667633056641,0.8748947978019714,0.8747984170913696
149.0,4.0,0.9931694269180298,0.006830987520515919,0.03918714448809624,0.9987558126449585,0.8670176267623901,0.8670138716697693,0.9956145882606506,0.004385316278785467,0.022653726860880852,0.9991129040718079,0.8483830690383911,0.8480842709541321
150.0,0.0,0.9931467771530151,0.006853162776678801,0.04241504892706871,0.9987728595733643,0.8871254920959473,0.8872336745262146,0.9955164194107056,0.004483612719923258,0.011246793903410435,0.9990188479423523,0.7708941698074341,0.7701762318611145
150.0,1.0,0.9930795431137085,0.006920361425727606,0.036602120846509933,0.9987956285476685,0.8158987164497375,0.8158758282661438,0.9951111078262329,0.004889370873570442,0.03469981253147125,0.998897910118103,0.9922482371330261,0.9920893311500549
150.0,2.0,0.9953048229217529,0.004694495350122452,0.02586926333606243,0.9989244937896729,0.8815267086029053,0.8812152147293091,0.9845789074897766,0.015420818701386452,0.0911906287074089,0.998278796672821,0.7663935422897339,0.767691433429718
150.0,3.0,0.9933124780654907,0.006688234396278858,0.036908991634845734,0.9988582134246826,0.8609752058982849,0.8609245419502258,0.9950419068336487,0.00495825195685029,0.03235357627272606,0.9986662864685059,0.874894380569458,0.8747974634170532
150.0,4.0,0.9931687712669373,0.006830865982919931,0.03919140622019768,0.9987555146217346,0.8670167922973633,0.8670138716697693,0.9956146478652954,0.004385290667414665,0.022653719410300255,0.9991127252578735,0.8483838438987732,0.8480844497680664
151.0,0.0,0.9931472539901733,0.006853163708001375,0.04242217540740967,0.9987742304801941,0.8871249556541443,0.8872337341308594,0.995516300201416,0.00448358291760087,0.011246893554925919,0.9990185499191284,0.7708929777145386,0.7701750993728638
151.0,1.0,0.9930797815322876,0.006920423358678818,0.036589112132787704,0.9987964034080505,0.8158989548683167,0.8158760666847229,0.9951109886169434,0.0048892986960709095,0.034688591957092285,0.9988970756530762,0.9922488331794739,0.992089033126831
151.0,2.0,0.9953066110610962,0.004694466013461351,0.025865811854600906,0.9989233613014221,0.8815255165100098,0.8812140226364136,0.9845789670944214,0.015420840121805668,0.09119104593992233,0.998278796672821,0.7663934230804443,0.7676916122436523
151.0,3.0,0.9933115839958191,0.006688208784908056,0.03692314028739929,0.9988579750061035,0.8609760403633118,0.8609240055084229,0.9950416088104248,0.00495814299210906,0.032353732734918594,0.9986664652824402,0.8748955726623535,0.874798059463501
151.0,4.0,0.9931694269180298,0.006830880884081125,0.039180316030979156,0.9987558126449585,0.8670181035995483,0.8670137524604797,0.9956144094467163,0.004385287407785654,0.022669881582260132,0.999113142490387,0.848383367061615,0.8480839729309082
152.0,0.0,0.9931468963623047,0.006853143684566021,0.042415034025907516,0.9987738728523254,0.8871244192123413,0.8872339725494385,0.9955161213874817,0.004483603406697512,0.011246922425925732,0.9990183115005493,0.7708933353424072,0.7701753377914429
152.0,1.0,0.9930799603462219,0.006920370738953352,0.03660145029425621,0.9987954497337341,0.815899133682251,0.8158765435218811,0.995110809803009,0.004889348521828651,0.03471079096198082,0.9988974928855896,0.9922487139701843,0.992089033126831
152.0,2.0,0.995305597782135,0.004694466944783926,0.025869324803352356,0.9989237785339355,0.881525993347168,0.8812152147293091,0.9845792651176453,0.015420847572386265,0.09119098633527756,0.9982792139053345,0.7663935422897339,0.7676925659179688
152.0,3.0,0.9933122992515564,0.006688211113214493,0.03691580146551132,0.9988572597503662,0.8609762191772461,0.8609253168106079,0.9950414896011353,0.004958201665431261,0.03235398605465889,0.9986664652824402,0.8748959302902222,0.8747979998588562
152.0,4.0,0.9931695461273193,0.0068308888003230095,0.03918438404798508,0.9987558722496033,0.867017924785614,0.8670147061347961,0.9956150054931641,0.004385339096188545,0.022653821855783463,0.999113142490387,0.8483834862709045,0.8480852246284485
153.0,0.0,0.993146538734436,0.006853139493614435,0.04241447523236275,0.9987736344337463,0.8871246576309204,0.8872343897819519,0.9955161809921265,0.004483610857278109,0.011246796697378159,0.999018669128418,0.7708924412727356,0.7701753377914429
153.0,1.0,0.993079662322998,0.006920419633388519,0.0365937165915966,0.9987955689430237,0.815899133682251,0.8158764839172363,0.9951106309890747,0.0048893210478127,0.03467724844813347,0.9988971948623657,0.9922478199005127,0.9920886158943176
153.0,2.0,0.9953058362007141,0.004694486502557993,0.025869430974125862,0.9989233613014221,0.8815256953239441,0.8812152743339539,0.9845794439315796,0.015420892275869846,0.09119385480880737,0.998279333114624,0.7663951516151428,0.7676928639411926
153.0,3.0,0.9933114051818848,0.006688208784908056,0.03691959008574486,0.9988592267036438,0.8609768748283386,0.8609259128570557,0.9950416088104248,0.0049582296051084995,0.032353974878787994,0.9986660480499268,0.874894917011261,0.8747979402542114
153.0,4.0,0.9931694865226746,0.006830872036516666,0.03917970508337021,0.998755931854248,0.8670184016227722,0.8670138120651245,0.9956145882606506,0.004385265987366438,0.02265370450913906,0.9991132020950317,0.8483837842941284,0.8480848073959351
154.0,0.0,0.993147075176239,0.0068531581200659275,0.04241131246089935,0.9987730383872986,0.8871250152587891,0.8872340321540833,0.9955158233642578,0.004483586177229881,0.01124686747789383,0.9990186095237732,0.7708924412727356,0.7701752781867981
154.0,1.0,0.9930804967880249,0.006920410320162773,0.03659764304757118,0.9987963438034058,0.8159002065658569,0.8158769607543945,0.995110034942627,0.004889391828328371,0.034688469022512436,0.9988971948623657,0.9922476410865784,0.992087721824646
154.0,2.0,0.9953063130378723,0.00469446973875165,0.02586585097014904,0.9989240169525146,0.8815264105796814,0.8812146186828613,0.9845794439315796,0.015420868061482906,0.09117113798856735,0.998278796672821,0.7663918733596802,0.7676907181739807
154.0,3.0,0.9933120608329773,0.006688232067972422,0.03691258281469345,0.9988585114479065,0.8609763979911804,0.8609259724617004,0.9950417876243591,0.004958216100931168,0.03235387057065964,0.998665452003479,0.8748936057090759,0.8747963309288025
154.0,4.0,0.9931698441505432,0.006830899976193905,0.039184629917144775,0.9987553358078003,0.8670175671577454,0.8670141100883484,0.9956149458885193,0.00438526039943099,0.02266979031264782,0.9991134405136108,0.848383367061615,0.8480846285820007
155.0,0.0,0.9931473135948181,0.006853151600807905,0.04241818189620972,0.9987725019454956,0.8871237635612488,0.8872333765029907,0.9955161809921265,0.004483681172132492,0.011246944777667522,0.9990183115005493,0.7708920836448669,0.7701750993728638
155.0,1.0,0.9930799603462219,0.006920432206243277,0.03659716993570328,0.9987964630126953,0.8158986568450928,0.8158767223358154,0.9951106309890747,0.0048893592320382595,0.03468862548470497,0.9988969564437866,0.9922481179237366,0.9920884370803833
155.0,2.0,0.9953048229217529,0.0046944646164774895,0.025862189009785652,0.9989234209060669,0.8815256953239441,0.8812152147293091,0.9845786690711975,0.01542090717703104,0.09119287133216858,0.9982789158821106,0.7663915753364563,0.7676916122436523
155.0,3.0,0.9933114647865295,0.006688251625746489,0.036912187933921814,0.998858630657196,0.8609763979911804,0.8609253764152527,0.9950417876243591,0.004958196543157101,0.032353345304727554,0.998665988445282,0.8748950362205505,0.8747972846031189
155.0,4.0,0.9931702017784119,0.006830924190580845,0.03918404132127762,0.9987565875053406,0.8670185804367065,0.8670140504837036,0.995614767074585,0.0043852380476891994,0.022653713822364807,0.9991127848625183,0.848383367061615,0.8480841517448425
156.0,0.0,0.993147611618042,0.006853161845356226,0.042407333850860596,0.9987736344337463,0.8871257305145264,0.8872340321540833,0.9955159425735474,0.004483616910874844,0.011246846988797188,0.9990190267562866,0.7708937525749207,0.7701762318611145
156.0,1.0,0.9930806159973145,0.006920443382114172,0.03659680485725403,0.9987961053848267,0.8158992528915405,0.8158763647079468,0.9951103329658508,0.004889344330877066,0.034688662737607956,0.9988976716995239,0.9922479391098022,0.9920881390571594
156.0,2.0,0.9953053593635559,0.0046944585628807545,0.025858530774712563,0.9989234209060669,0.8815258741378784,0.8812143802642822,0.9845790863037109,0.015420835465192795,0.09117405861616135,0.9982793927192688,0.76639324426651,0.7676916122436523
156.0,3.0,0.99331134557724,0.006688223220407963,0.03690897300839424,0.9988580942153931,0.8609756827354431,0.860924482345581,0.995042085647583,0.004958214238286018,0.03235365077853203,0.9986661076545715,0.8748950362205505,0.8747977018356323
156.0,4.0,0.9931698441505432,0.006830853875726461,0.039176519960165024,0.9987558126449585,0.8670185208320618,0.8670143485069275,0.9956146478652954,0.0043853153474628925,0.02265370823442936,0.9991134405136108,0.8483837246894836,0.8480848670005798
157.0,0.0,0.9931471943855286,0.00685318885371089,0.042411137372255325,0.9987741112709045,0.8871263265609741,0.8872346878051758,0.9955160617828369,0.004483636002987623,0.011246920563280582,0.9990192651748657,0.7708932757377625,0.7701757550239563
157.0,1.0,0.9930800199508667,0.006920439191162586,0.036601994186639786,0.9987963438034058,0.8158988356590271,0.8158761262893677,0.995110809803009,0.004889300558716059,0.034688472747802734,0.998897910118103,0.9922490119934082,0.9920898079872131
157.0,2.0,0.9953062534332275,0.004694474395364523,0.025865713134407997,0.9989245533943176,0.8815264701843262,0.8812149167060852,0.9845789670944214,0.015420862473547459,0.09121038764715195,0.9982789754867554,0.76639324426651,0.7676920890808105
157.0,3.0,0.9933120608329773,0.00668822368606925,0.03692389279603958,0.9988569021224976,0.8609758019447327,0.8609246611595154,0.9950423240661621,0.004958198871463537,0.032353516668081284,0.998665988445282,0.8748949766159058,0.8747977614402771
157.0,4.0,0.9931689500808716,0.006830917671322823,0.03918447345495224,0.9987563490867615,0.8670167326927185,0.8670126795768738,0.9956143498420715,0.004385339096188545,0.022669943049550056,0.9991129636764526,0.8483833074569702,0.8480848670005798
158.0,0.0,0.9931475520133972,0.006853142753243446,0.04241488128900528,0.9987725615501404,0.8871257305145264,0.8872344493865967,0.9955162405967712,0.004483569413423538,0.011246897280216217,0.999018669128418,0.7708931565284729,0.7701751589775085
158.0,1.0,0.9930797219276428,0.006920402403920889,0.03658895939588547,0.9987958073616028,0.8158982396125793,0.8158757090568542,0.9951106905937195,0.00488935224711895,0.034688644111156464,0.9988963603973389,0.9922481179237366,0.9920881390571594
158.0,2.0,0.995306670665741,0.004694453906267881,0.0258693378418684,0.9989244937896729,0.8815264105796814,0.8812157511711121,0.9845789074897766,0.015420881099998951,0.09121046215295792,0.9982781410217285,0.7663918733596802,0.767690122127533
158.0,3.0,0.99331134557724,0.006688239984214306,0.0369158610701561,0.9988580942153931,0.8609756827354431,0.8609252572059631,0.995042085647583,0.004958166740834713,0.032353464514017105,0.9986664056777954,0.8748948574066162,0.8747974634170532
158.0,4.0,0.9931700825691223,0.006830878090113401,0.039188239723443985,0.9987557530403137,0.8670176267623901,0.8670141696929932,0.9956148266792297,0.004385301377624273,0.022669771686196327,0.9991127252578735,0.8483831286430359,0.8480837941169739
159.0,0.0,0.9931467175483704,0.006853143684566021,0.042414478957653046,0.9987736344337463,0.8871259689331055,0.8872349262237549,0.9955158829689026,0.004483604803681374,0.011246804147958755,0.9990184307098389,0.7708921432495117,0.7701753377914429
159.0,1.0,0.9930797815322876,0.006920408923178911,0.036588795483112335,0.9987970590591431,0.8158982992172241,0.8158764839172363,0.9951105117797852,0.004889342002570629,0.03471095860004425,0.9988973140716553,0.9922488331794739,0.9920885562896729
159.0,2.0,0.9953056573867798,0.00469442643225193,0.02586219273507595,0.9989244341850281,0.881525993347168,0.8812137842178345,0.9845789670944214,0.015420876443386078,0.09121277183294296,0.998278796672821,0.7663934230804443,0.7676916122436523
159.0,3.0,0.9933119416236877,0.006688220426440239,0.036915771663188934,0.9988572001457214,0.8609758615493774,0.860925018787384,0.9950417280197144,0.004958248231559992,0.032353464514017105,0.9986662864685059,0.8748956322669983,0.8747977614402771
159.0,4.0,0.9931694269180298,0.006830878090113401,0.03917984291911125,0.998756468296051,0.8670167922973633,0.8670139908790588,0.9956150054931641,0.004385245963931084,0.02266966924071312,0.9991132616996765,0.8483831286430359,0.8480848670005798
160.0,0.0,0.9931467771530151,0.006853190716356039,0.042418234050273895,0.9987736940383911,0.8871257901191711,0.8872344493865967,0.9955158233642578,0.00448361923918128,0.011246827431023121,0.9990183115005493,0.770893394947052,0.7701755166053772
160.0,1.0,0.9930794835090637,0.006920438725501299,0.03659297898411751,0.9987964630126953,0.8158987164497375,0.8158758282661438,0.9951106309890747,0.004889380186796188,0.034688640385866165,0.9988974928855896,0.9922489523887634,0.9920893311500549
160.0,2.0,0.995306134223938,0.0046944646164774895,0.025862157344818115,0.9989235401153564,0.8815263509750366,0.8812158107757568,0.9845795035362244,0.01542085874825716,0.09121252596378326,0.9982789158821106,0.7663933634757996,0.7676917910575867
160.0,3.0,0.9933116436004639,0.006688200403004885,0.03691217303276062,0.9988582134246826,0.8609768152236938,0.8609253168106079,0.9950422644615173,0.004958160687237978,0.03235357254743576,0.9986660480499268,0.8748951554298401,0.8747971057891846
160.0,4.0,0.9931689500808716,0.006830866914242506,0.03919553756713867,0.9987562894821167,0.8670176863670349,0.8670138716697693,0.9956144094467163,0.004385314416140318,0.022669848054647446,0.9991136193275452,0.8483834862709045,0.8480846881866455
161.0,0.0,0.9931466579437256,0.00685316976159811,0.042406387627124786,0.9987727999687195,0.8871260285377502,0.8872339129447937,0.9955162405967712,0.004483574535697699,0.011246847920119762,0.9990184307098389,0.7708936929702759,0.7701754570007324
161.0,1.0,0.9930792450904846,0.006920448504388332,0.03659246489405632,0.9987961649894714,0.8158987164497375,0.8158764839172363,0.9951105117797852,0.004889317788183689,0.03468848764896393,0.9988969564437866,0.9922481179237366,0.9920878410339355
161.0,2.0,0.995305597782135,0.0046944692730903625,0.02586577646434307,0.9989240169525146,0.8815257549285889,0.8812142014503479,0.9845791459083557,0.015420868992805481,0.09119346737861633,0.9982790946960449,0.7663934230804443,0.7676916122436523
161.0,3.0,0.9933115839958191,0.006688217632472515,0.03691164404153824,0.9988583922386169,0.8609762787818909,0.8609248399734497,0.9950416088104248,0.004958150442689657,0.032353468239307404,0.9986667037010193,0.8748958110809326,0.8747977018356323
161.0,4.0,0.9931687712669373,0.0068308766931295395,0.0391802042722702,0.9987564086914062,0.8670181632041931,0.8670142292976379,0.9956143498420715,0.004385286010801792,0.022653769701719284,0.9991129636764526,0.8483836650848389,0.8480849266052246
162.0,0.0,0.9931467175483704,0.006853132508695126,0.04241110011935234,0.9987738728523254,0.8871259093284607,0.8872342109680176,0.9955161213874817,0.0044835880398750305,0.011246792040765285,0.9990188479423523,0.7708931565284729,0.7701754570007324
162.0,1.0,0.9930803179740906,0.006920419167727232,0.03659345954656601,0.9987961649894714,0.8158983588218689,0.8158757090568542,0.9951111078262329,0.004889309406280518,0.03468841314315796,0.9988970756530762,0.9922481179237366,0.992088258266449
162.0,2.0,0.9953060746192932,0.004694437608122826,0.025865687057375908,0.9989246129989624,0.8815257549285889,0.8812150955200195,0.9845792651176453,0.015420740470290184,0.0912097692489624,0.9982789754867554,0.7663933634757996,0.7676922678947449
162.0,3.0,0.9933127164840698,0.006688220892101526,0.036915820091962814,0.998857855796814,0.8609765768051147,0.8609252572059631,0.9950420260429382,0.0049582538194954395,0.03235354647040367,0.9986662864685059,0.874894380569458,0.8747971653938293
162.0,4.0,0.993169367313385,0.006830888334661722,0.03919130563735962,0.9987566471099854,0.8670175671577454,0.867013156414032,0.9956143498420715,0.004385263193398714,0.022669626399874687,0.9991135001182556,0.8483831286430359,0.8480844497680664
163.0,0.0,0.9931465983390808,0.006853134371340275,0.04241061955690384,0.9987738132476807,0.8871256113052368,0.8872342705726624,0.9955160617828369,0.00448362622410059,0.011246823705732822,0.9990190863609314,0.7708941102027893,0.7701758742332458
163.0,1.0,0.993079662322998,0.006920453626662493,0.03659381344914436,0.9987963438034058,0.8158988952636719,0.8158766627311707,0.9951106905937195,0.004889357835054398,0.034699611365795135,0.9988961815834045,0.9922476410865784,0.992087721824646
163.0,2.0,0.9953064322471619,0.004694450180977583,0.025869321078062057,0.9989246129989624,0.881525993347168,0.8812151551246643,0.9845790863037109,0.015420868061482906,0.09118795394897461,0.9982781410217285,0.7663933634757996,0.7676916122436523
163.0,3.0,0.9933130741119385,0.006688220892101526,0.03691514581441879,0.9988591074943542,0.8609760403633118,0.8609247207641602,0.9950416684150696,0.004958265461027622,0.03235388919711113,0.9986658096313477,0.8748957514762878,0.8747977614402771
163.0,4.0,0.9931693077087402,0.006830879952758551,0.039187949150800705,0.998755693435669,0.8670177459716797,0.8670140504837036,0.9956148266792297,0.00438521895557642,0.02266966924071312,0.9991132020950317,0.8483831286430359,0.848084568977356
164.0,0.0,0.993147611618042,0.006853154394775629,0.042414478957653046,0.9987732172012329,0.88712477684021,0.8872341513633728,0.9955159425735474,0.004483612719923258,0.011246917769312859,0.9990190267562866,0.770893931388855,0.7701760530471802
164.0,1.0,0.993079423904419,0.00692042475566268,0.03659725934267044,0.9987958669662476,0.8158980011940002,0.8158757090568542,0.9951115846633911,0.004889339208602905,0.034699708223342896,0.9988973140716553,0.9922475218772888,0.9920887351036072
164.0,2.0,0.9953063726425171,0.004694443196058273,0.025865724310278893,0.9989235997200012,0.8815255761146545,0.8812140822410583,0.98457932472229,0.015420871786773205,0.09120769053697586,0.9982784390449524,0.7663934230804443,0.767691433429718
164.0,3.0,0.9933119416236877,0.00668824277818203,0.03692677989602089,0.9988579750061035,0.8609763979911804,0.8609254360198975,0.9950414299964905,0.004958250094205141,0.03235398977994919,0.9986662268638611,0.8748956322669983,0.8747986555099487
164.0,4.0,0.993169367313385,0.0068308645859360695,0.03918076306581497,0.9987554550170898,0.8670170903205872,0.8670136332511902,0.9956144690513611,0.004385337699204683,0.02265387959778309,0.9991134405136108,0.8483834862709045,0.8480843305587769
165.0,0.0,0.9931468367576599,0.006853114347904921,0.04240670055150986,0.9987726211547852,0.8871251940727234,0.8872340321540833,0.9955158233642578,0.004483615979552269,0.011246777139604092,0.9990189075469971,0.7708924412727356,0.7701746225357056
165.0,1.0,0.9930795431137085,0.006920427083969116,0.0366012342274189,0.9987954497337341,0.8158987164497375,0.8158766627311707,0.9951109290122986,0.004889309871941805,0.03469976782798767,0.9988970756530762,0.9922488331794739,0.9920889139175415
165.0,2.0,0.9953060150146484,0.004694486502557993,0.02587290108203888,0.9989244937896729,0.8815259337425232,0.8812145590782166,0.9845791459083557,0.015420864336192608,0.09119043499231339,0.9982792139053345,0.7663933634757996,0.767691969871521
165.0,3.0,0.9933122396469116,0.006688220892101526,0.036919400095939636,0.9988572597503662,0.86097651720047,0.8609251976013184,0.9950417876243591,0.0049582854844629765,0.03235345333814621,0.998665988445282,0.8748950362205505,0.874796450138092
165.0,4.0,0.9931697845458984,0.006830853875726461,0.039180170744657516,0.9987562894821167,0.8670171499252319,0.8670135140419006,0.9956148266792297,0.004385324195027351,0.02265365980565548,0.9991128444671631,0.8483836054801941,0.8480842709541321
166.0,0.0,0.9931471943855286,0.006853166501969099,0.04241421818733215,0.9987735152244568,0.8871261477470398,0.887234091758728,0.9955161809921265,0.0044836136512458324,0.011246765963733196,0.9990190863609314,0.7708948254585266,0.7701764106750488
166.0,1.0,0.9930806159973145,0.006920387968420982,0.036597516387701035,0.9987958073616028,0.815898597240448,0.8158761262893677,0.9951109886169434,0.00488930894061923,0.03468834608793259,0.9988980889320374,0.9922478199005127,0.9920886158943176
166.0,2.0,0.995306134223938,0.004694424103945494,0.02586209401488304,0.9989243149757385,0.881526529788971,0.8812151551246643,0.9845791459083557,0.015420779585838318,0.09117138385772705,0.9982787370681763,0.7663918733596802,0.7676913142204285
166.0,3.0,0.9933127164840698,0.006688226480036974,0.03691265732049942,0.9988591074943542,0.860975444316864,0.860925018787384,0.9950414896011353,0.0049581872299313545,0.03235391527414322,0.9986660480499268,0.8748958706855774,0.8747977614402771
166.0,4.0,0.993169367313385,0.0068308631889522076,0.039183907210826874,0.9987570643424988,0.8670179843902588,0.8670135736465454,0.9956150054931641,0.004385237582027912,0.02265368215739727,0.9991133213043213,0.8483837246894836,0.8480848670005798
167.0,0.0,0.9931474328041077,0.006853178143501282,0.04240673407912254,0.9987733364105225,0.8871251344680786,0.8872339129447937,0.9955159425735474,0.004483634140342474,0.011246838606894016,0.9990186095237732,0.7708942890167236,0.7701752781867981
167.0,1.0,0.9930797219276428,0.006920412182807922,0.03659367188811302,0.998796820640564,0.815899133682251,0.8158761262893677,0.9951111078262329,0.0048892926424741745,0.03468823432922363,0.9988969564437866,0.9922468662261963,0.9920886158943176
167.0,2.0,0.9953057169914246,0.004694462288171053,0.02586582489311695,0.9989240169525146,0.8815250992774963,0.8812147378921509,0.98457932472229,0.015420816838741302,0.09121028333902359,0.9982783794403076,0.7663931846618652,0.767691969871521
167.0,3.0,0.9933125376701355,0.006688189227133989,0.036915604025125504,0.9988577961921692,0.8609756231307983,0.8609247803688049,0.9950416088104248,0.0049582552164793015,0.03235340863466263,0.9986662864685059,0.8748968839645386,0.8747987151145935
167.0,4.0,0.9931690692901611,0.006830880418419838,0.03918759524822235,0.998756468296051,0.8670179843902588,0.8670142292976379,0.9956144690513611,0.00438526039943099,0.02265351265668869,0.9991128444671631,0.8483833074569702,0.8480846881866455
168.0,0.0,0.9931471347808838,0.006853156257420778,0.0424099937081337,0.998773455619812,0.8871258497238159,0.8872345685958862,0.9955160617828369,0.004483640659600496,0.011246811598539352,0.9990187287330627,0.7708930969238281,0.7701751589775085
168.0,1.0,0.9930791258811951,0.006920429412275553,0.03659770265221596,0.9987961053848267,0.8158994317054749,0.8158759474754333,0.9951109886169434,0.004889317788183689,0.03469957411289215,0.9988970756530762,0.99224853515625,0.9920887351036072
168.0,2.0,0.995306134223938,0.00469444552436471,0.025862136855721474,0.9989244341850281,0.8815253376960754,0.8812153339385986,0.9845789074897766,0.015420868992805481,0.09121229499578476,0.9982786178588867,0.76639324426651,0.7676916122436523
168.0,3.0,0.9933120608329773,0.006688192952424288,0.03691195696592331,0.9988584518432617,0.8609753251075745,0.8609251976013184,0.9950420260429382,0.004958213306963444,0.03235403075814247,0.998665988445282,0.8748945593833923,0.8747972846031189
168.0,4.0,0.9931690692901611,0.006830897182226181,0.03919137269258499,0.9987563490867615,0.8670165538787842,0.8670132756233215,0.9956145882606506,0.0043852562084794044,0.0226698350161314,0.9991134405136108,0.8483837246894836,0.8480846285820007
169.0,0.0,0.9931471347808838,0.00685312133282423,0.04241004213690758,0.9987730979919434,0.8871243000030518,0.8872333765029907,0.9955161809921265,0.0044835880398750305,0.011246871203184128,0.9990188479423523,0.7708932757377625,0.7701756358146667
169.0,1.0,0.9930799603462219,0.006920452695339918,0.036593466997146606,0.9987951517105103,0.8158987164497375,0.8158757090568542,0.9951112866401672,0.004889288917183876,0.034688692539930344,0.9988973140716553,0.9922460317611694,0.9920874238014221
169.0,2.0,0.9953062534332275,0.004694455768913031,0.025865737348794937,0.998923659324646,0.88152676820755,0.8812149167060852,0.9845788478851318,0.015420847572386265,0.09118832647800446,0.9982785582542419,0.7663935422897339,0.7676916122436523
169.0,3.0,0.9933114051818848,0.006688158493489027,0.036918990314006805,0.9988579750061035,0.8609765768051147,0.8609247207641602,0.995042085647583,0.004958197474479675,0.032353803515434265,0.998665988445282,0.8748951554298401,0.8747977018356323
169.0,4.0,0.9931698441505432,0.006830879952758551,0.03918338194489479,0.9987561106681824,0.8670177459716797,0.8670141100883484,0.9956142902374268,0.004385226406157017,0.02265361323952675,0.9991134405136108,0.8483831286430359,0.848084568977356
170.0,0.0,0.9931473135948181,0.006853144615888596,0.04241815209388733,0.9987732172012329,0.8871256709098816,0.8872342109680176,0.9955163598060608,0.004483603406697512,0.011246693320572376,0.9990188479423523,0.7708939909934998,0.7701752185821533
170.0,1.0,0.9930797815322876,0.006920410320162773,0.03659311309456825,0.9987960457801819,0.8158990144729614,0.8158765435218811,0.9951103925704956,0.004889347590506077,0.03468845412135124,0.9988970756530762,0.9922488331794739,0.9920897483825684
170.0,2.0,0.9953059554100037,0.004694455768913031,0.025869347155094147,0.9989243149757385,0.8815257549285889,0.8812147378921509,0.98457932472229,0.015420849435031414,0.09117080271244049,0.9982787370681763,0.7663931250572205,0.7676916718482971
170.0,3.0,0.9933120012283325,0.006688218098133802,0.036911990493535995,0.9988591074943542,0.8609757423400879,0.8609248399734497,0.9950417876243591,0.004958114121109247,0.03235344588756561,0.9986661076545715,0.8748952150344849,0.8747977614402771
170.0,4.0,0.9931693077087402,0.006830849684774876,0.03918708860874176,0.998755693435669,0.8670177459716797,0.8670135140419006,0.9956145882606506,0.004385373555123806,0.02266967110335827,0.999113142490387,0.8483836054801941,0.8480846881866455
171.0,0.0,0.9931470155715942,0.006853136699646711,0.04240624979138374,0.9987724423408508,0.8871243596076965,0.8872332572937012,0.9955162405967712,0.004483600612729788,0.01124690379947424,0.9990186095237732,0.7708944082260132,0.7701759338378906
171.0,1.0,0.9930797815322876,0.006920424290001392,0.03660081326961517,0.9987955689430237,0.8158988356590271,0.8158766627311707,0.9951102137565613,0.00488934526219964,0.03471089527010918,0.9988977909088135,0.992247462272644,0.9920887351036072
171.0,2.0,0.9953057169914246,0.004694400355219841,0.02587291970849037,0.9989240765571594,0.8815253973007202,0.8812147378921509,0.9845789670944214,0.015420890413224697,0.09121261537075043,0.9982791543006897,0.7663936018943787,0.7676926255226135
171.0,3.0,0.9933121204376221,0.006688201334327459,0.03691880404949188,0.9988584518432617,0.8609760999679565,0.8609246015548706,0.9950419068336487,0.004958254285156727,0.03235399350523949,0.9986660480499268,0.8748939037322998,0.8747971057891846
171.0,4.0,0.9931697845458984,0.0068308827467262745,0.03918004035949707,0.9987549185752869,0.8670175671577454,0.8670129776000977,0.9956143498420715,0.004385344218462706,0.022669717669487,0.9991133213043213,0.848383367061615,0.8480849862098694
172.0,0.0,0.9931471943855286,0.006853141821920872,0.04241437837481499,0.9987727999687195,0.8871240019798279,0.8872339725494385,0.9955163598060608,0.004483547527343035,0.011246887966990471,0.9990187883377075,0.7708932757377625,0.7701753377914429
172.0,1.0,0.9930795431137085,0.006920400075614452,0.03659765422344208,0.9987965226173401,0.8158988356590271,0.8158770203590393,0.9951109886169434,0.004889393225312233,0.034710656851530075,0.9988976120948792,0.9922479391098022,0.9920889139175415
172.0,2.0,0.9953063726425171,0.004694459028542042,0.025865735486149788,0.9989240765571594,0.8815259337425232,0.8812151551246643,0.9845790863037109,0.015420844778418541,0.09121023863554001,0.9982789754867554,0.7663935422897339,0.7676922678947449
172.0,3.0,0.9933122396469116,0.006688212510198355,0.03690776601433754,0.9988579750061035,0.8609758615493774,0.8609251976013184,0.9950419068336487,0.00495820352807641,0.032353565096855164,0.9986662864685059,0.8748936057090759,0.874796986579895
172.0,4.0,0.9931693077087402,0.006830880418419838,0.039176326245069504,0.9987569451332092,0.8670174479484558,0.8670144081115723,0.9956149458885193,0.004385246895253658,0.02265356108546257,0.9991132616996765,0.8483836054801941,0.8480852842330933
173.0,0.0,0.993147075176239,0.006853144615888596,0.042418718338012695,0.9987730383872986,0.8871251940727234,0.8872339725494385,0.995516300201416,0.004483591299504042,0.011246803216636181,0.9990189075469971,0.7708942294120789,0.7701759338378906
173.0,1.0,0.9930792450904846,0.006920421030372381,0.03659721091389656,0.998795747756958,0.8158984184265137,0.815875768661499,0.9951102137565613,0.004889366682618856,0.034699685871601105,0.9988971948623657,0.9922475218772888,0.9920888543128967
173.0,2.0,0.9953057169914246,0.00469449395313859,0.025865737348794937,0.9989243745803833,0.8815263509750366,0.8812144994735718,0.9845790863037109,0.015420823357999325,0.09118783473968506,0.9982790946960449,0.7663918137550354,0.7676913142204285
173.0,3.0,0.9933121800422668,0.006688217166811228,0.03691503033041954,0.9988583922386169,0.8609760403633118,0.8609259128570557,0.9950416684150696,0.0049581993371248245,0.03235356882214546,0.9986662864685059,0.8748967051506042,0.8747988343238831
173.0,4.0,0.9931695461273193,0.006830855272710323,0.039180196821689606,0.9987558722496033,0.8670176863670349,0.8670134544372559,0.9956146478652954,0.004385279957205057,0.02265351265668869,0.9991135597229004,0.8483834862709045,0.8480850458145142
174.0,0.0,0.9931467771530151,0.006853143684566021,0.04241812974214554,0.9987737536430359,0.8871259689331055,0.8872342705726624,0.995516300201416,0.004483689554035664,0.011246959678828716,0.9990187883377075,0.7708938121795654,0.7701753377914429
174.0,1.0,0.9930806159973145,0.0069204214960336685,0.036597300320863724,0.9987956285476685,0.8158994317054749,0.8158764243125916,0.9951106309890747,0.004889373667538166,0.0347108356654644,0.9988970756530762,0.9922471642494202,0.9920879602432251
174.0,2.0,0.9953056573867798,0.0046944525092840195,0.025865674018859863,0.9989246129989624,0.8815253973007202,0.8812155723571777,0.9845789670944214,0.015420795418322086,0.09121229499578476,0.9982789754867554,0.7663931250572205,0.7676916718482971
174.0,3.0,0.993311882019043,0.006688222289085388,0.036915816366672516,0.9988585710525513,0.8609763383865356,0.8609252572059631,0.9950416684150696,0.004958157427608967,0.032353855669498444,0.998665452003479,0.874893307685852,0.874796986579895
174.0,4.0,0.9931694865226746,0.006830907892435789,0.03917638957500458,0.998756468296051,0.8670177459716797,0.8670141100883484,0.995614230632782,0.004385305102914572,0.02265358157455921,0.9991129040718079,0.8483830094337463,0.8480841517448425
175.0,0.0,0.9931471347808838,0.006853148341178894,0.04241058975458145,0.9987732172012329,0.8871261477470398,0.8872343897819519,0.9955158829689026,0.004483599681407213,0.011246738955378532,0.9990188479423523,0.7708941698074341,0.7701760530471802
175.0,1.0,0.9930791854858398,0.0069204289466142654,0.03659714385867119,0.9987955689430237,0.8158986568450928,0.8158754706382751,0.9951114058494568,0.004889357835054398,0.03469965234398842,0.9988973736763,0.9922478199005127,0.9920888543128967
175.0,2.0,0.9953049421310425,0.004694460425525904,0.02586214616894722,0.9989240765571594,0.8815262913703918,0.8812153935432434,0.9845794439315796,0.015420835465192795,0.0911710187792778,0.998278796672821,0.7663931846618652,0.7676916122436523
175.0,3.0,0.993311882019043,0.006688199006021023,0.036918945610523224,0.9988582730293274,0.8609768152236938,0.8609251976013184,0.9950414896011353,0.0049582114443182945,0.032353468239307404,0.9986660480499268,0.8748936653137207,0.8747971057891846
175.0,4.0,0.9931694865226746,0.0068308631889522076,0.039187006652355194,0.9987563490867615,0.8670173287391663,0.8670135140419006,0.9956148266792297,0.0043853409588336945,0.022653691470623016,0.9991132020950317,0.8483832478523254,0.8480848073959351
176.0,0.0,0.9931467771530151,0.006853162776678801,0.04240298271179199,0.9987740516662598,0.8871254920959473,0.8872337341308594,0.9955161809921265,0.004483633674681187,0.011246821843087673,0.9990187287330627,0.7708936929702759,0.7701756954193115
176.0,1.0,0.9930806756019592,0.006920399144291878,0.03659724444150925,0.9987960457801819,0.8158982992172241,0.815876841545105,0.9951103925704956,0.004889368545264006,0.03469962999224663,0.9988976716995239,0.9922490119934082,0.9920903444290161
176.0,2.0,0.9953054189682007,0.0046944464556872845,0.025872763246297836,0.9989238977432251,0.8815253376960754,0.8812152147293091,0.9845789074897766,0.015420920215547085,0.09119033068418503,0.9982789158821106,0.76639324426651,0.7676922082901001
176.0,3.0,0.9933122992515564,0.00668821856379509,0.03691995516419411,0.9988584518432617,0.8609766364097595,0.8609253168106079,0.9950419664382935,0.0049582356587052345,0.03235369920730591,0.998665988445282,0.8748937249183655,0.874796986579895
176.0,4.0,0.9931696653366089,0.006830895319581032,0.03917676955461502,0.9987566471099854,0.8670175075531006,0.8670142292976379,0.9956144690513611,0.0043853032402694225,0.022669676691293716,0.9991132616996765,0.8483833074569702,0.8480850458145142
177.0,0.0,0.9931465983390808,0.006853141821920872,0.042418498545885086,0.9987730979919434,0.8871249556541443,0.8872339725494385,0.995515763759613,0.004483621101826429,0.011246750131249428,0.9990190267562866,0.7708943486213684,0.7701760530471802
177.0,1.0,0.9930803179740906,0.006920421961694956,0.03658869117498398,0.9987958073616028,0.8158978819847107,0.8158760666847229,0.9951103329658508,0.004889325704425573,0.0347105972468853,0.9988970756530762,0.9922472238540649,0.9920895099639893
177.0,2.0,0.9953053593635559,0.004694479983299971,0.025872813537716866,0.9989237189292908,0.8815258741378784,0.8812158703804016,0.9845789074897766,0.01542083453387022,0.09117096662521362,0.9982786178588867,0.7663935422897339,0.7676914930343628
177.0,3.0,0.9933121800422668,0.006688227877020836,0.03692304342985153,0.9988583326339722,0.8609760403633118,0.8609252572059631,0.9950419664382935,0.004958196543157101,0.032353561371564865,0.9986663460731506,0.8748959898948669,0.8747982382774353
177.0,4.0,0.993169367313385,0.006830907426774502,0.039183229207992554,0.998755931854248,0.8670174479484558,0.8670134544372559,0.9956147074699402,0.004385268781334162,0.02265363372862339,0.999113142490387,0.8483837246894836,0.8480846881866455
178.0,0.0,0.9931472539901733,0.00685314042493701,0.04240678995847702,0.9987735748291016,0.8871260285377502,0.8872344493865967,0.9955162405967712,0.004483599681407213,0.011246792040765285,0.9990187883377075,0.7708935737609863,0.7701761722564697
178.0,1.0,0.9930801391601562,0.006920406594872475,0.036596380174160004,0.9987961053848267,0.8158984184265137,0.815875768661499,0.9951106309890747,0.004889349918812513,0.034688450396060944,0.9988964796066284,0.9922469258308411,0.9920885562896729
178.0,2.0,0.9953051209449768,0.004694465082138777,0.025869373232126236,0.9989238977432251,0.8815253973007202,0.8812142610549927,0.9845789074897766,0.015420789830386639,0.0911899283528328,0.9982790946960449,0.7663933634757996,0.7676914930343628
178.0,3.0,0.9933125376701355,0.006688200868666172,0.0369124636054039,0.9988588690757751,0.860975444316864,0.8609256744384766,0.9950419068336487,0.004958184901624918,0.03235354274511337,0.9986660480499268,0.8748945593833923,0.8747973442077637
178.0,4.0,0.9931703805923462,0.006830892525613308,0.039187923073768616,0.9987560510635376,0.8670176267623901,0.8670134544372559,0.9956147074699402,0.004385229665786028,0.022669659927487373,0.9991130828857422,0.8483833074569702,0.8480849862098694
179.0,0.0,0.9931467771530151,0.00685314042493701,0.04241049662232399,0.9987729787826538,0.8871252536773682,0.887234091758728,0.9955160617828369,0.004483635071665049,0.011246715672314167,0.9990187883377075,0.7708929181098938,0.7701750993728638
179.0,1.0,0.9930803179740906,0.00692046107724309,0.03659714758396149,0.9987956285476685,0.8158991932868958,0.8158762454986572,0.9951109290122986,0.0048893210478127,0.03468843922019005,0.9988974928855896,0.9922494292259216,0.9920892119407654
179.0,2.0,0.995306134223938,0.004694437608122826,0.025865694507956505,0.998923659324646,0.8815261125564575,0.8812151551246643,0.9845789670944214,0.015420719981193542,0.09119269251823425,0.9982786178588867,0.7663918137550354,0.7676904797554016
179.0,3.0,0.9933121800422668,0.006688211113214493,0.03691525012254715,0.9988588690757751,0.860975980758667,0.8609253764152527,0.9950416088104248,0.004958164878189564,0.03235375136137009,0.998665988445282,0.8748952150344849,0.8747973442077637
179.0,4.0,0.9931696057319641,0.006830890662968159,0.039186883717775345,0.9987560510635376,0.8670171499252319,0.8670142292976379,0.9956147074699402,0.004385299049317837,0.022653579711914062,0.9991132020950317,0.8483834266662598,0.8480842709541321
180.0,0.0,0.9931473731994629,0.006853120401501656,0.04241375997662544,0.9987733364105225,0.8871247172355652,0.8872337341308594,0.995516300201416,0.004483677912503481,0.011246898211538792,0.999018669128418,0.7708939909934998,0.7701762914657593
180.0,1.0,0.993079423904419,0.006920455023646355,0.03658831864595413,0.9987965226173401,0.8158984184265137,0.8158765435218811,0.9951111078262329,0.004889303352683783,0.03469954431056976,0.9988968968391418,0.9922488331794739,0.9920888543128967
180.0,2.0,0.9953058362007141,0.004694453906267881,0.02586573176085949,0.9989250898361206,0.8815253973007202,0.8812152147293091,0.9845789074897766,0.015420905314385891,0.09118808060884476,0.9982790946960449,0.7663931250572205,0.7676922082901001
180.0,3.0,0.9933125376701355,0.006688176188617945,0.036911509931087494,0.9988584518432617,0.8609763979911804,0.860925018787384,0.9950414299964905,0.004958192352205515,0.03235383331775665,0.9986664056777954,0.8748957514762878,0.8747979402542114
180.0,4.0,0.993169367313385,0.006830865517258644,0.03918438032269478,0.9987564086914062,0.8670178055763245,0.8670139312744141,0.9956146478652954,0.00438532792031765,0.022653736174106598,0.9991130828857422,0.8483836650848389,0.8480848670005798
181.0,0.0,0.9931467175483704,0.006853110156953335,0.04241444915533066,0.9987728595733643,0.8871259093284607,0.8872343897819519,0.9955157041549683,0.004483603406697512,0.011246781796216965,0.999018669128418,0.7708931565284729,0.7701755166053772
181.0,1.0,0.9930795431137085,0.006920420099049807,0.03659295290708542,0.998795211315155,0.8158988356590271,0.815875768661499,0.9951109290122986,0.004889288451522589,0.03469962999224663,0.9988977909088135,0.992247462272644,0.9920875430107117
181.0,2.0,0.995306134223938,0.004694427363574505,0.025869356468319893,0.998924195766449,0.8815258741378784,0.88121497631073,0.9845789670944214,0.015420896001160145,0.09119034558534622,0.9982789754867554,0.76639324426651,0.7676922678947449
181.0,3.0,0.993311882019043,0.0066882348619401455,0.036912593990564346,0.9988588690757751,0.860975980758667,0.8609254360198975,0.9950414896011353,0.004958149511367083,0.032353829592466354,0.9986656904220581,0.8748957514762878,0.8747976422309875
181.0,4.0,0.9931701421737671,0.006830871105194092,0.03918400779366493,0.9987563490867615,0.8670181035995483,0.8670144081115723,0.9956149458885193,0.004385281354188919,0.022669585421681404,0.9991132616996765,0.8483834266662598,0.8480846881866455
182.0,0.0,0.9931470155715942,0.0068531399592757225,0.04241850972175598,0.998773992061615,0.8871254920959473,0.8872337937355042,0.9955161809921265,0.004483625292778015,0.01124672032892704,0.999018669128418,0.7708929181098938,0.7701750993728638
182.0,1.0,0.9930799603462219,0.006920383311808109,0.03659353032708168,0.9987958073616028,0.8158991932868958,0.8158772587776184,0.9951109886169434,0.004889330826699734,0.03468853980302811,0.9988968968391418,0.9922469258308411,0.9920887351036072
182.0,2.0,0.9953058362007141,0.004694441799074411,0.02586216665804386,0.9989235997200012,0.8815250992774963,0.8812146782875061,0.9845789074897766,0.015420934185385704,0.09120936691761017,0.9982793927192688,0.7663936018943787,0.7676922082901001
182.0,3.0,0.9933122396469116,0.006688241846859455,0.03691905736923218,0.9988588094711304,0.8609758019447327,0.8609262704849243,0.9950416088104248,0.004958190489560366,0.03235384076833725,0.9986663460731506,0.8748948574066162,0.8747976422309875
182.0,4.0,0.9931687116622925,0.006830894388258457,0.039180319756269455,0.9987564086914062,0.8670164346694946,0.8670139908790588,0.9956143498420715,0.004385438747704029,0.02266957238316536,0.9991133213043213,0.8483831286430359,0.8480843305587769
183.0,0.0,0.9931477308273315,0.006853147875517607,0.042414892464876175,0.9987725615501404,0.8871251940727234,0.8872337937355042,0.9955164194107056,0.004483616910874844,0.011246861889958382,0.9990186095237732,0.7708922028541565,0.7701749801635742
183.0,1.0,0.9930800795555115,0.006920430809259415,0.036593593657016754,0.9987958073616028,0.8158987164497375,0.815875232219696,0.9951106309890747,0.004889342468231916,0.03468858078122139,0.9988971948623657,0.9922487139701843,0.992089033126831
183.0,2.0,0.9953058362007141,0.004694465547800064,0.02586572989821434,0.998924195766449,0.8815251588821411,0.8812148571014404,0.9845789670944214,0.015420953743159771,0.09120938181877136,0.9982786178588867,0.7663933634757996,0.7676916122436523
183.0,3.0,0.9933120608329773,0.006688273977488279,0.036919377744197845,0.9988576173782349,0.8609759211540222,0.8609259128570557,0.9950420260429382,0.004958151839673519,0.03235330060124397,0.9986663460731506,0.8748947978019714,0.8747981190681458
183.0,4.0,0.9931697845458984,0.006830906495451927,0.03918756544589996,0.9987559914588928,0.8670171499252319,0.8670139908790588,0.9956148266792297,0.004385323729366064,0.02265375852584839,0.9991132020950317,0.8483837842941284,0.8480849266052246
184.0,0.0,0.9931471943855286,0.006853151135146618,0.04241476207971573,0.9987726807594299,0.8871256113052368,0.8872341513633728,0.9955158829689026,0.004483672324568033,0.011246914975345135,0.999018669128418,0.7708924412727356,0.7701750993728638
184.0,1.0,0.9930792450904846,0.006920406594872475,0.036592356860637665,0.9987958073616028,0.8158987164497375,0.8158764839172363,0.995110809803009,0.004889362026005983,0.03471067547798157,0.9988969564437866,0.99224853515625,0.9920889139175415
184.0,2.0,0.9953058362007141,0.004694477654993534,0.025869224220514297,0.9989240169525146,0.8815250396728516,0.8812151551246643,0.9845788478851318,0.01542091928422451,0.09120714664459229,0.9982786178588867,0.76639324426651,0.7676925659179688
184.0,3.0,0.9933125972747803,0.006688256748020649,0.03692258149385452,0.9988579750061035,0.8609749674797058,0.860925018787384,0.9950417280197144,0.004958161618560553,0.03235352411866188,0.9986666440963745,0.8748957514762878,0.8747979402542114
184.0,4.0,0.9931707382202148,0.006830910220742226,0.03919072821736336,0.9987569451332092,0.8670175075531006,0.8670138716697693,0.9956144690513611,0.004385300446301699,0.022653833031654358,0.9991125464439392,0.8483837842941284,0.8480848670005798
185.0,0.0,0.9931465983390808,0.006853160448372364,0.04241767153143883,0.9987733364105225,0.8871243000030518,0.8872352242469788,0.995515763759613,0.004483647644519806,0.011246750131249428,0.9990186095237732,0.7708920836448669,0.7701752781867981
185.0,1.0,0.9930804967880249,0.006920430809259415,0.03659664839506149,0.9987958669662476,0.8158985376358032,0.8158758878707886,0.9951112270355225,0.004889302421361208,0.03469957411289215,0.9988969564437866,0.992247462272644,0.9920891523361206
185.0,2.0,0.9953065514564514,0.00469446275383234,0.02587282285094261,0.9989243149757385,0.8815250396728516,0.8812152743339539,0.9845790863037109,0.015420893207192421,0.09118793159723282,0.998278796672821,0.7663931846618652,0.7676922678947449
185.0,3.0,0.9933122992515564,0.006688207853585482,0.03691932186484337,0.9988574981689453,0.8609764575958252,0.8609252572059631,0.9950416684150696,0.004958222154527903,0.032353345304727554,0.9986658096313477,0.8748939633369446,0.8747971057891846
185.0,4.0,0.9931696653366089,0.006830910686403513,0.03918337821960449,0.9987553954124451,0.8670176863670349,0.8670130372047424,0.9956145882606506,0.004385408014059067,0.0226534903049469,0.9991134405136108,0.8483836054801941,0.8480845093727112
186.0,0.0,0.9931460618972778,0.006853154394775629,0.042409930378198624,0.9987727999687195,0.8871248364448547,0.8872343897819519,0.9955162405967712,0.004483611322939396,0.011246778070926666,0.9990187287330627,0.7708931565284729,0.770175576210022
186.0,1.0,0.9930795431137085,0.0069204047322273254,0.0365922674536705,0.9987951517105103,0.8158980011940002,0.8158754706382751,0.9951100945472717,0.0048892805352807045,0.03468843176960945,0.9988969564437866,0.9922482371330261,0.992088258266449
186.0,2.0,0.9953053593635559,0.004694443196058273,0.025862151756882668,0.9989237189292908,0.881525456905365,0.881214439868927,0.98457932472229,0.015420799143612385,0.0911874994635582,0.9982789754867554,0.7663935422897339,0.7676924467086792
186.0,3.0,0.9933120012283325,0.006688195746392012,0.036911491304636,0.9988584518432617,0.860975444316864,0.8609253764152527,0.9950419664382935,0.004958194214850664,0.03235381469130516,0.9986656308174133,0.874894917011261,0.8747974634170532
186.0,4.0,0.9931693077087402,0.006830865517258644,0.039175890386104584,0.9987547993659973,0.8670172095298767,0.8670139908790588,0.9956145882606506,0.00438528461381793,0.022669680416584015,0.9991136193275452,0.8483836054801941,0.8480848073959351
187.0,0.0,0.9931467175483704,0.006853110156953335,0.04241801053285599,0.9987726807594299,0.8871239423751831,0.8872334957122803,0.9955159425735474,0.0044836015440523624,0.01124685350805521,0.9990188479423523,0.7708942294120789,0.7701758742332458
187.0,1.0,0.993080198764801,0.006920423358678818,0.036592915654182434,0.9987955093383789,0.8158994913101196,0.8158761262893677,0.9951109886169434,0.004889278672635555,0.03471067547798157,0.9988973736763,0.9922477602958679,0.9920887351036072
187.0,2.0,0.9953058362007141,0.004694427363574505,0.02586573362350464,0.998924195766449,0.8815262317657471,0.8812149167060852,0.9845791459083557,0.015420924872159958,0.09119031578302383,0.998278796672821,0.76639324426651,0.7676916718482971
187.0,3.0,0.9933117032051086,0.0066881803795695305,0.03691530227661133,0.9988583326339722,0.8609762191772461,0.860924243927002,0.9950416684150696,0.0049581765197217464,0.03235345333814621,0.9986656904220581,0.8748946189880371,0.8747970461845398
187.0,4.0,0.9931693077087402,0.006830859929323196,0.03918003663420677,0.9987547993659973,0.8670176863670349,0.8670137524604797,0.9956148266792297,0.0043853153474628925,0.022653713822364807,0.999113142490387,0.8483833074569702,0.8480848670005798
188.0,0.0,0.9931470155715942,0.00685312133282423,0.04241053760051727,0.9987732172012329,0.8871251344680786,0.8872343897819519,0.9955162405967712,0.0044835517182946205,0.011246824637055397,0.999018669128418,0.7708939909934998,0.7701760530471802
188.0,1.0,0.9930803775787354,0.006920400075614452,0.03659294918179512,0.9987952709197998,0.815898597240448,0.8158763647079468,0.9951106309890747,0.004889335948973894,0.03468824550509453,0.9988973736763,0.9922488331794739,0.992089033126831
188.0,2.0,0.9953061938285828,0.00469445763155818,0.025865662842988968,0.998923122882843,0.8815266489982605,0.8812150955200195,0.9845789670944214,0.015420905314385891,0.09119077026844025,0.998279333114624,0.7663919925689697,0.7676910161972046
188.0,3.0,0.993311882019043,0.006688245106488466,0.03691931813955307,0.9988588690757751,0.8609769344329834,0.8609257936477661,0.9950419068336487,0.004958170931786299,0.03235350176692009,0.9986660480499268,0.8748958110809326,0.8747972846031189
188.0,4.0,0.9931698441505432,0.006830912549048662,0.03918054699897766,0.9987565875053406,0.8670177459716797,0.8670138120651245,0.9956145882606506,0.004385259002447128,0.022653628140687943,0.9991132616996765,0.8483834862709045,0.8480848670005798
189.0,0.0,0.9931466579437256,0.006853174883872271,0.04241006076335907,0.9987733364105225,0.8871263861656189,0.8872344493865967,0.9955159425735474,0.004483662545681,0.01124679483473301,0.9990190267562866,0.7708941698074341,0.7701759338378906
189.0,1.0,0.993079662322998,0.006920424290001392,0.03659338876605034,0.9987964630126953,0.8158990144729614,0.8158761858940125,0.9951103329658508,0.004889385309070349,0.03467719629406929,0.998897910118103,0.9922495484352112,0.9920889139175415
189.0,2.0,0.9953058362007141,0.004694447852671146,0.02586565539240837,0.9989241361618042,0.8815267086029053,0.8812145590782166,0.9845792651176453,0.015420868061482906,0.0911901518702507,0.9982789754867554,0.7663938999176025,0.7676914930343628
189.0,3.0,0.9933127164840698,0.006688223220407963,0.03691943734884262,0.9988579154014587,0.8609763979911804,0.8609247803688049,0.995042085647583,0.0049581388011574745,0.03235308453440666,0.9986663460731506,0.8748952746391296,0.8747972846031189
189.0,4.0,0.9931687712669373,0.006830896716564894,0.03918381780385971,0.9987554550170898,0.8670175075531006,0.8670132756233215,0.9956145882606506,0.004385316278785467,0.022653749212622643,0.9991129040718079,0.8483837246894836,0.8480848670005798
190.0,0.0,0.9931471943855286,0.0068531581200659275,0.04241051897406578,0.9987733364105225,0.8871265053749084,0.8872341513633728,0.9955160617828369,0.004483597818762064,0.011246786452829838,0.9990182518959045,0.7708933353424072,0.770175576210022
190.0,1.0,0.9930791258811951,0.006920468062162399,0.03659239783883095,0.9987960457801819,0.8158994317054749,0.8158751726150513,0.995110809803009,0.004889363888651133,0.03468852490186691,0.9988973140716553,0.9922483563423157,0.9920883178710938
190.0,2.0,0.9953058362007141,0.004694475792348385,0.025865700095891953,0.9989239573478699,0.8815265893936157,0.8812152743339539,0.9845791459083557,0.015420956537127495,0.0912068784236908,0.9982790946960449,0.7663936018943787,0.7676923871040344
190.0,3.0,0.9933121800422668,0.006688226945698261,0.03692317381501198,0.9988582134246826,0.8609766364097595,0.8609254956245422,0.9950416684150696,0.00495817931368947,0.03235360234975815,0.9986665844917297,0.8748970627784729,0.8747990131378174
190.0,4.0,0.9931695461273193,0.006830891594290733,0.039188094437122345,0.9987558722496033,0.8670169115066528,0.8670132160186768,0.9956144690513611,0.004385278094559908,0.022669721394777298,0.9991128444671631,0.8483832478523254,0.8480848073959351
191.0,0.0,0.9931467175483704,0.006853162776678801,0.042414385825395584,0.9987736344337463,0.8871252536773682,0.8872349858283997,0.9955161809921265,0.004483640659600496,0.0112468795850873,0.999018132686615,0.7708921432495117,0.7701746225357056
191.0,1.0,0.9930793642997742,0.006920426152646542,0.03659656271338463,0.9987949728965759,0.8158978819847107,0.8158761262893677,0.9951105117797852,0.004889349453151226,0.034699730575084686,0.9988973140716553,0.9922466278076172,0.9920881390571594
191.0,2.0,0.9953052997589111,0.004694474395364523,0.025862207636237144,0.998924195766449,0.8815249800682068,0.8812149167060852,0.9845789670944214,0.015420928597450256,0.09121038019657135,0.9982789158821106,0.7663930058479309,0.7676920294761658
191.0,3.0,0.9933115243911743,0.006688249763101339,0.03691535070538521,0.9988581538200378,0.8609762191772461,0.8609258532524109,0.9950417876243591,0.004958170000463724,0.0323537215590477,0.9986667037010193,0.8748955130577087,0.874798059463501
191.0,4.0,0.9931690096855164,0.006830920930951834,0.03918696939945221,0.9987560510635376,0.8670173287391663,0.8670134544372559,0.9956147074699402,0.004385322332382202,0.022653549909591675,0.9991132020950317,0.8483834862709045,0.8480846881866455
192.0,0.0,0.9931465983390808,0.006853162311017513,0.04241379722952843,0.998774528503418,0.8871256709098816,0.8872336149215698,0.9955161213874817,0.004483639262616634,0.011246881447732449,0.9990185499191284,0.7708932161331177,0.7701748609542847
192.0,1.0,0.9930803775787354,0.006920431740581989,0.03659242391586304,0.9987961649894714,0.8158989548683167,0.8158759474754333,0.9951112270355225,0.004889403935521841,0.03469966724514961,0.9988976716995239,0.9922491312026978,0.9920889139175415
192.0,2.0,0.9953059554100037,0.004694509319961071,0.025865759700536728,0.9989237189292908,0.8815256953239441,0.8812147974967957,0.9845791459083557,0.015420850366353989,0.09119053184986115,0.998278796672821,0.766392171382904,0.7676914930343628
192.0,3.0,0.993313193321228,0.006688206922262907,0.036911528557538986,0.9988582134246826,0.8609752655029297,0.8609252572059631,0.9950420260429382,0.004958203993737698,0.032353490591049194,0.9986658096313477,0.8748956322669983,0.874798059463501
192.0,4.0,0.9931691884994507,0.006830871570855379,0.039183732122182846,0.9987563490867615,0.8670173287391663,0.8670133352279663,0.9956150650978088,0.004385218024253845,0.02265349216759205,0.9991129040718079,0.8483836054801941,0.8480848073959351
193.0,0.0,0.9931467771530151,0.006853163242340088,0.04241487383842468,0.9987730979919434,0.8871256709098816,0.887234628200531,0.9955161809921265,0.004483615048229694,0.01124673429876566,0.9990184307098389,0.7708929181098938,0.7701749205589294
193.0,1.0,0.9930801391601562,0.006920408923178911,0.03659307584166527,0.9987955689430237,0.8158980011940002,0.8158758282661438,0.9951106309890747,0.004889319185167551,0.03468835726380348,0.9988973140716553,0.9922479391098022,0.9920884370803833
193.0,2.0,0.9953054189682007,0.004694459028542042,0.025862159207463264,0.9989238977432251,0.8815261125564575,0.8812147378921509,0.9845788478851318,0.015420856885612011,0.09120917320251465,0.9982790946960449,0.7663930058479309,0.7676924467086792
193.0,3.0,0.9933120608329773,0.006688220892101526,0.03691554069519043,0.9988581538200378,0.860975444316864,0.8609248399734497,0.9950417280197144,0.004958181641995907,0.03235369175672531,0.9986662268638611,0.8748946189880371,0.8747976422309875
193.0,4.0,0.9931696057319641,0.006830888334661722,0.03917944058775902,0.9987567663192749,0.867017924785614,0.8670143485069275,0.995614767074585,0.004385332111269236,0.02265360951423645,0.9991134405136108,0.8483836650848389,0.8480848670005798
194.0,0.0,0.9931474328041077,0.006853155326098204,0.04240654036402702,0.9987741112709045,0.8871262073516846,0.8872344493865967,0.9955161809921265,0.0044836122542619705,0.011246725916862488,0.9990188479423523,0.7708932161331177,0.7701756358146667
194.0,1.0,0.9930803179740906,0.006920392159372568,0.036589253693819046,0.998795747756958,0.8158993124961853,0.8158763647079468,0.9951106309890747,0.004889301490038633,0.03471041098237038,0.9988976716995239,0.9922494292259216,0.9920889139175415
194.0,2.0,0.995306134223938,0.004694461356848478,0.025869134813547134,0.998924195766449,0.8815258145332336,0.8812142610549927,0.9845790863037109,0.015420799143612385,0.09117034822702408,0.9982789754867554,0.7663934230804443,0.7676922082901001
194.0,3.0,0.9933115243911743,0.006688195746392012,0.03691551834344864,0.9988580942153931,0.8609766364097595,0.8609249591827393,0.9950419664382935,0.004958143923431635,0.03235328942537308,0.9986656308174133,0.8748942017555237,0.8747967481613159
194.0,4.0,0.993170976638794,0.006830855738371611,0.039179932326078415,0.9987555146217346,0.8670180439949036,0.8670133352279663,0.9956144094467163,0.004385310225188732,0.022653603926301003,0.9991132616996765,0.848383367061615,0.8480852246284485
195.0,0.0,0.9931466579437256,0.006853143218904734,0.04241042211651802,0.9987731575965881,0.8871258497238159,0.8872341513633728,0.9955161809921265,0.004483608994632959,0.011246699839830399,0.9990189075469971,0.7708939909934998,0.7701761722564697
195.0,1.0,0.993079662322998,0.006920391693711281,0.036592207849025726,0.998795747756958,0.8158980011940002,0.815875232219696,0.995110809803009,0.004889320582151413,0.03469966724514961,0.9988971948623657,0.9922486543655396,0.9920883178710938
195.0,2.0,0.995306134223938,0.004694456700235605,0.025865629315376282,0.998924195766449,0.8815263509750366,0.8812146186828613,0.9845789074897766,0.01542094349861145,0.09120641648769379,0.9982793927192688,0.7663933634757996,0.7676922082901001
195.0,3.0,0.9933122992515564,0.006688196212053299,0.03691931441426277,0.9988583326339722,0.8609773516654968,0.8609258532524109,0.9950416088104248,0.0049581159837543964,0.03235379979014397,0.9986653923988342,0.8748936653137207,0.8747971653938293
195.0,4.0,0.9931690096855164,0.006830873433500528,0.03919164836406708,0.9987564086914062,0.8670182228088379,0.8670136332511902,0.9956151247024536,0.004385294858366251,0.022669659927487373,0.9991132616996765,0.848383367061615,0.848084568977356
196.0,0.0,0.9931465983390808,0.006853086873888969,0.042414113879203796,0.9987736940383911,0.8871262669563293,0.8872331976890564,0.9955161809921265,0.004483609460294247,0.011246681213378906,0.9990189075469971,0.7708950042724609,0.770176351070404
196.0,1.0,0.9930792450904846,0.006920346990227699,0.03659705072641373,0.9987954497337341,0.8158981800079346,0.8158761858940125,0.9951106905937195,0.004889373201876879,0.034710466861724854,0.9988976716995239,0.9922484159469604,0.992089033126831
196.0,2.0,0.9953058958053589,0.00469445064663887,0.025872720405459404,0.9989243149757385,0.8815259337425232,0.8812147378921509,0.9845792651176453,0.015420816838741302,0.09120946377515793,0.9982783794403076,0.7663916945457458,0.7676905393600464
196.0,3.0,0.993311882019043,0.006688221357762814,0.03691885992884636,0.9988583326339722,0.8609763383865356,0.8609247803688049,0.9950416088104248,0.0049581644125282764,0.032353341579437256,0.9986655116081238,0.8748948574066162,0.8747975826263428
196.0,4.0,0.9931696057319641,0.006830873433500528,0.03918322175741196,0.998755693435669,0.8670177459716797,0.8670139908790588,0.9956147074699402,0.004385299049317837,0.0226537324488163,0.9991134405136108,0.8483834266662598,0.8480849266052246
197.0,0.0,0.9931473135948181,0.006853120867162943,0.04241420328617096,0.9987738728523254,0.8871256113052368,0.8872341513633728,0.9955161213874817,0.004483578726649284,0.011246775276958942,0.9990184903144836,0.7708919644355774,0.7701746821403503
197.0,1.0,0.9930803179740906,0.006920433137565851,0.03659285232424736,0.9987955093383789,0.8158982396125793,0.8158760666847229,0.9951112270355225,0.004889345727860928,0.03469938039779663,0.9988970756530762,0.9922487139701843,0.9920888543128967
197.0,2.0,0.995305597782135,0.0046944571658968925,0.025869181379675865,0.9989243745803833,0.8815263509750366,0.8812146186828613,0.9845787286758423,0.01542084664106369,0.09119024872779846,0.9982782006263733,0.7663933634757996,0.7676907181739807
197.0,3.0,0.9933124780654907,0.006688215304166079,0.03691928833723068,0.9988585710525513,0.8609764575958252,0.8609254360198975,0.9950420260429382,0.004958175588399172,0.03235353156924248,0.9986667037010193,0.8748970627784729,0.8747987151145935
197.0,4.0,0.993169367313385,0.006830871570855379,0.03918732702732086,0.9987565279006958,0.8670178055763245,0.8670145273208618,0.9956144094467163,0.004385332111269236,0.022653769701719284,0.9991132020950317,0.8483836650848389,0.8480848670005798
198.0,0.0,0.9931471347808838,0.006853145081549883,0.0424136184155941,0.9987732768058777,0.8871262073516846,0.8872352242469788,0.9955159425735474,0.004483639262616634,0.011246693320572376,0.9990188479423523,0.7708922028541565,0.7701749801635742
198.0,1.0,0.9930797815322876,0.00692043686285615,0.0365881621837616,0.9987952709197998,0.8158982992172241,0.8158765435218811,0.9951109886169434,0.004889330361038446,0.034710630774497986,0.9988973736763,0.9922480583190918,0.9920884370803833
198.0,2.0,0.995305597782135,0.004694485105574131,0.02586912363767624,0.9989240169525146,0.8815252184867859,0.8812152743339539,0.9845790863037109,0.015420842915773392,0.09118770807981491,0.9982789754867554,0.7663935422897339,0.7676916718482971
198.0,3.0,0.9933115839958191,0.006688237655907869,0.03691145405173302,0.998857855796814,0.8609758615493774,0.8609254956245422,0.9950422644615173,0.004958152770996094,0.03235359117388725,0.9986662864685059,0.8748958706855774,0.8747979998588562
198.0,4.0,0.9931690096855164,0.006830859929323196,0.03919042646884918,0.9987567067146301,0.8670173287391663,0.8670139312744141,0.9956146478652954,0.004385322332382202,0.02265358157455921,0.9991132020950317,0.8483834862709045,0.8480848073959351
199.0,0.0,0.9931463599205017,0.006853107828646898,0.04240592569112778,0.9987726211547852,0.8871249556541443,0.8872337341308594,0.9955159425735474,0.0044835954904556274,0.01124664954841137,0.9990181922912598,0.7708936333656311,0.770175576210022
199.0,1.0,0.9930803775787354,0.006920413579791784,0.0365922674536705,0.9987958669662476,0.8158979415893555,0.8158761262893677,0.995110809803009,0.004889281466603279,0.034710776060819626,0.9988976120948792,0.9922482371330261,0.992089033126831
199.0,2.0,0.9953063130378723,0.004694437608122826,0.025865579023957253,0.9989239573478699,0.8815264105796814,0.8812154531478882,0.9845789670944214,0.015420856885612011,0.09118781238794327,0.9982793927192688,0.7663931250572205,0.7676923871040344
199.0,3.0,0.9933117032051086,0.0066881971433758736,0.036918774247169495,0.9988582730293274,0.8609763979911804,0.8609251976013184,0.995042085647583,0.004958166740834713,0.03235320746898651,0.9986661076545715,0.8748955130577087,0.8747979998588562
199.0,4.0,0.9931697845458984,0.00683085760101676,0.039190519601106644,0.9987552762031555,0.8670176863670349,0.8670139312744141,0.9956151247024536,0.004385247360914946,0.022653525695204735,0.999113142490387,0.8483833074569702,0.8480848073959351
