epoch,fold,dice_train,loss_train,bce_train,accuracy_train,precision_train,f1_train,dice_test,loss_test,bce_test,accuracy_test,precision_test,f1_test
0.0,0.0,0.7373451590538025,0.2626548707485199,0.2428281456232071,0.9272257089614868,0.6256817579269409,0.6467896699905396,0.92699134349823,0.07300930470228195,0.04519563540816307,0.9876242876052856,0.7375890016555786,0.7733156681060791
0.0,1.0,0.9355400204658508,0.06445977836847305,0.11391615867614746,0.9898717999458313,0.7762723565101624,0.7730063199996948,0.9579564332962036,0.04204436019062996,0.024522623047232628,0.9939228892326355,0.7970201969146729,0.7811411619186401
0.0,2.0,0.9575634598731995,0.042436383664608,0.05558796972036362,0.993887722492218,0.7976579666137695,0.7962747812271118,0.9709817171096802,0.029018351808190346,0.014964846894145012,0.9962542057037354,0.7878608703613281,0.7862263917922974
0.0,3.0,0.971243679523468,0.028756780549883842,0.015554901212453842,0.9961127042770386,0.8049814701080322,0.8046218752861023,0.9762305617332458,0.02376904897391796,0.01161972340196371,0.9970312714576721,0.8016380667686462,0.8042194247245789
0.0,4.0,0.9759899377822876,0.024010933935642242,0.014435973949730396,0.9969494938850403,0.8039158582687378,0.8034114837646484,0.9810131788253784,0.018986772745847702,0.008724008686840534,0.9978342652320862,0.8337391018867493,0.8303720355033875
1.0,0.0,0.9535766839981079,0.04642363265156746,0.2096511870622635,0.9943186640739441,0.7914057374000549,0.783958911895752,0.9817124009132385,0.0182875394821167,0.007277398370206356,0.9983003735542297,0.829412043094635,0.8274511098861694
1.0,1.0,0.9808756113052368,0.019124580547213554,0.013974601402878761,0.9977638721466064,0.8151408433914185,0.8144875168800354,0.9837959408760071,0.0162038654088974,0.006993358489125967,0.9983305931091309,0.801323413848877,0.8040283918380737
1.0,2.0,0.9820669889450073,0.017934223636984825,0.009982123970985413,0.9980266094207764,0.8189623951911926,0.8172444105148315,0.9854123592376709,0.014587887562811375,0.009638371877372265,0.9984761476516724,0.801932692527771,0.7985291481018066
1.0,3.0,0.985446035861969,0.01455329917371273,0.00696835620328784,0.9986269474029541,0.8186081647872925,0.8170992732048035,0.9861829876899719,0.013816993683576584,0.006827498786151409,0.9986661076545715,0.8163295984268188,0.8124362230300903
1.0,4.0,0.9858511686325073,0.014149822294712067,0.0069148847833275795,0.998680055141449,0.8134305477142334,0.8120105862617493,0.982708752155304,0.017291512340307236,0.009547947905957699,0.9979244470596313,0.8394033908843994,0.8314158916473389
2.0,0.0,0.987669825553894,0.012330150231719017,0.006619312800467014,0.9987720847129822,0.8156230449676514,0.8144843578338623,0.9787483811378479,0.02125181071460247,0.008768508210778236,0.9989023208618164,0.8365632891654968,0.8339948058128357
2.0,1.0,0.9882663488388062,0.0117331026121974,0.008603964932262897,0.9988909363746643,0.8241868615150452,0.8223426342010498,0.990050196647644,0.009950127452611923,0.0046365694142878056,0.9991239309310913,0.8099104166030884,0.8096866607666016
2.0,2.0,0.988827109336853,0.011172669939696789,0.007199929561465979,0.9988921880722046,0.8247117400169373,0.8238315582275391,0.9883670210838318,0.011632745154201984,0.006606631446629763,0.9987673759460449,0.8093401789665222,0.8019853234291077
2.0,3.0,0.9907459616661072,0.009254899807274342,0.005009136628359556,0.9991451501846313,0.82347571849823,0.8225294351577759,0.9916941523551941,0.008305798284709454,0.00447799963876605,0.9992141127586365,0.8192386627197266,0.8179183602333069
2.0,4.0,0.9911149740219116,0.008885829709470272,0.005149262025952339,0.9991806149482727,0.8185372948646545,0.8174870610237122,0.9915055632591248,0.008494609966874123,0.004441150464117527,0.9992638230323792,0.8410831093788147,0.8393364548683167
3.0,0.0,0.9910199642181396,0.0089802835136652,0.00577996950596571,0.9991998672485352,0.8192536234855652,0.8178999423980713,0.9924426078796387,0.0075576165691018105,0.004793958738446236,0.9992918372154236,0.8388309478759766,0.8385950326919556
3.0,1.0,0.9922910332679749,0.007710068020969629,0.004727478604763746,0.9992784857749939,0.8268686532974243,0.825527012348175,0.9929134845733643,0.007087023463100195,0.0038041092921048403,0.9994090795516968,0.8123394846916199,0.8125896453857422
3.0,2.0,0.9925006628036499,0.0074998196214437485,0.004401964135468006,0.9993217587471008,0.8284313678741455,0.8271323442459106,0.9943925142288208,0.005607365630567074,0.003629673272371292,0.9994423389434814,0.8077735304832458,0.8074284791946411
3.0,3.0,0.9927884340286255,0.007212580181658268,0.0047879829071462154,0.9993072748184204,0.8255367875099182,0.8242868781089783,0.993419349193573,0.006580970250070095,0.004410493187606335,0.9993839859962463,0.8211495876312256,0.8193885087966919
3.0,4.0,0.9935727715492249,0.00642761355265975,0.004279428161680698,0.9994000196456909,0.8208025097846985,0.8195645213127136,0.9943153858184814,0.005684577859938145,0.0036083355080336332,0.9994515776634216,0.842967689037323,0.8418850302696228
4.0,0.0,0.9933139085769653,0.0066865612752735615,0.0057099079713225365,0.9993054270744324,0.8212464451789856,0.8197755813598633,0.9937551617622375,0.006245367228984833,0.004588263109326363,0.9994291663169861,0.8399108648300171,0.8402139544487
4.0,1.0,0.9947258830070496,0.005274688825011253,0.00404555955901742,0.999474287033081,0.8291314840316772,0.8278849720954895,0.994369387626648,0.0056313276290893555,0.0035955437924712896,0.9994977116584778,0.8153719902038574,0.8137218952178955
4.0,2.0,0.9943090081214905,0.005691487807780504,0.004067564383149147,0.999464750289917,0.8304259181022644,0.8291275501251221,0.9954144954681396,0.004585418850183487,0.0036684987135231495,0.9995363354682922,0.8083824515342712,0.8082552552223206
4.0,3.0,0.9951471090316772,0.004853472113609314,0.004009020980447531,0.9995144009590149,0.827549934387207,0.8264051079750061,0.9952569007873535,0.0047435699962079525,0.0033416994847357273,0.9995390176773071,0.8216913342475891,0.8210564255714417
4.0,4.0,0.9954238533973694,0.00457615964114666,0.003416846040636301,0.9995513558387756,0.8223528861999512,0.8213138580322266,0.9956488609313965,0.004351463634520769,0.0032875866163522005,0.9995585083961487,0.8445479273796082,0.843030571937561
5.0,0.0,0.9951842427253723,0.004816091153770685,0.0054733725264668465,0.999511182308197,0.8227551579475403,0.8215686082839966,0.9960411787033081,0.0039589605294167995,0.004588346462696791,0.9995584487915039,0.84278404712677,0.8418061137199402
5.0,1.0,0.9960164427757263,0.003983743023127317,0.0035843788646161556,0.9995808005332947,0.8299960494041443,0.8289206027984619,0.9960110783576965,0.003989016637206078,0.0034153698943555355,0.9996148943901062,0.8157659769058228,0.8151397109031677
5.0,2.0,0.9959958791732788,0.0040039862506091595,0.0035834319423884153,0.9995917677879333,0.83191978931427,0.8306705355644226,0.9966379404067993,0.003362559014931321,0.003423209534958005,0.9996217489242554,0.8100616335868835,0.8092172741889954
5.0,3.0,0.9963850378990173,0.0036159330047667027,0.0035701063461601734,0.9995997548103333,0.828758716583252,0.8276422023773193,0.9962779879570007,0.0037220085505396128,0.003083552699536085,0.9996259212493896,0.8232918977737427,0.8218832612037659
5.0,4.0,0.9957356452941895,0.004265069495886564,0.004710761830210686,0.9995726943016052,0.8230282068252563,0.8219765424728394,0.9966609477996826,0.003338954411447048,0.0032960213720798492,0.9996182918548584,0.8450316190719604,0.8440330028533936
6.0,0.0,0.9967501163482666,0.0032501243986189365,0.003068554447963834,0.9996463656425476,0.8238998055458069,0.8229193091392517,0.996868908405304,0.0031312061473727226,0.004064060281962156,0.9996297359466553,0.8433390855789185,0.8426036238670349
6.0,1.0,0.9967538714408875,0.0032466365955770016,0.0033222869969904423,0.9996299147605896,0.8306952118873596,0.8295923471450806,0.9964804649353027,0.0035190104972571135,0.003375333035364747,0.9996570348739624,0.8157715797424316,0.8154963254928589
6.0,2.0,0.9959779977798462,0.004021892324090004,0.003904058365151286,0.9995713829994202,0.83152836561203,0.8304675817489624,0.9973340034484863,0.00266582821495831,0.0029714100528508425,0.9996805191040039,0.8104283213615417,0.8098191022872925
6.0,3.0,0.9969396591186523,0.0030606247019022703,0.0033381313551217318,0.9996498227119446,0.8290688395500183,0.8280959129333496,0.9970752000808716,0.0029249906074255705,0.002919076941907406,0.9996755123138428,0.8234496712684631,0.8227463960647583
6.0,4.0,0.9968778491020203,0.0031231415923684835,0.0033057969994843006,0.9996529817581177,0.8234050273895264,0.8225964307785034,0.9970338940620422,0.002966237487271428,0.0029352321289479733,0.9996473789215088,0.8459784984588623,0.8443694114685059
7.0,0.0,0.9970656633377075,0.0029348547104746103,0.0028898364398628473,0.9996726512908936,0.8241211175918579,0.8232402801513672,0.997586190700531,0.002413142239674926,0.0035243998281657696,0.999669075012207,0.8436729311943054,0.8432014584541321
7.0,1.0,0.9972956776618958,0.002703846199437976,0.0028843858744949102,0.999674916267395,0.8308883309364319,0.8301072120666504,0.9970014691352844,0.0029984477441757917,0.00289547978900373,0.9996874332427979,0.817089319229126,0.8159298300743103
7.0,2.0,0.9971187114715576,0.002881247317418456,0.002986014587804675,0.9996852874755859,0.8322702050209045,0.8315331339836121,0.9975064992904663,0.0024935565888881683,0.0026903303805738688,0.9997081756591797,0.8101966977119446,0.810024082660675
7.0,3.0,0.9974843859672546,0.002515108324587345,0.002797984518110752,0.9996994137763977,0.8292825222015381,0.8285902142524719,0.9976831674575806,0.002317007863894105,0.002738466253504157,0.9997234344482422,0.8238125443458557,0.8232319355010986
7.0,4.0,0.9974269866943359,0.002573206555098295,0.0033503181766718626,0.9996913075447083,0.8237743377685547,0.8230916261672974,0.9977334141731262,0.0022668379824608564,0.0028145797550678253,0.9997074007987976,0.845878541469574,0.8450878262519836
8.0,0.0,0.9975412487983704,0.002458983799442649,0.0026948382146656513,0.999718427658081,0.8242788910865784,0.8236141800880432,0.9981037378311157,0.001896571833640337,0.003868057392537594,0.9997073411941528,0.843845009803772,0.8436205387115479
8.0,1.0,0.9977782964706421,0.0022220471873879433,0.002779268193989992,0.9997217059135437,0.8311524391174316,0.830547571182251,0.9973888993263245,0.0026109125465154648,0.0028480617329478264,0.9997211694717407,0.8173351883888245,0.8162986636161804
8.0,2.0,0.9975078701972961,0.002492499304935336,0.0030477738473564386,0.9997129440307617,0.832568883895874,0.8318525552749634,0.9980506300926208,0.0019495871383696795,0.0024197271559387445,0.9997484087944031,0.8111454248428345,0.8104261159896851
8.0,3.0,0.997967541217804,0.0020332266576588154,0.0029155337251722813,0.9997385740280151,0.8295820951461792,0.8290066719055176,0.9978498220443726,0.002149823820218444,0.0024780051317065954,0.9997405409812927,0.8240651488304138,0.8233349323272705
8.0,4.0,0.9975422024726868,0.00245790951885283,0.003649612423032522,0.9997109770774841,0.8235929608345032,0.8231507539749146,0.9977494478225708,0.0022506536915898323,0.0024123406037688255,0.9997159838676453,0.8461821675300598,0.8451669216156006
9.0,0.0,0.9979780912399292,0.002022373490035534,0.002505396492779255,0.9997534155845642,0.8246172666549683,0.82399982213974,0.9984098672866821,0.001590155647136271,0.0031516053713858128,0.9997336268424988,0.844359278678894,0.8438615202903748
9.0,1.0,0.9981861710548401,0.0018144105561077595,0.0028578764759004116,0.9997497200965881,0.831357479095459,0.8308534622192383,0.9977245330810547,0.0022754406090825796,0.0031541900243610144,0.9997605085372925,0.8170627951622009,0.8166075348854065
9.0,2.0,0.9980847835540771,0.0019154439214617014,0.003028720151633024,0.9997542500495911,0.832858145236969,0.8323797583580017,0.9981520771980286,0.0018478952115401626,0.0022808415815234184,0.9997745752334595,0.8109495043754578,0.8105756044387817
9.0,3.0,0.9981075525283813,0.001892483327537775,0.0030079528223723173,0.9997532367706299,0.8297103643417358,0.829136848449707,0.9981452822685242,0.0018550197128206491,0.003031458705663681,0.9997690320014954,0.8237252831459045,0.8236534595489502
9.0,4.0,0.9975404739379883,0.0024595207069069147,0.0040581501089036465,0.9997013807296753,0.8240352272987366,0.8233023881912231,0.9982656240463257,0.0017344093648716807,0.003167374525219202,0.9997609257698059,0.8460443019866943,0.8455463647842407
10.0,0.0,0.9981259703636169,0.0018749196315184236,0.0030053036753088236,0.9997718334197998,0.8247114419937134,0.8241460919380188,0.9986588358879089,0.0013411929830908775,0.003725436283275485,0.9997652173042297,0.8442991375923157,0.8441433906555176
10.0,1.0,0.9983116984367371,0.0016889121616259217,0.0031133880838751793,0.9997645020484924,0.8314065337181091,0.8309760093688965,0.9977574944496155,0.0022426466457545757,0.003406485076993704,0.9997705817222595,0.8171961903572083,0.8167127370834351
10.0,2.0,0.9978188276290894,0.0021816629450768232,0.004182783886790276,0.9997382760047913,0.8328986167907715,0.8322263360023499,0.9979336857795715,0.0020665638148784637,0.0031829604413360357,0.9997642636299133,0.8111447095870972,0.8102695941925049
10.0,3.0,0.9983430504798889,0.0016572579042986035,0.003125392133370042,0.9997712969779968,0.8298746347427368,0.829328715801239,0.9984270930290222,0.0015731675084680319,0.00284973974339664,0.9997901916503906,0.8240545392036438,0.8239167928695679
10.0,4.0,0.9983186721801758,0.001682343310676515,0.003164388006553054,0.999778687953949,0.8243681788444519,0.8238577246665955,0.9985153079032898,0.0014846724225208163,0.003060881979763508,0.9997735023498535,0.8464621901512146,0.8457475304603577
11.0,0.0,0.9982978701591492,0.0017023440450429916,0.002967313164845109,0.9997812509536743,0.8248279690742493,0.8242742419242859,0.9987909197807312,0.0012090452946722507,0.004089822061359882,0.9997726082801819,0.8443416953086853,0.8442385196685791
11.0,1.0,0.998583197593689,0.0014167552581056952,0.003186059882864356,0.9997864961624146,0.8316447734832764,0.8312187194824219,0.9975975751876831,0.002402552869170904,0.003599957562983036,0.9997766017913818,0.8166765570640564,0.816468358039856
11.0,2.0,0.9978412985801697,0.0021594809368252754,0.003508778056129813,0.9997711181640625,0.8330920338630676,0.8326247334480286,0.9984973669052124,0.0015026632463559508,0.002987984800711274,0.9998003244400024,0.8114098310470581,0.8108184933662415
11.0,3.0,0.9984922409057617,0.0015071205561980605,0.0033669532276690006,0.9997889995574951,0.8299612402915955,0.8294665813446045,0.9986143112182617,0.001385370036587119,0.002944111591205001,0.9998076558113098,0.8242974281311035,0.8240601420402527
11.0,4.0,0.9985055923461914,0.001494129071943462,0.003315456211566925,0.9997972846031189,0.824445903301239,0.8240252137184143,0.9986737370491028,0.001326409401372075,0.003011369612067938,0.9997910261154175,0.8465912938117981,0.8459033370018005
12.0,0.0,0.9983349442481995,0.0016656052321195602,0.003263454418629408,0.9997905492782593,0.8248194456100464,0.8243002891540527,0.9989777207374573,0.0010225436417385936,0.0042445966973900795,0.9997870326042175,0.8446418046951294,0.8443818092346191
12.0,1.0,0.9986051321029663,0.0013953241286799312,0.003310738131403923,0.9997918605804443,0.8316737413406372,0.8312360048294067,0.9981193542480469,0.0018809091998264194,0.0031707421876490116,0.9998047947883606,0.8176240921020508,0.8169277906417847
12.0,2.0,0.9984255433082581,0.001574999769218266,0.003377155400812626,0.9997887015342712,0.833215594291687,0.8326858878135681,0.9986727237701416,0.0013277711113914847,0.002634830540046096,0.9998209476470947,0.8114892840385437,0.8109592199325562
12.0,3.0,0.9986405372619629,0.0013599127996712923,0.0032473497558385134,0.9998063445091248,0.8300606608390808,0.8295754194259644,0.9987032413482666,0.0012968974187970161,0.003161364933475852,0.9998195171356201,0.824276328086853,0.8241280913352966
12.0,4.0,0.9983444213867188,0.0016566888662055135,0.003524713683873415,0.9997812509536743,0.8242647647857666,0.8238318562507629,0.998745858669281,0.0012540019815787673,0.0030344445258378983,0.9998063445091248,0.8465854525566101,0.8459796905517578
13.0,0.0,0.9986123442649841,0.0013879099860787392,0.0031855495180934668,0.9998152852058411,0.8250548243522644,0.8245460391044617,0.9990432262420654,0.0009570969850756228,0.0040571484714746475,0.9997950792312622,0.8445071578025818,0.8444340229034424
13.0,1.0,0.9986986517906189,0.0013007231755182147,0.0033600544556975365,0.999802827835083,0.8316519260406494,0.831285834312439,0.9975695013999939,0.002430687891319394,0.0036810776218771935,0.9997767210006714,0.8163318634033203,0.8165155053138733
13.0,2.0,0.9986752271652222,0.0013249695766717196,0.003621564479544759,0.9998034834861755,0.8333156704902649,0.832902193069458,0.9987006187438965,0.001299591618590057,0.002882374217733741,0.9998295307159424,0.8114294409751892,0.8109808564186096
13.0,3.0,0.9987225532531738,0.0012775859795510769,0.0034526088275015354,0.9998168349266052,0.8301278948783875,0.8296558260917664,0.9983527660369873,0.001647241530008614,0.0038510325830429792,0.9997880458831787,0.8235583305358887,0.8238943219184875
13.0,4.0,0.998677670955658,0.001322349300608039,0.0035332953557372093,0.9998130202293396,0.8245254755020142,0.8241637349128723,0.9984796643257141,0.0015206941170617938,0.0033042430877685547,0.9997993111610413,0.8461333513259888,0.8457945585250854
14.0,0.0,0.9985146522521973,0.0014857888454571366,0.0033945138566195965,0.9998050928115845,0.8249456882476807,0.8244768381118774,0.9990891218185425,0.0009108911617659032,0.004094811622053385,0.9998089075088501,0.8446109294891357,0.844477117061615
14.0,1.0,0.9988512992858887,0.0011490267934277654,0.003456283360719681,0.999818742275238,0.8317728638648987,0.8314233422279358,0.998471736907959,0.0015286208363249898,0.0034541937056928873,0.9998317360877991,0.817876398563385,0.8172653317451477
14.0,2.0,0.9987179040908813,0.0012828393373638391,0.003604938043281436,0.9998144507408142,0.8333261013031006,0.8329355716705322,0.9988011121749878,0.0011986546451225877,0.0027381994295865297,0.9998357892036438,0.8115909099578857,0.8110977411270142
14.0,3.0,0.9987123608589172,0.0012874711537733674,0.0035125287249684334,0.9998160004615784,0.8300714492797852,0.829637348651886,0.9988689422607422,0.0011317809112370014,0.0031991838477551937,0.9998322129249573,0.824364423751831,0.8242791891098022
14.0,4.0,0.9988125562667847,0.0011882411781698465,0.0034670187160372734,0.999825119972229,0.8246126770973206,0.824286937713623,0.9980164766311646,0.001983772264793515,0.004484472796320915,0.9997615814208984,0.8464295268058777,0.8451950550079346
15.0,0.0,0.9987672567367554,0.0012326869182288647,0.003267316846176982,0.9998326897621155,0.8251152038574219,0.8246879577636719,0.9992126822471619,0.0007875229348428547,0.004017175640910864,0.9998235702514648,0.8447709083557129,0.8445909023284912
15.0,1.0,0.9989355206489563,0.001065092976205051,0.0034443375188857317,0.9998293519020081,0.8318275213241577,0.8315116763114929,0.9984865784645081,0.001513442024588585,0.0036439441610127687,0.9998247027397156,0.8180425763130188,0.8172826170921326
15.0,2.0,0.9987879991531372,0.0012132718693464994,0.003519076155498624,0.9998239874839783,0.8333762288093567,0.8329938054084778,0.9989402294158936,0.0010604789713397622,0.002688367385417223,0.9998458027839661,0.8115766644477844,0.8111980557441711
15.0,3.0,0.9987269043922424,0.0012733906041830778,0.0035219653509557247,0.9998290538787842,0.8301737308502197,0.8296698331832886,0.9989567995071411,0.0010433030547574162,0.003423498710617423,0.9998457431793213,0.8244954347610474,0.8243341445922852
15.0,4.0,0.9989071488380432,0.0010943178785964847,0.0035692150704562664,0.9998387098312378,0.8246734738349915,0.8243693113327026,0.9988419413566589,0.0011582752922549844,0.003504379652440548,0.9998279809951782,0.8467170000076294,0.8460466265678406
16.0,0.0,0.9988416433334351,0.0011586489854380488,0.0033763740211725235,0.999842643737793,0.825146496295929,0.8247564435005188,0.9992309808731079,0.0007691783248446882,0.0040792482905089855,0.9998292326927185,0.8446955680847168,0.8445941805839539
16.0,1.0,0.9989965558052063,0.0010037757456302643,0.003550996072590351,0.9998359680175781,0.831863522529602,0.8315560221672058,0.9985867738723755,0.00141355418600142,0.0035819867625832558,0.9998457431793213,0.8179792761802673,0.8173827528953552
16.0,2.0,0.9981290102005005,0.001871010521426797,0.005391327664256096,0.9997955560684204,0.8332682847976685,0.8326797485351562,0.9986939430236816,0.0013060198398306966,0.0029205367900431156,0.9998366832733154,0.8114340305328369,0.8109472393989563
16.0,3.0,0.9988382458686829,0.0011626172345131636,0.003573264693841338,0.9998375773429871,0.8302409052848816,0.8297945857048035,0.9989595413208008,0.0010406913934275508,0.003396435407921672,0.999850332736969,0.8244478702545166,0.824348509311676
16.0,4.0,0.9989778399467468,0.0010229378240182996,0.0034403549507260323,0.9998518824577332,0.8247267007827759,0.8244384527206421,0.9989656805992126,0.0010342387249693274,0.003307195147499442,0.9998453855514526,0.8467096090316772,0.8461489677429199
17.0,0.0,0.9989120960235596,0.0010888420511037111,0.0032836103346198797,0.9998553991317749,0.8251910209655762,0.8248125910758972,0.9991549253463745,0.0008451808826066554,0.004336508922278881,0.9998318552970886,0.844570517539978,0.8445602655410767
17.0,1.0,0.9989365339279175,0.0010639139218255877,0.003530587535351515,0.9998401403427124,0.8318045735359192,0.8315158486366272,0.9985769987106323,0.0014236667193472385,0.0036056535318493843,0.9998485445976257,0.8179280757904053,0.8173699975013733
17.0,2.0,0.9989616870880127,0.0010386767098680139,0.0035332993138581514,0.9998489022254944,0.8334839940071106,0.8331476449966431,0.9989973306655884,0.001002384931780398,0.0030420818366110325,0.9998641610145569,0.8115235567092896,0.8112893104553223
17.0,3.0,0.9989442825317383,0.0010568139841780066,0.0036160319577902555,0.999846875667572,0.8302324414253235,0.8298555016517639,0.9988738298416138,0.001126069575548172,0.003284226171672344,0.9998559951782227,0.8241897225379944,0.8242011666297913
17.0,4.0,0.9989386796951294,0.001061733579263091,0.003606995567679405,0.9998487830162048,0.8247114419937134,0.8244096040725708,0.9990053176879883,0.0009948943043127656,0.003420270746573806,0.9998509883880615,0.8467622399330139,0.8461902141571045
18.0,0.0,0.9987683892250061,0.0012314566411077976,0.0035592669155448675,0.9998351335525513,0.8250898718833923,0.8246878981590271,0.9990634918212891,0.0009365557343699038,0.0045505668967962265,0.9998151659965515,0.8444175720214844,0.8444581627845764
18.0,1.0,0.9990933537483215,0.000907630252186209,0.0035342643968760967,0.999855101108551,0.8319342136383057,0.831646203994751,0.9986892938613892,0.0013109345454722643,0.0037325110752135515,0.9998636245727539,0.8179829120635986,0.8174670338630676
18.0,2.0,0.9990006685256958,0.0010005127405747771,0.0037403248716145754,0.9998541474342346,0.8335044980049133,0.8331849575042725,0.9990535974502563,0.0009470742079429328,0.002947757253423333,0.9998651742935181,0.8115596175193787,0.8113014698028564
18.0,3.0,0.9984675645828247,0.0015331637114286423,0.003920434974133968,0.9998276233673096,0.8296249508857727,0.8293319940567017,0.9990409016609192,0.0009596834424883127,0.0031673333141952753,0.9998655319213867,0.8245768547058105,0.8244186639785767
18.0,4.0,0.9990153312683105,0.0009847072651609778,0.003514491254463792,0.9998590350151062,0.824734091758728,0.8244662880897522,0.999037504196167,0.0009627309627830982,0.003550145076587796,0.9998615384101868,0.8467593193054199,0.8462289571762085
19.0,0.0,0.9989595413208008,0.001040256000123918,0.00342930993065238,0.9998621344566345,0.8252043128013611,0.8248569965362549,0.9992278814315796,0.000772833067458123,0.004286957439035177,0.9998378157615662,0.8448209166526794,0.8446108102798462
19.0,1.0,0.9990934133529663,0.0009066002676263452,0.0035805953666567802,0.9998520612716675,0.8319008946418762,0.8316461443901062,0.9983731508255005,0.0016266623279079795,0.003832124639302492,0.9998334050178528,0.817647397518158,0.8172481060028076
19.0,2.0,0.9990090727806091,0.0009921224555000663,0.0036873354110866785,0.9998576641082764,0.8334929347038269,0.8331948518753052,0.9991814494132996,0.0008185196202248335,0.0029925620183348656,0.9998724460601807,0.8116698861122131,0.8114479184150696
19.0,3.0,0.9987961053848267,0.001205309759825468,0.003635968314483762,0.9998453259468079,0.8299208283424377,0.8296810984611511,0.9990096688270569,0.0009911679662764072,0.0033236739691346884,0.9998667240142822,0.8243141174316406,0.8243695497512817
19.0,4.0,0.9990829229354858,0.0009182892390526831,0.0034891674295067787,0.9998669028282166,0.8247278332710266,0.8245270848274231,0.9991540312767029,0.0008459435775876045,0.0035703086759895086,0.9998673796653748,0.8467702269554138,0.8463274836540222
20.0,0.0,0.9989845156669617,0.0010154900373890996,0.00344948866404593,0.9998615384101868,0.8251781463623047,0.8248844146728516,0.9993183016777039,0.000682005425915122,0.004305948968976736,0.9998502731323242,0.8448203206062317,0.8446815013885498
20.0,1.0,0.9989330172538757,0.0010679027764126658,0.003635111264884472,0.9998524188995361,0.8316139578819275,0.8314447999000549,0.9987096190452576,0.0012905662879347801,0.0036096852272748947,0.9998694062232971,0.8179488778114319,0.8174726366996765
20.0,2.0,0.999062716960907,0.0009389353799633682,0.003659309819340706,0.9998633861541748,0.8335175514221191,0.833242654800415,0.9992460608482361,0.0007542764651589096,0.0029961904510855675,0.9998730421066284,0.8117274045944214,0.8115233182907104
20.0,3.0,0.9990750551223755,0.0009253397583961487,0.003602593671530485,0.9998635053634644,0.8302671909332275,0.8299903273582458,0.9990501999855042,0.0009497599094174802,0.003252824302762747,0.9998583197593689,0.8246417045593262,0.8244395852088928
20.0,4.0,0.9991252422332764,0.0008759498014114797,0.0035832831636071205,0.999868631362915,0.8247562646865845,0.8245725631713867,0.9991447329521179,0.0008556570974178612,0.003582476172596216,0.9998682737350464,0.8467426300048828,0.8463292717933655
21.0,0.0,0.9990403056144714,0.0009605720406398177,0.0034982708748430014,0.9998692274093628,0.8252050280570984,0.8249354958534241,0.9993281364440918,0.0006723714177496731,0.004204345401376486,0.9998584985733032,0.8448154330253601,0.8446702361106873
21.0,1.0,0.9991564750671387,0.0008454195340164006,0.003568751970306039,0.9998659491539001,0.8318869471549988,0.8317126631736755,0.9987713098526001,0.00122904556337744,0.0035449310671538115,0.9998774528503418,0.817965030670166,0.8175437450408936
21.0,2.0,0.9990790486335754,0.0009222146472893655,0.003781045088544488,0.9998670220375061,0.8335150480270386,0.8332592248916626,0.9992941617965698,0.0007063004886731505,0.0031306478194892406,0.9998834133148193,0.81171715259552,0.8115584850311279
21.0,3.0,0.9991045594215393,0.0008965436136350036,0.0037596907932311296,0.9998669028282166,0.8302761316299438,0.8300089836120605,0.9991885423660278,0.0008112888317555189,0.0036078202538192272,0.999880850315094,0.8245465755462646,0.8245342969894409
21.0,4.0,0.9985501170158386,0.0014495745999738574,0.003949800971895456,0.9998471140861511,0.8247412443161011,0.8242987394332886,0.9991064667701721,0.0008939343388192356,0.003377842018380761,0.9998641610145569,0.8467071652412415,0.8462709188461304
22.0,0.0,0.9991105794906616,0.0008898974629119039,0.003432717639952898,0.9998800754547119,0.8252833485603333,0.8250118494033813,0.9994288682937622,0.0005709045799449086,0.0042207688093185425,0.9998651146888733,0.8448231220245361,0.8447734117507935
22.0,1.0,0.999303936958313,0.0006964183412492275,0.003551372094079852,0.9998797178268433,0.832004725933075,0.8318418264389038,0.998793363571167,0.0012072314275428653,0.0036998779978603125,0.9998791217803955,0.8180800676345825,0.8175697922706604
22.0,2.0,0.9991322159767151,0.0008690074901096523,0.0038082818500697613,0.9998705387115479,0.8335447907447815,0.8332953453063965,0.9993476271629333,0.0006523344200104475,0.003090477315708995,0.9998921751976013,0.8117403388023376,0.8116214275360107
22.0,3.0,0.9991634488105774,0.0008377899648621678,0.0036922090221196413,0.9998743534088135,0.8303223252296448,0.8300657272338867,0.9992238283157349,0.00077637197682634,0.0036446810699999332,0.9998856782913208,0.8246258497238159,0.8245760798454285
22.0,4.0,0.9991803765296936,0.0008200546144507825,0.0036801507230848074,0.9998766779899597,0.8247908353805542,0.8246207237243652,0.9992053508758545,0.0007949950522743165,0.003528144909068942,0.9998814463615417,0.8467578291893005,0.8463701605796814
23.0,0.0,0.999068558216095,0.0009331819019280374,0.0035073687322437763,0.9998748898506165,0.8252235054969788,0.8249686360359192,0.9994562268257141,0.0005441629909910262,0.004315704572945833,0.9998726844787598,0.8448508381843567,0.8447991609573364
23.0,1.0,0.9992380738258362,0.0007628808380104601,0.0038216030225157738,0.9998688101768494,0.8319393992424011,0.8317757248878479,0.9987595677375793,0.0012402463471516967,0.003624727949500084,0.9998784065246582,0.8179547190666199,0.8175240755081177
23.0,2.0,0.9988895654678345,0.0011116749374195933,0.004115078132599592,0.9998530745506287,0.8335191607475281,0.833236813545227,0.9986328482627869,0.0013670958578586578,0.00353912147693336,0.9998595118522644,0.8114158511161804,0.8108689188957214
23.0,3.0,0.999106764793396,0.0008936088415794075,0.0037799421697854996,0.9998710751533508,0.8302891254425049,0.8300148844718933,0.9992398023605347,0.000760544731747359,0.0034787016920745373,0.9998873472213745,0.8246431350708008,0.8245887756347656
23.0,4.0,0.9991994500160217,0.0008009084849618375,0.003771501826122403,0.9998839497566223,0.824797511100769,0.8246359825134277,0.9992563128471375,0.0007446352392435074,0.003437262959778309,0.9998854398727417,0.846830427646637,0.846421480178833
24.0,0.0,0.9991599917411804,0.00084112019976601,0.003509041154757142,0.999888002872467,0.8252923488616943,0.825045108795166,0.9994530081748962,0.0005474973586387932,0.004421031102538109,0.9998726844787598,0.8448207974433899,0.8447944521903992
24.0,1.0,0.9993333220481873,0.0006673739408142865,0.003672625869512558,0.9998839497566223,0.8320162892341614,0.8318665027618408,0.9988077878952026,0.0011925033759325743,0.004015793092548847,0.9998896718025208,0.8180550932884216,0.8175943493843079
24.0,2.0,0.9990745782852173,0.0009263178217224777,0.003810165449976921,0.9998773336410522,0.833490252494812,0.8332672715187073,0.9992918968200684,0.0007083482341840863,0.003314442001283169,0.9998956918716431,0.8115758299827576,0.8115421533584595
24.0,3.0,0.999150812625885,0.0008503594435751438,0.0037890730891376734,0.9998801350593567,0.8303297758102417,0.8300386071205139,0.9991818070411682,0.0008185491315089166,0.003501931903883815,0.999888002872467,0.8245640993118286,0.82455974817276
24.0,4.0,0.9992133975028992,0.0007875243900343776,0.003659095847979188,0.9998830556869507,0.8248776793479919,0.8246756792068481,0.9992357492446899,0.0007645318401046097,0.003552658250555396,0.9998871684074402,0.846778929233551,0.8464101552963257
25.0,0.0,0.9991998076438904,0.0008010423625819385,0.003408183343708515,0.9998922348022461,0.8253365159034729,0.8250806331634521,0.9994990825653076,0.0005011669127270579,0.0040987590327858925,0.9998778104782104,0.8449105620384216,0.844831109046936
25.0,1.0,0.9992898106575012,0.0007117058848962188,0.003709702519699931,0.9998819231987,0.8319984078407288,0.8318281769752502,0.9989458322525024,0.0010543233947828412,0.0037659634836018085,0.9998908042907715,0.8182882070541382,0.8177143931388855
25.0,2.0,0.999234676361084,0.000766103039495647,0.0037757435347884893,0.9998874664306641,0.8336612582206726,0.8333937525749207,0.999379575252533,0.0006204429664649069,0.0032947545405477285,0.9998945593833923,0.8117619156837463,0.8116194605827332
25.0,3.0,0.9989591836929321,0.0010412933770567179,0.003796366276219487,0.999875009059906,0.8301542401313782,0.8298699259757996,0.9985182285308838,0.0014819761272519827,0.003744402201846242,0.9998294711112976,0.8246530294418335,0.8239114880561829
25.0,4.0,0.9992175102233887,0.0007840777980163693,0.0037397753912955523,0.9998868107795715,0.8248562812805176,0.8246650099754333,0.9992812871932983,0.0007191349868662655,0.0035761436447501183,0.9998931884765625,0.8468195199966431,0.8464509844779968
26.0,0.0,0.9992218017578125,0.0007793228724040091,0.0035300233867019415,0.9998941421508789,0.825368344783783,0.8251050710678101,0.9994649291038513,0.0005356041947379708,0.004287052899599075,0.9998750686645508,0.8448759317398071,0.8448071479797363
26.0,1.0,0.9993324279785156,0.0006692125461995602,0.0036305340472608805,0.9998906254768372,0.8319914937019348,0.8318709135055542,0.998854398727417,0.0011461253743618727,0.0037766078021377325,0.9998921751976013,0.8182394504547119,0.8175714015960693
26.0,2.0,0.9992383718490601,0.0007629440515302122,0.003799915313720703,0.9998894929885864,0.8336396217346191,0.8333956003189087,0.9994106888771057,0.0005893830675631762,0.003223014296963811,0.9999021887779236,0.8117398619651794,0.8116519451141357
26.0,3.0,0.9992498755455017,0.0007503076922148466,0.003727520350366831,0.9998875260353088,0.830393373966217,0.8301375508308411,0.9992563128471375,0.0007437924505211413,0.003637718502432108,0.9998934268951416,0.8246607184410095,0.8246031999588013
26.0,4.0,0.999251663684845,0.0007493473822250962,0.0036700188647955656,0.9998874664306641,0.824873149394989,0.8246936202049255,0.9991840124130249,0.0008160504512488842,0.003743265988305211,0.9998834133148193,0.846696138381958,0.8463830351829529
27.0,0.0,0.9992161393165588,0.0007844676729291677,0.0036056244280189276,0.9998941421508789,0.8253672122955322,0.8250979781150818,0.9995232820510864,0.00047744112089276314,0.004416552372276783,0.9998884797096252,0.8448954224586487,0.8448678255081177
27.0,1.0,0.9993270039558411,0.0006746293511241674,0.0037644279655069113,0.9998888969421387,0.8319859504699707,0.8318560123443604,0.9988150000572205,0.0011849564034491777,0.0037416040431708097,0.9998810887336731,0.8182461261749268,0.8175851106643677
27.0,2.0,0.99907386302948,0.0009268028661608696,0.003895281348377466,0.9998842477798462,0.8335069417953491,0.8332129716873169,0.9992971420288086,0.0007031876011751592,0.003312718356028199,0.9998947381973267,0.8115506172180176,0.8115707635879517
27.0,3.0,0.9992335438728333,0.0007668932084925473,0.0037454094272106886,0.99989253282547,0.8303682208061218,0.8301206231117249,0.9992578029632568,0.000742618169169873,0.0036548483185470104,0.9998976588249207,0.8246105909347534,0.8246052861213684
27.0,4.0,0.9993230700492859,0.0006778837996535003,0.0037105113733559847,0.9999005198478699,0.8249344825744629,0.8247522115707397,0.9993134140968323,0.0006869037169963121,0.0034788232296705246,0.9998990297317505,0.8468441367149353,0.8464701771736145
28.0,0.0,0.9992631673812866,0.0007378573645837605,0.003553526708856225,0.9999021291732788,0.8253969550132751,0.8251376152038574,0.9995365142822266,0.00046408813796006143,0.004251931328326464,0.9998869895935059,0.844903290271759,0.844865083694458
28.0,1.0,0.9993833899497986,0.0006172932917252183,0.003644774202257395,0.9998963475227356,0.8320524096488953,0.8319124579429626,0.9989862442016602,0.0010145404376089573,0.003842983627691865,0.9999004602432251,0.8182987570762634,0.8177505135536194
28.0,2.0,0.9991391897201538,0.0008612293167971075,0.003950986545532942,0.9998824000358582,0.8335858583450317,0.8333047032356262,0.9994115233421326,0.0005883391131646931,0.003239887300878763,0.9999009966850281,0.8117668628692627,0.8116587400436401
28.0,3.0,0.9992572665214539,0.0007436242885887623,0.003807781497016549,0.9998927712440491,0.8304497599601746,0.8301475644111633,0.9992004036903381,0.0007998986402526498,0.0036320341750979424,0.9998968243598938,0.8246157169342041,0.8245478868484497
28.0,4.0,0.9992058277130127,0.0007952849264256656,0.0038117498625069857,0.9998893737792969,0.8249018788337708,0.8246876001358032,0.9993083477020264,0.0006919695879332721,0.003686605952680111,0.9999020099639893,0.8468448519706726,0.846481204032898
29.0,0.0,0.9992711544036865,0.0007295731920748949,0.0035679610446095467,0.9999045729637146,0.8253994584083557,0.825144350528717,0.9995266795158386,0.00047365654609166086,0.004134332295507193,0.9998878240585327,0.8449371457099915,0.8448736071586609
29.0,1.0,0.9994164109230042,0.0005849060835316777,0.003631205763667822,0.9999027252197266,0.8320711255073547,0.8319374322891235,0.9989967346191406,0.0010034630540758371,0.0038054122123867273,0.9999023675918579,0.8183062076568604,0.8177550435066223
29.0,2.0,0.9992736577987671,0.0007269650814123452,0.0038785238284617662,0.9998963475227356,0.8336790204048157,0.8334309458732605,0.9993236660957336,0.0006765068392269313,0.003365023760125041,0.9998807311058044,0.8115963339805603,0.8115538358688354
29.0,3.0,0.9991926550865173,0.0008081407868303359,0.003940240480005741,0.9998896718025208,0.8304144144058228,0.8301059007644653,0.9991414546966553,0.0008586004842072725,0.003673527855426073,0.9998921155929565,0.824556291103363,0.8245104551315308
29.0,4.0,0.999110221862793,0.0008902851259335876,0.00390589889138937,0.999887228012085,0.8247623443603516,0.8245785236358643,0.9992377758026123,0.0007624874706380069,0.0037008256185799837,0.999890923500061,0.8467751145362854,0.8464123010635376
30.0,0.0,0.9992336630821228,0.0007674027001485229,0.003634197171777487,0.9998983144760132,0.8253822922706604,0.8251168727874756,0.9995357990264893,0.00046442472375929356,0.004283004906028509,0.9998924136161804,0.8449017405509949,0.8448759317398071
30.0,1.0,0.9994027018547058,0.0005987440817989409,0.003669541096314788,0.9999022483825684,0.8320647478103638,0.8319283127784729,0.9989996552467346,0.0010008510435000062,0.003951212391257286,0.9999045729637146,0.8183026313781738,0.8177616596221924
30.0,2.0,0.9993023872375488,0.0006991585250943899,0.003833021502941847,0.9999022483825684,0.8337001204490662,0.8334529399871826,0.9994794130325317,0.0005211199168115854,0.00325355539098382,0.9999134540557861,0.8118148446083069,0.8117156028747559
30.0,3.0,0.9993511438369751,0.0006497687427327037,0.0037697695661336184,0.9999057054519653,0.8304864764213562,0.8302305340766907,0.999329686164856,0.0006704978295601904,0.003473876044154167,0.9999099969863892,0.8246971964836121,0.8246613144874573
30.0,4.0,0.9993582963943481,0.0006433058297261596,0.0037431258242577314,0.9999080300331116,0.8249480128288269,0.824780285358429,0.9993383288383484,0.0006622640648856759,0.0036010690964758396,0.9999086856842041,0.8468677401542664,0.8465002179145813
31.0,0.0,0.9992991089820862,0.0007022309582680464,0.0035952392499893904,0.9999116063117981,0.8254246115684509,0.8251680731773376,0.9995840191841125,0.0004166587896179408,0.004313961137086153,0.9998990893363953,0.8449382781982422,0.8449075222015381
31.0,1.0,0.9994441270828247,0.0005571108777076006,0.003672315739095211,0.9999097585678101,0.8320902585983276,0.831961989402771,0.9990264177322388,0.0009743230184540153,0.0038988112937659025,0.9999106526374817,0.8183165788650513,0.8177828192710876
31.0,2.0,0.9993274211883545,0.0006738789961673319,0.0038483438547700644,0.9999079704284668,0.8337132334709167,0.8334739208221436,0.9995039701461792,0.0004965713596902788,0.003266588319092989,0.9999189376831055,0.8118253350257874,0.8117381930351257
31.0,3.0,0.9993689656257629,0.0006317044608294964,0.0037625161930918694,0.9999097585678101,0.8304969668388367,0.8302431702613831,0.9993429183959961,0.0006575437146238983,0.003513486823067069,0.999912440776825,0.8247026205062866,0.8246725797653198
31.0,4.0,0.9993698596954346,0.0006310198223218322,0.0037468625232577324,0.9999107122421265,0.8249594569206238,0.8247901201248169,0.9993513226509094,0.0006490889936685562,0.003568868152797222,0.9999111294746399,0.8468738794326782,0.8465064167976379
32.0,0.0,0.9993106126785278,0.0006904912879690528,0.0035908780992031097,0.9999130964279175,0.8254320621490479,0.8251781463623047,0.9995964765548706,0.0004038479528389871,0.004285736009478569,0.9999023675918579,0.8449488878250122,0.8449205160140991
32.0,1.0,0.999456524848938,0.0005450400640256703,0.0036696186289191246,0.9999123215675354,0.8320958018302917,0.8319734334945679,0.9990351796150208,0.000965517945587635,0.003974789287894964,0.9999135732650757,0.8183199167251587,0.8177887797355652
32.0,2.0,0.9993380904197693,0.0006626604008488357,0.0038383775390684605,0.9999110102653503,0.8337207436561584,0.8334845304489136,0.9995114803314209,0.0004894032026641071,0.003287299768999219,0.9999207258224487,0.8118280172348022,0.8117436766624451
32.0,3.0,0.9993763566017151,0.000623678439296782,0.0037772327195852995,0.9999127388000488,0.8305034637451172,0.8302512168884277,0.9993600845336914,0.0006401818827725947,0.0035647202748805285,0.9999133944511414,0.8247090578079224,0.8246888518333435
32.0,4.0,0.9993806481361389,0.0006203712546266615,0.003811606904491782,0.99991375207901,0.8249632716178894,0.8248016238212585,0.9993575811386108,0.0006427267799153924,0.003598927753046155,0.9999127984046936,0.8468818664550781,0.8465114831924438
33.0,0.0,0.9993201494216919,0.0006807033787481487,0.003613612847402692,0.9999158978462219,0.8254362344741821,0.8251875638961792,0.9996021389961243,0.00039832069887779653,0.004319802857935429,0.999904990196228,0.8449456095695496,0.844925045967102
33.0,1.0,0.9994602799415588,0.0005403332179412246,0.0037119179032742977,0.9999129772186279,0.8320999145507812,0.8319767713546753,0.9990443587303162,0.0009558587335050106,0.004012302495539188,0.9999147057533264,0.8183228373527527,0.8177993297576904
33.0,2.0,0.9993442296981812,0.0006570012192241848,0.003923088777810335,0.9999121427536011,0.8337244391441345,0.8334895968437195,0.9995153546333313,0.00048479007091373205,0.0032956867944449186,0.9999226927757263,0.8118258118629456,0.8117472529411316
33.0,3.0,0.9993835687637329,0.0006180153577588499,0.003853404428809881,0.9999133348464966,0.8305051326751709,0.8302564024925232,0.9993669390678406,0.0006330499891191721,0.0036395275965332985,0.9999162554740906,0.8247166872024536,0.8246976733207703
33.0,4.0,0.9993854761123657,0.0006153407739475369,0.0038379188627004623,0.9999147057533264,0.8249648213386536,0.8248063325881958,0.9993590116500854,0.0006415905081667006,0.0036344972904771566,0.9999127388000488,0.8468819260597229,0.8465112447738647
34.0,0.0,0.9993235468864441,0.0006777700036764145,0.0036677131429314613,0.9999164342880249,0.825437068939209,0.8251895308494568,0.9996107816696167,0.00038953323382884264,0.004278945736587048,0.9999074339866638,0.844951331615448,0.8449344038963318
34.0,1.0,0.9994644522666931,0.0005363542586565018,0.0037174697499722242,0.9999142289161682,0.8320997953414917,0.8319793343544006,0.9990483522415161,0.0009520681342110038,0.004050937946885824,0.9999163150787354,0.8183279037475586,0.8178030252456665
34.0,2.0,0.9993483424186707,0.0006518939626403153,0.003929684404283762,0.9999125599861145,0.833726704120636,0.8334932327270508,0.9995177388191223,0.0004827942466363311,0.0033409728202968836,0.9999228119850159,0.8118332624435425,0.8117482662200928
34.0,3.0,0.9993856549263,0.0006147202220745385,0.003857008647173643,0.9999154210090637,0.8305073380470276,0.8302587866783142,0.999377965927124,0.0006223634700290859,0.00367124006152153,0.9999175667762756,0.8247332572937012,0.8247098922729492
34.0,4.0,0.9993908405303955,0.0006106150103732944,0.0038584747817367315,0.9999154806137085,0.8249722719192505,0.8248099088668823,0.9993641972541809,0.0006361351115629077,0.003599415998905897,0.9999154806137085,0.8468899726867676,0.8465192914009094
35.0,0.0,0.9993286728858948,0.0006723266560584307,0.003680993802845478,0.9999169111251831,0.8254444003105164,0.8251942992210388,0.9996113777160645,0.00038859606138430536,0.004331901203840971,0.9999069571495056,0.8449503183364868,0.8449323177337646
35.0,1.0,0.9994701743125916,0.0005310495616868138,0.0037565266247838736,0.9999153017997742,0.8321079015731812,0.8319854140281677,0.9990496635437012,0.0009507731883786619,0.004106172360479832,0.9999162554740906,0.8183276653289795,0.8178033828735352
35.0,2.0,0.9993523359298706,0.0006484203040599823,0.00393322017043829,0.9999133348464966,0.8337320685386658,0.8334978222846985,0.9995211362838745,0.0004796966095454991,0.0033456499222666025,0.999923586845398,0.8118338584899902,0.8117498755455017
35.0,3.0,0.9993874430656433,0.0006130299880169332,0.003863498568534851,0.9999155402183533,0.8305068612098694,0.8302590847015381,0.9993828535079956,0.0006174268200993538,0.0036571668460965157,0.9999184608459473,0.8247336149215698,0.8247119188308716
35.0,4.0,0.9993921518325806,0.000608372560236603,0.003864527214318514,0.999915599822998,0.8249737620353699,0.8248118162155151,0.9993677139282227,0.0006327112205326557,0.0036946970503777266,0.9999157786369324,0.8468891978263855,0.8465220332145691
36.0,0.0,0.9993314146995544,0.0006697802455164492,0.003702636109665036,0.9999181628227234,0.8254458904266357,0.8251975178718567,0.9996136426925659,0.0003868684289045632,0.00435496075078845,0.9999083280563354,0.8449501395225525,0.84493488073349
36.0,1.0,0.9994731545448303,0.0005279520410113037,0.003767975838854909,0.9999160766601562,0.8321101665496826,0.8319879770278931,0.9990499019622803,0.0009504447225481272,0.004117392003536224,0.9999165534973145,0.8183274865150452,0.817802906036377
36.0,2.0,0.9993550181388855,0.0006453260430134833,0.003978656604886055,0.9999143481254578,0.8337316513061523,0.8334999680519104,0.9995229244232178,0.0004775567213073373,0.0033818192314356565,0.9999250769615173,0.8118335008621216,0.8117536902427673
36.0,3.0,0.9993897676467896,0.0006105015054345131,0.003890266176313162,0.9999157190322876,0.8305094838142395,0.8302615880966187,0.9993833303451538,0.0006171215209178627,0.003713121172040701,0.9999184012413025,0.8247318863868713,0.8247122168540955
36.0,4.0,0.999394953250885,0.0006061114254407585,0.003895420581102371,0.999916672706604,0.8249739408493042,0.8248147964477539,0.9993669986724854,0.0006332073244266212,0.0037396640982478857,0.9999152421951294,0.8468785881996155,0.8465178608894348
37.0,0.0,0.9993324875831604,0.0006682371604256332,0.003747314680367708,0.9999185800552368,0.825446367263794,0.8251983523368835,0.9996176362037659,0.0003829493361990899,0.004334874451160431,0.9999095797538757,0.8449541330337524,0.844940185546875
37.0,1.0,0.999476432800293,0.0005242142942734063,0.003768259659409523,0.9999165534973145,0.8321096897125244,0.8319923877716064,0.9990506768226624,0.0009501724853180349,0.004091483075171709,0.9999164938926697,0.8183314800262451,0.817803680896759
37.0,2.0,0.9993572235107422,0.0006435392424464226,0.003991810604929924,0.9999143481254578,0.8337328433990479,0.8335009813308716,0.9995326995849609,0.0004678211116697639,0.0034104278311133385,0.9999263286590576,0.8118381500244141,0.8117650747299194
37.0,3.0,0.9993929266929626,0.0006073842523619533,0.003884989069774747,0.9999169111251831,0.8305112719535828,0.8302651047706604,0.9993852376937866,0.0006150784320198,0.0036798242945224047,0.9999185800552368,0.8247348070144653,0.8247138857841492
37.0,4.0,0.9993972182273865,0.0006034442922100425,0.003893997985869646,0.9999176263809204,0.8249746561050415,0.8248162865638733,0.9993698596954346,0.000630657363217324,0.0037313327193260193,0.999916136264801,0.8468868732452393,0.8465209007263184
38.0,0.0,0.9993358254432678,0.0006648842245340347,0.00373140093870461,0.9999193549156189,0.8254466652870178,0.8252004981040955,0.9996188879013062,0.00038144324207678437,0.00433872127905488,0.9999101758003235,0.844955563545227,0.8449413180351257
38.0,1.0,0.9994779825210571,0.0005226337816566229,0.0037652510218322277,0.9999176859855652,0.832109272480011,0.8319922685623169,0.9990501999855042,0.0009503967012278736,0.004124853760004044,0.9999169111251831,0.8183316588401794,0.8178036212921143
38.0,2.0,0.999358057975769,0.0006422760197892785,0.00398351950570941,0.999914824962616,0.833733856678009,0.8335012793540955,0.9995344281196594,0.00046633282909169793,0.003374326741322875,0.9999265670776367,0.8118380308151245,0.8117654919624329
38.0,3.0,0.9993945360183716,0.0006060871528461576,0.003901653690263629,0.9999170899391174,0.8305090069770813,0.8302655816078186,0.9993863105773926,0.0006138180033303797,0.003689778735861182,0.9999193549156189,0.8247356414794922,0.8247151374816895
38.0,4.0,0.999399721622467,0.0006011619698256254,0.003907009959220886,0.9999181628227234,0.8249754309654236,0.8248181939125061,0.9993728399276733,0.0006278071086853743,0.0036946902982890606,0.9999178051948547,0.8468871116638184,0.8465250134468079
39.0,0.0,0.9993375539779663,0.0006631489377468824,0.0037447616923600435,0.9999193549156189,0.8254475593566895,0.825203001499176,0.999617874622345,0.0003827271284535527,0.0043222494423389435,0.9999089241027832,0.8449528813362122,0.8449380993843079
39.0,1.0,0.9994791150093079,0.0005214550183154643,0.003791817231103778,0.9999167323112488,0.8321122527122498,0.8319929838180542,0.9990512728691101,0.000949246110394597,0.004136779811233282,0.9999173879623413,0.8183275461196899,0.8178035020828247
39.0,2.0,0.9993589520454407,0.0006418721168302,0.004005823750048876,0.9999153017997742,0.8337336182594299,0.8335024118423462,0.9995344877243042,0.0004661743005272001,0.0034080157056450844,0.9999273419380188,0.811841607093811,0.8117659091949463
39.0,3.0,0.9993953704833984,0.0006047122296877205,0.003896212438121438,0.9999176263809204,0.8305122256278992,0.8302664160728455,0.9993869662284851,0.0006131294067017734,0.0037672503385692835,0.9999192953109741,0.824734628200531,0.8247150778770447
39.0,4.0,0.9993999004364014,0.0006007693009451032,0.0039009316824376583,0.9999178647994995,0.8249767422676086,0.8248181939125061,0.9993756413459778,0.0006251147715374827,0.003733077086508274,0.9999176859855652,0.8468906879425049,0.846527099609375
40.0,0.0,0.9993377923965454,0.0006625565001741052,0.0037676463834941387,0.999920129776001,0.825449526309967,0.8252028822898865,0.9996206164360046,0.00037952096317894757,0.0043661328963935375,0.999910295009613,0.8449549674987793,0.8449400663375854
40.0,1.0,0.9994797706604004,0.000520139466971159,0.0038361854385584593,0.9999179244041443,0.832112193107605,0.8319934010505676,0.9990523457527161,0.0009480228181928396,0.00408156169578433,0.9999169707298279,0.8183338046073914,0.8178028464317322
40.0,2.0,0.9993605017662048,0.0006398854311555624,0.004000856075435877,0.999915361404419,0.833734393119812,0.8335037231445312,0.9995353817939758,0.0004653613141272217,0.0034285818692296743,0.9999262094497681,0.8118396997451782,0.8117630481719971
40.0,3.0,0.9993976354598999,0.0006031110533513129,0.003942867740988731,0.9999181628227234,0.8305133581161499,0.8302674293518066,0.999387800693512,0.0006123018683865666,0.0037139826454222202,0.9999197125434875,0.8247371315956116,0.8247156739234924
40.0,4.0,0.9994011521339417,0.0005994387320242822,0.003920539282262325,0.9999180436134338,0.8249760866165161,0.8248188495635986,0.9993730783462524,0.0006272333557717502,0.00378395919688046,0.9999176263809204,0.8468829393386841,0.8465232253074646
41.0,0.0,0.99933922290802,0.0006613542791455984,0.0037771326024085283,0.9999202489852905,0.825450599193573,0.8252038359642029,0.9996210932731628,0.000379334349418059,0.004364749416708946,0.9999107122421265,0.8449540138244629,0.8449417948722839
41.0,1.0,0.9994808435440063,0.0005192487151362002,0.003847681451588869,0.9999186992645264,0.8321136236190796,0.8319950699806213,0.9990561008453369,0.0009443939779885113,0.004194309003651142,0.9999182224273682,0.8183300495147705,0.8178068399429321
41.0,2.0,0.9993613362312317,0.0006387777393683791,0.004025578498840332,0.999916672706604,0.8337358832359314,0.833504855632782,0.9995360374450684,0.00046446139458566904,0.0034572973381727934,0.999926745891571,0.8118405342102051,0.811765730381012
41.0,3.0,0.9993987083435059,0.0006023824098519981,0.0039542862214148045,0.99991774559021,0.8305124044418335,0.8302688002586365,0.9993908405303955,0.0006094473646953702,0.003744129789993167,0.9999208450317383,0.8247402906417847,0.824718713760376
41.0,4.0,0.9994016885757446,0.0005988409975543618,0.003940111491829157,0.9999178647994995,0.8249775171279907,0.8248196244239807,0.9993760585784912,0.000624243461061269,0.003824134822934866,0.9999178051948547,0.8468952178955078,0.8465263843536377
42.0,0.0,0.999340295791626,0.0006597773754037917,0.0038065265398472548,0.9999203681945801,0.8254508972167969,0.8252047896385193,0.9996219277381897,0.00037849260843358934,0.004340397194027901,0.999910831451416,0.8449547290802002,0.8449423909187317
42.0,1.0,0.999481201171875,0.0005186194321140647,0.003836019430309534,0.9999186396598816,0.8321122527122498,0.831994891166687,0.999057948589325,0.0009425896569155157,0.00419418653473258,0.9999191164970398,0.8183351159095764,0.8178093433380127
42.0,2.0,0.9993627667427063,0.0006375268567353487,0.004055592697113752,0.9999167919158936,0.8337359428405762,0.8335049748420715,0.9995375871658325,0.00046282954281196,0.0034462001640349627,0.9999270439147949,0.8118403553962708,0.8117647171020508
42.0,3.0,0.9993979930877686,0.0006029047654010355,0.003959374967962503,0.9999180436134338,0.8305134773254395,0.8302693367004395,0.999392569065094,0.0006074841367080808,0.003792061470448971,0.9999210834503174,0.824740469455719,0.8247206807136536
42.0,4.0,0.9994036555290222,0.0005968821933493018,0.003982369787991047,0.9999193549156189,0.8249779343605042,0.8248213529586792,0.9993757009506226,0.0006245860131457448,0.0037935348227620125,0.9999181032180786,0.8468929529190063,0.8465272188186646
43.0,0.0,0.9993411898612976,0.0006589377881027758,0.0037938032764941454,0.9999208450317383,0.8254501223564148,0.8252054452896118,0.9996209740638733,0.00037945134681649506,0.004373884294182062,0.9999096393585205,0.8449497818946838,0.8449403047561646
43.0,1.0,0.9994828104972839,0.0005176526610739529,0.003844844177365303,0.9999189972877502,0.8321136236190796,0.8319953083992004,0.9990589022636414,0.000941523932851851,0.004151643719524145,0.9999189972877502,0.8183315992355347,0.8178099989891052
43.0,2.0,0.9993641376495361,0.0006371191702783108,0.004070201888680458,0.9999173283576965,0.8337366580963135,0.8335069417953491,0.9995394945144653,0.0004609448369592428,0.0034724008291959763,0.9999284148216248,0.811840295791626,0.8117684721946716
43.0,3.0,0.9993997812271118,0.0006005002069287002,0.003971212077885866,0.9999187588691711,0.8305131793022156,0.8302701711654663,0.9993912577629089,0.0006090137176215649,0.0037720068357884884,0.9999204874038696,0.8247371912002563,0.8247175216674805
43.0,4.0,0.9994043707847595,0.0005963061121292412,0.003983852919191122,0.9999195337295532,0.8249791860580444,0.8248222470283508,0.999378502368927,0.0006219963543117046,0.003851237241178751,0.9999191164970398,0.8468936681747437,0.8465291261672974
44.0,0.0,0.999343752861023,0.0006572501151822507,0.0038141608238220215,0.9999212026596069,0.8254523277282715,0.8252080678939819,0.9996223449707031,0.00037818888085894287,0.0044561270624399185,0.9999105334281921,0.8449564576148987,0.8449426889419556
44.0,1.0,0.9994837045669556,0.0005164244794286788,0.0038783897180110216,0.9999186396598816,0.8321146368980408,0.8319977521896362,0.9990590214729309,0.0009409614722244442,0.004174069967120886,0.9999186992645264,0.8183320760726929,0.8178090453147888
44.0,2.0,0.9993643164634705,0.0006360198021866381,0.004080839455127716,0.9999169111251831,0.833737313747406,0.8335071206092834,0.9995399117469788,0.0004608584276866168,0.003461591200903058,0.9999278783798218,0.8118394613265991,0.8117676377296448
44.0,3.0,0.9994001984596252,0.0006003858288750052,0.004015609156340361,0.9999183416366577,0.8305128216743469,0.8302696347236633,0.9993915557861328,0.0006087396177463233,0.0037839438300579786,0.9999209046363831,0.8247362375259399,0.8247184157371521
44.0,4.0,0.999404788017273,0.0005957108805887401,0.004008741583675146,0.999919056892395,0.824978232383728,0.8248222470283508,0.9993768930435181,0.0006238153437152505,0.0038382362108677626,0.9999185800552368,0.8468890190124512,0.8465282917022705
45.0,0.0,0.9993428587913513,0.0006572502898052335,0.0038253976963460445,0.9999212622642517,0.825452446937561,0.8252070546150208,0.9996253252029419,0.00037494723801501095,0.0044905380345880985,0.9999116659164429,0.844955325126648,0.8449451327323914
45.0,1.0,0.9994839429855347,0.0005163081805221736,0.0038905912078917027,0.9999184608459473,0.8321133852005005,0.831996738910675,0.9990595579147339,0.0009408671176061034,0.004220459144562483,0.9999188184738159,0.8183338642120361,0.8178098201751709
45.0,2.0,0.9993637800216675,0.0006361130508594215,0.0040997606702148914,0.9999164938926697,0.8337364196777344,0.8335065245628357,0.9995397329330444,0.00046076212311163545,0.0034508504904806614,0.99992835521698,0.8118420243263245,0.8117694854736328
45.0,3.0,0.9994015097618103,0.0005989561323076487,0.004004395101219416,0.9999189376831055,0.8305136561393738,0.8302711248397827,0.9993914365768433,0.0006087669753469527,0.0038088280707597733,0.9999203681945801,0.8247352838516235,0.8247175216674805
45.0,4.0,0.9994062185287476,0.0005946403834968805,0.00401223124936223,0.9999198913574219,0.8249801397323608,0.8248233795166016,0.9993764162063599,0.0006241699447855353,0.003812516573816538,0.999918520450592,0.8468875885009766,0.8465248942375183
46.0,0.0,0.9993429183959961,0.0006572390557266772,0.003815445816144347,0.9999213218688965,0.8254510760307312,0.8252070546150208,0.9996245503425598,0.0003756802761927247,0.004514266271144152,0.9999113082885742,0.8449545502662659,0.8449435234069824
46.0,1.0,0.9994845986366272,0.0005155698163434863,0.0038891362491995096,0.9999201893806458,0.8321154713630676,0.8319975137710571,0.9990574717521667,0.0009429690544493496,0.0041204579174518585,0.9999191761016846,0.8183354139328003,0.8178099393844604
46.0,2.0,0.9993626475334167,0.0006376574747264385,0.004072865005582571,0.9999173283576965,0.8337329626083374,0.8335052728652954,0.9995401501655579,0.0004605138092301786,0.003464719280600548,0.9999273419380188,0.8118404746055603,0.8117673993110657
46.0,3.0,0.9994021058082581,0.0005984156741760671,0.003996207378804684,0.9999188780784607,0.8305144906044006,0.8302717208862305,0.9993942975997925,0.0006058560684323311,0.0038713517133146524,0.9999219179153442,0.824743390083313,0.8247223496437073
46.0,4.0,0.9994062185287476,0.0005940073169767857,0.004029836505651474,0.999919593334198,0.8249803781509399,0.8248233795166016,0.9993771910667419,0.0006232202867977321,0.003834011498838663,0.9999188184738159,0.8468899726867676,0.8465272188186646
47.0,0.0,0.9993442893028259,0.0006565709481947124,0.003843665821477771,0.9999210238456726,0.8254512548446655,0.825207531452179,0.9996256232261658,0.0003746381844393909,0.004440836608409882,0.9999116659164429,0.8449556827545166,0.8449448943138123
47.0,1.0,0.9994858503341675,0.00051477225497365,0.003915766719728708,0.9999192953109741,0.8321164846420288,0.8319986462593079,0.9990618228912354,0.0009386009769514203,0.004265132360160351,0.999919056892395,0.8183333873748779,0.8178119659423828
47.0,2.0,0.9993654489517212,0.0006345242145471275,0.004117280710488558,0.9999174475669861,0.8337367177009583,0.8335083723068237,0.9995389580726624,0.000461673887912184,0.0034507547970861197,0.9999280571937561,0.8118403553962708,0.8117681741714478
47.0,3.0,0.9994025230407715,0.0005977196269668639,0.00397962611168623,0.9999194145202637,0.8305148482322693,0.830272912979126,0.9993931651115417,0.0006066779606044292,0.003923476208001375,0.9999210834503174,0.8247408866882324,0.8247197866439819
47.0,4.0,0.9994078278541565,0.0005921970005147159,0.004026436246931553,0.9999198317527771,0.8249788880348206,0.8248247504234314,0.9993791580200195,0.0006212222506292164,0.0038320717867463827,0.9999192953109741,0.846891462802887,0.8465296030044556
48.0,0.0,0.9993452429771423,0.0006551453261636198,0.0038624752778559923,0.9999220967292786,0.8254531621932983,0.825209379196167,0.999628484249115,0.00037197687197476625,0.004468090832233429,0.999912679195404,0.8449588418006897,0.8449476957321167
48.0,1.0,0.9994861483573914,0.0005141337751410902,0.003907699137926102,0.999919056892395,0.8321158289909363,0.8319990634918213,0.9990667700767517,0.0009333734633401036,0.00423682713881135,0.9999204277992249,0.8183332085609436,0.817816436290741
48.0,2.0,0.999366283416748,0.0006332083721645176,0.0041176630184054375,0.9999184012413025,0.8337362408638,0.8335095643997192,0.9995423555374146,0.00045835867058485746,0.003530458314344287,0.9999280571937561,0.8118419647216797,0.811771035194397
48.0,3.0,0.9994017481803894,0.0005985056632198393,0.004035601858049631,0.9999197721481323,0.8305108547210693,0.8302720785140991,0.9993934035301208,0.0006064848275855184,0.003856335999444127,0.999921441078186,0.8247411847114563,0.8247207403182983
48.0,4.0,0.9994082450866699,0.0005920996190980077,0.0040390570648014545,0.9999198317527771,0.8249754309654236,0.8248245716094971,0.9993728995323181,0.0006272593745961785,0.003917662892490625,0.9999187588691711,0.8468769192695618,0.8465228080749512
49.0,0.0,0.999345600605011,0.0006540552130900323,0.003867986612021923,0.999922513961792,0.825451672077179,0.8252095580101013,0.9996196031570435,0.0003810217313002795,0.00452633248642087,0.9999128580093384,0.8449384570121765,0.844938337802887
49.0,1.0,0.9994840621948242,0.000516147818416357,0.003918864764273167,0.9999198317527771,0.8321105241775513,0.8319965600967407,0.9990687966346741,0.0009313136106356978,0.004246223717927933,0.9999208450317383,0.818337082862854,0.8178174495697021
49.0,2.0,0.9993682503700256,0.0006318294326774776,0.0041145458817481995,0.9999184608459473,0.8337381482124329,0.8335098028182983,0.9995405673980713,0.00045987105113454163,0.003547495696693659,0.9999273419380188,0.81183922290802,0.8117671608924866
49.0,3.0,0.9994053244590759,0.000595277058891952,0.004048679023981094,0.9999197125434875,0.8305103182792664,0.8302744030952454,0.9993953108787537,0.0006044633337296546,0.003909185994416475,0.9999220967292786,0.8247429728507996,0.824722170829773
49.0,4.0,0.9994087219238281,0.0005912183551117778,0.0040560439229011536,0.9999200701713562,0.8249751329421997,0.8248257040977478,0.9993761777877808,0.000624088104814291,0.0038908603601157665,0.9999184012413025,0.8468819856643677,0.8465254902839661
50.0,0.0,0.9993489384651184,0.0006518049049191177,0.0038729216903448105,0.9999216794967651,0.8254520297050476,0.8252120614051819,0.999618649482727,0.00038178477552719414,0.004557679872959852,0.9999126195907593,0.8449410796165466,0.8449379205703735
50.0,1.0,0.9994843006134033,0.0005157836130820215,0.003958410117775202,0.9999207258224487,0.8321107029914856,0.8319968581199646,0.9990755319595337,0.0009245806140825152,0.00424843467772007,0.9999203681945801,0.8183351755142212,0.8178260922431946
50.0,2.0,0.999367892742157,0.0006321609253063798,0.004114554729312658,0.9999179244041443,0.8337328433990479,0.8335100412368774,0.9995434284210205,0.000457492598798126,0.0035316140856593847,0.9999281764030457,0.8118444085121155,0.8117702603340149
50.0,3.0,0.999404788017273,0.0005952812498435378,0.00405465392395854,0.9999201893806458,0.8305100202560425,0.8302743434906006,0.9993962645530701,0.0006035877158865333,0.0038945369888097048,0.9999220967292786,0.8247420191764832,0.8247231841087341
50.0,4.0,0.9994091391563416,0.0005908544990234077,0.004038075916469097,0.9999195337295532,0.8249757885932922,0.824826180934906,0.99937903881073,0.0006212862790562212,0.003924134653061628,0.9999201893806458,0.8468899130821228,0.8465293645858765
51.0,0.0,0.9993491172790527,0.0006505366764031351,0.0038989619351923466,0.9999222159385681,0.8254525661468506,0.8252137303352356,0.9996176362037659,0.00038287427742034197,0.004532230086624622,0.9999122619628906,0.8449357151985168,0.8449366092681885
51.0,1.0,0.9994843006134033,0.00051624805200845,0.003959695342928171,0.9999204277992249,0.8321112990379333,0.8319968581199646,0.9990778565406799,0.0009226176771335304,0.004223636817187071,0.9999216198921204,0.8183379173278809,0.8178277611732483
51.0,2.0,0.9993675947189331,0.0006325860158540308,0.004138244315981865,0.9999184012413025,0.8337340354919434,0.833509087562561,0.9995418190956116,0.00045856027281843126,0.003513376461341977,0.9999282360076904,0.8118460178375244,0.8117705583572388
51.0,3.0,0.9994055032730103,0.0005950206541456282,0.004034527577459812,0.9999198913574219,0.8305115699768066,0.8302749395370483,0.9993970990180969,0.0006027945200912654,0.0039218394085764885,0.9999220967292786,0.8247427344322205,0.8247236013412476
51.0,4.0,0.9994093775749207,0.0005904501304030418,0.004032221157103777,0.9999201893806458,0.824976921081543,0.8248264789581299,0.9993777275085449,0.0006220446084626019,0.0038613006472587585,0.9999196529388428,0.8468889594078064,0.8465281128883362
52.0,0.0,0.9993494749069214,0.0006507451180368662,0.0039108023047447205,0.999923586845398,0.8254529237747192,0.8252133131027222,0.9996198415756226,0.00038070083246566355,0.0044417292810976505,0.9999123811721802,0.844940721988678,0.8449375629425049
52.0,1.0,0.9994854927062988,0.0005150268552824855,0.003957140259444714,0.9999197721481323,0.8321114182472229,0.8319975733757019,0.9990778565406799,0.0009226241963915527,0.0042722574435174465,0.9999215602874756,0.8183372020721436,0.8178279995918274
52.0,2.0,0.9993686079978943,0.0006314193014986813,0.004145757295191288,0.9999188184738159,0.8337323069572449,0.83351069688797,0.9995445609092712,0.00045607821084558964,0.0035496889613568783,0.9999281167984009,0.8118427395820618,0.8117725849151611
52.0,3.0,0.9994062781333923,0.0005938924150541425,0.004050818737596273,0.9999193549156189,0.830511748790741,0.8302752375602722,0.999396026134491,0.0006039224681444466,0.003881886601448059,0.9999216794967651,0.8247418999671936,0.8247227072715759
52.0,4.0,0.9994074106216431,0.0005926471785642207,0.0040130517445504665,0.9999205470085144,0.8249772191047668,0.8248240947723389,0.9993802309036255,0.0006205302779562771,0.003951445687562227,0.9999202489852905,0.8468877077102661,0.8465291261672974
53.0,0.0,0.9993501305580139,0.0006499865557998419,0.003907065372914076,0.999922513961792,0.8254542350769043,0.8252140283584595,0.9996212124824524,0.00037881621392443776,0.004490502644330263,0.9999134540557861,0.8449382781982422,0.8449398279190063
53.0,1.0,0.999485433101654,0.0005144403548911214,0.003954343032091856,0.9999207258224487,0.8321124911308289,0.8319978713989258,0.9990749359130859,0.0009254278265871108,0.004226165357977152,0.9999208450317383,0.8183383941650391,0.8178263306617737
53.0,2.0,0.999370276927948,0.0006295903585851192,0.004141176585108042,0.9999191761016846,0.8337362408638,0.8335130214691162,0.9995393753051758,0.00046095121069811285,0.0035179632250219584,0.999927282333374,0.8118450045585632,0.811767578125
53.0,3.0,0.9994060397148132,0.00059465819504112,0.0040594227612018585,0.9999207258224487,0.8305158615112305,0.8302761316299438,0.9993975758552551,0.0006027487106621265,0.0038905914407223463,0.9999220967292786,0.8247418403625488,0.8247234225273132
53.0,4.0,0.9994118809700012,0.0005887606530450284,0.004058833234012127,0.9999209642410278,0.8249820470809937,0.8248281478881836,0.9993804097175598,0.0006197436014190316,0.003947161603718996,0.9999194145202637,0.8468962907791138,0.8465299010276794
54.0,0.0,0.9993482828140259,0.0006519245216622949,0.0038643083535134792,0.9999231696128845,0.8254554271697998,0.8252127766609192,0.9996328353881836,0.00036744249518960714,0.004400614183396101,0.9999138712882996,0.8449655175209045,0.8449521660804749
54.0,1.0,0.9994890093803406,0.0005113936495035887,0.003899534232914448,0.9999209046363831,0.8321194052696228,0.832001268863678,0.9990680813789368,0.0009320352110080421,0.004239282570779324,0.9999212026596069,0.8183348774909973,0.8178178668022156
54.0,2.0,0.9993702173233032,0.0006295550265349448,0.004114220850169659,0.9999189376831055,0.8337401151657104,0.8335120677947998,0.9995443224906921,0.0004563122056424618,0.0035464782267808914,0.9999284744262695,0.8118432760238647,0.8117704391479492
54.0,3.0,0.999407172203064,0.0005933850770816207,0.004047169350087643,0.9999198317527771,0.8305171132087708,0.8302758932113647,0.9993951916694641,0.0006050142110325396,0.0038758828304708004,0.9999213218688965,0.8247377276420593,0.8247218728065491
54.0,4.0,0.9994104504585266,0.0005892121116630733,0.0040703024715185165,0.9999207258224487,0.8249807357788086,0.8248273134231567,0.999383270740509,0.0006170941633172333,0.003861017059534788,0.9999207854270935,0.8469017744064331,0.8465351462364197
55.0,0.0,0.9993476271629333,0.000652188085950911,0.0038790954276919365,0.9999223947525024,0.8254562616348267,0.8252124190330505,0.9996318221092224,0.0003684621478896588,0.004471419844776392,0.9999133944511414,0.8449609279632568,0.8449509143829346
55.0,1.0,0.9994894862174988,0.0005104312440380454,0.003941095434129238,0.9999210834503174,0.8321186304092407,0.8320021033287048,0.9990692734718323,0.0009309102897532284,0.004300280008465052,0.9999212026596069,0.8183378577232361,0.8178183436393738
55.0,2.0,0.9993718862533569,0.0006285994895733893,0.0041552395559847355,0.9999188780784607,0.8337411284446716,0.8335133790969849,0.9995444416999817,0.0004560953821055591,0.0035027426201850176,0.9999290108680725,0.8118448853492737,0.811772346496582
55.0,3.0,0.9994080662727356,0.0005925697623752058,0.004049642477184534,0.9999208450317383,0.8305196762084961,0.8302775025367737,0.999397337436676,0.0006026408518664539,0.00383614469319582,0.9999220371246338,0.8247404098510742,0.824722945690155
55.0,4.0,0.9994117021560669,0.0005886628641746938,0.004047933500260115,0.9999216198921204,0.824983537197113,0.8248283863067627,0.9993841648101807,0.0006159899057820439,0.003845698432996869,0.9999213814735413,0.8468928933143616,0.846531867980957
56.0,0.0,0.9993485808372498,0.0006514185224659741,0.003911337815225124,0.9999223351478577,0.8254547119140625,0.825211763381958,0.9996321201324463,0.00036823670961894095,0.004534596111625433,0.99991375207901,0.8449610471725464,0.8449515104293823
56.0,1.0,0.999491274356842,0.0005093800718896091,0.003953414969146252,0.9999216198921204,0.8321213126182556,0.8320039510726929,0.9990692138671875,0.0009311916655860841,0.004289444535970688,0.999921441078186,0.8183378577232361,0.8178187012672424
56.0,2.0,0.9993708729743958,0.0006287188734859228,0.004180063493549824,0.9999187588691711,0.8337417840957642,0.833513081073761,0.9995399117469788,0.0004606279544532299,0.0035712886601686478,0.9999281764030457,0.8118441104888916,0.8117693066596985
56.0,3.0,0.9994080662727356,0.0005925549776293337,0.0040534986183047295,0.9999198913574219,0.8305186629295349,0.8302761316299438,0.9993957281112671,0.00060423364629969,0.0039043379947543144,0.9999217987060547,0.8247398138046265,0.824722409248352
56.0,4.0,0.9994121789932251,0.0005882178083993495,0.004082708153873682,0.9999215602874756,0.8249829411506653,0.8248282074928284,0.9993835687637329,0.0006165871163830161,0.003873511217534542,0.9999209046363831,0.8468921184539795,0.8465306758880615
57.0,0.0,0.9993485808372498,0.0006516686407849193,0.003945562522858381,0.9999231696128845,0.8254547119140625,0.8252112865447998,0.9996337294578552,0.0003666536358650774,0.004567388445138931,0.9999138116836548,0.8449611663818359,0.8449511528015137
57.0,1.0,0.9994903802871704,0.000509861740283668,0.003982799593359232,0.9999217391014099,0.8321207761764526,0.8320030570030212,0.9990696310997009,0.0009305839193984866,0.004381753969937563,0.9999213814735413,0.8183377385139465,0.8178201913833618
57.0,2.0,0.9993724822998047,0.0006277404027059674,0.004199410788714886,0.9999189972877502,0.8337430953979492,0.8335138559341431,0.9995428323745728,0.00045785217662341893,0.003576599759981036,0.9999286532402039,0.8118454217910767,0.8117713332176208
57.0,3.0,0.9994087815284729,0.0005917278467677534,0.004077448043972254,0.9999213218688965,0.8305185437202454,0.8302783966064453,0.9993982911109924,0.0006020018481649458,0.003913627006113529,0.9999226927757263,0.824744462966919,0.8247240781784058
57.0,4.0,0.999413251876831,0.0005874643684364855,0.0041054412722587585,0.9999212026596069,0.8249845504760742,0.8248291015625,0.9993835687637329,0.0006169899133965373,0.003976263105869293,0.9999207854270935,0.8468940854072571,0.8465327620506287
58.0,0.0,0.9993492960929871,0.0006514029810205102,0.003930479288101196,0.9999220967292786,0.8254536986351013,0.8252112865447998,0.9996359348297119,0.0003640645300038159,0.00454377755522728,0.9999145269393921,0.844967782497406,0.8449557423591614
58.0,1.0,0.9994910955429077,0.0005088124889880419,0.003972838632762432,0.9999217391014099,0.8321219682693481,0.8320034742355347,0.9990682005882263,0.0009321951656602323,0.00432583736255765,0.9999212026596069,0.8183386921882629,0.8178187608718872
58.0,2.0,0.9993723630905151,0.0006275486666709185,0.004208247642964125,0.9999198913574219,0.8337428569793701,0.8335139155387878,0.9995453953742981,0.00045487843453884125,0.0035904310643672943,0.9999292492866516,0.8118496537208557,0.8117753863334656
58.0,3.0,0.9994093179702759,0.0005910116015002131,0.004105770029127598,0.9999210834503174,0.8305192589759827,0.8302783966064453,0.9993979930877686,0.0006021648878231645,0.003941698931157589,0.9999223351478577,0.8247421979904175,0.8247238397598267
58.0,4.0,0.9994134306907654,0.0005873011541552842,0.004112058784812689,0.9999217987060547,0.8249844908714294,0.8248297572135925,0.9993842244148254,0.0006160659249871969,0.003890305059030652,0.9999210238456726,0.8468940258026123,0.8465326428413391
59.0,0.0,0.9993503093719482,0.0006504319026134908,0.003975111525505781,0.9999234676361084,0.8254553079605103,0.8252132534980774,0.9996358752250671,0.00036463901051320136,0.004476062022149563,0.9999136924743652,0.8449666500091553,0.8449530601501465
59.0,1.0,0.999491274356842,0.0005088123143650591,0.004003534093499184,0.9999209046363831,0.8321200013160706,0.8320032358169556,0.9990707039833069,0.0009294162737205625,0.004407256841659546,0.999921441078186,0.8183367252349854,0.8178198933601379
59.0,2.0,0.9993731379508972,0.0006271239835768938,0.004198248498141766,0.9999193549156189,0.8337424993515015,0.8335154056549072,0.999545156955719,0.0004552158934529871,0.0035495792981237173,0.9999291300773621,0.8118475079536438,0.8117725849151611
59.0,3.0,0.9994086027145386,0.0005915104993619025,0.004116297233849764,0.9999212622642517,0.8305184841156006,0.8302780389785767,0.9993969202041626,0.000603041669819504,0.0039501432329416275,0.999922513961792,0.8247450590133667,0.8247238993644714
59.0,4.0,0.9994129538536072,0.00058679876383394,0.004100484773516655,0.9999207258224487,0.8249842524528503,0.8248292207717896,0.9993846416473389,0.000615644792560488,0.003878804622218013,0.9999218583106995,0.846895158290863,0.8465344905853271
60.0,0.0,0.9993504881858826,0.0006489490624517202,0.003952440340071917,0.9999237060546875,0.825455904006958,0.8252134919166565,0.9996392130851746,0.0003608363913372159,0.004501851741224527,0.9999150037765503,0.8449700474739075,0.8449569940567017
60.0,1.0,0.9994935393333435,0.000506439944729209,0.003965187352150679,0.9999218583106995,0.8321211934089661,0.8320052027702332,0.9990715384483337,0.0009282383834943175,0.004420108627527952,0.9999217987060547,0.8183367252349854,0.81782066822052
60.0,2.0,0.9993739128112793,0.0006254327017813921,0.00419085705652833,0.9999204277992249,0.8337432146072388,0.8335158228874207,0.9995501637458801,0.0004502474912442267,0.003556452225893736,0.9999299645423889,0.8118477463722229,0.8117763996124268
60.0,3.0,0.9994129538536072,0.0005874565104022622,0.004089684225618839,0.9999215006828308,0.8305231928825378,0.8302816152572632,0.9993993043899536,0.0006007450865581632,0.00392704363912344,0.9999229907989502,0.8247433304786682,0.8247244954109192
60.0,4.0,0.9994157552719116,0.0005845252308063209,0.004098133184015751,0.9999222755432129,0.8249866962432861,0.8248316049575806,0.9993883371353149,0.0006117678713053465,0.0038951158057898283,0.9999220967292786,0.8469018936157227,0.8465373516082764
61.0,0.0,0.9993520975112915,0.0006476551061496139,0.0039601922035217285,0.9999242424964905,0.8254587650299072,0.8252152800559998,0.9996405243873596,0.0003597420873120427,0.004531542770564556,0.999915599822998,0.8449722528457642,0.8449581265449524
61.0,1.0,0.9994950890541077,0.0005053174099884927,0.003982929512858391,0.999921977519989,0.8321236371994019,0.8320069313049316,0.9990721940994263,0.0009280906524509192,0.00440606102347374,0.9999217987060547,0.8183374404907227,0.8178210258483887
61.0,2.0,0.99937504529953,0.0006247581331990659,0.004198454320430756,0.9999197721481323,0.8337451219558716,0.8335171341896057,0.9995505809783936,0.0004500329087022692,0.0035733620170503855,0.9999311566352844,0.8118507266044617,0.8117783665657043
61.0,3.0,0.9994123578071594,0.0005870542372576892,0.004109088331460953,0.9999225735664368,0.8305233120918274,0.8302814364433289,0.9993994832038879,0.0006005653413012624,0.0039437152445316315,0.9999227523803711,0.8247444033622742,0.8247247934341431
61.0,4.0,0.9994156360626221,0.0005843613180331886,0.004127226769924164,0.9999220371246338,0.8249871134757996,0.824832022190094,0.9993888735771179,0.0006112233968451619,0.003895967034623027,0.9999223947525024,0.8469017148017883,0.8465383052825928
62.0,0.0,0.9993523359298706,0.0006474340916611254,0.003954504616558552,0.9999241828918457,0.8254587054252625,0.825215756893158,0.999640941619873,0.0003593283472582698,0.004545088857412338,0.9999163150787354,0.8449724316596985,0.8449590802192688
62.0,1.0,0.9994949102401733,0.0005051393527537584,0.003995366394519806,0.9999229907989502,0.8321245312690735,0.8320072889328003,0.9990720748901367,0.0009280970552936196,0.0044129882007837296,0.9999219179153442,0.8183372020721436,0.8178210258483887
62.0,2.0,0.9993755221366882,0.0006244812975637615,0.0042025186121463776,0.9999200105667114,0.8337447643280029,0.8335167169570923,0.9995502829551697,0.00044991617323830724,0.0035950299352407455,0.999930739402771,0.8118507266044617,0.8117782473564148
62.0,3.0,0.9994131326675415,0.0005867247236892581,0.004115202929824591,0.9999225735664368,0.8305237293243408,0.8302822709083557,0.9993996024131775,0.0006005024770274758,0.003967008553445339,0.9999228119850159,0.8247451186180115,0.8247255086898804
62.0,4.0,0.9994162917137146,0.0005837962962687016,0.004128999542444944,0.999921977519989,0.82498699426651,0.8248328566551208,0.9993889927864075,0.0006111208349466324,0.003910617902874947,0.9999224543571472,0.8469018936157227,0.8465380072593689
63.0,0.0,0.9993532299995422,0.0006473279208876193,0.003965853247791529,0.9999240636825562,0.8254583477973938,0.8252156376838684,0.9996426701545715,0.00035735659184865654,0.00453864224255085,0.9999162554740906,0.8449722528457642,0.8449618220329285
63.0,1.0,0.9994954466819763,0.0005044648423790932,0.004001508001238108,0.9999223351478577,0.8321249485015869,0.832008421421051,0.999072253704071,0.0009280965314246714,0.004405214451253414,0.9999218583106995,0.818336546421051,0.8178208470344543
63.0,2.0,0.9993754625320435,0.0006237695924937725,0.0042072469368577,0.9999203085899353,0.8337451815605164,0.8335176706314087,0.9995507597923279,0.0004499887872952968,0.0035904734395444393,0.9999303221702576,0.811850905418396,0.8117783665657043
63.0,3.0,0.9994137287139893,0.0005862789694219828,0.004110409878194332,0.9999223947525024,0.8305236101150513,0.8302831649780273,0.99940025806427,0.0005997946718707681,0.003974752966314554,0.9999229907989502,0.8247449994087219,0.8247266411781311
63.0,4.0,0.9994168281555176,0.0005834344774484634,0.004126673564314842,0.9999220967292786,0.8249872922897339,0.8248330354690552,0.9993891716003418,0.0006110771209932864,0.003917912021279335,0.9999226927757263,0.8469017148017883,0.846538245677948
64.0,0.0,0.9993528127670288,0.0006471223314292729,0.003963910508900881,0.9999235272407532,0.8254587054252625,0.8252163529396057,0.9996435642242432,0.0003564542275853455,0.004559365566819906,0.9999162554740906,0.8449723720550537,0.844961941242218
64.0,1.0,0.9994956851005554,0.000504172989167273,0.004004368092864752,0.9999224543571472,0.8321243524551392,0.8320085406303406,0.9990724325180054,0.0009278334910050035,0.004412499256432056,0.9999219179153442,0.8183372020721436,0.8178215622901917
64.0,2.0,0.9993759989738464,0.0006234913598746061,0.0042058429680764675,0.9999205470085144,0.833745002746582,0.8335182666778564,0.9995499849319458,0.00045003171544522047,0.0035951179452240467,0.9999306797981262,0.8118506669998169,0.8117782473564148
64.0,3.0,0.9994142651557922,0.0005861431127414107,0.004116775467991829,0.9999227523803711,0.8305234313011169,0.8302832245826721,0.999400794506073,0.0005993369268253446,0.003976857755333185,0.9999229907989502,0.8247450590133667,0.8247268795967102
64.0,4.0,0.999417245388031,0.0005832117749378085,0.004135331138968468,0.9999222159385681,0.82498699426651,0.8248335123062134,0.9993890523910522,0.0006108300876803696,0.003911701031029224,0.9999226331710815,0.8469015955924988,0.8465380668640137
65.0,0.0,0.9993534684181213,0.0006469523068517447,0.003974375315010548,0.9999235272407532,0.8254586458206177,0.8252164125442505,0.9996436238288879,0.0003565744555089623,0.004559650085866451,0.9999162554740906,0.8449721932411194,0.8449625372886658
65.0,1.0,0.999495804309845,0.0005040731630288064,0.004005754832178354,0.9999222755432129,0.8321245312690735,0.8320081233978271,0.9990726709365845,0.000927645422052592,0.004416992887854576,0.9999220967292786,0.8183372020721436,0.8178215026855469
65.0,2.0,0.9993764162063599,0.000623370404355228,0.004216369707137346,0.9999204874038696,0.8337451815605164,0.833518385887146,0.9995508193969727,0.000449854094767943,0.003609033999964595,0.999930739402771,0.8118508458137512,0.8117783665657043
65.0,3.0,0.9994139671325684,0.0005860566743649542,0.004128723405301571,0.9999223351478577,0.8305230140686035,0.8302830457687378,0.9994009137153625,0.0005992380320094526,0.003979145083576441,0.9999232292175293,0.8247450590133667,0.8247266411781311
65.0,4.0,0.9994170665740967,0.0005831128801219165,0.004139136057347059,0.9999228715896606,0.8249868750572205,0.8248334527015686,0.9993894100189209,0.0006108988309279084,0.0039258478209376335,0.9999226331710815,0.846901535987854,0.846538245677948
66.0,0.0,0.99935382604599,0.0006469168001785874,0.003982469905167818,0.9999241232872009,0.8254587650299072,0.8252164125442505,0.9996441006660461,0.0003562278870958835,0.004560575820505619,0.9999159574508667,0.8449719548225403,0.8449628949165344
66.0,1.0,0.9994964003562927,0.0005039662937633693,0.004016502760350704,0.9999223947525024,0.8321245908737183,0.8320085406303406,0.9990725517272949,0.0009275409393012524,0.0044159418903291225,0.999921977519989,0.8183373808860779,0.8178215026855469
66.0,2.0,0.9993764162063599,0.0006233093445189297,0.004222333896905184,0.9999200105667114,0.8337451219558716,0.8335185647010803,0.9995506405830383,0.0004498788039200008,0.003598515409976244,0.9999306797981262,0.8118506073951721,0.81177818775177
66.0,3.0,0.9994136095046997,0.0005859757657162845,0.0041364943608641624,0.9999218583106995,0.8305234909057617,0.8302826285362244,0.999400794506073,0.0005991824436932802,0.003970467019826174,0.9999231100082397,0.824745237827301,0.8247266411781311
66.0,4.0,0.999417245388031,0.0005830104346387088,0.00413003284484148,0.999921977519989,0.824987530708313,0.8248335123062134,0.9993890523910522,0.000610924675129354,0.003937931731343269,0.9999223947525024,0.8469016551971436,0.8465383052825928
67.0,0.0,0.9993534088134766,0.0006468606879934669,0.0039864806458354,0.9999244213104248,0.825458288192749,0.8252167105674744,0.9996439218521118,0.00035602255957201123,0.004567147232592106,0.9999164342880249,0.8449722528457642,0.8449626564979553
67.0,1.0,0.9994960427284241,0.0005038498784415424,0.0040161325596272945,0.9999229907989502,0.8321244120597839,0.8320085406303406,0.9990725517272949,0.0009275421034544706,0.004424447659403086,0.9999219179153442,0.8183372020721436,0.8178214430809021
67.0,2.0,0.9993767738342285,0.0006231580046005547,0.004220294300466776,0.9999204277992249,0.8337451219558716,0.8335183262825012,0.9995502829551697,0.0004500685608945787,0.0036082053557038307,0.9999304413795471,0.8118504881858826,0.8117781281471252
67.0,3.0,0.9994136691093445,0.0005859835655428469,0.004130993038415909,0.9999223947525024,0.8305234909057617,0.8302828669548035,0.9994012713432312,0.0005989319179207087,0.003973976243287325,0.9999233484268188,0.8247448801994324,0.8247271776199341
67.0,4.0,0.9994173049926758,0.0005828962312079966,0.004144847858697176,0.9999223351478577,0.82498699426651,0.8248334527015686,0.9993896484375,0.0006108712404966354,0.003935712855309248,0.999922513961792,0.8469018936157227,0.8465384244918823
68.0,0.0,0.9993540644645691,0.0006467414787039161,0.003988579381257296,0.9999240636825562,0.8254587650299072,0.8252170085906982,0.9996442198753357,0.0003559472388587892,0.0045626466162502766,0.9999164342880249,0.8449723124504089,0.8449625968933105
68.0,1.0,0.9994962215423584,0.000503771414514631,0.004017229657620192,0.9999220967292786,0.8321243524551392,0.8320083022117615,0.9990726113319397,0.0009274919866584241,0.00442401971668005,0.9999220967292786,0.8183372616767883,0.8178213238716125
68.0,2.0,0.9993771314620972,0.0006231124862097204,0.00423990935087204,0.9999205470085144,0.8337456583976746,0.8335186243057251,0.999550461769104,0.00045005150604993105,0.003612354164943099,0.9999305605888367,0.8118506669998169,0.8117783665657043
68.0,3.0,0.9994139075279236,0.0005859323428012431,0.004137330688536167,0.9999221563339233,0.830523669719696,0.8302826285362244,0.9994014501571655,0.0005987816257402301,0.003980063367635012,0.9999235272407532,0.8247449994087219,0.8247271776199341
68.0,4.0,0.9994179606437683,0.0005828296416439116,0.004142282996326685,0.9999216794967651,0.8249872922897339,0.8248339891433716,0.9993892312049866,0.0006109550013206899,0.0039455178193748,0.9999226927757263,0.8469018340110779,0.8465381860733032
69.0,0.0,0.9993529915809631,0.0006467353668995202,0.003996613435447216,0.9999244809150696,0.8254584670066833,0.8252162933349609,0.9996441006660461,0.0003559545148164034,0.004555103834718466,0.9999163150787354,0.8449722528457642,0.844963014125824
69.0,1.0,0.9994967579841614,0.000503726361785084,0.004017511382699013,0.9999228715896606,0.8321242928504944,0.8320086598396301,0.9990727305412292,0.0009275292395614088,0.004432965535670519,0.9999220967292786,0.8183373212814331,0.8178216814994812
69.0,2.0,0.9993770122528076,0.0006230823928490281,0.00423498684540391,0.9999200701713562,0.833745539188385,0.8335191607475281,0.9995508193969727,0.00044974253978580236,0.0036035969387739897,0.9999309778213501,0.8118508458137512,0.8117784857749939
69.0,3.0,0.9994137287139893,0.0005858903168700635,0.004144031088799238,0.9999220967292786,0.8305231928825378,0.8302829265594482,0.9994013905525208,0.0005987202166579664,0.0039843302220106125,0.9999232888221741,0.8247449398040771,0.8247270584106445
69.0,4.0,0.9994179010391235,0.0005828170687891543,0.00415925495326519,0.9999229907989502,0.8249874114990234,0.824833869934082,0.9993895888328552,0.0006109077949076891,0.003941868431866169,0.999922513961792,0.8469018340110779,0.8465383052825928
70.0,0.0,0.9993530511856079,0.0006466720951721072,0.004001899156719446,0.9999240636825562,0.8254585266113281,0.8252161741256714,0.99964439868927,0.00035600829869508743,0.004567882511764765,0.9999163746833801,0.8449723720550537,0.8449626564979553
70.0,1.0,0.9994959831237793,0.0005037222290411592,0.0040214709006249905,0.9999224543571472,0.8321248292922974,0.8320086598396301,0.9990726709365845,0.0009274345939047635,0.004424923565238714,0.999921977519989,0.8183372616767883,0.8178215026855469
70.0,2.0,0.9993767142295837,0.0006230482249520719,0.004239815752953291,0.9999203681945801,0.833745002746582,0.833518385887146,0.9995507001876831,0.0004498128255363554,0.0036072249058634043,0.9999302625656128,0.8118506669998169,0.81177818775177
70.0,3.0,0.9994147419929504,0.0005858666263520718,0.004146415274590254,0.9999220371246338,0.8305228352546692,0.8302827477455139,0.999401330947876,0.0005987490876577795,0.003982100635766983,0.999923586845398,0.8247450590133667,0.824726939201355
70.0,4.0,0.9994179010391235,0.0005827719578519464,0.004152624402195215,0.9999222755432129,0.8249871134757996,0.8248336315155029,0.9993894100189209,0.0006108363159000874,0.003953557927161455,0.9999226927757263,0.8469017148017883,0.8465380072593689
71.0,0.0,0.9993534088134766,0.0006466425256803632,0.004000263754278421,0.99992436170578,0.8254587054252625,0.8252163529396057,0.9996437430381775,0.00035613722866401076,0.004574091639369726,0.9999162554740906,0.8449723124504089,0.8449622988700867
71.0,1.0,0.9994964599609375,0.0005036857328377664,0.004034454468637705,0.9999220371246338,0.8321243524551392,0.8320087790489197,0.9990725517272949,0.0009274660842493176,0.00443826150149107,0.9999222159385681,0.8183373212814331,0.8178215622901917
71.0,2.0,0.9993770718574524,0.0006230270373634994,0.004243627656251192,0.9999204277992249,0.833745539188385,0.8335182070732117,0.9995508790016174,0.00044963127584196627,0.003607527818530798,0.9999305009841919,0.8118507266044617,0.81177818775177
71.0,3.0,0.9994142651557922,0.0005857953801751137,0.004143489059060812,0.9999221563339233,0.8305234909057617,0.8302829265594482,0.9994013905525208,0.0005987308686599135,0.003980460576713085,0.9999232888221741,0.8247449994087219,0.8247272968292236
71.0,4.0,0.9994177222251892,0.0005827681161463261,0.004165448248386383,0.9999223947525024,0.82498699426651,0.8248337507247925,0.9993892908096313,0.0006107689114287496,0.003948729485273361,0.9999225735664368,0.8469017148017883,0.8465383052825928
72.0,0.0,0.9993535280227661,0.0006466047489084303,0.003996948711574078,0.9999246001243591,0.8254591822624207,0.8252167105674744,0.9996442198753357,0.00035569287138059735,0.0045842514373362064,0.9999163746833801,0.8449720740318298,0.8449628949165344
72.0,1.0,0.9994962811470032,0.0005036647780798376,0.004031650256365538,0.9999228715896606,0.8321244716644287,0.8320086002349854,0.9990730881690979,0.0009274163749068975,0.004458538256585598,0.9999222159385681,0.8183371424674988,0.8178216814994812
72.0,2.0,0.9993763566017151,0.0006230075377970934,0.004247057251632214,0.9999207258224487,0.8337452411651611,0.833518385887146,0.9995508193969727,0.00044966369750909507,0.0036248103715479374,0.9999304413795471,0.8118508458137512,0.8117781281471252
72.0,3.0,0.9994142651557922,0.0005857814685441554,0.00415122089907527,0.9999226331710815,0.8305233120918274,0.830282986164093,0.999401330947876,0.0005986206233501434,0.0039905947633087635,0.9999231696128845,0.8247448205947876,0.824726939201355
72.0,4.0,0.9994173049926758,0.0005827212007716298,0.0041641052812337875,0.9999221563339233,0.8249871134757996,0.8248335719108582,0.9993896484375,0.0006108059897087514,0.003952349070459604,0.9999225735664368,0.8469017148017883,0.8465383648872375
73.0,0.0,0.9993539452552795,0.0006465687765739858,0.004003086593002081,0.9999240636825562,0.8254587650299072,0.8252163529396057,0.99964439868927,0.0003559021861292422,0.004587365314364433,0.9999160170555115,0.8449723124504089,0.8449626564979553
73.0,1.0,0.9994961619377136,0.0005036435322836041,0.004035070072859526,0.9999225735664368,0.8321244120597839,0.8320086598396301,0.9990725517272949,0.0009273642208427191,0.004453292116522789,0.9999220371246338,0.8183373808860779,0.8178215026855469
73.0,2.0,0.9993770718574524,0.0006229623686522245,0.004245143383741379,0.9999203681945801,0.8337452411651611,0.8335186839103699,0.9995511770248413,0.0004495269095059484,0.003637174842879176,0.9999304413795471,0.8118506669998169,0.8117782473564148
73.0,3.0,0.9994143843650818,0.0005856279749423265,0.004164889920502901,0.9999226927757263,0.8305237889289856,0.830282986164093,0.9994011521339417,0.0005985954194329679,0.003983141388744116,0.999923586845398,0.8247449994087219,0.8247269988059998
73.0,4.0,0.9994176030158997,0.0005825376720167696,0.004155094735324383,0.9999229311943054,0.8249872922897339,0.8248335719108582,0.9993897676467896,0.0006107292138040066,0.0039575244300067425,0.999922513961792,0.8469018340110779,0.8465384244918823
74.0,0.0,0.9993538856506348,0.0006465892074629664,0.003993763588368893,0.999923825263977,0.8254584670066833,0.8252168893814087,0.9996454119682312,0.0003549181274138391,0.004599957726895809,0.9999164342880249,0.844973623752594,0.8449636101722717
74.0,1.0,0.9994959235191345,0.0005034151836298406,0.004034761339426041,0.9999226927757263,0.8321247696876526,0.8320080637931824,0.9990726113319397,0.0009274018229916692,0.004454153589904308,0.9999220967292786,0.8183372616767883,0.8178218007087708
74.0,2.0,0.9993777871131897,0.0006227146368473768,0.004243542905896902,0.9999203681945801,0.8337457180023193,0.8335192203521729,0.9995508193969727,0.00044980033999308944,0.003606445388868451,0.9999306201934814,0.8118507862091064,0.8117782473564148
74.0,3.0,0.9994146823883057,0.0005855185445398092,0.004159722942858934,0.9999223947525024,0.830524742603302,0.8302834630012512,0.9994014501571655,0.0005986246978864074,0.0039770333096385,0.9999233484268188,0.8247448801994324,0.8247272968292236
74.0,4.0,0.9994179010391235,0.0005824377876706421,0.0041643232107162476,0.9999226331710815,0.8249874711036682,0.8248335123062134,0.9993892312049866,0.0006108006928116083,0.0039589898660779,0.9999227523803711,0.8469017148017883,0.8465384244918823
75.0,0.0,0.999353289604187,0.0006465553888119757,0.004003561567515135,0.99992436170578,0.8254588842391968,0.8252163529396057,0.9996457695960999,0.00035466751432977617,0.004599692765623331,0.9999165534973145,0.8449745774269104,0.8449642658233643
75.0,1.0,0.9994962811470032,0.0005033524939790368,0.004037030972540379,0.9999229311943054,0.8321248292922974,0.8320088982582092,0.9990728497505188,0.0009273112518712878,0.004459694493561983,0.9999218583106995,0.8183373212814331,0.8178215026855469
75.0,2.0,0.9993776082992554,0.0006226869882084429,0.004251218866556883,0.9999201893806458,0.8337458968162537,0.8335187435150146,0.9995508193969727,0.00044963686377741396,0.003617753740400076,0.9999305605888367,0.8118507862091064,0.8117783069610596
75.0,3.0,0.9994147419929504,0.0005854854243807495,0.004154563881456852,0.9999220967292786,0.8305245041847229,0.8302835822105408,0.9994015097618103,0.0005985579336993396,0.003981962334364653,0.9999232888221741,0.8247450590133667,0.8247271776199341
75.0,4.0,0.9994177222251892,0.0005823869723826647,0.0041618961840868,0.9999225735664368,0.824987530708313,0.824833869934082,0.9993894100189209,0.0006106649525463581,0.003949061036109924,0.9999224543571472,0.8469015955924988,0.8465381860733032
76.0,0.0,0.9993535876274109,0.000646498054265976,0.004008329473435879,0.9999242424964905,0.8254587650299072,0.8252167701721191,0.999645471572876,0.000354551273630932,0.004593828693032265,0.9999164938926697,0.8449745774269104,0.8449638485908508
76.0,1.0,0.9994968175888062,0.0005032634362578392,0.004031741060316563,0.9999226331710815,0.8321249485015869,0.8320087790489197,0.9990727305412292,0.0009273095638491213,0.004468030296266079,0.9999221563339233,0.8183372616767883,0.8178218007087708
76.0,2.0,0.9993774890899658,0.0006226476398296654,0.004259299486875534,0.9999206066131592,0.8337453007698059,0.8335188031196594,0.9995511770248413,0.00044939611689187586,0.0036406118888407946,0.9999306797981262,0.8118507266044617,0.8117783069610596
76.0,3.0,0.9994147419929504,0.0005854119081050158,0.004161092918366194,0.9999218583106995,0.8305239081382751,0.8302832245826721,0.9994015693664551,0.0005985779571346939,0.003981779795140028,0.9999235272407532,0.8247448801994324,0.8247272372245789
76.0,4.0,0.9994180202484131,0.0005823829560540617,0.004171081352978945,0.9999224543571472,0.8249874711036682,0.8248337507247925,0.9993895292282104,0.0006106175715103745,0.003956542816013098,0.999922513961792,0.8469017744064331,0.8465381860733032
77.0,0.0,0.9993533492088318,0.0006464930484071374,0.004011921584606171,0.9999235272407532,0.8254588842391968,0.8252159953117371,0.9996457099914551,0.0003546473744791001,0.004595200531184673,0.9999168515205383,0.8449743390083313,0.8449638485908508
77.0,1.0,0.9994973540306091,0.0005032729241065681,0.004033239092677832,0.9999228119850159,0.8321248292922974,0.8320094347000122,0.9990727305412292,0.000927281565964222,0.004467404447495937,0.9999220967292786,0.8183373212814331,0.8178215026855469
77.0,2.0,0.9993777871131897,0.0006226299447007477,0.004254085477441549,0.9999208450317383,0.8337454199790955,0.8335190415382385,0.9995512366294861,0.00044953860924579203,0.003632368054240942,0.9999305009841919,0.8118507266044617,0.8117784261703491
77.0,3.0,0.9994148015975952,0.0005853672046214342,0.004163913428783417,0.9999223351478577,0.8305243253707886,0.8302835822105408,0.9994014501571655,0.0005986795877106488,0.003990083001554012,0.9999232888221741,0.8247448801994324,0.8247268795967102
77.0,4.0,0.999417245388031,0.0005823620012961328,0.00417376309633255,0.9999223947525024,0.8249878287315369,0.8248335123062134,0.9993895292282104,0.000610654940828681,0.003958071116358042,0.9999224543571472,0.8469016551971436,0.846538245677948
78.0,0.0,0.9993537068367004,0.0006464762263931334,0.004013578873127699,0.9999241232872009,0.8254587650299072,0.8252168297767639,0.999645471572876,0.00035471009323373437,0.004605828318744898,0.999916672706604,0.8449746370315552,0.8449641466140747
78.0,1.0,0.9994962811470032,0.0005032261833548546,0.004048123024404049,0.9999222755432129,0.8321253657341003,0.8320087790489197,0.9990730881690979,0.000927290297113359,0.004467505495995283,0.9999222159385681,0.8183374404907227,0.817821741104126
78.0,2.0,0.9993774890899658,0.0006225915276445448,0.004259622655808926,0.9999200701713562,0.8337456583976746,0.833518922328949,0.9995511174201965,0.00044944597175344825,0.0036192466504871845,0.9999305605888367,0.811850905418396,0.8117783665657043
78.0,3.0,0.9994148015975952,0.0005853684851899743,0.0041696177795529366,0.9999222159385681,0.8305238485336304,0.8302832245826721,0.9994012713432312,0.0005986563046462834,0.003993883728981018,0.9999229907989502,0.8247448801994324,0.8247271776199341
78.0,4.0,0.9994177222251892,0.0005823339452035725,0.004177695605903864,0.9999228119850159,0.824987530708313,0.8248336911201477,0.9993898868560791,0.0006107045337557793,0.003963767550885677,0.9999224543571472,0.8469020128250122,0.8465387225151062
79.0,0.0,0.99935382604599,0.0006464762846007943,0.004013714846223593,0.9999242424964905,0.8254588842391968,0.8252167105674744,0.999646008014679,0.0003546006337273866,0.004608631134033203,0.999916136264801,0.8449745178222656,0.8449639678001404
79.0,1.0,0.9994965195655823,0.000503235962241888,0.0040457118302583694,0.9999226331710815,0.8321253061294556,0.8320087790489197,0.9990729689598083,0.0009272077586501837,0.004472771659493446,0.9999220371246338,0.8183373212814331,0.8178216814994812
79.0,2.0,0.9993776679039001,0.0006225594552233815,0.004258378874510527,0.9999203681945801,0.8337454199790955,0.8335186243057251,0.9995507597923279,0.0004496501642279327,0.0036244289949536324,0.9999305605888367,0.8118506073951721,0.8117784261703491
79.0,3.0,0.9994142055511475,0.0005853002658113837,0.004174503963440657,0.9999218583106995,0.8305241465568542,0.8302831649780273,0.9994014501571655,0.0005986806354485452,0.003995418082922697,0.9999232292175293,0.8247449398040771,0.8247272372245789
79.0,4.0,0.9994180798530579,0.0005823238752782345,0.0041778674349188805,0.9999227523803711,0.8249878287315369,0.8248341083526611,0.9993895888328552,0.0006105239735916257,0.003955910913646221,0.9999223947525024,0.8469021320343018,0.8465383052825928
80.0,0.0,0.9993539452552795,0.0006464277394115925,0.004011677112430334,0.999923586845398,0.8254586458206177,0.8252165913581848,0.9996452927589417,0.000354656862327829,0.004611165262758732,0.9999166131019592,0.8449745178222656,0.8449637293815613
80.0,1.0,0.9994969367980957,0.000503191608004272,0.00404903432354331,0.9999223947525024,0.8321251273155212,0.8320090174674988,0.9990732073783875,0.0009271916351281106,0.004460939671844244,0.9999220371246338,0.8183372616767883,0.8178216814994812
80.0,2.0,0.9993776679039001,0.0006225634715519845,0.004256220534443855,0.9999199509620667,0.8337459564208984,0.8335189819335938,0.9995508790016174,0.00044944180990569293,0.003649649675935507,0.9999304413795471,0.8118508458137512,0.8117780685424805
80.0,3.0,0.9994152188301086,0.0005852793110534549,0.004174009431153536,0.9999220967292786,0.8305240273475647,0.8302839994430542,0.9994014501571655,0.0005985594470985234,0.0040017105638980865,0.9999231696128845,0.8247451186180115,0.8247271776199341
80.0,4.0,0.9994181394577026,0.0005822787643410265,0.004183946643024683,0.9999223351478577,0.8249873518943787,0.8248338103294373,0.9993898272514343,0.0006104543572291732,0.003960767760872841,0.9999221563339233,0.8469017148017883,0.8465381860733032
81.0,0.0,0.9993535280227661,0.0006464000325649977,0.0040138112381100655,0.9999240636825562,0.8254591226577759,0.8252161145210266,0.9996457099914551,0.0003545608778949827,0.004613189958035946,0.9999166131019592,0.8449745774269104,0.8449639081954956
81.0,1.0,0.9994968175888062,0.0005031790351495147,0.004055436234921217,0.9999222755432129,0.8321254849433899,0.8320090174674988,0.9990728497505188,0.000927044078707695,0.004468207247555256,0.9999220967292786,0.8183372020721436,0.8178214430809021
81.0,2.0,0.999377965927124,0.0006225157412700355,0.004262455273419619,0.9999204277992249,0.833745539188385,0.8335187435150146,0.9995512962341309,0.0004494100285228342,0.0036512387450784445,0.9999305009841919,0.8118506669998169,0.81177818775177
81.0,3.0,0.999415397644043,0.0005852541653439403,0.00416991813108325,0.9999223351478577,0.8305233716964722,0.8302838802337646,0.9994015097618103,0.0005984887829981744,0.003990103956311941,0.999923586845398,0.8247448801994324,0.8247269988059998
81.0,4.0,0.9994176626205444,0.0005822231178171933,0.004187172278761864,0.9999224543571472,0.8249880075454712,0.8248338103294373,0.9993895292282104,0.0006103939958848059,0.003956438973546028,0.9999228119850159,0.8469015955924988,0.8465381860733032
82.0,0.0,0.9993533492088318,0.0006463491008616984,0.0040212227031588554,0.999923825263977,0.8254592418670654,0.8252161741256714,0.9996454119682312,0.0003543907660059631,0.004624037072062492,0.9999166131019592,0.8449748158454895,0.8449639081954956
82.0,1.0,0.9994964599609375,0.0005031054024584591,0.004048856440931559,0.9999225735664368,0.8321256041526794,0.8320091366767883,0.999073326587677,0.0009270681184716523,0.004485630430281162,0.9999216794967651,0.8183373212814331,0.8178218007087708
82.0,2.0,0.9993782639503479,0.0006224503158591688,0.004263852257281542,0.999919593334198,0.8337457180023193,0.833519458770752,0.9995511174201965,0.00044942161184735596,0.003651103936135769,0.9999303221702576,0.8118506073951721,0.8117783069610596
82.0,3.0,0.9994155764579773,0.0005851808818988502,0.0041811238043010235,0.9999228119850159,0.830524206161499,0.8302835822105408,0.9994015097618103,0.0005986141040921211,0.003995746839791536,0.9999237060546875,0.8247449398040771,0.8247272968292236
82.0,4.0,0.9994175434112549,0.0005822135135531425,0.004179842304438353,0.9999225735664368,0.8249881863594055,0.8248332738876343,0.9993898868560791,0.0006102377083152533,0.003968563862144947,0.9999228119850159,0.8469017148017883,0.8465385437011719
83.0,0.0,0.9993530511856079,0.0006462933379225433,0.004027039278298616,0.999923825263977,0.8254587054252625,0.8252164721488953,0.9996454119682312,0.00035453622695058584,0.004616381134837866,0.9999167323112488,0.8449746966362,0.844963788986206
83.0,1.0,0.999496579170227,0.0005030923639424145,0.004056522622704506,0.9999225735664368,0.8321254253387451,0.8320091366767883,0.9990732669830322,0.0009267919813282788,0.004501142539083958,0.9999222159385681,0.8183372616767883,0.8178215622901917
83.0,2.0,0.9993777871131897,0.0006223574164323509,0.004277799744158983,0.9999200701713562,0.833745539188385,0.8335186839103699,0.9995512366294861,0.000449312967248261,0.0036618816666305065,0.9999306797981262,0.8118506073951721,0.8117784261703491
83.0,3.0,0.9994148015975952,0.0005850605666637421,0.004179354291409254,0.9999220371246338,0.830524206161499,0.830283522605896,0.9994016885757446,0.000598553626332432,0.004030836746096611,0.9999231696128845,0.8247450590133667,0.8247273564338684
83.0,4.0,0.9994181990623474,0.0005819890648126602,0.004204191733151674,0.9999224543571472,0.8249879479408264,0.8248332142829895,0.9993903040885925,0.0006101879989728332,0.0039611379615962505,0.9999229907989502,0.8469018340110779,0.8465389013290405
84.0,0.0,0.9993540048599243,0.0006455894908867776,0.004034013487398624,0.9999243021011353,0.8254591822624207,0.8252165913581848,0.9996454119682312,0.0003547612577676773,0.004613186698406935,0.999916672706604,0.8449745774269104,0.8449636697769165
84.0,1.0,0.999496579170227,0.0005031630862504244,0.004072986543178558,0.9999221563339233,0.8321255445480347,0.832008957862854,0.9990778565406799,0.0009222617372870445,0.004492653999477625,0.9999222159385681,0.8183373808860779,0.8178219795227051
84.0,2.0,0.9993782639503479,0.0006214706809259951,0.004276121500879526,0.9999201893806458,0.8337457180023193,0.833518922328949,0.9995512962341309,0.0004493477172218263,0.0036665666848421097,0.9999306201934814,0.8118513822555542,0.8117785453796387
84.0,3.0,0.9994164705276489,0.0005839597433805466,0.0041946968995034695,0.9999221563339233,0.8305237293243408,0.8302865624427795,0.9994012713432312,0.0005985252209939063,0.004033149220049381,0.9999232888221741,0.8247449994087219,0.824726939201355
84.0,4.0,0.9994189739227295,0.0005809970898553729,0.004197787493467331,0.9999227523803711,0.8249875903129578,0.8248366713523865,0.9993897676467896,0.0006101374747231603,0.003965282812714577,0.9999226927757263,0.8469018936157227,0.8465385437011719
85.0,0.0,0.9993556141853333,0.0006442681769840419,0.004038156941533089,0.9999246001243591,0.825458824634552,0.825218915939331,0.9996434450149536,0.000356638862285763,0.004617822822183371,0.9999167323112488,0.8449746966362,0.844963788986206
85.0,1.0,0.9994961619377136,0.0005035203066654503,0.0040662856772542,0.9999228119850159,0.8321250081062317,0.8320086002349854,0.9990792870521545,0.0009204448433592916,0.004486863501369953,0.9999223947525024,0.8183374404907227,0.8178316950798035
85.0,2.0,0.9993788003921509,0.0006212951266206801,0.0042764958925545216,0.9999200105667114,0.8337453603744507,0.8335211873054504,0.9995512962341309,0.00044933834578841925,0.0036443485878407955,0.9999308586120605,0.811851441860199,0.8117785453796387
85.0,3.0,0.9994161128997803,0.0005837258067913353,0.004186740145087242,0.9999228715896606,0.8305242657661438,0.8302862644195557,0.9994016289710999,0.0005984989693388343,0.004033313598483801,0.9999231100082397,0.8247449994087219,0.8247269988059998
85.0,4.0,0.9994192123413086,0.0005807586712762713,0.004197854548692703,0.9999224543571472,0.824988067150116,0.8248363733291626,0.9993898868560791,0.0006102387560531497,0.003977160435169935,0.9999227523803711,0.8469018936157227,0.8465387225151062
86.0,0.0,0.9993565082550049,0.0006440035649575293,0.00404305849224329,0.999923586845398,0.8254591226577759,0.8252196311950684,0.9996430277824402,0.00035712533281184733,0.004616560414433479,0.9999167323112488,0.8449746966362,0.8449638485908508
86.0,1.0,0.999496579170227,0.0005035516223870218,0.004066369961947203,0.9999231100082397,0.8321253657341003,0.8320091366767883,0.9990818500518799,0.0009181820787489414,0.0045004491694271564,0.9999226331710815,0.8183380365371704,0.8178321719169617
86.0,2.0,0.9993794560432434,0.000620961538515985,0.0042843748815357685,0.9999208450317383,0.8337458372116089,0.833521842956543,0.9995510578155518,0.00044928575516678393,0.0036561046727001667,0.9999306797981262,0.8118507862091064,0.81177818775177
86.0,3.0,0.9994168281555176,0.0005839092191308737,0.004185056779533625,0.9999222755432129,0.8305238485336304,0.8302868604660034,0.9994017481803894,0.0005985601455904543,0.004031871911138296,0.9999233484268188,0.8247448801994324,0.8247271776199341
86.0,4.0,0.9994198083877563,0.0005805909750051796,0.004207841120660305,0.9999223947525024,0.8249882459640503,0.8248369097709656,0.9993900060653687,0.0006100969039835036,0.003966661635786295,0.9999228119850159,0.8469017744064331,0.8465384244918823
87.0,0.0,0.9993560910224915,0.0006441790028475225,0.004028376657515764,0.9999244809150696,0.8254590630531311,0.8252192139625549,0.999643087387085,0.00035691080847755075,0.004621872678399086,0.9999168515205383,0.8449745774269104,0.8449641466140747
87.0,1.0,0.9994959831237793,0.0005035874783061445,0.0040634069591760635,0.9999229311943054,0.8321249485015869,0.8320087194442749,0.9990805983543396,0.0009196827304549515,0.004492600914090872,0.999922513961792,0.8183373212814331,0.817832350730896
87.0,2.0,0.9993789792060852,0.0006210706196725368,0.004277179017663002,0.9999205470085144,0.8337458372116089,0.8335216641426086,0.9995513558387756,0.0004492694861255586,0.0036575482226908207,0.9999308586120605,0.8118512630462646,0.8117785453796387
87.0,3.0,0.9994167685508728,0.0005835898919031024,0.00418477039784193,0.999921977519989,0.8305239677429199,0.8302863240242004,0.9994013905525208,0.0005984340095892549,0.0040380265563726425,0.999923586845398,0.824745237827301,0.8247271776199341
87.0,4.0,0.9994197487831116,0.0005805958062410355,0.0042058732360601425,0.9999226331710815,0.8249882459640503,0.8248365521430969,0.9993898868560791,0.0006101293838582933,0.003970229532569647,0.9999228119850159,0.8469018340110779,0.8465389013290405
88.0,0.0,0.9993565082550049,0.0006439365679398179,0.004038133658468723,0.9999244809150696,0.8254591226577759,0.8252196907997131,0.999642550945282,0.0003577691677492112,0.004620081279426813,0.9999165534973145,0.8449743390083313,0.8449637293815613
88.0,1.0,0.9994953870773315,0.0005037455121055245,0.004066479858011007,0.9999223351478577,0.8321252465248108,0.8320086002349854,0.9990813136100769,0.0009190646815113723,0.0044878399930894375,0.9999228119850159,0.8183372616767883,0.8178322315216064
88.0,2.0,0.9993788599967957,0.0006207345286384225,0.004273450467735529,0.999920666217804,0.833745539188385,0.8335214853286743,0.9995509386062622,0.00044925426482222974,0.0036540599539875984,0.9999300837516785,0.8118501901626587,0.8117780685424805
88.0,3.0,0.9994164705276489,0.0005834588082507253,0.004184373654425144,0.9999224543571472,0.830524206161499,0.8302863836288452,0.9994013905525208,0.0005985149764455855,0.004034613259136677,0.9999234676361084,0.8247449398040771,0.8247272968292236
88.0,4.0,0.9994192123413086,0.0005806986009702086,0.004206952638924122,0.9999227523803711,0.824988067150116,0.8248363733291626,0.999390184879303,0.0006101303151808679,0.0039773862808942795,0.9999226331710815,0.8469017744064331,0.8465388417243958
89.0,0.0,0.999356746673584,0.000643869920168072,0.004041046369820833,0.9999246597290039,0.8254588842391968,0.8252191543579102,0.9996418952941895,0.0003582693752832711,0.004616949241608381,0.9999167323112488,0.8449745178222656,0.844963788986206
89.0,1.0,0.9994959831237793,0.0005039407406002283,0.0040749916806817055,0.9999228715896606,0.8321253061294556,0.8320087790489197,0.9990814924240112,0.0009184721857309341,0.0044864630326628685,0.999922513961792,0.8183373212814331,0.8178321123123169
89.0,2.0,0.9993792772293091,0.0006208501872606575,0.004279459826648235,0.9999209046363831,0.8337460160255432,0.8335219621658325,0.9995513558387756,0.0004491957079153508,0.0036552674137055874,0.9999308586120605,0.811851441860199,0.8117786645889282
89.0,3.0,0.9994169473648071,0.0005833259783685207,0.004185850732028484,0.9999228715896606,0.8305245041847229,0.8302865624427795,0.9994014501571655,0.0005984774907119572,0.004034828394651413,0.9999231696128845,0.8247448205947876,0.8247272372245789
89.0,4.0,0.9994190335273743,0.0005806147819384933,0.004198591690510511,0.9999231696128845,0.8249878883361816,0.8248363733291626,0.9993900656700134,0.0006101352628320456,0.0039665792137384415,0.9999227523803711,0.8469017744064331,0.8465386033058167
90.0,0.0,0.9993563890457153,0.0006437990814447403,0.0040419441647827625,0.9999237060546875,0.8254587650299072,0.8252191543579102,0.9996448159217834,0.00035549650783650577,0.004618130158632994,0.9999164938926697,0.844974160194397,0.8449638485908508
90.0,1.0,0.9994973540306091,0.0005031810142099857,0.0040708244778215885,0.9999234676361084,0.8321250677108765,0.8320093154907227,0.9990823268890381,0.000917629397008568,0.0045056333765387535,0.9999226927757263,0.8183375597000122,0.8178320527076721
90.0,2.0,0.9993797540664673,0.0006202365620993078,0.004283582791686058,0.9999207258224487,0.833745539188385,0.8335208892822266,0.9995512366294861,0.00044905085815116763,0.0036579654552042484,0.999930739402771,0.8118513822555542,0.8117788434028625
90.0,3.0,0.9994171261787415,0.0005829007131978869,0.004188097547739744,0.999921977519989,0.8305243849754333,0.8302861452102661,0.9994017481803894,0.0005983983865007758,0.004039083141833544,0.9999233484268188,0.8247449398040771,0.8247274160385132
90.0,4.0,0.9994202852249146,0.0005799818900413811,0.0042056674137711525,0.9999225735664368,0.8249881267547607,0.8248364925384521,0.9993902444839478,0.0006100366008467972,0.003967398777604103,0.9999226331710815,0.846901535987854,0.8465387225151062
91.0,0.0,0.9993566870689392,0.0006438072305172682,0.004042035900056362,0.9999242424964905,0.8254591226577759,0.825219452381134,0.999645471572876,0.0003552529087755829,0.004618985578417778,0.9999165534973145,0.8449743986129761,0.8449642062187195
91.0,1.0,0.99949711561203,0.0005030960310250521,0.004071815405040979,0.9999229311943054,0.8321251273155212,0.8320096731185913,0.9990825653076172,0.0009178006439469755,0.004506047815084457,0.9999221563339233,0.8183373212814331,0.8178317546844482
91.0,2.0,0.999379575252533,0.0006202097283676267,0.0042834896594285965,0.9999212026596069,0.8337460160255432,0.8335220217704773,0.9995517134666443,0.00044902547961100936,0.0036578744184225798,0.9999308586120605,0.8118513226509094,0.8117789030075073
91.0,3.0,0.9994176626205444,0.0005828816792927682,0.004188081715255976,0.9999228715896606,0.8305243849754333,0.8302862644195557,0.9994016289710999,0.0005984007148072124,0.004038992803543806,0.9999233484268188,0.8247450590133667,0.8247271776199341
91.0,4.0,0.9994203448295593,0.0005799742066301405,0.004205807577818632,0.9999228715896606,0.8249875903129578,0.8248366117477417,0.9993901252746582,0.000610009825322777,0.003967094235122204,0.9999226927757263,0.8469017744064331,0.8465386033058167
92.0,0.0,0.9993565082550049,0.000643828883767128,0.004042607732117176,0.9999241232872009,0.8254591226577759,0.825219452381134,0.9996451735496521,0.00035512031172402203,0.004618342500180006,0.9999164342880249,0.8449743986129761,0.8449638485908508
92.0,1.0,0.9994969964027405,0.0005030618631280959,0.00407046964392066,0.9999228119850159,0.8321248888969421,0.832008957862854,0.9990821480751038,0.0009179046610370278,0.004505571909248829,0.999922513961792,0.8183374404907227,0.8178319931030273
92.0,2.0,0.9993802309036255,0.0006201992509886622,0.004282656591385603,0.9999208450317383,0.8337456583976746,0.8335214257240295,0.9995512366294861,0.0004490106366574764,0.0036577514838427305,0.999930739402771,0.8118513822555542,0.8117788434028625
92.0,3.0,0.9994170665740967,0.000582873064558953,0.0041879815980792046,0.9999233484268188,0.8305245041847229,0.8302863240242004,0.999401330947876,0.0005984053714200854,0.004038531333208084,0.9999234676361084,0.8247448801994324,0.824726939201355
92.0,4.0,0.9994199872016907,0.0005799668142572045,0.004205045755952597,0.9999222159385681,0.8249880075454712,0.8248358964920044,0.9993904232978821,0.0006099901511333883,0.0039672283455729485,0.9999225735664368,0.8469019532203674,0.8465384840965271
93.0,0.0,0.9993562698364258,0.0006438401178456843,0.004041873384267092,0.999923825263977,0.8254587054252625,0.825218915939331,0.9996451735496521,0.00035505383857525885,0.0046185520477592945,0.9999170303344727,0.8449746370315552,0.8449639081954956
93.0,1.0,0.9994974136352539,0.0005030379397794604,0.0040704431012272835,0.9999229907989502,0.8321251273155212,0.8320094347000122,0.999082088470459,0.0009179342887364328,0.004505692049860954,0.9999226331710815,0.8183372020721436,0.8178317546844482
93.0,2.0,0.9993795156478882,0.0006202022777870297,0.004282246809452772,0.9999210238456726,0.8337454199790955,0.8335214853286743,0.9995514154434204,0.0004490138962864876,0.0036578578874468803,0.9999306797981262,0.8118516206741333,0.8117787837982178
93.0,3.0,0.9994169473648071,0.0005828607827425003,0.0041880859062075615,0.9999223351478577,0.8305239677429199,0.8302865624427795,0.9994020462036133,0.0005984052550047636,0.004038569517433643,0.9999232888221741,0.8247448801994324,0.824727475643158
93.0,4.0,0.9994198679924011,0.0005799722275696695,0.004205032251775265,0.9999229311943054,0.8249882459640503,0.8248363137245178,0.999390184879303,0.0006099832826294005,0.0039672269485890865,0.9999226331710815,0.8469018340110779,0.846538782119751
94.0,0.0,0.9993558526039124,0.0006438316777348518,0.004042001441121101,0.9999243021011353,0.825458824634552,0.8252190947532654,0.9996450543403625,0.0003550708352122456,0.0046185278333723545,0.9999169111251831,0.8449745774269104,0.8449637293815613
94.0,1.0,0.9994969367980957,0.000503038929309696,0.00407125148922205,0.9999228119850159,0.8321248888969421,0.8320088982582092,0.999082088470459,0.0009179086773656309,0.004505656193941832,0.9999223351478577,0.8183373212814331,0.8178316950798035
94.0,2.0,0.9993799328804016,0.0006202006479725242,0.0042833262123167515,0.9999203085899353,0.8337460160255432,0.8335214257240295,0.9995513558387756,0.00044901520595885813,0.003657716093584895,0.9999309778213501,0.8118513822555542,0.8117787837982178
94.0,3.0,0.9994168877601624,0.0005828606663271785,0.004187950864434242,0.9999226927757263,0.8305242657661438,0.8302857875823975,0.9994010925292969,0.0005984019953757524,0.004038758110255003,0.9999235272407532,0.8247449398040771,0.8247270584106445
94.0,4.0,0.9994197487831116,0.0005799808423034847,0.004205108154565096,0.9999227523803711,0.8249874711036682,0.8248363733291626,0.9993900060653687,0.0006099727470427752,0.003967427648603916,0.9999227523803711,0.8469017744064331,0.8465384244918823
95.0,0.0,0.9993564486503601,0.0006438331329263747,0.004042778629809618,0.9999243021011353,0.8254586458206177,0.8252191543579102,0.9996448755264282,0.0003550266847014427,0.004618325270712376,0.9999167323112488,0.8449745774269104,0.8449633717536926
95.0,1.0,0.9994975924491882,0.0005030260654166341,0.004070559982210398,0.9999226927757263,0.8321251273155212,0.8320092558860779,0.9990819692611694,0.0009179400512948632,0.004505439195781946,0.9999220967292786,0.8183373212814331,0.8178314566612244
95.0,2.0,0.9993798732757568,0.000620195409283042,0.00428334716707468,0.9999209642410278,0.8337457776069641,0.8335214257240295,0.9995516538619995,0.0004490099963732064,0.0036573803517967463,0.9999308586120605,0.8118515610694885,0.8117788434028625
95.0,3.0,0.9994173049926758,0.0005828540888614953,0.004187415819615126,0.9999222755432129,0.8305244445800781,0.8302860260009766,0.9994015097618103,0.0005984048475511372,0.004038374871015549,0.9999237060546875,0.8247449994087219,0.8247272372245789
95.0,4.0,0.9994199275970459,0.0005799753707833588,0.004205018747597933,0.9999220967292786,0.8249881863594055,0.8248363137245178,0.9993903040885925,0.0006099684396758676,0.00396716920658946,0.9999225735664368,0.8469018936157227,0.8465386033058167
96.0,0.0,0.9993564486503601,0.0006438372656702995,0.00404181145131588,0.9999246001243591,0.8254590034484863,0.8252187967300415,0.9996451735496521,0.00035499423393048346,0.004618701990693808,0.9999164342880249,0.8449743986129761,0.844963788986206
96.0,1.0,0.9994974732398987,0.0005030175670981407,0.004070984665304422,0.9999225735664368,0.8321250081062317,0.8320096135139465,0.999082088470459,0.0009179669432342052,0.0045057665556669235,0.9999223947525024,0.8183374404907227,0.8178316354751587
96.0,2.0,0.9993797540664673,0.000620192673522979,0.0042834472842514515,0.9999206066131592,0.8337457180023193,0.8335212469100952,0.9995512366294861,0.0004490112769417465,0.0036576061975210905,0.9999306201934814,0.8118513822555542,0.811778724193573
96.0,3.0,0.9994168877601624,0.0005828539724461734,0.0041878060437738895,0.9999220967292786,0.8305239081382751,0.8302858471870422,0.9994014501571655,0.0005984013550914824,0.004038745071738958,0.9999235272407532,0.8247451186180115,0.824726939201355
96.0,4.0,0.9994195103645325,0.0005799682112410665,0.0042047505266964436,0.9999223351478577,0.8249878287315369,0.8248360753059387,0.9993903040885925,0.0006099645397625864,0.003967268858104944,0.9999226927757263,0.8469016551971436,0.8465387225151062
97.0,0.0,0.9993559122085571,0.0006438362179324031,0.004042628221213818,0.9999238848686218,0.8254585862159729,0.8252187967300415,0.9996452927589417,0.0003549461835063994,0.004618361126631498,0.9999166131019592,0.8449745178222656,0.8449639678001404
97.0,1.0,0.9994980096817017,0.0005030134925618768,0.004070629365742207,0.9999221563339233,0.8321250081062317,0.83201003074646,0.9990822672843933,0.0009179363842122257,0.004505373537540436,0.9999222159385681,0.8183373808860779,0.8178319931030273
97.0,2.0,0.9993794560432434,0.0006201865617185831,0.004282912705093622,0.9999203681945801,0.8337457776069641,0.8335209488868713,0.9995513558387756,0.00044900752254761755,0.003657340770587325,0.9999309778213501,0.8118515610694885,0.8117788434028625
97.0,3.0,0.9994176626205444,0.0005828497814945877,0.004187481477856636,0.9999223351478577,0.830524206161499,0.8302861452102661,0.9994019269943237,0.0005984035669825971,0.004038509447127581,0.9999231100082397,0.8247448205947876,0.8247274160385132
97.0,4.0,0.9994210004806519,0.0005799633800052106,0.0042054308578372,0.9999232292175293,0.8249881267547607,0.8248372077941895,0.9993901252746582,0.0006099620368331671,0.0039671980775892735,0.9999226331710815,0.8469017148017883,0.8465384840965271
98.0,0.0,0.999356210231781,0.0006438266136683524,0.004041736945509911,0.9999238848686218,0.8254591226577759,0.825218915939331,0.9996451735496521,0.0003549665561877191,0.004618692211806774,0.9999167323112488,0.8449745774269104,0.8449639081954956
98.0,1.0,0.9994967579841614,0.0005030129104852676,0.004070551134645939,0.9999222159385681,0.8321253061294556,0.8320096731185913,0.9990820288658142,0.0009179876651614904,0.004506083205342293,0.9999223351478577,0.8183372616767883,0.8178318738937378
98.0,2.0,0.9993800520896912,0.0006201774231158197,0.004283579997718334,0.9999205470085144,0.8337457776069641,0.8335214853286743,0.9995511174201965,0.0004490146820899099,0.0036577710416167974,0.999930739402771,0.811851441860199,0.8117788434028625
98.0,3.0,0.999417245388031,0.0005828462890349329,0.004187643062323332,0.9999221563339233,0.8305240273475647,0.8302862644195557,0.9994015097618103,0.0005983959999866784,0.004038886167109013,0.9999231100082397,0.8247449994087219,0.8247269988059998
98.0,4.0,0.9994201064109802,0.0005799650680273771,0.004205603152513504,0.9999222755432129,0.8249876499176025,0.8248366713523865,0.9993902444839478,0.000609958020504564,0.003967489581555128,0.9999227523803711,0.8469017148017883,0.8465386033058167
99.0,0.0,0.9993564486503601,0.0006438407581299543,0.004042350221425295,0.9999242424964905,0.8254590630531311,0.8252190947532654,0.9996453523635864,0.0003548953973222524,0.004618707112967968,0.9999164342880249,0.8449743986129761,0.8449639081954956
99.0,1.0,0.9994968175888062,0.0005029893945902586,0.004070790484547615,0.9999228119850159,0.8321252465248108,0.8320090174674988,0.9990820288658142,0.0009180440101772547,0.0045060464181005955,0.9999224543571472,0.8183373212814331,0.8178317546844482
99.0,2.0,0.999379575252533,0.000620171194896102,0.004283549264073372,0.9999204874038696,0.8337458372116089,0.8335211277008057,0.9995513558387756,0.00044900504872202873,0.0036578380968421698,0.9999309182167053,0.8118513822555542,0.8117788434028625
99.0,3.0,0.9994174838066101,0.0005828501307405531,0.004188083112239838,0.9999225735664368,0.8305239081382751,0.8302865028381348,0.9994013905525208,0.0005984008312225342,0.004038556013256311,0.9999233484268188,0.8247448801994324,0.8247271776199341
99.0,4.0,0.9994201064109802,0.0005799611681140959,0.004204802680760622,0.9999226331710815,0.8249878287315369,0.8248366713523865,0.9993901252746582,0.0006099586607888341,0.003967210650444031,0.9999225735664368,0.8469016551971436,0.8465386033058167
100.0,0.0,0.9993563890457153,0.0006438354612328112,0.0040422771126031876,0.9999242424964905,0.8254590034484863,0.8252190351486206,0.9996452927589417,0.0003549520333763212,0.004618625622242689,0.9999166131019592,0.8449745178222656,0.8449640274047852
100.0,1.0,0.9994970560073853,0.0005029987078160048,0.0040707821026444435,0.9999226331710815,0.8321247696876526,0.8320092558860779,0.9990822672843933,0.0009179688058793545,0.004505778197199106,0.9999223351478577,0.8183372616767883,0.8178317546844482
100.0,2.0,0.999379575252533,0.0006201687501743436,0.004283039830625057,0.9999204874038696,0.8337454795837402,0.8335211873054504,0.9995513558387756,0.0004490037390496582,0.0036576504353433847,0.999930739402771,0.8118513226509094,0.8117788434028625
100.0,3.0,0.9994174242019653,0.000582842156291008,0.004187442362308502,0.9999222755432129,0.8305243253707886,0.8302860856056213,0.9994015097618103,0.0005984026356600225,0.004038638900965452,0.9999234676361084,0.8247449994087219,0.8247268199920654
100.0,4.0,0.999420702457428,0.0005799541831947863,0.004205449018627405,0.9999225735664368,0.8249878883361816,0.8248364925384521,0.9993905425071716,0.0006099530728533864,0.003967035561800003,0.9999225735664368,0.8469017744064331,0.8465389013290405
101.0,0.0,0.9993564486503601,0.0006438245181925595,0.004041870590299368,0.9999240636825562,0.8254590630531311,0.8252188563346863,0.9996451139450073,0.00035497540375217795,0.004618494771420956,0.9999165534973145,0.8449746966362,0.8449637293815613
101.0,1.0,0.9994973540306091,0.0005030054599046707,0.004070451483130455,0.9999224543571472,0.8321251273155212,0.832009494304657,0.9990821480751038,0.0009179552434943616,0.0045058452524244785,0.9999223947525024,0.8183373808860779,0.8178315758705139
101.0,2.0,0.9993795156478882,0.0006201750948093832,0.004283818416297436,0.9999210834503174,0.833745539188385,0.8335210084915161,0.9995511174201965,0.00044900542707182467,0.0036576504353433847,0.9999306201934814,0.8118516206741333,0.8117789030075073
101.0,3.0,0.9994173049926758,0.000582833425141871,0.004187822807580233,0.9999226331710815,0.8305243849754333,0.8302860260009766,0.9994016289710999,0.0005984029266983271,0.004038665443658829,0.9999234676361084,0.824745237827301,0.8247271776199341
101.0,4.0,0.9994204640388489,0.0005799588398076594,0.004205239005386829,0.9999224543571472,0.8249881267547607,0.8248363733291626,0.9993900060653687,0.0006099488819018006,0.003967336844652891,0.9999225735664368,0.8469017148017883,0.8465385437011719
102.0,0.0,0.9993560910224915,0.0006438218406401575,0.0040421984158456326,0.9999235272407532,0.8254587650299072,0.8252190351486206,0.999645471572876,0.0003549462999217212,0.004618591163307428,0.9999166131019592,0.8449746370315552,0.8449639678001404
102.0,1.0,0.9994970560073853,0.000502997194416821,0.004071291070431471,0.9999223351478577,0.8321247696876526,0.8320090770721436,0.9990822672843933,0.0009179385961033404,0.004505686461925507,0.999922513961792,0.8183372616767883,0.8178317546844482
102.0,2.0,0.9993797540664673,0.0006201734067872167,0.00428353063762188,0.9999204874038696,0.8337457180023193,0.8335212469100952,0.9995511174201965,0.0004490056890062988,0.0036577070131897926,0.9999308586120605,0.8118512630462646,0.8117786645889282
102.0,3.0,0.9994173049926758,0.0005828462890349329,0.004187949001789093,0.9999235272407532,0.8305241465568542,0.8302860856056213,0.9994016289710999,0.0005984034505672753,0.004038615617901087,0.9999232888221741,0.8247447609901428,0.8247272372245789
102.0,4.0,0.9994199872016907,0.0005799509817734361,0.004205070901662111,0.9999231696128845,0.8249878287315369,0.8248363733291626,0.9993904232978821,0.0006099481252022088,0.003967363853007555,0.9999226331710815,0.8469018340110779,0.8465385437011719
103.0,0.0,0.9993561506271362,0.0006438365089707077,0.004042492713779211,0.9999240636825562,0.8254585862159729,0.8252195119857788,0.9996453523635864,0.00035488541470840573,0.004618499428033829,0.9999168515205383,0.8449745774269104,0.8449639081954956
103.0,1.0,0.9994968771934509,0.0005029787425883114,0.004071380943059921,0.9999228715896606,0.8321252465248108,0.8320091962814331,0.9990822672843933,0.000918002100661397,0.004506085533648729,0.9999223947525024,0.8183372020721436,0.8178319931030273
103.0,2.0,0.9993799328804016,0.0006201629876159132,0.004283428657799959,0.9999209642410278,0.8337454199790955,0.8335216641426086,0.9995518326759338,0.0004489984130486846,0.003657612483948469,0.9999309182167053,0.8118512630462646,0.8117790818214417
103.0,3.0,0.999417245388031,0.0005828359862789512,0.004187931772321463,0.9999228119850159,0.8305243849754333,0.8302863240242004,0.9994016289710999,0.0005984046147204936,0.004038654267787933,0.9999232888221741,0.8247449398040771,0.8247272968292236
103.0,4.0,0.9994198679924011,0.0005799489445053041,0.004205007571727037,0.9999225735664368,0.8249879479408264,0.8248365521430969,0.9993902444839478,0.0006099414895288646,0.003967283293604851,0.9999226927757263,0.8469016551971436,0.8465386033058167
104.0,0.0,0.9993562698364258,0.000643841631244868,0.0040419138967990875,0.9999240636825562,0.8254585862159729,0.8252195715904236,0.9996452927589417,0.0003548755485098809,0.004618524108082056,0.9999163150787354,0.8449745178222656,0.8449641466140747
104.0,1.0,0.9994977116584778,0.0005029772291891277,0.004070896655321121,0.9999231100082397,0.8321248292922974,0.8320096731185913,0.9990819692611694,0.0009180136839859188,0.004505917429924011,0.9999223351478577,0.8183372020721436,0.8178318738937378
104.0,2.0,0.9993800520896912,0.0006201623473316431,0.004282671492546797,0.999920666217804,0.833745539188385,0.8335217833518982,0.9995510578155518,0.00044900126522406936,0.0036578665021806955,0.9999304413795471,0.811851441860199,0.811778724193573
104.0,3.0,0.9994179010391235,0.0005828362773172557,0.004188066814094782,0.9999223947525024,0.8305248618125916,0.8302865624427795,0.9994015693664551,0.0005984018789604306,0.004038880579173565,0.9999234676361084,0.8247449994087219,0.8247271776199341
104.0,4.0,0.9994199872016907,0.0005799446953460574,0.004205113276839256,0.9999226331710815,0.8249879479408264,0.8248363137245178,0.999390184879303,0.0006099403253756464,0.00396763626486063,0.9999226927757263,0.8469019532203674,0.8465387225151062
105.0,0.0,0.9993559122085571,0.000643834937363863,0.004042542073875666,0.9999241232872009,0.8254588842391968,0.8252190351486206,0.9996455311775208,0.00035488035064190626,0.0046186428517103195,0.9999164342880249,0.8449743986129761,0.8449641466140747
105.0,1.0,0.9994973540306091,0.0005029755411669612,0.004070688970386982,0.9999222755432129,0.8321248888969421,0.8320099115371704,0.9990823864936829,0.0009179848129861057,0.004505960736423731,0.9999222159385681,0.8183373212814331,0.8178321123123169
105.0,2.0,0.9993798732757568,0.0006201500073075294,0.004284062422811985,0.999920666217804,0.8337458372116089,0.8335219621658325,0.9995514750480652,0.0004490023129619658,0.0036576089914888144,0.9999309778213501,0.8118513822555542,0.8117790818214417
105.0,3.0,0.9994176626205444,0.0005828291177749634,0.004187025595456362,0.9999225735664368,0.8305241465568542,0.8302863240242004,0.9994016885757446,0.0005984021117910743,0.004038747865706682,0.9999229311943054,0.8247449994087219,0.824727475643158
105.0,4.0,0.9994208216667175,0.0005799466161988676,0.004205386154353619,0.9999225735664368,0.8249876499176025,0.8248370289802551,0.9993905425071716,0.0006099391612224281,0.003967288415879011,0.999922513961792,0.8469018936157227,0.8465384840965271
106.0,0.0,0.9993561506271362,0.0006438326090574265,0.004042181186378002,0.9999247193336487,0.8254586458206177,0.8252192139625549,0.9996456503868103,0.0003548528184182942,0.0046184975653886795,0.9999167323112488,0.8449745774269104,0.8449641466140747
106.0,1.0,0.9994971752166748,0.0005029691383242607,0.004070675931870937,0.9999229311943054,0.8321248888969421,0.8320093154907227,0.9990823268890381,0.0009180325432680547,0.004506041761487722,0.9999223351478577,0.8183371424674988,0.8178320527076721
106.0,2.0,0.9993794560432434,0.0006201622309163213,0.004283650778234005,0.9999209642410278,0.833745539188385,0.83352130651474,0.9995515942573547,0.0004490021674428135,0.00365792796947062,0.9999308586120605,0.8118512630462646,0.8117789030075073
106.0,3.0,0.9994170069694519,0.000582825334277004,0.004187240730971098,0.9999223947525024,0.8305239081382751,0.8302863240242004,0.9994016885757446,0.0005984001909382641,0.004038894083350897,0.999923586845398,0.8247449398040771,0.8247273564338684
106.0,4.0,0.9994199872016907,0.0005799421342089772,0.004205807577818632,0.9999229907989502,0.8249877095222473,0.8248360753059387,0.9993902444839478,0.0006099407328292727,0.003967096097767353,0.9999226331710815,0.8469017744064331,0.8465385437011719
107.0,0.0,0.9993560910224915,0.0006438272539526224,0.0040421090088784695,0.9999242424964905,0.825458824634552,0.8252191543579102,0.999645471572876,0.0003548584063537419,0.004618283826857805,0.9999164938926697,0.8449743986129761,0.8449639678001404
107.0,1.0,0.9994972944259644,0.0005029718158766627,0.004070206545293331,0.9999227523803711,0.8321253657341003,0.8320093154907227,0.9990822672843933,0.0009179742773994803,0.004505954682826996,0.9999222159385681,0.8183375000953674,0.8178317546844482
107.0,2.0,0.9993800520896912,0.0006201554788276553,0.004282765556126833,0.9999206066131592,0.8337458968162537,0.8335214257240295,0.9995512962341309,0.0004489965795073658,0.003657698165625334,0.9999309778213501,0.8118515610694885,0.8117789626121521
107.0,3.0,0.9994171261787415,0.0005828271969221532,0.004187884274870157,0.9999220967292786,0.8305245041847229,0.8302863836288452,0.9994016885757446,0.0005983956507407129,0.004039242397993803,0.9999235272407532,0.8247449398040771,0.824727475643158
107.0,4.0,0.9994198083877563,0.0005799233331345022,0.00420433608815074,0.9999225735664368,0.8249877095222473,0.8248363137245178,0.999390184879303,0.0006099330494180322,0.0039677247405052185,0.9999224543571472,0.8469017744064331,0.8465384840965271
108.0,0.0,0.9993560910224915,0.0006438278942368925,0.004042523913085461,0.9999247193336487,0.8254588842391968,0.8252190947532654,0.9996452927589417,0.0003548702225089073,0.004618731327354908,0.9999169707298279,0.8449742197990417,0.844963788986206
108.0,1.0,0.9994975328445435,0.0005029735621064901,0.004071185365319252,0.9999234676361084,0.8321251273155212,0.8320095539093018,0.9990820288658142,0.0009179753251373768,0.004506333731114864,0.9999225735664368,0.8183373212814331,0.8178319931030273
108.0,2.0,0.9993804097175598,0.0006201426149345934,0.004282219335436821,0.9999206066131592,0.8337462544441223,0.8335217833518982,0.9995516538619995,0.0004490023129619658,0.0036583386827260256,0.9999309182167053,0.811851441860199,0.8117788434028625
108.0,3.0,0.9994174242019653,0.0005828190478496253,0.004187810700386763,0.9999226927757263,0.8305240273475647,0.8302862644195557,0.9994014501571655,0.0005983958835713565,0.00403936393558979,0.9999232888221741,0.8247449398040771,0.8247271776199341
108.0,4.0,0.9994202852249146,0.0005799253704026341,0.0042056492529809475,0.9999218583106995,0.8249881863594055,0.8248364329338074,0.9993903040885925,0.000609933806117624,0.0039678048342466354,0.9999223947525024,0.8469017744064331,0.846538782119751
109.0,0.0,0.9993557929992676,0.0006438217824324965,0.004042626824229956,0.9999241828918457,0.8254585862159729,0.8252190351486206,0.9996453523635864,0.00035486853448674083,0.004618898034095764,0.9999169111251831,0.8449745178222656,0.8449638485908508
109.0,1.0,0.9994970560073853,0.0005029683234170079,0.004071418195962906,0.9999226331710815,0.8321253657341003,0.8320092558860779,0.9990819692611694,0.0009179799817502499,0.004506341647356749,0.9999225735664368,0.8183372020721436,0.8178317546844482
109.0,2.0,0.9993794560432434,0.0006201462238095701,0.0042825317941606045,0.999920666217804,0.8337456583976746,0.8335210084915161,0.9995514750480652,0.0004490037390496582,0.003658056491985917,0.9999306797981262,0.811851441860199,0.8117789030075073
109.0,3.0,0.9994173049926758,0.0005828030989505351,0.004187951795756817,0.9999218583106995,0.8305241465568542,0.8302859663963318,0.9994015693664551,0.0005983997834846377,0.004039013292640448,0.999923586845398,0.8247449994087219,0.8247269988059998
109.0,4.0,0.9994196891784668,0.0005799360806122422,0.00420538941398263,0.9999221563339233,0.8249882459640503,0.8248368501663208,0.9993902444839478,0.0006099300226196647,0.003967584576457739,0.9999227523803711,0.8469018936157227,0.8465386033058167
110.0,0.0,0.999356210231781,0.0006438242271542549,0.004042385146021843,0.9999239444732666,0.8254590630531311,0.8252190947532654,0.9996457695960999,0.0003548582608345896,0.00461861677467823,0.999916136264801,0.8449746370315552,0.8449642658233643
110.0,1.0,0.9994969964027405,0.0005029673920944333,0.004071102011948824,0.9999226927757263,0.8321251273155212,0.832009494304657,0.9990820288658142,0.0009179755579680204,0.004506177268922329,0.999921977519989,0.8183372616767883,0.8178314566612244
110.0,2.0,0.9993795156478882,0.0006201366195455194,0.004284005146473646,0.999920129776001,0.8337454795837402,0.8335212469100952,0.9995516538619995,0.00044900141074322164,0.003657680470496416,0.9999305605888367,0.811851441860199,0.8117789030075073
110.0,3.0,0.9994173645973206,0.0005828096182085574,0.004186724312603474,0.9999222755432129,0.830524206161499,0.8302866816520691,0.999401867389679,0.0005983974551782012,0.004038999322801828,0.9999231696128845,0.8247448205947876,0.8247271776199341
110.0,4.0,0.9994208812713623,0.0005799258360639215,0.004204899538308382,0.9999222159385681,0.8249879479408264,0.8248368501663208,0.9993901252746582,0.0006099282181821764,0.003967606462538242,0.9999226331710815,0.8469016551971436,0.8465384244918823
111.0,0.0,0.9993560910224915,0.0006438254495151341,0.004042648710310459,0.99992436170578,0.8254585862159729,0.8252195119857788,0.9996452331542969,0.00035485398257151246,0.004618862643837929,0.9999166131019592,0.8449745178222656,0.8449638485908508
111.0,1.0,0.9994974732398987,0.0005029613967053592,0.004070783033967018,0.9999223947525024,0.8321250677108765,0.832009494304657,0.999082088470459,0.0009179695625789464,0.0045066834427416325,0.9999222159385681,0.8183373212814331,0.8178320527076721
111.0,2.0,0.9993799924850464,0.0006201357464306056,0.004283906891942024,0.9999212026596069,0.8337458372116089,0.8335215449333191,0.9995517730712891,0.00044900074135512114,0.003658142639324069,0.9999309778213501,0.8118515610694885,0.8117790222167969
111.0,3.0,0.9994173049926758,0.000582812528591603,0.004187481943517923,0.9999226927757263,0.8305242657661438,0.83028644323349,0.9994015097618103,0.0005984001909382641,0.004039055202156305,0.999923586845398,0.8247450590133667,0.8247271776199341
111.0,4.0,0.9994202852249146,0.000579916057176888,0.004205270204693079,0.9999231100082397,0.8249879479408264,0.8248366713523865,0.9993901252746582,0.0006099296733736992,0.003967589233070612,0.9999227523803711,0.8469019532203674,0.8465384840965271
112.0,0.0,0.9993563890457153,0.0006438132841140032,0.004042913671582937,0.9999240636825562,0.8254590034484863,0.8252192735671997,0.9996455311775208,0.0003548560489434749,0.004618586041033268,0.9999167323112488,0.8449745178222656,0.8449640274047852
112.0,1.0,0.9994972944259644,0.0005029658204875886,0.004071168601512909,0.9999222159385681,0.8321250081062317,0.8320094347000122,0.999082088470459,0.0009179434273391962,0.004504137206822634,0.9999223947525024,0.8183374404907227,0.8178316354751587
112.0,2.0,0.9993799328804016,0.0006201327196322381,0.004282728303223848,0.999920129776001,0.8337458372116089,0.8335214257240295,0.9995514750480652,0.00044900114880874753,0.0036579968873411417,0.9999306797981262,0.811851441860199,0.8117789030075073
112.0,3.0,0.9994169473648071,0.000582809851039201,0.004187472630292177,0.9999223351478577,0.830524206161499,0.8302863240242004,0.999401867389679,0.0005983987357467413,0.004039006307721138,0.9999232888221741,0.8247450590133667,0.8247272372245789
112.0,4.0,0.9994196891784668,0.0005799148930236697,0.004205591045320034,0.9999228715896606,0.8249880075454712,0.8248358368873596,0.9993903040885925,0.0006099190795794129,0.003967649769037962,0.9999228119850159,0.8469019532203674,0.8465385437011719
113.0,0.0,0.9993571043014526,0.0006438232958316803,0.0040418910793960094,0.999923825263977,0.825458824634552,0.8252195119857788,0.9996457695960999,0.0003547930682543665,0.004618677776306868,0.9999167323112488,0.8449743986129761,0.8449640274047852
113.0,1.0,0.9994969367980957,0.0005029542953707278,0.004070674069225788,0.9999223351478577,0.8321255445480347,0.8320090770721436,0.9990823864936829,0.0009179948247037828,0.004504295997321606,0.9999223351478577,0.8183374404907227,0.8178318738937378
113.0,2.0,0.9993797540664673,0.0006201394717209041,0.004283691290766001,0.9999204277992249,0.8337456583976746,0.8335215449333191,0.9995513558387756,0.0004490105202421546,0.0036582329776138067,0.9999306797981262,0.8118516802787781,0.8117788434028625
113.0,3.0,0.9994174838066101,0.0005828017019666731,0.004187627695500851,0.9999221563339233,0.8305240273475647,0.8302863836288452,0.9994015097618103,0.0005983959999866784,0.004039284773170948,0.9999234676361084,0.8247451186180115,0.8247272968292236
113.0,4.0,0.9994195103645325,0.0005799153004772961,0.004204956814646721,0.9999232888221741,0.8249879479408264,0.8248363733291626,0.9993902444839478,0.0006099221063777804,0.0039676702581346035,0.999923050403595,0.8469021320343018,0.846538782119751
114.0,0.0,0.9993563890457153,0.0006438237614929676,0.004042027518153191,0.9999244213104248,0.825458824634552,0.8252191543579102,0.9996456503868103,0.00035474932519719005,0.004618901759386063,0.999916672706604,0.8449743390083313,0.8449642062187195
114.0,1.0,0.9994969367980957,0.0005029426538385451,0.004071102011948824,0.9999231696128845,0.8321253657341003,0.8320086598396301,0.9990820288658142,0.0009180236957035959,0.004506577737629414,0.9999222159385681,0.8183373808860779,0.8178317546844482
114.0,2.0,0.9993799924850464,0.0006201298674568534,0.004284780006855726,0.9999198913574219,0.8337457180023193,0.8335216641426086,0.9995511770248413,0.00044900557259097695,0.0036578618455678225,0.999930739402771,0.8118513822555542,0.8117789030075073
114.0,3.0,0.9994165301322937,0.0005827911081723869,0.004186883568763733,0.9999217391014099,0.830524206161499,0.8302855491638184,0.9994016289710999,0.0005983954761177301,0.004039375111460686,0.9999232292175293,0.8247449994087219,0.8247272372245789
114.0,4.0,0.999420166015625,0.000579914718400687,0.004205537028610706,0.9999229907989502,0.8249876499176025,0.8248366117477417,0.9993902444839478,0.0006099203019402921,0.00396787840873003,0.9999226927757263,0.8469017148017883,0.8465385437011719
115.0,0.0,0.9993562698364258,0.0006438301643356681,0.004042533226311207,0.9999241828918457,0.825458824634552,0.8252195119857788,0.9996454119682312,0.0003547745000105351,0.004618803039193153,0.9999166131019592,0.8449745774269104,0.8449640274047852
115.0,1.0,0.9994968175888062,0.0005029462627135217,0.004071276634931564,0.9999225735664368,0.8321256041526794,0.8320086002349854,0.9990821480751038,0.0009180018678307533,0.004504417069256306,0.9999225735664368,0.8183375000953674,0.8178319334983826
115.0,2.0,0.9993799328804016,0.0006201255018822849,0.004283517599105835,0.9999212622642517,0.833745539188385,0.8335217237472534,0.9995512962341309,0.00044900100328959525,0.003657944966107607,0.9999308586120605,0.8118513822555542,0.8117789030075073
115.0,3.0,0.9994179606437683,0.0005827898858115077,0.004187515005469322,0.9999222755432129,0.8305243849754333,0.8302863836288452,0.9994017481803894,0.0005983934388495982,0.004039374180138111,0.9999232292175293,0.8247449398040771,0.8247272372245789
115.0,4.0,0.9994210004806519,0.0005799104110337794,0.004205342382192612,0.9999220371246338,0.8249878287315369,0.8248369097709656,0.999390184879303,0.0006099200109019876,0.003967725206166506,0.9999226331710815,0.8469017744064331,0.8465386033058167
116.0,0.0,0.9993560910224915,0.0006438241107389331,0.0040422286838293076,0.9999244213104248,0.8254587054252625,0.8252195119857788,0.9996451139450073,0.00035479333018884063,0.004618795122951269,0.9999168515205383,0.8449745774269104,0.844963788986206
116.0,1.0,0.9994975924491882,0.000502949405927211,0.004071083385497332,0.9999223351478577,0.8321253657341003,0.832009494304657,0.9990825653076172,0.0009179647313430905,0.004504771903157234,0.9999223947525024,0.8183373212814331,0.8178319334983826
116.0,2.0,0.9993802309036255,0.0006201210198923945,0.004283142741769552,0.9999208450317383,0.833745539188385,0.833521842956543,0.9995512366294861,0.00044900152715854347,0.0036582988686859608,0.9999303221702576,0.811851441860199,0.8117790222167969
116.0,3.0,0.9994173049926758,0.0005827934946864843,0.004187959246337414,0.9999228715896606,0.8305243849754333,0.8302862644195557,0.999401867389679,0.0005983926239423454,0.004039403982460499,0.9999236464500427,0.8247449398040771,0.8247272968292236
116.0,4.0,0.9994207620620728,0.0005799094215035439,0.0042049819603562355,0.9999226927757263,0.8249878287315369,0.8248368501663208,0.9993903040885925,0.0006099118036217988,0.003968138247728348,0.9999228119850159,0.8469018340110779,0.846538782119751
117.0,0.0,0.9993563294410706,0.0006438203272409737,0.004042728338390589,0.9999246597290039,0.8254587650299072,0.8252193927764893,0.9996455311775208,0.0003547759260982275,0.004619006533175707,0.9999167323112488,0.8449746966362,0.8449640274047852
117.0,1.0,0.9994972944259644,0.0005029343883506954,0.004070409573614597,0.9999226331710815,0.8321251273155212,0.8320091366767883,0.9990820288658142,0.0009179908083751798,0.004505212418735027,0.9999220967292786,0.8183369040489197,0.8178316950798035
117.0,2.0,0.9993798136711121,0.0006201232317835093,0.004284540191292763,0.9999204277992249,0.8337458968162537,0.8335214257240295,0.9995517134666443,0.0004490041173994541,0.0036584704648703337,0.9999306797981262,0.8118511438369751,0.8117790222167969
117.0,3.0,0.9994171261787415,0.0005827760323882103,0.004188331309705973,0.9999222755432129,0.8305242657661438,0.8302858471870422,0.9994017481803894,0.0005983880837447941,0.004039761144667864,0.9999229907989502,0.8247450590133667,0.8247271776199341
117.0,4.0,0.999420166015625,0.0005799143109470606,0.004205119796097279,0.9999225735664368,0.824988067150116,0.8248364329338074,0.999390184879303,0.0006099167512729764,0.003968219272792339,0.9999226331710815,0.8469016551971436,0.8465386033058167
118.0,0.0,0.999356210231781,0.0006438157870434225,0.004042716231197119,0.9999244213104248,0.8254592418670654,0.825218677520752,0.9996452331542969,0.0003547632077243179,0.004619307350367308,0.999916672706604,0.8449745178222656,0.8449638485908508
118.0,1.0,0.9994962811470032,0.0005029389867559075,0.0040719215758144855,0.9999220967292786,0.8321251273155212,0.8320086002349854,0.9990823864936829,0.0009179474436677992,0.004504626151174307,0.9999223947525024,0.8183372616767883,0.8178318738937378
118.0,2.0,0.999379575252533,0.0006201157812029123,0.0042830598540604115,0.999920666217804,0.8337454795837402,0.8335214853286743,0.9995515942573547,0.0004490137507673353,0.0036584404297173023,0.9999306797981262,0.8118515610694885,0.8117789030075073
118.0,3.0,0.999417245388031,0.0005827761488035321,0.004188338294625282,0.9999228119850159,0.8305243253707886,0.8302863836288452,0.9994013905525208,0.0005983925075270236,0.004039471503347158,0.9999232888221741,0.8247451186180115,0.8247268795967102
118.0,4.0,0.9994198083877563,0.0005798957427032292,0.004205487668514252,0.9999229907989502,0.8249879479408264,0.8248364329338074,0.9993903636932373,0.0006099141319282353,0.003967829514294863,0.9999229907989502,0.8469017744064331,0.846538782119751
119.0,0.0,0.9993568062782288,0.0006438075797632337,0.004042557440698147,0.9999244213104248,0.8254590034484863,0.8252198100090027,0.9996454119682312,0.00035480165388435125,0.0046186321415007114,0.9999166131019592,0.8449745178222656,0.844963788986206
119.0,1.0,0.9994977712631226,0.0005029477761127055,0.004071518313139677,0.9999228715896606,0.8321250081062317,0.8320103287696838,0.9990823864936829,0.000917911296710372,0.004504438489675522,0.9999223351478577,0.8183373808860779,0.8178318738937378
119.0,2.0,0.9993802309036255,0.0006200831267051399,0.0042828768491744995,0.9999208450317383,0.8337457180023193,0.8335208892822266,0.9995513558387756,0.00044900321518070996,0.003658181754872203,0.9999310970306396,0.8118513822555542,0.8117788434028625
119.0,3.0,0.9994174242019653,0.0005827953573316336,0.004187612794339657,0.9999227523803711,0.8305243849754333,0.8302866816520691,0.9994015693664551,0.0005983931478112936,0.004039442632347345,0.9999231100082397,0.8247447609901428,0.8247269988059998
119.0,4.0,0.9994203448295593,0.0005799026694148779,0.004205342382192612,0.9999229311943054,0.8249878287315369,0.8248364925384521,0.9993903040885925,0.0006099056918174028,0.00396813964471221,0.9999227523803711,0.8469016551971436,0.8465387225151062
120.0,0.0,0.999356210231781,0.0006438017589971423,0.004042553715407848,0.9999248385429382,0.8254587650299072,0.8252192139625549,0.9996457099914551,0.00035456271143630147,0.0046188305132091045,0.999916672706604,0.8449748158454895,0.8449636697769165
120.0,1.0,0.9994965195655823,0.0005028800223954022,0.004071355797350407,0.9999228119850159,0.8321255445480347,0.8320086598396301,0.9990823268890381,0.0009179315529763699,0.004504577722400427,0.9999224543571472,0.8183372616767883,0.8178318738937378
120.0,2.0,0.9993799328804016,0.000620056118350476,0.004283062648028135,0.999920666217804,0.8337458372116089,0.8335217833518982,0.9995513558387756,0.00044898525811731815,0.00365773169323802,0.9999306797981262,0.8118513822555542,0.8117790818214417
120.0,3.0,0.9994176030158997,0.0005827249260619283,0.004187603015452623,0.9999218583106995,0.8305241465568542,0.8302863240242004,0.9994015693664551,0.0005983879673294723,0.00403971690684557,0.9999232888221741,0.8247451186180115,0.8247272968292236
120.0,4.0,0.9994199275970459,0.0005798462079837918,0.0042054601944983006,0.9999224543571472,0.8249883055686951,0.8248365521430969,0.9993903636932373,0.0006099069723859429,0.003968145232647657,0.9999229311943054,0.8469019532203674,0.8465384840965271
121.0,0.0,0.9993566274642944,0.0006438013515435159,0.004042512271553278,0.9999244809150696,0.825458824634552,0.8252192139625549,0.9996452927589417,0.0003545634972397238,0.004618889186531305,0.9999165534973145,0.8449748158454895,0.8449637293815613
121.0,1.0,0.9994973540306091,0.0005028812447562814,0.004071367438882589,0.9999232292175293,0.8321253061294556,0.8320090174674988,0.9990824460983276,0.0009179289918392897,0.004504577722400427,0.9999224543571472,0.8183372020721436,0.8178319334983826
121.0,2.0,0.9993801116943359,0.0006200533825904131,0.004283009562641382,0.9999200701713562,0.833746075630188,0.8335212469100952,0.9995514750480652,0.0004489846178330481,0.0036577065475285053,0.9999309778213501,0.8118515610694885,0.8117792010307312
121.0,3.0,0.999417245388031,0.0005827205022796988,0.0041875834576785564,0.9999223947525024,0.8305248022079468,0.8302861452102661,0.9994013905525208,0.0005983871524222195,0.004039674066007137,0.9999237060546875,0.8247448801994324,0.8247271776199341
121.0,4.0,0.9994196891784668,0.0005798497004434466,0.0042054192163050175,0.9999225735664368,0.8249878883361816,0.8248363733291626,0.9993900656700134,0.0006099059828557074,0.00396812055259943,0.9999226331710815,0.8469016551971436,0.8465385437011719
122.0,0.0,0.9993559122085571,0.000643803330603987,0.004042472690343857,0.9999242424964905,0.8254591226577759,0.825219452381134,0.9996458292007446,0.0003545664658304304,0.004618784412741661,0.9999167323112488,0.8449743390083313,0.8449642062187195
122.0,1.0,0.999496579170227,0.0005028810701332986,0.004071357659995556,0.9999227523803711,0.8321250677108765,0.8320088982582092,0.9990821480751038,0.0009179276530630887,0.004504553973674774,0.9999220967292786,0.8183373212814331,0.8178315758705139
122.0,2.0,0.9993796348571777,0.0006200533243827522,0.004282963927835226,0.9999208450317383,0.8337457776069641,0.8335212469100952,0.9995514154434204,0.0004489860439207405,0.003657693276181817,0.9999308586120605,0.8118513822555542,0.8117789030075073
122.0,3.0,0.9994178414344788,0.000582721084356308,0.004187521990388632,0.9999220967292786,0.8305239677429199,0.8302868604660034,0.9994016885757446,0.000598388200160116,0.004039620514959097,0.999923586845398,0.8247448801994324,0.8247271776199341
122.0,4.0,0.9994199872016907,0.0005798463243991137,0.004205366130918264,0.9999225735664368,0.824987530708313,0.8248367309570312,0.9993901252746582,0.0006099066231399775,0.0039680409245193005,0.9999226927757263,0.8469018936157227,0.8465387225151062
123.0,0.0,0.9993560910224915,0.0006437990232370794,0.004042438231408596,0.9999247193336487,0.8254590630531311,0.8252191543579102,0.9996457695960999,0.0003545745275914669,0.004618742968887091,0.999916672706604,0.8449746370315552,0.8449636697769165
123.0,1.0,0.9994968175888062,0.0005028820596635342,0.0040713222697377205,0.9999228715896606,0.8321250677108765,0.8320093154907227,0.9990822076797485,0.0009179189219139516,0.004504506941884756,0.9999220967292786,0.8183373212814331,0.8178318738937378
123.0,2.0,0.9993800520896912,0.0006200532079674304,0.004282877314835787,0.9999206066131592,0.8337459564208984,0.8335217833518982,0.9995517134666443,0.0004489887796808034,0.0036576255224645138,0.9999309182167053,0.8118513822555542,0.8117790818214417
123.0,3.0,0.9994173645973206,0.0005827234708704054,0.004187434446066618,0.9999229311943054,0.8305245041847229,0.8302863240242004,0.9994014501571655,0.000598388840444386,0.004039597697556019,0.9999231696128845,0.8247449994087219,0.8247274160385132
123.0,4.0,0.9994204044342041,0.0005798427737317979,0.004205345641821623,0.9999226927757263,0.8249878287315369,0.8248363137245178,0.9993902444839478,0.0006099045276641846,0.0039680274203419685,0.9999227523803711,0.8469018936157227,0.8465387225151062
124.0,0.0,0.999356210231781,0.0006437989068217576,0.004042418673634529,0.9999242424964905,0.825458824634552,0.8252190947532654,0.9996456503868103,0.0003545795916579664,0.0046188076958060265,0.9999164938926697,0.8449745178222656,0.8449638485908508
124.0,1.0,0.9994971752166748,0.0005028850282542408,0.004071285016834736,0.9999226927757263,0.8321250677108765,0.8320087194442749,0.9990823864936829,0.0009179115295410156,0.004504481330513954,0.9999224543571472,0.8183372616767883,0.8178316354751587
124.0,2.0,0.9993792176246643,0.0006200519856065512,0.004282917361706495,0.9999210834503174,0.8337461352348328,0.8335216641426086,0.9995514154434204,0.0004489881102927029,0.003657617839053273,0.9999306201934814,0.8118513226509094,0.8117786645889282
124.0,3.0,0.9994176626205444,0.0005827227723784745,0.004187450744211674,0.9999226927757263,0.8305244445800781,0.8302865624427795,0.9994016289710999,0.0005983893643133342,0.004039593040943146,0.9999231100082397,0.8247449994087219,0.8247272372245789
124.0,4.0,0.9994207620620728,0.0005798445781692863,0.004205307457596064,0.9999222755432129,0.8249884247779846,0.8248368501663208,0.9993902444839478,0.0006099040037952363,0.003967985510826111,0.9999225735664368,0.8469018936157227,0.8465386033058167
125.0,0.0,0.9993563890457153,0.0006437968113459647,0.004042390268296003,0.9999250769615173,0.8254587054252625,0.8252190947532654,0.9996457695960999,0.000354587915353477,0.004618693608790636,0.9999164342880249,0.8449745178222656,0.8449637293815613
125.0,1.0,0.99949711561203,0.0005028870073147118,0.004071244038641453,0.9999229907989502,0.8321251273155212,0.8320091962814331,0.9990822672843933,0.0009179061744362116,0.00450440077111125,0.9999224543571472,0.818337082862854,0.8178319334983826
125.0,2.0,0.9993795156478882,0.0006200519273988903,0.004282863344997168,0.9999199509620667,0.8337459564208984,0.8335215449333191,0.9995514154434204,0.00044898915803059936,0.0036576148122549057,0.9999306797981262,0.8118516206741333,0.8117789626121521
125.0,3.0,0.999417245388031,0.0005827205604873598,0.004187419544905424,0.9999225735664368,0.830524206161499,0.8302861452102661,0.9994016885757446,0.000598390179220587,0.00403955951333046,0.9999234676361084,0.8247449994087219,0.8247271776199341
125.0,4.0,0.9994202256202698,0.0005798452766612172,0.0042052804492414,0.9999232292175293,0.8249881267547607,0.8248366713523865,0.9993905425071716,0.0006099050515331328,0.003967964090406895,0.9999229907989502,0.8469019532203674,0.8465386033058167
126.0,0.0,0.9993566870689392,0.0006437968113459647,0.0040423753671348095,0.9999242424964905,0.8254588842391968,0.8252192735671997,0.9996454119682312,0.0003545867220964283,0.004618756007403135,0.9999169707298279,0.8449745178222656,0.8449636697769165
126.0,1.0,0.9994980692863464,0.0005028869491070509,0.0040712784975767136,0.9999216198921204,0.8321250677108765,0.8320093154907227,0.9990824460983276,0.0009179041371680796,0.004504429642111063,0.9999224543571472,0.818337082862854,0.8178320527076721
126.0,2.0,0.9993798136711121,0.000620051461737603,0.004282885696738958,0.9999201893806458,0.8337459564208984,0.8335214257240295,0.9995512366294861,0.00044898941996507347,0.0036576229613274336,0.999930739402771,0.8118516206741333,0.8117789030075073
126.0,3.0,0.9994170665740967,0.0005827220156788826,0.004187415819615126,0.9999228715896606,0.8305239677429199,0.8302861452102661,0.9994015097618103,0.000598390179220587,0.004039539024233818,0.9999231100082397,0.8247450590133667,0.8247271776199341
126.0,4.0,0.9994202256202698,0.0005798452766612172,0.004205327946692705,0.9999228119850159,0.8249878287315369,0.8248359560966492,0.999390184879303,0.0006099051679484546,0.003967974800616503,0.9999225735664368,0.8469017148017883,0.8465384244918823
127.0,0.0,0.999356210231781,0.0006437987904064357,0.004042345564812422,0.9999242424964905,0.8254591226577759,0.8252190351486206,0.9996458292007446,0.0003545786894392222,0.00461868941783905,0.9999162554740906,0.8449746966362,0.8449637293815613
127.0,1.0,0.9994969367980957,0.000502886192407459,0.00407127570360899,0.9999229311943054,0.8321253657341003,0.8320090174674988,0.9990821480751038,0.0009179014014080167,0.004504417069256306,0.9999225735664368,0.8183372020721436,0.8178317546844482
127.0,2.0,0.999380350112915,0.0006200519273988903,0.004282869398593903,0.9999204277992249,0.8337457776069641,0.8335211873054504,0.9995513558387756,0.000448987731942907,0.003657627385109663,0.9999310374259949,0.8118516802787781,0.8117787837982178
127.0,3.0,0.9994176030158997,0.0005827192799188197,0.00418739253655076,0.9999223947525024,0.8305243849754333,0.8302865624427795,0.9994017481803894,0.0005983900045976043,0.004039490595459938,0.9999232888221741,0.8247449994087219,0.8247271776199341
127.0,4.0,0.9994197487831116,0.0005798441125079989,0.004205232486128807,0.9999217391014099,0.8249881267547607,0.8248363733291626,0.9993903040885925,0.0006099027232266963,0.0039679501205682755,0.999922513961792,0.8469017148017883,0.846538782119751
128.0,0.0,0.9993570446968079,0.0006437979754991829,0.0040423511527478695,0.99992436170578,0.825458824634552,0.8252198100090027,0.9996456503868103,0.0003545816580299288,0.004618644714355469,0.9999166131019592,0.8449743986129761,0.844963788986206
128.0,1.0,0.9994977116584778,0.0005028849700465798,0.004071187227964401,0.9999223947525024,0.8321248292922974,0.8320095539093018,0.9990820288658142,0.0009179128101095557,0.004504358861595392,0.999922513961792,0.8183369636535645,0.8178316354751587
128.0,2.0,0.9993793964385986,0.0006200515199452639,0.004282865673303604,0.9999207258224487,0.8337457180023193,0.8335215449333191,0.9995514154434204,0.00044898930354975164,0.0036575719714164734,0.9999306797981262,0.8118513822555542,0.8117788434028625
128.0,3.0,0.9994176626205444,0.0005827219574712217,0.004187379032373428,0.9999225735664368,0.8305237889289856,0.8302865028381348,0.999401867389679,0.0005983913433738053,0.004039473831653595,0.9999235272407532,0.8247450590133667,0.8247274160385132
128.0,4.0,0.9994202256202698,0.0005798450438305736,0.004205212462693453,0.9999229311943054,0.824988067150116,0.8248369693756104,0.9993903040885925,0.0006099006277509034,0.003967915195971727,0.999922513961792,0.8469018340110779,0.8465384244918823
129.0,0.0,0.999356210231781,0.0006437991978600621,0.004042292945086956,0.9999243021011353,0.825458824634552,0.8252190351486206,0.9996458888053894,0.0003545799700077623,0.004618620499968529,0.9999166131019592,0.8449745774269104,0.8449642658233643
129.0,1.0,0.9994973540306091,0.0005028854357078671,0.004071188624948263,0.9999228119850159,0.8321250677108765,0.8320087194442749,0.9990823864936829,0.0009179135086014867,0.00450432812795043,0.9999223351478577,0.8183372616767883,0.8178317546844482
129.0,2.0,0.9993804097175598,0.0006200525676831603,0.004282789304852486,0.9999205470085144,0.8337457776069641,0.8335216045379639,0.9995512366294861,0.00044898747000843287,0.003657551947981119,0.999930739402771,0.8118511438369751,0.8117789626121521
129.0,3.0,0.9994174838066101,0.0005827199202030897,0.004187341313809156,0.9999226331710815,0.8305242657661438,0.8302861452102661,0.9994019269943237,0.0005983907030895352,0.004039466846734285,0.9999232888221741,0.8247449994087219,0.8247272372245789
129.0,4.0,0.9994204640388489,0.000579844054300338,0.004205215722322464,0.9999229311943054,0.8249878287315369,0.8248364925384521,0.9993901252746582,0.000609901559073478,0.003967899829149246,0.9999227523803711,0.8469016551971436,0.8465386033058167
130.0,0.0,0.9993564486503601,0.0006437975098378956,0.004042302258312702,0.9999239444732666,0.8254587650299072,0.8252196907997131,0.999645471572876,0.00035458101774565876,0.004618652630597353,0.999916672706604,0.8449743390083313,0.8449639678001404
130.0,1.0,0.9994974732398987,0.0005028847372159362,0.004071149975061417,0.9999220371246338,0.8321253657341003,0.8320091962814331,0.999082088470459,0.0009179066983051598,0.004504310432821512,0.9999223351478577,0.8183373212814331,0.8178318738937378
130.0,2.0,0.9993798732757568,0.0006200536154210567,0.00428279023617506,0.9999205470085144,0.8337457776069641,0.8335211873054504,0.9995513558387756,0.0004489858984015882,0.0036575354170054197,0.9999309778213501,0.8118515610694885,0.811778724193573
130.0,3.0,0.999417245388031,0.000582720385864377,0.004187312442809343,0.9999227523803711,0.8305243849754333,0.8302859663963318,0.9994015693664551,0.0005983905284665525,0.0040394398383796215,0.999923050403595,0.8247451186180115,0.8247272372245789
130.0,4.0,0.9994201064109802,0.0005798444617539644,0.004205192904919386,0.9999226927757263,0.8249877095222473,0.8248360753059387,0.999390184879303,0.0006099012680351734,0.003967862576246262,0.9999223947525024,0.8469018340110779,0.8465386033058167
131.0,0.0,0.9993561506271362,0.0006437993724830449,0.00404230784624815,0.9999244809150696,0.8254586458206177,0.8252190947532654,0.999645471572876,0.0003545745275914669,0.004618619102984667,0.9999166131019592,0.8449743390083313,0.8449639678001404
131.0,1.0,0.9994975328445435,0.0005028823507018387,0.004071160685271025,0.9999225735664368,0.8321251273155212,0.832009494304657,0.9990822076797485,0.0009179122862406075,0.004504326265305281,0.9999221563339233,0.8183373212814331,0.8178316354751587
131.0,2.0,0.9993799924850464,0.0006200502393767238,0.004282745067030191,0.9999209642410278,0.8337457180023193,0.8335214853286743,0.9995512962341309,0.00044898915803059936,0.0036575093399733305,0.9999306797981262,0.8118513822555542,0.811778724193573
131.0,3.0,0.9994175434112549,0.0005827205022796988,0.0041873035952448845,0.9999226331710815,0.8305242657661438,0.8302863836288452,0.9994015693664551,0.0005983912269584835,0.004039435181766748,0.9999229907989502,0.8247450590133667,0.8247271776199341
131.0,4.0,0.9994204640388489,0.0005798438796773553,0.004205196630209684,0.9999231100082397,0.824988067150116,0.8248361349105835,0.9993905425071716,0.0006099003367125988,0.003967884462326765,0.9999226331710815,0.8469017744064331,0.8465387225151062
132.0,0.0,0.9993563294410706,0.0006437979754991829,0.004042293410748243,0.9999243021011353,0.8254592418670654,0.825219452381134,0.9996458292007446,0.00035457752528600395,0.004618618171662092,0.9999167323112488,0.8449742794036865,0.8449639081954956
132.0,1.0,0.9994977712631226,0.0005028825253248215,0.00407114764675498,0.9999226331710815,0.8321250677108765,0.8320095539093018,0.9990824460983276,0.0009179095504805446,0.0045043122954666615,0.9999221563339233,0.8183372616767883,0.8178318738937378
132.0,2.0,0.9993799328804016,0.0006200483185239136,0.004282732959836721,0.9999204277992249,0.833746075630188,0.8335216641426086,0.9995514750480652,0.0004489887796808034,0.0036575370468199253,0.9999306797981262,0.8118512630462646,0.8117789030075073
132.0,3.0,0.9994168877601624,0.0005827192217111588,0.004187350161373615,0.9999221563339233,0.830524206161499,0.8302862644195557,0.9994019865989685,0.0005983910523355007,0.004039452876895666,0.9999233484268188,0.8247449994087219,0.8247272372245789
132.0,4.0,0.9994198083877563,0.0005798444617539644,0.004205164033919573,0.9999226927757263,0.8249875903129578,0.8248358368873596,0.999390184879303,0.0006099027232266963,0.003967898897826672,0.9999228119850159,0.8469019532203674,0.846538782119751
133.0,0.0,0.9993559122085571,0.0006437962874770164,0.004042315296828747,0.9999237060546875,0.825458824634552,0.8252191543579102,0.999645471572876,0.00035457219928503036,0.004618601407855749,0.9999164938926697,0.8449743986129761,0.844963788986206
133.0,1.0,0.9994975328445435,0.0005028825835324824,0.004071174189448357,0.9999224543571472,0.8321250677108765,0.8320095539093018,0.9990822076797485,0.0009179116459563375,0.004504334647208452,0.9999220967292786,0.8183375000953674,0.8178319334983826
133.0,2.0,0.999380350112915,0.0006200498319230974,0.004282763227820396,0.9999203085899353,0.8337456583976746,0.8335220813751221,0.9995514154434204,0.00044898787746205926,0.003657526569440961,0.9999309182167053,0.8118513822555542,0.8117787837982178
133.0,3.0,0.9994180202484131,0.0005827212589792907,0.004187336657196283,0.9999224543571472,0.8305241465568542,0.83028644323349,0.9994019269943237,0.0005983897717669606,0.004039454273879528,0.9999232292175293,0.8247451186180115,0.8247271776199341
133.0,4.0,0.9994199275970459,0.0005798426573164761,0.004205187316983938,0.9999227523803711,0.8249876499176025,0.824836015701294,0.9993903040885925,0.0006099007441662252,0.003967876546084881,0.9999227523803711,0.8469017744064331,0.8465388417243958
134.0,0.0,0.999355673789978,0.00064379459945485,0.004042279440909624,0.9999248385429382,0.8254588842391968,0.8252190947532654,0.9996457695960999,0.00035458075581118464,0.004618585109710693,0.9999164938926697,0.8449743390083313,0.8449639081954956
134.0,1.0,0.99949711561203,0.0005028856103308499,0.004071148112416267,0.9999224543571472,0.8321253657341003,0.832008957862854,0.9990822672843933,0.0009178975014947355,0.004504298325628042,0.9999222159385681,0.8183372616767883,0.8178319334983826
134.0,2.0,0.9993799924850464,0.0006200476200319827,0.004282756708562374,0.9999207258224487,0.8337457776069641,0.83352130651474,0.9995517134666443,0.0004489882558118552,0.003657508874312043,0.9999309182167053,0.8118511438369751,0.811778724193573
134.0,3.0,0.9994170665740967,0.0005827214918099344,0.004187317099422216,0.9999221563339233,0.8305244445800781,0.8302861452102661,0.9994016289710999,0.0005983900045976043,0.004039450082927942,0.9999231696128845,0.8247451186180115,0.8247272372245789
134.0,4.0,0.9994205236434937,0.0005798416095785797,0.004205172415822744,0.9999227523803711,0.824988603591919,0.8248367309570312,0.999390184879303,0.0006099012680351734,0.00396785419434309,0.9999224543571472,0.8469017744064331,0.8465385437011719
135.0,0.0,0.9993565082550049,0.0006437954143621027,0.004042243119329214,0.9999241232872009,0.8254590034484863,0.8252195715904236,0.9996458888053894,0.00035457752528600395,0.004618566948920488,0.9999165534973145,0.8449742794036865,0.8449638485908508
135.0,1.0,0.999497652053833,0.0005028849700465798,0.0040710968896746635,0.9999228715896606,0.8321253061294556,0.8320097327232361,0.9990822076797485,0.0009178977343253791,0.0045042759738862514,0.9999221563339233,0.8183373212814331,0.8178316950798035
135.0,2.0,0.9993798732757568,0.0006200480274856091,0.004282711073756218,0.9999209046363831,0.833746075630188,0.8335216641426086,0.9995514750480652,0.000448988372227177,0.0036574690602719784,0.999930739402771,0.8118515610694885,0.8117789626121521
135.0,3.0,0.9994169473648071,0.0005827205022796988,0.004187270067632198,0.9999221563339233,0.8305242657661438,0.8302860856056213,0.9994016289710999,0.000598390179220587,0.004039383493363857,0.9999233484268188,0.8247448801994324,0.8247272968292236
135.0,4.0,0.9994208812713623,0.0005798416095785797,0.004205166827887297,0.9999226927757263,0.8249881863594055,0.8248365521430969,0.9993902444839478,0.0006099007441662252,0.003967837430536747,0.999923050403595,0.8469017744064331,0.8465386033058167
136.0,0.0,0.9993559718132019,0.0006437941337935627,0.004042226355522871,0.9999244809150696,0.8254591226577759,0.8252189755439758,0.9996457695960999,0.0003545841318555176,0.004618533421307802,0.9999165534973145,0.8449745178222656,0.8449639081954956
136.0,1.0,0.9994973540306091,0.0005028843297623098,0.004071095492690802,0.9999228119850159,0.8321250081062317,0.8320090770721436,0.9990823864936829,0.0009178961627185345,0.004504255950450897,0.9999223947525024,0.8183373212814331,0.8178318738937378
136.0,2.0,0.9993801116943359,0.0006200495408847928,0.004282716196030378,0.9999206066131592,0.8337453603744507,0.8335216641426086,0.9995514154434204,0.000448987731942907,0.0036574583500623703,0.9999309778213501,0.811851441860199,0.8117788434028625
136.0,3.0,0.9994170069694519,0.0005827186978422105,0.004187277518212795,0.9999228715896606,0.8305241465568542,0.8302857875823975,0.9994015097618103,0.0005983898881822824,0.004039386287331581,0.999923050403595,0.8247449398040771,0.8247272372245789
136.0,4.0,0.999420166015625,0.0005798412021249533,0.0042051333002746105,0.9999225735664368,0.824988067150116,0.8248364329338074,0.9993905425071716,0.0006098993471823633,0.0039678411558270454,0.999922513961792,0.846901535987854,0.846538782119751
137.0,0.0,0.9993566870689392,0.0006437955307774246,0.004042257089167833,0.99992436170578,0.8254590630531311,0.8252192735671997,0.9996458292007446,0.00035457932972349226,0.004618553910404444,0.9999164342880249,0.8449746370315552,0.8449640274047852
137.0,1.0,0.9994975924491882,0.000502883514855057,0.0040711089968681335,0.9999225735664368,0.8321251273155212,0.8320092558860779,0.9990821480751038,0.0009179015178233385,0.004504251293838024,0.9999225735664368,0.8183373808860779,0.8178316950798035
137.0,2.0,0.9993796348571777,0.0006200459902174771,0.004282666835933924,0.9999208450317383,0.8337457776069641,0.8335210084915161,0.9995512366294861,0.00044899125350639224,0.0036575044505298138,0.9999308586120605,0.811851441860199,0.8117788434028625
137.0,3.0,0.9994174838066101,0.0005827188724651933,0.004187284503132105,0.9999226927757263,0.8305241465568542,0.8302865028381348,0.9994015693664551,0.0005983900045976043,0.004039430059492588,0.9999231696128845,0.8247449398040771,0.8247271776199341
137.0,4.0,0.9994198083877563,0.0005798434722237289,0.004205175209790468,0.9999228715896606,0.824988067150116,0.8248359560966492,0.9993902444839478,0.0006098993471823633,0.00396787328645587,0.9999229907989502,0.8469018936157227,0.846538782119751
138.0,0.0,0.999356210231781,0.0006437934353016317,0.0040422421880066395,0.9999242424964905,0.8254588842391968,0.8252190947532654,0.9996453523635864,0.0003545799700077623,0.004618587903678417,0.9999169111251831,0.8449745774269104,0.8449636101722717
138.0,1.0,0.9994969367980957,0.0005028836312703788,0.004071137402206659,0.9999233484268188,0.8321248888969421,0.8320094347000122,0.9990822672843933,0.0009178987820632756,0.004504308570176363,0.9999223351478577,0.8183372616767883,0.8178315758705139
138.0,2.0,0.9993796348571777,0.0006200489588081837,0.004282741341739893,0.9999204277992249,0.8337457776069641,0.8335217237472534,0.9995516538619995,0.000448988372227177,0.003657498164102435,0.9999310374259949,0.811851441860199,0.8117789030075073
138.0,3.0,0.9994175434112549,0.0005827186978422105,0.00418732687830925,0.9999223351478577,0.8305240273475647,0.8302863240242004,0.9994015097618103,0.0005983915762044489,0.00403943844139576,0.9999235272407532,0.8247451186180115,0.8247272372245789
138.0,4.0,0.999420166015625,0.0005798405618406832,0.0042051817290484905,0.9999222755432129,0.8249884247779846,0.8248369097709656,0.9993901252746582,0.0006099012680351734,0.003967855591326952,0.999922513961792,0.8469017744064331,0.8465383648872375
139.0,0.0,0.9993559122085571,0.0006437951233237982,0.004042253363877535,0.9999242424964905,0.8254590034484863,0.8252187967300415,0.9996457695960999,0.00035457880585454404,0.004618582781404257,0.9999166131019592,0.8449743986129761,0.8449639678001404
139.0,1.0,0.9994970560073853,0.0005028845625929534,0.004071142058819532,0.9999225735664368,0.8321250081062317,0.8320092558860779,0.9990825653076172,0.0009178977343253791,0.004504293203353882,0.9999227523803711,0.8183373808860779,0.8178319334983826
139.0,2.0,0.9993800520896912,0.0006200512871146202,0.004282763693481684,0.9999206066131592,0.8337453007698059,0.8335212469100952,0.9995514154434204,0.0004489887796808034,0.003657514462247491,0.9999308586120605,0.811851441860199,0.8117788434028625
139.0,3.0,0.9994171261787415,0.0005827175336889923,0.004187313839793205,0.9999229907989502,0.8305240273475647,0.8302862644195557,0.9994015693664551,0.0005983898881822824,0.00403945567086339,0.9999232292175293,0.8247449994087219,0.8247269988059998
139.0,4.0,0.9994204044342041,0.0005798433558084071,0.004205206874758005,0.9999225735664368,0.8249884843826294,0.8248364925384521,0.9993905425071716,0.0006098994635976851,0.0039679245091974735,0.9999225735664368,0.8469017744064331,0.8465385437011719
140.0,0.0,0.9993563294410706,0.0006437976262532175,0.004042299464344978,0.9999244213104248,0.8254587650299072,0.8252192139625549,0.9996458888053894,0.00035456803743727505,0.004618644714355469,0.9999163746833801,0.8449746966362,0.8449641466140747
140.0,1.0,0.9994969964027405,0.0005028832238167524,0.004071184433996677,0.999921977519989,0.8321253657341003,0.8320090770721436,0.9990822672843933,0.0009179054177366197,0.00450434535741806,0.9999224543571472,0.8183373212814331,0.8178316950798035
140.0,2.0,0.9993796348571777,0.0006200484349392354,0.004282797686755657,0.9999209046363831,0.8337458372116089,0.8335212469100952,0.9995513558387756,0.00044899203930981457,0.003657515626400709,0.999930739402771,0.811851441860199,0.8117790222167969
140.0,3.0,0.9994171261787415,0.0005827181157656014,0.004187330603599548,0.9999223947525024,0.830524206161499,0.83028644323349,0.9994014501571655,0.000598389480728656,0.004039475694298744,0.9999233484268188,0.8247448801994324,0.8247270584106445
140.0,4.0,0.9994201064109802,0.0005798417842015624,0.004205199424177408,0.9999223947525024,0.8249882459640503,0.8248366117477417,0.9993903636932373,0.0006099012680351734,0.003967897035181522,0.9999225735664368,0.8469015955924988,0.8465387225151062
141.0,0.0,0.9993562698364258,0.000643797277007252,0.00404229573905468,0.9999244809150696,0.825458824634552,0.8252190351486206,0.9996457099914551,0.0003545668732840568,0.004618645180016756,0.9999165534973145,0.8449743390083313,0.844963788986206
141.0,1.0,0.9994970560073853,0.0005028816522099078,0.004071144852787256,0.9999229311943054,0.832125723361969,0.8320087790489197,0.9990819692611694,0.0009179143817164004,0.0045043411664664745,0.9999224543571472,0.8183372616767883,0.8178315758705139
141.0,2.0,0.9993800520896912,0.0006200473289936781,0.004282783716917038,0.9999210834503174,0.8337458372116089,0.83352130651474,0.9995512962341309,0.0004489881102927029,0.0036575174890458584,0.9999313950538635,0.8118512630462646,0.8117786645889282
141.0,3.0,0.999417245388031,0.0005827194545418024,0.004187322221696377,0.9999231696128845,0.8305238485336304,0.8302859663963318,0.9994016885757446,0.0005983892478980124,0.004039464518427849,0.9999232292175293,0.8247449398040771,0.8247272968292236
141.0,4.0,0.9994199872016907,0.0005798417842015624,0.004205204080790281,0.9999227523803711,0.824987530708313,0.8248357176780701,0.9993906617164612,0.0006098981248214841,0.0039678895846009254,0.9999226927757263,0.8469018936157227,0.8465388417243958
142.0,0.0,0.999356210231781,0.0006437978590838611,0.0040422724559903145,0.9999241232872009,0.8254590034484863,0.8252190947532654,0.9996457695960999,0.00035456166369840503,0.004618598613888025,0.9999169111251831,0.8449745178222656,0.8449639081954956
142.0,1.0,0.9994968175888062,0.0005028789746575058,0.004071136936545372,0.9999229311943054,0.8321252465248108,0.8320095539093018,0.9990822076797485,0.0009179154294542968,0.004504314623773098,0.9999224543571472,0.8183374404907227,0.8178315162658691
142.0,2.0,0.9993798136711121,0.0006200477946549654,0.004282749257981777,0.9999206066131592,0.8337461352348328,0.8335212469100952,0.9995516538619995,0.0004489887796808034,0.0036574932746589184,0.9999309182167053,0.8118515610694885,0.8117790818214417
142.0,3.0,0.9994179606437683,0.0005827165441587567,0.0041872663423419,0.9999222755432129,0.8305241465568542,0.8302866816520691,0.999401867389679,0.0005983896553516388,0.004039434716105461,0.9999231696128845,0.8247449994087219,0.8247272968292236
142.0,4.0,0.9994196891784668,0.0005798426573164761,0.004205148667097092,0.9999229907989502,0.824988067150116,0.8248361349105835,0.9993901252746582,0.0006098993471823633,0.003967876546084881,0.9999226331710815,0.8469018340110779,0.846538782119751
143.0,0.0,0.9993562698364258,0.000643799256067723,0.004042269662022591,0.9999246597290039,0.8254588842391968,0.8252188563346863,0.9996457099914551,0.0003545562212821096,0.004618582781404257,0.999916672706604,0.8449747562408447,0.8449639678001404
143.0,1.0,0.9994974136352539,0.0005028803716413677,0.004071134142577648,0.9999223947525024,0.8321256041526794,0.8320091366767883,0.9990819692611694,0.0009179185726679862,0.004504329990595579,0.9999222159385681,0.8183373808860779,0.8178315758705139
143.0,2.0,0.9993802309036255,0.000620046688709408,0.004282771144062281,0.9999210238456726,0.8337457180023193,0.8335214853286743,0.9995512366294861,0.00044899008935317397,0.0036574776750057936,0.9999309778213501,0.8118515610694885,0.8117789626121521
143.0,3.0,0.9994170665740967,0.0005827175336889923,0.0041872840374708176,0.9999220371246338,0.8305239081382751,0.8302859663963318,0.9994020462036133,0.0005983910523355007,0.004039420280605555,0.9999232888221741,0.8247449398040771,0.8247272968292236
143.0,4.0,0.9994202256202698,0.0005798411439172924,0.004205184057354927,0.9999223947525024,0.8249881267547607,0.8248363733291626,0.9993901252746582,0.0006098999874666333,0.0039678821340203285,0.9999226927757263,0.8469017744064331,0.8465384840965271
144.0,0.0,0.9993555545806885,0.0006437995471060276,0.004042270127683878,0.9999242424964905,0.8254588842391968,0.8252189755439758,0.9996457099914551,0.0003545559593476355,0.004618590697646141,0.9999168515205383,0.8449747562408447,0.8449636101722717
144.0,1.0,0.9994973540306091,0.0005028785672038794,0.004071145784109831,0.9999227523803711,0.8321250677108765,0.832009494304657,0.9990822076797485,0.0009179203771054745,0.004504319746047258,0.9999225735664368,0.8183375597000122,0.8178320527076721
144.0,2.0,0.9993795156478882,0.0006200481439009309,0.004282734822481871,0.9999208450317383,0.8337459564208984,0.8335212469100952,0.9995515942573547,0.00044899058411829174,0.003657491412013769,0.999930739402771,0.8118512630462646,0.8117790222167969
144.0,3.0,0.9994179010391235,0.0005827194545418024,0.004187328275293112,0.9999222755432129,0.8305239081382751,0.8302860856056213,0.9994016289710999,0.0005983904120512307,0.004039392340928316,0.9999234676361084,0.8247449994087219,0.8247270584106445
144.0,4.0,0.9994195699691772,0.0005798423080705106,0.0042051454074680805,0.9999229907989502,0.8249878883361816,0.8248363733291626,0.9993903040885925,0.0006099001038819551,0.003967847675085068,0.9999227523803711,0.8469016551971436,0.8465385437011719
145.0,0.0,0.9993561506271362,0.0006438000709749758,0.004042225424200296,0.9999244213104248,0.8254585862159729,0.8252191543579102,0.999645471572876,0.00035455558099783957,0.0046185762621462345,0.9999166131019592,0.8449745774269104,0.8449637293815613
145.0,1.0,0.9994969367980957,0.0005028776940889657,0.0040711103938519955,0.9999225735664368,0.8321253061294556,0.8320092558860779,0.9990823268890381,0.0009179223561659455,0.004504310432821512,0.999922513961792,0.8183375000953674,0.8178318738937378
145.0,2.0,0.9993793964385986,0.0006200472125783563,0.004282779525965452,0.9999203681945801,0.8337454795837402,0.8335215449333191,0.9995515942573547,0.0004489902057684958,0.0036574802361428738,0.9999308586120605,0.8118513226509094,0.8117790818214417
145.0,3.0,0.9994177222251892,0.0005827175336889923,0.004187303129583597,0.9999223351478577,0.830524206161499,0.8302863836288452,0.9994016885757446,0.0005983902956359088,0.004039416555315256,0.9999235272407532,0.8247449994087219,0.8247274160385132
145.0,4.0,0.9994201064109802,0.0005798423080705106,0.0042051468044519424,0.9999235272407532,0.8249876499176025,0.8248364925384521,0.9993902444839478,0.0006098984158597887,0.003967861644923687,0.9999226331710815,0.8469021320343018,0.8465387225151062
146.0,0.0,0.9993571043014526,0.0006438043201342225,0.004042274318635464,0.9999238848686218,0.8254585862159729,0.8252193927764893,0.9996457695960999,0.0003545523213688284,0.004618573002517223,0.9999169707298279,0.8449745178222656,0.8449641466140747
146.0,1.0,0.99949711561203,0.0005028773448430002,0.0040711467154324055,0.9999226927757263,0.8321250081062317,0.8320096731185913,0.9990822672843933,0.0009179219487123191,0.004504322074353695,0.999922513961792,0.8183373808860779,0.8178319931030273
146.0,2.0,0.9993799924850464,0.0006200463394634426,0.004282720386981964,0.9999203681945801,0.8337458968162537,0.83352130651474,0.9995517134666443,0.0004489943676162511,0.0036574406549334526,0.9999308586120605,0.8118512630462646,0.8117790818214417
146.0,3.0,0.9994166493415833,0.0005827181739732623,0.0041872477158904076,0.999921977519989,0.8305240273475647,0.8302854895591736,0.9994015693664551,0.0005983900045976043,0.004039403051137924,0.9999231696128845,0.8247449398040771,0.8247271776199341
146.0,4.0,0.9994193911552429,0.000579839339479804,0.0042051393538713455,0.9999231100082397,0.824988067150116,0.8248361349105835,0.9993903040885925,0.0006098995800130069,0.003967860713601112,0.9999226331710815,0.8469015955924988,0.8465384840965271
147.0,0.0,0.9993559122085571,0.0006437998963519931,0.004042253363877535,0.9999246597290039,0.8254590630531311,0.8252191543579102,0.9996456503868103,0.0003545519430190325,0.004618597216904163,0.9999164342880249,0.8449745178222656,0.8449637293815613
147.0,1.0,0.9994968175888062,0.0005028782761655748,0.0040710787288844585,0.9999231696128845,0.8321248292922974,0.8320090174674988,0.9990822672843933,0.0009179142653010786,0.004504311364144087,0.9999222159385681,0.8183372020721436,0.8178319334983826
147.0,2.0,0.9993796348571777,0.0006200472707860172,0.0042826891876757145,0.9999206066131592,0.8337456583976746,0.8335214853286743,0.9995511770248413,0.00044899305794388056,0.0036574029363691807,0.999930739402771,0.811851441860199,0.8117786645889282
147.0,3.0,0.9994174242019653,0.0005827182903885841,0.0041872975416481495,0.9999231696128845,0.830524206161499,0.8302859663963318,0.9994015693664551,0.0005983909359201789,0.004039377439767122,0.9999233484268188,0.8247449398040771,0.8247271776199341
147.0,4.0,0.999419629573822,0.0005798408528789878,0.004205099772661924,0.9999228715896606,0.8249883055686951,0.8248363733291626,0.999390184879303,0.000609900860581547,0.0039678034372627735,0.9999227523803711,0.8469018936157227,0.8465384244918823
148.0,0.0,0.9993563294410706,0.0006437995471060276,0.004042194224894047,0.9999249577522278,0.8254586458206177,0.8252191543579102,0.9996456503868103,0.0003545625659171492,0.004618488252162933,0.9999170899391174,0.8449746370315552,0.8449637293815613
148.0,1.0,0.9994972944259644,0.0005028811865486205,0.004071061499416828,0.9999232888221741,0.832125723361969,0.8320090770721436,0.9990823268890381,0.0009179133339785039,0.00450424337759614,0.9999226331710815,0.8183373212814331,0.8178319931030273
148.0,2.0,0.9993798732757568,0.0006200475036166608,0.0042826710268855095,0.999920666217804,0.8337459564208984,0.8335215449333191,0.9995514154434204,0.0004489945131354034,0.0036574113182723522,0.9999308586120605,0.8118513822555542,0.8117789626121521
148.0,3.0,0.9994177222251892,0.0005827168351970613,0.0041872295551002026,0.9999223351478577,0.8305240273475647,0.8302870988845825,0.9994016885757446,0.0005983890150673687,0.004039322026073933,0.9999232292175293,0.8247450590133667,0.8247272968292236
148.0,4.0,0.9994204044342041,0.0005798405618406832,0.0042051393538713455,0.9999227523803711,0.8249881267547607,0.8248369693756104,0.9993902444839478,0.0006098989397287369,0.003967819735407829,0.9999226331710815,0.8469019532203674,0.8465383648872375
149.0,0.0,0.999356210231781,0.0006437989650294185,0.004042218439280987,0.9999244213104248,0.8254591822624207,0.8252198100090027,0.9996457695960999,0.00035456233308650553,0.004618541803210974,0.9999164342880249,0.8449745178222656,0.8449639081954956
149.0,1.0,0.99949711561203,0.0005028820014558733,0.004071073140949011,0.9999221563339233,0.8321250081062317,0.8320087790489197,0.9990822672843933,0.0009179136250168085,0.004504293203353882,0.9999223947525024,0.8183372616767883,0.8178316354751587
149.0,2.0,0.9993802309036255,0.0006200455827638507,0.004282696638256311,0.9999206066131592,0.8337454795837402,0.833521842956543,0.9995514154434204,0.0004489938437473029,0.0036574581172317266,0.9999310970306396,0.8118513822555542,0.8117790818214417
149.0,3.0,0.9994168877601624,0.000582715671043843,0.004187225364148617,0.9999223351478577,0.8305245041847229,0.8302860260009766,0.9994014501571655,0.0005983897717669606,0.004039403051137924,0.9999234676361084,0.824744701385498,0.8247267603874207
149.0,4.0,0.9994198083877563,0.0005798410857096314,0.004205122124403715,0.9999221563339233,0.8249879479408264,0.8248367309570312,0.9993903040885925,0.0006098989397287369,0.0039678276516497135,0.9999223947525024,0.8469018936157227,0.8465387225151062
150.0,0.0,0.9993566274642944,0.0006437978590838611,0.004042202141135931,0.9999239444732666,0.8254591226577759,0.8252191543579102,0.9996455311775208,0.0003545447834767401,0.004618560895323753,0.9999167323112488,0.8449746966362,0.8449640274047852
150.0,1.0,0.9994973540306091,0.0005028755986131728,0.004071061033755541,0.9999227523803711,0.8321255445480347,0.8320091962814331,0.9990824460983276,0.0009179137414321303,0.004504286218434572,0.9999223351478577,0.8183373808860779,0.8178318738937378
150.0,2.0,0.9993799924850464,0.0006200404022820294,0.004282675217837095,0.9999208450317383,0.8337457776069641,0.8335217237472534,0.9995515942573547,0.0004489942512009293,0.0036574036348611116,0.999930739402771,0.8118512630462646,0.8117790818214417
150.0,3.0,0.9994178414344788,0.0005827149725519121,0.004187234677374363,0.9999228715896606,0.830524206161499,0.8302865624427795,0.9994014501571655,0.0005983896553516388,0.004039336461573839,0.9999234676361084,0.8247450590133667,0.8247271776199341
150.0,4.0,0.9994198679924011,0.000579838000703603,0.004205102100968361,0.9999229907989502,0.8249878883361816,0.8248363137245178,0.9993903636932373,0.0006098999874666333,0.003967822529375553,0.9999223351478577,0.8469016551971436,0.8465389013290405
151.0,0.0,0.9993563890457153,0.0006437994888983667,0.004042205400764942,0.9999242424964905,0.8254588842391968,0.825219452381134,0.9996458888053894,0.0003545428335200995,0.004618502222001553,0.9999164938926697,0.8449745178222656,0.8449639678001404
151.0,1.0,0.99949711561203,0.0005028748419135809,0.004071065690368414,0.9999228715896606,0.8321247696876526,0.8320092558860779,0.9990822076797485,0.0009179107728414237,0.004504249431192875,0.9999225735664368,0.8183373212814331,0.8178316950798035
151.0,2.0,0.9993794560432434,0.0006200426141731441,0.0042826589196920395,0.9999212622642517,0.8337461352348328,0.8335207104682922,0.9995515942573547,0.00044899305794388056,0.0036574399564415216,0.9999311566352844,0.8118516206741333,0.8117789626121521
151.0,3.0,0.9994176030158997,0.0005827128188684583,0.004187234211713076,0.9999220371246338,0.8305245637893677,0.8302865624427795,0.9994016289710999,0.000598389480728656,0.004039366263896227,0.9999237656593323,0.8247449994087219,0.824727475643158
151.0,4.0,0.9994205236434937,0.0005798363126814365,0.0042051165364682674,0.9999224543571472,0.8249876499176025,0.8248365521430969,0.9993906617164612,0.0006098971352912486,0.003967808093875647,0.9999229311943054,0.8469014167785645,0.846538782119751
152.0,0.0,0.999356210231781,0.000643799256067723,0.004042206332087517,0.9999239444732666,0.8254588842391968,0.8252193927764893,0.9996460676193237,0.00035454751923680305,0.004618600010871887,0.9999165534973145,0.8449743390083313,0.8449641466140747
152.0,1.0,0.99949711561203,0.0005028764135204256,0.004071088973432779,0.999923586845398,0.8321256637573242,0.8320090770721436,0.9990819692611694,0.0009179128101095557,0.0045042624697089195,0.9999224543571472,0.8183372616767883,0.8178316950798035
152.0,2.0,0.9993801712989807,0.000620040693320334,0.004282662644982338,0.9999199509620667,0.8337457180023193,0.8335220813751221,0.9995516538619995,0.00044899279600940645,0.0036574159748852253,0.9999306201934814,0.8118513226509094,0.8117789626121521
152.0,3.0,0.9994170665740967,0.0005827120621688664,0.004187225829809904,0.9999226331710815,0.8305243253707886,0.8302860260009766,0.9994016885757446,0.0005983898881822824,0.004039326682686806,0.9999232292175293,0.8247449398040771,0.8247273564338684
152.0,4.0,0.9994198679924011,0.0005798365455120802,0.004205111879855394,0.9999220967292786,0.8249879479408264,0.8248366713523865,0.9993902444839478,0.0006098990561440587,0.0039678048342466354,0.9999225735664368,0.8469017744064331,0.8465387225151062
153.0,0.0,0.9993566274642944,0.0006437975680455565,0.004042204935103655,0.9999235272407532,0.8254590630531311,0.8252195715904236,0.9996457099914551,0.00035454376484267414,0.004618511535227299,0.999916672706604,0.8449743986129761,0.8449642658233643
153.0,1.0,0.99949711561203,0.0005028764717280865,0.004071091767400503,0.9999228715896606,0.8321253657341003,0.8320093154907227,0.9990823268890381,0.0009179142653010786,0.004504255950450897,0.999922513961792,0.8183373808860779,0.8178318738937378
153.0,2.0,0.9993798732757568,0.0006200417992658913,0.00428268825635314,0.9999204277992249,0.8337454795837402,0.8335212469100952,0.9995513558387756,0.00044899279600940645,0.003657416207715869,0.9999306201934814,0.811851441860199,0.8117789030075073
153.0,3.0,0.9994173645973206,0.0005827127024531364,0.004187231883406639,0.9999227523803711,0.8305240273475647,0.8302863836288452,0.9994011521339417,0.0005983896553516388,0.004039359278976917,0.9999229907989502,0.8247449994087219,0.8247269988059998
153.0,4.0,0.999420166015625,0.0005798361962661147,0.004205121658742428,0.9999227523803711,0.824988067150116,0.8248368501663208,0.9993903636932373,0.0006098980084061623,0.003967801108956337,0.9999226331710815,0.8469016551971436,0.8465387225151062
154.0,0.0,0.999356210231781,0.0006437981501221657,0.0040422058664262295,0.9999244809150696,0.825458824634552,0.8252195119857788,0.9996455311775208,0.0003545423096511513,0.004618491977453232,0.9999167323112488,0.8449747562408447,0.8449637293815613
154.0,1.0,0.9994971752166748,0.0005028751329518855,0.0040710666216909885,0.9999223351478577,0.8321251273155212,0.8320096135139465,0.9990825653076172,0.0009179133339785039,0.004504264798015356,0.9999223947525024,0.8183373808860779,0.8178319931030273
154.0,2.0,0.999379575252533,0.0006200401112437248,0.004282685928046703,0.9999208450317383,0.8337459564208984,0.8335214853286743,0.9995516538619995,0.0004489943676162511,0.0036574078258126974,0.9999308586120605,0.8118513822555542,0.8117789030075073
154.0,3.0,0.9994176030158997,0.0005827120621688664,0.004187231883406639,0.9999218583106995,0.8305240273475647,0.8302865624427795,0.9994015097618103,0.0005983913433738053,0.004039402585476637,0.9999232292175293,0.8247448801994324,0.8247268795967102
154.0,4.0,0.9994196891784668,0.0005798361962661147,0.004205112345516682,0.9999227523803711,0.8249878883361816,0.8248364329338074,0.9993903040885925,0.0006098995800130069,0.003967818804085255,0.9999231696128845,0.8469018936157227,0.8465385437011719
155.0,0.0,0.9993559718132019,0.0006437978008762002,0.004042213782668114,0.9999243021011353,0.8254590034484863,0.8252192735671997,0.9996458292007446,0.0003545460931491107,0.004618513863533735,0.9999166131019592,0.8449745774269104,0.8449640274047852
155.0,1.0,0.9994971752166748,0.0005028762388974428,0.0040710680186748505,0.9999223351478577,0.8321249485015869,0.8320090174674988,0.9990823268890381,0.0009179104818031192,0.004504271317273378,0.9999221563339233,0.8183373808860779,0.8178318738937378
155.0,2.0,0.9993799924850464,0.000620042032096535,0.004282661713659763,0.9999211430549622,0.8337457180023193,0.8335214853286743,0.9995514154434204,0.0004489924176596105,0.0036574022378772497,0.9999306797981262,0.8118513226509094,0.8117790222167969
155.0,3.0,0.999417245388031,0.00058271165471524,0.004187234677374363,0.9999228119850159,0.8305239677429199,0.8302860856056213,0.9994015693664551,0.0005983896553516388,0.004039389546960592,0.9999232292175293,0.8247449994087219,0.8247275352478027
155.0,4.0,0.999420702457428,0.0005798377678729594,0.004205101169645786,0.9999224543571472,0.8249881863594055,0.8248367309570312,0.9993900060653687,0.0006098994635976851,0.00396780576556921,0.9999228119850159,0.8469017148017883,0.8465387225151062
156.0,0.0,0.999356746673584,0.0006437996635213494,0.004042213317006826,0.9999236464500427,0.8254588842391968,0.8252196311950684,0.9996458888053894,0.000354546878952533,0.004618527367711067,0.9999165534973145,0.8449746370315552,0.8449641466140747
156.0,1.0,0.9994965195655823,0.0005028754821978509,0.00407106988132,0.9999231100082397,0.8321252465248108,0.8320092558860779,0.9990824460983276,0.000917910598218441,0.004504277370870113,0.999922513961792,0.8183373808860779,0.8178321719169617
156.0,2.0,0.9993796348571777,0.000620042672380805,0.004282691050320864,0.9999206066131592,0.8337457776069641,0.8335209488868713,0.9995515942573547,0.0004489923012442887,0.0036574022378772497,0.9999305605888367,0.8118513822555542,0.8117790818214417
156.0,3.0,0.9994169473648071,0.0005827118293382227,0.004187243524938822,0.9999226331710815,0.8305245041847229,0.8302860260009766,0.9994016885757446,0.0005983905284665525,0.004039371851831675,0.9999232292175293,0.8247448801994324,0.8247270584106445
156.0,4.0,0.9994198083877563,0.0005798354395665228,0.004205107688903809,0.9999226927757263,0.8249875903129578,0.8248364329338074,0.9993903040885925,0.0006098995800130069,0.003967811353504658,0.9999226927757263,0.8469017744064331,0.8465386033058167
157.0,0.0,0.9993564486503601,0.0006437976844608784,0.004042208660393953,0.9999244213104248,0.8254587650299072,0.8252191543579102,0.9996458292007446,0.0003545462095644325,0.004618523642420769,0.9999167323112488,0.8449745774269104,0.8449640274047852
157.0,1.0,0.9994975328445435,0.0005028753657825291,0.0040710680186748505,0.9999231696128845,0.8321252465248108,0.8320094347000122,0.9990819692611694,0.0009179114131256938,0.004504275042563677,0.9999221563339233,0.8183375000953674,0.8178316354751587
157.0,2.0,0.9993798732757568,0.0006200413918122649,0.004282666835933924,0.999921441078186,0.8337458372116089,0.8335217833518982,0.9995514750480652,0.0004489946295507252,0.0036574078258126974,0.9999309182167053,0.8118512630462646,0.8117790818214417
157.0,3.0,0.9994174838066101,0.0005827125860378146,0.0041872537694871426,0.9999226927757263,0.8305244445800781,0.8302863240242004,0.9994016885757446,0.0005983898881822824,0.0040393732488155365,0.9999231696128845,0.8247448801994324,0.8247272372245789
157.0,4.0,0.9994202852249146,0.0005798350321128964,0.0042050923220813274,0.9999226331710815,0.8249879479408264,0.8248366117477417,0.9993902444839478,0.0006098982994444668,0.003967795986682177,0.9999229907989502,0.8469018936157227,0.8465385437011719
158.0,0.0,0.9993564486503601,0.0006438003038056195,0.0040421937592327595,0.99992436170578,0.8254585266113281,0.8252192139625549,0.9996457695960999,0.00035454388125799596,0.004618585575371981,0.9999164342880249,0.8449745178222656,0.8449639081954956
158.0,1.0,0.9994973540306091,0.0005028744926676154,0.004071067087352276,0.9999223947525024,0.8321248292922974,0.8320093154907227,0.9990822672843933,0.000917908560950309,0.004504277370870113,0.9999219179153442,0.8183375000953674,0.8178316354751587
158.0,2.0,0.9993802309036255,0.0006200397037900984,0.004282668698579073,0.999920666217804,0.8337462544441223,0.8335217833518982,0.9995514154434204,0.00044899279600940645,0.003657418768852949,0.9999309182167053,0.8118513226509094,0.8117789030075073
158.0,3.0,0.9994176626205444,0.0005827121203765273,0.004187229089438915,0.9999229311943054,0.8305243253707886,0.8302860260009766,0.9994019865989685,0.0005983902956359088,0.004039376974105835,0.9999234676361084,0.8247449398040771,0.824727475643158
158.0,4.0,0.9994204044342041,0.0005798378842882812,0.004205114208161831,0.9999233484268188,0.8249880075454712,0.8248366117477417,0.9993903636932373,0.0006098980084061623,0.003967808093875647,0.999923050403595,0.8469018340110779,0.846538782119751
159.0,0.0,0.9993558526039124,0.0006437990232370794,0.004042207729071379,0.9999249577522278,0.825458824634552,0.8252192735671997,0.999645471572876,0.0003545442596077919,0.004618544597178698,0.9999170899391174,0.8449746370315552,0.8449639081954956
159.0,1.0,0.9994974732398987,0.000502876762766391,0.004071065690368414,0.9999222755432129,0.8321254253387451,0.8320091962814331,0.9990822672843933,0.0009179121698252857,0.004504266660660505,0.9999223947525024,0.8183373212814331,0.8178319334983826
159.0,2.0,0.9993801116943359,0.0006200424977578223,0.004282666835933924,0.9999204277992249,0.8337457776069641,0.8335214853286743,0.9995514154434204,0.00044899110798723996,0.0036574010737240314,0.9999310374259949,0.8118513226509094,0.8117788434028625
159.0,3.0,0.9994176030158997,0.0005827131099067628,0.0041872248984873295,0.9999226331710815,0.8305244445800781,0.83028644323349,0.9994014501571655,0.000598389480728656,0.004039403982460499,0.9999232292175293,0.8247450590133667,0.8247271776199341
159.0,4.0,0.9994204044342041,0.0005798371275886893,0.004205119796097279,0.9999227523803711,0.8249878287315369,0.8248366117477417,0.9993902444839478,0.0006098986486904323,0.003967791795730591,0.9999227523803711,0.8469017744064331,0.8465385437011719
160.0,0.0,0.9993559122085571,0.0006437987904064357,0.004042203072458506,0.9999233484268188,0.8254588842391968,0.8252190351486206,0.9996457099914551,0.0003545410290826112,0.004618518054485321,0.9999164342880249,0.8449745178222656,0.8449637293815613
160.0,1.0,0.9994969367980957,0.0005028750747442245,0.0040710680186748505,0.9999225735664368,0.8321253061294556,0.8320090174674988,0.9990822076797485,0.0009179061744362116,0.004504261538386345,0.999922513961792,0.8183372616767883,0.8178318738937378
160.0,2.0,0.9993802309036255,0.0006200409843586385,0.0042826589196920395,0.9999198317527771,0.8337449431419373,0.833521842956543,0.9995514154434204,0.0004489925631787628,0.0036574203986674547,0.9999309182167053,0.811851441860199,0.8117789030075073
160.0,3.0,0.9994170069694519,0.0005827139830216765,0.004187240730971098,0.9999228715896606,0.830524206161499,0.8302859663963318,0.9994017481803894,0.0005983904120512307,0.004039364401251078,0.9999234676361084,0.8247453570365906,0.8247274160385132
160.0,4.0,0.9994202256202698,0.0005798364290967584,0.00420511094853282,0.9999229907989502,0.8249878883361816,0.8248365521430969,0.9993898868560791,0.0006098994635976851,0.003967807162553072,0.9999227523803711,0.8469018340110779,0.8465386033058167
161.0,0.0,0.9993558526039124,0.0006437984993681312,0.004042200278490782,0.9999240636825562,0.825458824634552,0.8252187967300415,0.9996458292007446,0.0003545486833900213,0.004618498031049967,0.999916672706604,0.8449747562408447,0.8449639081954956
161.0,1.0,0.9994967579841614,0.0005028756568208337,0.004071051254868507,0.9999222159385681,0.8321254849433899,0.8320092558860779,0.999082088470459,0.0009179061744362116,0.004504269454628229,0.9999223351478577,0.8183371424674988,0.8178319931030273
161.0,2.0,0.9993795156478882,0.0006200428470037878,0.004282672423869371,0.999921441078186,0.833745539188385,0.8335216045379639,0.9995512366294861,0.0004489918937906623,0.0036574015393853188,0.9999306797981262,0.8118513226509094,0.8117788434028625
161.0,3.0,0.999417245388031,0.0005827118875458837,0.004187225829809904,0.9999228715896606,0.8305237293243408,0.8302866816520691,0.9994014501571655,0.0005983896553516388,0.00403939001262188,0.9999233484268188,0.8247450590133667,0.8247270584106445
161.0,4.0,0.9994201064109802,0.0005798367201350629,0.004205112811177969,0.9999226331710815,0.824988067150116,0.8248363137245178,0.9993903636932373,0.0006098994635976851,0.003967819735407829,0.9999231100082397,0.8469015955924988,0.8465387225151062
162.0,0.0,0.9993566274642944,0.0006437975680455565,0.0040421998128294945,0.9999244809150696,0.8254584670066833,0.8252195119857788,0.9996457099914551,0.0003545410290826112,0.004618516191840172,0.999916672706604,0.8449746966362,0.8449642062187195
162.0,1.0,0.9994969964027405,0.0005028757150284946,0.004071059636771679,0.9999223351478577,0.8321250677108765,0.8320090770721436,0.9990823864936829,0.0009179102489724755,0.004504268988966942,0.9999225735664368,0.8183372616767883,0.8178319334983826
162.0,2.0,0.9993797540664673,0.0006200419156812131,0.004282648209482431,0.9999206066131592,0.8337458372116089,0.8335210680961609,0.9995513558387756,0.0004489925631787628,0.003657401306554675,0.9999308586120605,0.8118513822555542,0.8117789030075073
162.0,3.0,0.9994176030158997,0.0005827132845297456,0.004187231883406639,0.9999225735664368,0.8305241465568542,0.8302866220474243,0.999401867389679,0.000598390179220587,0.004039337392896414,0.9999233484268188,0.8247451186180115,0.8247272372245789
162.0,4.0,0.9994204044342041,0.0005798380589112639,0.004205100238323212,0.9999231696128845,0.8249879479408264,0.8248368501663208,0.9993903636932373,0.0006098977755755186,0.003967831376940012,0.9999226331710815,0.8469017744064331,0.8465387225151062
163.0,0.0,0.999356210231781,0.000643798615783453,0.0040421998128294945,0.9999241232872009,0.8254591226577759,0.8252190351486206,0.9996458292007446,0.0003545425715856254,0.004618522711098194,0.9999169707298279,0.8449742794036865,0.8449639081954956
163.0,1.0,0.9994973540306091,0.0005028750165365636,0.004071076400578022,0.9999227523803711,0.8321254253387451,0.8320092558860779,0.9990822076797485,0.0009179142653010786,0.0045042806304991245,0.9999223351478577,0.8183372616767883,0.8178316950798035
163.0,2.0,0.9993800520896912,0.000620041973888874,0.004282691981643438,0.9999204277992249,0.8337458372116089,0.8335215449333191,0.9995516538619995,0.0004489926795940846,0.003657422261312604,0.9999306797981262,0.8118512630462646,0.8117789030075073
163.0,3.0,0.9994178414344788,0.0005827106069773436,0.004187227226793766,0.9999225735664368,0.8305240273475647,0.8302868604660034,0.9994014501571655,0.0005983910523355007,0.004039349500089884,0.9999232888221741,0.8247448801994324,0.8247271776199341
163.0,4.0,0.9994208216667175,0.000579837360419333,0.004205114208161831,0.9999233484268188,0.8249876499176025,0.8248370289802551,0.9993903636932373,0.0006099001038819551,0.00396781787276268,0.9999228119850159,0.8469017744064331,0.8465386033058167
164.0,0.0,0.9993559718132019,0.0006437993724830449,0.00404219189658761,0.9999246597290039,0.8254590034484863,0.8252192139625549,0.9996456503868103,0.0003545449289958924,0.00461850268766284,0.999916672706604,0.8449745774269104,0.8449637293815613
164.0,1.0,0.99949711561203,0.0005028762971051037,0.004071061499416828,0.9999228715896606,0.8321249485015869,0.8320091962814331,0.9990824460983276,0.0009179129847325385,0.004504278302192688,0.999922513961792,0.8183375000953674,0.8178320527076721
164.0,2.0,0.9993797540664673,0.0006200411589816213,0.004282669629901648,0.9999206066131592,0.833745539188385,0.8335216641426086,0.9995513558387756,0.00044899125350639224,0.003657393157482147,0.9999306797981262,0.8118512034416199,0.8117789030075073
164.0,3.0,0.9994173645973206,0.0005827117711305618,0.004187227692455053,0.9999227523803711,0.830524206161499,0.830285906791687,0.9994015097618103,0.0005983897717669606,0.004039392340928316,0.9999232888221741,0.8247448801994324,0.8247272372245789
164.0,4.0,0.9994202852249146,0.0005798361962661147,0.004205106757581234,0.9999223351478577,0.8249881267547607,0.8248366713523865,0.9993906021118164,0.0006098989397287369,0.003967822529375553,0.9999226331710815,0.8469017744064331,0.8465386033058167
165.0,0.0,0.9993559122085571,0.0006437997217290103,0.004042208194732666,0.999924898147583,0.8254588842391968,0.825218915939331,0.9996457099914551,0.0003545428335200995,0.004618524108082056,0.9999170303344727,0.8449745774269104,0.8449641466140747
165.0,1.0,0.9994967579841614,0.0005028748419135809,0.004071070346981287,0.9999225735664368,0.8321250677108765,0.8320090174674988,0.9990823864936829,0.000917909957934171,0.004504247568547726,0.9999223351478577,0.8183372020721436,0.8178319334983826
165.0,2.0,0.9993798732757568,0.0006200408097356558,0.004282659385353327,0.9999203085899353,0.8337457776069641,0.8335214257240295,0.9995511770248413,0.0004489903221838176,0.0036573961842805147,0.9999309778213501,0.8118515610694885,0.8117790222167969
165.0,3.0,0.9994173049926758,0.000582712353207171,0.004187233746051788,0.9999223351478577,0.8305241465568542,0.8302865028381348,0.9994015097618103,0.0005983907030895352,0.004039369057863951,0.9999235272407532,0.8247449398040771,0.8247274160385132
165.0,4.0,0.9994205236434937,0.0005798372440040112,0.0042051104828715324,0.9999228119850159,0.8249883055686951,0.8248369097709656,0.9993904232978821,0.0006099006277509034,0.003967831376940012,0.9999226927757263,0.8469017148017883,0.8465386033058167
166.0,0.0,0.9993564486503601,0.0006437983829528093,0.004042206797748804,0.9999246001243591,0.8254591226577759,0.8252195715904236,0.9996454119682312,0.0003545506333466619,0.00461851991713047,0.9999164342880249,0.8449745774269104,0.8449636697769165
166.0,1.0,0.9994968175888062,0.0005028749001212418,0.0040710726752877235,0.9999231100082397,0.8321259021759033,0.8320088982582092,0.9990822076797485,0.0009179124608635902,0.004504264798015356,0.9999226331710815,0.8183373808860779,0.8178317546844482
166.0,2.0,0.9993800520896912,0.0006200412171892822,0.004282661247998476,0.9999205470085144,0.8337457776069641,0.8335211873054504,0.9995516538619995,0.00044899320346303284,0.0036573982797563076,0.9999311566352844,0.8118513226509094,0.8117789626121521
166.0,3.0,0.9994170665740967,0.0005827111308462918,0.004187234677374363,0.9999228715896606,0.8305239081382751,0.8302862644195557,0.9994017481803894,0.000598390179220587,0.004039363004267216,0.9999232292175293,0.8247449398040771,0.8247272372245789
166.0,4.0,0.9994198083877563,0.000579837360419333,0.004205108620226383,0.9999222755432129,0.8249881863594055,0.8248365521430969,0.9993904232978821,0.0006098981248214841,0.003967809956520796,0.999922513961792,0.8469018340110779,0.8465388417243958
167.0,0.0,0.9993563890457153,0.0006437993724830449,0.004042211454361677,0.9999246597290039,0.8254591226577759,0.825219452381134,0.9996457099914551,0.00035454778117127717,0.004618531558662653,0.9999164938926697,0.8449745178222656,0.8449640274047852
167.0,1.0,0.9994966387748718,0.0005028753657825291,0.00407106988132,0.9999222159385681,0.8321250677108765,0.8320090174674988,0.999082088470459,0.0009179120534099638,0.00450425548478961,0.9999223947525024,0.8183369040489197,0.8178319334983826
167.0,2.0,0.9993795156478882,0.0006200409261509776,0.0042826589196920395,0.9999215602874756,0.8337457776069641,0.8335210084915161,0.9995511770248413,0.00044899151544086635,0.003657387103885412,0.9999306797981262,0.8118513822555542,0.8117785453796387
167.0,3.0,0.9994173049926758,0.0005827118875458837,0.004187226295471191,0.9999228119850159,0.8305241465568542,0.8302862644195557,0.9994015097618103,0.0005983907030895352,0.004039369989186525,0.9999232292175293,0.8247449994087219,0.8247272968292236
167.0,4.0,0.9994198679924011,0.0005798366037197411,0.004205094650387764,0.9999223351478577,0.824988067150116,0.8248366117477417,0.9993903636932373,0.0006098989397287369,0.003967821132391691,0.9999227523803711,0.8469017148017883,0.846538782119751
168.0,0.0,0.999356210231781,0.0006437975680455565,0.004042200278490782,0.99992436170578,0.8254591822624207,0.8252187967300415,0.999645471572876,0.00035454181488603354,0.004618531558662653,0.9999163150787354,0.8449745774269104,0.8449641466140747
168.0,1.0,0.9994969367980957,0.0005028762971051037,0.00407105777412653,0.9999226927757263,0.832125723361969,0.8320093154907227,0.999082624912262,0.0009179132175631821,0.0045042820274829865,0.9999226331710815,0.8183372616767883,0.8178318738937378
168.0,2.0,0.9993800520896912,0.0006200413918122649,0.004282675683498383,0.9999211430549622,0.8337457776069641,0.8335217237472534,0.9995514154434204,0.00044899305794388056,0.003657394554466009,0.9999305605888367,0.8118513226509094,0.8117790222167969
168.0,3.0,0.9994173049926758,0.0005827129352837801,0.004187225829809904,0.9999223351478577,0.8305243849754333,0.830285906791687,0.9994014501571655,0.0005983902956359088,0.0040393709205091,0.9999235272407532,0.8247451186180115,0.8247270584106445
168.0,4.0,0.9994202256202698,0.0005798377678729594,0.004205132368952036,0.9999227523803711,0.8249878883361816,0.8248365521430969,0.9993903040885925,0.0006098971352912486,0.00396780576556921,0.9999227523803711,0.8469015955924988,0.8465386033058167
169.0,0.0,0.9993561506271362,0.0006437979754991829,0.0040421984158456326,0.9999243021011353,0.8254588842391968,0.8252192139625549,0.9996458292007446,0.0003545483050402254,0.004618512466549873,0.9999170303344727,0.8449745774269104,0.8449639081954956
169.0,1.0,0.999498188495636,0.0005028753657825291,0.0040710619650781155,0.9999233484268188,0.8321248888969421,0.8320092558860779,0.9990822672843933,0.0009179117623716593,0.004504261538386345,0.9999226331710815,0.8183373212814331,0.8178316354751587
169.0,2.0,0.9993799328804016,0.0006200434872880578,0.004282665904611349,0.9999209046363831,0.8337460160255432,0.8335214853286743,0.9995513558387756,0.00044899346539750695,0.00365740736015141,0.9999309182167053,0.8118513822555542,0.8117789030075073
169.0,3.0,0.9994181394577026,0.0005827131099067628,0.004187248181551695,0.9999226927757263,0.8305242657661438,0.8302866220474243,0.9994016289710999,0.0005983891314826906,0.004039371386170387,0.9999236464500427,0.8247449398040771,0.8247272968292236
169.0,4.0,0.9994202256202698,0.0005798369529657066,0.0042051165364682674,0.9999226331710815,0.8249881863594055,0.8248364925384521,0.9993900656700134,0.0006098986486904323,0.003967821132391691,0.9999226927757263,0.8469016551971436,0.8465384840965271
170.0,0.0,0.9993563294410706,0.0006437971605919302,0.004042199347168207,0.9999242424964905,0.8254587054252625,0.825218915939331,0.9996456503868103,0.00035454751923680305,0.004618523176759481,0.9999164342880249,0.8449746966362,0.8449639081954956
170.0,1.0,0.999496579170227,0.0005028762971051037,0.004071066156029701,0.9999223947525024,0.8321253657341003,0.8320083022117615,0.9990822076797485,0.0009179094340652227,0.004504269454628229,0.9999220371246338,0.8183374404907227,0.8178319334983826
170.0,2.0,0.9993801712989807,0.0006200434872880578,0.0042826649732887745,0.9999212026596069,0.8337459564208984,0.8335211873054504,0.9995512366294861,0.0004489924176596105,0.0036574003752321005,0.999930739402771,0.8118513822555542,0.8117788434028625
170.0,3.0,0.9994168877601624,0.0005827125860378146,0.004187232349067926,0.9999223351478577,0.8305243849754333,0.8302857279777527,0.9994016885757446,0.0005983902956359088,0.004039382562041283,0.9999237060546875,0.8247451186180115,0.8247272372245789
170.0,4.0,0.999419629573822,0.0005798378842882812,0.004205092787742615,0.9999228715896606,0.8249879479408264,0.8248360753059387,0.9993905425071716,0.0006098985322751105,0.003967808559536934,0.9999226927757263,0.8469018340110779,0.8465386033058167
171.0,0.0,0.9993568658828735,0.0006437979754991829,0.004042201209813356,0.9999247789382935,0.8254588842391968,0.8252193927764893,0.9996456503868103,0.00035454556928016245,0.004618518520146608,0.9999164938926697,0.8449745178222656,0.8449639678001404
171.0,1.0,0.99949711561203,0.0005028759478591383,0.004071058705449104,0.9999225735664368,0.8321253061294556,0.8320097327232361,0.9990822076797485,0.0009179098415188491,0.004504261538386345,0.9999224543571472,0.8183372616767883,0.8178316950798035
171.0,2.0,0.9993800520896912,0.0006200407515279949,0.0042826649732887745,0.9999206066131592,0.8337457180023193,0.833521842956543,0.9995514750480652,0.00044899177737534046,0.003657405963167548,0.9999310374259949,0.8118515610694885,0.8117788434028625
171.0,3.0,0.999417245388031,0.0005827140412293375,0.00418724212795496,0.999921977519989,0.8305245041847229,0.8302865028381348,0.9994015097618103,0.000598389480728656,0.004039387218654156,0.9999232292175293,0.8247448205947876,0.8247271776199341
171.0,4.0,0.9994201064109802,0.0005798374768346548,0.004205108154565096,0.9999226927757263,0.8249879479408264,0.8248363137245178,0.999390184879303,0.0006098989397287369,0.00396782997995615,0.999922513961792,0.8469018936157227,0.846538782119751
172.0,0.0,0.9993557333946228,0.0006437986739911139,0.004042200278490782,0.9999241232872009,0.8254587650299072,0.8252189755439758,0.9996456503868103,0.00035454778117127717,0.004618514329195023,0.9999165534973145,0.8449745774269104,0.8449638485908508
172.0,1.0,0.9994968175888062,0.0005028759478591383,0.0040710619650781155,0.9999224543571472,0.8321254253387451,0.832008957862854,0.999082088470459,0.0009179071057587862,0.004504273645579815,0.9999224543571472,0.8183372616767883,0.8178316354751587
172.0,2.0,0.9993794560432434,0.0006200395873747766,0.004282678011804819,0.9999203085899353,0.8337456583976746,0.8335216045379639,0.9995514154434204,0.00044899177737534046,0.0036574092227965593,0.9999306797981262,0.8118516206741333,0.8117787837982178
172.0,3.0,0.9994179010391235,0.00058271165471524,0.004187221638858318,0.9999222159385681,0.8305245041847229,0.8302865028381348,0.9994014501571655,0.0005983905284665525,0.004039336461573839,0.9999232292175293,0.8247451186180115,0.8247272372245789
172.0,4.0,0.9994195103645325,0.000579837360419333,0.004205096047371626,0.9999225735664368,0.8249881267547607,0.8248369693756104,0.9993906617164612,0.000609900220297277,0.003967814147472382,0.9999226331710815,0.8469019532203674,0.8465389013290405
173.0,0.0,0.9993568062782288,0.0006437971605919302,0.004042207729071379,0.9999236464500427,0.8254591226577759,0.825219452381134,0.9996457695960999,0.00035454725730232894,0.0046185897663235664,0.9999166131019592,0.8449746370315552,0.8449639081954956
173.0,1.0,0.99949711561203,0.0005028771120123565,0.0040710680186748505,0.9999222159385681,0.8321256041526794,0.8320087790489197,0.9990825653076172,0.0009179114131256938,0.004504281561821699,0.9999221563339233,0.8183372020721436,0.8178318738937378
173.0,2.0,0.9993804693222046,0.0006200394709594548,0.004282662179321051,0.9999197125434875,0.8337458372116089,0.8335217237472534,0.9995513558387756,0.0004489923012442887,0.0036574206314980984,0.9999308586120605,0.811851441860199,0.8117785453796387
173.0,3.0,0.9994175434112549,0.0005827134009450674,0.004187234677374363,0.9999225735664368,0.830524206161499,0.8302863240242004,0.9994019269943237,0.0005983887240290642,0.004039344843477011,0.9999232888221741,0.8247448801994324,0.8247274160385132
173.0,4.0,0.9994199275970459,0.0005798374186269939,0.0042051090858876705,0.9999223351478577,0.8249883055686951,0.8248366117477417,0.9993906021118164,0.0006098995800130069,0.0039678048342466354,0.9999224543571472,0.8469016551971436,0.846538782119751
174.0,0.0,0.9993568062782288,0.0006437971605919302,0.004042203072458506,0.9999248385429382,0.8254584670066833,0.8252190351486206,0.9996457695960999,0.0003545464714989066,0.004618510603904724,0.999916672706604,0.8449745774269104,0.8449639081954956
174.0,1.0,0.9994967579841614,0.0005028762388974428,0.004071078263223171,0.9999228119850159,0.8321251273155212,0.8320090770721436,0.9990820288658142,0.0009179120534099638,0.004504262935370207,0.9999224543571472,0.8183373212814331,0.8178316950798035
174.0,2.0,0.9993796348571777,0.0006200408679433167,0.004282659851014614,0.9999203085899353,0.8337458372116089,0.8335215449333191,0.9995512962341309,0.00044899346539750695,0.0036574064288288355,0.9999310970306396,0.8118513226509094,0.8117789030075073
174.0,3.0,0.9994170665740967,0.0005827128188684583,0.004187229089438915,0.9999223351478577,0.8305243849754333,0.8302857875823975,0.9994017481803894,0.000598389480728656,0.0040393550880253315,0.9999232292175293,0.8247450590133667,0.8247271776199341
174.0,4.0,0.9994202852249146,0.0005798364290967584,0.0042051165364682674,0.9999231100082397,0.824988067150116,0.8248368501663208,0.9993905425071716,0.0006098977755755186,0.003967812284827232,0.9999227523803711,0.8469018936157227,0.8465386033058167
175.0,0.0,0.9993559122085571,0.0006437984993681312,0.004042205400764942,0.9999246001243591,0.8254591226577759,0.8252193927764893,0.9996456503868103,0.000354546878952533,0.004618516191840172,0.9999166131019592,0.8449745774269104,0.844963788986206
175.0,1.0,0.9994975924491882,0.0005028758896514773,0.004071076866239309,0.9999227523803711,0.8321250677108765,0.8320095539093018,0.999082624912262,0.0009179110056720674,0.004504262935370207,0.9999227523803711,0.8183373212814331,0.8178319334983826
175.0,2.0,0.9993801712989807,0.000620042032096535,0.004282660316675901,0.9999203085899353,0.8337460160255432,0.8335217237472534,0.9995514750480652,0.00044899372733198106,0.0036574050318449736,0.9999313950538635,0.8118513226509094,0.8117789030075073
175.0,3.0,0.9994177222251892,0.00058271101443097,0.004187221173197031,0.9999226331710815,0.830524206161499,0.8302862644195557,0.9994016885757446,0.000598388840444386,0.00403937604278326,0.999923586845398,0.8247449398040771,0.8247271776199341
175.0,4.0,0.9994203448295593,0.000579838000703603,0.004205107688903809,0.9999221563339233,0.8249881267547607,0.8248364925384521,0.9993901252746582,0.0006098990561440587,0.0039678229950368404,0.9999225735664368,0.8469018936157227,0.846538782119751
176.0,0.0,0.9993561506271362,0.0006437984993681312,0.004042204935103655,0.99992436170578,0.8254590034484863,0.8252195715904236,0.9996456503868103,0.0003545463550835848,0.004618521314114332,0.9999168515205383,0.8449745178222656,0.8449638485908508
176.0,1.0,0.99949711561203,0.0005028753657825291,0.004071073140949011,0.9999229311943054,0.8321250677108765,0.8320095539093018,0.9990823268890381,0.0009179125772789121,0.004504269454628229,0.9999220371246338,0.8183373212814331,0.8178317546844482
176.0,2.0,0.9993796348571777,0.0006200408679433167,0.004282675217837095,0.9999215006828308,0.8337453007698059,0.8335211873054504,0.9995514154434204,0.00044899489148519933,0.003657412948086858,0.9999305009841919,0.8118513822555542,0.811778724193573
176.0,3.0,0.9994169473648071,0.0005827131099067628,0.004187221638858318,0.9999225735664368,0.8305243849754333,0.8302860856056213,0.999401867389679,0.0005983907030895352,0.0040393369272351265,0.9999235272407532,0.8247451186180115,0.8247273564338684
176.0,4.0,0.999420702457428,0.0005798364290967584,0.004205100238323212,0.9999227523803711,0.8249882459640503,0.8248364329338074,0.999390184879303,0.0006098967278376222,0.003967802040278912,0.9999226331710815,0.8469017744064331,0.8465387225151062
177.0,0.0,0.999356210231781,0.0006437978590838611,0.004042197018861771,0.9999246001243591,0.8254585862159729,0.8252195715904236,0.9996458292007446,0.0003545462095644325,0.004618518054485321,0.9999169707298279,0.8449747562408447,0.8449639678001404
177.0,1.0,0.9994977116584778,0.0005028762971051037,0.004071068949997425,0.9999224543571472,0.8321252465248108,0.8320091366767883,0.9990821480751038,0.0009179086773656309,0.004504266660660505,0.9999223947525024,0.8183372616767883,0.8178318738937378
177.0,2.0,0.9993798136711121,0.0006200409843586385,0.004282665438950062,0.9999210238456726,0.8337464332580566,0.8335214853286743,0.9995516538619995,0.00044899346539750695,0.003657389897853136,0.9999309182167053,0.811851441860199,0.8117792010307312
177.0,3.0,0.9994178414344788,0.0005827114218845963,0.004187224432826042,0.9999225735664368,0.830524206161499,0.8302858471870422,0.9994014501571655,0.0005983900045976043,0.004039374645799398,0.9999233484268188,0.8247449994087219,0.8247269988059998
177.0,4.0,0.999419629573822,0.0005798369529657066,0.004205115605145693,0.9999226331710815,0.8249877095222473,0.8248355388641357,0.9993904232978821,0.0006098981248214841,0.00396782485768199,0.999923050403595,0.8469019532203674,0.8465386033058167
178.0,0.0,0.9993555545806885,0.0006437983829528093,0.004042205400764942,0.9999238848686218,0.8254590630531311,0.8252188563346863,0.9996456503868103,0.0003545423096511513,0.004618477541953325,0.9999166131019592,0.8449745178222656,0.8449639081954956
178.0,1.0,0.99949711561203,0.0005028757732361555,0.004071070812642574,0.9999225735664368,0.8321248292922974,0.8320094347000122,0.9990822672843933,0.0009179100743494928,0.004504259675741196,0.9999226927757263,0.8183372020721436,0.8178316950798035
178.0,2.0,0.9993796348571777,0.0006200407515279949,0.004282659385353327,0.9999204874038696,0.8337457776069641,0.8335216045379639,0.9995512962341309,0.00044899203930981457,0.003657408757135272,0.9999310970306396,0.8118516206741333,0.8117788434028625
178.0,3.0,0.9994176030158997,0.00058271229499951,0.004187228623777628,0.9999226331710815,0.8305239081382751,0.83028644323349,0.9994016885757446,0.0005983893643133342,0.004039369989186525,0.9999231696128845,0.8247450590133667,0.8247273564338684
178.0,4.0,0.9994201064109802,0.0005798386409878731,0.004205108154565096,0.9999232888221741,0.824988067150116,0.8248358964920044,0.999390184879303,0.0006098977755755186,0.00396780576556921,0.9999228119850159,0.8469018936157227,0.846538782119751
179.0,0.0,0.9993565082550049,0.0006437967531383038,0.0040422044694423676,0.9999242424964905,0.8254587650299072,0.8252197504043579,0.9996456503868103,0.0003545505169313401,0.004618547391146421,0.9999164938926697,0.8449745774269104,0.8449639678001404
179.0,1.0,0.9994971752166748,0.0005028760060667992,0.004071077797561884,0.9999229907989502,0.8321253657341003,0.8320092558860779,0.9990822076797485,0.0009179131011478603,0.0045042484998703,0.999922513961792,0.8183372616767883,0.8178321719169617
179.0,2.0,0.9993797540664673,0.0006200416828505695,0.0042826649732887745,0.9999203681945801,0.8337457180023193,0.8335211873054504,0.9995514750480652,0.0004489935818128288,0.0036574036348611116,0.9999309182167053,0.8118512630462646,0.8117790222167969
179.0,3.0,0.999417245388031,0.0005827120621688664,0.004187222104519606,0.9999225735664368,0.830524206161499,0.830285906791687,0.9994017481803894,0.0005983897717669606,0.00403931550681591,0.9999236464500427,0.8247448205947876,0.8247272372245789
179.0,4.0,0.9994201064109802,0.0005798368365503848,0.0042051165364682674,0.9999224543571472,0.8249880075454712,0.8248363137245178,0.9993903040885925,0.0006098989397287369,0.003967801108956337,0.9999228119850159,0.8469017744064331,0.8465385437011719
180.0,0.0,0.9993562698364258,0.000643798615783453,0.004042200278490782,0.9999240636825562,0.8254588842391968,0.8252192735671997,0.9996455311775208,0.0003545460931491107,0.004618506412953138,0.9999164938926697,0.8449747562408447,0.8449637293815613
180.0,1.0,0.9994962215423584,0.0005028767045587301,0.004071065690368414,0.9999224543571472,0.8321254253387451,0.8320090770721436,0.9990822672843933,0.0009179108892567456,0.004504248034209013,0.9999221563339233,0.8183373212814331,0.8178318738937378
180.0,2.0,0.9993798136711121,0.0006200419156812131,0.004282651003450155,0.999920666217804,0.8337454199790955,0.83352130651474,0.9995513558387756,0.00044899346539750695,0.003657405497506261,0.9999306201934814,0.8118516206741333,0.8117788434028625
180.0,3.0,0.9994173049926758,0.0005827124114148319,0.004187221638858318,0.9999222159385681,0.8305245637893677,0.8302860856056213,0.999401867389679,0.0005983905284665525,0.00403933459892869,0.9999235272407532,0.8247450590133667,0.8247273564338684
180.0,4.0,0.9994201064109802,0.000579837360419333,0.004205100238323212,0.9999224543571472,0.8249879479408264,0.824836254119873,0.9993902444839478,0.0006098984158597887,0.003967802971601486,0.999923050403595,0.8469015955924988,0.8465386033058167
181.0,0.0,0.999356210231781,0.0006437969277612865,0.004042200744152069,0.9999241828918457,0.8254588842391968,0.8252196311950684,0.9996457099914551,0.00035454583121463656,0.004618506412953138,0.999916672706604,0.8449743986129761,0.8449639678001404
181.0,1.0,0.9994980692863464,0.0005028767045587301,0.004071054980158806,0.9999229311943054,0.8321250081062317,0.8320102095603943,0.9990822076797485,0.0009179104818031192,0.004504252690821886,0.999922513961792,0.818337082862854,0.8178316950798035
181.0,2.0,0.9993804097175598,0.0006200419156812131,0.00428265193477273,0.9999212026596069,0.833745539188385,0.8335216641426086,0.9995514750480652,0.0004489924176596105,0.003657426917925477,0.9999306201934814,0.8118515610694885,0.8117789626121521
181.0,3.0,0.9994181394577026,0.0005827133427374065,0.004187226295471191,0.9999222159385681,0.8305243849754333,0.8302865028381348,0.9994016289710999,0.0005983905284665525,0.004039372317492962,0.9999234676361084,0.8247448205947876,0.8247272372245789
181.0,4.0,0.9994199872016907,0.0005798378260806203,0.004205106757581234,0.9999221563339233,0.824988067150116,0.8248364329338074,0.9993906021118164,0.0006098994635976851,0.003967812284827232,0.999922513961792,0.8469017744064331,0.8465390205383301
182.0,0.0,0.9993563294410706,0.0006437973352149129,0.00404219888150692,0.9999242424964905,0.8254588842391968,0.8252192735671997,0.9996456503868103,0.0003545460931491107,0.004618504084646702,0.9999166131019592,0.8449746370315552,0.844963788986206
182.0,1.0,0.9994970560073853,0.0005028760060667992,0.00407106988132,0.9999224543571472,0.8321251273155212,0.8320092558860779,0.9990823268890381,0.0009179111220873892,0.004504255950450897,0.999922513961792,0.8183373808860779,0.8178317546844482
182.0,2.0,0.9993798732757568,0.0006200413918122649,0.004282657522708178,0.9999206066131592,0.8337457776069641,0.8335220217704773,0.9995513558387756,0.0004489921557251364,0.0036574071273207664,0.9999309778213501,0.8118513822555542,0.8117790222167969
182.0,3.0,0.9994174838066101,0.0005827134591527283,0.004187221638858318,0.9999222159385681,0.8305240273475647,0.8302858471870422,0.9994013905525208,0.0005983902956359088,0.004039363004267216,0.9999232888221741,0.8247449398040771,0.8247271776199341
182.0,4.0,0.999419629573822,0.0005798364290967584,0.0042050983756780624,0.9999229311943054,0.8249881267547607,0.8248357772827148,0.9993901252746582,0.000609897484537214,0.003967819735407829,0.9999225735664368,0.8469018340110779,0.8465384840965271
183.0,0.0,0.9993560910224915,0.000643798615783453,0.004042202141135931,0.9999242424964905,0.825459361076355,0.825218915939331,0.9996456503868103,0.0003545441431924701,0.00461850268766284,0.9999170303344727,0.8449742794036865,0.8449639081954956
183.0,1.0,0.9994972944259644,0.0005028751911595464,0.004071058705449104,0.9999229907989502,0.8321250081062317,0.8320092558860779,0.9990823268890381,0.000917910598218441,0.004504259675741196,0.9999223947525024,0.8183371424674988,0.8178316950798035
183.0,2.0,0.9993796348571777,0.0006200409843586385,0.004282652400434017,0.9999204277992249,0.833745539188385,0.83352130651474,0.9995511174201965,0.0004489938437473029,0.003657399909570813,0.9999308586120605,0.8118513822555542,0.8117789626121521
183.0,3.0,0.9994167685508728,0.0005827128188684583,0.00418722303584218,0.9999228119850159,0.8305244445800781,0.8302861452102661,0.9994014501571655,0.0005983904120512307,0.0040393248200416565,0.9999233484268188,0.8247449994087219,0.8247270584106445
183.0,4.0,0.9994203448295593,0.0005798367201350629,0.004205093719065189,0.9999229907989502,0.8249880075454712,0.8248363137245178,0.999390184879303,0.0006098989397287369,0.003967813681811094,0.9999225735664368,0.8469017744064331,0.8465384244918823
184.0,0.0,0.9993564486503601,0.0006437980919145048,0.004042192827910185,0.9999238848686218,0.8254590034484863,0.8252197504043579,0.9996459484100342,0.0003545439976733178,0.004618514329195023,0.9999165534973145,0.8449742794036865,0.8449641466140747
184.0,1.0,0.9994972944259644,0.0005028753075748682,0.004071057308465242,0.9999227523803711,0.8321254253387451,0.832008957862854,0.9990818500518799,0.0009179100743494928,0.004504255019128323,0.9999223351478577,0.8183372020721436,0.8178317546844482
184.0,2.0,0.9993795156478882,0.0006200409843586385,0.004282655194401741,0.9999201893806458,0.8337454199790955,0.8335214257240295,0.9995514750480652,0.0004489923012442887,0.003657393855974078,0.9999306797981262,0.811851441860199,0.8117789626121521
184.0,3.0,0.9994173645973206,0.0005827120621688664,0.004187227226793766,0.9999229311943054,0.8305237889289856,0.8302863240242004,0.9994016289710999,0.0005983896553516388,0.004039366729557514,0.9999231100082397,0.8247448801994324,0.8247271776199341
184.0,4.0,0.9994202256202698,0.0005798371275886893,0.004205108154565096,0.9999231100082397,0.8249878883361816,0.8248366117477417,0.9993904232978821,0.0006098995800130069,0.0039678094908595085,0.999922513961792,0.8469016551971436,0.8465386033058167
185.0,0.0,0.9993566870689392,0.0006437976844608784,0.004042189568281174,0.9999241828918457,0.8254587650299072,0.8252196311950684,0.9996456503868103,0.0003545495856087655,0.004618501756340265,0.9999166131019592,0.8449745178222656,0.8449639081954956
185.0,1.0,0.9994969367980957,0.0005028772866353393,0.004071060102432966,0.9999228119850159,0.8321253657341003,0.832008957862854,0.9990823268890381,0.0009179121698252857,0.004504259675741196,0.9999221563339233,0.8183372616767883,0.8178318738937378
185.0,2.0,0.9993793964385986,0.0006200412753969431,0.004282662179321051,0.9999206066131592,0.8337458968162537,0.8335211873054504,0.9995518326759338,0.00044899294152855873,0.0036573943216353655,0.9999309182167053,0.8118516206741333,0.8117790222167969
185.0,3.0,0.9994168281555176,0.0005827124114148319,0.004187216516584158,0.9999229311943054,0.8305241465568542,0.8302861452102661,0.9994013905525208,0.0005983896553516388,0.004039370454847813,0.999923586845398,0.8247449398040771,0.8247270584106445
185.0,4.0,0.9994203448295593,0.0005798375350423157,0.004205102100968361,0.9999233484268188,0.8249879479408264,0.8248364329338074,0.9993904232978821,0.0006098993471823633,0.003967802971601486,0.9999227523803711,0.8469017744064331,0.8465387225151062
186.0,0.0,0.9993564486503601,0.0006437973934225738,0.004042200278490782,0.999923825263977,0.8254587650299072,0.8252195119857788,0.999646008014679,0.00035454894532449543,0.004618511069566011,0.9999164342880249,0.8449746966362,0.8449641466140747
186.0,1.0,0.99949711561203,0.0005028765299357474,0.004071061499416828,0.9999227523803711,0.8321251273155212,0.8320091366767883,0.9990823268890381,0.000917908560950309,0.0045042517594993114,0.9999221563339233,0.8183373808860779,0.8178318738937378
186.0,2.0,0.9993805289268494,0.0006200413918122649,0.004282666370272636,0.999920666217804,0.8337462544441223,0.8335220217704773,0.9995517134666443,0.0004489935818128288,0.0036573975812643766,0.9999308586120605,0.8118513822555542,0.8117787837982178
186.0,3.0,0.9994177222251892,0.0005827121785841882,0.004187224432826042,0.9999223351478577,0.8305242657661438,0.8302865028381348,0.9994013905525208,0.000598388840444386,0.004039389546960592,0.9999234676361084,0.8247449398040771,0.8247272372245789
186.0,4.0,0.999420166015625,0.0005798367201350629,0.004205109551548958,0.9999229907989502,0.8249876499176025,0.8248365521430969,0.9993904232978821,0.0006098986486904323,0.003967802040278912,0.9999224543571472,0.8469018340110779,0.846538782119751
187.0,0.0,0.9993568062782288,0.0006437980337068439,0.004042205400764942,0.9999241232872009,0.8254590034484863,0.8252196907997131,0.9996457099914551,0.0003545466170180589,0.004618513863533735,0.9999165534973145,0.8449743986129761,0.8449639081954956
187.0,1.0,0.9994975328445435,0.0005028759478591383,0.004071070812642574,0.9999229311943054,0.8321250677108765,0.8320093154907227,0.9990821480751038,0.0009179068729281425,0.004504257347434759,0.999922513961792,0.8183372020721436,0.8178316354751587
187.0,2.0,0.9993800520896912,0.0006200415082275867,0.004282668232917786,0.9999209046363831,0.833745539188385,0.83352130651474,0.9995514154434204,0.00044899372733198106,0.003657393390312791,0.9999310374259949,0.8118513226509094,0.8117788434028625
187.0,3.0,0.9994174242019653,0.000582712353207171,0.0041872188448905945,0.9999228119850159,0.8305243849754333,0.8302863836288452,0.9994014501571655,0.0005983887240290642,0.004039384890347719,0.9999231696128845,0.8247449994087219,0.8247270584106445
187.0,4.0,0.999420166015625,0.0005798363708890975,0.004205105360597372,0.9999224543571472,0.8249878883361816,0.8248361349105835,0.9993904232978821,0.0006098986486904323,0.0039678048342466354,0.9999228119850159,0.8469015955924988,0.8465386033058167
188.0,0.0,0.9993564486503601,0.0006437974516302347,0.0040422044694423676,0.9999239444732666,0.825458824634552,0.8252190351486206,0.9996456503868103,0.0003545444051269442,0.004618518054485321,0.9999163746833801,0.8449746370315552,0.8449640274047852
188.0,1.0,0.9994968771934509,0.0005028754821978509,0.004071068949997425,0.9999229311943054,0.8321255445480347,0.8320091962814331,0.9990822672843933,0.0009179082699120045,0.00450426060706377,0.9999224543571472,0.8183372616767883,0.8178319931030273
188.0,2.0,0.999379575252533,0.0006200413918122649,0.004282659385353327,0.9999205470085144,0.8337460160255432,0.8335214853286743,0.9995514154434204,0.00044899294152855873,0.0036573992110788822,0.9999310374259949,0.811851441860199,0.811779260635376
188.0,3.0,0.9994173049926758,0.0005827131099067628,0.004187216982245445,0.9999229311943054,0.8305241465568542,0.830285906791687,0.9994016289710999,0.0005983897717669606,0.004039356950670481,0.9999232292175293,0.8247449398040771,0.8247274160385132
188.0,4.0,0.9994203448295593,0.0005798366037197411,0.00420509884133935,0.9999231100082397,0.8249878883361816,0.8248369693756104,0.9993903636932373,0.000609897484537214,0.003967809956520796,0.9999231100082397,0.8469016551971436,0.8465384840965271
189.0,0.0,0.9993561506271362,0.0006437976844608784,0.004042197018861771,0.9999241828918457,0.8254590034484863,0.8252187967300415,0.9996457099914551,0.0003545451909303665,0.004618517123162746,0.9999165534973145,0.8449743986129761,0.8449642062187195
189.0,1.0,0.9994969964027405,0.0005028760060667992,0.004071061499416828,0.9999226331710815,0.8321252465248108,0.8320091366767883,0.9990823268890381,0.0009179094340652227,0.00450426060706377,0.999922513961792,0.8183373808860779,0.8178317546844482
189.0,2.0,0.9993793368339539,0.0006200409843586385,0.004282667301595211,0.9999204277992249,0.8337456583976746,0.8335207104682922,0.9995514750480652,0.00044899372733198106,0.003657391993328929,0.9999308586120605,0.8118516802787781,0.8117790222167969
189.0,3.0,0.9994173049926758,0.0005827128188684583,0.004187221638858318,0.9999226927757263,0.8305239081382751,0.8302866220474243,0.9994015693664551,0.000598389480728656,0.004039376508444548,0.9999232292175293,0.8247451186180115,0.8247271776199341
189.0,4.0,0.9994198679924011,0.0005798376514576375,0.00420510396361351,0.9999221563339233,0.824988067150116,0.824836015701294,0.9993904232978821,0.0006098985322751105,0.003967805299907923,0.9999229311943054,0.8469019532203674,0.8465389013290405
190.0,0.0,0.9993568658828735,0.0006437987321987748,0.00404219888150692,0.9999243021011353,0.8254584670066833,0.8252192139625549,0.9996456503868103,0.0003545460931491107,0.004618515260517597,0.9999162554740906,0.8449745178222656,0.8449638485908508
190.0,1.0,0.9994971752166748,0.0005028759478591383,0.004071063827723265,0.9999231696128845,0.8321247696876526,0.8320085406303406,0.9990823268890381,0.0009179103653877974,0.0045042624697089195,0.9999226331710815,0.8183372020721436,0.8178317546844482
190.0,2.0,0.9993796348571777,0.0006200411589816213,0.004282667767256498,0.9999204874038696,0.8337457180023193,0.8335212469100952,0.9995514154434204,0.00044899372733198106,0.003657379187643528,0.9999308586120605,0.8118515610694885,0.8117789030075073
190.0,3.0,0.9994170069694519,0.00058271229499951,0.004187216982245445,0.9999227523803711,0.8305244445800781,0.8302860856056213,0.9994016289710999,0.0005983891314826906,0.0040393671952188015,0.9999234676361084,0.8247449398040771,0.8247274160385132
190.0,4.0,0.9994199872016907,0.0005798373022116721,0.004205101169645786,0.9999231696128845,0.8249879479408264,0.8248366117477417,0.9993902444839478,0.0006098989397287369,0.003967817407101393,0.9999231696128845,0.8469015955924988,0.8465384840965271
191.0,0.0,0.9993564486503601,0.0006437976844608784,0.004042205400764942,0.9999239444732666,0.8254587650299072,0.8252187967300415,0.9996457099914551,0.0003545466170180589,0.004618505481630564,0.999916672706604,0.8449745178222656,0.844963788986206
191.0,1.0,0.9994974732398987,0.0005028762388974428,0.00407106289640069,0.9999234080314636,0.8321250677108765,0.8320094347000122,0.999082088470459,0.0009179114131256938,0.00450426060706377,0.9999222159385681,0.8183373212814331,0.8178317546844482
191.0,2.0,0.9993794560432434,0.0006200412753969431,0.0042826640419662,0.9999209046363831,0.8337457776069641,0.8335209488868713,0.9995513558387756,0.00044899320346303284,0.003657388733699918,0.9999309182167053,0.811851441860199,0.8117788434028625
191.0,3.0,0.9994176030158997,0.0005827129352837801,0.0041872174479067326,0.9999225735664368,0.8305245041847229,0.8302863240242004,0.9994016289710999,0.0005983892478980124,0.004039374180138111,0.999923586845398,0.8247449398040771,0.8247270584106445
191.0,4.0,0.9994203448295593,0.0005798369529657066,0.00420509884133935,0.9999226331710815,0.8249877095222473,0.8248366713523865,0.9993906021118164,0.0006098986486904323,0.003967813216149807,0.9999226927757263,0.8469017148017883,0.8465387225151062
192.0,0.0,0.9993558526039124,0.0006437979754991829,0.004042202606797218,0.9999244213104248,0.8254590034484863,0.8252191543579102,0.9996456503868103,0.00035454583121463656,0.004618500359356403,0.9999166131019592,0.8449743986129761,0.844963788986206
192.0,1.0,0.9994968175888062,0.000502876122482121,0.004071064759045839,0.9999231696128845,0.8321251273155212,0.8320093154907227,0.9990822672843933,0.000917909957934171,0.004504254087805748,0.9999223947525024,0.8183372616767883,0.8178315162658691
192.0,2.0,0.9993802309036255,0.0006200413918122649,0.004282657988369465,0.9999200105667114,0.8337461352348328,0.8335217833518982,0.9995515942573547,0.00044899294152855873,0.003657375928014517,0.999930739402771,0.8118513226509094,0.8117788434028625
192.0,3.0,0.9994174838066101,0.0005827125860378146,0.004187215585261583,0.9999222755432129,0.830524206161499,0.83028644323349,0.9994014501571655,0.0005983898881822824,0.004039376974105835,0.9999235272407532,0.8247449994087219,0.8247270584106445
192.0,4.0,0.9994203448295593,0.0005798372440040112,0.004205094650387764,0.9999226331710815,0.8249879479408264,0.824836015701294,0.9993900656700134,0.0006098989397287369,0.003967813681811094,0.9999229311943054,0.8469017148017883,0.846538782119751
193.0,0.0,0.999356210231781,0.0006437983829528093,0.004042203538119793,0.9999239444732666,0.8254591226577759,0.8252185583114624,0.9996456503868103,0.0003545454528648406,0.004618496634066105,0.9999168515205383,0.8449743390083313,0.8449636697769165
193.0,1.0,0.9994966387748718,0.0005028758314438164,0.004071060102432966,0.9999226331710815,0.8321248888969421,0.8320087194442749,0.9990822076797485,0.0009179108892567456,0.004504256881773472,0.9999224543571472,0.8183375000953674,0.8178317546844482
193.0,2.0,0.9993792176246643,0.0006200411589816213,0.004282662644982338,0.9999204277992249,0.8337453007698059,0.8335211277008057,0.9995512962341309,0.0004489926795940846,0.0036573854740709066,0.9999306797981262,0.8118513226509094,0.8117787837982178
193.0,3.0,0.9994173049926758,0.0005827117711305618,0.004187213256955147,0.9999226927757263,0.8305241465568542,0.8302861452102661,0.9994017481803894,0.000598390179220587,0.0040393611416220665,0.9999233484268188,0.8247448801994324,0.8247271776199341
193.0,4.0,0.9994202256202698,0.0005798369529657066,0.004205092787742615,0.9999226927757263,0.8249880075454712,0.8248366713523865,0.999390184879303,0.0006098993471823633,0.003967818338423967,0.9999223947525024,0.8469017744064331,0.8465383648872375
194.0,0.0,0.9993559718132019,0.0006437987904064357,0.0040421998128294945,0.9999241232872009,0.8254591822624207,0.8252190351486206,0.9996458292007446,0.0003545449289958924,0.004618499428033829,0.9999165534973145,0.8449743986129761,0.8449638485908508
194.0,1.0,0.9994969964027405,0.0005028758314438164,0.004071061033755541,0.9999228119850159,0.8321254253387451,0.8320087790489197,0.9990823864936829,0.0009179121698252857,0.004504258744418621,0.999922513961792,0.8183371424674988,0.8178320527076721
194.0,2.0,0.9993800520896912,0.0006200413918122649,0.004282657522708178,0.999920129776001,0.8337458968162537,0.8335216045379639,0.9995515942573547,0.0004489926795940846,0.0036573829129338264,0.9999309182167053,0.8118512034416199,0.8117790222167969
194.0,3.0,0.999417245388031,0.0005827129352837801,0.004187219310551882,0.9999222159385681,0.830524206161499,0.8302868604660034,0.9994016885757446,0.0005983898881822824,0.004039314575493336,0.9999233484268188,0.8247450590133667,0.8247270584106445
194.0,4.0,0.9994202852249146,0.0005798374186269939,0.004205092787742615,0.9999228715896606,0.8249881267547607,0.8248363137245178,0.9993904232978821,0.0006098998710513115,0.0039678094908595085,0.999922513961792,0.8469018340110779,0.8465390205383301
195.0,0.0,0.9993566274642944,0.0006437990232370794,0.004042194690555334,0.9999236464500427,0.8254590034484863,0.8252196311950684,0.9996455311775208,0.0003545454528648406,0.004618494771420956,0.9999167323112488,0.8449746370315552,0.8449639081954956
195.0,1.0,0.99949711561203,0.0005028762971051037,0.004071059171110392,0.9999226927757263,0.8321250677108765,0.8320090174674988,0.9990822672843933,0.0009179092012345791,0.004504257347434759,0.9999222159385681,0.8183372616767883,0.8178316950798035
195.0,2.0,0.9993797540664673,0.0006200418574735522,0.00428265193477273,0.9999213218688965,0.8337457180023193,0.8335216641426086,0.9995515942573547,0.0004489924176596105,0.00365739269182086,0.999930739402771,0.8118513226509094,0.8117790222167969
195.0,3.0,0.9994174838066101,0.000582712993491441,0.004187219776213169,0.9999226331710815,0.8305240273475647,0.8302863836288452,0.9994019269943237,0.0005983898881822824,0.004039320629090071,0.9999235272407532,0.8247449994087219,0.8247273564338684
195.0,4.0,0.9994201064109802,0.000579836661927402,0.004205088596791029,0.9999228715896606,0.8249880075454712,0.824836254119873,0.9993900656700134,0.0006098999874666333,0.003967812284827232,0.9999229907989502,0.8469018936157227,0.8465384244918823
196.0,0.0,0.9993566870689392,0.0006437984993681312,0.004042183514684439,0.9999237656593323,0.8254590034484863,0.825219452381134,0.9996458888053894,0.00035454335738904774,0.004618488717824221,0.999916136264801,0.8449746370315552,0.8449639678001404
196.0,1.0,0.9994975328445435,0.0005028764135204256,0.004071046132594347,0.9999217987060547,0.8321250677108765,0.8320095539093018,0.9990822076797485,0.0009179103653877974,0.0045042578130960464,0.9999222159385681,0.8183373212814331,0.8178316950798035
196.0,2.0,0.9993796348571777,0.0006200424395501614,0.004282650537788868,0.9999204277992249,0.8337461352348328,0.8335212469100952,0.9995514750480652,0.00044899320346303284,0.0036573894321918488,0.9999308586120605,0.8118513822555542,0.8117788434028625
196.0,3.0,0.999417245388031,0.0005827128770761192,0.0041872235015034676,0.9999223351478577,0.8305244445800781,0.8302860260009766,0.9994017481803894,0.0005983897717669606,0.004039326682686806,0.9999236464500427,0.8247448801994324,0.8247271776199341
196.0,4.0,0.9994203448295593,0.0005798372440040112,0.004205087665468454,0.9999226927757263,0.8249880075454712,0.8248368501663208,0.9993904232978821,0.0006098991725593805,0.003967814613133669,0.9999226331710815,0.8469017744064331,0.8465387225151062
197.0,0.0,0.9993564486503601,0.000643798615783453,0.004042183980345726,0.9999246597290039,0.8254587650299072,0.8252192139625549,0.9996457695960999,0.0003545439976733178,0.004618492443114519,0.999916672706604,0.8449745774269104,0.8449639081954956
197.0,1.0,0.9994973540306091,0.00050287542399019,0.004071048926562071,0.9999221563339233,0.8321254253387451,0.8320087790489197,0.9990821480751038,0.000917910598218441,0.004504262004047632,0.9999224543571472,0.8183373808860779,0.8178317546844482
197.0,2.0,0.9993799924850464,0.0006200412171892822,0.004282660316675901,0.9999206066131592,0.8337456583976746,0.8335210680961609,0.9995516538619995,0.0004489921557251364,0.00365739269182086,0.9999311566352844,0.8118515610694885,0.8117789626121521
197.0,3.0,0.9994170665740967,0.0005827124114148319,0.004187220707535744,0.9999226927757263,0.8305243253707886,0.8302860856056213,0.9994017481803894,0.0005983900045976043,0.004039333667606115,0.9999232888221741,0.8247449398040771,0.8247272968292236
197.0,4.0,0.9994202256202698,0.0005798372440040112,0.004205089528113604,0.9999233484268188,0.8249874711036682,0.8248364925384521,0.9993903636932373,0.0006098996964283288,0.003967803902924061,0.9999226331710815,0.8469017148017883,0.8465389609336853
198.0,0.0,0.9993560910224915,0.0006437982083298266,0.0040421937592327595,0.9999244213104248,0.8254588842391968,0.8252192735671997,0.9996459484100342,0.0003545444051269442,0.004618498031049967,0.999916672706604,0.8449745178222656,0.8449639678001404
198.0,1.0,0.999496579170227,0.0005028758314438164,0.0040710559114813805,0.9999228119850159,0.8321254253387451,0.8320091962814331,0.9990824460983276,0.0009179116459563375,0.004504249896854162,0.9999223351478577,0.8183373212814331,0.8178321719169617
198.0,2.0,0.9993798732757568,0.0006200419156812131,0.004282653331756592,0.9999204874038696,0.833745539188385,0.8335211277008057,0.9995515942573547,0.00044899500790052116,0.0036574022378772497,0.9999306201934814,0.8118513822555542,0.8117789626121521
198.0,3.0,0.9994176030158997,0.0005827128188684583,0.0041872174479067326,0.9999223351478577,0.8305242657661438,0.8302866220474243,0.9994014501571655,0.0005983907030895352,0.0040393187664449215,0.9999232888221741,0.8247451186180115,0.8247270584106445
198.0,4.0,0.9994204044342041,0.0005798386409878731,0.004205085802823305,0.9999229907989502,0.8249879479408264,0.8248372077941895,0.9993903636932373,0.0006098986486904323,0.003967806696891785,0.9999227523803711,0.8469018936157227,0.8465388417243958
199.0,0.0,0.9993568658828735,0.0006437990232370794,0.00404219189658761,0.9999243021011353,0.8254590034484863,0.8252197504043579,0.9996455311775208,0.00035454737371765077,0.004618512466549873,0.9999163150787354,0.8449745178222656,0.8449638485908508
199.0,1.0,0.999496579170227,0.0005028764717280865,0.004071056842803955,0.9999229311943054,0.8321256041526794,0.8320085406303406,0.9990822672843933,0.0009179114131256938,0.0045042564161121845,0.9999223947525024,0.8183373808860779,0.8178318738937378
199.0,2.0,0.9993793964385986,0.000620041973888874,0.004282649140805006,0.9999208450317383,0.8337454795837402,0.8335211873054504,0.9995514154434204,0.00044899500790052116,0.003657387336716056,0.999930739402771,0.8118513226509094,0.8117789030075073
199.0,3.0,0.9994180202484131,0.0005827142740599811,0.004187220241874456,0.9999218583106995,0.8305238485336304,0.8302867412567139,0.9994015097618103,0.0005983904120512307,0.004039342049509287,0.9999231100082397,0.8247449994087219,0.8247272372245789
199.0,4.0,0.9994204640388489,0.0005798381753265858,0.004205094650387764,0.9999222159385681,0.8249886631965637,0.8248369097709656,0.9993897080421448,0.0006098972517065704,0.003967813216149807,0.9999226331710815,0.8469018340110779,0.8465387225151062
