epoch,fold,dice_train,loss_train,bce_train,accuracy_train,precision_train,f1_train,dice_test,loss_test,bce_test,accuracy_test,precision_test,f1_test
0.0,0.0,0.5561264157295227,0.11146420240402222,0.11146420240402222,0.9589337110519409,0.6033557653427124,0.5570939183235168,0.7198855876922607,0.03554222732782364,0.03554222732782364,0.9894137978553772,0.7564595341682434,0.7557588219642639
0.0,1.0,0.7180798053741455,0.0341363251209259,0.0341363251209259,0.9891435503959656,0.7566784620285034,0.7456673979759216,0.7361094951629639,0.026134107261896133,0.026134107261896133,0.9913562536239624,0.7442546486854553,0.7516031861305237
0.0,2.0,0.7373172044754028,0.030867649242281914,0.030867649242281914,0.9899845123291016,0.7665938138961792,0.7553910613059998,0.742311954498291,0.021590590476989746,0.021590590476989746,0.9930838942527771,0.7522180080413818,0.7547730207443237
0.0,3.0,0.7756872177124023,0.021312560886144638,0.021312560886144638,0.992888331413269,0.7791270613670349,0.7707244753837585,0.7889713644981384,0.02041086181998253,0.02041086181998253,0.9931712746620178,0.7740214467048645,0.746271550655365
0.0,4.0,0.7683049440383911,0.022952407598495483,0.022952407598495483,0.9924500584602356,0.7705934047698975,0.7628893852233887,0.7855740189552307,0.017042219638824463,0.017042219638824463,0.9943140745162964,0.7966187596321106,0.7940955758094788
1.0,0.0,0.7880106568336487,0.016963502392172813,0.016963502392172813,0.9941456317901611,0.7799458503723145,0.7703315019607544,0.8102812170982361,0.015865329653024673,0.015865329653024673,0.9944154024124146,0.799364447593689,0.7931368947029114
1.0,1.0,0.8073980212211609,0.01650223322212696,0.01650223322212696,0.9943853616714478,0.785709023475647,0.7797088623046875,0.8089087605476379,0.01352560706436634,0.01352560706436634,0.9952179193496704,0.7788780331611633,0.7766357064247131
1.0,2.0,0.8133178353309631,0.01507355272769928,0.01507355272769928,0.9946569204330444,0.7919033765792847,0.7832372188568115,0.8112682104110718,0.011777239851653576,0.011777239851653576,0.9958313703536987,0.7740942239761353,0.7712228894233704
1.0,3.0,0.7828903198242188,0.02478862926363945,0.02478862926363945,0.9919536709785461,0.7793290019035339,0.76881343126297,0.8075786232948303,0.013864602893590927,0.013864602893590927,0.9950244426727295,0.7779117822647095,0.7662693858146667
1.0,4.0,0.8147247433662415,0.012801418080925941,0.012801418080925941,0.9953762888908386,0.7860652208328247,0.7783905863761902,0.8300376534461975,0.0111362524330616,0.0111362524330616,0.9959487318992615,0.8001853823661804,0.8049610257148743
2.0,0.0,0.8262103199958801,0.011781749315559864,0.011781749315559864,0.9956985712051392,0.7868577241897583,0.7806430459022522,0.8527376055717468,0.011285749264061451,0.011285749264061451,0.9957864880561829,0.808620035648346,0.8008683323860168
2.0,1.0,0.8432837724685669,0.010227886028587818,0.010227886028587818,0.9961677193641663,0.7956712245941162,0.7905422449111938,0.8528465628623962,0.010719501413404942,0.010719501413404942,0.9961355328559875,0.7967807650566101,0.7835854887962341
2.0,2.0,0.8332604765892029,0.01257109921425581,0.01257109921425581,0.995756983757019,0.7959458827972412,0.7893105149269104,0.8278425335884094,0.008018210530281067,0.008018210530281067,0.9969908595085144,0.782107412815094,0.7755974531173706
2.0,3.0,0.8606855273246765,0.008315782062709332,0.008315782062709332,0.9968113303184509,0.8011406660079956,0.7958711981773376,0.8723533749580383,0.0075466325506567955,0.0075466325506567955,0.9971228241920471,0.7928091883659363,0.781340479850769
2.0,4.0,0.8684059381484985,0.008270010352134705,0.008270010352134705,0.9968575239181519,0.7967724800109863,0.7890486717224121,0.9020893573760986,0.007367507554590702,0.007367507554590702,0.997128963470459,0.8219423294067383,0.8083727955818176
3.0,0.0,0.8795623779296875,0.0073457881808280945,0.0073457881808280945,0.9971573948860168,0.7968557476997375,0.7909319996833801,0.9110987782478333,0.006831164006143808,0.006831164006143808,0.9972684979438782,0.8183943033218384,0.8148047924041748
3.0,1.0,0.8947391510009766,0.006817542016506195,0.006817542016506195,0.9973090291023254,0.8052117228507996,0.7996892929077148,0.9001939296722412,0.0064252340234816074,0.0064252340234816074,0.9974546432495117,0.7992887496948242,0.7959705591201782
3.0,2.0,0.8956215381622314,0.0065630655735731125,0.0065630655735731125,0.997390866279602,0.8062625527381897,0.8023316860198975,0.8820128440856934,0.0058822170831263065,0.0058822170831263065,0.9976689219474792,0.7845003604888916,0.7859355807304382
3.0,3.0,0.9116896390914917,0.006378201302140951,0.006378201302140951,0.9974753856658936,0.8068564534187317,0.8018859028816223,0.8902334570884705,0.005850085057318211,0.005850085057318211,0.9976656436920166,0.8017492890357971,0.790543258190155
3.0,4.0,0.9180222153663635,0.005689965095371008,0.005689965095371008,0.9977298974990845,0.8032599687576294,0.7977208495140076,0.9145442247390747,0.0064516994170844555,0.0064516994170844555,0.9973210096359253,0.809025764465332,0.8172926306724548
4.0,0.0,0.9252132773399353,0.005495721008628607,0.005495721008628607,0.997779905796051,0.8038269281387329,0.7995069622993469,0.939742922782898,0.005378378555178642,0.005378378555178642,0.9978323578834534,0.8236016631126404,0.8189731240272522
4.0,1.0,0.9330418109893799,0.005347441416233778,0.005347441416233778,0.9978341460227966,0.8090434670448303,0.8056356310844421,0.9482914209365845,0.005184879992157221,0.005184879992157221,0.9979265332221985,0.8067774772644043,0.7991884350776672
4.0,2.0,0.9323480725288391,0.005392088089138269,0.005392088089138269,0.9978383183479309,0.8102330565452576,0.8073517084121704,0.8691455125808716,0.005167087074369192,0.005167087074369192,0.9979814887046814,0.794916033744812,0.7862345576286316
4.0,3.0,0.932528555393219,0.004935814067721367,0.004935814067721367,0.9979981780052185,0.8110760450363159,0.8067831993103027,0.8841835856437683,0.005432817619293928,0.005432817619293928,0.9978011250495911,0.7982128858566284,0.7938432097434998
4.0,4.0,0.9430090188980103,0.0048115612007677555,0.0048115612007677555,0.9980422854423523,0.8050154447555542,0.8021416664123535,0.9526952505111694,0.004474409390240908,0.004474409390240908,0.9982009530067444,0.8271977305412292,0.8219509124755859
5.0,0.0,0.9466118216514587,0.004567408002912998,0.004567408002912998,0.998140275478363,0.8055751919746399,0.8033876419067383,0.9559929966926575,0.004553125239908695,0.004553125239908695,0.9981327652931213,0.8263893127441406,0.8253145217895508
5.0,1.0,0.9502783417701721,0.004498614929616451,0.004498614929616451,0.9981564879417419,0.8119516372680664,0.808838963508606,0.9602078199386597,0.004249035380780697,0.004249035380780697,0.9982578158378601,0.8067736625671387,0.8040711283683777
5.0,2.0,0.9527423977851868,0.004424562212079763,0.004424562212079763,0.9981754422187805,0.8136706352233887,0.8117651343345642,0.9616937041282654,0.003906928934156895,0.003906928934156895,0.998426616191864,0.7951779365539551,0.7909091711044312
5.0,3.0,0.9564741849899292,0.004285955335944891,0.004285955335944891,0.9982403516769409,0.8132873773574829,0.810438871383667,0.9474419951438904,0.004262268077582121,0.004262268077582121,0.998233437538147,0.7993986010551453,0.800771176815033
5.0,4.0,0.9304618239402771,0.004331143107265234,0.004331143107265234,0.9982348084449768,0.807536780834198,0.8051758408546448,0.9453796744346619,0.003923887852579355,0.003923887852579355,0.998389720916748,0.8249958753585815,0.8226398825645447
6.0,0.0,0.9511383771896362,0.003959791734814644,0.003959791734814644,0.9983654022216797,0.8072821497917175,0.8054743409156799,0.9422991871833801,0.004926033318042755,0.004926033318042755,0.997911810874939,0.8201419115066528,0.8249010443687439
6.0,1.0,0.9535512924194336,0.0039963070303201675,0.0039963070303201675,0.9983505606651306,0.8131656050682068,0.8112873435020447,0.964321494102478,0.00416517723351717,0.00416517723351717,0.9982609748840332,0.8016322255134583,0.8047953844070435
6.0,2.0,0.9589571356773376,0.003963573835790157,0.003963573835790157,0.9983571171760559,0.8150530457496643,0.8136194348335266,0.9633904099464417,0.0034878544975072145,0.0034878544975072145,0.9985840916633606,0.7985119819641113,0.7936734557151794
6.0,3.0,0.9606121778488159,0.0039013242349028587,0.0039013242349028587,0.9983881115913391,0.8140245079994202,0.8125268816947937,0.95906001329422,0.0037749134935438633,0.0037749134935438633,0.9984438419342041,0.8046543598175049,0.8017696142196655
6.0,4.0,0.9613638520240784,0.0037257899530231953,0.0037257899530231953,0.9984545111656189,0.8086092472076416,0.8069838881492615,0.9631251692771912,0.003731932956725359,0.003731932956725359,0.9984605312347412,0.8290027379989624,0.8251661658287048
7.0,0.0,0.9633042812347412,0.0036295291502028704,0.0036295291502028704,0.9984948039054871,0.8086605072021484,0.8075981736183167,0.9671526551246643,0.003906267695128918,0.003906267695128918,0.9983510375022888,0.8281480669975281,0.8267127275466919
7.0,1.0,0.965652346611023,0.0035908189602196217,0.0035908189602196217,0.9985070824623108,0.8133422136306763,0.8118488788604736,0.9680256843566895,0.0033599715679883957,0.0033599715679883957,0.9986155033111572,0.8045200705528259,0.8067706227302551
7.0,2.0,0.9681781530380249,0.003581141121685505,0.003581141121685505,0.9985107779502869,0.8159175515174866,0.8157281875610352,0.968879759311676,0.004161264281719923,0.004161264281719923,0.9982182383537292,0.8021636605262756,0.7913958430290222
7.0,3.0,0.9643224477767944,0.0037461433093994856,0.0037461433093994856,0.9985039234161377,0.8153279423713684,0.8136653900146484,0.9706271886825562,0.003284440841525793,0.003284440841525793,0.9986368417739868,0.8047698140144348,0.8046452403068542
7.0,4.0,0.9696433544158936,0.0034075898583978415,0.0034075898583978415,0.9985833764076233,0.8101598024368286,0.8085455894470215,0.9720471501350403,0.0032633976079523563,0.0032633976079523563,0.9986458420753479,0.8296642899513245,0.8302951455116272
8.0,0.0,0.9694716930389404,0.0033574094995856285,0.0033574094995856285,0.9986109733581543,0.8102149963378906,0.809502124786377,0.9652014970779419,0.003512789960950613,0.003512789960950613,0.9985160827636719,0.8276004791259766,0.8299779295921326
8.0,1.0,0.9722700715065002,0.003294743597507477,0.003294743597507477,0.9986280798912048,0.8151811361312866,0.8141897916793823,0.953290581703186,0.0033145961351692677,0.0033145961351692677,0.9986481666564941,0.8073651790618896,0.807160496711731
8.0,2.0,0.9731734395027161,0.0033020509872585535,0.0033020509872585535,0.9986234903335571,0.8197326064109802,0.8188913464546204,0.9756889939308167,0.003120619570836425,0.003120619570836425,0.9986964464187622,0.7997217774391174,0.7945541739463806
8.0,3.0,0.9741495251655579,0.0032393885776400566,0.0032393885776400566,0.9986534118652344,0.816888153553009,0.8161202073097229,0.9753127694129944,0.0030240826308727264,0.0030240826308727264,0.9987407326698303,0.8094069957733154,0.8063575029373169
8.0,4.0,0.9744682312011719,0.003147159004583955,0.003147159004583955,0.9986922740936279,0.8100302219390869,0.8097082376480103,0.9743602275848389,0.0036321261432021856,0.0036321261432021856,0.9984697699546814,0.8302121162414551,0.8309033513069153
9.0,0.0,0.9752913117408752,0.003033762564882636,0.003033762564882636,0.9987340569496155,0.8115891814231873,0.8110212683677673,0.9736083745956421,0.0035638941917568445,0.0035638941917568445,0.998474657535553,0.825390100479126,0.8295438885688782
9.0,1.0,0.9740222096443176,0.0031157813500612974,0.0031157813500612974,0.9986928105354309,0.8162253499031067,0.8152731657028198,0.9603995084762573,0.0031728590838611126,0.0031728590838611126,0.998676598072052,0.8088409304618835,0.8069661855697632
9.0,2.0,0.9753788709640503,0.0030287124682217836,0.0030287124682217836,0.9987302422523499,0.8205627202987671,0.8192066550254822,0.9678469896316528,0.002938216784968972,0.002938216784968972,0.9987817406654358,0.7985568642616272,0.79527747631073
9.0,3.0,0.9767184853553772,0.0029731139075011015,0.0029731139075011015,0.998761773109436,0.8176476359367371,0.8166601657867432,0.976306140422821,0.002895936369895935,0.002895936369895935,0.9987770318984985,0.8090821504592896,0.8081705570220947
9.0,4.0,0.9768319725990295,0.0029097062069922686,0.0029097062069922686,0.9987818002700806,0.8116915822029114,0.8108692765235901,0.9770981073379517,0.0030643099453300238,0.0030643099453300238,0.9987063407897949,0.8352035284042358,0.8329317569732666
10.0,0.0,0.9773502945899963,0.0028444058261811733,0.0028444058261811733,0.9988193511962891,0.8121808767318726,0.8119800686836243,0.9800946116447449,0.002981463447213173,0.002981463447213173,0.9987497925758362,0.8299481868743896,0.830605685710907
10.0,1.0,0.9771534204483032,0.0028304564766585827,0.0028304564766585827,0.9988194108009338,0.817734956741333,0.8172932267189026,0.9815441966056824,0.002903333632275462,0.002903333632275462,0.998784065246582,0.8081237077713013,0.8081206679344177
10.0,2.0,0.9768017530441284,0.0028412723913788795,0.0028412723913788795,0.9988110661506653,0.819392740726471,0.8190802335739136,0.9777457118034363,0.0026304000057280064,0.0026304000057280064,0.998909056186676,0.7978023290634155,0.7979083061218262
10.0,3.0,0.9794570207595825,0.002762602409347892,0.002762602409347892,0.9988440871238708,0.8179353475570679,0.8170828819274902,0.97823566198349,0.0026281955651938915,0.0026281955651938915,0.9989049434661865,0.8081659078598022,0.8097579479217529
10.0,4.0,0.9791355133056641,0.002716080052778125,0.002716080052778125,0.9988685250282288,0.8123458027839661,0.8117250800132751,0.9781423807144165,0.002644466934725642,0.002644466934725642,0.9988951086997986,0.8336517214775085,0.8331605792045593
11.0,0.0,0.9772163033485413,0.0026730333920568228,0.0026730333920568228,0.9988917112350464,0.8123394250869751,0.8109819293022156,0.9815419912338257,0.002808462595567107,0.002808462595567107,0.9988163709640503,0.8320218920707703,0.8307552337646484
11.0,1.0,0.9795522689819336,0.0026589841581881046,0.0026589841581881046,0.9988903403282166,0.8182634711265564,0.8176214694976807,0.9830718040466309,0.0027134327683597803,0.0027134327683597803,0.9988644123077393,0.812440037727356,0.808536171913147
11.0,2.0,0.9794211387634277,0.0026596200186759233,0.0026596200186759233,0.9988877177238464,0.8220306038856506,0.8209943175315857,0.9799759387969971,0.0025187127757817507,0.0025187127757817507,0.998978316783905,0.7979894280433655,0.7984083294868469
11.0,3.0,0.9805861711502075,0.0026099514216184616,0.0026099514216184616,0.9989128708839417,0.818973183631897,0.8186587691307068,0.9795609712600708,0.002464614575728774,0.002464614575728774,0.9989610314369202,0.8090017437934875,0.8081003427505493
11.0,4.0,0.9795218110084534,0.0025498876348137856,0.0025498876348137856,0.9989365935325623,0.8125192523002625,0.8121623992919922,0.9808403849601746,0.0025731793139129877,0.0025731793139129877,0.9989300966262817,0.8332461714744568,0.8316684365272522
12.0,0.0,0.9810709953308105,0.0024908408522605896,0.0024908408522605896,0.9989650845527649,0.813036322593689,0.8127399682998657,0.9778302311897278,0.002751290565356612,0.002751290565356612,0.9988501071929932,0.8331003189086914,0.8337873816490173
12.0,1.0,0.9799742698669434,0.0024901607539504766,0.0024901607539504766,0.9989643096923828,0.8181453347206116,0.8176774978637695,0.9833217859268188,0.0025081883650273085,0.0025081883650273085,0.9989426136016846,0.8087000250816345,0.8100923299789429
12.0,2.0,0.9811379909515381,0.0024781778920441866,0.0024781778920441866,0.9989643692970276,0.8215780854225159,0.8207871317863464,0.9833323955535889,0.002231180900707841,0.002231180900707841,0.9990710616111755,0.8001636862754822,0.7988631129264832
12.0,3.0,0.9830321073532104,0.002441838150843978,0.002441838150843978,0.9989842772483826,0.8194712400436401,0.8191923499107361,0.9807146191596985,0.002292248420417309,0.002292248420417309,0.9990449547767639,0.8081308603286743,0.8095483183860779
12.0,4.0,0.9828101992607117,0.002365480875596404,0.002365480875596404,0.9990137815475464,0.8134310841560364,0.8129969835281372,0.9798456430435181,0.002396367723122239,0.002396367723122239,0.9990047812461853,0.8373197913169861,0.8361054062843323
13.0,0.0,0.9820246696472168,0.0023232020903378725,0.0023232020903378725,0.9990339875221252,0.8139504790306091,0.8134737014770508,0.9824289083480835,0.00241061020642519,0.00241061020642519,0.9990111589431763,0.834582507610321,0.8343743085861206
13.0,1.0,0.9828984141349792,0.002317937323823571,0.002317937323823571,0.9990336894989014,0.8200045824050903,0.8200711011886597,0.9821621179580688,0.0022465477231889963,0.0022465477231889963,0.9990732073783875,0.8095430731773376,0.8106112480163574
13.0,2.0,0.9827285408973694,0.0023490774910897017,0.0023490774910897017,0.9990187287330627,0.8205993175506592,0.820339560508728,0.8986774682998657,0.004563170950859785,0.004563170950859785,0.9984045624732971,0.7900500297546387,0.7915396690368652
13.0,3.0,0.9833637475967407,0.002305795904248953,0.002305795904248953,0.9990376234054565,0.8199697136878967,0.8193954229354858,0.9831733107566833,0.0024769350420683622,0.0024769350420683622,0.9989493489265442,0.8162830471992493,0.8111312985420227
13.0,4.0,0.9838526248931885,0.00224786764010787,0.00224786764010787,0.9990713596343994,0.8144551515579224,0.8135899901390076,0.9838085174560547,0.002197233960032463,0.002197233960032463,0.9990854263305664,0.837809145450592,0.8364211916923523
14.0,0.0,0.9831233024597168,0.0021836147643625736,0.0021836147643625736,0.9990944862365723,0.8146881461143494,0.8141247034072876,0.9857078790664673,0.002230300335213542,0.002230300335213542,0.9990739822387695,0.8372287750244141,0.8358138799667358
14.0,1.0,0.9842215776443481,0.0021526888012886047,0.0021526888012886047,0.9991062879562378,0.8214595317840576,0.8208017945289612,0.9843600988388062,0.002291422802954912,0.002291422802954912,0.9990485310554504,0.8118205070495605,0.8109778761863708
14.0,2.0,0.9840476512908936,0.002174994209781289,0.002174994209781289,0.9990923404693604,0.8235298991203308,0.8234443068504333,0.9846369028091431,0.002015670295804739,0.002015670295804739,0.9991675615310669,0.802028477191925,0.7990354299545288
14.0,3.0,0.9848682284355164,0.00217939424328506,0.00217939424328506,0.9990984201431274,0.8211444020271301,0.8205539584159851,0.9838955402374268,0.0020075994543731213,0.0020075994543731213,0.9991704821586609,0.8129791021347046,0.8135574460029602
14.0,4.0,0.9842288494110107,0.002097400138154626,0.002097400138154626,0.9991325736045837,0.8139395117759705,0.8132306933403015,0.9815478324890137,0.0022724743466824293,0.0022724743466824293,0.9990633726119995,0.8384080529212952,0.8356583714485168
15.0,0.0,0.9844233989715576,0.002043205313384533,0.002043205313384533,0.9991543889045715,0.8157886266708374,0.8151274919509888,0.9862560629844666,0.0021510713268071413,0.0021510713268071413,0.9991128444671631,0.8356955051422119,0.8359173536300659
15.0,1.0,0.9823241829872131,0.0020761117339134216,0.0020761117339134216,0.999146044254303,0.8210803270339966,0.8207458853721619,0.9861958622932434,0.002091267379000783,0.002091267379000783,0.999131441116333,0.8140994310379028,0.8111333250999451
15.0,2.0,0.9854061603546143,0.0020363773219287395,0.0020363773219287395,0.9991495609283447,0.8252360820770264,0.8246502876281738,0.986128568649292,0.0018036103574559093,0.0018036103574559093,0.9992727041244507,0.8014943599700928,0.8006981611251831
15.0,3.0,0.9859832525253296,0.001966258743777871,0.001966258743777871,0.9991888999938965,0.822163999080658,0.8216332197189331,0.9835187792778015,0.001908239210024476,0.001908239210024476,0.9992092251777649,0.8135770559310913,0.813631534576416
15.0,4.0,0.9854409098625183,0.0019717577379196882,0.0019717577379196882,0.9991885423660278,0.8168285489082336,0.8160275816917419,0.9856088757514954,0.0019797973800450563,0.0019797973800450563,0.9991741180419922,0.8370547294616699,0.8370649218559265
16.0,0.0,0.9860879182815552,0.0019137613708153367,0.0019137613708153367,0.9992082715034485,0.8156644105911255,0.8155459761619568,0.9873529076576233,0.002079984173178673,0.002079984173178673,0.9991363286972046,0.8366249203681946,0.8340327739715576
16.0,1.0,0.9666321873664856,0.002915553515776992,0.002915553515776992,0.9989154934883118,0.8197873830795288,0.8182743191719055,0.9807390570640564,0.002155636204406619,0.002155636204406619,0.9991123080253601,0.811185359954834,0.8106639385223389
16.0,2.0,0.9850955009460449,0.0019320194842293859,0.0019320194842293859,0.9992087483406067,0.8251679539680481,0.8247500061988831,0.9876459836959839,0.0017050482565537095,0.0017050482565537095,0.9993009567260742,0.802245020866394,0.8006547093391418
16.0,3.0,0.9869102835655212,0.0018537259893491864,0.0018537259893491864,0.9992464184761047,0.8218463659286499,0.821491003036499,0.9852487444877625,0.001786407665349543,0.001786407665349543,0.9992685317993164,0.8149129748344421,0.811113715171814
16.0,4.0,0.9871826171875,0.001805865322239697,0.001805865322239697,0.9992534518241882,0.8164116740226746,0.815700352191925,0.9862467050552368,0.0018705467227846384,0.0018705467227846384,0.9992244839668274,0.8376549482345581,0.837588369846344
17.0,0.0,0.9869148135185242,0.001799365971237421,0.001799365971237421,0.9992666840553284,0.8178355097770691,0.8173998594284058,0.9869530200958252,0.0018884335877373815,0.0018884335877373815,0.999222993850708,0.8356570601463318,0.8363663554191589
17.0,1.0,0.9863940477371216,0.0018251360161229968,0.0018251360161229968,0.9992497563362122,0.82319575548172,0.822787880897522,0.9882145524024963,0.001793507719412446,0.001793507719412446,0.9992696046829224,0.813569962978363,0.8131321668624878
17.0,2.0,0.9865238666534424,0.001822189660742879,0.001822189660742879,0.9992518424987793,0.8257040977478027,0.8255016803741455,0.9888961315155029,0.001646952354349196,0.001646952354349196,0.9993230104446411,0.8024980425834656,0.8017395734786987
17.0,3.0,0.9878868460655212,0.0017678269650787115,0.0017678269650787115,0.9992761015892029,0.8241674900054932,0.8232051730155945,0.9860504865646362,0.0017451458843424916,0.0017451458843424916,0.9992709159851074,0.816400408744812,0.8129867315292358
17.0,4.0,0.9875410795211792,0.00175674504134804,0.00175674504134804,0.999281108379364,0.8167003989219666,0.8162562251091003,0.9863996505737305,0.0016985624097287655,0.0016985624097287655,0.9993064999580383,0.8368397951126099,0.8385676741600037
18.0,0.0,0.988095760345459,0.0016714819939807057,0.0016714819939807057,0.9993160963058472,0.8178612589836121,0.8171291351318359,0.9873990416526794,0.002002852503210306,0.002002852503210306,0.9991698265075684,0.839547872543335,0.836577296257019
18.0,1.0,0.9875367283821106,0.001694013481028378,0.001694013481028378,0.9993063807487488,0.8237206935882568,0.8234254121780396,0.9872967004776001,0.0021033408120274544,0.0021033408120274544,0.9991176128387451,0.8152689933776855,0.8123213052749634
18.0,2.0,0.9883635640144348,0.0016912652645260096,0.0016912652645260096,0.9993086457252502,0.8278316259384155,0.8274771571159363,0.9887702465057373,0.0015287690330296755,0.0015287690330296755,0.9993810057640076,0.80274897813797,0.8017199039459229
18.0,3.0,0.9886081218719482,0.0016477382741868496,0.0016477382741868496,0.9993249177932739,0.8246780037879944,0.8238768577575684,0.9868863224983215,0.0016021913615986705,0.0016021913615986705,0.9993442296981812,0.8153461813926697,0.8164535164833069
18.0,4.0,0.9887237548828125,0.0016293677035719156,0.0016293677035719156,0.9993375539779663,0.8186978101730347,0.8183271884918213,0.984661340713501,0.0016124062240123749,0.0016124062240123749,0.9993341565132141,0.8382603526115417,0.8392671346664429
19.0,0.0,0.9883987307548523,0.001559175201691687,0.001559175201691687,0.9993690848350525,0.8186185359954834,0.8182259202003479,0.9867843985557556,0.0018656973261386156,0.0018656973261386156,0.9992266297340393,0.8349673748016357,0.8382554650306702
19.0,1.0,0.9884776473045349,0.001593868131749332,0.001593868131749332,0.9993517398834229,0.8247400522232056,0.8245072960853577,0.9886326789855957,0.0016136167105287313,0.0016136167105287313,0.9993282556533813,0.812699019908905,0.813957929611206
19.0,2.0,0.9883007407188416,0.0016110020224004984,0.0016110020224004984,0.9993447661399841,0.8275275230407715,0.8274262547492981,0.988496720790863,0.0014228830114006996,0.0014228830114006996,0.9994356036186218,0.8046114444732666,0.8049032092094421
19.0,3.0,0.98969566822052,0.0015126203652471304,0.0015126203652471304,0.9993838667869568,0.8235452771186829,0.8231168985366821,0.9873695373535156,0.0014829715946689248,0.0014829715946689248,0.9994022846221924,0.8166378736495972,0.8171201944351196
19.0,4.0,0.9897218346595764,0.0015073614194989204,0.0015073614194989204,0.999392032623291,0.8184584975242615,0.8183753490447998,0.9881559610366821,0.0015124250203371048,0.0015124250203371048,0.9993845224380493,0.837000846862793,0.8389298319816589
20.0,0.0,0.9894800782203674,0.0014625538606196642,0.0014625538606196642,0.9994107484817505,0.8203084468841553,0.8200489282608032,0.9893224835395813,0.0016457033343613148,0.0016457033343613148,0.9993290901184082,0.8398076891899109,0.835921585559845
20.0,1.0,0.990532398223877,0.0014625658513978124,0.0014625658513978124,0.9994077086448669,0.8269491195678711,0.8271076083183289,0.9912184476852417,0.0014266201760619879,0.0014266201760619879,0.9994276165962219,0.8156370520591736,0.8135402798652649
20.0,2.0,0.9898064732551575,0.0014682073378935456,0.0014682073378935456,0.9994098544120789,0.8289175629615784,0.8287378549575806,0.988194465637207,0.0013414565473794937,0.0013414565473794937,0.9994719624519348,0.8023363947868347,0.8030126690864563
20.0,3.0,0.9897785186767578,0.00144232960883528,0.00144232960883528,0.9994125962257385,0.8250958323478699,0.8246371150016785,0.989642322063446,0.0013709523482248187,0.0013709523482248187,0.9994437098503113,0.8182927370071411,0.8176944255828857
20.0,4.0,0.98531574010849,0.0016694111982360482,0.0016694111982360482,0.9993802309036255,0.8200601935386658,0.8192740678787231,0.9893766045570374,0.0014106679009273648,0.0014106679009273648,0.9994260668754578,0.8394075632095337,0.8397502899169922
21.0,0.0,0.9901995658874512,0.00128401059191674,0.00128401059191674,0.9994921088218689,0.8198559284210205,0.8195258378982544,0.9903685450553894,0.0014393385499715805,0.0014393385499715805,0.9994062185287476,0.8402836322784424,0.836823582649231
21.0,1.0,0.9908437728881836,0.0013219189131632447,0.0013219189131632447,0.9994698762893677,0.8266710042953491,0.8264472484588623,0.9916952252388,0.0014564583543688059,0.0014564583543688059,0.9994070529937744,0.8162581324577332,0.8137654066085815
21.0,2.0,0.9904320240020752,0.0013712724903598428,0.0013712724903598428,0.9994475245475769,0.8289465308189392,0.8284633159637451,0.9916994571685791,0.0012426716275513172,0.0012426716275513172,0.9995107054710388,0.8052000999450684,0.8032289743423462
21.0,3.0,0.990481436252594,0.0013484152732416987,0.0013484152732416987,0.9994606971740723,0.8255807757377625,0.8246251344680786,0.990284264087677,0.001268527819775045,0.001268527819775045,0.9994876384735107,0.8176875114440918,0.8169125914573669
21.0,4.0,0.9910902380943298,0.0013059317134320736,0.0013059317134320736,0.9994803667068481,0.8192983865737915,0.8188071846961975,0.9895854592323303,0.0013268697075545788,0.0013268697075545788,0.9994613528251648,0.8397884964942932,0.8402502536773682
22.0,0.0,0.9908193349838257,0.0012762944679707289,0.0012762944679707289,0.9994884729385376,0.820557713508606,0.8199914693832397,0.9904186129570007,0.0013633565977215767,0.0013633565977215767,0.9994397759437561,0.8391958475112915,0.8400355577468872
22.0,1.0,0.9916320443153381,0.00126019143499434,0.00126019143499434,0.9994957447052002,0.8274497985839844,0.8274801969528198,0.990485668182373,0.0012380669359117746,0.0012380669359117746,0.9995076656341553,0.814315140247345,0.8148688673973083
22.0,2.0,0.9905291795730591,0.0012732730247080326,0.0012732730247080326,0.9994878172874451,0.8294140100479126,0.8290933966636658,0.991365373134613,0.0011649786029011011,0.0011649786029011011,0.9995425939559937,0.8079063892364502,0.8082717657089233
22.0,3.0,0.9908968210220337,0.001253488240763545,0.001253488240763545,0.9994997978210449,0.8258697986602783,0.8254909515380859,0.9881594181060791,0.0014034431660547853,0.0014034431660547853,0.9994228482246399,0.8171137571334839,0.8199529647827148
22.0,4.0,0.9915309548377991,0.001192838535644114,0.001192838535644114,0.9995288252830505,0.8205633759498596,0.8198986053466797,0.9912009835243225,0.0012920177541673183,0.0012920177541673183,0.9994785189628601,0.8402795195579529,0.8422948718070984
23.0,0.0,0.9912394285202026,0.0011775593739002943,0.0011775593739002943,0.9995350241661072,0.8204481601715088,0.8203005194664001,0.9915425181388855,0.0012574739521369338,0.0012574739521369338,0.9995083808898926,0.8419972062110901,0.8398928642272949
23.0,1.0,0.9911884665489197,0.0011861377861350775,0.0011861377861350775,0.9995318055152893,0.8270739316940308,0.8265585899353027,0.9920834898948669,0.0011131722712889314,0.0011131722712889314,0.9995550513267517,0.8148892521858215,0.8150789737701416
23.0,2.0,0.9919286370277405,0.0011830340372398496,0.0011830340372398496,0.999531090259552,0.8293762803077698,0.8291124701499939,0.9910017848014832,0.001178648672066629,0.001178648672066629,0.9995360374450684,0.8056437969207764,0.8065036535263062
23.0,3.0,0.9915770888328552,0.0011648715008050203,0.0011648715008050203,0.9995408058166504,0.8254367113113403,0.8255648612976074,0.9912253022193909,0.001051377854309976,0.001051377854309976,0.9995908141136169,0.8214870691299438,0.8212370872497559
23.0,4.0,0.9918906092643738,0.001139618456363678,0.001139618456363678,0.9995498061180115,0.8209435343742371,0.8206782341003418,0.9920786619186401,0.0011120758717879653,0.0011120758717879653,0.9995712041854858,0.8403785824775696,0.8408011794090271
24.0,0.0,0.9920000433921814,0.0011051598703488708,0.0011051598703488708,0.9995599985122681,0.8205415606498718,0.8203288912773132,0.992048978805542,0.0011718992609530687,0.0011718992609530687,0.9995365738868713,0.8415218591690063,0.8398128151893616
24.0,1.0,0.9922512173652649,0.0011028742883354425,0.0011028742883354425,0.9995665550231934,0.8271161317825317,0.8271695971488953,0.992404043674469,0.001071772538125515,0.001071772538125515,0.9995811581611633,0.8161306381225586,0.815497100353241
24.0,2.0,0.9921009540557861,0.0010978266363963485,0.0010978266363963485,0.9995694160461426,0.8296085596084595,0.8291130661964417,0.9919966459274292,0.0012073139660060406,0.0012073139660060406,0.9995059370994568,0.8068541884422302,0.8018712997436523
24.0,3.0,0.9929295182228088,0.0010992327006533742,0.0010992327006533742,0.9995700716972351,0.8262263536453247,0.826386570930481,0.9891000390052795,0.0010255930246785283,0.0010255930246785283,0.9996060729026794,0.8213793039321899,0.8219379782676697
24.0,4.0,0.9915615916252136,0.0010589179582893848,0.0010589179582893848,0.9995881915092468,0.8209376931190491,0.8201721906661987,0.9926759004592896,0.0011226030765101314,0.0011226030765101314,0.9995609521865845,0.8433740139007568,0.8433821797370911
25.0,0.0,0.9927350282669067,0.001026273937895894,0.001026273937895894,0.9996055960655212,0.821891725063324,0.8220391273498535,0.9646155834197998,0.0013011129340156913,0.0013011129340156913,0.9995393753051758,0.836594820022583,0.8387267589569092
25.0,1.0,0.9920788407325745,0.0010464773513376713,0.0010464773513376713,0.9995909929275513,0.8286008238792419,0.8289145827293396,0.9917604923248291,0.0010459719924256206,0.0010459719924256206,0.9996037483215332,0.8160223960876465,0.8154484033584595
25.0,2.0,0.9920911192893982,0.0010442979400977492,0.0010442979400977492,0.9995927214622498,0.8296903371810913,0.8291720747947693,0.9931420087814331,0.0010375037090852857,0.0010375037090852857,0.9995918869972229,0.8065778017044067,0.8085209131240845
25.0,3.0,0.9931816458702087,0.0010192320914939046,0.0010192320914939046,0.999606728553772,0.8275216817855835,0.827544093132019,0.9919276237487793,0.0009669116116128862,0.0009669116116128862,0.9996232986450195,0.8197818994522095,0.8204314112663269
25.0,4.0,0.993162214756012,0.0009813678916543722,0.0009813678916543722,0.9996195435523987,0.8203483819961548,0.8196584582328796,0.9927774667739868,0.0010668725008144975,0.0010668725008144975,0.9995779395103455,0.8409951329231262,0.841453492641449
26.0,0.0,0.9933153986930847,0.0009729728335514665,0.0009729728335514665,0.9996216893196106,0.8222370147705078,0.8218996524810791,0.9933049082756042,0.0009711594320833683,0.0009711594320833683,0.9996374249458313,0.8404783010482788,0.8415493965148926
26.0,1.0,0.9931432604789734,0.0009668367565609515,0.0009668367565609515,0.9996280670166016,0.8292993903160095,0.8289234638214111,0.9934306740760803,0.0009713368490338326,0.0009713368490338326,0.9996309876441956,0.816517174243927,0.8159186840057373
26.0,2.0,0.9933949708938599,0.0009633449953980744,0.0009633449953980744,0.999630868434906,0.8309285044670105,0.8308177590370178,0.9938965439796448,0.000865928188432008,0.000865928188432008,0.9996621608734131,0.8102686405181885,0.8091012835502625
26.0,3.0,0.993754506111145,0.0009366123122163117,0.0009366123122163117,0.9996405839920044,0.827045202255249,0.8271682858467102,0.9934272170066833,0.0009837060933932662,0.0009837060933932662,0.9996174573898315,0.8213901519775391,0.8218111395835876
26.0,4.0,0.9915269613265991,0.0009570709080435336,0.0009570709080435336,0.9996359944343567,0.822499692440033,0.8223304748535156,0.9935091733932495,0.0009327068692073226,0.0009327068692073226,0.9996456503868103,0.8436447978019714,0.8435386419296265
27.0,0.0,0.9931776523590088,0.0009173201397061348,0.0009173201397061348,0.9996494054794312,0.8221060037612915,0.8219161629676819,0.9940392374992371,0.000956940115429461,0.000956940115429461,0.9996399283409119,0.8427614569664001,0.8425158858299255
27.0,1.0,0.9936375617980957,0.0008914320496842265,0.0008914320496842265,0.9996652603149414,0.8285407423973083,0.8284697532653809,0.99402916431427,0.0009123929194174707,0.0009123929194174707,0.9996542930603027,0.8169974088668823,0.8161683082580566
27.0,2.0,0.9933561086654663,0.0009253467433154583,0.0009253467433154583,0.9996469616889954,0.8307832479476929,0.8305730223655701,0.994429886341095,0.0009055110858753324,0.0009055110858753324,0.9996500015258789,0.8084666132926941,0.8087356090545654
27.0,3.0,0.9932548999786377,0.0009087195503525436,0.0009087195503525436,0.9996544718742371,0.8284870982170105,0.8278937935829163,0.9939473271369934,0.0008854490588419139,0.0008854490588419139,0.999663233757019,0.8196134567260742,0.8208116888999939
27.0,4.0,0.993914783000946,0.0008672100957483053,0.0008672100957483053,0.9996716380119324,0.8214083909988403,0.8211947679519653,0.9943082928657532,0.0008746120147407055,0.0008746120147407055,0.9996764063835144,0.8446695804595947,0.8451521992683411
28.0,0.0,0.9942765831947327,0.000853196659591049,0.000853196659591049,0.9996795058250427,0.8231564164161682,0.8232099413871765,0.9934945106506348,0.0009192535071633756,0.0009192535071633756,0.9996525645256042,0.8407761454582214,0.8396679162979126
28.0,1.0,0.9940611124038696,0.0008682035841047764,0.0008682035841047764,0.9996718168258667,0.8292273879051208,0.829546332359314,0.9944130182266235,0.0009554377174936235,0.0009554377174936235,0.9996280074119568,0.8178930282592773,0.8155921101570129
28.0,2.0,0.9938139319419861,0.0008502805721946061,0.0008502805721946061,0.9996798634529114,0.8309480547904968,0.8303582072257996,0.9945467114448547,0.0008424118277616799,0.0008424118277616799,0.9996756315231323,0.8079733848571777,0.8092581629753113
28.0,3.0,0.9942511916160583,0.0008448571898043156,0.0008448571898043156,0.999679684638977,0.8285334706306458,0.8282343745231628,0.9935101270675659,0.0008083314751274884,0.0008083314751274884,0.9996924996376038,0.8225697875022888,0.8203016519546509
28.0,4.0,0.9940474629402161,0.0008358536288142204,0.0008358536288142204,0.9996834993362427,0.8226972222328186,0.8222031593322754,0.9946780800819397,0.0008107316680252552,0.0008107316680252552,0.9996975064277649,0.8445722460746765,0.8451952338218689
29.0,0.0,0.9945172071456909,0.0008046455914154649,0.0008046455914154649,0.9997025728225708,0.8232324123382568,0.82281094789505,0.9917296171188354,0.0008913942729122937,0.0008913942729122937,0.9996644854545593,0.8425179123878479,0.8428477048873901
29.0,1.0,0.9944035410881042,0.0008229188388213515,0.0008229188388213515,0.999688982963562,0.8277634978294373,0.8275724649429321,0.9921887516975403,0.0008993830997496843,0.0008993830997496843,0.999652087688446,0.8151493072509766,0.8163021802902222
29.0,2.0,0.9939224720001221,0.0008285871590487659,0.0008285871590487659,0.999692976474762,0.8315890431404114,0.8311329483985901,0.9937409162521362,0.0008536024834029377,0.0008536024834029377,0.9996654987335205,0.8073031902313232,0.8092188239097595
29.0,3.0,0.9945189356803894,0.0007934956229291856,0.0007934956229291856,0.9997031688690186,0.8286375999450684,0.828741729259491,0.9930455088615417,0.0009183429647237062,0.0009183429647237062,0.9996508955955505,0.8218359351158142,0.8223349452018738
29.0,4.0,0.9943401217460632,0.0008048242889344692,0.0008048242889344692,0.999695897102356,0.8223214745521545,0.8217459321022034,0.9950270056724548,0.0007968617137521505,0.0007968617137521505,0.9996968507766724,0.8440966010093689,0.8448595404624939
30.0,0.0,0.9957873225212097,0.0005125378957018256,0.0005125378957018256,0.9998317360877991,0.8242698311805725,0.8245034217834473,0.9964917898178101,0.0004315519763622433,0.0004315519763622433,0.9998771548271179,0.8439162969589233,0.8439920544624329
30.0,1.0,0.996393084526062,0.0004264094459358603,0.0004264094459358603,0.9998779296875,0.8310669660568237,0.8312233686447144,0.9963700771331787,0.00039908778853714466,0.00039908778853714466,0.9998886585235596,0.8182770609855652,0.817970871925354
30.0,2.0,0.9965986013412476,0.00039745907997712493,0.00039745907997712493,0.9998899102210999,0.8333694338798523,0.833304762840271,0.9970330595970154,0.00035807714448310435,0.00035807714448310435,0.9999028444290161,0.8106033802032471,0.8108784556388855
30.0,3.0,0.996900200843811,0.0003711894096340984,0.0003711894096340984,0.999899685382843,0.8298932313919067,0.829932451248169,0.9964054822921753,0.0003599667688831687,0.0003599667688831687,0.9999051094055176,0.8247040510177612,0.8247385025024414
30.0,4.0,0.9968522191047668,0.00034574148594401777,0.00034574148594401777,0.9999078512191772,0.8247053623199463,0.824643075466156,0.9972078204154968,0.00040159508353099227,0.00040159508353099227,0.9998902082443237,0.8459767699241638,0.8463445901870728
31.0,0.0,0.9969102144241333,0.0003511426330078393,0.0003511426330078393,0.999904990196228,0.8248884081840515,0.8250625729560852,0.9971938729286194,0.0003333608037792146,0.0003333608037792146,0.9999149441719055,0.844845712184906,0.8443954586982727
31.0,1.0,0.9970849752426147,0.0003383131988812238,0.0003383131988812238,0.9999108910560608,0.8317140936851501,0.8317462205886841,0.9971004128456116,0.0003340381372254342,0.0003340381372254342,0.9999109506607056,0.8180677890777588,0.8180574178695679
31.0,2.0,0.9971446990966797,0.00033464012085460126,0.00033464012085460126,0.999909520149231,0.8334658145904541,0.8334352970123291,0.9975179433822632,0.0003092968836426735,0.0003092968836426735,0.999916136264801,0.811707079410553,0.8117292523384094
31.0,3.0,0.9973515868186951,0.00032199930865317583,0.00032199930865317583,0.9999139308929443,0.8300893902778625,0.8300986289978027,0.9968069791793823,0.0003252728492952883,0.0003252728492952883,0.9999147653579712,0.8247285485267639,0.8247953653335571
31.0,4.0,0.9972312450408936,0.00030859236721880734,0.00030859236721880734,0.9999181032180786,0.8247553110122681,0.8247077465057373,0.997416079044342,0.0003439957508817315,0.0003439957508817315,0.9999070763587952,0.8462059497833252,0.8464768528938293
32.0,0.0,0.9973711371421814,0.00031275389483198524,0.00031275389483198524,0.9999178647994995,0.8252078294754028,0.8253071904182434,0.997286856174469,0.00030985689954832196,0.00030985689954832196,0.9999175071716309,0.844796895980835,0.8444216251373291
32.0,1.0,0.9973495602607727,0.0003040831652469933,0.0003040831652469933,0.9999198913574219,0.8318678140640259,0.8318500518798828,0.997395396232605,0.0003044275799766183,0.0003044275799766183,0.9999160170555115,0.8180894255638123,0.8181095123291016
32.0,2.0,0.9974074363708496,0.0003034157562069595,0.0003034157562069595,0.9999170899391174,0.8335418701171875,0.8334385752677917,0.9976364970207214,0.0002865529677364975,0.0002865529677364975,0.9999236464500427,0.8118013143539429,0.8117560744285583
32.0,3.0,0.9975250363349915,0.0002938672841992229,0.0002938672841992229,0.9999212622642517,0.830323338508606,0.8302519917488098,0.9972819089889526,0.00028956442838534713,0.00028956442838534713,0.9999246597290039,0.8248049020767212,0.824852705001831
32.0,4.0,0.9974709153175354,0.000284368172287941,0.000284368172287941,0.99992436170578,0.8249351978302002,0.8248765468597412,0.9977940320968628,0.00031287557794712484,0.00031287557794712484,0.9999163746833801,0.8463016152381897,0.8465631604194641
33.0,0.0,0.9975609183311462,0.00028667657170444727,0.00028667657170444727,0.9999209642410278,0.8253099322319031,0.8253519535064697,0.9974928498268127,0.0002828940632753074,0.0002828940632753074,0.9999263882637024,0.8449072241783142,0.844447135925293
33.0,1.0,0.9976250529289246,0.00028030676185153425,0.00028030676185153425,0.999924898147583,0.8319608569145203,0.8319206833839417,0.9974182844161987,0.0002817106433212757,0.0002817106433212757,0.9999234676361084,0.8183631300926208,0.8182668685913086
33.0,2.0,0.9975154399871826,0.0002804445684887469,0.0002804445684887469,0.9999234080314636,0.8335959911346436,0.8335223197937012,0.9979353547096252,0.0002629207447171211,0.0002629207447171211,0.9999324083328247,0.811798632144928,0.8118247389793396
33.0,3.0,0.9976587295532227,0.00027293365565128624,0.00027293365565128624,0.9999276399612427,0.8303629755973816,0.8302756547927856,0.9973176121711731,0.0002735441375989467,0.0002735441375989467,0.9999285936355591,0.8247443437576294,0.8247217535972595
33.0,4.0,0.9976710081100464,0.0002636145509313792,0.0002636145509313792,0.9999291300773621,0.8249834179878235,0.8248885869979858,0.9978311657905579,0.00029203988378867507,0.00029203988378867507,0.999920129776001,0.8462631106376648,0.8465248942375183
34.0,0.0,0.9977400302886963,0.00026618732954375446,0.00026618732954375446,0.9999286532402039,0.8253598213195801,0.8254032731056213,0.997624397277832,0.0002665278152562678,0.0002665278152562678,0.9999299049377441,0.844874382019043,0.8444763422012329
34.0,1.0,0.9978036284446716,0.0002609680232126266,0.0002609680232126266,0.9999286532402039,0.8320213556289673,0.8319925665855408,0.9975924491882324,0.00026361944037489593,0.00026361944037489593,0.999925971031189,0.8183597326278687,0.8182612061500549
34.0,2.0,0.9977303743362427,0.0002597740967758,0.0002597740967758,0.9999284744262695,0.8336236476898193,0.8335691094398499,0.997968852519989,0.0002501458511687815,0.0002501458511687815,0.9999328851699829,0.8117693662643433,0.8117974996566772
34.0,3.0,0.9978094100952148,0.0002547333133406937,0.0002547333133406937,0.9999301433563232,0.8303956985473633,0.8303415179252625,0.9976071715354919,0.0002529169723857194,0.0002529169723857194,0.999930739402771,0.8248898983001709,0.8247280120849609
34.0,4.0,0.9977725744247437,0.0002472802880220115,0.0002472802880220115,0.9999323487281799,0.8250465989112854,0.8249325156211853,0.9980462193489075,0.00026476121274754405,0.00026476121274754405,0.9999288320541382,0.8463647961616516,0.8466067314147949
35.0,0.0,0.9978876709938049,0.00024806190049275756,0.00024806190049275756,0.999932050704956,0.8254141807556152,0.8254189491271973,0.9978631138801575,0.0002500837144907564,0.0002500837144907564,0.9999330043792725,0.8448962569236755,0.8444878458976746
35.0,1.0,0.997850775718689,0.0002433668269077316,0.0002433668269077316,0.9999356865882874,0.8320035338401794,0.8319283723831177,0.9975833892822266,0.00025205122074112296,0.00025205122074112296,0.9999276995658875,0.8183215856552124,0.8182600140571594
35.0,2.0,0.9978792071342468,0.00024451478384435177,0.00024451478384435177,0.999934196472168,0.8337406516075134,0.8336340188980103,0.9980641603469849,0.00023197974951472133,0.00023197974951472133,0.9999362230300903,0.8118101358413696,0.8118801712989807
35.0,3.0,0.997962474822998,0.00023835150932427496,0.00023835150932427496,0.9999340772628784,0.8302690982818604,0.8302829265594482,0.9977242350578308,0.0002410171291558072,0.0002410171291558072,0.999935507774353,0.8248500227928162,0.8249014019966125
35.0,4.0,0.9979236721992493,0.00023124198196455836,0.00023124198196455836,0.9999369978904724,0.8250468969345093,0.8249439597129822,0.9981095790863037,0.00026111924671567976,0.00026111924671567976,0.9999285936355591,0.8462772369384766,0.8465772867202759
36.0,0.0,0.9979771971702576,0.00023313600104302168,0.00023313600104302168,0.9999367594718933,0.8253875970840454,0.8254003524780273,0.9979059100151062,0.0002341695799259469,0.0002341695799259469,0.9999366998672485,0.8449399471282959,0.8447633385658264
36.0,1.0,0.9981041550636292,0.00022804141917731613,0.00022804141917731613,0.9999381303787231,0.8320376873016357,0.8319969773292542,0.9976433515548706,0.00024341409152839333,0.00024341409152839333,0.9999293088912964,0.8183313012123108,0.818292498588562
36.0,2.0,0.9979581832885742,0.00022923506912775338,0.00022923506912775338,0.9999376535415649,0.8337384462356567,0.8336451649665833,0.9981526732444763,0.00022409227676689625,0.00022409227676689625,0.999940037727356,0.811901867389679,0.8119581937789917
36.0,3.0,0.9980599284172058,0.0002239073219243437,0.0002239073219243437,0.9999387860298157,0.8304632902145386,0.830414891242981,0.9978525638580322,0.0002256797451991588,0.0002256797451991588,0.9999369382858276,0.8249840140342712,0.8247821927070618
36.0,4.0,0.9980015754699707,0.00021807818848174065,0.00021807818848174065,0.9999411702156067,0.8250741958618164,0.8250329494476318,0.998257577419281,0.00023085452266968787,0.00023085452266968787,0.9999353289604187,0.8464069366455078,0.8466416001319885
37.0,0.0,0.9980512857437134,0.00021856538660358638,0.00021856538660358638,0.9999406337738037,0.8254216909408569,0.8254789710044861,0.9980142116546631,0.00022395573614630848,0.00022395573614630848,0.9999407529830933,0.8449532389640808,0.8445779085159302
37.0,1.0,0.9981657266616821,0.00021635029406752437,0.00021635029406752437,0.999942421913147,0.8320806622505188,0.8321117162704468,0.9977726936340332,0.00021966132044326514,0.00021966132044326514,0.9999354481697083,0.8183905482292175,0.8183391690254211
37.0,2.0,0.9980714917182922,0.00021657660545315593,0.00021657660545315593,0.9999389052391052,0.8337011933326721,0.8336488604545593,0.998253583908081,0.00020401252550072968,0.00020401252550072968,0.9999446868896484,0.8119192123413086,0.811945915222168
37.0,3.0,0.9981492757797241,0.00021240836940705776,0.00021240836940705776,0.9999421834945679,0.8305907249450684,0.8304752111434937,0.9980634450912476,0.00020858571224380285,0.00020858571224380285,0.9999450445175171,0.8249833583831787,0.8250169157981873
37.0,4.0,0.9980748295783997,0.0002050320472335443,0.0002050320472335443,0.9999430775642395,0.8251094818115234,0.8250466585159302,0.9983713626861572,0.00022524522501043975,0.00022524522501043975,0.9999379515647888,0.8464218974113464,0.8466537594795227
38.0,0.0,0.9981184005737305,0.00020674023835454136,0.00020674023835454136,0.9999438524246216,0.8254331350326538,0.8254993557929993,0.9981401562690735,0.00021512947569135576,0.00021512947569135576,0.9999386072158813,0.8449763655662537,0.8445900678634644
38.0,1.0,0.9982250332832336,0.00020405919349286705,0.00020405919349286705,0.9999439716339111,0.8322045803070068,0.8321327567100525,0.998033881187439,0.00020644401956815273,0.00020644401956815273,0.9999414086341858,0.8184729218482971,0.8183565735816956
38.0,2.0,0.9981637001037598,0.00020465422130655497,0.00020465422130655497,0.9999434351921082,0.8337032198905945,0.8337190747261047,0.9983312487602234,0.0001949560537468642,0.0001949560537468642,0.9999470710754395,0.8119717836380005,0.8119992017745972
38.0,3.0,0.9982826113700867,0.00019957161566708237,0.00019957161566708237,0.9999459981918335,0.8304734826087952,0.8303672671318054,0.998199462890625,0.00019439255993347615,0.00019439255993347615,0.9999490976333618,0.8249744772911072,0.8250386118888855
38.0,4.0,0.9982340931892395,0.00019371551752556115,0.00019371551752556115,0.9999488592147827,0.82512366771698,0.8250418305397034,0.9983505010604858,0.00021048034250270575,0.00021048034250270575,0.9999417662620544,0.8464218378067017,0.8466349840164185
39.0,0.0,0.9982978105545044,0.0001943592942552641,0.0001943592942552641,0.9999475479125977,0.8254315257072449,0.8255130052566528,0.9981015920639038,0.00019948363478761166,0.00019948363478761166,0.9999474287033081,0.844985842704773,0.8448675870895386
39.0,1.0,0.998295783996582,0.00019285180314909667,0.00019285180314909667,0.9999474287033081,0.8318769931793213,0.8320053815841675,0.9980900287628174,0.00019753271772060543,0.00019753271772060543,0.9999428391456604,0.818475067615509,0.8183755278587341
39.0,2.0,0.9982059001922607,0.00019340337894391268,0.00019340337894391268,0.9999468326568604,0.8338667154312134,0.8337060809135437,0.9984564185142517,0.00018505752086639404,0.00018505752086639404,0.9999507665634155,0.8119993805885315,0.8120005130767822
39.0,3.0,0.99828040599823,0.0001887035759864375,0.0001887035759864375,0.9999476671218872,0.8305013179779053,0.830444872379303,0.9982616305351257,0.00019154090841766447,0.00019154090841766447,0.9999476075172424,0.8250098824501038,0.8250007033348083
39.0,4.0,0.9982940554618835,0.0001832581328926608,0.0001832581328926608,0.9999514222145081,0.8251192569732666,0.8249921202659607,0.998416006565094,0.0002003205445362255,0.0002003205445362255,0.9999417662620544,0.8463396430015564,0.8466306924819946
40.0,0.0,0.9982932806015015,0.00018609296239446849,0.00018609296239446849,0.9999496936798096,0.8253383636474609,0.8254504203796387,0.9982032775878906,0.00019092828733846545,0.00019092828733846545,0.9999479651451111,0.8449642062187195,0.844630777835846
40.0,1.0,0.998374879360199,0.00018197743338532746,0.00018197743338532746,0.9999508261680603,0.832186222076416,0.8320973515510559,0.9980180859565735,0.00018852067296393216,0.00018852067296393216,0.9999484419822693,0.8184831142425537,0.8184255957603455
40.0,2.0,0.9983134865760803,0.00018300155352335423,0.00018300155352335423,0.9999522566795349,0.8337611556053162,0.833770751953125,0.9984315633773804,0.00017398022464476526,0.00017398022464476526,0.999954342842102,0.8120072484016418,0.8115716576576233
40.0,3.0,0.9983962774276733,0.0001787517248885706,0.0001787517248885706,0.9999507665634155,0.8306546211242676,0.8305367231369019,0.9982014894485474,0.0001777109719114378,0.0001777109719114378,0.9999518990516663,0.8250205516815186,0.8248915076255798
40.0,4.0,0.9983388185501099,0.00017292403208557516,0.00017292403208557516,0.9999541640281677,0.8251553773880005,0.8251200318336487,0.9985389113426208,0.00019168586004525423,0.00019168586004525423,0.9999483227729797,0.8466694951057434,0.8468038439750671
41.0,0.0,0.9985014200210571,0.00017522205598652363,0.00017522205598652363,0.9999526739120483,0.8254890441894531,0.8254484534263611,0.9982326030731201,0.0001834974391385913,0.0001834974391385913,0.999947726726532,0.844976007938385,0.8448778986930847
41.0,1.0,0.9985799193382263,0.00017181815928779542,0.00017181815928779542,0.9999532103538513,0.8322955965995789,0.8322514295578003,0.998167872428894,0.00018097423890139908,0.00018097423890139908,0.9999494552612305,0.8185572028160095,0.8184453845024109
41.0,2.0,0.9984109401702881,0.00017429633589927107,0.00017429633589927107,0.9999516606330872,0.8337647318840027,0.8337644338607788,0.9985711574554443,0.00016811017121654004,0.00016811017121654004,0.9999538660049438,0.8119637370109558,0.8119824528694153
41.0,3.0,0.998464822769165,0.0001695523242233321,0.0001695523242233321,0.9999536871910095,0.8305492401123047,0.8305410742759705,0.9983112812042236,0.00017025505076162517,0.00017025505076162517,0.9999558329582214,0.8250520825386047,0.8250908851623535
41.0,4.0,0.9984052181243896,0.00016501583741046488,0.00016501583741046488,0.9999556541442871,0.8251597881317139,0.8250413537025452,0.9987124800682068,0.00018095858104061335,0.00018095858104061335,0.9999508261680603,0.8463699221611023,0.8466567397117615
42.0,0.0,0.9985384345054626,0.00016572549066040665,0.00016572549066040665,0.9999558329582214,0.8255574703216553,0.8255926966667175,0.9985681176185608,0.00017498063971288502,0.00017498063971288502,0.9999521374702454,0.8450425267219543,0.8449020981788635
42.0,1.0,0.9986006617546082,0.00016475567827001214,0.00016475567827001214,0.999955952167511,0.8322136402130127,0.8322286605834961,0.9980576038360596,0.00017179753922391683,0.00017179753922391683,0.9999520778656006,0.8184847831726074,0.8184559345245361
42.0,2.0,0.9984745979309082,0.00016485161904711276,0.00016485161904711276,0.9999546408653259,0.8339106440544128,0.8338649272918701,0.9985990524291992,0.00016300269635394216,0.00016300269635394216,0.9999562501907349,0.8120786547660828,0.8119727969169617
42.0,3.0,0.9984983205795288,0.00016122891975101084,0.00016122891975101084,0.9999561309814453,0.8305671215057373,0.83049476146698,0.9985147714614868,0.00017143198056146502,0.00017143198056146502,0.9999525547027588,0.8250236511230469,0.8250530958175659
42.0,4.0,0.9984741806983948,0.00015750204329378903,0.00015750204329378903,0.9999566674232483,0.8251758813858032,0.8251232504844666,0.9986998438835144,0.00017653922259341925,0.00017653922259341925,0.999950647354126,0.8463546633720398,0.8466569185256958
43.0,0.0,0.9984971284866333,0.00015809014439582825,0.00015809014439582825,0.9999575018882751,0.8255703449249268,0.8256005048751831,0.9984477758407593,0.0001663842995185405,0.0001663842995185405,0.9999550580978394,0.8449873924255371,0.8449004888534546
43.0,1.0,0.9986374974250793,0.00015624004299752414,0.00015624004299752414,0.9999580383300781,0.8322226405143738,0.8322340846061707,0.9983419179916382,0.00016000476898625493,0.00016000476898625493,0.9999533295631409,0.8185637593269348,0.8184546828269958
43.0,2.0,0.9985593557357788,0.00015721884847152978,0.00015721884847152978,0.9999557137489319,0.8338319659233093,0.8338320255279541,0.9986844658851624,0.00015608774265274405,0.00015608774265274405,0.9999582767486572,0.8121057152748108,0.8120510578155518
43.0,3.0,0.9985349178314209,0.00015242054359987378,0.00015242054359987378,0.9999579191207886,0.8305914998054504,0.8305724859237671,0.9985002875328064,0.0001588046143297106,0.0001588046143297106,0.9999573826789856,0.8249993920326233,0.825080394744873
43.0,4.0,0.9985550045967102,0.00014960719272494316,0.00014960719272494316,0.9999597668647766,0.8251983523368835,0.8251527547836304,0.998818039894104,0.00017042108811438084,0.00017042108811438084,0.9999528527259827,0.84670490026474,0.8468068242073059
44.0,0.0,0.9985907077789307,0.00015009705384727567,0.00015009705384727567,0.9999600648880005,0.8256106972694397,0.8256229758262634,0.9984132051467896,0.0001531493035145104,0.0001531493035145104,0.999958336353302,0.8450444936752319,0.8446824550628662
44.0,1.0,0.9987288117408752,0.00014927878510206938,0.00014927878510206938,0.9999579191207886,0.8322978615760803,0.8322123289108276,0.9984492659568787,0.00015336566139012575,0.00015336566139012575,0.9999557733535767,0.8185194730758667,0.8184849619865417
44.0,2.0,0.9985334873199463,0.00014848518185317516,0.00014848518185317516,0.9999591112136841,0.833795428276062,0.833755373954773,0.9987652897834778,0.0001477027399232611,0.0001477027399232611,0.9999616742134094,0.8121238350868225,0.8120591640472412
44.0,3.0,0.9986169934272766,0.00014647559146396816,0.00014647559146396816,0.99996018409729,0.8306214809417725,0.8305425047874451,0.9986319541931152,0.00014786100655328482,0.00014786100655328482,0.9999628067016602,0.8250830769538879,0.8251035809516907
44.0,4.0,0.9986552000045776,0.00014250796812120825,0.00014250796812120825,0.9999622106552124,0.8251985907554626,0.825050950050354,0.9989097714424133,0.0001541413803352043,0.0001541413803352043,0.9999563097953796,0.8467133641242981,0.8468513488769531
45.0,0.0,0.9986591339111328,0.0001424301153747365,0.0001424301153747365,0.9999626874923706,0.8254756927490234,0.8255650997161865,0.9986640810966492,0.0001445664674974978,0.0001445664674974978,0.999961793422699,0.8450574278831482,0.8449316620826721
45.0,1.0,0.9987195134162903,0.0001409523538313806,0.0001409523538313806,0.9999629259109497,0.832312285900116,0.8322954177856445,0.9981956481933594,0.00015247991541400552,0.00015247991541400552,0.9999563694000244,0.8184491395950317,0.8184658288955688
45.0,2.0,0.9985710978507996,0.0001427611568942666,0.0001427611568942666,0.99996018409729,0.8338519930839539,0.8338539600372314,0.9987979531288147,0.00014213082613423467,0.00014213082613423467,0.9999600648880005,0.8121368288993835,0.8115513324737549
45.0,3.0,0.9987581372261047,0.0001390395627822727,0.0001390395627822727,0.9999620318412781,0.8306289911270142,0.8306524753570557,0.998715341091156,0.00013964370009489357,0.00013964370009489357,0.9999614953994751,0.8250438570976257,0.8251013159751892
45.0,4.0,0.9987334609031677,0.00013582636893261224,0.00013582636893261224,0.9999620914459229,0.8251938223838806,0.8251222968101501,0.9988941550254822,0.0001507228589616716,0.0001507228589616716,0.9999576210975647,0.8467102646827698,0.846847653388977
46.0,0.0,0.9986372590065002,0.00013597685028798878,0.00013597685028798878,0.9999640583992004,0.8256147503852844,0.8256514668464661,0.9986234307289124,0.0001421435590600595,0.0001421435590600595,0.9999614357948303,0.8450455069541931,0.8449368476867676
46.0,1.0,0.9987935423851013,0.00013515001046471298,0.00013515001046471298,0.9999644160270691,0.8322383165359497,0.8322548270225525,0.9985042810440063,0.00014177004049997777,0.00014177004049997777,0.9999604821205139,0.8185884356498718,0.8184816837310791
46.0,2.0,0.9986644983291626,0.0001361801114398986,0.0001361801114398986,0.9999635815620422,0.8339368104934692,0.8338330984115601,0.9988369941711426,0.00013844663044437766,0.00013844663044437766,0.9999622702598572,0.8121097087860107,0.8120649456977844
46.0,3.0,0.9987016916275024,0.00013280805433169007,0.00013280805433169007,0.9999637603759766,0.8306301236152649,0.830501914024353,0.9987503290176392,0.00014196168922353536,0.00014196168922353536,0.9999634623527527,0.8250877261161804,0.8251010775566101
46.0,4.0,0.9988093376159668,0.000128796644276008,0.000128796644276008,0.9999642968177795,0.8252236843109131,0.8251693248748779,0.9987379908561707,0.0001436893653590232,0.0001436893653590232,0.9999607801437378,0.8465784192085266,0.8467912077903748
47.0,0.0,0.9987320303916931,0.00013078117626719177,0.00013078117626719177,0.9999642968177795,0.8256000280380249,0.8255387544631958,0.9988646507263184,0.00013304238382261246,0.00013304238382261246,0.999964714050293,0.8450809121131897,0.8449497222900391
47.0,1.0,0.998860239982605,0.0001288383937207982,0.0001288383937207982,0.9999665021896362,0.8323448896408081,0.8323068022727966,0.998506486415863,0.00013164852862246335,0.00013164852862246335,0.9999626874923706,0.8185680508613586,0.8185352683067322
47.0,2.0,0.9987673759460449,0.00012936352868564427,0.00012936352868564427,0.9999650120735168,0.8339113593101501,0.8338809609413147,0.9988974332809448,0.00012627702380996197,0.00012627702380996197,0.9999674558639526,0.8120604753494263,0.8120954632759094
47.0,3.0,0.9988859295845032,0.0001272881345357746,0.0001272881345357746,0.999964714050293,0.830608606338501,0.830659031867981,0.9989166259765625,0.00012774678179994226,0.00012774678179994226,0.9999673366546631,0.8250813484191895,0.8251349329948425
47.0,4.0,0.9988282322883606,0.00012319041707087308,0.00012319041707087308,0.9999678134918213,0.8252375721931458,0.8251919150352478,0.9990326166152954,0.00013296378892846406,0.00013296378892846406,0.9999637007713318,0.8467493653297424,0.8468493819236755
48.0,0.0,0.9988188743591309,0.00012443149171303958,0.00012443149171303958,0.9999678730964661,0.8256410956382751,0.8256667256355286,0.9987229108810425,0.00013145887351129204,0.00013145887351129204,0.9999642372131348,0.8451025485992432,0.8449500203132629
48.0,1.0,0.9989458322525024,0.00012259087816346437,0.00012259087816346437,0.9999657869338989,0.8323194980621338,0.8322592973709106,0.9982201457023621,0.00013026241504121572,0.00013026241504121572,0.9999622702598572,0.8185521960258484,0.8185272216796875
48.0,2.0,0.9988541603088379,0.0001237063406733796,0.0001237063406733796,0.9999667406082153,0.8338797092437744,0.8339166641235352,0.9989975094795227,0.00011771780555136502,0.00011771780555136502,0.999971330165863,0.8121320605278015,0.8121214509010315
48.0,3.0,0.998822808265686,0.00012065802002325654,0.00012065802002325654,0.9999676942825317,0.8306986093521118,0.8306511640548706,0.9988309144973755,0.00012302630057092756,0.00012302630057092756,0.9999694228172302,0.8250976800918579,0.8251218795776367
48.0,4.0,0.9987850189208984,0.00011978598922723904,0.00011978598922723904,0.9999666213989258,0.8252243399620056,0.8251813650131226,0.9990285634994507,0.0001333273103227839,0.0001333273103227839,0.99996417760849,0.8467154502868652,0.8468464016914368
49.0,0.0,0.998863935470581,0.00011891985923284665,0.00011891985923284665,0.9999690651893616,0.8256380558013916,0.8256633281707764,0.9986816644668579,0.00012996069563087076,0.00012996069563087076,0.9999650120735168,0.8450430631637573,0.8449300527572632
49.0,1.0,0.9989972710609436,0.0001180420586024411,0.0001180420586024411,0.999968409538269,0.8322834372520447,0.832278847694397,0.9985833168029785,0.00012854670058004558,0.00012854670058004558,0.9999639391899109,0.8185669779777527,0.8185129761695862
49.0,2.0,0.9988056421279907,0.00011874952906509861,0.00011874952906509861,0.9999669194221497,0.8339396715164185,0.8339022397994995,0.9989042282104492,0.00011470202298369259,0.00011470202298369259,0.9999687671661377,0.8115655779838562,0.8117917776107788
49.0,3.0,0.998910665512085,0.00011495737271616235,0.00011495737271616235,0.9999693632125854,0.8306511640548706,0.8306389451026917,0.9989303350448608,0.00011998192348983139,0.00011998192348983139,0.9999687671661377,0.8250879645347595,0.8250935077667236
49.0,4.0,0.9988593459129333,0.00011340880882926285,0.00011340880882926285,0.9999703764915466,0.8252382278442383,0.8250499963760376,0.9989653825759888,0.000127944877021946,0.000127944877021946,0.9999657273292542,0.8467193245887756,0.84685879945755
50.0,0.0,0.998839795589447,0.00011395960609661415,0.00011395960609661415,0.9999698996543884,0.8255791068077087,0.825639545917511,0.9986926913261414,0.00011615386756602675,0.00011615386756602675,0.9999696612358093,0.8451164960861206,0.844735860824585
50.0,1.0,0.9990062117576599,0.0001122712783399038,0.0001122712783399038,0.9999709725379944,0.8322765231132507,0.8322205543518066,0.9985780715942383,0.00011979446571785957,0.00011979446571785957,0.9999659061431885,0.8186017274856567,0.8185481429100037
50.0,2.0,0.998865008354187,0.00011238742445129901,0.00011238742445129901,0.9999698400497437,0.8339184522628784,0.8339040875434875,0.999004602432251,0.0001124143018387258,0.0001124143018387258,0.9999701976776123,0.8121094107627869,0.8120986223220825
50.0,3.0,0.9989094138145447,0.00011158319102833048,0.00011158319102833048,0.9999697208404541,0.8306480050086975,0.8306286931037903,0.9989278316497803,0.00011131131032016128,0.00011131131032016128,0.9999731183052063,0.8251078724861145,0.8251590728759766
50.0,4.0,0.9989134073257446,0.00010648363240761682,0.00010648363240761682,0.9999715089797974,0.8252701759338379,0.8252200484275818,0.9990730285644531,0.00012338542728684843,0.00012338542728684843,0.9999674558639526,0.8467426300048828,0.8468605875968933
51.0,0.0,0.9988317489624023,0.00010983039828715846,0.00010983039828715846,0.9999708533287048,0.8256322741508484,0.8255589008331299,0.9987819194793701,0.00011945759615628049,0.00011945759615628049,0.9999690651893616,0.8451093435287476,0.8449700474739075
51.0,1.0,0.9989897012710571,0.000107213607407175,0.000107213607407175,0.9999719858169556,0.83228999376297,0.8322516679763794,0.9985806941986084,0.00011586597247514874,0.00011586597247514874,0.9999697208404541,0.8185835480690002,0.8185592293739319
51.0,2.0,0.9988582134246826,0.00010941213986370713,0.00010941213986370713,0.9999701380729675,0.8338937163352966,0.8338925838470459,0.9989872574806213,0.00010371877579018474,0.00010371877579018474,0.9999719262123108,0.8121376037597656,0.8116163015365601
51.0,3.0,0.9989953637123108,0.00010524741082917899,0.00010524741082917899,0.9999712109565735,0.8307607769966125,0.8306851387023926,0.9990308284759521,0.0001106827039620839,0.0001106827039620839,0.9999735355377197,0.8251250982284546,0.8251604437828064
51.0,4.0,0.9989206790924072,0.00010254207882098854,0.00010254207882098854,0.9999725818634033,0.8252637982368469,0.8252151608467102,0.9990377426147461,0.00011469313176348805,0.00011469313176348805,0.9999692440032959,0.8466776013374329,0.8468599915504456
52.0,0.0,0.9990495443344116,0.0001053127707564272,0.0001053127707564272,0.9999717473983765,0.8256396651268005,0.8256769180297852,0.9989925622940063,0.00011267629452049732,0.00011267629452049732,0.999968945980072,0.8450937271118164,0.8449532985687256
52.0,1.0,0.9990938901901245,0.00010328842472517863,0.00010328842472517863,0.9999722242355347,0.8323788642883301,0.8323404788970947,0.9986050128936768,0.00011007289867848158,0.00011007289867848158,0.9999678134918213,0.8185967803001404,0.8185568451881409
52.0,2.0,0.998953104019165,0.00010412558913230896,0.00010412558913230896,0.9999719858169556,0.8339072465896606,0.8339070081710815,0.9990754723548889,0.0001045926837832667,0.0001045926837832667,0.9999728798866272,0.8121403455734253,0.8121206164360046
52.0,3.0,0.9990679621696472,0.00010152472532354295,0.00010152472532354295,0.9999722242355347,0.8306629657745361,0.8306494951248169,0.9990074038505554,0.00010433215356897563,0.00010433215356897563,0.9999762177467346,0.8251466751098633,0.8251692056655884
52.0,4.0,0.9990087747573853,9.940288146026433e-05,9.940288146026433e-05,0.9999734163284302,0.8252789378166199,0.8251176476478577,0.9991008639335632,0.00012265356781426817,0.00012265356781426817,0.9999626278877258,0.8467063307762146,0.8468716144561768
53.0,0.0,0.9989384412765503,0.00010069040581583977,0.00010069040581583977,0.9999728798866272,0.8255201578140259,0.8256025910377502,0.9988952279090881,0.0001075530526577495,0.0001075530526577495,0.9999713897705078,0.8451144695281982,0.8449716567993164
53.0,1.0,0.9989924430847168,9.895089169731364e-05,9.895089169731364e-05,0.9999740123748779,0.832146942615509,0.8321740031242371,0.9990397691726685,0.00011000059748766944,0.00011000059748766944,0.9999687671661377,0.8186230659484863,0.8185694813728333
53.0,2.0,0.9990535974502563,9.899516589939594e-05,9.899516589939594e-05,0.9999737739562988,0.8339263796806335,0.8339276909828186,0.9992055892944336,9.90161279332824e-05,9.90161279332824e-05,0.9999738335609436,0.8121259212493896,0.8121327757835388
53.0,3.0,0.9991272687911987,9.862172009889036e-05,9.862172009889036e-05,0.9999722242355347,0.8306868076324463,0.8306514620780945,0.9990969300270081,0.00010344737529521808,0.00010344737529521808,0.9999719858169556,0.8251056671142578,0.8251216411590576
53.0,4.0,0.998975396156311,9.459448483539745e-05,9.459448483539745e-05,0.9999748468399048,0.8252707123756409,0.8251830339431763,0.9991974830627441,0.00011167289630975574,0.00011167289630975574,0.9999683499336243,0.8467052578926086,0.8468561768531799
54.0,0.0,0.9990236163139343,9.624550148146227e-05,9.624550148146227e-05,0.9999744296073914,0.8256207704544067,0.8256755471229553,0.9989190101623535,0.00010473887959960848,0.00010473887959960848,0.9999703764915466,0.8451072573661804,0.8447244763374329
54.0,1.0,0.9991357326507568,9.490648517385125e-05,9.490648517385125e-05,0.9999745488166809,0.8322972059249878,0.8323066234588623,0.9988293647766113,0.00010145459964405745,0.00010145459964405745,0.9999721646308899,0.8186187148094177,0.8185775279998779
54.0,2.0,0.9990114569664001,9.518337901681662e-05,9.518337901681662e-05,0.9999743103981018,0.8339446187019348,0.8339198231697083,0.9992122650146484,9.704581316327676e-05,9.704581316327676e-05,0.9999726414680481,0.812127411365509,0.8121137619018555
54.0,3.0,0.9991499185562134,9.41063481150195e-05,9.41063481150195e-05,0.9999741315841675,0.8307499289512634,0.8306943774223328,0.9992159605026245,0.00010111541632795706,0.00010111541632795706,0.9999759197235107,0.8251330852508545,0.8251708745956421
54.0,4.0,0.9990025758743286,8.972066279966384e-05,8.972066279966384e-05,0.9999771118164062,0.8252791166305542,0.8252764940261841,0.9991636872291565,0.00010231052146991715,0.00010231052146991715,0.9999729990959167,0.8467470407485962,0.846903920173645
55.0,0.0,0.9991092085838318,9.349890751764178e-05,9.349890751764178e-05,0.9999749064445496,0.8255449533462524,0.8256255984306335,0.9990821480751038,0.00010190172179136425,0.00010190172179136425,0.9999725818634033,0.8451603651046753,0.844982922077179
55.0,1.0,0.9991924166679382,9.208412666339427e-05,9.208412666339427e-05,0.9999762773513794,0.8323838710784912,0.8323553800582886,0.9987884759902954,9.777108061825857e-05,9.777108061825857e-05,0.9999722242355347,0.8186087012290955,0.818570613861084
55.0,2.0,0.9989806413650513,9.256653720512986e-05,9.256653720512986e-05,0.99997478723526,0.8339541554450989,0.8339844942092896,0.9991365075111389,9.534379205433652e-05,9.534379205433652e-05,0.9999740719795227,0.8121287822723389,0.8116968870162964
55.0,3.0,0.9990695714950562,9.072028478840366e-05,9.072028478840366e-05,0.9999759793281555,0.830532431602478,0.8305226564407349,0.9991123080253601,9.114081331063062e-05,9.114081331063062e-05,0.9999783635139465,0.8251318335533142,0.825179934501648
55.0,4.0,0.9990023374557495,8.856850035954267e-05,8.856850035954267e-05,0.9999765753746033,0.8252926468849182,0.82523512840271,0.9991011023521423,9.600157500244677e-05,9.600157500244677e-05,0.9999744892120361,0.8467843532562256,0.846881091594696
56.0,0.0,0.9991399645805359,8.855801570462063e-05,8.855801570462063e-05,0.9999762177467346,0.8256818056106567,0.8257013559341431,0.9988871812820435,9.871450311038643e-05,9.871450311038643e-05,0.9999729990959167,0.8451423645019531,0.8449892401695251
56.0,1.0,0.9991121888160706,8.726753731025383e-05,8.726753731025383e-05,0.9999768137931824,0.8322965502738953,0.8323021531105042,0.9986481070518494,9.573836723575369e-05,9.573836723575369e-05,0.9999738335609436,0.8186465501785278,0.8185884952545166
56.0,2.0,0.999038815498352,8.96193232620135e-05,8.96193232620135e-05,0.9999751448631287,0.8339356780052185,0.8339169025421143,0.9989778399467468,9.232691809302196e-05,9.232691809302196e-05,0.9999719262123108,0.8121531009674072,0.8116723895072937
56.0,3.0,0.9989724159240723,8.55888138175942e-05,8.55888138175942e-05,0.9999766945838928,0.830687940120697,0.8305591940879822,0.9991958141326904,9.564974607201293e-05,9.564974607201293e-05,0.9999760389328003,0.8251467943191528,0.8251654505729675
56.0,4.0,0.9990829825401306,8.506526501150802e-05,8.506526501150802e-05,0.9999775290489197,0.825295090675354,0.8252483606338501,0.999275267124176,9.396400128025562e-05,9.396400128025562e-05,0.9999750852584839,0.8467803597450256,0.8468835353851318
57.0,0.0,0.9991344213485718,8.626526687294245e-05,8.626526687294245e-05,0.9999765157699585,0.8256748914718628,0.8257021903991699,0.9990370273590088,8.828714635455981e-05,8.828714635455981e-05,0.9999762177467346,0.8451802730560303,0.8450099229812622
57.0,1.0,0.9992111921310425,8.518733375240117e-05,8.518733375240117e-05,0.9999762177467346,0.8323068022727966,0.8323110342025757,0.9986894726753235,9.317729563917965e-05,9.317729563917965e-05,0.9999731183052063,0.8186497092247009,0.8185944557189941
57.0,2.0,0.9990881085395813,8.498165698256344e-05,8.498165698256344e-05,0.9999761581420898,0.8339177370071411,0.833912193775177,0.9991387128829956,8.55744001455605e-05,8.55744001455605e-05,0.9999779462814331,0.8116151094436646,0.8118307590484619
57.0,3.0,0.9991599321365356,8.426943531958386e-05,8.426943531958386e-05,0.9999771118164062,0.8307020664215088,0.8306725025177002,0.9992438554763794,8.373492892133072e-05,8.373492892133072e-05,0.9999786615371704,0.8252251744270325,0.8252188563346863
57.0,4.0,0.9991436004638672,8.079547842498869e-05,8.079547842498869e-05,0.9999780654907227,0.8253201842308044,0.8251528739929199,0.9992817044258118,9.481770393904299e-05,9.481770393904299e-05,0.999974250793457,0.846695601940155,0.8468751311302185
58.0,0.0,0.9991632699966431,8.280632755486295e-05,8.280632755486295e-05,0.9999774694442749,0.8256569504737854,0.8256949186325073,0.9990782737731934,8.713053102837875e-05,8.713053102837875e-05,0.9999759197235107,0.8451390266418457,0.8449943661689758
58.0,1.0,0.9992961287498474,8.25288298074156e-05,8.25288298074156e-05,0.9999790191650391,0.8324072957038879,0.8323671221733093,0.9986551403999329,9.416541433893144e-05,9.416541433893144e-05,0.9999741315841675,0.8186200261116028,0.8185908794403076
58.0,2.0,0.9991987347602844,8.0106285167858e-05,8.0106285167858e-05,0.9999797940254211,0.8339366316795349,0.8339303135871887,0.9993179440498352,8.043035631999373e-05,8.043035631999373e-05,0.9999789595603943,0.8121540546417236,0.8121528029441833
58.0,3.0,0.9990599155426025,8.264026837423444e-05,8.264026837423444e-05,0.9999786019325256,0.830779492855072,0.8307175636291504,0.9990755915641785,8.933804929256439e-05,8.933804929256439e-05,0.9999792575836182,0.825164258480072,0.8250156044960022
58.0,4.0,0.9992206692695618,7.785500929458067e-05,7.785500929458067e-05,0.9999791383743286,0.8253135681152344,0.8251996040344238,0.9992101192474365,8.767229155637324e-05,8.767229155637324e-05,0.999977707862854,0.8467243909835815,0.8468878865242004
59.0,0.0,0.9990665912628174,8.03457951406017e-05,8.03457951406017e-05,0.9999777674674988,0.8256728649139404,0.8257015347480774,0.9992004036903381,8.521343261236325e-05,8.521343261236325e-05,0.9999761581420898,0.8451406955718994,0.8449907898902893
59.0,1.0,0.9992084503173828,7.99704430392012e-05,7.99704430392012e-05,0.9999786019325256,0.8323186635971069,0.8323245644569397,0.9989542961120605,8.59320571180433e-05,8.59320571180433e-05,0.9999756217002869,0.8186447620391846,0.8185916543006897
59.0,2.0,0.999133825302124,7.816637662472203e-05,7.816637662472203e-05,0.9999783039093018,0.833932101726532,0.8338755369186401,0.9991698265075684,8.095752127701417e-05,8.095752127701417e-05,0.9999787211418152,0.8116064667701721,0.8118321895599365
59.0,3.0,0.9992121458053589,7.828228990547359e-05,7.828228990547359e-05,0.9999791979789734,0.8307671546936035,0.8307102918624878,0.9992352724075317,8.008298027561978e-05,8.008298027561978e-05,0.9999788403511047,0.8251241445541382,0.8251736760139465
59.0,4.0,0.9990609288215637,7.485738751711324e-05,7.485738751711324e-05,0.9999793171882629,0.8251014351844788,0.8251756429672241,0.9993523955345154,8.610252552898601e-05,8.610252552898601e-05,0.9999755620956421,0.846767246723175,0.8468869924545288
60.0,0.0,0.9993210434913635,6.100194877944887e-05,6.100194877944887e-05,0.9999843835830688,0.8257353901863098,0.8257500529289246,0.9993529915809631,5.10451864101924e-05,5.10451864101924e-05,0.9999890923500061,0.8452436327934265,0.8450660705566406
60.0,1.0,0.9994260668754578,5.384590258472599e-05,5.384590258472599e-05,0.9999878406524658,0.8324705958366394,0.832414448261261,0.9991355538368225,5.102347131469287e-05,5.102347131469287e-05,0.9999890923500061,0.8187407851219177,0.8186702132225037
60.0,2.0,0.9993765354156494,5.205406705499627e-05,5.205406705499627e-05,0.9999887943267822,0.8340330123901367,0.8340040445327759,0.9994838237762451,4.5457920350600034e-05,4.5457920350600034e-05,0.9999906420707703,0.812201976776123,0.8121952414512634
60.0,3.0,0.9994001984596252,4.9070709792431444e-05,4.9070709792431444e-05,0.9999893307685852,0.8307602405548096,0.8307317495346069,0.9994411468505859,5.0920378271257505e-05,5.0920378271257505e-05,0.9999908804893494,0.825286865234375,0.8252890110015869
60.0,4.0,0.9994106888771057,4.706672552856617e-05,4.706672552856617e-05,0.9999908804893494,0.8253581523895264,0.8253107070922852,0.9994657039642334,5.567869447986595e-05,5.567869447986595e-05,0.9999857544898987,0.8468080759048462,0.8469475507736206
61.0,0.0,0.9994240999221802,4.946144690620713e-05,4.946144690620713e-05,0.9999894499778748,0.8257346749305725,0.8257654309272766,0.9993676543235779,4.516966873779893e-05,4.516966873779893e-05,0.999992311000824,0.8452555537223816,0.8450778722763062
61.0,1.0,0.9994547367095947,4.795059794560075e-05,4.795059794560075e-05,0.9999895691871643,0.8324702382087708,0.8324258923530579,0.9992692470550537,4.8766727559268475e-05,4.8766727559268475e-05,0.9999894499778748,0.8187265396118164,0.818666398525238
61.0,2.0,0.9993906617164612,4.854283179156482e-05,4.854283179156482e-05,0.9999897480010986,0.8340292572975159,0.8340049982070923,0.9995065927505493,4.4651464122580364e-05,4.4651464122580364e-05,0.9999918937683105,0.8122066855430603,0.8121986389160156
61.0,3.0,0.9994082450866699,4.69863553007599e-05,4.69863553007599e-05,0.9999904036521912,0.8308398723602295,0.8307780027389526,0.9994467496871948,4.957877899869345e-05,4.957877899869345e-05,0.9999912977218628,0.8251985311508179,0.8252435326576233
61.0,4.0,0.9994104504585266,4.6304990974022076e-05,4.6304990974022076e-05,0.9999911189079285,0.8253558874130249,0.8253100514411926,0.9994921088218689,5.135665924171917e-05,5.135665924171917e-05,0.9999880790710449,0.8468138575553894,0.8469523191452026
62.0,0.0,0.9994461536407471,4.78785477753263e-05,4.78785477753263e-05,0.99998939037323,0.825733482837677,0.8257668018341064,0.9993537068367004,4.511761653702706e-05,4.511761653702706e-05,0.999991774559021,0.8452499508857727,0.8450759649276733
62.0,1.0,0.9994605183601379,4.67447389382869e-05,4.67447389382869e-05,0.9999903440475464,0.8323935866355896,0.8323861360549927,0.9992293119430542,4.8297089961124584e-05,4.8297089961124584e-05,0.9999893307685852,0.8187218308448792,0.818666398525238
62.0,2.0,0.9993851780891418,4.740034637507051e-05,4.740034637507051e-05,0.9999899864196777,0.8340810537338257,0.8340338468551636,0.9995200634002686,4.446467573870905e-05,4.446467573870905e-05,0.9999924302101135,0.8122067451477051,0.8122003674507141
62.0,3.0,0.9994059801101685,4.598931991495192e-05,4.598931991495192e-05,0.9999902844429016,0.8307602405548096,0.8307320475578308,0.99945068359375,4.863221329287626e-05,4.863221329287626e-05,0.9999905228614807,0.8251969218254089,0.8252426385879517
62.0,4.0,0.9994093775749207,4.5771368604619056e-05,4.5771368604619056e-05,0.9999905824661255,0.825358510017395,0.8253099322319031,0.999494731426239,4.9399834097130224e-05,4.9399834097130224e-05,0.9999883770942688,0.8468112349510193,0.8469534516334534
63.0,0.0,0.9994426965713501,4.6963228669483215e-05,4.6963228669483215e-05,0.9999896287918091,0.825734555721283,0.825766921043396,0.9993413090705872,4.473109220270999e-05,4.473109220270999e-05,0.9999917149543762,0.8452471494674683,0.8450735807418823
63.0,1.0,0.9994738698005676,4.593864650814794e-05,4.593864650814794e-05,0.9999901056289673,0.8324494957923889,0.8324155807495117,0.9992849826812744,4.756508133141324e-05,4.756508133141324e-05,0.9999894499778748,0.8187233209609985,0.8186672925949097
63.0,2.0,0.9994043707847595,4.672386421589181e-05,4.672386421589181e-05,0.9999901652336121,0.8340263366699219,0.834003746509552,0.9995302557945251,4.411434565554373e-05,4.411434565554373e-05,0.9999925494194031,0.8122080564498901,0.812200129032135
63.0,3.0,0.9994263052940369,4.547732532955706e-05,4.547732532955706e-05,0.9999908208847046,0.8307619690895081,0.8307349681854248,0.9994570016860962,4.794286724063568e-05,4.794286724063568e-05,0.9999914765357971,0.8251992464065552,0.8252443075180054
63.0,4.0,0.9994213581085205,4.526431075646542e-05,4.526431075646542e-05,0.9999914169311523,0.8253584504127502,0.8253116607666016,0.9995141625404358,4.823199560632929e-05,4.823199560632929e-05,0.9999889135360718,0.8468140363693237,0.846954882144928
64.0,0.0,0.999443531036377,4.636542507796548e-05,4.636542507796548e-05,0.9999899864196777,0.8257351517677307,0.8257684111595154,0.9993595480918884,4.3998843466397375e-05,4.3998843466397375e-05,0.9999912977218628,0.8452491760253906,0.8450745344161987
64.0,1.0,0.9994732141494751,4.5423381379805505e-05,4.5423381379805505e-05,0.9999909996986389,0.8324523568153381,0.8324188590049744,0.9992479681968689,4.6898378059268e-05,4.6898378059268e-05,0.9999896287918091,0.8187280297279358,0.8186677694320679
64.0,2.0,0.9993995428085327,4.6027966163819656e-05,4.6027966163819656e-05,0.9999905228614807,0.8341040015220642,0.8340466022491455,0.9995359182357788,4.356157296570018e-05,4.356157296570018e-05,0.9999926090240479,0.812206506729126,0.8121997714042664
64.0,3.0,0.9994359612464905,4.480669667827897e-05,4.480669667827897e-05,0.9999908208847046,0.8307632803916931,0.8307375311851501,0.9994646310806274,4.762376192957163e-05,4.762376192957163e-05,0.9999909996986389,0.8251978158950806,0.8252429962158203
64.0,4.0,0.9994162321090698,4.481380165088922e-05,4.481380165088922e-05,0.9999912977218628,0.8253593444824219,0.8253604769706726,0.9995071291923523,4.734053072752431e-05,4.734053072752431e-05,0.9999893307685852,0.8468213081359863,0.8469581604003906
65.0,0.0,0.9994443655014038,4.568171061691828e-05,4.568171061691828e-05,0.9999904632568359,0.825737714767456,0.8257681727409363,0.9993922710418701,4.354278280516155e-05,4.354278280516155e-05,0.9999923706054688,0.8452563881874084,0.8450785279273987
65.0,1.0,0.9994948506355286,4.480725692701526e-05,4.480725692701526e-05,0.9999904036521912,0.8324524164199829,0.8324189782142639,0.9992451071739197,4.643862848752178e-05,4.643862848752178e-05,0.9999892711639404,0.8187233209609985,0.8186656832695007
65.0,2.0,0.9994131326675415,4.555259511107579e-05,4.555259511107579e-05,0.9999905824661255,0.8340277671813965,0.8340046405792236,0.9995391964912415,4.347968933871016e-05,4.347968933871016e-05,0.9999921917915344,0.8122079968452454,0.8121992945671082
65.0,3.0,0.999435305595398,4.43181925220415e-05,4.43181925220415e-05,0.999991238117218,0.8307622671127319,0.8307381868362427,0.999479353427887,4.663520667236298e-05,4.663520667236298e-05,0.9999918937683105,0.8251974582672119,0.8252459764480591
65.0,4.0,0.9994243383407593,4.4211170461494476e-05,4.4211170461494476e-05,0.9999915957450867,0.8253609538078308,0.8253098130226135,0.9995109438896179,4.66929268441163e-05,4.66929268441163e-05,0.9999898076057434,0.8468247056007385,0.846959114074707
66.0,0.0,0.9994543194770813,4.517383422353305e-05,4.517383422353305e-05,0.9999904036521912,0.8257367610931396,0.8257710337638855,0.9993802905082703,4.300264481571503e-05,4.300264481571503e-05,0.9999926686286926,0.8452582359313965,0.845079779624939
66.0,1.0,0.9994909167289734,4.4247284677112475e-05,4.4247284677112475e-05,0.9999913573265076,0.8324534296989441,0.8324201703071594,0.9992631077766418,4.6008004574105144e-05,4.6008004574105144e-05,0.9999890923500061,0.8187226057052612,0.8186649680137634
66.0,2.0,0.9994128942489624,4.496419569477439e-05,4.496419569477439e-05,0.9999901652336121,0.8340105414390564,0.8339961767196655,0.9995499849319458,4.284764145268127e-05,4.284764145268127e-05,0.9999924898147583,0.8122074007987976,0.8122006058692932
66.0,3.0,0.9994432330131531,4.378997255116701e-05,4.378997255116701e-05,0.999991238117218,0.8307629823684692,0.8307362794876099,0.9994658827781677,4.648493995773606e-05,4.648493995773606e-05,0.9999912977218628,0.8252019286155701,0.8252452611923218
66.0,4.0,0.9994198083877563,4.384500425658189e-05,4.384500425658189e-05,0.9999909400939941,0.8253597617149353,0.8253089189529419,0.9995115399360657,4.6256507630459964e-05,4.6256507630459964e-05,0.999988853931427,0.846817135810852,0.8469568490982056
67.0,0.0,0.9994462728500366,4.4588992750504985e-05,4.4588992750504985e-05,0.9999904632568359,0.8257366418838501,0.8257699608802795,0.9993890523910522,4.287856791052036e-05,4.287856791052036e-05,0.9999924302101135,0.845255970954895,0.8450784683227539
67.0,1.0,0.9994950294494629,4.3709533201763406e-05,4.3709533201763406e-05,0.9999909400939941,0.8324552178382874,0.8324203491210938,0.9992222189903259,4.577962317853235e-05,4.577962317853235e-05,0.9999899864196777,0.8187225461006165,0.8186773657798767
67.0,2.0,0.9994360208511353,4.453229485079646e-05,4.453229485079646e-05,0.9999904632568359,0.8340296149253845,0.8340070843696594,0.9995472431182861,4.2016516090370715e-05,4.2016516090370715e-05,0.9999932646751404,0.8122074007987976,0.8122028112411499
67.0,3.0,0.9994580149650574,4.336065103416331e-05,4.336065103416331e-05,0.9999914169311523,0.8308426737785339,0.8307791352272034,0.9994810223579407,4.581822213367559e-05,4.581822213367559e-05,0.9999918937683105,0.8251993656158447,0.8252458572387695
67.0,4.0,0.9994458556175232,4.338970029493794e-05,4.338970029493794e-05,0.9999915957450867,0.8253618478775024,0.8253621459007263,0.9995156526565552,4.522293966147117e-05,4.522293966147117e-05,0.999989926815033,0.8468190431594849,0.846959114074707
68.0,0.0,0.9994587302207947,4.40673902630806e-05,4.40673902630806e-05,0.9999905824661255,0.8257393836975098,0.825772225856781,0.9993959069252014,4.211753184790723e-05,4.211753184790723e-05,0.9999926090240479,0.8452550768852234,0.8450779318809509
68.0,1.0,0.9994971752166748,4.3313939386280254e-05,4.3313939386280254e-05,0.9999912977218628,0.8323756456375122,0.8323779702186584,0.9992561936378479,4.475711102713831e-05,4.475711102713831e-05,0.999989926815033,0.8187260031700134,0.818669319152832
68.0,2.0,0.999416708946228,4.4005722884321585e-05,4.4005722884321585e-05,0.9999908208847046,0.8340051770210266,0.8339952826499939,0.9995554685592651,4.158042429480702e-05,4.158042429480702e-05,0.999993085861206,0.8122080564498901,0.8122014403343201
68.0,3.0,0.9994499683380127,4.2781364754773676e-05,4.2781364754773676e-05,0.999990701675415,0.8307626843452454,0.8307379484176636,0.999470055103302,4.5944096200400963e-05,4.5944096200400963e-05,0.9999908208847046,0.825201690196991,0.8252413272857666
68.0,4.0,0.9994266629219055,4.296681800042279e-05,4.296681800042279e-05,0.9999911189079285,0.8253594636917114,0.8253094553947449,0.9995335936546326,4.4571206672117114e-05,4.4571206672117114e-05,0.9999902844429016,0.8468242287635803,0.8469617962837219
69.0,0.0,0.9994704723358154,4.3595377064775676e-05,4.3595377064775676e-05,0.9999904632568359,0.8257367014884949,0.8257706165313721,0.9993963241577148,4.1556584619684145e-05,4.1556584619684145e-05,0.9999926090240479,0.8452571034431458,0.8450794816017151
69.0,1.0,0.9995103478431702,4.2751857108669356e-05,4.2751857108669356e-05,0.9999915957450867,0.832455575466156,0.8324214816093445,0.9993158578872681,4.449411790119484e-05,4.449411790119484e-05,0.9999897480010986,0.8187249302864075,0.8186672925949097
69.0,2.0,0.9994420409202576,4.353697659098543e-05,4.353697659098543e-05,0.9999909400939941,0.8341087698936462,0.8340497612953186,0.9995553493499756,4.128260479774326e-05,4.128260479774326e-05,0.9999931454658508,0.8122082948684692,0.8122027516365051
69.0,3.0,0.9994547963142395,4.236285531078465e-05,4.236285531078465e-05,0.9999912977218628,0.8307650089263916,0.8307867050170898,0.9994930028915405,4.477920811041258e-05,4.477920811041258e-05,0.9999922513961792,0.8251993060112,0.8252461552619934
69.0,4.0,0.999449610710144,4.256991087459028e-05,4.256991087459028e-05,0.9999915361404419,0.8253626227378845,0.8253141045570374,0.9995388984680176,4.444811929715797e-05,4.444811929715797e-05,0.9999901652336121,0.8468230366706848,0.8469610810279846
70.0,0.0,0.9995042681694031,4.3029205698985606e-05,4.3029205698985606e-05,0.9999911189079285,0.8257418870925903,0.8257739543914795,0.9993907809257507,4.1826264350675046e-05,4.1826264350675046e-05,0.9999923706054688,0.8452550768852234,0.8450787663459778
70.0,1.0,0.9995075464248657,4.227922545396723e-05,4.227922545396723e-05,0.9999917149543762,0.8323776721954346,0.8323816061019897,0.9993144869804382,4.40038820670452e-05,4.40038820670452e-05,0.9999905824661255,0.8187323212623596,0.8186702728271484
70.0,2.0,0.9994340538978577,4.299874126445502e-05,4.299874126445502e-05,0.9999909400939941,0.8340142369270325,0.83399897813797,0.9995630979537964,4.1908177081495523e-05,4.1908177081495523e-05,0.9999924898147583,0.8122089505195618,0.8121997714042664
70.0,3.0,0.9994760155677795,4.190966137684882e-05,4.190966137684882e-05,0.9999914765357971,0.8307637572288513,0.8307362198829651,0.9995049238204956,4.476499816519208e-05,4.476499816519208e-05,0.9999915361404419,0.8251973986625671,0.8252443075180054
70.0,4.0,0.9994255304336548,4.208025711704977e-05,4.208025711704977e-05,0.9999916553497314,0.8253636956214905,0.8253136277198792,0.9995346665382385,4.3833399104187265e-05,4.3833399104187265e-05,0.9999903440475464,0.8468236923217773,0.846962034702301
71.0,0.0,0.9994724988937378,4.274321690900251e-05,4.274321690900251e-05,0.9999912977218628,0.8257438540458679,0.825772762298584,0.9994183778762817,4.084451938979328e-05,4.084451938979328e-05,0.9999936819076538,0.8452637195587158,0.8450832366943359
71.0,1.0,0.9995083212852478,4.194088978692889e-05,4.194088978692889e-05,0.9999915361404419,0.8324532508850098,0.8324214220046997,0.9992939829826355,4.373761112219654e-05,4.373761112219654e-05,0.9999900460243225,0.8187243342399597,0.8186684846878052
71.0,2.0,0.9994447827339172,4.251051359460689e-05,4.251051359460689e-05,0.9999913573265076,0.8340886235237122,0.834040641784668,0.9995694756507874,4.084357715328224e-05,4.084357715328224e-05,0.9999929666519165,0.8122080564498901,0.8122013807296753
71.0,3.0,0.9994732141494751,4.1567018342902884e-05,4.1567018342902884e-05,0.9999916553497314,0.8308433890342712,0.8307825326919556,0.999488353729248,4.4035095925210044e-05,4.4035095925210044e-05,0.9999921917915344,0.8252028822898865,0.8252475261688232
71.0,4.0,0.9994655251502991,4.161084143561311e-05,4.161084143561311e-05,0.9999917149543762,0.8253623843193054,0.825311005115509,0.9995365142822266,4.336157871875912e-05,4.336157871875912e-05,0.9999905228614807,0.8468257188796997,0.8469629883766174
72.0,0.0,0.9994978308677673,4.234614607412368e-05,4.234614607412368e-05,0.9999911189079285,0.8257405757904053,0.8257729411125183,0.9994317293167114,4.053857264807448e-05,4.053857264807448e-05,0.999992847442627,0.8452559113502502,0.8450797200202942
72.0,1.0,0.999514102935791,4.137297946726903e-05,4.137297946726903e-05,0.9999919533729553,0.8323782086372375,0.8323807716369629,0.999303936958313,4.34665780630894e-05,4.34665780630894e-05,0.9999903440475464,0.8187233805656433,0.8186768293380737
72.0,2.0,0.9994602203369141,4.2248531826771796e-05,4.2248531826771796e-05,0.9999912977218628,0.8341081738471985,0.8340522646903992,0.999570369720459,4.00846402044408e-05,4.00846402044408e-05,0.9999931454658508,0.8122082352638245,0.8122020959854126
72.0,3.0,0.9994643926620483,4.1070245060836896e-05,4.1070245060836896e-05,0.9999917149543762,0.8307652473449707,0.8307896852493286,0.9995129704475403,4.390923277242109e-05,4.390923277242109e-05,0.9999917149543762,0.8251990675926208,0.8252450227737427
72.0,4.0,0.9994567036628723,4.1289327782578766e-05,4.1289327782578766e-05,0.9999919533729553,0.8253633379936218,0.8253116011619568,0.9995501041412354,4.293383244657889e-05,4.293383244657889e-05,0.9999905824661255,0.8468236923217773,0.8469623923301697
73.0,0.0,0.9994863271713257,4.196308509563096e-05,4.196308509563096e-05,0.9999914169311523,0.8257414698600769,0.8257721662521362,0.9994179606437683,4.030342461192049e-05,4.030342461192049e-05,0.9999926090240479,0.8452578783035278,0.8450793623924255
73.0,1.0,0.9995186924934387,4.093518145964481e-05,4.093518145964481e-05,0.9999920725822449,0.8324019908905029,0.8323930501937866,0.9992681741714478,4.281803921912797e-05,4.281803921912797e-05,0.9999911189079285,0.8187269568443298,0.8186820149421692
73.0,2.0,0.9994692802429199,4.168983286945149e-05,4.168983286945149e-05,0.9999914765357971,0.8341088891029358,0.8340505957603455,0.9995763301849365,3.992238634964451e-05,3.992238634964451e-05,0.9999933242797852,0.8122081756591797,0.8122026920318604
73.0,3.0,0.9994877576828003,4.0738181269261986e-05,4.0738181269261986e-05,0.9999915361404419,0.8307657837867737,0.8307876586914062,0.9995105862617493,4.3203268432989717e-05,4.3203268432989717e-05,0.9999925494194031,0.8252025246620178,0.825248122215271
73.0,4.0,0.9994887709617615,4.078747224411927e-05,4.078747224411927e-05,0.9999917149543762,0.8253619074821472,0.8253132700920105,0.9995579123497009,4.217277455609292e-05,4.217277455609292e-05,0.9999908208847046,0.8468229174613953,0.8469626307487488
74.0,0.0,0.9994890093803406,4.141557292314246e-05,4.141557292314246e-05,0.9999920725822449,0.8257420063018799,0.8257758021354675,0.9993987083435059,4.000273111159913e-05,4.000273111159913e-05,0.9999930262565613,0.8452579379081726,0.8450800776481628
74.0,1.0,0.9995216131210327,4.0583370719105005e-05,4.0583370719105005e-05,0.9999916553497314,0.8323788046836853,0.8323794603347778,0.9992457032203674,4.2801693780347705e-05,4.2801693780347705e-05,0.9999905228614807,0.8187252283096313,0.8186702728271484
74.0,2.0,0.9994402527809143,4.127679130760953e-05,4.127679130760953e-05,0.9999915361404419,0.8340379595756531,0.8340129852294922,0.9995731711387634,3.961481343139894e-05,3.961481343139894e-05,0.9999932050704956,0.8122089505195618,0.8122021555900574
74.0,3.0,0.9994760155677795,4.031332355225459e-05,4.031332355225459e-05,0.9999919533729553,0.8307663202285767,0.8307384848594666,0.9995208382606506,4.237369284965098e-05,4.237369284965098e-05,0.9999922513961792,0.8251977562904358,0.8252472877502441
74.0,4.0,0.9994781613349915,4.0427883504889905e-05,4.0427883504889905e-05,0.9999919533729553,0.8253645896911621,0.8253143429756165,0.9995612502098083,4.194908615318127e-05,4.194908615318127e-05,0.9999908208847046,0.8468242287635803,0.8469631671905518
75.0,0.0,0.9994922876358032,4.095642361789942e-05,4.095642361789942e-05,0.9999918937683105,0.8257431387901306,0.8257732391357422,0.9994111061096191,3.98206029785797e-05,3.98206029785797e-05,0.999993085861206,0.8452579379081726,0.845081090927124
75.0,1.0,0.9995314478874207,4.031221033073962e-05,4.031221033073962e-05,0.9999924302101135,0.8324024081230164,0.8323935270309448,0.9993804693222046,4.173084380454384e-05,4.173084380454384e-05,0.9999910593032837,0.8187353014945984,0.8186739087104797
75.0,2.0,0.9994605183601379,4.0956729208119214e-05,4.0956729208119214e-05,0.9999916553497314,0.8340144753456116,0.8340006470680237,0.9995875358581543,3.906177153112367e-05,3.906177153112367e-05,0.9999933838844299,0.8122089505195618,0.8122025728225708
75.0,3.0,0.9994763731956482,3.997780731879175e-05,3.997780731879175e-05,0.9999924898147583,0.8308460712432861,0.8307818174362183,0.9995267987251282,4.195630390313454e-05,4.195630390313454e-05,0.9999921917915344,0.8251966238021851,0.8252493143081665
75.0,4.0,0.9994792342185974,3.995583392679691e-05,3.995583392679691e-05,0.9999924898147583,0.8253668546676636,0.825365424156189,0.9995647668838501,4.188601815258153e-05,4.188601815258153e-05,0.9999908208847046,0.8468265533447266,0.8469629287719727
76.0,0.0,0.9994969367980957,4.051822907058522e-05,4.051822907058522e-05,0.9999912977218628,0.8257405757904053,0.8257741928100586,0.9994493722915649,3.886942067765631e-05,3.886942067765631e-05,0.9999933242797852,0.8452631831169128,0.8450829982757568
76.0,1.0,0.9995297789573669,3.9792725146980956e-05,3.9792725146980956e-05,0.9999921917915344,0.8324816226959229,0.8324347734451294,0.9993246793746948,4.1731273086043075e-05,4.1731273086043075e-05,0.9999911189079285,0.8187336921691895,0.8186750411987305
76.0,2.0,0.9994808435440063,4.057514524902217e-05,4.057514524902217e-05,0.9999915361404419,0.8340091705322266,0.8339995741844177,0.9995874166488647,3.849027052638121e-05,3.849027052638121e-05,0.9999936819076538,0.8122089505195618,0.8122028112411499
76.0,3.0,0.9994882345199585,3.945741264033131e-05,3.945741264033131e-05,0.9999921321868896,0.8307681679725647,0.830742597579956,0.999514639377594,4.1937018977478147e-05,4.1937018977478147e-05,0.9999925494194031,0.8252003192901611,0.8252467513084412
76.0,4.0,0.9994885325431824,3.9695056329946965e-05,3.9695056329946965e-05,0.9999920725822449,0.8253631591796875,0.8253149390220642,0.9995607733726501,4.0995932067744434e-05,4.0995932067744434e-05,0.9999915361404419,0.8468281030654907,0.8469646573066711
77.0,0.0,0.9995026588439941,4.0281316614709795e-05,4.0281316614709795e-05,0.9999915957450867,0.8257437348365784,0.8257758021354675,0.9994404911994934,3.8620433770120144e-05,3.8620433770120144e-05,0.9999930262565613,0.8452592492103577,0.8450813293457031
77.0,1.0,0.9995439052581787,3.926600402337499e-05,3.926600402337499e-05,0.9999930262565613,0.8324795961380005,0.8324359655380249,0.9992867112159729,4.1224997403332964e-05,4.1224997403332964e-05,0.9999905228614807,0.8187282085418701,0.8186708092689514
77.0,2.0,0.9994820952415466,4.017322135041468e-05,4.017322135041468e-05,0.9999918341636658,0.8341110348701477,0.834052562713623,0.9995933175086975,3.875988841173239e-05,3.875988841173239e-05,0.9999929666519165,0.8122089505195618,0.8122010231018066
77.0,3.0,0.9994851350784302,3.9095837564673275e-05,3.9095837564673275e-05,0.9999923706054688,0.8307653069496155,0.83078932762146,0.9995337724685669,4.1567865991964936e-05,4.1567865991964936e-05,0.9999930262565613,0.8252053260803223,0.8252527713775635
77.0,4.0,0.9994937181472778,3.929952436010353e-05,3.929952436010353e-05,0.9999926686286926,0.8253675699234009,0.8253150582313538,0.999570369720459,4.069018177688122e-05,4.069018177688122e-05,0.9999914169311523,0.8468256592750549,0.8469645380973816
78.0,0.0,0.999512255191803,3.988158641732298e-05,3.988158641732298e-05,0.9999920129776001,0.8257411122322083,0.8257734775543213,0.9994292855262756,3.8460355426650494e-05,3.8460355426650494e-05,0.9999933242797852,0.845260739326477,0.8452804684638977
78.0,1.0,0.9995501637458801,3.896198177244514e-05,3.896198177244514e-05,0.999993085861206,0.8323794603347778,0.832383394241333,0.9993556141853333,4.077601261087693e-05,4.077601261087693e-05,0.9999913573265076,0.8187354207038879,0.8186743855476379
78.0,2.0,0.9994952082633972,3.9738701161695644e-05,3.9738701161695644e-05,0.9999925494194031,0.8340403437614441,0.834014356136322,0.9995933175086975,3.7862086173845455e-05,3.7862086173845455e-05,0.9999931454658508,0.8122081756591797,0.8122018575668335
78.0,3.0,0.9994856119155884,3.875526454066858e-05,3.875526454066858e-05,0.9999922513961792,0.8307702541351318,0.8307445645332336,0.9995452165603638,4.0850027289707214e-05,4.0850027289707214e-05,0.9999933242797852,0.8252054452896118,0.8252551555633545
78.0,4.0,0.9994986653327942,3.886494232574478e-05,3.886494232574478e-05,0.9999924302101135,0.8253656029701233,0.8253169655799866,0.9995693564414978,4.04863094445318e-05,4.04863094445318e-05,0.9999906420707703,0.8468249440193176,0.8469632267951965
79.0,0.0,0.999530553817749,3.936907523893751e-05,3.936907523893751e-05,0.9999922513961792,0.8258193731307983,0.8258182406425476,0.9994539618492126,3.815147647401318e-05,3.815147647401318e-05,0.9999938607215881,0.8452649116516113,0.8450839519500732
79.0,1.0,0.9995442032814026,3.881389420712367e-05,3.881389420712367e-05,0.9999930262565613,0.8324876427650452,0.8324389457702637,0.9993217587471008,4.022219218313694e-05,4.022219218313694e-05,0.9999916553497314,0.8187336921691895,0.8186857104301453
79.0,2.0,0.9994907975196838,3.9269623812288046e-05,3.9269623812288046e-05,0.9999923706054688,0.8340144753456116,0.8340505957603455,0.9995990991592407,3.751102849491872e-05,3.751102849491872e-05,0.9999933838844299,0.8122090101242065,0.8122027516365051
79.0,3.0,0.9994995594024658,3.8426744140451774e-05,3.8426744140451774e-05,0.9999924302101135,0.8308445811271667,0.8307856917381287,0.9995443224906921,4.0680322854314e-05,4.0680322854314e-05,0.9999935626983643,0.825202465057373,0.8252543210983276
79.0,4.0,0.999485194683075,3.848403866868466e-05,3.848403866868466e-05,0.9999925494194031,0.8253653049468994,0.8253665566444397,0.9995703101158142,4.041763168061152e-05,4.041763168061152e-05,0.9999911785125732,0.8468239903450012,0.8469640612602234
80.0,0.0,0.9995195865631104,3.905358971678652e-05,3.905358971678652e-05,0.9999924898147583,0.8257433176040649,0.8257771730422974,0.9994569420814514,3.7426838389365e-05,3.7426838389365e-05,0.9999942779541016,0.8452670574188232,0.8450849652290344
80.0,1.0,0.9995457530021667,3.821357313427143e-05,3.821357313427143e-05,0.9999929666519165,0.8324087858200073,0.8323968052864075,0.9993115663528442,4.0612656448502094e-05,4.0612656448502094e-05,0.9999913573265076,0.8187313675880432,0.8186836242675781
80.0,2.0,0.9995025992393494,3.895607733284123e-05,3.895607733284123e-05,0.9999921917915344,0.8341167569160461,0.8340559601783752,0.999600350856781,3.6995101254433393e-05,3.6995101254433393e-05,0.9999934434890747,0.8122082352638245,0.8122039437294006
80.0,3.0,0.999510645866394,3.7984398659318686e-05,3.7984398659318686e-05,0.9999924302101135,0.8308447599411011,0.830784797668457,0.9995488524436951,4.079856080352329e-05,4.079856080352329e-05,0.9999933242797852,0.8252021670341492,0.8252508640289307
80.0,4.0,0.9994992017745972,3.8124813727336004e-05,3.8124813727336004e-05,0.9999927878379822,0.8253641128540039,0.8253675103187561,0.9995701313018799,3.939077214454301e-05,3.939077214454301e-05,0.9999909400939941,0.8468242287635803,0.8469638228416443
81.0,0.0,0.9995110630989075,3.8615315133938566e-05,3.8615315133938566e-05,0.9999921917915344,0.8257439136505127,0.8257752060890198,0.9994637966156006,3.752619886654429e-05,3.752619886654429e-05,0.9999936819076538,0.8452649712562561,0.8450834155082703
81.0,1.0,0.9995476603507996,3.791162453126162e-05,3.791162453126162e-05,0.999992847442627,0.8324031829833984,0.832395613193512,0.9993278384208679,3.95733914047014e-05,3.95733914047014e-05,0.9999915361404419,0.8187361359596252,0.8186748027801514
81.0,2.0,0.9994919896125793,3.849815038847737e-05,3.849815038847737e-05,0.9999923706054688,0.834117591381073,0.8340575695037842,0.9996017217636108,3.741677210200578e-05,3.741677210200578e-05,0.999992847442627,0.8122089505195618,0.8122010231018066
81.0,3.0,0.9995085597038269,3.764961729757488e-05,3.764961729757488e-05,0.9999924302101135,0.8307721018791199,0.8307939171791077,0.9995471239089966,4.028596595162526e-05,4.028596595162526e-05,0.9999930262565613,0.825202226638794,0.8252531290054321
81.0,4.0,0.9995015859603882,3.787413515965454e-05,3.787413515965454e-05,0.9999927878379822,0.8253671526908875,0.8253190517425537,0.9995720982551575,3.9127524360083044e-05,3.9127524360083044e-05,0.9999911189079285,0.8468257188796997,0.8469645380973816
82.0,0.0,0.9995192289352417,3.8254707760643214e-05,3.8254707760643214e-05,0.999991774559021,0.8257412314414978,0.8257757425308228,0.9994435906410217,3.6893678043270484e-05,3.6893678043270484e-05,0.9999933242797852,0.8452608585357666,0.8450817465782166
82.0,1.0,0.9995526075363159,3.761382686207071e-05,3.761382686207071e-05,0.9999927878379822,0.8324029445648193,0.8323947191238403,0.9993712306022644,3.917094363714568e-05,3.917094363714568e-05,0.9999922513961792,0.8187386393547058,0.8186764121055603
82.0,2.0,0.9994962811470032,3.813649891526438e-05,3.813649891526438e-05,0.9999926686286926,0.8340404033660889,0.8340147137641907,0.9996038675308228,3.651887163869105e-05,3.651887163869105e-05,0.9999934434890747,0.8122089505195618,0.8122034072875977
82.0,3.0,0.9994893670082092,3.731158722075634e-05,3.731158722075634e-05,0.9999924898147583,0.8307704329490662,0.830742359161377,0.9995457530021667,3.959555760957301e-05,3.959555760957301e-05,0.9999929666519165,0.8252874612808228,0.8252961039543152
82.0,4.0,0.9995115995407104,3.743965498870239e-05,3.743965498870239e-05,0.9999926686286926,0.8253694772720337,0.8253186345100403,0.9995853304862976,3.8562342524528503e-05,3.8562342524528503e-05,0.9999912977218628,0.846824049949646,0.8469641208648682
83.0,0.0,0.9995416402816772,3.792820280068554e-05,3.792820280068554e-05,0.9999922513961792,0.8257445096969604,0.8257774114608765,0.9994505047798157,3.643385207396932e-05,3.643385207396932e-05,0.999994158744812,0.8452686071395874,0.8450859785079956
83.0,1.0,0.9995514750480652,3.715485581778921e-05,3.715485581778921e-05,0.999992847442627,0.8324860334396362,0.8324396014213562,0.9993911981582642,3.901388845406473e-05,3.901388845406473e-05,0.9999915957450867,0.8187324404716492,0.8186835646629333
83.0,2.0,0.9995026588439941,3.777429083129391e-05,3.777429083129391e-05,0.9999922513961792,0.8340169787406921,0.8340023159980774,0.9996097087860107,3.58463148586452e-05,3.58463148586452e-05,0.9999938011169434,0.8122090101242065,0.8122045993804932
83.0,3.0,0.9995046854019165,3.693445978569798e-05,3.693445978569798e-05,0.9999925494194031,0.830845832824707,0.8307859897613525,0.9995644688606262,3.884641773765907e-05,3.884641773765907e-05,0.9999935626983643,0.8252017498016357,0.8252533674240112
83.0,4.0,0.9995022416114807,3.706534334924072e-05,3.706534334924072e-05,0.9999926686286926,0.8253650069236755,0.8253181576728821,0.999579906463623,3.8326259527821094e-05,3.8326259527821094e-05,0.9999909996986389,0.8468248248100281,0.846964418888092
84.0,0.0,0.9995341897010803,3.7666708522010595e-05,3.7666708522010595e-05,0.9999924898147583,0.8257479071617126,0.825779914855957,0.9994634389877319,3.5788329114438966e-05,3.5788329114438966e-05,0.9999943971633911,0.8452692031860352,0.8450866341590881
84.0,1.0,0.9995686411857605,3.676219785120338e-05,3.676219785120338e-05,0.9999933242797852,0.8324844837188721,0.832439661026001,0.9993373155593872,3.876643313560635e-05,3.876643313560635e-05,0.9999919533729553,0.8187342882156372,0.8186839818954468
84.0,2.0,0.9994991421699524,3.754253339138813e-05,3.754253339138813e-05,0.9999925494194031,0.8341161608695984,0.8340585827827454,0.9996135830879211,3.5698554711416364e-05,3.5698554711416364e-05,0.9999933242797852,0.8122089505195618,0.8122038245201111
84.0,3.0,0.9995126724243164,3.646972982096486e-05,3.646972982096486e-05,0.9999929666519165,0.8308501243591309,0.830787181854248,0.9995562434196472,3.8670907088089734e-05,3.8670907088089734e-05,0.9999936819076538,0.8252037167549133,0.8252529501914978
84.0,4.0,0.999527633190155,3.6726956750499085e-05,3.6726956750499085e-05,0.9999929666519165,0.82536780834198,0.8253689408302307,0.9995761513710022,3.792137067648582e-05,3.792137067648582e-05,0.9999914169311523,0.8468239307403564,0.8469653129577637
85.0,0.0,0.9995251297950745,3.7218036595731974e-05,3.7218036595731974e-05,0.9999926090240479,0.8257650136947632,0.8257865905761719,0.9994628429412842,3.560364348231815e-05,3.560364348231815e-05,0.9999946355819702,0.8452694416046143,0.8450868129730225
85.0,1.0,0.9995575547218323,3.644672324298881e-05,3.644672324298881e-05,0.9999932050704956,0.8323888182640076,0.832387387752533,0.9993640780448914,3.8019137718947604e-05,3.8019137718947604e-05,0.9999921917915344,0.8187381625175476,0.8186765909194946
85.0,2.0,0.9994838833808899,3.709872180479579e-05,3.709872180479579e-05,0.999992847442627,0.8340441584587097,0.8340201377868652,0.9996112585067749,3.645293691079132e-05,3.645293691079132e-05,0.999993085861206,0.812208890914917,0.812201976776123
85.0,3.0,0.9995231628417969,3.6215238651493564e-05,3.6215238651493564e-05,0.9999927282333374,0.8308469653129578,0.8307843804359436,0.9995710849761963,3.82757316401694e-05,3.82757316401694e-05,0.9999940991401672,0.825206995010376,0.8252573013305664
85.0,4.0,0.999515175819397,3.634993845480494e-05,3.634993845480494e-05,0.9999932050704956,0.8253679275512695,0.8253690004348755,0.999580979347229,3.724592170328833e-05,3.724592170328833e-05,0.9999926686286926,0.8468289375305176,0.8469682931900024
86.0,0.0,0.9995177984237671,3.6947589251212776e-05,3.6947589251212776e-05,0.9999926090240479,0.8257526755332947,0.8257797360420227,0.9994784593582153,3.544783976394683e-05,3.544783976394683e-05,0.999994158744812,0.8452663421630859,0.8450849056243896
86.0,1.0,0.9995754957199097,3.616322283050977e-05,3.616322283050977e-05,0.999993085861206,0.8324837684631348,0.8324390053749084,0.99940025806427,3.783694046433084e-05,3.783694046433084e-05,0.9999919533729553,0.8187364935874939,0.8186851143836975
86.0,2.0,0.9994968771934509,3.6730732972500846e-05,3.6730732972500846e-05,0.999993085861206,0.8341140747070312,0.834058403968811,0.9996163249015808,3.5554963687900454e-05,3.5554963687900454e-05,0.9999931454658508,0.8122089505195618,0.8122022747993469
86.0,3.0,0.9995189309120178,3.592843859223649e-05,3.592843859223649e-05,0.9999932050704956,0.8308517932891846,0.8307887315750122,0.9995697736740112,3.8072175811976194e-05,3.8072175811976194e-05,0.9999939203262329,0.8252009749412537,0.8252547383308411
86.0,4.0,0.9995260834693909,3.6030305636813864e-05,3.6030305636813864e-05,0.9999933242797852,0.8253670930862427,0.8253690004348755,0.9995763897895813,3.711789759108797e-05,3.711789759108797e-05,0.9999919533729553,0.8468273282051086,0.8469658493995667
87.0,0.0,0.9995439648628235,3.6535693652695045e-05,3.6535693652695045e-05,0.9999927878379822,0.8257496356964111,0.825781524181366,0.9994721412658691,3.549092434695922e-05,3.549092434695922e-05,0.9999940991401672,0.845264732837677,0.845282256603241
87.0,1.0,0.9995720386505127,3.5771241527982056e-05,3.5771241527982056e-05,0.999993622303009,0.8324849009513855,0.8324401378631592,0.9993714094161987,3.748785820789635e-05,3.748785820789635e-05,0.9999927282333374,0.8187379240989685,0.8186882138252258
87.0,2.0,0.9995052814483643,3.641510920715518e-05,3.641510920715518e-05,0.9999927878379822,0.8341187834739685,0.8340590000152588,0.9996207356452942,3.517800723784603e-05,3.517800723784603e-05,0.9999933838844299,0.812208890914917,0.8122028112411499
87.0,3.0,0.9995212554931641,3.553196074790321e-05,3.553196074790321e-05,0.9999933838844299,0.8307750225067139,0.8307977318763733,0.9995753765106201,3.770774492295459e-05,3.770774492295459e-05,0.9999942779541016,0.8252069354057312,0.8252582550048828
87.0,4.0,0.9995241761207581,3.5737131838686764e-05,3.5737131838686764e-05,0.9999932646751404,0.8253681659698486,0.8253706097602844,0.9995927214622498,3.684777766466141e-05,3.684777766466141e-05,0.9999915361404419,0.8468249440193176,0.8469652533531189
88.0,0.0,0.9995508790016174,3.61993552360218e-05,3.61993552360218e-05,0.9999933242797852,0.8257471323013306,0.8257815837860107,0.999478280544281,3.471690070000477e-05,3.471690070000477e-05,0.999994695186615,0.8452703356742859,0.845087468624115
88.0,1.0,0.9995757341384888,3.542507693055086e-05,3.542507693055086e-05,0.999993622303009,0.8324854373931885,0.8324404954910278,0.9993904232978821,3.7226855056360364e-05,3.7226855056360364e-05,0.9999929666519165,0.8187386989593506,0.8186885118484497
88.0,2.0,0.9995328783988953,3.5942477552453056e-05,3.5942477552453056e-05,0.9999927282333374,0.8340981602668762,0.8340469598770142,0.999627947807312,3.4976896131411195e-05,3.4976896131411195e-05,0.999993622303009,0.8122090101242065,0.8122037649154663
88.0,3.0,0.9995166659355164,3.5272507375339046e-05,3.5272507375339046e-05,0.999993085861206,0.8307738304138184,0.8307968378067017,0.9995718598365784,3.7401856388896704e-05,3.7401856388896704e-05,0.9999936819076538,0.8252953886985779,0.8253004550933838
88.0,4.0,0.9995449781417847,3.5390807170188054e-05,3.5390807170188054e-05,0.999993622303009,0.8253905177116394,0.8253810405731201,0.9995999932289124,3.6989084037486464e-05,3.6989084037486464e-05,0.9999909996986389,0.8468237519264221,0.8469642996788025
89.0,0.0,0.9995435476303101,3.5921013477491215e-05,3.5921013477491215e-05,0.9999926686286926,0.8257468938827515,0.8257812261581421,0.9994743466377258,3.452266537351534e-05,3.452266537351534e-05,0.9999943971633911,0.8452694416046143,0.845088541507721
89.0,1.0,0.999583899974823,3.515924618113786e-05,3.515924618113786e-05,0.9999932646751404,0.8324038982391357,0.8323961496353149,0.9993236660957336,3.7056819564895704e-05,3.7056819564895704e-05,0.9999922513961792,0.81873619556427,0.818687379360199
89.0,2.0,0.9995046854019165,3.570494300220162e-05,3.570494300220162e-05,0.9999931454658508,0.8340233564376831,0.834007203578949,0.999630868434906,3.43692117894534e-05,3.43692117894534e-05,0.9999933838844299,0.8122089505195618,0.8122028112411499
89.0,3.0,0.9995446801185608,3.489436858217232e-05,3.489436858217232e-05,0.999992847442627,0.8307720422744751,0.8307448625564575,0.999580979347229,3.699209264595993e-05,3.699209264595993e-05,0.9999936819076538,0.825203001499176,0.8252547383308411
89.0,4.0,0.9995301365852356,3.503765765344724e-05,3.503765765344724e-05,0.9999938011169434,0.8253924250602722,0.8253331780433655,0.9996083378791809,3.621903306338936e-05,3.621903306338936e-05,0.9999920725822449,0.8468284010887146,0.8469672203063965
90.0,0.0,0.9995731711387634,3.381496935617179e-05,3.381496935617179e-05,0.9999938607215881,0.8257514238357544,0.8257837891578674,0.999515175819397,3.080094393226318e-05,3.080094393226318e-05,0.9999961256980896,0.8452745079994202,0.8452904224395752
90.0,1.0,0.9995931386947632,3.297229704912752e-05,3.297229704912752e-05,0.999994158744812,0.8323869109153748,0.8324379324913025,0.9994217157363892,3.328107050037943e-05,3.328107050037943e-05,0.9999950528144836,0.8187623023986816,0.8187023997306824
90.0,2.0,0.9995360970497131,3.347619349369779e-05,3.347619349369779e-05,0.9999945163726807,0.834121584892273,0.834113597869873,0.9996466636657715,3.0930645152693614e-05,3.0930645152693614e-05,0.999994695186615,0.8122119307518005,0.8122068047523499
90.0,3.0,0.9995595812797546,3.246460255468264e-05,3.246460255468264e-05,0.999994158744812,0.8307780623435974,0.8307999968528748,0.9995893836021423,3.4721888368949294e-05,3.4721888368949294e-05,0.9999949336051941,0.8252087235450745,0.8252596855163574
90.0,4.0,0.9995452761650085,3.240488877054304e-05,3.240488877054304e-05,0.9999948143959045,0.8253725171089172,0.8253745436668396,0.9996112585067749,3.478833968983963e-05,3.478833968983963e-05,0.9999930262565613,0.8471419215202332,0.8471401929855347
91.0,0.0,0.999570906162262,3.341487899888307e-05,3.341487899888307e-05,0.9999940991401672,0.8257535696029663,0.8257851004600525,0.9995163679122925,3.0771730962442234e-05,3.0771730962442234e-05,0.9999961256980896,0.8452754020690918,0.8452903032302856
91.0,1.0,0.999596357345581,3.276181087130681e-05,3.276181087130681e-05,0.9999945163726807,0.8324706554412842,0.8324834108352661,0.9994214177131653,3.3232125133508816e-05,3.3232125133508816e-05,0.9999951124191284,0.8187514543533325,0.8186963796615601
91.0,2.0,0.9995441436767578,3.330847175675444e-05,3.330847175675444e-05,0.9999948143959045,0.8341273665428162,0.8341158628463745,0.9996460676193237,3.1034269341034815e-05,3.1034269341034815e-05,0.9999945163726807,0.8122110366821289,0.8122068643569946
91.0,3.0,0.9995545148849487,3.2358624594053254e-05,3.2358624594053254e-05,0.9999943971633911,0.8308538794517517,0.8308417201042175,0.9995908737182617,3.4656626667128876e-05,3.4656626667128876e-05,0.9999951124191284,0.8253141045570374,0.8253132104873657
91.0,4.0,0.9995530247688293,3.24318534694612e-05,3.24318534694612e-05,0.9999949932098389,0.8254019021987915,0.8253889083862305,0.999617338180542,3.4289249015273526e-05,3.4289249015273526e-05,0.9999933242797852,0.8471419811248779,0.8471401929855347
92.0,0.0,0.9995726346969604,3.331029074615799e-05,3.331029074615799e-05,0.9999943375587463,0.8258532285690308,0.8258383870124817,0.9995123744010925,3.083402043557726e-05,3.083402043557726e-05,0.9999963045120239,0.8452754020690918,0.8452907800674438
92.0,1.0,0.9995969533920288,3.266578642069362e-05,3.266578642069362e-05,0.9999945163726807,0.8324929475784302,0.8324946761131287,0.9994185566902161,3.328679667902179e-05,3.328679667902179e-05,0.9999948740005493,0.8187514543533325,0.8186958432197571
92.0,2.0,0.9995425343513489,3.321835902170278e-05,3.321835902170278e-05,0.9999945759773254,0.8341274857521057,0.8341161608695984,0.999646008014679,3.099951572949067e-05,3.099951572949067e-05,0.9999945163726807,0.8122110366821289,0.812207043170929
92.0,3.0,0.999554455280304,3.229905269108713e-05,3.229905269108713e-05,0.9999945163726807,0.830853283405304,0.8308417201042175,0.999593198299408,3.4578304621391e-05,3.4578304621391e-05,0.9999955892562866,0.8253142237663269,0.8253142237663269
92.0,4.0,0.9995503425598145,3.2441745133837685e-05,3.2441745133837685e-05,0.9999948143959045,0.8253992795944214,0.825387179851532,0.9996196031570435,3.4019769373117015e-05,3.4019769373117015e-05,0.9999933242797852,0.8471429944038391,0.8471407890319824
93.0,0.0,0.9995755553245544,3.322500560898334e-05,3.322500560898334e-05,0.9999944567680359,0.8258549571037292,0.8258392214775085,0.9995132684707642,3.089530946454033e-05,3.089530946454033e-05,0.9999964237213135,0.8452764749526978,0.8452913165092468
93.0,1.0,0.99959796667099,3.2592102797934785e-05,3.2592102797934785e-05,0.999994695186615,0.8324930667877197,0.8324953317642212,0.9994218349456787,3.333867061883211e-05,3.333867061883211e-05,0.9999945163726807,0.8187492489814758,0.8186948299407959
93.0,2.0,0.999548614025116,3.317319351481274e-05,3.317319351481274e-05,0.9999945163726807,0.8341280221939087,0.8341161012649536,0.9996452331542969,3.099169407505542e-05,3.099169407505542e-05,0.9999945163726807,0.8122109770774841,0.8122069239616394
93.0,3.0,0.9995559453964233,3.226150874979794e-05,3.226150874979794e-05,0.9999943971633911,0.8308525085449219,0.8308411240577698,0.9995938539505005,3.4461536415619776e-05,3.4461536415619776e-05,0.9999955892562866,0.8253141045570374,0.8253141641616821
93.0,4.0,0.9995492100715637,3.243645915063098e-05,3.243645915063098e-05,0.999994695186615,0.8253988027572632,0.8253868818283081,0.9996225237846375,3.381705391802825e-05,3.381705391802825e-05,0.9999934434890747,0.8471437692642212,0.8471410870552063
94.0,0.0,0.9995777606964111,3.3148993679787964e-05,3.3148993679787964e-05,0.9999942779541016,0.825855553150177,0.8258396983146667,0.9995099902153015,3.0940249416744336e-05,3.0940249416744336e-05,0.999996542930603,0.845276415348053,0.8452913761138916
94.0,1.0,0.999596118927002,3.2546522561460733e-05,3.2546522561460733e-05,0.9999949336051941,0.8324929475784302,0.8324952125549316,0.9994213581085205,3.33205061906483e-05,3.33205061906483e-05,0.9999945163726807,0.8187482357025146,0.8186943531036377
94.0,2.0,0.9995412230491638,3.310876854811795e-05,3.310876854811795e-05,0.9999944567680359,0.8341279029846191,0.8341159224510193,0.9996450543403625,3.1028026569401845e-05,3.1028026569401845e-05,0.9999945163726807,0.8122110366821289,0.8122069239616394
94.0,3.0,0.9995564222335815,3.222493251087144e-05,3.222493251087144e-05,0.999994695186615,0.8308525681495667,0.8308415412902832,0.999595046043396,3.4425698686391115e-05,3.4425698686391115e-05,0.9999955892562866,0.8253141045570374,0.8253143429756165
94.0,4.0,0.9995487928390503,3.2422907679574564e-05,3.2422907679574564e-05,0.9999951124191284,0.8253985047340393,0.8253877758979797,0.9996223449707031,3.362626739544794e-05,3.362626739544794e-05,0.9999935626983643,0.8471444845199585,0.8471415042877197
95.0,0.0,0.9995763301849365,3.309993917355314e-05,3.309993917355314e-05,0.9999942779541016,0.8258544206619263,0.8258393406867981,0.9995146989822388,3.0915773095330223e-05,3.0915773095330223e-05,0.9999963641166687,0.845276415348053,0.8452894687652588
95.0,1.0,0.9995987415313721,3.2475480111315846e-05,3.2475480111315846e-05,0.9999945163726807,0.832493245601654,0.8324946761131287,0.9994297623634338,3.329222454340197e-05,3.329222454340197e-05,0.9999947547912598,0.8187491297721863,0.8186947107315063
95.0,2.0,0.9995476603507996,3.3054111554520205e-05,3.3054111554520205e-05,0.9999945163726807,0.8341275453567505,0.8341163396835327,0.9996460676193237,3.103453855146654e-05,3.103453855146654e-05,0.9999948143959045,0.8122110366821289,0.8122073411941528
95.0,3.0,0.9995594024658203,3.2186875614570454e-05,3.2186875614570454e-05,0.9999945759773254,0.8308541774749756,0.8308419585227966,0.9995952844619751,3.4353361115790904e-05,3.4353361115790904e-05,0.9999957084655762,0.8253141641616821,0.8253141641616821
95.0,4.0,0.9995487928390503,3.240213482058607e-05,3.240213482058607e-05,0.9999949932098389,0.8253982067108154,0.8253872394561768,0.9996239542961121,3.3525226172059774e-05,3.3525226172059774e-05,0.9999938011169434,0.8471453785896301,0.8471419215202332
96.0,0.0,0.9995765686035156,3.3050746424123645e-05,3.3050746424123645e-05,0.9999942183494568,0.8258552551269531,0.8258397579193115,0.9995129704475403,3.0926865292713046e-05,3.0926865292713046e-05,0.9999963045120239,0.845276415348053,0.8452893495559692
96.0,1.0,0.9996008276939392,3.243709579692222e-05,3.243709579692222e-05,0.9999945163726807,0.8324934244155884,0.8324954509735107,0.9994280338287354,3.327209560666233e-05,3.327209560666233e-05,0.999994695186615,0.8187491297721863,0.8186947107315063
96.0,2.0,0.9995448589324951,3.29948088619858e-05,3.29948088619858e-05,0.9999947547912598,0.8341276049613953,0.8341163396835327,0.9996480941772461,3.1117840990191326e-05,3.1117840990191326e-05,0.9999945163726807,0.8122110366821289,0.8122069239616394
96.0,3.0,0.9995614290237427,3.216271215933375e-05,3.216271215933375e-05,0.9999944567680359,0.8308539390563965,0.830841600894928,0.9995949268341064,3.429800199228339e-05,3.429800199228339e-05,0.9999955892562866,0.8253141641616821,0.8253141641616821
96.0,4.0,0.9995527267456055,3.237979763071053e-05,3.237979763071053e-05,0.9999949932098389,0.8253988027572632,0.8253875970840454,0.9996241331100464,3.34070464305114e-05,3.34070464305114e-05,0.9999939203262329,0.8471454381942749,0.8471419811248779
97.0,0.0,0.9995784163475037,3.3017495297826827e-05,3.3017495297826827e-05,0.999994695186615,0.8258563280105591,0.8258407115936279,0.9995135068893433,3.093852865276858e-05,3.093852865276858e-05,0.9999963045120239,0.8452764749526978,0.8452893495559692
97.0,1.0,0.9995995759963989,3.2400592317571864e-05,3.2400592317571864e-05,0.999994695186615,0.832493245601654,0.8324955701828003,0.9994246959686279,3.3292893931502476e-05,3.3292893931502476e-05,0.9999945759773254,0.8187481760978699,0.8186941742897034
97.0,2.0,0.9995479583740234,3.296801878605038e-05,3.296801878605038e-05,0.9999947547912598,0.8341274261474609,0.8341162204742432,0.9996472597122192,3.101056790910661e-05,3.101056790910661e-05,0.9999945163726807,0.8122110962867737,0.8122069239616394
97.0,3.0,0.9995606541633606,3.212997398804873e-05,3.212997398804873e-05,0.9999945163726807,0.8308533430099487,0.8308413624763489,0.9995970726013184,3.425085742492229e-05,3.425085742492229e-05,0.9999957084655762,0.8253141045570374,0.8253143429756165
97.0,4.0,0.9995498061180115,3.234894393244758e-05,3.234894393244758e-05,0.9999952912330627,0.8253989219665527,0.8253878355026245,0.9996257424354553,3.332267442601733e-05,3.332267442601733e-05,0.9999943971633911,0.8471478223800659,0.8471453189849854
98.0,0.0,0.9995765686035156,3.2958792871795595e-05,3.2958792871795595e-05,0.9999942183494568,0.825855016708374,0.8258395195007324,0.9995104670524597,3.090633617830463e-05,3.090633617830463e-05,0.9999963045120239,0.8452764749526978,0.8452893495559692
98.0,1.0,0.9995996356010437,3.2360636396333575e-05,3.2360636396333575e-05,0.9999945759773254,0.8324936032295227,0.8324953317642212,0.9994218349456787,3.327220110804774e-05,3.327220110804774e-05,0.9999944567680359,0.8187482953071594,0.8186943531036377
98.0,2.0,0.9995448589324951,3.2912295864662156e-05,3.2912295864662156e-05,0.9999948143959045,0.8341280817985535,0.8341172337532043,0.9996479749679565,3.10143077513203e-05,3.10143077513203e-05,0.9999945759773254,0.8122109770774841,0.8122068643569946
98.0,3.0,0.999559223651886,3.20954859489575e-05,3.20954859489575e-05,0.999994695186615,0.830854058265686,0.8308413624763489,0.999596118927002,3.4193719329778105e-05,3.4193719329778105e-05,0.9999957084655762,0.8253141641616821,0.8253143429756165
98.0,4.0,0.9995526075363159,3.232863309676759e-05,3.232863309676759e-05,0.9999949932098389,0.8253986835479736,0.825387179851532,0.9996262192726135,3.323717828607187e-05,3.323717828607187e-05,0.9999939799308777,0.8471462726593018,0.847142219543457
99.0,0.0,0.9995777010917664,3.291816028649919e-05,3.291816028649919e-05,0.9999943375587463,0.8258550763130188,0.8258395791053772,0.9995109438896179,3.0871426133671775e-05,3.0871426133671775e-05,0.9999963045120239,0.8452764749526978,0.8452893495559692
99.0,1.0,0.9996018409729004,3.231378650525585e-05,3.231378650525585e-05,0.9999948143959045,0.8324933052062988,0.8324954509735107,0.9994207620620728,3.323420969536528e-05,3.323420969536528e-05,0.9999944567680359,0.8187482357025146,0.8186943531036377
99.0,2.0,0.9995467066764832,3.2868378184502944e-05,3.2868378184502944e-05,0.9999948143959045,0.8341270089149475,0.8341159224510193,0.9996489882469177,3.097841909038834e-05,3.097841909038834e-05,0.9999945759773254,0.8122110366821289,0.812207043170929
99.0,3.0,0.9995577931404114,3.2063071557786316e-05,3.2063071557786316e-05,0.9999947547912598,0.8308537602424622,0.8308417201042175,0.9995966553688049,3.415530954953283e-05,3.415530954953283e-05,0.9999957084655762,0.8253141641616821,0.8253141641616821
99.0,4.0,0.9995512962341309,3.230766742490232e-05,3.230766742490232e-05,0.9999951124191284,0.8253991603851318,0.8253872990608215,0.9996262192726135,3.3179425372509286e-05,3.3179425372509286e-05,0.9999938011169434,0.8471453785896301,0.8471419215202332
100.0,0.0,0.9995797872543335,3.28704591083806e-05,3.28704591083806e-05,0.9999945759773254,0.8258563876152039,0.8258405327796936,0.999508798122406,3.0904589948477224e-05,3.0904589948477224e-05,0.9999961853027344,0.8452764749526978,0.8452893495559692
100.0,1.0,0.9996000528335571,3.227997513022274e-05,3.227997513022274e-05,0.9999949336051941,0.8324936628341675,0.8324955105781555,0.999422550201416,3.3226886444026604e-05,3.3226886444026604e-05,0.9999948143959045,0.8187491297721863,0.8186946511268616
100.0,2.0,0.9995449781417847,3.28518872265704e-05,3.28518872265704e-05,0.9999945759773254,0.8341279029846191,0.8341162204742432,0.9996486902236938,3.09452079818584e-05,3.09452079818584e-05,0.999994695186615,0.8122109770774841,0.8122069239616394
100.0,3.0,0.9995598196983337,3.203282176400535e-05,3.203282176400535e-05,0.9999945759773254,0.8308542370796204,0.830842137336731,0.9995980262756348,3.412619844311848e-05,3.412619844311848e-05,0.9999955892562866,0.8253141641616821,0.8253141641616821
100.0,4.0,0.9995501637458801,3.226677654311061e-05,3.226677654311061e-05,0.999995231628418,0.8253995180130005,0.8253880143165588,0.999627411365509,3.31099217873998e-05,3.31099217873998e-05,0.9999940991401672,0.8471469879150391,0.8471448421478271
101.0,0.0,0.999580442905426,3.284604463260621e-05,3.284604463260621e-05,0.9999943971633911,0.8258553147315979,0.8258402347564697,0.999510645866394,3.086024662479758e-05,3.086024662479758e-05,0.9999963045120239,0.8452764749526978,0.8452892899513245
101.0,1.0,0.9995995759963989,3.223181556677446e-05,3.223181556677446e-05,0.9999948143959045,0.8324934244155884,0.8324953317642212,0.9994188547134399,3.324721910757944e-05,3.324721910757944e-05,0.9999945759773254,0.8187482953071594,0.8186943531036377
101.0,2.0,0.9995454549789429,3.2818665204104036e-05,3.2818665204104036e-05,0.999994695186615,0.8341270685195923,0.8341161608695984,0.9996492862701416,3.090807513217442e-05,3.090807513217442e-05,0.9999944567680359,0.8122110962867737,0.8122069239616394
101.0,3.0,0.9995592832565308,3.199270213372074e-05,3.199270213372074e-05,0.9999948143959045,0.8308539390563965,0.8308416604995728,0.9995983242988586,3.4073982533300295e-05,3.4073982533300295e-05,0.9999956488609314,0.8253141641616821,0.8253142237663269
101.0,4.0,0.9995499849319458,3.2248666684608907e-05,3.2248666684608907e-05,0.9999951124191284,0.8253990411758423,0.8253872394561768,0.9996283054351807,3.3059266570489854e-05,3.3059266570489854e-05,0.9999942183494568,0.8471477627754211,0.8471431732177734
102.0,0.0,0.9995811581611633,3.2798940083011985e-05,3.2798940083011985e-05,0.9999943971633911,0.8258557915687561,0.8258403539657593,0.9995099902153015,3.0833274649921805e-05,3.0833274649921805e-05,0.9999964833259583,0.8452764749526978,0.8452914357185364
102.0,1.0,0.9996004700660706,3.220170037820935e-05,3.220170037820935e-05,0.9999948740005493,0.8324936032295227,0.8324958682060242,0.9994202852249146,3.320046016597189e-05,3.320046016597189e-05,0.9999944567680359,0.8187482953071594,0.8186942934989929
102.0,2.0,0.9995450377464294,3.276923598605208e-05,3.276923598605208e-05,0.9999947547912598,0.8341277837753296,0.8341166377067566,0.9996494650840759,3.089816891588271e-05,3.089816891588271e-05,0.9999945759773254,0.8122110366821289,0.8122069239616394
102.0,3.0,0.9995584487915039,3.196913894498721e-05,3.196913894498721e-05,0.9999944567680359,0.8308537602424622,0.8308417201042175,0.9995996356010437,3.4021257306449115e-05,3.4021257306449115e-05,0.9999955892562866,0.8253141045570374,0.8253143429756165
102.0,4.0,0.9995497465133667,3.221647784812376e-05,3.221647784812376e-05,0.9999949932098389,0.8253982067108154,0.8253875374794006,0.9996283054351807,3.3030606573447585e-05,3.3030606573447585e-05,0.9999940991401672,0.8471477627754211,0.8471431732177734
103.0,0.0,0.9995812773704529,3.276131610618904e-05,3.276131610618904e-05,0.9999945759773254,0.8258563280105591,0.8258405923843384,0.9995126128196716,3.084749187109992e-05,3.084749187109992e-05,0.999996542930603,0.8452764749526978,0.8452913761138916
103.0,1.0,0.9996024370193481,3.216753248125315e-05,3.216753248125315e-05,0.9999949336051941,0.8324930667877197,0.8324953317642212,0.9994242787361145,3.316919901408255e-05,3.316919901408255e-05,0.9999945759773254,0.8187482357025146,0.8186944127082825
103.0,2.0,0.9995455741882324,3.273910624557175e-05,3.273910624557175e-05,0.999994695186615,0.8341270089149475,0.8341155648231506,0.9996494650840759,3.0809067538939416e-05,3.0809067538939416e-05,0.999994695186615,0.8122110366821289,0.8122072815895081
103.0,3.0,0.9995605945587158,3.193594966433011e-05,3.193594966433011e-05,0.9999943375587463,0.8308535218238831,0.8308414220809937,0.999598503112793,3.400781861273572e-05,3.400781861273572e-05,0.9999955296516418,0.8253141641616821,0.8253143429756165
103.0,4.0,0.9995529651641846,3.218246638425626e-05,3.218246638425626e-05,0.9999949932098389,0.8253998160362244,0.8253878355026245,0.9996276497840881,3.294771158834919e-05,3.294771158834919e-05,0.9999940991401672,0.8471470475196838,0.8471426963806152
104.0,0.0,0.9995782375335693,3.274366827099584e-05,3.274366827099584e-05,0.999994695186615,0.8258559703826904,0.8258399963378906,0.9995158314704895,3.0774193874094635e-05,3.0774193874094635e-05,0.9999961853027344,0.845276415348053,0.8452893495559692
104.0,1.0,0.9996016621589661,3.2118237868417054e-05,3.2118237868417054e-05,0.9999945759773254,0.8324933648109436,0.8324957489967346,0.9994237422943115,3.314108835184015e-05,3.314108835184015e-05,0.9999945163726807,0.8187481760978699,0.8186941742897034
104.0,2.0,0.999549388885498,3.270172965130769e-05,3.270172965130769e-05,0.9999947547912598,0.8341271281242371,0.8341165781021118,0.999648928642273,3.0859093385515735e-05,3.0859093385515735e-05,0.9999943375587463,0.8122109770774841,0.8122069239616394
104.0,3.0,0.9995622634887695,3.1898904126137495e-05,3.1898904126137495e-05,0.999994695186615,0.8308550715446472,0.8308426737785339,0.9995993971824646,3.3951746445382014e-05,3.3951746445382014e-05,0.9999957084655762,0.8253142237663269,0.8253141641616821
104.0,4.0,0.9995535612106323,3.2161769922822714e-05,3.2161769922822714e-05,0.9999949932098389,0.8253989219665527,0.8253874182701111,0.999628484249115,3.293456029496156e-05,3.293456029496156e-05,0.9999939799308777,0.8471470475196838,0.8471448421478271
105.0,0.0,0.9995794296264648,3.269402077421546e-05,3.269402077421546e-05,0.9999945163726807,0.8258560299873352,0.8258401155471802,0.9995149374008179,3.076740904361941e-05,3.076740904361941e-05,0.9999963641166687,0.8452764749526978,0.8452894687652588
105.0,1.0,0.9996020793914795,3.210476279491559e-05,3.210476279491559e-05,0.9999948740005493,0.8324934840202332,0.8324955105781555,0.9994253516197205,3.307230508653447e-05,3.307230508653447e-05,0.9999948143959045,0.8187481164932251,0.8186947107315063
105.0,2.0,0.9995465278625488,3.266106796218082e-05,3.266106796218082e-05,0.9999945163726807,0.8341275453567505,0.8341166377067566,0.9996505975723267,3.0818875529803336e-05,3.0818875529803336e-05,0.9999945163726807,0.8122109770774841,0.8122069239616394
105.0,3.0,0.9995603561401367,3.1875926651991904e-05,3.1875926651991904e-05,0.9999945759773254,0.8308532238006592,0.8308417201042175,0.9996009469032288,3.3899483241839334e-05,3.3899483241839334e-05,0.9999957084655762,0.8253141641616821,0.8253142237663269
105.0,4.0,0.9995550513267517,3.2122290576808155e-05,3.2122290576808155e-05,0.999995231628418,0.8253987431526184,0.8253875374794006,0.9996286630630493,3.285790444351733e-05,3.285790444351733e-05,0.999994158744812,0.8471470475196838,0.8471448421478271
106.0,0.0,0.9995803236961365,3.264909901190549e-05,3.264909901190549e-05,0.9999942779541016,0.8258544206619263,0.8258400559425354,0.9995135068893433,3.076831853832118e-05,3.076831853832118e-05,0.9999963045120239,0.845276415348053,0.8452893495559692
106.0,1.0,0.9996030330657959,3.205826214980334e-05,3.205826214980334e-05,0.9999945163726807,0.8324939608573914,0.8324955701828003,0.9994202256202698,3.311218824819662e-05,3.311218824819662e-05,0.999994695186615,0.818749189376831,0.8186948299407959
106.0,2.0,0.9995481371879578,3.263701364630833e-05,3.263701364630833e-05,0.9999949336051941,0.8341281414031982,0.8341171145439148,0.9996501207351685,3.07272894133348e-05,3.07272894133348e-05,0.9999948143959045,0.8122110366821289,0.8122073411941528
106.0,3.0,0.9995584487915039,3.18357051583007e-05,3.18357051583007e-05,0.9999943375587463,0.8308534622192383,0.8308407068252563,0.999600887298584,3.389621269889176e-05,3.389621269889176e-05,0.9999955296516418,0.8253141641616821,0.8253142237663269
106.0,4.0,0.9995526075363159,3.2096610084408894e-05,3.2096610084408894e-05,0.9999950528144836,0.8253992795944214,0.825387716293335,0.9996293783187866,3.281539466115646e-05,3.281539466115646e-05,0.9999939799308777,0.8471470475196838,0.8471449017524719
107.0,0.0,0.9995799660682678,3.2623112929286435e-05,3.2623112929286435e-05,0.9999947547912598,0.8258557915687561,0.8258405923843384,0.9995138645172119,3.0711387807969004e-05,3.0711387807969004e-05,0.9999963641166687,0.8452764749526978,0.8452893495559692
107.0,1.0,0.9996027946472168,3.2025331165641546e-05,3.2025331165641546e-05,0.9999949932098389,0.8324935436248779,0.8324956893920898,0.9994279146194458,3.30611364915967e-05,3.30611364915967e-05,0.9999945163726807,0.8187482953071594,0.8186942934989929
107.0,2.0,0.9995476007461548,3.2598130928818136e-05,3.2598130928818136e-05,0.9999945759773254,0.8341272473335266,0.83411705493927,0.9996494054794312,3.0765113478992134e-05,3.0765113478992134e-05,0.999994695186615,0.8122110366821289,0.8122069239616394
107.0,3.0,0.9995635151863098,3.1799270800547674e-05,3.1799270800547674e-05,0.9999945163726807,0.8308534622192383,0.8308416604995728,0.9996019005775452,3.3845106372609735e-05,3.3845106372609735e-05,0.9999955892562866,0.8253141641616821,0.8253141641616821
107.0,4.0,0.9995525479316711,3.207008558092639e-05,3.207008558092639e-05,0.9999949336051941,0.825398325920105,0.825387179851532,0.9996296763420105,3.2759711757535115e-05,3.2759711757535115e-05,0.999994158744812,0.8471477627754211,0.8471431136131287
108.0,0.0,0.9995852112770081,3.2595078664598987e-05,3.2595078664598987e-05,0.9999945163726807,0.8258553147315979,0.8258397579193115,0.9995132088661194,3.06928668578621e-05,3.06928668578621e-05,0.9999963045120239,0.8452764749526978,0.8452892899513245
108.0,1.0,0.9996032118797302,3.2003143132897094e-05,3.2003143132897094e-05,0.9999949336051941,0.8324938416481018,0.8324955701828003,0.999422550201416,3.301975448266603e-05,3.301975448266603e-05,0.9999945759773254,0.8187482357025146,0.8186949491500854
108.0,2.0,0.9995445609092712,3.255911360611208e-05,3.255911360611208e-05,0.9999948740005493,0.8341280221939087,0.8341173529624939,0.999650776386261,3.071833270951174e-05,3.071833270951174e-05,0.9999945163726807,0.8122110366821289,0.8122069239616394
108.0,3.0,0.9995607137680054,3.17668127536308e-05,3.17668127536308e-05,0.9999947547912598,0.8308535814285278,0.8308417797088623,0.9996027946472168,3.379980626050383e-05,3.379980626050383e-05,0.9999955892562866,0.8253141045570374,0.8253141641616821
108.0,4.0,0.9995524287223816,3.2032337912824005e-05,3.2032337912824005e-05,0.9999953508377075,0.8253989815711975,0.8253882527351379,0.9996313452720642,3.273675247328356e-05,3.273675247328356e-05,0.9999942779541016,0.8471477627754211,0.8471452593803406
109.0,0.0,0.9995825886726379,3.25507644447498e-05,3.25507644447498e-05,0.9999945759773254,0.8258559107780457,0.8258404731750488,0.9995123744010925,3.0675510060973465e-05,3.0675510060973465e-05,0.9999963045120239,0.845276415348053,0.8452894687652588
109.0,1.0,0.999602735042572,3.1963540095603094e-05,3.1963540095603094e-05,0.9999945759773254,0.8324933052062988,0.8324958682060242,0.9994274973869324,3.296928116469644e-05,3.296928116469644e-05,0.9999948143959045,0.8187515735626221,0.8186958432197571
109.0,2.0,0.9995459318161011,3.2527645089430735e-05,3.2527645089430735e-05,0.9999949336051941,0.8341282606124878,0.8341174125671387,0.9996517300605774,3.072019535466097e-05,3.072019535466097e-05,0.9999945163726807,0.8122110366821289,0.8122071027755737
109.0,3.0,0.9995588064193726,3.174408993800171e-05,3.174408993800171e-05,0.999994695186615,0.8308542370796204,0.8308420181274414,0.9996011257171631,3.379706686246209e-05,3.379706686246209e-05,0.9999955892562866,0.8253141641616821,0.8253142237663269
109.0,4.0,0.9995556473731995,3.200440914952196e-05,3.200440914952196e-05,0.9999949336051941,0.8253988027572632,0.8253877758979797,0.999630331993103,3.269594526500441e-05,3.269594526500441e-05,0.999994158744812,0.8471470475196838,0.8471448421478271
110.0,0.0,0.999582827091217,3.251768066547811e-05,3.251768066547811e-05,0.999994695186615,0.825855553150177,0.8258405327796936,0.9995124340057373,3.066300632781349e-05,3.066300632781349e-05,0.9999963045120239,0.845276415348053,0.8452894687652588
110.0,1.0,0.9996046423912048,3.192759322701022e-05,3.192759322701022e-05,0.9999949336051941,0.8324939012527466,0.8324958682060242,0.9994242191314697,3.296903014415875e-05,3.296903014415875e-05,0.9999948740005493,0.8187490701675415,0.8186945915222168
110.0,2.0,0.9995484948158264,3.250289591960609e-05,3.250289591960609e-05,0.9999949336051941,0.8341278433799744,0.8341168165206909,0.9996511340141296,3.06422844005283e-05,3.06422844005283e-05,0.9999947547912598,0.8122109770774841,0.8122073411941528
110.0,3.0,0.9995612502098083,3.1710893381386995e-05,3.1710893381386995e-05,0.9999945163726807,0.8308538198471069,0.8308412432670593,0.9996029138565063,3.3714648452587426e-05,3.3714648452587426e-05,0.9999955892562866,0.8253141045570374,0.8253144025802612
110.0,4.0,0.9995560050010681,3.1972282158676535e-05,3.1972282158676535e-05,0.9999951124191284,0.8253985643386841,0.8253875970840454,0.9996307492256165,3.263864346081391e-05,3.263864346081391e-05,0.9999943375587463,0.8471477627754211,0.8471452593803406
111.0,0.0,0.99958336353302,3.248546636314131e-05,3.248546636314131e-05,0.9999945163726807,0.8258548974990845,0.8258398175239563,0.9995132684707642,3.0617720767622814e-05,3.0617720767622814e-05,0.9999964237213135,0.8452764749526978,0.8452913165092468
111.0,1.0,0.999604344367981,3.1897965527605265e-05,3.1897965527605265e-05,0.9999950528144836,0.8324936032295227,0.8324962854385376,0.9994288682937622,3.292293331469409e-05,3.292293331469409e-05,0.9999948740005493,0.8187491297721863,0.8186952471733093
111.0,2.0,0.999549388885498,3.246472988394089e-05,3.246472988394089e-05,0.9999949336051941,0.8341268301010132,0.8341162800788879,0.9996514320373535,3.0675233574584126e-05,3.0675233574584126e-05,0.999994695186615,0.8122110366821289,0.8122074007987976
111.0,3.0,0.9995656609535217,3.167347676935606e-05,3.167347676935606e-05,0.999994695186615,0.8308535218238831,0.8308417201042175,0.9996026158332825,3.36900629918091e-05,3.36900629918091e-05,0.9999955892562866,0.8253141641616821,0.8253142237663269
111.0,4.0,0.9995543956756592,3.196009129169397e-05,3.196009129169397e-05,0.9999953508377075,0.8253996968269348,0.8253878355026245,0.9996299147605896,3.2613068469800055e-05,3.2613068469800055e-05,0.9999943375587463,0.8471478223800659,0.8471453189849854
112.0,0.0,0.999582827091217,3.243871105951257e-05,3.243871105951257e-05,0.9999944567680359,0.8258554339408875,0.8258403539657593,0.9995174407958984,3.0587732908315957e-05,3.0587732908315957e-05,0.9999963045120239,0.845276415348053,0.8452893495559692
112.0,1.0,0.9996037483215332,3.184799788868986e-05,3.184799788868986e-05,0.9999947547912598,0.8324934244155884,0.832495927810669,0.9994257092475891,3.291358007118106e-05,3.291358007118106e-05,0.9999949932098389,0.8187491297721863,0.8186951875686646
112.0,2.0,0.9995517134666443,3.244369872845709e-05,3.244369872845709e-05,0.9999945163726807,0.8341284394264221,0.8341173529624939,0.9996512532234192,3.058134825550951e-05,3.058134825550951e-05,0.9999948143959045,0.8122110962867737,0.8122074007987976
112.0,3.0,0.9995645880699158,3.1638242944609374e-05,3.1638242944609374e-05,0.9999948143959045,0.830854594707489,0.8308425545692444,0.9996036887168884,3.363813448231667e-05,3.363813448231667e-05,0.9999955892562866,0.8253141045570374,0.8253144025802612
112.0,4.0,0.9995552897453308,3.191653740941547e-05,3.191653740941547e-05,0.9999952912330627,0.8253991603851318,0.8253882527351379,0.9996305704116821,3.255892443121411e-05,3.255892443121411e-05,0.9999943375587463,0.8471478223800659,0.8471452593803406
113.0,0.0,0.9995821118354797,3.241994636482559e-05,3.241994636482559e-05,0.9999944567680359,0.8258554935455322,0.8258405923843384,0.9995174407958984,3.053370164707303e-05,3.053370164707303e-05,0.9999963045120239,0.8452764749526978,0.8452893495559692
113.0,1.0,0.9996055364608765,3.181541251251474e-05,3.181541251251474e-05,0.999995231628418,0.8324936032295227,0.8324957489967346,0.9994290471076965,3.286196806584485e-05,3.286196806584485e-05,0.999994695186615,0.818749189376831,0.8186948299407959
113.0,2.0,0.999550998210907,3.2390209526056424e-05,3.2390209526056424e-05,0.9999948143959045,0.8341272473335266,0.8341163396835327,0.999652624130249,3.0554361728718504e-05,3.0554361728718504e-05,0.9999947547912598,0.8122110366821289,0.8122074007987976
113.0,3.0,0.9995612502098083,3.160602500429377e-05,3.160602500429377e-05,0.999994695186615,0.8308542966842651,0.8308423757553101,0.9996044635772705,3.362585266586393e-05,3.362585266586393e-05,0.9999956488609314,0.8253141641616821,0.8253142237663269
113.0,4.0,0.9995570182800293,3.188717892044224e-05,3.188717892044224e-05,0.9999949336051941,0.8253997564315796,0.8253878951072693,0.9996304512023926,3.253664181102067e-05,3.253664181102067e-05,0.9999945163726807,0.8471477627754211,0.8471459150314331
114.0,0.0,0.9995840191841125,3.239013676648028e-05,3.239013676648028e-05,0.9999945759773254,0.825855016708374,0.8258400559425354,0.9995200037956238,3.0538885766873136e-05,3.0538885766873136e-05,0.9999963045120239,0.8452764749526978,0.8452893495559692
114.0,1.0,0.9996048808097839,3.179283157805912e-05,3.179283157805912e-05,0.9999950528144836,0.8324934840202332,0.8324958682060242,0.9994296431541443,3.283476326032542e-05,3.283476326032542e-05,0.9999947547912598,0.8187490701675415,0.8186947107315063
114.0,2.0,0.9995514154434204,3.236054180888459e-05,3.236054180888459e-05,0.9999949336051941,0.8341287970542908,0.8341167569160461,0.9996518492698669,3.052724423469044e-05,3.052724423469044e-05,0.9999945163726807,0.8122110366821289,0.8122068643569946
114.0,3.0,0.9995657801628113,3.158338222419843e-05,3.158338222419843e-05,0.9999945163726807,0.8308529853820801,0.8308416604995728,0.9996045231819153,3.359438414918259e-05,3.359438414918259e-05,0.9999956488609314,0.8253142237663269,0.8253142237663269
114.0,4.0,0.9995561242103577,3.185840978403576e-05,3.185840978403576e-05,0.999995231628418,0.8253996968269348,0.825387716293335,0.9996324777603149,3.250845111324452e-05,3.250845111324452e-05,0.9999945759773254,0.8471478223800659,0.8471459746360779
115.0,0.0,0.9995808005332947,3.234979521948844e-05,3.234979521948844e-05,0.9999945759773254,0.82585608959198,0.8258407711982727,0.9995173215866089,3.0507510018651374e-05,3.0507510018651374e-05,0.9999963045120239,0.8452764749526978,0.8452894687652588
115.0,1.0,0.9996057748794556,3.17659905704204e-05,3.17659905704204e-05,0.9999948740005493,0.8324939012527466,0.8324958682060242,0.9994257688522339,3.279022348579019e-05,3.279022348579019e-05,0.9999948143959045,0.818749189376831,0.8186951279640198
115.0,2.0,0.9995508790016174,3.232154995203018e-05,3.232154995203018e-05,0.9999948740005493,0.8341284990310669,0.8341173529624939,0.9996529817581177,3.0485694878734648e-05,3.0485694878734648e-05,0.9999948143959045,0.8122110366821289,0.8122072815895081
115.0,3.0,0.9995641708374023,3.154348087264225e-05,3.154348087264225e-05,0.9999948143959045,0.8308550715446472,0.8308429718017578,0.9996046423912048,3.3589345548534766e-05,3.3589345548534766e-05,0.9999955892562866,0.8253141045570374,0.8253143429756165
115.0,4.0,0.9995595812797546,3.1811014196136966e-05,3.1811014196136966e-05,0.9999952912330627,0.82539963722229,0.8253882527351379,0.9996313452720642,3.2465501135447994e-05,3.2465501135447994e-05,0.9999945163726807,0.8471477627754211,0.8471459150314331
116.0,0.0,0.9995818734169006,3.232197559555061e-05,3.232197559555061e-05,0.9999943971633911,0.825855553150177,0.8258404731750488,0.9995197653770447,3.0447670724242926e-05,3.0447670724242926e-05,0.9999963045120239,0.845276415348053,0.8452892899513245
116.0,1.0,0.9996063709259033,3.1727882742416114e-05,3.1727882742416114e-05,0.9999949336051941,0.8324941396713257,0.8324956893920898,0.9994248151779175,3.278211806900799e-05,3.278211806900799e-05,0.9999948740005493,0.818749189376831,0.8186947107315063
116.0,2.0,0.9995518922805786,3.230040965718217e-05,3.230040965718217e-05,0.999994695186615,0.834128201007843,0.8341171145439148,0.9996519684791565,3.047764766961336e-05,3.047764766961336e-05,0.9999948143959045,0.8122110366821289,0.8122072815895081
116.0,3.0,0.9995639324188232,3.151398414047435e-05,3.151398414047435e-05,0.9999947547912598,0.8308541178703308,0.8308417797088623,0.9996054768562317,3.348688915139064e-05,3.348688915139064e-05,0.9999956488609314,0.8253141045570374,0.8253142237663269
116.0,4.0,0.9995542168617249,3.178542829118669e-05,3.178542829118669e-05,0.9999948740005493,0.8253991603851318,0.825387179851532,0.9996315240859985,3.242358434363268e-05,3.242358434363268e-05,0.9999942183494568,0.8471478223800659,0.8471453189849854
117.0,0.0,0.9995846152305603,3.228037530789152e-05,3.228037530789152e-05,0.999994695186615,0.825855553150177,0.8258405327796936,0.999518871307373,3.041165109607391e-05,3.041165109607391e-05,0.9999963641166687,0.8452764749526978,0.8452893495559692
117.0,1.0,0.9996055960655212,3.169131014146842e-05,3.169131014146842e-05,0.9999947547912598,0.8324936032295227,0.8324957489967346,0.9994325041770935,3.270724118920043e-05,3.270724118920043e-05,0.9999948143959045,0.8187505602836609,0.8186954259872437
117.0,2.0,0.9995531439781189,3.2244279282167554e-05,3.2244279282167554e-05,0.9999948740005493,0.8341285586357117,0.8341166973114014,0.9996522068977356,3.0488334232359193e-05,3.0488334232359193e-05,0.9999947547912598,0.8122109770774841,0.8122074007987976
117.0,3.0,0.999563992023468,3.148891482851468e-05,3.148891482851468e-05,0.9999948143959045,0.8308532238006592,0.8308418393135071,0.9996055960655212,3.34729666064959e-05,3.34729666064959e-05,0.9999956488609314,0.8253141045570374,0.8253142237663269
117.0,4.0,0.9995583295822144,3.176302925567143e-05,3.176302925567143e-05,0.999995231628418,0.8253990411758423,0.8253874182701111,0.9996321201324463,3.2379488402511925e-05,3.2379488402511925e-05,0.9999945163726807,0.8471478223800659,0.8471458554267883
118.0,0.0,0.9995859861373901,3.2243275200016797e-05,3.2243275200016797e-05,0.9999943971633911,0.8258552551269531,0.8258402943611145,0.999517560005188,3.0421688279602677e-05,3.0421688279602677e-05,0.999996542930603,0.845276415348053,0.8452913165092468
118.0,1.0,0.9996047616004944,3.167352042510174e-05,3.167352042510174e-05,0.9999948740005493,0.8324935436248779,0.832496166229248,0.9994305372238159,3.270986780989915e-05,3.270986780989915e-05,0.9999949336051941,0.8187514543533325,0.8186958432197571
118.0,2.0,0.999553918838501,3.222992745577358e-05,3.222992745577358e-05,0.9999947547912598,0.8341282606124878,0.8341174721717834,0.9996525645256042,3.048353028134443e-05,3.048353028134443e-05,0.9999948143959045,0.8122110366821289,0.8122073411941528
118.0,3.0,0.999565601348877,3.1456260330742225e-05,3.1456260330742225e-05,0.9999947547912598,0.830854594707489,0.8308432698249817,0.9996066093444824,3.345451841596514e-05,3.345451841596514e-05,0.9999955892562866,0.8253141045570374,0.8253143429756165
118.0,4.0,0.9995549321174622,3.173085497110151e-05,3.173085497110151e-05,0.9999952912330627,0.8253992199897766,0.825387716293335,0.999634325504303,3.233913957956247e-05,3.233913957956247e-05,0.9999944567680359,0.8471486568450928,0.8471457362174988
119.0,0.0,0.999587893486023,3.2210416975431144e-05,3.2210416975431144e-05,0.999994695186615,0.8258565664291382,0.825840950012207,0.9995156526565552,3.038120485143736e-05,3.038120485143736e-05,0.9999964237213135,0.845276415348053,0.8452894687652588
119.0,1.0,0.9996076822280884,3.163752626278438e-05,3.163752626278438e-05,0.9999947547912598,0.8324936032295227,0.832495927810669,0.999431848526001,3.266097337473184e-05,3.266097337473184e-05,0.9999950528144836,0.818751335144043,0.8186962604522705
119.0,2.0,0.9995567202568054,3.218167694285512e-05,3.218167694285512e-05,0.9999947547912598,0.8341274261474609,0.8341165781021118,0.9996533989906311,3.0492952646454796e-05,3.0492952646454796e-05,0.9999947547912598,0.8122110366821289,0.8122074007987976
119.0,3.0,0.9995654821395874,3.1428226066054776e-05,3.1428226066054776e-05,0.9999945759773254,0.8308550715446472,0.8308426737785339,0.9996064305305481,3.341261617606506e-05,3.341261617606506e-05,0.9999957084655762,0.8253141641616821,0.8253143429756165
119.0,4.0,0.9995582699775696,3.169916817569174e-05,3.169916817569174e-05,0.9999949932098389,0.8253994584083557,0.8253877758979797,0.9996331930160522,3.232030212529935e-05,3.232030212529935e-05,0.9999944567680359,0.8471477627754211,0.8471458554267883
120.0,0.0,0.9995874762535095,3.1977924663806334e-05,3.1977924663806334e-05,0.9999949336051941,0.8258566856384277,0.8258411288261414,0.9995224475860596,2.994388160004746e-05,2.994388160004746e-05,0.9999967217445374,0.845276415348053,0.8452919125556946
120.0,1.0,0.9996080994606018,3.1385498004965484e-05,3.1385498004965484e-05,0.9999951124191284,0.8324941992759705,0.8324966430664062,0.9994356632232666,3.2304669730365276e-05,3.2304669730365276e-05,0.9999954700469971,0.8187536597251892,0.818697988986969
120.0,2.0,0.9995549321174622,3.194410965079442e-05,3.194410965079442e-05,0.9999951124191284,0.8341290950775146,0.8341183066368103,0.9996548295021057,3.008610656252131e-05,3.008610656252131e-05,0.9999949932098389,0.8122110962867737,0.8122076988220215
120.0,3.0,0.9995665550231934,3.115465005976148e-05,3.115465005976148e-05,0.9999949932098389,0.8308550715446472,0.8308433890342712,0.9996067881584167,3.321579788462259e-05,3.321579788462259e-05,0.9999956488609314,0.8253141045570374,0.8253141641616821
120.0,4.0,0.9995595216751099,3.138840111205354e-05,3.138840111205354e-05,0.9999953508377075,0.8253997564315796,0.8253887295722961,0.9996333122253418,3.228063724236563e-05,3.228063724236563e-05,0.9999943971633911,0.8471478223800659,0.8471459150314331
121.0,0.0,0.9995881915092468,3.1971194403013214e-05,3.1971194403013214e-05,0.9999948740005493,0.825856626033783,0.8258413076400757,0.9995226263999939,2.994865099026356e-05,2.994865099026356e-05,0.9999966025352478,0.8452764749526978,0.8452919125556946
121.0,1.0,0.9996092319488525,3.137845851597376e-05,3.137845851597376e-05,0.9999950528144836,0.8324944376945496,0.8324966430664062,0.9994391798973083,3.2296302379108965e-05,3.2296302379108965e-05,0.9999953508377075,0.8187536597251892,0.818697988986969
121.0,2.0,0.9995548725128174,3.19269674946554e-05,3.19269674946554e-05,0.9999952912330627,0.8341291546821594,0.8341183066368103,0.9996551275253296,3.007130726473406e-05,3.007130726473406e-05,0.9999948740005493,0.8122110366821289,0.8122077584266663
121.0,3.0,0.9995667338371277,3.11484036501497e-05,3.11484036501497e-05,0.9999949932098389,0.8308550119400024,0.8308433890342712,0.9996061325073242,3.3212338166777045e-05,3.3212338166777045e-05,0.9999955296516418,0.8253141641616821,0.8253141641616821
121.0,4.0,0.9995592832565308,3.138638203381561e-05,3.138638203381561e-05,0.9999949932098389,0.8253996968269348,0.8253885507583618,0.9996340274810791,3.2255997211905196e-05,3.2255997211905196e-05,0.9999945759773254,0.8471478223800659,0.8471459150314331
122.0,0.0,0.9995870590209961,3.1958457839209586e-05,3.1958457839209586e-05,0.9999943375587463,0.825856626033783,0.8258411288261414,0.9995220899581909,2.995100658154115e-05,2.995100658154115e-05,0.9999967217445374,0.845276415348053,0.8452918529510498
122.0,1.0,0.9996094107627869,3.137563180644065e-05,3.137563180644065e-05,0.9999949932098389,0.8324943780899048,0.8324965834617615,0.9994397163391113,3.227865818189457e-05,3.227865818189457e-05,0.9999954104423523,0.8187536001205444,0.8186980485916138
122.0,2.0,0.9995545148849487,3.192508302163333e-05,3.192508302163333e-05,0.9999952912330627,0.8341291546821594,0.8341183662414551,0.9996547698974609,3.008488602063153e-05,3.008488602063153e-05,0.9999949336051941,0.8122110962867737,0.8122077584266663
122.0,3.0,0.9995678067207336,3.1142946681939065e-05,3.1142946681939065e-05,0.9999947547912598,0.8308550715446472,0.8308433294296265,0.9996063113212585,3.3205131330760196e-05,3.3205131330760196e-05,0.9999956488609314,0.8253141045570374,0.8253142237663269
122.0,4.0,0.9995596408843994,3.13848395308014e-05,3.13848395308014e-05,0.9999952912330627,0.8253997564315796,0.8253885507583618,0.9996342658996582,3.223586827516556e-05,3.223586827516556e-05,0.9999945163726807,0.8471478223800659,0.8471458554267883
123.0,0.0,0.99958735704422,3.196391844539903e-05,3.196391844539903e-05,0.9999945759773254,0.8258566856384277,0.8258410692214966,0.9995230436325073,2.996812509081792e-05,2.996812509081792e-05,0.9999969005584717,0.845276415348053,0.8452918529510498
123.0,1.0,0.9996098279953003,3.137431122013368e-05,3.137431122013368e-05,0.9999951124191284,0.8324943780899048,0.8324963450431824,0.9994401335716248,3.228360219509341e-05,3.228360219509341e-05,0.9999953508377075,0.818753719329834,0.8186975121498108
123.0,2.0,0.9995546340942383,3.1918807508191094e-05,3.1918807508191094e-05,0.9999951124191284,0.8341290950775146,0.8341184258460999,0.9996546506881714,3.0085515390965156e-05,3.0085515390965156e-05,0.9999949932098389,0.8122110962867737,0.812207818031311
123.0,3.0,0.9995667338371277,3.1147814297582954e-05,3.1147814297582954e-05,0.9999949932098389,0.8308550119400024,0.830843448638916,0.9996058940887451,3.3208234526682645e-05,3.3208234526682645e-05,0.9999956488609314,0.8253141641616821,0.8253142237663269
123.0,4.0,0.9995601773262024,3.139070759061724e-05,3.139070759061724e-05,0.9999952912330627,0.82539963722229,0.8253886699676514,0.9996343851089478,3.221960650989786e-05,3.221960650989786e-05,0.9999943375587463,0.8471477627754211,0.8471452593803406
124.0,0.0,0.9995870590209961,3.195177123416215e-05,3.195177123416215e-05,0.9999947547912598,0.8258566856384277,0.8258411884307861,0.9995222687721252,2.996041439473629e-05,2.996041439473629e-05,0.9999966025352478,0.845276415348053,0.8452919721603394
124.0,1.0,0.9996086359024048,3.13691416522488e-05,3.13691416522488e-05,0.9999949932098389,0.8324944376945496,0.8324965834617615,0.9994378089904785,3.2278541766572744e-05,3.2278541766572744e-05,0.9999953508377075,0.8187536001205444,0.818697988986969
124.0,2.0,0.9995542764663696,3.191787618561648e-05,3.191787618561648e-05,0.9999952912330627,0.8341290354728699,0.8341184854507446,0.9996545910835266,3.0098299248493277e-05,3.0098299248493277e-05,0.9999948740005493,0.8122109770774841,0.8122077584266663
124.0,3.0,0.9995673894882202,3.11386538669467e-05,3.11386538669467e-05,0.9999949932098389,0.8308550119400024,0.8308432698249817,0.9996059536933899,3.3200518373632804e-05,3.3200518373632804e-05,0.9999955296516418,0.8253142237663269,0.8253142237663269
124.0,4.0,0.9995591640472412,3.139251202810556e-05,3.139251202810556e-05,0.9999954104423523,0.82539963722229,0.8253886699676514,0.9996337294578552,3.220024154870771e-05,3.220024154870771e-05,0.9999944567680359,0.8471478223800659,0.8471457958221436
125.0,0.0,0.9995877742767334,3.195373574271798e-05,3.195373574271798e-05,0.9999947547912598,0.8258565664291382,0.8258412480354309,0.9995233416557312,2.9976303267176263e-05,2.9976303267176263e-05,0.9999966621398926,0.8452764749526978,0.8452918529510498
125.0,1.0,0.9996083378791809,3.136680243187584e-05,3.136680243187584e-05,0.9999948143959045,0.8324943780899048,0.8324965834617615,0.9994388818740845,3.2286894565913826e-05,3.2286894565913826e-05,0.9999953508377075,0.8187536597251892,0.818697988986969
125.0,2.0,0.9995555281639099,3.1915915315039456e-05,3.1915915315039456e-05,0.9999949932098389,0.8341292142868042,0.8341181874275208,0.9996552467346191,3.0098817660473287e-05,3.0098817660473287e-05,0.9999950528144836,0.8122110366821289,0.812207818031311
125.0,3.0,0.9995678067207336,3.114151331828907e-05,3.114151331828907e-05,0.9999948740005493,0.8308550715446472,0.830843448638916,0.9996060132980347,3.3198852179339156e-05,3.3198852179339156e-05,0.9999955892562866,0.8253141045570374,0.8253142237663269
125.0,4.0,0.9995603561401367,3.1392250093631446e-05,3.1392250093631446e-05,0.9999950528144836,0.82539963722229,0.8253885507583618,0.9996338486671448,3.2199444831348956e-05,3.2199444831348956e-05,0.9999944567680359,0.8471478223800659,0.8471459150314331
126.0,0.0,0.9995872974395752,3.19474347634241e-05,3.19474347634241e-05,0.9999948143959045,0.8258567452430725,0.825840950012207,0.9995224475860596,2.997446972585749e-05,2.997446972585749e-05,0.9999967217445374,0.845276415348053,0.8452919125556946
126.0,1.0,0.9996086359024048,3.1371626391774043e-05,3.1371626391774043e-05,0.9999951124191284,0.8324943780899048,0.8324964642524719,0.9994409680366516,3.228642526664771e-05,3.228642526664771e-05,0.9999955296516418,0.8187536597251892,0.818697988986969
126.0,2.0,0.9995546340942383,3.191693758708425e-05,3.191693758708425e-05,0.9999948740005493,0.8341290950775146,0.8341177105903625,0.9996545314788818,3.010194268426858e-05,3.010194268426858e-05,0.9999950528144836,0.8122110366821289,0.8122077584266663
126.0,3.0,0.9995667338371277,3.1141396902967244e-05,3.1141396902967244e-05,0.9999948740005493,0.8308551907539368,0.8308435678482056,0.999605655670166,3.318727613077499e-05,3.318727613077499e-05,0.9999955892562866,0.8253140449523926,0.8253142237663269
126.0,4.0,0.9995595216751099,3.138894680887461e-05,3.138894680887461e-05,0.9999952912330627,0.8253997564315796,0.8253887295722961,0.9996348023414612,3.22012128890492e-05,3.22012128890492e-05,0.999994695186615,0.8471477031707764,0.8471458554267883
127.0,0.0,0.9995880126953125,3.194430610165e-05,3.194430610165e-05,0.9999947547912598,0.825856626033783,0.8258413076400757,0.9995235800743103,2.996880175487604e-05,2.996880175487604e-05,0.9999966621398926,0.8452764749526978,0.8452918529510498
127.0,1.0,0.9996089935302734,3.136384111712687e-05,3.136384111712687e-05,0.9999950528144836,0.8324944972991943,0.8324968218803406,0.9994387030601501,3.2282816391671076e-05,3.2282816391671076e-05,0.9999954104423523,0.8187536001205444,0.818697988986969
127.0,2.0,0.9995537400245667,3.1909323297441006e-05,3.1909323297441006e-05,0.9999953508377075,0.8341290950775146,0.8341184854507446,0.9996547698974609,3.0105491532594897e-05,3.0105491532594897e-05,0.9999949336051941,0.8122109770774841,0.8122077584266663
127.0,3.0,0.9995675683021545,3.113662023679353e-05,3.113662023679353e-05,0.9999948740005493,0.8308550715446472,0.8308433294296265,0.9996064305305481,3.319829920656048e-05,3.319829920656048e-05,0.9999955892562866,0.8253141045570374,0.8253141641616821
127.0,4.0,0.9995593428611755,3.1390994990943e-05,3.1390994990943e-05,0.9999952912330627,0.82539963722229,0.825388491153717,0.9996342062950134,3.2192576327361166e-05,3.2192576327361166e-05,0.9999945163726807,0.8471478223800659,0.8471459150314331
128.0,0.0,0.999588131904602,3.1938459869707e-05,3.1938459869707e-05,0.9999948143959045,0.8258572220802307,0.8258416652679443,0.9995222687721252,2.9983686545165256e-05,2.9983686545165256e-05,0.999996542930603,0.8452764749526978,0.8452898859977722
128.0,1.0,0.9996086359024048,3.136619125143625e-05,3.136619125143625e-05,0.999995231628418,0.8324944376945496,0.8324961066246033,0.9994378089904785,3.227732304367237e-05,3.227732304367237e-05,0.9999953508377075,0.818753719329834,0.8186979293823242
128.0,2.0,0.9995543956756592,3.1912702979752794e-05,3.1912702979752794e-05,0.999995231628418,0.8341290950775146,0.8341183662414551,0.9996556639671326,3.0096682166913524e-05,3.0096682166913524e-05,0.9999949336051941,0.8122110366821289,0.8122077584266663
128.0,3.0,0.9995671510696411,3.113202910753898e-05,3.113202910753898e-05,0.9999949336051941,0.8308550119400024,0.8308433890342712,0.9996060132980347,3.318418384878896e-05,3.318418384878896e-05,0.9999956488609314,0.8253141045570374,0.8253142237663269
128.0,4.0,0.9995594620704651,3.138790270895697e-05,3.138790270895697e-05,0.9999951124191284,0.8253995776176453,0.8253884315490723,0.9996345043182373,3.2164371077669784e-05,3.2164371077669784e-05,0.9999945759773254,0.8471477627754211,0.8471459150314331
129.0,0.0,0.9995884299278259,3.1933468562783673e-05,3.1933468562783673e-05,0.9999948740005493,0.8258566856384277,0.8258411288261414,0.9995233416557312,2.998834133904893e-05,2.998834133904893e-05,0.9999964833259583,0.8452764749526978,0.8452898859977722
129.0,1.0,0.9996091723442078,3.136447776341811e-05,3.136447776341811e-05,0.9999949932098389,0.8324944376945496,0.8324962258338928,0.9994375705718994,3.2276464480673894e-05,3.2276464480673894e-05,0.9999954700469971,0.8187536001205444,0.8186979293823242
129.0,2.0,0.9995533227920532,3.191196083207615e-05,3.191196083207615e-05,0.9999951124191284,0.8341290354728699,0.8341184854507446,0.9996554255485535,3.009393549291417e-05,3.009393549291417e-05,0.9999948740005493,0.8122110962867737,0.812207818031311
129.0,3.0,0.9995671510696411,3.1134579330682755e-05,3.1134579330682755e-05,0.9999949932098389,0.8308550119400024,0.8308431506156921,0.9996066093444824,3.3187996450578794e-05,3.3187996450578794e-05,0.9999957084655762,0.8253141045570374,0.8253142237663269
129.0,4.0,0.9995601773262024,3.138207466690801e-05,3.138207466690801e-05,0.9999953508377075,0.82539963722229,0.8253884315490723,0.9996343851089478,3.217552512069233e-05,3.217552512069233e-05,0.9999945163726807,0.8471478223800659,0.8471459150314331
130.0,0.0,0.9995874762535095,3.193341399310157e-05,3.193341399310157e-05,0.9999945759773254,0.8258572220802307,0.8258417248725891,0.9995225071907043,2.9974899007356726e-05,2.9974899007356726e-05,0.9999966025352478,0.8452764749526978,0.8452919721603394
130.0,1.0,0.9996084570884705,3.135799852316268e-05,3.135799852316268e-05,0.9999948740005493,0.8324943780899048,0.8324962258338928,0.9994403123855591,3.226642365916632e-05,3.226642365916632e-05,0.9999954104423523,0.8187536001205444,0.8186979293823242
130.0,2.0,0.9995543360710144,3.190555435139686e-05,3.190555435139686e-05,0.9999949336051941,0.8341291546821594,0.8341178297996521,0.9996548295021057,3.0103223252808675e-05,3.0103223252808675e-05,0.9999948740005493,0.8122109770774841,0.8122077584266663
130.0,3.0,0.9995672106742859,3.112974081886932e-05,3.112974081886932e-05,0.9999948740005493,0.8308551907539368,0.830842912197113,0.9996066689491272,3.3179701858898625e-05,3.3179701858898625e-05,0.9999955892562866,0.8253141641616821,0.8253142237663269
130.0,4.0,0.9995600581169128,3.138930696877651e-05,3.138930696877651e-05,0.9999951124191284,0.8253997564315796,0.8253887295722961,0.9996342062950134,3.217166886315681e-05,3.217166886315681e-05,0.9999943971633911,0.8471478223800659,0.8471459150314331
131.0,0.0,0.9995886087417603,3.193406155332923e-05,3.193406155332923e-05,0.9999945759773254,0.8258566856384277,0.8258412480354309,0.9995225667953491,3.000457218149677e-05,3.000457218149677e-05,0.9999967217445374,0.8452764749526978,0.8452918529510498
131.0,1.0,0.9996089935302734,3.135440783808008e-05,3.135440783808008e-05,0.9999952912330627,0.83249431848526,0.8324963450431824,0.999439537525177,3.2268631912302226e-05,3.2268631912302226e-05,0.9999955296516418,0.8187536001205444,0.8186979293823242
131.0,2.0,0.9995546936988831,3.190360439475626e-05,3.190360439475626e-05,0.9999950528144836,0.8341290950775146,0.8341178894042969,0.9996548891067505,3.0089828214840963e-05,3.0089828214840963e-05,0.9999949336051941,0.8122110366821289,0.8122076988220215
131.0,3.0,0.9995682835578918,3.113308775937185e-05,3.113308775937185e-05,0.9999949336051941,0.8308550119400024,0.8308435082435608,0.9996062517166138,3.3183241612277925e-05,3.3183241612277925e-05,0.9999956488609314,0.8253141641616821,0.8253141641616821
131.0,4.0,0.9995595812797546,3.138665488222614e-05,3.138665488222614e-05,0.9999954104423523,0.8254002928733826,0.8253883719444275,0.9996343851089478,3.215253309463151e-05,3.215253309463151e-05,0.9999943971633911,0.8471477627754211,0.8471458554267883
132.0,0.0,0.9995876550674438,3.192745498381555e-05,3.192745498381555e-05,0.9999948143959045,0.8258567452430725,0.8258410692214966,0.9995222091674805,3.0000190236023627e-05,3.0000190236023627e-05,0.9999964833259583,0.845276415348053,0.8452898859977722
132.0,1.0,0.9996089935302734,3.13566233671736e-05,3.13566233671736e-05,0.9999949932098389,0.8324944376945496,0.8324963450431824,0.9994397759437561,3.2282467145705596e-05,3.2282467145705596e-05,0.9999953508377075,0.8187536597251892,0.8186979293823242
132.0,2.0,0.9995543956756592,3.1895015126792714e-05,3.1895015126792714e-05,0.9999949932098389,0.8341292142868042,0.8341182470321655,0.9996553063392639,3.010020373039879e-05,3.010020373039879e-05,0.9999948740005493,0.8122109770774841,0.812207818031311
132.0,3.0,0.9995672702789307,3.113369893981144e-05,3.113369893981144e-05,0.9999951124191284,0.8308551907539368,0.8308435082435608,0.9996057152748108,3.31685587298125e-05,3.31685587298125e-05,0.9999957084655762,0.8253141045570374,0.8253143429756165
132.0,4.0,0.9995598196983337,3.1388924981001765e-05,3.1388924981001765e-05,0.9999952912330627,0.8253997564315796,0.8253880143165588,0.9996340274810791,3.2146668672794476e-05,3.2146668672794476e-05,0.9999945163726807,0.8471478223800659,0.8471458554267883
133.0,0.0,0.9995875358581543,3.192636359017342e-05,3.192636359017342e-05,0.9999949336051941,0.825856626033783,0.8258414268493652,0.9995232820510864,3.0001174309290946e-05,3.0001174309290946e-05,0.9999967217445374,0.845276415348053,0.8452918529510498
133.0,1.0,0.9996083974838257,3.135707083856687e-05,3.135707083856687e-05,0.9999945759773254,0.8324945569038391,0.8324965834617615,0.9994388222694397,3.228589775972068e-05,3.228589775972068e-05,0.9999953508377075,0.8187536597251892,0.8186980485916138
133.0,2.0,0.9995539784431458,3.190593997715041e-05,3.190593997715041e-05,0.9999950528144836,0.8341289758682251,0.8341179490089417,0.9996552467346191,3.0087356208241545e-05,3.0087356208241545e-05,0.9999949336051941,0.8122110366821289,0.812207818031311
133.0,3.0,0.9995671510696411,3.1128736736718565e-05,3.1128736736718565e-05,0.9999948740005493,0.8308549523353577,0.8308435082435608,0.9996062517166138,3.318082235637121e-05,3.318082235637121e-05,0.9999955892562866,0.8253141641616821,0.8253142237663269
133.0,4.0,0.9995604753494263,3.139119507977739e-05,3.139119507977739e-05,0.9999950528144836,0.82539963722229,0.8253881335258484,0.9996351599693298,3.213799573131837e-05,3.213799573131837e-05,0.9999945759773254,0.8471478223800659,0.8471457958221436
134.0,0.0,0.9995870590209961,3.192730946466327e-05,3.192730946466327e-05,0.9999949336051941,0.8258566856384277,0.8258412480354309,0.9995219707489014,3.001432014571037e-05,3.001432014571037e-05,0.9999966621398926,0.8452764749526978,0.8452919125556946
134.0,1.0,0.9996098875999451,3.135303995804861e-05,3.135303995804861e-05,0.9999949932098389,0.8324943780899048,0.8324962854385376,0.9994400143623352,3.227424531360157e-05,3.227424531360157e-05,0.9999954104423523,0.8187536597251892,0.818697988986969
134.0,2.0,0.9995550513267517,3.189868948538788e-05,3.189868948538788e-05,0.9999950528144836,0.8341290950775146,0.8341178894042969,0.9996557831764221,3.0094988687778823e-05,3.0094988687778823e-05,0.9999948740005493,0.8122109770774841,0.8122077584266663
134.0,3.0,0.9995682835578918,3.112771446467377e-05,3.112771446467377e-05,0.9999948143959045,0.8308550715446472,0.8308429718017578,0.9996064901351929,3.316499714856036e-05,3.316499714856036e-05,0.9999956488609314,0.8253142237663269,0.8253141641616821
134.0,4.0,0.9995601177215576,3.13929449475836e-05,3.13929449475836e-05,0.999995231628418,0.8253997564315796,0.8253881335258484,0.9996352791786194,3.212568481103517e-05,3.212568481103517e-05,0.9999945163726807,0.8471478223800659,0.8471459150314331
135.0,0.0,0.9995893836021423,3.1923646020004526e-05,3.1923646020004526e-05,0.9999945163726807,0.8258566856384277,0.8258411288261414,0.9995228052139282,2.9998587706359103e-05,2.9998587706359103e-05,0.9999966621398926,0.845276415348053,0.8452919721603394
135.0,1.0,0.9996095299720764,3.134777944069356e-05,3.134777944069356e-05,0.9999949932098389,0.83249431848526,0.8324960470199585,0.9994382858276367,3.227522756787948e-05,3.227522756787948e-05,0.9999954700469971,0.8187536597251892,0.8186979293823242
135.0,2.0,0.9995537996292114,3.189544804627076e-05,3.189544804627076e-05,0.999995231628418,0.8341291546821594,0.8341178894042969,0.9996549487113953,3.009249849128537e-05,3.009249849128537e-05,0.9999948740005493,0.8122110366821289,0.812207818031311
135.0,3.0,0.9995656609535217,3.1129799026530236e-05,3.1129799026530236e-05,0.9999948740005493,0.8308552503585815,0.8308431506156921,0.999606192111969,3.3159110898850486e-05,3.3159110898850486e-05,0.9999955892562866,0.8253141641616821,0.8253142237663269
135.0,4.0,0.9995585083961487,3.1382856832351536e-05,3.1382856832351536e-05,0.9999952912330627,0.8253996968269348,0.8253885507583618,0.9996338486671448,3.2135343644768e-05,3.2135343644768e-05,0.9999945163726807,0.8471478223800659,0.8471459150314331
136.0,0.0,0.9995872974395752,3.191656287526712e-05,3.191656287526712e-05,0.9999949336051941,0.825856626033783,0.8258412480354309,0.99952232837677,3.0014187359483913e-05,3.0014187359483913e-05,0.9999966025352478,0.8452764749526978,0.8452919125556946
136.0,1.0,0.9996087551116943,3.13528798869811e-05,3.13528798869811e-05,0.9999951124191284,0.83249431848526,0.8324962258338928,0.9994397163391113,3.226944318157621e-05,3.226944318157621e-05,0.9999954700469971,0.8187536001205444,0.8186981081962585
136.0,2.0,0.9995530843734741,3.189722337992862e-05,3.189722337992862e-05,0.999995231628418,0.8341292142868042,0.8341177105903625,0.9996552467346191,3.009946522070095e-05,3.009946522070095e-05,0.9999949932098389,0.8122110962867737,0.8122076988220215
136.0,3.0,0.9995676875114441,3.112979538855143e-05,3.112979538855143e-05,0.9999949336051941,0.8308550715446472,0.8308435082435608,0.9996067881584167,3.316115544294007e-05,3.316115544294007e-05,0.9999956488609314,0.8253141641616821,0.8253143429756165
136.0,4.0,0.9995582103729248,3.139088585157879e-05,3.139088585157879e-05,0.9999954700469971,0.8253997564315796,0.8253881335258484,0.999634325504303,3.2124891731655225e-05,3.2124891731655225e-05,0.9999944567680359,0.8471477627754211,0.8471458554267883
137.0,0.0,0.9995885491371155,3.192030999343842e-05,3.192030999343842e-05,0.9999947547912598,0.8258565664291382,0.8258412480354309,0.9995229840278625,3.0012011848157272e-05,3.0012011848157272e-05,0.9999966621398926,0.8452764749526978,0.8452919125556946
137.0,1.0,0.9996082186698914,3.134398502879776e-05,3.134398502879776e-05,0.9999949336051941,0.8324943780899048,0.832496166229248,0.9994378685951233,3.228816785849631e-05,3.228816785849631e-05,0.9999955296516418,0.8187536001205444,0.8186979293823242
137.0,2.0,0.9995540976524353,3.18960337608587e-05,3.18960337608587e-05,0.9999951124191284,0.8341289758682251,0.8341180086135864,0.9996551871299744,3.0104602046776563e-05,3.0104602046776563e-05,0.9999949336051941,0.8122109770774841,0.812207818031311
137.0,3.0,0.9995665550231934,3.11258299916517e-05,3.11258299916517e-05,0.9999949336051941,0.8308553695678711,0.8308431506156921,0.9996072053909302,3.3142499887617305e-05,3.3142499887617305e-05,0.9999955296516418,0.8253141045570374,0.8253143429756165
137.0,4.0,0.9995599985122681,3.138696411042474e-05,3.138696411042474e-05,0.9999953508377075,0.8253996968269348,0.8253881931304932,0.9996352791786194,3.2129995815921575e-05,3.2129995815921575e-05,0.9999945163726807,0.8471477627754211,0.8471458554267883
138.0,0.0,0.9995880126953125,3.1922896596370265e-05,3.1922896596370265e-05,0.999994695186615,0.8258566856384277,0.8258413076400757,0.9995226263999939,3.0029408662812784e-05,3.0029408662812784e-05,0.9999964237213135,0.8452764749526978,0.8452898263931274
138.0,1.0,0.9996095895767212,3.134534927085042e-05,3.134534927085042e-05,0.9999948740005493,0.8324943780899048,0.832496166229248,0.9994395971298218,3.227540582884103e-05,3.227540582884103e-05,0.9999955296516418,0.8187536001205444,0.818697988986969
138.0,2.0,0.9995549917221069,3.189692142768763e-05,3.189692142768763e-05,0.9999950528144836,0.8341293931007385,0.8341179490089417,0.9996551275253296,3.00965675705811e-05,3.00965675705811e-05,0.9999949336051941,0.8122110366821289,0.812207818031311
138.0,3.0,0.9995661973953247,3.112953345407732e-05,3.112953345407732e-05,0.9999949336051941,0.8308550119400024,0.8308430314064026,0.9996070265769958,3.3165568311233073e-05,3.3165568311233073e-05,0.9999955892562866,0.8253141641616821,0.8253142237663269
138.0,4.0,0.9995596408843994,3.1389299692818895e-05,3.1389299692818895e-05,0.9999952912330627,0.8253998160362244,0.8253879547119141,0.999634325504303,3.211201692465693e-05,3.211201692465693e-05,0.9999947547912598,0.8471487760543823,0.8471463918685913
139.0,0.0,0.999589204788208,3.191459836671129e-05,3.191459836671129e-05,0.9999948143959045,0.8258565664291382,0.8258414268493652,0.9995205998420715,3.0024140869500116e-05,3.0024140869500116e-05,0.9999964833259583,0.8452764749526978,0.845289945602417
139.0,1.0,0.9996077418327332,3.134150756523013e-05,3.134150756523013e-05,0.9999950528144836,0.8324946165084839,0.8324963450431824,0.9994390606880188,3.2289459340972826e-05,3.2289459340972826e-05,0.9999953508377075,0.8187536597251892,0.818697988986969
139.0,2.0,0.9995546936988831,3.189901326550171e-05,3.189901326550171e-05,0.9999949336051941,0.8341290950775146,0.8341179490089417,0.9996552467346191,3.0096402042545378e-05,3.0096402042545378e-05,0.9999948740005493,0.8122109770774841,0.8122077584266663
139.0,3.0,0.9995663166046143,3.112296690233052e-05,3.112296690233052e-05,0.9999948143959045,0.8308550119400024,0.8308430314064026,0.9996072053909302,3.315111098345369e-05,3.315111098345369e-05,0.9999956488609314,0.8253141045570374,0.8253142237663269
139.0,4.0,0.9995600581169128,3.138057581963949e-05,3.138057581963949e-05,0.999995231628418,0.8253996968269348,0.8253883719444275,0.9996349811553955,3.2112257031258196e-05,3.2112257031258196e-05,0.9999944567680359,0.8471478223800659,0.8471458554267883
140.0,0.0,0.9995875954627991,3.1907249649520963e-05,3.1907249649520963e-05,0.9999951124191284,0.8258569836616516,0.82584148645401,0.9995214343070984,3.001870572916232e-05,3.001870572916232e-05,0.9999966621398926,0.8452764749526978,0.8452919125556946
140.0,1.0,0.9996097087860107,3.134110738756135e-05,3.134110738756135e-05,0.9999949336051941,0.8324946165084839,0.8324962258338928,0.9994399547576904,3.227459092158824e-05,3.227459092158824e-05,0.9999954104423523,0.8187536597251892,0.818697988986969
140.0,2.0,0.9995547533035278,3.188820483046584e-05,3.188820483046584e-05,0.9999948740005493,0.8341292142868042,0.8341178894042969,0.9996557235717773,3.009399188158568e-05,3.009399188158568e-05,0.9999948143959045,0.8122110366821289,0.8122076988220215
140.0,3.0,0.9995663166046143,3.113041748292744e-05,3.113041748292744e-05,0.9999948143959045,0.8308551907539368,0.8308431506156921,0.999606728553772,3.314260902698152e-05,3.314260902698152e-05,0.9999955892562866,0.8253141641616821,0.8253142237663269
140.0,4.0,0.9995592832565308,3.1388375646201894e-05,3.1388375646201894e-05,0.9999952912330627,0.8253997564315796,0.8253883123397827,0.9996356964111328,3.210693466826342e-05,3.210693466826342e-05,0.9999945163726807,0.8471477627754211,0.8471458554267883
141.0,0.0,0.9995884895324707,3.190344068570994e-05,3.190344068570994e-05,0.9999950528144836,0.8258567452430725,0.8258413672447205,0.9995216131210327,3.0015922675374895e-05,3.0015922675374895e-05,0.999996542930603,0.8452764749526978,0.8452898263931274
141.0,1.0,0.9996087551116943,3.134101280011237e-05,3.134101280011237e-05,0.9999948143959045,0.8324941992759705,0.8324962258338928,0.9994378089904785,3.228196510463022e-05,3.228196510463022e-05,0.9999955296516418,0.8187534809112549,0.818697988986969
141.0,2.0,0.9995545148849487,3.188792470609769e-05,3.188792470609769e-05,0.999995231628418,0.8341290950775146,0.834117591381073,0.9996548295021057,3.0084484023973346e-05,3.0084484023973346e-05,0.9999949336051941,0.8122110366821289,0.8122076988220215
141.0,3.0,0.999567985534668,3.1123283406486735e-05,3.1123283406486735e-05,0.9999949932098389,0.8308550715446472,0.8308428525924683,0.9996066689491272,3.314789864816703e-05,3.314789864816703e-05,0.9999956488609314,0.8253141641616821,0.8253143429756165
141.0,4.0,0.9995595216751099,3.138753891107626e-05,3.138753891107626e-05,0.9999953508377075,0.8253996968269348,0.8253882527351379,0.9996348023414612,3.2106392609421164e-05,3.2106392609421164e-05,0.9999945163726807,0.8471477627754211,0.8471459150314331
142.0,0.0,0.9995887279510498,3.1905907235341147e-05,3.1905907235341147e-05,0.9999948740005493,0.8258569240570068,0.8258413672447205,0.9995225071907043,3.0024924853933044e-05,3.0024924853933044e-05,0.9999964237213135,0.845276415348053,0.845289945602417
142.0,1.0,0.9996086359024048,3.133951031486504e-05,3.133951031486504e-05,0.9999948740005493,0.8324946165084839,0.8324962258338928,0.9994414448738098,3.227063643862493e-05,3.227063643862493e-05,0.9999954700469971,0.8187536001205444,0.8186979293823242
142.0,2.0,0.9995549321174622,3.1884192139841616e-05,3.1884192139841616e-05,0.9999951124191284,0.8341291546821594,0.8341180086135864,0.9996553063392639,3.009855754498858e-05,3.009855754498858e-05,0.9999948143959045,0.8122110962867737,0.812207818031311
142.0,3.0,0.9995682835578918,3.11241892632097e-05,3.11241892632097e-05,0.9999952912330627,0.8308553695678711,0.8308432698249817,0.9996067881584167,3.314514833618887e-05,3.314514833618887e-05,0.9999955296516418,0.8253142237663269,0.8253142237663269
142.0,4.0,0.9995604157447815,3.137855674140155e-05,3.137855674140155e-05,0.9999953508377075,0.8253996968269348,0.8253881931304932,0.9996356964111328,3.209827991668135e-05,3.209827991668135e-05,0.9999948143959045,0.847149670124054,0.8471468687057495
143.0,0.0,0.99958735704422,3.190264760632999e-05,3.190264760632999e-05,0.9999944567680359,0.8258568644523621,0.8258412480354309,0.9995208978652954,3.0032013455638662e-05,3.0032013455638662e-05,0.9999964237213135,0.8452764749526978,0.8452898859977722
143.0,1.0,0.9996092319488525,3.133737118332647e-05,3.133737118332647e-05,0.9999948740005493,0.8324946761131287,0.8324963450431824,0.9994388222694397,3.227831984986551e-05,3.227831984986551e-05,0.9999954104423523,0.8187536597251892,0.8186979293823242
143.0,2.0,0.999555230140686,3.188426126143895e-05,3.188426126143895e-05,0.9999952912330627,0.8341293334960938,0.834118127822876,0.9996550679206848,3.009976353496313e-05,3.009976353496313e-05,0.9999949336051941,0.8122110962867737,0.8122076988220215
143.0,3.0,0.9995665550231934,3.112298873020336e-05,3.112298873020336e-05,0.9999948740005493,0.8308554291725159,0.8308430314064026,0.9996069073677063,3.314000787213445e-05,3.314000787213445e-05,0.9999955892562866,0.8253141045570374,0.8253142237663269
143.0,4.0,0.999559760093689,3.138374813715927e-05,3.138374813715927e-05,0.9999950528144836,0.82539963722229,0.8253882527351379,0.9996352791786194,3.2097159419208765e-05,3.2097159419208765e-05,0.9999948143959045,0.8471487760543823,0.8471463918685913
144.0,0.0,0.9995884299278259,3.189823473803699e-05,3.189823473803699e-05,0.9999949336051941,0.8258569836616516,0.8258412480354309,0.9995238780975342,3.0034354495001025e-05,3.0034354495001025e-05,0.9999964237213135,0.845276415348053,0.8452898859977722
144.0,1.0,0.9996089935302734,3.133774225716479e-05,3.133774225716479e-05,0.9999949932098389,0.8324947953224182,0.8324962258338928,0.9994409680366516,3.227897104807198e-05,3.227897104807198e-05,0.9999953508377075,0.8187536597251892,0.8186980485916138
144.0,2.0,0.9995549917221069,3.188324990333058e-05,3.188324990333058e-05,0.9999949336051941,0.8341293334960938,0.8341178297996521,0.9996554851531982,3.0093875466263853e-05,3.0093875466263853e-05,0.9999948740005493,0.8122110366821289,0.8122077584266663
144.0,3.0,0.9995672702789307,3.112314880127087e-05,3.112314880127087e-05,0.9999948740005493,0.8308553695678711,0.8308433890342712,0.9996073246002197,3.313022534712218e-05,3.313022534712218e-05,0.9999956488609314,0.8253141045570374,0.8253141641616821
144.0,4.0,0.9995607733726501,3.1381194276036695e-05,3.1381194276036695e-05,0.9999950528144836,0.8253997564315796,0.8253884315490723,0.9996355175971985,3.209753049304709e-05,3.209753049304709e-05,0.9999949932098389,0.8471495509147644,0.8471468091011047
145.0,0.0,0.9995896220207214,3.19026512443088e-05,3.19026512443088e-05,0.9999948143959045,0.825856626033783,0.8258411884307861,0.9995221495628357,3.0028351829969324e-05,3.0028351829969324e-05,0.9999964833259583,0.8452764749526978,0.845289945602417
145.0,1.0,0.9996089935302734,3.13374403049238e-05,3.13374403049238e-05,0.9999949932098389,0.8324943780899048,0.8324961066246033,0.9994397759437561,3.2268570066662505e-05,3.2268570066662505e-05,0.9999955296516418,0.8187536001205444,0.818697988986969
145.0,2.0,0.9995550513267517,3.187984475516714e-05,3.187984475516714e-05,0.9999951124191284,0.8341293931007385,0.8341181874275208,0.9996556043624878,3.0101868105703034e-05,3.0101868105703034e-05,0.9999949336051941,0.8122110366821289,0.812207818031311
145.0,3.0,0.999567449092865,3.1122421205509454e-05,3.1122421205509454e-05,0.9999952912330627,0.8308554291725159,0.8308431506156921,0.9996072053909302,3.312467742944136e-05,3.312467742944136e-05,0.9999955296516418,0.8253141641616821,0.8253142237663269
145.0,4.0,0.9995604157447815,3.13789387291763e-05,3.13789387291763e-05,0.9999954104423523,0.8253997564315796,0.8253881335258484,0.9996353983879089,3.208562338841148e-05,3.208562338841148e-05,0.9999945759773254,0.8471478223800659,0.8471459150314331
146.0,0.0,0.9995884895324707,3.189248309354298e-05,3.189248309354298e-05,0.9999947547912598,0.8258568644523621,0.8258414268493652,0.99952232837677,3.0028937544557266e-05,3.0028937544557266e-05,0.9999964237213135,0.845276415348053,0.8452898859977722
146.0,1.0,0.9996076822280884,3.133182326564565e-05,3.133182326564565e-05,0.9999948143959045,0.8324944376945496,0.832496166229248,0.9994375705718994,3.227758497814648e-05,3.227758497814648e-05,0.9999953508377075,0.8187536001205444,0.818697988986969
146.0,2.0,0.999554455280304,3.187996844644658e-05,3.187996844644658e-05,0.999995231628418,0.8341290950775146,0.8341179490089417,0.9996552467346191,3.010268665093463e-05,3.010268665093463e-05,0.9999948143959045,0.8122110366821289,0.812207818031311
146.0,3.0,0.9995661973953247,3.1126623071031645e-05,3.1126623071031645e-05,0.9999948740005493,0.8308553695678711,0.8308430910110474,0.9996065497398376,3.312604167149402e-05,3.312604167149402e-05,0.9999955892562866,0.8253141641616821,0.8253142237663269
146.0,4.0,0.9995599985122681,3.138539250358008e-05,3.138539250358008e-05,0.9999949932098389,0.8253995776176453,0.8253881335258484,0.9996355175971985,3.209011265425943e-05,3.209011265425943e-05,0.9999945163726807,0.8471478223800659,0.8471458554267883
147.0,0.0,0.9995889067649841,3.1887797376839444e-05,3.1887797376839444e-05,0.9999948740005493,0.825856626033783,0.8258411288261414,0.9995221495628357,3.0028377295820974e-05,3.0028377295820974e-05,0.999996542930603,0.8452764749526978,0.845289945602417
147.0,1.0,0.99960857629776,3.133557765977457e-05,3.133557765977457e-05,0.9999952912330627,0.8324945569038391,0.8324964642524719,0.9994403719902039,3.2270771043840796e-05,3.2270771043840796e-05,0.9999954104423523,0.8187536597251892,0.8186979293823242
147.0,2.0,0.9995542168617249,3.187933180015534e-05,3.187933180015534e-05,0.9999952912330627,0.834129273891449,0.8341180086135864,0.9996554255485535,3.008881139976438e-05,3.008881139976438e-05,0.9999948143959045,0.8122109770774841,0.8122077584266663
147.0,3.0,0.999567985534668,3.112123522441834e-05,3.112123522441834e-05,0.9999950528144836,0.8308556079864502,0.8308431506156921,0.9996076226234436,3.312224362161942e-05,3.312224362161942e-05,0.9999955892562866,0.8253141641616821,0.8253143429756165
147.0,4.0,0.9995589852333069,3.138387546641752e-05,3.138387546641752e-05,0.9999953508377075,0.82539963722229,0.8253882527351379,0.9996359944343567,3.208139605703764e-05,3.208139605703764e-05,0.9999945759773254,0.8471477627754211,0.8471459150314331
148.0,0.0,0.999588668346405,3.189282870152965e-05,3.189282870152965e-05,0.9999948740005493,0.825856626033783,0.8258411884307861,0.9995214343070984,3.0033963412279263e-05,3.0033963412279263e-05,0.9999964833259583,0.8452764749526978,0.8452898859977722
148.0,1.0,0.9996089935302734,3.133770587737672e-05,3.133770587737672e-05,0.9999948740005493,0.8324943780899048,0.832496166229248,0.9994408488273621,3.226409899070859e-05,3.226409899070859e-05,0.9999954700469971,0.8187536001205444,0.8186979293823242
148.0,2.0,0.9995554089546204,3.187585753039457e-05,3.187585753039457e-05,0.9999949932098389,0.834129273891449,0.8341179490089417,0.9996550679206848,3.009527426911518e-05,3.009527426911518e-05,0.9999949336051941,0.8122110366821289,0.8122077584266663
148.0,3.0,0.9995667934417725,3.1123083317652345e-05,3.1123083317652345e-05,0.9999950528144836,0.8308550715446472,0.8308429718017578,0.9996079206466675,3.312275293865241e-05,3.312275293865241e-05,0.9999955296516418,0.8253141641616821,0.8253142237663269
148.0,4.0,0.9995595216751099,3.1382493034470826e-05,3.1382493034470826e-05,0.9999954104423523,0.8253996968269348,0.8253883123397827,0.9996358752250671,3.207325062248856e-05,3.207325062248856e-05,0.9999948143959045,0.847149670124054,0.8471466898918152
149.0,0.0,0.9995891451835632,3.189201743225567e-05,3.189201743225567e-05,0.9999948740005493,0.8258569240570068,0.8258413672447205,0.9995222687721252,3.0036555472179316e-05,3.0036555472179316e-05,0.999996542930603,0.8452764749526978,0.845289945602417
149.0,1.0,0.99960857629776,3.133252539555542e-05,3.133252539555542e-05,0.9999950528144836,0.8324943780899048,0.8324963450431824,0.9994399547576904,3.227296838304028e-05,3.227296838304028e-05,0.9999954104423523,0.8187536597251892,0.8186980485916138
149.0,2.0,0.9995547533035278,3.187553375028074e-05,3.187553375028074e-05,0.9999952912330627,0.8341295719146729,0.8341182470321655,0.9996547698974609,3.0096996852080338e-05,3.0096996852080338e-05,0.9999948143959045,0.8122110366821289,0.8122078776359558
149.0,3.0,0.999566376209259,3.1120995117817074e-05,3.1120995117817074e-05,0.9999952912330627,0.8308553099632263,0.8308432698249817,0.9996066093444824,3.313027264084667e-05,3.313027264084667e-05,0.9999955892562866,0.8253141641616821,0.8253142237663269
149.0,4.0,0.9995588064193726,3.1382031011162326e-05,3.1382031011162326e-05,0.9999953508377075,0.8253997564315796,0.8253881931304932,0.9996356964111328,3.207058398402296e-05,3.207058398402296e-05,0.9999945163726807,0.8471478223800659,0.8471457958221436
150.0,0.0,0.9995892643928528,3.187763650203124e-05,3.187763650203124e-05,0.9999947547912598,0.8258566856384277,0.8258411884307861,0.9995225071907043,3.000822471221909e-05,3.000822471221909e-05,0.9999964237213135,0.845276415348053,0.8452898859977722
150.0,1.0,0.9996088743209839,3.131371340714395e-05,3.131371340714395e-05,0.9999949336051941,0.8324943780899048,0.8324961066246033,0.9994418025016785,3.223072053515352e-05,3.223072053515352e-05,0.9999953508377075,0.8187536597251892,0.8186979293823242
150.0,2.0,0.9995553493499756,3.185818422934972e-05,3.185818422934972e-05,0.9999949336051941,0.8341290354728699,0.8341177701950073,0.9996549487113953,3.008998100995086e-05,3.008998100995086e-05,0.9999950528144836,0.8122110366821289,0.8122076988220215
150.0,3.0,0.9995673298835754,3.110193574684672e-05,3.110193574684672e-05,0.9999951124191284,0.8308554291725159,0.8308430314064026,0.9996076822280884,3.311302134534344e-05,3.311302134534344e-05,0.9999956488609314,0.8253141045570374,0.8253142237663269
150.0,4.0,0.9995600581169128,3.13618074869737e-05,3.13618074869737e-05,0.9999953508377075,0.8253997564315796,0.8253883123397827,0.9996351599693298,3.2069725421024486e-05,3.2069725421024486e-05,0.9999944567680359,0.8471478223800659,0.8471458554267883
151.0,0.0,0.9995884895324707,3.187445690855384e-05,3.187445690855384e-05,0.9999947547912598,0.825856626033783,0.8258411884307861,0.9995231032371521,3.001173354277853e-05,3.001173354277853e-05,0.9999964833259583,0.8452764749526978,0.8452898263931274
151.0,1.0,0.9996093511581421,3.131742778350599e-05,3.131742778350599e-05,0.999995231628418,0.8324945569038391,0.8324963450431824,0.9994416236877441,3.22356863762252e-05,3.22356863762252e-05,0.9999954104423523,0.8187536597251892,0.8186979293823242
151.0,2.0,0.9995552897453308,3.185974492225796e-05,3.185974492225796e-05,0.9999952912330627,0.8341299295425415,0.8341182470321655,0.9996553659439087,3.0082386729191057e-05,3.0082386729191057e-05,0.9999948740005493,0.8122110366821289,0.8122077584266663
151.0,3.0,0.9995676875114441,3.1097515602596104e-05,3.1097515602596104e-05,0.9999950528144836,0.8308552503585815,0.8308430910110474,0.9996078610420227,3.311593536636792e-05,3.311593536636792e-05,0.9999957084655762,0.8253141641616821,0.8253142237663269
151.0,4.0,0.9995606541633606,3.135253791697323e-05,3.135253791697323e-05,0.9999952912330627,0.8253995776176453,0.8253882527351379,0.9996355772018433,3.207468762411736e-05,3.207468762411736e-05,0.9999943971633911,0.8471477627754211,0.8471458554267883
152.0,0.0,0.9995895624160767,3.187578113283962e-05,3.187578113283962e-05,0.9999948740005493,0.825856626033783,0.8258412480354309,0.9995222091674805,3.00019710266497e-05,3.00019710266497e-05,0.9999964237213135,0.8452764749526978,0.8452898859977722
152.0,1.0,0.9996094107627869,3.1316885724663734e-05,3.1316885724663734e-05,0.999995231628418,0.8324946165084839,0.8324964642524719,0.9994418025016785,3.2242889574263245e-05,3.2242889574263245e-05,0.9999954700469971,0.8187534809112549,0.8186979293823242
152.0,2.0,0.9995549917221069,3.185684545314871e-05,3.185684545314871e-05,0.9999951124191284,0.8341292142868042,0.8341181874275208,0.9996551275253296,3.0076495022512972e-05,3.0076495022512972e-05,0.9999948143959045,0.8122110962867737,0.8122076988220215
152.0,3.0,0.9995675086975098,3.1099265470402315e-05,3.1099265470402315e-05,0.9999949336051941,0.8308553099632263,0.8308430910110474,0.9996076226234436,3.311603722977452e-05,3.311603722977452e-05,0.9999955892562866,0.8253141641616821,0.8253142237663269
152.0,4.0,0.9995595216751099,3.136235318379477e-05,3.136235318379477e-05,0.9999951124191284,0.8253995776176453,0.8253883719444275,0.9996355175971985,3.2065148843685165e-05,3.2065148843685165e-05,0.9999947547912598,0.847148597240448,0.8471463322639465
153.0,0.0,0.9995882511138916,3.1871510145720094e-05,3.1871510145720094e-05,0.999994695186615,0.8258568644523621,0.8258413672447205,0.9995219707489014,3.0017215976840816e-05,3.0017215976840816e-05,0.999996542930603,0.8452764749526978,0.8452898263931274
153.0,1.0,0.9996098279953003,3.1318322726292536e-05,3.1318322726292536e-05,0.9999950528144836,0.8324944376945496,0.8324962258338928,0.9994412064552307,3.223440580768511e-05,3.223440580768511e-05,0.9999954700469971,0.8187536001205444,0.818697988986969
153.0,2.0,0.9995555281639099,3.185747118550353e-05,3.185747118550353e-05,0.999995231628418,0.8341293931007385,0.8341177701950073,0.9996553063392639,3.008709791174624e-05,3.008709791174624e-05,0.9999949932098389,0.8122110366821289,0.8122076988220215
153.0,3.0,0.9995675683021545,3.110436591668986e-05,3.110436591668986e-05,0.9999948740005493,0.8308550119400024,0.8308431506156921,0.9996072053909302,3.31140254274942e-05,3.31140254274942e-05,0.9999956488609314,0.8253140449523926,0.8253142237663269
153.0,4.0,0.9995594024658203,3.135916267638095e-05,3.135916267638095e-05,0.9999954104423523,0.8253996968269348,0.8253883123397827,0.9996364116668701,3.2076368370326236e-05,3.2076368370326236e-05,0.9999947547912598,0.8471488356590271,0.8471463322639465
154.0,0.0,0.99958735704422,3.1878153095021844e-05,3.1878153095021844e-05,0.9999945759773254,0.8258568644523621,0.8258411884307861,0.9995225667953491,3.0008910471224226e-05,3.0008910471224226e-05,0.9999964237213135,0.8452764749526978,0.8452898859977722
154.0,1.0,0.9996093511581421,3.132097845082171e-05,3.132097845082171e-05,0.9999948740005493,0.8324946165084839,0.8324963450431824,0.9994431734085083,3.224574538762681e-05,3.224574538762681e-05,0.9999955296516418,0.8187536597251892,0.818697988986969
154.0,2.0,0.9995561838150024,3.1856798159424216e-05,3.1856798159424216e-05,0.9999951124191284,0.8341290950775146,0.8341180086135864,0.9996553063392639,3.0087812774581835e-05,3.0087812774581835e-05,0.9999951124191284,0.8122110366821289,0.812207818031311
154.0,3.0,0.9995675683021545,3.110003308393061e-05,3.110003308393061e-05,0.999995231628418,0.8308553099632263,0.8308430910110474,0.9996071457862854,3.311501131975092e-05,3.311501131975092e-05,0.9999955296516418,0.8253141641616821,0.8253142237663269
154.0,4.0,0.9995595812797546,3.136672603432089e-05,3.136672603432089e-05,0.9999953508377075,0.82539963722229,0.8253882527351379,0.9996355175971985,3.206560359103605e-05,3.206560359103605e-05,0.9999945759773254,0.8471488356590271,0.8471464514732361
155.0,0.0,0.9995887875556946,3.187749098287895e-05,3.187749098287895e-05,0.9999947547912598,0.825856626033783,0.8258413076400757,0.9995211362838745,3.0007986424607225e-05,3.0007986424607225e-05,0.9999964833259583,0.8452764749526978,0.8452898263931274
155.0,1.0,0.9996097683906555,3.131504126940854e-05,3.131504126940854e-05,0.999994695186615,0.8324945569038391,0.8324964642524719,0.9994392991065979,3.223461681045592e-05,3.223461681045592e-05,0.9999954700469971,0.8187536597251892,0.818697988986969
155.0,2.0,0.9995554089546204,3.185523019055836e-05,3.185523019055836e-05,0.9999950528144836,0.8341290354728699,0.8341178894042969,0.9996559023857117,3.008342901011929e-05,3.008342901011929e-05,0.9999949932098389,0.8122110366821289,0.8122077584266663
155.0,3.0,0.9995676875114441,3.110078978352249e-05,3.110078978352249e-05,0.9999949932098389,0.8308550119400024,0.8308430910110474,0.9996070861816406,3.31088449456729e-05,3.31088449456729e-05,0.9999955892562866,0.8253141045570374,0.8253142237663269
155.0,4.0,0.9995599389076233,3.135584120173007e-05,3.135584120173007e-05,0.9999951124191284,0.8254002332687378,0.8253883719444275,0.9996355175971985,3.2072741305455565e-05,3.2072741305455565e-05,0.9999945759773254,0.847148597240448,0.8471463918685913
156.0,0.0,0.9995896220207214,3.1872070394456387e-05,3.1872070394456387e-05,0.9999945759773254,0.825856626033783,0.8258411884307861,0.9995222091674805,3.0009827241883613e-05,3.0009827241883613e-05,0.9999964833259583,0.8452764749526978,0.8452898263931274
156.0,1.0,0.9996097087860107,3.1323139410233125e-05,3.1323139410233125e-05,0.9999948740005493,0.8324944972991943,0.8324960470199585,0.9994423985481262,3.2249739888357e-05,3.2249739888357e-05,0.9999955892562866,0.8187536597251892,0.8186979293823242
156.0,2.0,0.9995551109313965,3.1858537113294005e-05,3.1858537113294005e-05,0.9999952912330627,0.8341293334960938,0.834118127822876,0.9996551275253296,3.00759456877131e-05,3.00759456877131e-05,0.9999948740005493,0.8122110962867737,0.812207818031311
156.0,3.0,0.9995678663253784,3.110400211880915e-05,3.110400211880915e-05,0.9999948740005493,0.8308553695678711,0.8308432698249817,0.9996070861816406,3.311906766612083e-05,3.311906766612083e-05,0.9999955892562866,0.8253141045570374,0.8253143429756165
156.0,4.0,0.9995598196983337,3.135930819553323e-05,3.135930819553323e-05,0.9999954104423523,0.8253996968269348,0.8253882527351379,0.9996355175971985,3.2074531191028655e-05,3.2074531191028655e-05,0.999994695186615,0.847148597240448,0.8471462726593018
157.0,0.0,0.9995886087417603,3.1873460102360696e-05,3.1873460102360696e-05,0.9999948143959045,0.8258566856384277,0.8258413076400757,0.9995230436325073,3.001306686201133e-05,3.001306686201133e-05,0.999996542930603,0.8452764749526978,0.8452898859977722
157.0,1.0,0.9996097087860107,3.131483026663773e-05,3.131483026663773e-05,0.9999950528144836,0.8324944972991943,0.8324965834617615,0.9994416832923889,3.2239287975244224e-05,3.2239287975244224e-05,0.9999954700469971,0.8187536001205444,0.818697988986969
157.0,2.0,0.9995550513267517,3.186008325428702e-05,3.186008325428702e-05,0.999995231628418,0.8341290354728699,0.8341179490089417,0.9996552467346191,3.0081699151196517e-05,3.0081699151196517e-05,0.9999949336051941,0.8122109770774841,0.8122078776359558
157.0,3.0,0.999567985534668,3.109960016445257e-05,3.109960016445257e-05,0.9999949336051941,0.8308553099632263,0.8308430910110474,0.9996073842048645,3.3116870326921344e-05,3.3116870326921344e-05,0.9999956488609314,0.8253141045570374,0.8253142237663269
157.0,4.0,0.9995613098144531,3.135853330604732e-05,3.135853330604732e-05,0.9999953508377075,0.8253996968269348,0.8253881931304932,0.9996355175971985,3.207009649486281e-05,3.207009649486281e-05,0.999994695186615,0.8471488356590271,0.8471463918685913
158.0,0.0,0.9995891451835632,3.187062611686997e-05,3.187062611686997e-05,0.9999948143959045,0.825856626033783,0.8258411288261414,0.9995236396789551,3.0013243303983472e-05,3.0013243303983472e-05,0.999996542930603,0.845276415348053,0.8452898859977722
158.0,1.0,0.9996092915534973,3.1318624678533524e-05,3.1318624678533524e-05,0.9999949932098389,0.8324947953224182,0.8324964046478271,0.999439001083374,3.223700332455337e-05,3.223700332455337e-05,0.9999955296516418,0.8187534809112549,0.8186979293823242
158.0,2.0,0.9995560050010681,3.1858086003921926e-05,3.1858086003921926e-05,0.999995231628418,0.8341292142868042,0.8341181874275208,0.9996551871299744,3.0073568268562667e-05,3.0073568268562667e-05,0.9999949932098389,0.8122110366821289,0.812207818031311
158.0,3.0,0.9995687007904053,3.110466059297323e-05,3.110466059297323e-05,0.9999951124191284,0.8308553099632263,0.8308431506156921,0.9996073246002197,3.311933687655255e-05,3.311933687655255e-05,0.9999955892562866,0.8253141641616821,0.8253143429756165
158.0,4.0,0.9995599985122681,3.1359766580862924e-05,3.1359766580862924e-05,0.9999950528144836,0.8253996968269348,0.8253881335258484,0.9996353387832642,3.206608380423859e-05,3.206608380423859e-05,0.9999945163726807,0.8471478223800659,0.8471459150314331
159.0,0.0,0.999589204788208,3.188078335369937e-05,3.188078335369937e-05,0.9999949932098389,0.8258574604988098,0.8258416652679443,0.9995225667953491,3.0007211535121314e-05,3.0007211535121314e-05,0.9999966025352478,0.845276415348053,0.8452898859977722
159.0,1.0,0.9996092915534973,3.131851917714812e-05,3.131851917714812e-05,0.9999949932098389,0.8324944972991943,0.8324961066246033,0.9994416236877441,3.2237796403933316e-05,3.2237796403933316e-05,0.9999955892562866,0.8187536597251892,0.818697988986969
159.0,2.0,0.9995548725128174,3.1857813155511394e-05,3.1857813155511394e-05,0.9999953508377075,0.8341290354728699,0.8341179490089417,0.9996560215950012,3.0078021154622547e-05,3.0078021154622547e-05,0.9999948740005493,0.8122110962867737,0.812207818031311
159.0,3.0,0.9995677471160889,3.1098665203899145e-05,3.1098665203899145e-05,0.9999948740005493,0.8308550715446472,0.8308430910110474,0.9996081590652466,3.31133596773725e-05,3.31133596773725e-05,0.9999955892562866,0.8253141045570374,0.8253142237663269
159.0,4.0,0.9995611310005188,3.135724909952842e-05,3.135724909952842e-05,0.9999952912330627,0.8253996968269348,0.8253883719444275,0.9996359348297119,3.2070365705294535e-05,3.2070365705294535e-05,0.9999948143959045,0.8471486568450928,0.8471463322639465
160.0,0.0,0.999588668346405,3.18716665788088e-05,3.18716665788088e-05,0.9999948143959045,0.8258569836616516,0.8258412480354309,0.9995219707489014,3.0018822144484147e-05,3.0018822144484147e-05,0.999996542930603,0.8452764749526978,0.845289945602417
160.0,1.0,0.9996100664138794,3.1321138521889225e-05,3.1321138521889225e-05,0.9999949932098389,0.83249431848526,0.8324960470199585,0.9994398355484009,3.224320607841946e-05,3.224320607841946e-05,0.9999954104423523,0.8187536597251892,0.818697988986969
160.0,2.0,0.9995565414428711,3.1862113246461377e-05,3.1862113246461377e-05,0.9999949932098389,0.8341290950775146,0.8341179490089417,0.9996551871299744,3.0066781619098037e-05,3.0066781619098037e-05,0.9999948740005493,0.8122110366821289,0.8122076988220215
160.0,3.0,0.9995672702789307,3.109824683633633e-05,3.109824683633633e-05,0.999995231628418,0.8308550715446472,0.8308430314064026,0.9996071457862854,3.3113465178757906e-05,3.3113465178757906e-05,0.9999956488609314,0.8253141045570374,0.8253143429756165
160.0,4.0,0.9995601773262024,3.136413943138905e-05,3.136413943138905e-05,0.9999952912330627,0.82539963722229,0.8253879547119141,0.9996359348297119,3.206844121450558e-05,3.206844121450558e-05,0.9999948740005493,0.8471495509147644,0.8471468687057495
161.0,0.0,0.9995906949043274,3.187538095517084e-05,3.187538095517084e-05,0.9999948143959045,0.8258565664291382,0.8258412480354309,0.9995208382606506,3.0010300179128535e-05,3.0010300179128535e-05,0.9999964833259583,0.8452764749526978,0.8452898859977722
161.0,1.0,0.9996097087860107,3.1318559194915e-05,3.1318559194915e-05,0.9999949336051941,0.8324946165084839,0.8324962258338928,0.9994421601295471,3.2251158700091764e-05,3.2251158700091764e-05,0.9999954700469971,0.8187536001205444,0.8186980485916138
161.0,2.0,0.9995555877685547,3.185051173204556e-05,3.185051173204556e-05,0.9999952912330627,0.8341296911239624,0.834118127822876,0.9996553063392639,3.0079891075729392e-05,3.0079891075729392e-05,0.9999948740005493,0.8122110366821289,0.8122077584266663
161.0,3.0,0.9995677471160889,3.110076067969203e-05,3.110076067969203e-05,0.9999950528144836,0.8308553695678711,0.8308433890342712,0.9996069073677063,3.3118507417384535e-05,3.3118507417384535e-05,0.9999955296516418,0.8253141641616821,0.8253143429756165
161.0,4.0,0.9995608925819397,3.136005034320988e-05,3.136005034320988e-05,0.999995231628418,0.8253997564315796,0.8253883123397827,0.9996352791786194,3.207007466698997e-05,3.207007466698997e-05,0.9999947547912598,0.847148597240448,0.8471463322639465
162.0,0.0,0.9995895028114319,3.187922993674874e-05,3.187922993674874e-05,0.999994695186615,0.8258568644523621,0.8258411884307861,0.9995226263999939,3.000929791596718e-05,3.000929791596718e-05,0.999996542930603,0.845276415348053,0.8452898859977722
162.0,1.0,0.9996090531349182,3.131648918497376e-05,3.131648918497376e-05,0.9999950528144836,0.8324947357177734,0.8324964642524719,0.9994415044784546,3.2252610253635794e-05,3.2252610253635794e-05,0.9999954104423523,0.8187536597251892,0.818697988986969
162.0,2.0,0.9995543956756592,3.185546665918082e-05,3.185546665918082e-05,0.9999950528144836,0.8341293334960938,0.8341178297996521,0.9996547102928162,3.0075039830990136e-05,3.0075039830990136e-05,0.9999948740005493,0.8122110366821289,0.8122076988220215
162.0,3.0,0.9995667338371277,3.109579483862035e-05,3.109579483862035e-05,0.9999948740005493,0.8308553099632263,0.830843448638916,0.9996077418327332,3.310105239506811e-05,3.310105239506811e-05,0.9999955892562866,0.8253141045570374,0.8253143429756165
162.0,4.0,0.9995598196983337,3.136019950034097e-05,3.136019950034097e-05,0.9999950528144836,0.82539963722229,0.8253882527351379,0.9996350407600403,3.206191468052566e-05,3.206191468052566e-05,0.9999949932098389,0.847149670124054,0.8471466898918152
163.0,0.0,0.9995889067649841,3.1876399589236826e-05,3.1876399589236826e-05,0.9999948143959045,0.8258568644523621,0.8258416056632996,0.9995211362838745,3.0025315936654806e-05,3.0025315936654806e-05,0.9999966025352478,0.8452764749526978,0.8452898859977722
163.0,1.0,0.9996094107627869,3.1314561056206e-05,3.1314561056206e-05,0.9999951124191284,0.8324945569038391,0.8324964642524719,0.9994422793388367,3.223916428396478e-05,3.223916428396478e-05,0.9999954104423523,0.8187536001205444,0.8186979293823242
163.0,2.0,0.9995554685592651,3.185960304108448e-05,3.185960304108448e-05,0.9999950528144836,0.8341290354728699,0.8341179490089417,0.9996548891067505,3.0079163479967974e-05,3.0079163479967974e-05,0.9999949336051941,0.8122110366821289,0.8122077584266663
163.0,3.0,0.9995681643486023,3.110095713054761e-05,3.110095713054761e-05,0.9999950528144836,0.8308552503585815,0.8308433294296265,0.999607264995575,3.311388718429953e-05,3.311388718429953e-05,0.9999957084655762,0.8253141641616821,0.8253146409988403
163.0,4.0,0.9995595812797546,3.1363131711259484e-05,3.1363131711259484e-05,0.9999954104423523,0.8253996968269348,0.8253881335258484,0.9996352791786194,3.2075280614662915e-05,3.2075280614662915e-05,0.9999948740005493,0.847149670124054,0.8471468091011047
164.0,0.0,0.9995886087417603,3.187357651768252e-05,3.187357651768252e-05,0.9999948143959045,0.825856626033783,0.8258412480354309,0.9995207190513611,3.000649667228572e-05,3.000649667228572e-05,0.9999966025352478,0.8452764749526978,0.8452898263931274
164.0,1.0,0.9996090531349182,3.131575431325473e-05,3.131575431325473e-05,0.9999951124191284,0.8324944376945496,0.8324962258338928,0.9994431734085083,3.223204839741811e-05,3.223204839741811e-05,0.9999953508377075,0.8187536597251892,0.8186979293823242
164.0,2.0,0.9995551109313965,3.186054527759552e-05,3.186054527759552e-05,0.9999949932098389,0.834129273891449,0.8341178894042969,0.9996559023857117,3.0075305403443053e-05,3.0075305403443053e-05,0.9999948740005493,0.8122110366821289,0.812207818031311
164.0,3.0,0.9995678067207336,3.1099691113922745e-05,3.1099691113922745e-05,0.9999949932098389,0.8308554291725159,0.8308432698249817,0.9996072053909302,3.309551175334491e-05,3.309551175334491e-05,0.9999955892562866,0.8253141641616821,0.8253142237663269
164.0,4.0,0.9995594620704651,3.136281520710327e-05,3.136281520710327e-05,0.9999952912330627,0.8253996968269348,0.8253883123397827,0.9996353387832642,3.207267218385823e-05,3.207267218385823e-05,0.9999945163726807,0.8471478223800659,0.8471459150314331
165.0,0.0,0.9995889663696289,3.187370748491958e-05,3.187370748491958e-05,0.9999949336051941,0.8258565664291382,0.8258413672447205,0.9995227456092834,3.001847471750807e-05,3.001847471750807e-05,0.9999964237213135,0.8452764749526978,0.845289945602417
165.0,1.0,0.9996103048324585,3.132002166239545e-05,3.132002166239545e-05,0.9999949336051941,0.8324944376945496,0.832496166229248,0.9994425773620605,3.2252522942144424e-05,3.2252522942144424e-05,0.9999954104423523,0.8187536001205444,0.818697988986969
165.0,2.0,0.9995554089546204,3.185646710335277e-05,3.185646710335277e-05,0.9999952912330627,0.8341293334960938,0.8341178894042969,0.9996556639671326,3.0071609216975048e-05,3.0071609216975048e-05,0.9999949932098389,0.8122109770774841,0.812207818031311
165.0,3.0,0.9995671510696411,3.109833050984889e-05,3.109833050984889e-05,0.9999950528144836,0.8308554291725159,0.8308431506156921,0.9996082186698914,3.311112959636375e-05,3.311112959636375e-05,0.9999955892562866,0.8253141641616821,0.8253141641616821
165.0,4.0,0.9995612502098083,3.135413135169074e-05,3.135413135169074e-05,0.9999952912330627,0.8253997564315796,0.8253881931304932,0.9996364116668701,3.2081123208627105e-05,3.2081123208627105e-05,0.999994695186615,0.847148597240448,0.8471461534500122
166.0,0.0,0.9995891451835632,3.187459515174851e-05,3.187459515174851e-05,0.9999948740005493,0.8258569240570068,0.8258413672447205,0.9995214939117432,3.0013397918082774e-05,3.0013397918082774e-05,0.999996542930603,0.8452764749526978,0.8452898859977722
166.0,1.0,0.9996095895767212,3.131240009679459e-05,3.131240009679459e-05,0.9999950528144836,0.8324946165084839,0.8324964642524719,0.9994411468505859,3.2240488508250564e-05,3.2240488508250564e-05,0.9999954700469971,0.8187536001205444,0.818697988986969
166.0,2.0,0.9995558857917786,3.1858860893407837e-05,3.1858860893407837e-05,0.9999952912330627,0.8341290950775146,0.8341180086135864,0.9996549487113953,3.0083243473200127e-05,3.0083243473200127e-05,0.9999948740005493,0.8122109770774841,0.8122077584266663
166.0,3.0,0.9995665550231934,3.109877434326336e-05,3.109877434326336e-05,0.9999948740005493,0.8308553099632263,0.8308430910110474,0.9996070861816406,3.3117230486823246e-05,3.3117230486823246e-05,0.9999956488609314,0.8253141641616821,0.8253141641616821
166.0,4.0,0.9995595812797546,3.135809674859047e-05,3.135809674859047e-05,0.9999952912330627,0.8253996968269348,0.8253878355026245,0.9996345639228821,3.207789268344641e-05,3.207789268344641e-05,0.9999945163726807,0.8471478223800659,0.8471459150314331
167.0,0.0,0.9995882511138916,3.188119444530457e-05,3.188119444530457e-05,0.9999948740005493,0.8258566856384277,0.8258411288261414,0.9995219111442566,3.000248034368269e-05,3.000248034368269e-05,0.9999964833259583,0.845276415348053,0.845289945602417
167.0,1.0,0.9996098279953003,3.132032725261524e-05,3.132032725261524e-05,0.9999949336051941,0.8324943780899048,0.8324962854385376,0.9994394183158875,3.223504972993396e-05,3.223504972993396e-05,0.9999954104423523,0.8187536597251892,0.818697988986969
167.0,2.0,0.999555766582489,3.1855921406531706e-05,3.1855921406531706e-05,0.9999949932098389,0.8341291546821594,0.8341178297996521,0.9996553063392639,3.0068076739553362e-05,3.0068076739553362e-05,0.9999948143959045,0.8122110366821289,0.8122077584266663
167.0,3.0,0.9995681643486023,3.1100928026717156e-05,3.1100928026717156e-05,0.9999948143959045,0.8308554291725159,0.8308431506156921,0.9996065497398376,3.312335684313439e-05,3.312335684313439e-05,0.9999956488609314,0.8253141045570374,0.8253144025802612
167.0,4.0,0.9995603561401367,3.136230952804908e-05,3.136230952804908e-05,0.9999954104423523,0.8253995776176453,0.8253883719444275,0.999635636806488,3.2069277949631214e-05,3.2069277949631214e-05,0.9999947547912598,0.847148597240448,0.8471463322639465
168.0,0.0,0.9995884299278259,3.187793481629342e-05,3.187793481629342e-05,0.9999949932098389,0.8258569836616516,0.8258416056632996,0.9995227456092834,3.0019324185559526e-05,3.0019324185559526e-05,0.9999964237213135,0.845276415348053,0.8452898859977722
168.0,1.0,0.9996083974838257,3.131986886728555e-05,3.131986886728555e-05,0.9999951124191284,0.8324945569038391,0.8324964642524719,0.9994411468505859,3.2237196137430146e-05,3.2237196137430146e-05,0.9999954104423523,0.8187536597251892,0.8186979293823242
168.0,2.0,0.9995546936988831,3.185716923326254e-05,3.185716923326254e-05,0.999995231628418,0.8341293334960938,0.8341180086135864,0.9996550679206848,3.00865631288616e-05,3.00865631288616e-05,0.9999948143959045,0.8122110366821289,0.8122077584266663
168.0,3.0,0.9995672106742859,3.110346005996689e-05,3.110346005996689e-05,0.9999949932098389,0.8308553099632263,0.8308431506156921,0.9996078014373779,3.3112079108832404e-05,3.3112079108832404e-05,0.9999955296516418,0.8253141641616821,0.8253141641616821
168.0,4.0,0.9995595216751099,3.1358838896267116e-05,3.1358838896267116e-05,0.9999953508377075,0.8253998160362244,0.8253883123397827,0.9996362924575806,3.207659028703347e-05,3.207659028703347e-05,0.9999943971633911,0.8471478223800659,0.8471458554267883
169.0,0.0,0.9995880126953125,3.187655602232553e-05,3.187655602232553e-05,0.9999949336051941,0.8258567452430725,0.8258411288261414,0.9995231032371521,3.0005805456312373e-05,3.0005805456312373e-05,0.9999964833259583,0.845276415348053,0.845289945602417
169.0,1.0,0.9996092319488525,3.1318872061092407e-05,3.1318872061092407e-05,0.9999949336051941,0.83249431848526,0.8324962258338928,0.9994406700134277,3.223788007744588e-05,3.223788007744588e-05,0.9999955296516418,0.8187536001205444,0.8186979293823242
169.0,2.0,0.9995546936988831,3.186052344972268e-05,3.186052344972268e-05,0.9999950528144836,0.834129273891449,0.8341176509857178,0.9996560215950012,3.0086104743531905e-05,3.0086104743531905e-05,0.9999948740005493,0.8122109770774841,0.812207818031311
169.0,3.0,0.9995665550231934,3.1100829801289365e-05,3.1100829801289365e-05,0.9999948143959045,0.8308561444282532,0.8308436274528503,0.9996076226234436,3.309907333459705e-05,3.309907333459705e-05,0.9999956488609314,0.8253141045570374,0.8253142237663269
169.0,4.0,0.9995607137680054,3.135502993245609e-05,3.135502993245609e-05,0.9999954104423523,0.8253996968269348,0.8253882527351379,0.9996358156204224,3.207117333658971e-05,3.207117333658971e-05,0.9999944567680359,0.8471478223800659,0.8471458554267883
170.0,0.0,0.9995892643928528,3.187329275533557e-05,3.187329275533557e-05,0.9999949336051941,0.8258566856384277,0.8258411884307861,0.99952232837677,3.001192817464471e-05,3.001192817464471e-05,0.9999964833259583,0.8452764749526978,0.845289945602417
170.0,1.0,0.9996088147163391,3.131647463305853e-05,3.131647463305853e-05,0.9999949336051941,0.83249431848526,0.832496166229248,0.9994417428970337,3.224458487238735e-05,3.224458487238735e-05,0.9999953508377075,0.8187536001205444,0.818697988986969
170.0,2.0,0.999555766582489,3.18534548569005e-05,3.18534548569005e-05,0.9999953508377075,0.834129273891449,0.8341180086135864,0.9996552467346191,3.007345185324084e-05,3.007345185324084e-05,0.9999949932098389,0.8122110366821289,0.8122077584266663
170.0,3.0,0.9995690584182739,3.1097715691430494e-05,3.1097715691430494e-05,0.9999948740005493,0.8308550119400024,0.8308430314064026,0.9996079206466675,3.311466934974305e-05,3.311466934974305e-05,0.9999955892562866,0.8253141641616821,0.8253142237663269
170.0,4.0,0.9995593428611755,3.135763108730316e-05,3.135763108730316e-05,0.999995231628418,0.82539963722229,0.8253881335258484,0.9996353387832642,3.2076117349788547e-05,3.2076117349788547e-05,0.9999948143959045,0.8471486568450928,0.8471463918685913
171.0,0.0,0.9995899200439453,3.188231130479835e-05,3.188231130479835e-05,0.9999948740005493,0.8258568644523621,0.8258414268493652,0.9995214343070984,3.0013397918082774e-05,3.0013397918082774e-05,0.9999964237213135,0.8452764749526978,0.845289945602417
171.0,1.0,0.9996095299720764,3.1311668863054365e-05,3.1311668863054365e-05,0.999995231628418,0.8324947953224182,0.8324962854385376,0.9994422793388367,3.223693784093484e-05,3.223693784093484e-05,0.9999954700469971,0.8187536001205444,0.818697988986969
171.0,2.0,0.9995549321174622,3.186428511980921e-05,3.186428511980921e-05,0.999995231628418,0.8341293334960938,0.8341178894042969,0.9996548891067505,3.007385203090962e-05,3.007385203090962e-05,0.9999948740005493,0.8122109770774841,0.8122077584266663
171.0,3.0,0.999567449092865,3.110031320829876e-05,3.110031320829876e-05,0.9999947547912598,0.8308554291725159,0.8308428525924683,0.9996071457862854,3.31161281792447e-05,3.31161281792447e-05,0.9999957084655762,0.8253141045570374,0.8253142237663269
171.0,4.0,0.9995610117912292,3.1359864806290716e-05,3.1359864806290716e-05,0.9999951124191284,0.82539963722229,0.8253882527351379,0.9996355175971985,3.206894689355977e-05,3.206894689355977e-05,0.9999945759773254,0.8471488356590271,0.8471463918685913
172.0,0.0,0.9995887875556946,3.1876126740826294e-05,3.1876126740826294e-05,0.9999948143959045,0.8258569240570068,0.8258413672447205,0.9995222687721252,3.0016593882464804e-05,3.0016593882464804e-05,0.9999964833259583,0.845276415348053,0.8452898859977722
172.0,1.0,0.9996095299720764,3.131766789010726e-05,3.131766789010726e-05,0.9999948143959045,0.8324943780899048,0.8324961066246033,0.9994405508041382,3.2239498978015035e-05,3.2239498978015035e-05,0.9999953508377075,0.8187536597251892,0.8186979293823242
172.0,2.0,0.9995559453964233,3.185439345543273e-05,3.185439345543273e-05,0.9999950528144836,0.8341293334960938,0.834118127822876,0.9996548295021057,3.0069990316405892e-05,3.0069990316405892e-05,0.9999949932098389,0.8122109770774841,0.8122076988220215
172.0,3.0,0.9995661973953247,3.110328907496296e-05,3.110328907496296e-05,0.999994695186615,0.8308550715446472,0.8308430314064026,0.9996074438095093,3.3108026400441304e-05,3.3108026400441304e-05,0.9999956488609314,0.8253141641616821,0.8253143429756165
172.0,4.0,0.9995595812797546,3.1362218578578904e-05,3.1362218578578904e-05,0.9999954700469971,0.82539963722229,0.8253882527351379,0.999636173248291,3.206574183423072e-05,3.206574183423072e-05,0.9999945163726807,0.8471478223800659,0.8471458554267883
173.0,0.0,0.9995890259742737,3.1883930205367506e-05,3.1883930205367506e-05,0.9999945163726807,0.8258565664291382,0.8258411884307861,0.999521017074585,3.001492950716056e-05,3.001492950716056e-05,0.9999964833259583,0.8452764749526978,0.8452898263931274
173.0,1.0,0.9996091723442078,3.131725316052325e-05,3.131725316052325e-05,0.9999949336051941,0.8324947953224182,0.8324963450431824,0.9994425773620605,3.224402098567225e-05,3.224402098567225e-05,0.9999955296516418,0.8187536597251892,0.8186979293823242
173.0,2.0,0.9995555877685547,3.1858475267654285e-05,3.1858475267654285e-05,0.999995231628418,0.8341293334960938,0.8341179490089417,0.9996556043624878,3.0078579584369436e-05,3.0078579584369436e-05,0.9999949336051941,0.8122110962867737,0.8122077584266663
173.0,3.0,0.9995666146278381,3.110029501840472e-05,3.110029501840472e-05,0.9999948740005493,0.8308551907539368,0.8308430910110474,0.9996071457862854,3.3111053198808804e-05,3.3111053198808804e-05,0.9999956488609314,0.8253141641616821,0.8253141641616821
173.0,4.0,0.9995615482330322,3.1360730645246804e-05,3.1360730645246804e-05,0.9999952912330627,0.8253996968269348,0.8253880143165588,0.9996362328529358,3.2071078749140725e-05,3.2071078749140725e-05,0.999994695186615,0.8471487760543823,0.8471463918685913
174.0,0.0,0.9995889067649841,3.187264519510791e-05,3.187264519510791e-05,0.9999947547912598,0.8258571028709412,0.8258416652679443,0.9995219111442566,3.0004975997144356e-05,3.0004975997144356e-05,0.9999964833259583,0.845276415348053,0.8452898859977722
174.0,1.0,0.9996093511581421,3.131473567918874e-05,3.131473567918874e-05,0.9999950528144836,0.8324946761131287,0.8324962854385376,0.9994423389434814,3.223765452275984e-05,3.223765452275984e-05,0.9999954104423523,0.8187536001205444,0.8186979293823242
174.0,2.0,0.9995566010475159,3.185669265803881e-05,3.185669265803881e-05,0.9999952912330627,0.8341293334960938,0.834118127822876,0.9996546506881714,3.0073289963183925e-05,3.0073289963183925e-05,0.9999948740005493,0.8122110366821289,0.812207818031311
174.0,3.0,0.9995676875114441,3.109852332272567e-05,3.109852332272567e-05,0.9999949336051941,0.8308550119400024,0.8308430314064026,0.9996070861816406,3.311717227916233e-05,3.311717227916233e-05,0.9999955892562866,0.8253141641616821,0.8253142237663269
174.0,4.0,0.9995599389076233,3.1360828870674595e-05,3.1360828870674595e-05,0.9999951124191284,0.8253997564315796,0.8253879547119141,0.9996355772018433,3.207436020602472e-05,3.207436020602472e-05,0.999994695186615,0.8471477627754211,0.8471458554267883
175.0,0.0,0.999588668346405,3.187162656104192e-05,3.187162656104192e-05,0.9999948143959045,0.8258565664291382,0.8258414268493652,0.9995222687721252,3.0000588594703004e-05,3.0000588594703004e-05,0.9999966025352478,0.8452764749526978,0.8452898859977722
175.0,1.0,0.9996098875999451,3.132257188553922e-05,3.132257188553922e-05,0.9999949932098389,0.8324947357177734,0.8324962854385376,0.9994422793388367,3.223827661713585e-05,3.223827661713585e-05,0.9999955296516418,0.8187536597251892,0.8186979293823242
175.0,2.0,0.999555766582489,3.186431058566086e-05,3.186431058566086e-05,0.999995231628418,0.8341290950775146,0.8341179490089417,0.9996549487113953,3.006963015650399e-05,3.006963015650399e-05,0.9999948143959045,0.8122110962867737,0.8122077584266663
175.0,3.0,0.9995670318603516,3.10991563310381e-05,3.10991563310381e-05,0.9999950528144836,0.8308554887771606,0.8308431506156921,0.9996078014373779,3.3110452932305634e-05,3.3110452932305634e-05,0.9999955892562866,0.8253141045570374,0.8253143429756165
175.0,4.0,0.999560534954071,3.136734085273929e-05,3.136734085273929e-05,0.9999954700469971,0.8253997564315796,0.8253881931304932,0.9996353387832642,3.206053952453658e-05,3.206053952453658e-05,0.9999945759773254,0.8471486568450928,0.8471463322639465
176.0,0.0,0.9995891451835632,3.187924448866397e-05,3.187924448866397e-05,0.9999945163726807,0.825856626033783,0.8258413672447205,0.9995210766792297,3.0020128178875893e-05,3.0020128178875893e-05,0.999996542930603,0.8452764749526978,0.8452898859977722
176.0,1.0,0.9996090531349182,3.13114833261352e-05,3.13114833261352e-05,0.9999951124191284,0.8324945569038391,0.8324964046478271,0.9994404315948486,3.224050306016579e-05,3.224050306016579e-05,0.9999955296516418,0.8187536597251892,0.818697988986969
176.0,2.0,0.9995548129081726,3.185486275469884e-05,3.185486275469884e-05,0.9999951124191284,0.8341290950775146,0.8341178297996521,0.9996553659439087,3.0072469598962925e-05,3.0072469598962925e-05,0.9999949932098389,0.8122110366821289,0.812207818031311
176.0,3.0,0.9995669722557068,3.109570752712898e-05,3.109570752712898e-05,0.9999948740005493,0.8308548927307129,0.8308430910110474,0.9996078610420227,3.3104985050158575e-05,3.3104985050158575e-05,0.9999957084655762,0.8253141045570374,0.8253142237663269
176.0,4.0,0.9995604753494263,3.135650695185177e-05,3.135650695185177e-05,0.9999951124191284,0.8253996968269348,0.8253881335258484,0.9996361136436462,3.2065025152405724e-05,3.2065025152405724e-05,0.9999945163726807,0.8471477627754211,0.8471458554267883
177.0,0.0,0.9995895028114319,3.187557740602642e-05,3.187557740602642e-05,0.9999947547912598,0.8258569240570068,0.8258411288261414,0.9995218515396118,3.002357334480621e-05,3.002357334480621e-05,0.999996542930603,0.845276415348053,0.8452898263931274
177.0,1.0,0.9996097087860107,3.1319737900048494e-05,3.1319737900048494e-05,0.9999949336051941,0.8324944972991943,0.8324962258338928,0.9994427561759949,3.224384636268951e-05,3.224384636268951e-05,0.9999954700469971,0.8187536597251892,0.8186980485916138
177.0,2.0,0.9995559453964233,3.186157118761912e-05,3.186157118761912e-05,0.9999952912330627,0.8341291546821594,0.834118127822876,0.9996554851531982,3.007273335242644e-05,3.007273335242644e-05,0.9999949336051941,0.8122109770774841,0.8122077584266663
177.0,3.0,0.9995661377906799,3.1105482776183635e-05,3.1105482776183635e-05,0.9999949336051941,0.8308553695678711,0.8308433890342712,0.9996078610420227,3.310746615170501e-05,3.310746615170501e-05,0.9999955296516418,0.8253141045570374,0.8253142237663269
177.0,4.0,0.9995599985122681,3.1354149541584775e-05,3.1354149541584775e-05,0.9999952912330627,0.82539963722229,0.8253881931304932,0.9996356964111328,3.207178087905049e-05,3.207178087905049e-05,0.9999944567680359,0.8471478223800659,0.8471457958221436
178.0,0.0,0.9995899200439453,3.187125184922479e-05,3.187125184922479e-05,0.9999948143959045,0.8258569240570068,0.8258413672447205,0.9995222687721252,3.0010469345143065e-05,3.0010469345143065e-05,0.9999964833259583,0.845276415348053,0.8452898859977722
178.0,1.0,0.9996088147163391,3.1319275876739994e-05,3.1319275876739994e-05,0.9999951124191284,0.8324945569038391,0.8324964642524719,0.9994434118270874,3.2227853807853535e-05,3.2227853807853535e-05,0.9999954700469971,0.8187534809112549,0.8186979293823242
178.0,2.0,0.9995555877685547,3.1855808629188687e-05,3.1855808629188687e-05,0.999995231628418,0.8341298699378967,0.8341182470321655,0.9996548295021057,3.006716724485159e-05,3.006716724485159e-05,0.9999949932098389,0.8122110366821289,0.8122077584266663
178.0,3.0,0.9995678663253784,3.1101219065021724e-05,3.1101219065021724e-05,0.9999948740005493,0.8308551907539368,0.8308430314064026,0.9996070265769958,3.310941974632442e-05,3.310941974632442e-05,0.9999955892562866,0.8253141641616821,0.8253141045570374
178.0,4.0,0.9995604157447815,3.136351006105542e-05,3.136351006105542e-05,0.9999954104423523,0.82539963722229,0.8253881931304932,0.9996354579925537,3.206951078027487e-05,3.206951078027487e-05,0.9999949336051941,0.847149670124054,0.8471466898918152
179.0,0.0,0.999589204788208,3.1880405003903434e-05,3.1880405003903434e-05,0.9999949336051941,0.8258568644523621,0.8258414268493652,0.9995212554931641,3.002049561473541e-05,3.002049561473541e-05,0.9999964833259583,0.8452764749526978,0.8452898859977722
179.0,1.0,0.9996090531349182,3.132500933133997e-05,3.132500933133997e-05,0.9999948143959045,0.8324946165084839,0.8324964642524719,0.9994394779205322,3.223752719350159e-05,3.223752719350159e-05,0.9999954700469971,0.8187536001205444,0.818697988986969
179.0,2.0,0.9995554685592651,3.185703099006787e-05,3.185703099006787e-05,0.9999951124191284,0.8341292142868042,0.8341180086135864,0.9996540546417236,3.00816391245462e-05,3.00816391245462e-05,0.9999948740005493,0.8122110962867737,0.8122076988220215
179.0,3.0,0.9995670318603516,3.109932367806323e-05,3.109932367806323e-05,0.9999949336051941,0.8308552503585815,0.8308430314064026,0.9996073246002197,3.310984175186604e-05,3.310984175186604e-05,0.9999955892562866,0.8253141641616821,0.8253143429756165
179.0,4.0,0.9995589256286621,3.135862061753869e-05,3.135862061753869e-05,0.9999956488609314,0.8253996968269348,0.8253882527351379,0.9996359348297119,3.20612161885947e-05,3.20612161885947e-05,0.9999948143959045,0.847149670124054,0.8471466302871704
180.0,0.0,0.9995885491371155,3.187507172697224e-05,3.187507172697224e-05,0.9999949932098389,0.8258571028709412,0.8258413672447205,0.9995205998420715,3.0005539883859456e-05,3.0005539883859456e-05,0.9999964237213135,0.8452764749526978,0.8452898859977722
180.0,1.0,0.9996094703674316,3.1313480576500297e-05,3.1313480576500297e-05,0.9999952912330627,0.8324945569038391,0.8324967622756958,0.999440610408783,3.2237760024145246e-05,3.2237760024145246e-05,0.9999954700469971,0.8187536597251892,0.8186979293823242
180.0,2.0,0.9995546936988831,3.185765672242269e-05,3.185765672242269e-05,0.999995231628418,0.834129273891449,0.8341179490089417,0.9996556639671326,3.0067036277614534e-05,3.0067036277614534e-05,0.9999948740005493,0.8122110366821289,0.8122077584266663
180.0,3.0,0.9995675683021545,3.1101768399821594e-05,3.1101768399821594e-05,0.9999951124191284,0.8308554291725159,0.830843448638916,0.9996069073677063,3.3120584703283384e-05,3.3120584703283384e-05,0.9999955892562866,0.8253141641616821,0.8253144025802612
180.0,4.0,0.9995603561401367,3.136250234092586e-05,3.136250234092586e-05,0.9999951124191284,0.8253998160362244,0.8253883123397827,0.9996353983879089,3.207702320651151e-05,3.207702320651151e-05,0.9999945759773254,0.8471477627754211,0.8471458554267883
181.0,0.0,0.9995887875556946,3.1875213608145714e-05,3.1875213608145714e-05,0.9999951124191284,0.8258568644523621,0.8258413076400757,0.9995213747024536,3.0017134122317657e-05,3.0017134122317657e-05,0.9999964237213135,0.8452764749526978,0.8452898263931274
181.0,1.0,0.9996088147163391,3.1320312700700015e-05,3.1320312700700015e-05,0.9999952912330627,0.8324949145317078,0.8324963450431824,0.999438464641571,3.224033207516186e-05,3.224033207516186e-05,0.9999955892562866,0.8187560439109802,0.8186991214752197
181.0,2.0,0.9995555281639099,3.18628444802016e-05,3.18628444802016e-05,0.9999952912330627,0.8341293334960938,0.8341178894042969,0.9996551871299744,3.006895713042468e-05,3.006895713042468e-05,0.9999949336051941,0.8122110366821289,0.8122077584266663
181.0,3.0,0.9995676875114441,3.10979739879258e-05,3.10979739879258e-05,0.9999948740005493,0.8308553099632263,0.8308430314064026,0.9996079206466675,3.3106072805821896e-05,3.3106072805821896e-05,0.9999954700469971,0.8253141641616821,0.8253141641616821
181.0,4.0,0.9995600581169128,3.136080704280175e-05,3.136080704280175e-05,0.9999953508377075,0.8254002928733826,0.8253885507583618,0.999635636806488,3.2071555324364454e-05,3.2071555324364454e-05,0.9999947547912598,0.8471487164497375,0.8471463918685913
182.0,0.0,0.9995896816253662,3.187518086633645e-05,3.187518086633645e-05,0.999994695186615,0.8258571624755859,0.8258416056632996,0.99952232837677,3.0013961804797873e-05,3.0013961804797873e-05,0.999996542930603,0.8452764749526978,0.8452898263931274
182.0,1.0,0.9996097683906555,3.132229539914988e-05,3.132229539914988e-05,0.9999951124191284,0.8324946165084839,0.8324965834617615,0.9994410872459412,3.224451938876882e-05,3.224451938876882e-05,0.9999954700469971,0.8187536001205444,0.818697988986969
182.0,2.0,0.9995542764663696,3.186169487889856e-05,3.186169487889856e-05,0.9999953508377075,0.8341293334960938,0.8341180086135864,0.9996548891067505,3.008908788615372e-05,3.008908788615372e-05,0.9999949932098389,0.8122109770774841,0.8122077584266663
182.0,3.0,0.9995678067207336,3.11033109028358e-05,3.11033109028358e-05,0.9999948740005493,0.8308551907539368,0.8308431506156921,0.9996083974838257,3.3102969609899446e-05,3.3102969609899446e-05,0.9999957084655762,0.8253141045570374,0.8253142237663269
182.0,4.0,0.999559760093689,3.1358478736365214e-05,3.1358478736365214e-05,0.9999950528144836,0.82539963722229,0.8253882527351379,0.9996365904808044,3.2069565349956974e-05,3.2069565349956974e-05,0.999994695186615,0.8471487760543823,0.8471463322639465
183.0,0.0,0.9995887279510498,3.1872936233412474e-05,3.1872936233412474e-05,0.999994695186615,0.825856626033783,0.8258411884307861,0.9995219707489014,3.0003604479134083e-05,3.0003604479134083e-05,0.9999964833259583,0.845276415348053,0.845289945602417
183.0,1.0,0.9996097087860107,3.131620542262681e-05,3.131620542262681e-05,0.999995231628418,0.8324943780899048,0.8324963450431824,0.999442458152771,3.223507883376442e-05,3.223507883376442e-05,0.9999955296516418,0.818753719329834,0.818697988986969
183.0,2.0,0.9995558261871338,3.186132016708143e-05,3.186132016708143e-05,0.9999949932098389,0.8341291546821594,0.8341177701950073,0.9996550679206848,3.0082179364399053e-05,3.0082179364399053e-05,0.9999948143959045,0.8122110366821289,0.8122077584266663
183.0,3.0,0.9995673298835754,3.110065154032782e-05,3.110065154032782e-05,0.9999950528144836,0.8308551907539368,0.8308430910110474,0.9996078014373779,3.311350883450359e-05,3.311350883450359e-05,0.9999957084655762,0.8253141045570374,0.8253143429756165
183.0,4.0,0.9995607733726501,3.135867154924199e-05,3.135867154924199e-05,0.9999955296516418,0.8253996968269348,0.8253882527351379,0.9996359348297119,3.206515248166397e-05,3.206515248166397e-05,0.999994695186615,0.8471488356590271,0.8471463918685913
184.0,0.0,0.9995895028114319,3.187499532941729e-05,3.187499532941729e-05,0.9999948740005493,0.825856626033783,0.8258411288261414,0.9995214343070984,3.0009956390131265e-05,3.0009956390131265e-05,0.999996542930603,0.845276415348053,0.8452898859977722
184.0,1.0,0.9996094703674316,3.1317860702984035e-05,3.1317860702984035e-05,0.9999949932098389,0.8324945569038391,0.8324962854385376,0.9994416832923889,3.2240925065707415e-05,3.2240925065707415e-05,0.9999954700469971,0.8187536001205444,0.818697988986969
184.0,2.0,0.9995550513267517,3.185933383065276e-05,3.185933383065276e-05,0.9999954700469971,0.8341293334960938,0.8341180086135864,0.9996547698974609,3.0073100788285956e-05,3.0073100788285956e-05,0.9999950528144836,0.8122110366821289,0.8122077584266663
184.0,3.0,0.9995678067207336,3.109953104285523e-05,3.109953104285523e-05,0.9999952912330627,0.8308554887771606,0.8308433890342712,0.9996069073677063,3.311011823825538e-05,3.311011823825538e-05,0.9999956488609314,0.8253141045570374,0.8253142237663269
184.0,4.0,0.9995590448379517,3.135993392788805e-05,3.135993392788805e-05,0.9999951124191284,0.8253997564315796,0.8253880143165588,0.9996355772018433,3.206735345884226e-05,3.206735345884226e-05,0.9999945759773254,0.8471477627754211,0.8471458554267883
185.0,0.0,0.9995881915092468,3.187416587024927e-05,3.187416587024927e-05,0.999994695186615,0.8258572220802307,0.8258416056632996,0.9995231628417969,3.0019220503163524e-05,3.0019220503163524e-05,0.999996542930603,0.845276415348053,0.8452898263931274
185.0,1.0,0.9996103048324585,3.1317660614149645e-05,3.1317660614149645e-05,0.9999951124191284,0.8324944376945496,0.8324962854385376,0.9994403719902039,3.224261672585271e-05,3.224261672585271e-05,0.9999954104423523,0.8187536001205444,0.818697988986969
185.0,2.0,0.9995548725128174,3.1857111025601625e-05,3.1857111025601625e-05,0.9999950528144836,0.834129273891449,0.8341182470321655,0.9996547698974609,3.0078414056333713e-05,3.0078414056333713e-05,0.9999948143959045,0.8122109770774841,0.8122077584266663
185.0,3.0,0.999566912651062,3.1093375582713634e-05,3.1093375582713634e-05,0.9999950528144836,0.8308550715446472,0.830842912197113,0.9996068477630615,3.311732871225104e-05,3.311732871225104e-05,0.9999955892562866,0.8253141045570374,0.8253143429756165
185.0,4.0,0.9995598793029785,3.1361203582491726e-05,3.1361203582491726e-05,0.9999951124191284,0.8253997564315796,0.8253882527351379,0.9996362924575806,3.206076507922262e-05,3.206076507922262e-05,0.999994695186615,0.8471487760543823,0.8471463918685913
186.0,0.0,0.9995884895324707,3.187188121955842e-05,3.187188121955842e-05,0.9999949336051941,0.8258571028709412,0.8258416056632996,0.9995210766792297,3.0016000891919248e-05,3.0016000891919248e-05,0.9999966025352478,0.845276415348053,0.8452898859977722
186.0,1.0,0.9996087551116943,3.131548874080181e-05,3.131548874080181e-05,0.9999952912330627,0.8324945569038391,0.8324964046478271,0.9994395971298218,3.224623651476577e-05,3.224623651476577e-05,0.9999954700469971,0.8187534809112549,0.818697988986969
186.0,2.0,0.9995546936988831,3.185838431818411e-05,3.185838431818411e-05,0.9999954104423523,0.8341298699378967,0.8341183066368103,0.9996549487113953,3.0080211217864417e-05,3.0080211217864417e-05,0.9999948740005493,0.8122110962867737,0.812207818031311
186.0,3.0,0.9995675683021545,3.109590397798456e-05,3.109590397798456e-05,0.9999951124191284,0.8308550715446472,0.8308430910110474,0.9996082186698914,3.3102984161814675e-05,3.3102984161814675e-05,0.9999957084655762,0.8253142237663269,0.8253142237663269
186.0,4.0,0.9995598196983337,3.136021041427739e-05,3.136021041427739e-05,0.999995231628418,0.8253996968269348,0.8253880143165588,0.9996356964111328,3.2084462873172015e-05,3.2084462873172015e-05,0.9999944567680359,0.8471477627754211,0.8471457958221436
187.0,0.0,0.999588131904602,3.187716720276512e-05,3.187716720276512e-05,0.9999949336051941,0.8258569836616516,0.8258414268493652,0.9995220899581909,3.0021416023373604e-05,3.0021416023373604e-05,0.9999964833259583,0.8452764749526978,0.845289945602417
187.0,1.0,0.9996093511581421,3.131647827103734e-05,3.131647827103734e-05,0.9999951124191284,0.8324946165084839,0.8324964642524719,0.9994378685951233,3.223437306587584e-05,3.223437306587584e-05,0.9999957084655762,0.8187559247016907,0.818699061870575
187.0,2.0,0.9995546340942383,3.185557943652384e-05,3.185557943652384e-05,0.9999950528144836,0.8341293334960938,0.8341184258460999,0.9996548891067505,3.0070797947701067e-05,3.0070797947701067e-05,0.9999949932098389,0.8122110962867737,0.8122077584266663
187.0,3.0,0.9995679259300232,3.1101542845135555e-05,3.1101542845135555e-05,0.999995231628418,0.8308555483818054,0.8308430910110474,0.9996076226234436,3.311015461804345e-05,3.311015461804345e-05,0.9999956488609314,0.8253141641616821,0.8253143429756165
187.0,4.0,0.9995601177215576,3.1358616979559883e-05,3.1358616979559883e-05,0.999995231628418,0.8253996968269348,0.8253882527351379,0.9996351599693298,3.206608380423859e-05,3.206608380423859e-05,0.9999948143959045,0.8471495509147644,0.8471468091011047
188.0,0.0,0.9995890855789185,3.187266338500194e-05,3.187266338500194e-05,0.9999949336051941,0.8258577585220337,0.8258416652679443,0.9995213150978088,3.000974356837105e-05,3.000974356837105e-05,0.9999964237213135,0.845276415348053,0.8452900648117065
188.0,1.0,0.9996090531349182,3.131334233330563e-05,3.131334233330563e-05,0.9999950528144836,0.8324945569038391,0.8324962854385376,0.9994408488273621,3.224658939871006e-05,3.224658939871006e-05,0.9999953508377075,0.8187536001205444,0.8186980485916138
188.0,2.0,0.9995552897453308,3.185680543538183e-05,3.185680543538183e-05,0.9999949932098389,0.8341293334960938,0.8341178297996521,0.9996556639671326,3.00747142318869e-05,3.00747142318869e-05,0.9999949336051941,0.8122110366821289,0.8122077584266663
188.0,3.0,0.999567449092865,3.1101531931199133e-05,3.1101531931199133e-05,0.9999951124191284,0.8308553099632263,0.8308433294296265,0.9996083378791809,3.3098316635005176e-05,3.3098316635005176e-05,0.9999956488609314,0.8253141641616821,0.8253142237663269
188.0,4.0,0.9995604753494263,3.13628843287006e-05,3.13628843287006e-05,0.9999954700469971,0.8253997564315796,0.8253882527351379,0.9996364116668701,3.2077758078230545e-05,3.2077758078230545e-05,0.999994695186615,0.8471486568450928,0.8471462726593018
189.0,0.0,0.9995887279510498,3.1876050343271345e-05,3.1876050343271345e-05,0.9999947547912598,0.8258569836616516,0.8258414268493652,0.9995208978652954,3.0022145438124426e-05,3.0022145438124426e-05,0.9999964833259583,0.8452764749526978,0.845289945602417
189.0,1.0,0.9996081590652466,3.1320989364758134e-05,3.1320989364758134e-05,0.9999952912330627,0.8324946165084839,0.8324962258338928,0.9994416236877441,3.224660031264648e-05,3.224660031264648e-05,0.9999954700469971,0.8187536001205444,0.818697988986969
189.0,2.0,0.9995554089546204,3.185671812389046e-05,3.185671812389046e-05,0.9999951124191284,0.8341293931007385,0.834118127822876,0.9996549487113953,3.0085777325439267e-05,3.0085777325439267e-05,0.9999948740005493,0.8122110366821289,0.8122077584266663
189.0,3.0,0.9995665550231934,3.109873796347529e-05,3.109873796347529e-05,0.9999951124191284,0.8308552503585815,0.8308431506156921,0.9996070861816406,3.311347609269433e-05,3.311347609269433e-05,0.9999955892562866,0.8253142237663269,0.8253142237663269
189.0,4.0,0.9995604753494263,3.136497252853587e-05,3.136497252853587e-05,0.999995231628418,0.8253997564315796,0.8253880143165588,0.9996368288993835,3.2065199775388464e-05,3.2065199775388464e-05,0.9999947547912598,0.847148597240448,0.8471462726593018
190.0,0.0,0.9995887875556946,3.187635957146995e-05,3.187635957146995e-05,0.9999948740005493,0.8258573412895203,0.8258416056632996,0.9995211362838745,3.0017041353858076e-05,3.0017041353858076e-05,0.9999966621398926,0.8452764749526978,0.8452898263931274
190.0,1.0,0.9996082782745361,3.131596895400435e-05,3.131596895400435e-05,0.9999949336051941,0.8324944376945496,0.8324960470199585,0.9994422793388367,3.2241263397736475e-05,3.2241263397736475e-05,0.9999954104423523,0.8187536597251892,0.8186979293823242
190.0,2.0,0.9995549917221069,3.186082903994247e-05,3.186082903994247e-05,0.9999951124191284,0.834129273891449,0.8341181874275208,0.9996554255485535,3.008856947417371e-05,3.008856947417371e-05,0.9999949336051941,0.8122110962867737,0.8122077584266663
190.0,3.0,0.9995680451393127,3.1101430067792535e-05,3.1101430067792535e-05,0.9999948740005493,0.8308553099632263,0.8308430314064026,0.999608039855957,3.310939428047277e-05,3.310939428047277e-05,0.9999956488609314,0.8253141641616821,0.8253143429756165
190.0,4.0,0.9995607137680054,3.1360028515337035e-05,3.1360028515337035e-05,0.9999951124191284,0.82539963722229,0.8253882527351379,0.9996353983879089,3.208410998922773e-05,3.208410998922773e-05,0.9999944567680359,0.8471478223800659,0.8471458554267883
191.0,0.0,0.9995887875556946,3.187555557815358e-05,3.187555557815358e-05,0.9999948143959045,0.8258566856384277,0.8258412480354309,0.9995213150978088,3.0013527066330425e-05,3.0013527066330425e-05,0.9999964237213135,0.8452764749526978,0.845289945602417
191.0,1.0,0.9996087551116943,3.1320811103796586e-05,3.1320811103796586e-05,0.9999949932098389,0.8324943780899048,0.832496166229248,0.9994404315948486,3.224973625037819e-05,3.224973625037819e-05,0.9999955296516418,0.8187536597251892,0.818697988986969
191.0,2.0,0.9995556473731995,3.185677996953018e-05,3.185677996953018e-05,0.9999951124191284,0.8341292142868042,0.834118127822876,0.9996548891067505,3.0085544494795613e-05,3.0085544494795613e-05,0.9999949932098389,0.8122110366821289,0.8122077584266663
191.0,3.0,0.9995679259300232,3.110226316493936e-05,3.110226316493936e-05,0.9999949336051941,0.8308550715446472,0.8308429718017578,0.9996081590652466,3.310809552203864e-05,3.310809552203864e-05,0.9999956488609314,0.8253141045570374,0.8253143429756165
191.0,4.0,0.9995601177215576,3.13608325086534e-05,3.13608325086534e-05,0.999995231628418,0.8253996968269348,0.8253883719444275,0.999635636806488,3.207709960406646e-05,3.207709960406646e-05,0.9999944567680359,0.8471477627754211,0.8471458554267883
192.0,0.0,0.9995889067649841,3.1877923902357e-05,3.1877923902357e-05,0.9999948740005493,0.8258567452430725,0.8258413672447205,0.9995219707489014,3.001457116624806e-05,3.001457116624806e-05,0.999996542930603,0.8452764749526978,0.8452898859977722
192.0,1.0,0.9996088743209839,3.1320036214310676e-05,3.1320036214310676e-05,0.9999948740005493,0.8324945569038391,0.8324964046478271,0.9994410276412964,3.224588363082148e-05,3.224588363082148e-05,0.9999953508377075,0.8187536001205444,0.818697988986969
192.0,2.0,0.9995542168617249,3.185496461810544e-05,3.185496461810544e-05,0.9999953508377075,0.8341293931007385,0.8341183066368103,0.9996553659439087,3.0079112548264675e-05,3.0079112548264675e-05,0.9999947547912598,0.8122110366821289,0.812207818031311
192.0,3.0,0.9995665550231934,3.109921090072021e-05,3.109921090072021e-05,0.9999949932098389,0.8308550119400024,0.8308430314064026,0.9996076226234436,3.3099317079177126e-05,3.3099317079177126e-05,0.9999956488609314,0.8253141641616821,0.8253142237663269
192.0,4.0,0.9995599985122681,3.136328450636938e-05,3.136328450636938e-05,0.9999952912330627,0.8253997564315796,0.8253880143165588,0.9996359348297119,3.205881148460321e-05,3.205881148460321e-05,0.9999943971633911,0.8471477627754211,0.8471459150314331
193.0,0.0,0.9995881915092468,3.187167749274522e-05,3.187167749274522e-05,0.9999947547912598,0.8258568644523621,0.8258412480354309,0.9995215535163879,3.0013696232344955e-05,3.0013696232344955e-05,0.9999964833259583,0.8452764749526978,0.845289945602417
193.0,1.0,0.9996083974838257,3.131964695057832e-05,3.131964695057832e-05,0.9999950528144836,0.8324946165084839,0.8324964046478271,0.9994404911994934,3.2243238820228726e-05,3.2243238820228726e-05,0.9999954700469971,0.8187536001205444,0.818697988986969
193.0,2.0,0.9995546340942383,3.185196328558959e-05,3.185196328558959e-05,0.9999951124191284,0.8341293334960938,0.8341181874275208,0.9996554255485535,3.0086444894550368e-05,3.0086444894550368e-05,0.9999948143959045,0.8122110366821289,0.8122076392173767
193.0,3.0,0.999567449092865,3.1098752515390515e-05,3.1098752515390515e-05,0.9999948740005493,0.8308550715446472,0.8308432698249817,0.9996074438095093,3.3107775379903615e-05,3.3107775379903615e-05,0.9999956488609314,0.8253141641616821,0.8253141641616821
193.0,4.0,0.9995599389076233,3.136542727588676e-05,3.136542727588676e-05,0.9999952912330627,0.8253996968269348,0.8253883123397827,0.9996359944343567,3.2066538551589474e-05,3.2066538551589474e-05,0.999994695186615,0.847148597240448,0.8471463322639465
194.0,0.0,0.9995896816253662,3.1876239518169314e-05,3.1876239518169314e-05,0.9999950528144836,0.8258567452430725,0.82584148645401,0.9995217323303223,3.0013461582711898e-05,3.0013461582711898e-05,0.999996542930603,0.845276415348053,0.8452898263931274
194.0,1.0,0.9996088743209839,3.1317071261582896e-05,3.1317071261582896e-05,0.9999951124191284,0.8324945569038391,0.8324963450431824,0.9994404315948486,3.2250383810605854e-05,3.2250383810605854e-05,0.9999955892562866,0.8187559843063354,0.8186991810798645
194.0,2.0,0.9995555281639099,3.186096000717953e-05,3.186096000717953e-05,0.9999950528144836,0.8341293931007385,0.8341179490089417,0.9996547102928162,3.0085053367656656e-05,3.0085053367656656e-05,0.9999949336051941,0.8122110366821289,0.812207818031311
194.0,3.0,0.9995679259300232,3.110344914603047e-05,3.110344914603047e-05,0.9999947547912598,0.8308552503585815,0.830842912197113,0.9996075630187988,3.310577085358091e-05,3.310577085358091e-05,0.9999956488609314,0.8253141641616821,0.8253142237663269
194.0,4.0,0.9995610117912292,3.135891893180087e-05,3.135891893180087e-05,0.9999953508377075,0.8253998756408691,0.8253883123397827,0.9996352791786194,3.206089240848087e-05,3.206089240848087e-05,0.9999948740005493,0.8471486568450928,0.8471462726593018
195.0,0.0,0.999589204788208,3.186996764270589e-05,3.186996764270589e-05,0.999994695186615,0.8258569240570068,0.8258414268493652,0.9995207786560059,3.0017559765838087e-05,3.0017559765838087e-05,0.9999964833259583,0.845276415348053,0.845289945602417
195.0,1.0,0.9996098279953003,3.1319275876739994e-05,3.1319275876739994e-05,0.9999949932098389,0.8324944972991943,0.8324962854385376,0.9994387030601501,3.224006650270894e-05,3.224006650270894e-05,0.9999954104423523,0.8187534809112549,0.818697988986969
195.0,2.0,0.9995550513267517,3.18580205203034e-05,3.18580205203034e-05,0.9999951124191284,0.8341293334960938,0.8341181874275208,0.9996556043624878,3.007386658282485e-05,3.007386658282485e-05,0.9999949336051941,0.8122109770774841,0.8122077584266663
195.0,3.0,0.9995673298835754,3.1100829801289365e-05,3.1100829801289365e-05,0.9999950528144836,0.8308553099632263,0.8308433294296265,0.9996078014373779,3.311084219603799e-05,3.311084219603799e-05,0.9999957084655762,0.8253141641616821,0.8253142237663269
195.0,4.0,0.9995602965354919,3.135833685519174e-05,3.135833685519174e-05,0.9999953508377075,0.8253996968269348,0.8253883719444275,0.9996358752250671,3.2070463930722326e-05,3.2070463930722326e-05,0.9999945759773254,0.847148597240448,0.8471463322639465
196.0,0.0,0.999588668346405,3.187962283845991e-05,3.187962283845991e-05,0.9999947547912598,0.825856626033783,0.8258411884307861,0.9995226860046387,3.0028271794435568e-05,3.0028271794435568e-05,0.9999964833259583,0.8452764749526978,0.8452897667884827
196.0,1.0,0.9996084570884705,3.131814082735218e-05,3.131814082735218e-05,0.9999947547912598,0.8324943780899048,0.8324960470199585,0.9994398355484009,3.224043393856846e-05,3.224043393856846e-05,0.9999954700469971,0.8187536001205444,0.8186979293823242
196.0,2.0,0.9995548129081726,3.1859326554695144e-05,3.1859326554695144e-05,0.9999952912330627,0.8341291546821594,0.8341178894042969,0.9996554255485535,3.007482700922992e-05,3.007482700922992e-05,0.9999948143959045,0.8122110366821289,0.8122076988220215
196.0,3.0,0.999567449092865,3.110112447757274e-05,3.110112447757274e-05,0.9999948143959045,0.8308553695678711,0.8308430314064026,0.9996070265769958,3.312017724965699e-05,3.312017724965699e-05,0.9999959468841553,0.8253141641616821,0.8253146409988403
196.0,4.0,0.9995594024658203,3.135779843432829e-05,3.135779843432829e-05,0.9999951124191284,0.8253996968269348,0.8253883719444275,0.9996359944343567,3.207207191735506e-05,3.207207191735506e-05,0.9999944567680359,0.8471478223800659,0.8471459150314331
197.0,0.0,0.9995895624160767,3.187580659869127e-05,3.187580659869127e-05,0.9999947547912598,0.8258566856384277,0.8258410692214966,0.9995208978652954,3.001092773047276e-05,3.001092773047276e-05,0.999996542930603,0.8452764749526978,0.8452898859977722
197.0,1.0,0.9996088147163391,3.131835183012299e-05,3.131835183012299e-05,0.9999951124191284,0.8324943780899048,0.8324963450431824,0.9994418621063232,3.2248153729597107e-05,3.2248153729597107e-05,0.9999954104423523,0.8187536001205444,0.818697988986969
197.0,2.0,0.9995555281639099,3.186417234246619e-05,3.186417234246619e-05,0.9999951124191284,0.8341291546821594,0.8341179490089417,0.9996553659439087,3.0071767469053157e-05,3.0071767469053157e-05,0.9999949336051941,0.8122110962867737,0.812207818031311
197.0,3.0,0.9995675086975098,3.110185934929177e-05,3.110185934929177e-05,0.9999948740005493,0.8308551907539368,0.8308429718017578,0.999606728553772,3.312120315968059e-05,3.312120315968059e-05,0.9999957084655762,0.8253141641616821,0.8253142237663269
197.0,4.0,0.9995595216751099,3.135965744149871e-05,3.135965744149871e-05,0.999995231628418,0.8253996968269348,0.8253883123397827,0.9996364116668701,3.207002373528667e-05,3.207002373528667e-05,0.9999943971633911,0.8471478223800659,0.8471458554267883
198.0,0.0,0.999590277671814,3.187833135598339e-05,3.187833135598339e-05,0.9999947547912598,0.8258565068244934,0.8258411288261414,0.9995228052139282,3.0013721698196605e-05,3.0013721698196605e-05,0.9999964237213135,0.845276415348053,0.8452898859977722
198.0,1.0,0.9996095299720764,3.131493576802313e-05,3.131493576802313e-05,0.9999950528144836,0.8324944376945496,0.8324962854385376,0.9994422793388367,3.2244002795778215e-05,3.2244002795778215e-05,0.9999954700469971,0.8187536001205444,0.818697988986969
198.0,2.0,0.9995561838150024,3.185973400832154e-05,3.185973400832154e-05,0.9999951124191284,0.8341291546821594,0.8341179490089417,0.9996552467346191,3.0085042453720234e-05,3.0085042453720234e-05,0.9999948740005493,0.8122110962867737,0.812207818031311
198.0,3.0,0.9995684623718262,3.110240140813403e-05,3.110240140813403e-05,0.9999949932098389,0.8308549523353577,0.8308430314064026,0.9996075630187988,3.311518958071247e-05,3.311518958071247e-05,0.9999958276748657,0.8253141641616821,0.8253147006034851
198.0,4.0,0.9995599985122681,3.136666418868117e-05,3.136666418868117e-05,0.9999953508377075,0.8253996968269348,0.8253884315490723,0.9996377229690552,3.206237670383416e-05,3.206237670383416e-05,0.9999945163726807,0.8471478223800659,0.8471458554267883
199.0,0.0,0.9995890259742737,3.187367110513151e-05,3.187367110513151e-05,0.9999945759773254,0.8258566856384277,0.8258412480354309,0.9995226860046387,3.002001358254347e-05,3.002001358254347e-05,0.999996542930603,0.845276415348053,0.8452898859977722
199.0,1.0,0.999610185623169,3.1314106308855116e-05,3.1314106308855116e-05,0.9999949932098389,0.8324946165084839,0.8324961066246033,0.9994409680366516,3.2246865885099396e-05,3.2246865885099396e-05,0.9999954700469971,0.8187536597251892,0.818697988986969
199.0,2.0,0.9995551109313965,3.185830428265035e-05,3.185830428265035e-05,0.9999951124191284,0.8341293334960938,0.8341183066368103,0.9996553659439087,3.0068755222600885e-05,3.0068755222600885e-05,0.9999948143959045,0.8122110962867737,0.8122077584266663
199.0,3.0,0.9995675683021545,3.10994619212579e-05,3.10994619212579e-05,0.999995231628418,0.8308555483818054,0.8308433294296265,0.9996073842048645,3.311508407932706e-05,3.311508407932706e-05,0.9999955892562866,0.8253141045570374,0.8253143429756165
199.0,4.0,0.9995604753494263,3.13628333969973e-05,3.13628333969973e-05,0.9999950528144836,0.8253996968269348,0.8253879547119141,0.9996351003646851,3.207027111784555e-05,3.207027111784555e-05,0.9999948740005493,0.8471495509147644,0.8471468091011047
